,OBJECTID,ACCIDENTNUM,ACCIDENTDATE,ACCIDENT_YEAR,ACCIDENT_MONTH,ACCIDENT_DAY,ACCIDENT_HOUR,ACCIDENT_MINUTE,Accident_Day,XCOORD,YCOORD,LONGITUDE,LATITUDE,Accident_Location,COLLISIONTYPE,Accident_Type,Impact_Location,Impact_Type,Light,Road_Jurisdication,Traffic_Control,Traffic_Control_Condition,Pedestrian_Involved,Cyclist_Involved,Motorcyclist_Involved,Environment_Condition,Self_Reported,XMLIMPORTNOTES,LASTEDITEDDATE,x,y,Quarter,Day_Type,Vulnerable_Involved
0,43481,15-000127,1/1/2015 12:00:00 AM,2015,1,1,0,0,Thursday,542182.5531,4804330.069,-80.479168,43.390668,Intersection,2,P.D. only,Off roadway,SMV,Daylight,Municipal,Sign Control,Functioning,FALSE,FALSE,FALSE,Clear,FALSE,BRITTANIA CRES; WOODBINE AV; At,3/7/2019 2:40:55 PM,542182.5531,4804330.069,Q1,Weekend,FALSE
1,43482,15-000229,1/1/2015 8:45:00 AM,2015,1,1,8,45,Thursday,547295.888,4809249.336,-80.41561,43.434656,Private Drive,2,P.D. only,On roadway,SMV,Daylight,Municipal,No control,Unknown,FALSE,FALSE,FALSE,Clear,FALSE,MORRISON RD; 372 MORRISON RD ; At; 3 M,3/7/2019 2:40:55 PM,547295.888,4809249.336,Q1,Weekend,FALSE
2,43483,15-000477,1/1/2015 5:30:00 PM,2015,1,1,17,30,Thursday,541068,4811108,0,0,Other,2,P.D. only,Off roadway,SMV,Daylight,Municipal,No control,Unknown,FALSE,FALSE,FALSE,Clear,FALSE,ONTARIO ST S; JOSEPH ST; Near; 30 M,3/7/2019 2:40:54 PM,541068,4811108,Q1,Weekend,FALSE
3,43484,15-001276,1/2/2015 10:07:00 PM,2015,1,2,22,7,Friday,541139.8639,4806759.305,-80.491859,43.412599,Intersection,2,P.D. only,On roadway,SMV,Dark,Municipal,Sign Control,Functioning,FALSE,FALSE,FALSE,Clear,FALSE,BLOCK LINE RD; LAURENTIAN DR; 2 M,3/7/2019 2:40:53 PM,541139.8639,4806759.305,Q1,Weekend,FALSE
4,43485,15-001486,1/3/2015 9:27:00 AM,2015,1,3,9,27,Saturday,541175.1138,4810851.454,-80.491115,43.449443,Non intersection,2,P.D. only,Off roadway,SMV,Daylight,Regional,No control,Unknown,FALSE,FALSE,FALSE,Clear,FALSE,ONTARIO ST S; CHARLES ST W; Near; 10 M,3/7/2019 2:40:52 PM,541175.1138,4810851.454,Q1,Weekend,FALSE
5,43486,15-001955,1/3/2015 10:34:00 PM,2015,1,3,22,34,Saturday,544428.8057,4802794.171,-80.451559,43.376709,Non intersection,1,Non-fatal injury,Off roadway,SMV,Dark,Municipal,No control,Unknown,FALSE,FALSE,FALSE,Rain,FALSE,CARYNDALE DR ; STAUFFER DR ; Near; 190 M,3/7/2019 2:40:51 PM,544428.8057,4802794.171,Q1,Weekend,FALSE
6,43487,15-002027,1/4/2015 1:12:00 AM,2015,1,4,1,12,Sunday,536780.1979,4807817.974,-80.545635,43.422358,Intersection,2,P.D. only,Off roadway,SMV,Dark,Municipal,No control,Unknown,FALSE,FALSE,FALSE,Rain,FALSE,ROLLING MEADOWS DR ; NEWBURY DR; Near; 20 M,3/7/2019 2:40:50 PM,536780.1979,4807817.974,Q1,Weekend,FALSE
7,43488,15-002809,1/5/2015 8:05:00 AM,2015,1,5,8,5,Monday,544730.6256,4811861.787,-80.447091,43.458336,Intersection,1,Non-fatal injury,On roadway,SMV,Daylight,Municipal,No control,Unknown,TRUE,FALSE,FALSE,Snow,FALSE,LORRAINE AVE ; CARSON DR,3/7/2019 2:40:50 PM,544730.6256,4811861.787,Q1,Working,FALSE
8,43489,15-002821,1/5/2015 8:20:00 AM,2015,1,5,8,20,Monday,539443.9783,4808963.951,-80.512646,43.432541,Private Drive,2,P.D. only,On roadway,Intersection,Daylight,Regional,No control,Unknown,FALSE,FALSE,FALSE,Snow,FALSE,QUEENS BV; 1283 QUEENS BV; 2 M,3/7/2019 2:40:49 PM,539443.9783,4808963.951,Q1,Working,FALSE
9,43490,15-002887,1/5/2015 9:54:00 AM,2015,1,5,9,54,Monday,545275.1338,4806432.268,-80.440811,43.409416,Non intersection,2,P.D. only,On roadway,Other,Daylight,Municipal,No control,Unknown,FALSE,FALSE,FALSE,Other,FALSE,WABANAKI DR; WILSON AV; 30 M,3/7/2019 2:40:48 PM,545275.1338,4806432.268,Q1,Working,FALSE
10,43491,15-003315,1/5/2015 7:00:00 PM,2015,1,5,19,0,Monday,536570.5624,4808798.717,-80.548159,43.431199,Private Drive,2,P.D. only,On roadway,SMV,Dark,Municipal,No control,Unknown,FALSE,FALSE,FALSE,Snow,FALSE,LAUREL SPRINGS CRT; LAUREL SPRINGS CRT ; At; 0 M,3/7/2019 2:40:47 PM,536570.5624,4808798.717,Q1,Working,FALSE
11,43492,15-003455,1/6/2015 2:42:00 AM,2015,1,6,2,42,Tuesday,538722.0019,4809150.236,-80.521553,43.434256,Intersection,2,P.D. only,Off roadway,SMV,Dark,Municipal,Sign Control,Functioning,FALSE,FALSE,FALSE,Clear,FALSE,HIGHLAND CR; WYCLIFFE PL; At,3/7/2019 2:40:46 PM,538722.0019,4809150.236,Q1,Working,FALSE
12,43493,15-003912,1/5/2015 6:15:00 PM,2015,1,5,18,15,Monday,541722.843,4812025.189,-80.484256,43.459981,Private Drive,2,P.D. only,On roadway,SMV,Dark,Municipal,No control,Unknown,FALSE,FALSE,FALSE,Snow,FALSE,MAJOR ST,3/7/2019 2:40:46 PM,541722.843,4812025.19,Q1,Working,FALSE
13,43494,15-004080,1/6/2015 9:54:00 PM,2015,1,6,21,54,Tuesday,539224.7951,4810397.911,-80.515251,43.445464,Non intersection,1,Non-fatal injury,Off roadway,SMV,Dark,Municipal,No control,Unknown,FALSE,FALSE,FALSE,Snow,FALSE,BRYBECK CRES; KARN ST ; At; 10 M,3/7/2019 2:40:45 PM,539224.7951,4810397.911,Q1,Working,FALSE
14,43495,15-004245,1/7/2015 8:30:00 AM,2015,1,7,8,30,Wednesday,548049.2726,4806231.875,-80.406567,43.407439,Private Drive,2,P.D. only,On roadway,Rear end,Daylight,Municipal,No control,Unknown,FALSE,FALSE,FALSE,Clear,FALSE,DEER RIDGE DR; MASTER CT,3/7/2019 2:40:44 PM,548049.2726,4806231.875,Q1,Working,FALSE
15,43496,15-004307,1/7/2015 10:08:00 AM,2015,1,7,10,8,Wednesday,542005.3872,4811681.654,-80.48079,43.456872,Intersection,2,P.D. only,Off roadway,SMV,Daylight,Regional,No control,Unknown,FALSE,FALSE,FALSE,Snow,FALSE,PEQUEGNAT AVE ; MANSION ST ; Near; 3 M,3/7/2019 2:40:43 PM,542005.3872,4811681.654,Q1,Working,FALSE
16,43497,15-004313,1/7/2015 10:17:00 AM,2015,1,7,10,17,Wednesday,542107.9761,4807131.776,-80.479873,43.415899,Intersection,2,P.D. only,On roadway,Intersection,Daylight,Municipal,Signal Control,Functioning,FALSE,FALSE,FALSE,Snow,FALSE,STRASBURG RD; BLOCK LINE RD ; At; M,3/7/2019 2:40:43 PM,542107.9761,4807131.776,Q1,Working,FALSE
17,43498,15-004388,1/7/2015 11:35:00 AM,2015,1,7,11,35,Wednesday,543566.6166,4804975.899,-80.462028,43.396404,Intersection,2,P.D. only,On roadway,Intersection,Daylight,Municipal,Signal Control,Functioning,FALSE,FALSE,FALSE,Clear,FALSE,HURON RD; BATTLER RD; At,3/7/2019 2:40:42 PM,543566.6166,4804975.899,Q1,Working,FALSE
18,43499,15-004402,1/7/2015 11:54:00 AM,2015,1,7,11,54,Wednesday,540985.4546,4809399.505,-80.493568,43.43638,Non intersection,2,P.D. only,On roadway,SMV,Daylight,Municipal,No control,Unknown,FALSE,FALSE,FALSE,Clear,FALSE,SENECA DR; 29 SENECA DR ; 1 M,3/7/2019 2:40:41 PM,540985.4546,4809399.505,Q1,Working,FALSE
19,43500,15-004413,1/7/2015 12:12:00 PM,2015,1,7,12,12,Wednesday,541548.8039,4811884.287,-80.486418,43.458722,Intersection,2,P.D. only,On roadway,Intersection,Daylight,Municipal,Sign Control,Functioning,FALSE,FALSE,FALSE,Other,FALSE,ST LEGER ST ; BREITHAUPT ST ; At,3/7/2019 2:40:40 PM,541548.8039,4811884.287,Q1,Working,FALSE
20,43501,15-004424,1/7/2015 9:54:00 AM,2015,1,7,9,54,Wednesday,542195.2659,4816148.873,-80.478097,43.497084,Private Drive,1,Non-fatal injury,On roadway,Other,Daylight,Municipal,No control,Unknown,FALSE,FALSE,FALSE,Clear,FALSE,REDTAIL ST,3/7/2019 2:40:39 PM,542195.2659,4816148.873,Q1,Working,FALSE
21,43502,15-004595,1/7/2015 5:30:00 AM,2015,1,7,5,30,Wednesday,541048.1452,4809537.713,-80.492783,43.437621,Private Drive,2,P.D. only,On roadway,Intersection,Dark,Municipal,No control,Unknown,FALSE,FALSE,FALSE,Other,FALSE,DELAWARE AV; Near,3/7/2019 2:40:38 PM,541048.1452,4809537.713,Q1,Working,FALSE
22,43503,15-004831,1/7/2015 10:30:00 PM,2015,1,7,22,30,Wednesday,543073.4014,4805498.164,-80.468077,43.401135,Intersection,2,P.D. only,On roadway,Intersection,Dark,Regional,Sign Control,Functioning,FALSE,FALSE,FALSE,Clear,FALSE,TRILLIUM DR; STRASBURG RD,3/7/2019 2:40:38 PM,543073.4014,4805498.164,Q1,Working,FALSE
23,43504,15-005275,1/8/2015 2:15:00 PM,2015,1,8,14,15,Thursday,540974.0876,4812932.633,-80.493443,43.468193,Non intersection,2,P.D. only,Off roadway,SMV,Daylight,Municipal,Sign Control,Functioning,FALSE,FALSE,FALSE,Clear,FALSE,OAKWOOD AV; RIDGEWOOD AV; At; 3 M,3/7/2019 2:40:37 PM,540974.0876,4812932.633,Q1,Weekend,FALSE
24,43505,15-005289,1/8/2015 2:37:00 PM,2015,1,8,14,37,Thursday,540486.8406,4809734.896,-80.499704,43.439427,Intersection,1,Non-fatal injury,On roadway,Intersection,Daylight,Municipal,Sign Control,Functioning,FALSE,FALSE,FALSE,Clear,FALSE,QUEENS BV; SPADINA RD E,3/7/2019 2:40:36 PM,540486.8406,4809734.896,Q1,Weekend,FALSE
25,43506,15-005306,1/8/2015 2:57:00 PM,2015,1,8,14,57,Thursday,541547.8276,4811885.17,-80.48643,43.45873,Intersection,2,P.D. only,On roadway,Rear end,Daylight,Municipal,Sign Control,Functioning,FALSE,FALSE,FALSE,Clear,FALSE,BREITHAUPT ST ; ST LEGER ST ; At,3/7/2019 2:40:36 PM,541547.8276,4811885.17,Q1,Weekend,FALSE
26,43507,15-005781,1/8/2015 8:30:00 AM,2015,1,8,8,30,Thursday,541848.5979,4812970.328,-80.482629,43.468484,Private Drive,2,P.D. only,On roadway,SMV,Daylight,Municipal,No control,Unknown,FALSE,FALSE,FALSE,Clear,FALSE,ARNOLD ST,3/7/2019 2:40:35 PM,541848.5979,4812970.328,Q1,Weekend,FALSE
27,43508,15-005790,1/9/2015 10:57:00 AM,2015,1,9,10,57,Friday,543072.4424,4805496.159,-80.468089,43.401117,Intersection,1,Non-fatal injury,On roadway,Rear end,Daylight,Municipal,Sign Control,Functioning,FALSE,FALSE,FALSE,Snow,FALSE,TRILLIUM DR; STRASBURG RD,3/7/2019 2:40:34 PM,543072.4424,4805496.159,Q1,Weekend,FALSE
28,43509,15-005806,1/9/2015 11:23:00 AM,2015,1,9,11,23,Friday,540637.2389,4809447.264,-80.497867,43.436829,Intersection,2,P.D. only,On roadway,Intersection,Daylight,Municipal,Sign Control,Functioning,FALSE,FALSE,FALSE,Snow,FALSE,PLEASANT AV; GLEN RD; At,3/7/2019 2:40:33 PM,540637.2389,4809447.264,Q1,Weekend,FALSE
29,43510,15-006091,1/9/2015 5:00:00 PM,2015,1,9,17,0,Friday,538070.2146,4807547.257,-80.529718,43.419856,Intersection,2,P.D. only,On roadway,Rear end,Dusk,Municipal,Sign Control,Functioning,FALSE,FALSE,FALSE,Snow,FALSE,MCGARRY DR; WESTHEIGHTS DR; At,3/7/2019 2:40:32 PM,538070.2146,4807547.257,Q1,Weekend,FALSE
30,43511,15-006426,1/10/2015 8:34:00 AM,2015,1,10,8,34,Saturday,539525.826,4811458.97,-80.511454,43.455002,Private Drive,2,P.D. only,On roadway,Intersection,Daylight,Municipal,Sign Control,Functioning,FALSE,FALSE,FALSE,Clear,FALSE,PARK ST ; GILDNER TS; 23 M,3/7/2019 2:40:32 PM,539525.826,4811458.97,Q1,Weekend,FALSE
31,43512,15-006556,1/9/2015 4:00:00 PM,2015,1,9,16,0,Friday,541015.9009,4809676.343,-80.493171,43.438871,Private Drive,2,P.D. only,On roadway,Rear end,Daylight,Regional,No control,Unknown,FALSE,FALSE,FALSE,Clear,FALSE,HIGHLAND RD E; SPADINA RD E,3/7/2019 2:40:31 PM,541015.9009,4809676.343,Q1,Weekend,FALSE
32,43513,15-006725,1/10/2015 3:05:00 PM,2015,1,10,15,5,Saturday,540634.6903,4810205.907,-80.497842,43.44366,Non intersection,2,P.D. only,On roadway,Other,Daylight,Municipal,No control,Unknown,FALSE,FALSE,FALSE,Clear,FALSE,DAVID ST; JUBILEE DR ; Near; 30 M,3/7/2019 2:40:30 PM,540634.6903,4810205.907,Q1,Weekend,FALSE
33,43514,15-007514,1/11/2015 3:58:00 PM,2015,1,11,15,58,Sunday,538415.8887,4807518.674,-80.52545,43.419581,Private Drive,2,P.D. only,On roadway,SMV,Daylight,Municipal,No control,Unknown,FALSE,FALSE,FALSE,Snow,FALSE,MEADOWLANE DR; FORESTWOOD DR ; 60 M,3/4/2020 10:19:59 AM,538415.8887,4807518.674,Q1,Weekend,FALSE
34,43515,15-007594,1/11/2015 6:00:00 PM,2015,1,11,18,0,Sunday,538861.3525,4805850.102,-80.520066,43.404534,Private Drive,2,P.D. only,On roadway,SMV,Dark,Municipal,No control,Unknown,FALSE,FALSE,FALSE,Snow,FALSE,ACTIVA AVE ; ACTIVA AVE ; Near; 2 M,3/7/2019 2:40:29 PM,538861.3525,4805850.102,Q1,Weekend,FALSE
35,43516,15-007985,1/12/2015 10:46:00 AM,2015,1,12,10,46,Monday,538842.2144,4807655.831,-80.520174,43.420794,Private Drive,2,P.D. only,Off roadway,SMV,Daylight,Municipal,No control,Unknown,FALSE,FALSE,FALSE,Clear,FALSE,FORESTWOOD DR; 86  FORESTWOOD; 2 M,3/7/2019 2:40:28 PM,538842.2144,4807655.831,Q1,Working,FALSE
36,43517,15-008087,1/12/2015 9:30:00 AM,2015,1,12,9,30,Monday,547202.7621,4811336.996,-80.41658,43.453459,Non intersection,2,P.D. only,Off roadway,SMV,Daylight,Municipal,No control,Unknown,FALSE,FALSE,FALSE,Snow,FALSE,KEEWATIN AVE ; 228 KEEWATIN AVE ; Near; 5 M,3/7/2019 2:40:27 PM,547202.7621,4811336.996,Q1,Working,FALSE
37,43518,15-008130,1/12/2015 1:36:00 PM,2015,1,12,13,36,Monday,541083.5769,4810151.32,-80.492299,43.443144,Non intersection,2,P.D. only,On roadway,SMV,Daylight,Municipal,No control,Unknown,FALSE,FALSE,FALSE,Snow,FALSE,BRUDER AVE; BENTON ST ; Near; 100 M,3/7/2019 2:40:27 PM,541083.5769,4810151.32,Q1,Working,FALSE
38,43519,15-008282,1/12/2015 4:35:00 PM,2015,1,12,16,35,Monday,539657.62,4807261.867,-80.51013,43.417204,Private Drive,2,P.D. only,On roadway,Intersection,Dark,Regional,No control,Unknown,FALSE,FALSE,FALSE,Clear,FALSE,100 NINE PINES RD; OTTAWA ST S; 40 M,3/7/2019 2:40:26 PM,539657.62,4807261.867,Q1,Working,FALSE
39,43520,15-008642,1/13/2015 8:20:00 AM,2015,1,13,8,20,Tuesday,541631.9596,4811414.788,-80.485426,43.45449,Intersection,2,P.D. only,On roadway,SMV,Daylight,Municipal,Signal Control,Functioning,FALSE,FALSE,FALSE,Clear,FALSE,MARGARET AV; QUEEN ST N; At,3/7/2019 2:40:25 PM,541631.9596,4811414.788,Q1,Working,FALSE
40,43521,15-008644,1/13/2015 9:08:00 AM,2015,1,13,9,8,Tuesday,537950.3457,4807758.929,-80.531184,43.421768,Non intersection,2,P.D. only,On roadway,Intersection,Daylight,Municipal,No control,Unknown,FALSE,FALSE,FALSE,Clear,FALSE,AUTUMN HILL CRES; 209 AUTUMN HILL CRES; 1 M,3/7/2019 2:40:24 PM,537950.3457,4807758.929,Q1,Working,FALSE
41,43522,15-008844,1/13/2015 12:42:00 PM,2015,1,13,12,42,Tuesday,544806.9491,4805154.493,-80.446698,43.397939,Intersection,2,P.D. only,On roadway,Rear end,Daylight,Municipal,Sign Control,Functioning,FALSE,FALSE,FALSE,Clear,FALSE,DOON VILLAGE RD ; MILLWOOD CRES ; 10 M,3/7/2019 2:40:22 PM,544806.9491,4805154.493,Q1,Working,FALSE
42,43523,15-009042,1/13/2015 3:45:00 PM,2015,1,13,15,45,Tuesday,540792.5885,4809119.239,-80.495972,43.433867,Intersection,2,P.D. only,On roadway,Rear end,Daylight,Municipal,No control,Unknown,FALSE,FALSE,FALSE,Clear,FALSE,STIRLING AV S; MAUSSER AV; At,3/7/2019 2:40:22 PM,540792.5885,4809119.239,Q1,Working,FALSE
43,43524,15-009128,1/13/2015 7:17:00 PM,2015,1,13,19,17,Tuesday,539436.2603,4805935.176,-80.51296,43.40527,Private Drive,2,P.D. only,On roadway,SMV,Dark,Municipal,No control,Unknown,FALSE,FALSE,FALSE,Clear,FALSE,MOUNTAIN LAUREL CRES; 40 MOUNTAIN LAUREL CR; 1 M,3/7/2019 2:40:21 PM,539436.2603,4805935.176,Q1,Working,FALSE
44,43525,15-009158,1/13/2015 11:50:00 AM,2015,1,13,11,50,Tuesday,541139.5496,4810725.848,-80.491564,43.448314,Non intersection,2,P.D. only,On roadway,Rear end,Daylight,Municipal,Other,Functioning,FALSE,FALSE,FALSE,Clear,FALSE,JOSEPH ST,3/7/2019 2:40:20 PM,541139.5496,4810725.848,Q1,Working,FALSE
45,43526,15-009433,1/14/2015 8:52:00 AM,2015,1,14,8,52,Wednesday,539567.859,4811424.233,-80.510937,43.454687,Intersection,2,P.D. only,On roadway,Rear end,Daylight,Municipal,No control,Unknown,FALSE,FALSE,FALSE,Clear,FALSE,PARK ST; GREEN ST; At,3/7/2019 2:40:19 PM,539567.859,4811424.233,Q1,Working,FALSE
46,43527,15-009687,1/14/2015 12:00:00 PM,2015,1,14,12,0,Wednesday,543362.9908,4807652.382,-80.46433,43.420515,Intersection,2,P.D. only,On roadway,Intersection,Daylight,Regional,Sign Control,Functioning,FALSE,FALSE,FALSE,Clear,FALSE,BLOCK LINE RD; LENNOX LEWIS WY; At,3/7/2019 2:40:19 PM,543362.9908,4807652.383,Q1,Working,FALSE
47,43528,15-009883,1/14/2015 4:56:00 PM,2015,1,14,16,56,Wednesday,541174.5371,4812720.173,-80.490981,43.466269,Intersection,2,P.D. only,On roadway,Intersection,Dark,Municipal,Sign Control,Functioning,FALSE,FALSE,FALSE,Clear,FALSE,ST LEGER ST; FAIRFIELD AV; At,3/7/2019 2:40:18 PM,541174.5371,4812720.173,Q1,Working,FALSE
48,43529,15-009916,1/14/2015 5:10:00 PM,2015,1,14,17,10,Wednesday,545432.5485,4808342.588,-80.438708,43.426607,Non intersection,2,P.D. only,On roadway,Rear end,Dusk,Municipal,No control,Unknown,FALSE,FALSE,FALSE,Clear,FALSE,KINGSWAY DR; CEDARWOODS CR; Near,3/7/2019 2:40:17 PM,545432.5485,4808342.588,Q1,Working,FALSE
49,43530,15-010628,1/15/2015 3:45:00 PM,2015,1,15,15,45,Thursday,541873.7554,4810743.808,-80.482489,43.448435,Intersection,2,P.D. only,On roadway,Intersection,Daylight,Municipal,Sign Control,Functioning,FALSE,FALSE,FALSE,Clear,FALSE,CEDAR ST N; DUKE ST E; At,3/7/2019 2:40:16 PM,541873.7554,4810743.808,Q1,Weekend,FALSE
50,43531,15-010747,1/15/2015 5:00:00 PM,2015,1,15,17,0,Thursday,543336.3574,4804322.046,-80.464923,43.39053,Private Drive,2,P.D. only,On roadway,SMV,Daylight,Municipal,No control,Unknown,FALSE,FALSE,FALSE,Clear,FALSE,MARL MEADOW DR,3/7/2019 2:40:15 PM,543336.3574,4804322.046,Q1,Weekend,FALSE
51,43532,15-010996,1/16/2015 2:53:00 AM,2015,1,16,2,53,Friday,541267,4809217.305,-80.490103,43.434724,Other,2,P.D. only,Off roadway,Other,Dark,Other,No control,Unknown,FALSE,FALSE,FALSE,Snow,FALSE,PRIVATE DRIVE; 334 HIGHLAND RD E,3/7/2019 2:40:14 PM,541267,4809217.305,Q1,Weekend,FALSE
52,43533,15-011104,1/16/2015 8:57:00 AM,2015,1,16,8,57,Friday,545524.834,4802948.955,-80.438017,43.378037,Private Drive,2,P.D. only,On roadway,Other,Daylight,Municipal,No control,Unknown,FALSE,FALSE,FALSE,Snow,FALSE,FOXBROOK CRT; STEEPLERIDGE ST ; At; 30 M,3/7/2019 2:40:13 PM,545524.834,4802948.955,Q1,Weekend,FALSE
53,43534,15-011304,1/16/2015 11:31:00 AM,2015,1,16,11,31,Friday,544259.2306,4807714.288,-80.453254,43.42102,Private Drive,2,P.D. only,On roadway,Intersection,Daylight,Municipal,No control,Unknown,FALSE,FALSE,FALSE,Clear,FALSE,TRAYNOR AVE; At,3/7/2019 2:40:12 PM,544259.2306,4807714.288,Q1,Weekend,FALSE
54,43535,15-011331,1/16/2015 9:30:00 AM,2015,1,16,9,30,Friday,541665.1662,4810178.656,-80.48511,43.443358,Private Drive,2,P.D. only,On roadway,Other,Daylight,Municipal,No control,Unknown,FALSE,FALSE,FALSE,Clear,FALSE,MADISON AVE S,3/7/2019 2:40:11 PM,541665.1662,4810178.656,Q1,Weekend,FALSE
55,43536,15-011397,1/16/2015 1:15:00 PM,2015,1,16,13,15,Friday,548474.006,4806542.776,-80.401294,43.410211,Intersection,2,P.D. only,Other,Intersection,Daylight,Municipal,No control,Unknown,FALSE,FALSE,FALSE,Clear,FALSE,GRAND HILL DR; DEER RIDGE DR,3/7/2019 2:40:11 PM,548474.006,4806542.776,Q1,Weekend,FALSE
56,43537,15-011533,1/16/2015 3:00:00 PM,2015,1,16,15,0,Friday,545822.4999,4811933.65,-80.433589,43.458917,Private Drive,2,P.D. only,On roadway,SMV,Daylight,Municipal,No control,Unknown,FALSE,FALSE,FALSE,Clear,FALSE,WESTCHESTER DR ; ROSE GARDEN ST ; 300 M,3/7/2019 2:40:10 PM,545822.4999,4811933.65,Q1,Weekend,FALSE
57,43538,15-011639,1/15/2015 8:10:00 PM,2015,1,15,20,10,Thursday,541078.3801,4810552.664,-80.492333,43.446758,Non intersection,1,Non-fatal injury,On roadway,SMV,Dark,Regional,No control,Unknown,TRUE,FALSE,FALSE,Clear,FALSE,QUEEN ST S; 226; 10 M,3/7/2019 2:40:09 PM,541078.3801,4810552.664,Q1,Weekend,FALSE
58,43539,15-011658,1/16/2015 7:44:00 PM,2015,1,16,19,44,Friday,542500.5011,4812519.499,-80.474605,43.464388,Non intersection,2,P.D. only,On roadway,Rear end,Dark,Regional,No control,Unknown,FALSE,FALSE,FALSE,Clear,FALSE,WELLINGTON ST N; N HWY 85 TO WELLINGTON ST N; 20 M,3/7/2019 2:40:08 PM,542500.5011,4812519.5,Q1,Weekend,FALSE
59,43540,15-011829,1/17/2015 12:15:00 AM,2015,1,17,0,15,Saturday,539503.0477,4806103.933,-80.512123,43.406786,Intersection,2,P.D. only,On roadway,Rear end,Dark,Municipal,Sign Control,Functioning,FALSE,FALSE,FALSE,Clear,FALSE,ACTIVA AVE ; BRIDLEWREATH ST ; At; 4 M,3/7/2019 2:40:07 PM,539503.0477,4806103.933,Q1,Weekend,FALSE
60,43541,15-012115,1/17/2015 12:00:00 AM,2015,1,17,0,0,Saturday,539047.3888,4805619.504,-80.517785,43.402448,Private Drive,2,P.D. only,On roadway,SMV,Dark,Municipal,No control,Unknown,FALSE,FALSE,FALSE,Clear,FALSE,SNOWDROP CRES; 218 SNOWDROP CRES; 3 M,3/7/2019 2:40:06 PM,539047.3888,4805619.504,Q1,Weekend,FALSE
61,43542,15-012215,1/17/2015 11:45:00 AM,2015,1,17,11,45,Saturday,538905.9905,4805986.963,-80.519505,43.405764,Private Drive,2,P.D. only,On roadway,SMV,Daylight,Municipal,No control,Unknown,FALSE,FALSE,FALSE,Clear,FALSE,PEACH BLOSSOM CRES ; Near,3/7/2019 2:40:05 PM,538905.9905,4805986.963,Q1,Weekend,FALSE
62,43543,15-013096,1/18/2015 3:10:00 PM,2015,1,18,15,10,Sunday,549530.342,4806186.936,-80.38828,43.406938,Private Drive,2,P.D. only,On roadway,Intersection,Daylight,Municipal,Sign Control,Functioning,FALSE,FALSE,FALSE,Clear,FALSE,GATEWAY PARK DR,3/7/2019 2:40:04 PM,549530.342,4806186.936,Q1,Weekend,FALSE
63,43544,15-013172,1/18/2015 5:34:00 PM,2015,1,18,17,34,Sunday,546944.212,4810076.294,-80.419884,43.442124,Non intersection,2,P.D. only,Off roadway,SMV,Daylight,Municipal,No control,Unknown,FALSE,FALSE,FALSE,Snow,FALSE,IDLE CREEK DR ; IDLE CREEK DR; At; 3 M,3/7/2019 2:40:03 PM,546944.212,4810076.294,Q1,Weekend,FALSE
64,43545,15-013560,1/19/2015 8:10:00 AM,2015,1,19,8,10,Monday,539468.9084,4808977.535,-80.512337,43.432662,Private Drive,2,P.D. only,On roadway,Intersection,Daylight,Municipal,No control,Unknown,FALSE,FALSE,FALSE,Clear,FALSE,QUEENS BLVD,3/7/2019 2:40:02 PM,539468.9084,4808977.535,Q1,Working,FALSE
65,43546,15-013992,1/18/2015 7:30:00 PM,2015,1,18,19,30,Sunday,538024.7884,4806643.971,-80.530342,43.411725,Private Drive,2,P.D. only,On roadway,SMV,Dark,Municipal,No control,Unknown,FALSE,FALSE,FALSE,Snow,FALSE,ERIKA CRT ; 40 ERIKA CRT ; 5 M,3/7/2019 2:40:01 PM,538024.7884,4806643.971,Q1,Weekend,FALSE
66,43547,15-014077,1/19/2015 11:10:00 PM,2015,1,19,23,10,Monday,544529.8087,4808678.306,-80.449833,43.429684,Intersection,2,P.D. only,On roadway,Intersection,Dark,Municipal,Sign Control,Functioning,FALSE,FALSE,FALSE,Clear,FALSE,CONNAUGHT ST; EIGHTH AV,3/7/2019 2:40:00 PM,544529.8087,4808678.306,Q1,Working,FALSE
67,43548,15-014382,1/20/2015 11:30:00 AM,2015,1,20,11,30,Tuesday,540463.8739,4809705.105,-80.49999,43.43916,Private Drive,1,Non-fatal injury,On roadway,Intersection,Daylight,Municipal,No control,Unknown,FALSE,FALSE,FALSE,Clear,FALSE,QUEENS BLVD ; 875 QUEENS BV; 5 M,3/7/2019 2:39:59 PM,540463.8739,4809705.105,Q1,Working,FALSE
68,43549,15-014628,1/20/2015 4:58:00 PM,2015,1,20,16,58,Tuesday,539551.7454,4811343.73,-80.511142,43.453963,Private Drive,2,P.D. only,On roadway,Intersection,Daylight,Municipal,No control,Unknown,FALSE,FALSE,FALSE,Clear,FALSE,GLASGOW ST; PARK ST ; At; 40 M,3/7/2019 2:39:58 PM,539551.7454,4811343.73,Q1,Working,FALSE
69,43550,15-014981,1/21/2015 7:50:00 AM,2015,1,21,7,50,Wednesday,546397.8563,4804451.555,-80.427113,43.391513,Intersection,2,P.D. only,On roadway,Intersection,Daylight,Municipal,Sign Control,Functioning,FALSE,FALSE,FALSE,Clear,FALSE,OLD CARRIAGE DR; HOMER WATSON BLVD ; 80 M,3/7/2019 2:39:58 PM,546397.8563,4804451.555,Q1,Working,FALSE
70,43551,15-015240,1/21/2015 1:54:00 PM,2015,1,21,13,54,Wednesday,541086.9683,4810564.156,-80.492226,43.446861,Non intersection,1,Non-fatal injury,On roadway,Rear end,Daylight,Regional,No control,Unknown,FALSE,FALSE,FALSE,Clear,FALSE,QUEEN ST S; 242 QUEEN ST S; 1 M,3/7/2019 2:39:57 PM,541086.9683,4810564.156,Q1,Working,FALSE
71,43552,15-016529,1/23/2015 2:49:00 AM,2015,1,23,2,49,Friday,540922.3575,4810567.93,-80.49426,43.446904,Intersection,2,P.D. only,On roadway,Rear end,Dark,Municipal,Sign Control,Functioning,FALSE,FALSE,FALSE,Clear,FALSE,COURTLAND AV W; DAVID ST; At,3/7/2019 2:39:56 PM,540922.3575,4810567.93,Q1,Weekend,FALSE
72,43553,15-016713,1/22/2015 11:55:00 AM,2015,1,22,11,55,Thursday,537275.0697,4806817.374,-80.53959,43.413324,Intersection,2,P.D. only,On roadway,Rear end,Daylight,Municipal,Sign Control,Functioning,FALSE,FALSE,FALSE,Clear,FALSE,YELLOW BIRCH DR; DRIFTWOOD DR; At,3/7/2019 2:39:55 PM,537275.0697,4806817.374,Q1,Weekend,FALSE