,OBJECTID,ACCIDENTNUM,ACCIDENTDATE,ACCIDENT_YEAR,ACCIDENT_MONTH,ACCIDENT_DAY,ACCIDENT_HOUR,ACCIDENT_MINUTE,Accident_Day,XCOORD,YCOORD,LONGITUDE,LATITUDE,Accident_Location,COLLISIONTYPE,Accident_Type,Impact_Location,Impact_Type,Light,Road_Jurisdication,Traffic_Control,Traffic_Control_Condition,Pedestrian_Involved,Cyclist_Involved,Motorcyclist_Involved,Environment_Condition,Self_Reported,XMLIMPORTNOTES,LASTEDITEDDATE,x,y,Quarter,Day_Type,Vulnerable_Involved
73,43554,15-016799,1/22/2015 11:00:00 AM,2015,1,22,11,0,Thursday,541012.4641,4811052.705,-80.49311,43.451264,Non intersection,2,P.D. only,On roadway,SMV,Daylight,Regional,No control,Unknown,FALSE,FALSE,FALSE,Clear,FALSE,KING ST W; Near,3/7/2019 2:39:54 PM,541012.4641,4811052.705,Q1,Weekend,FALSE
74,43555,15-016908,1/22/2015 10:22:00 AM,2015,1,22,10,22,Thursday,541766.6559,4811756.803,-80.483735,43.457562,Private Drive,2,P.D. only,On roadway,SMV,Daylight,Municipal,No control,Unknown,FALSE,FALSE,FALSE,Clear,FALSE,HERMIE PL; VICTORIA ST N,3/7/2019 2:39:53 PM,541766.6559,4811756.803,Q1,Weekend,FALSE
75,43556,15-017525,1/23/2015 6:45:00 PM,2015,1,23,18,45,Friday,541962.6261,4803735.081,-80.481929,43.385323,Private Drive,2,P.D. only,On roadway,SMV,Dark,Municipal,No control,Unknown,FALSE,FALSE,FALSE,Clear,FALSE,TOTTENHAM ST,3/7/2019 2:39:53 PM,541962.6261,4803735.081,Q1,Weekend,FALSE
76,43557,15-018002,1/24/2015 9:24:00 PM,2015,1,24,21,24,Saturday,538746.5003,4807843.972,-80.521343,43.422493,Non intersection,2,P.D. only,On roadway,SMV,Dark,Municipal,No control,Unknown,FALSE,FALSE,FALSE,Clear,FALSE,ELM RIDGE DR; MCGARRY DR ; Near; 20 M,3/7/2019 2:39:52 PM,538746.5003,4807843.972,Q1,Weekend,FALSE
77,43558,15-018032,1/24/2015 10:08:00 PM,2015,1,24,22,8,Saturday,546841.1101,4804256.036,-80.421657,43.389725,Non intersection,2,P.D. only,Off roadway,SMV,Daylight,Municipal,No control,Unknown,FALSE,FALSE,FALSE,Snow,FALSE,DOON SOUTH DR; HOMER WATSON BLVD ; 10 M,3/7/2019 2:39:51 PM,546841.1101,4804256.036,Q1,Weekend,FALSE
78,43559,15-018546,1/25/2015 2:49:00 PM,2015,1,25,14,49,Sunday,539569.0178,4805803.68,-80.51133,43.404079,Intersection,2,P.D. only,On roadway,Intersection,Daylight,Municipal,Sign Control,Functioning,FALSE,FALSE,FALSE,Clear,FALSE,DONNENWERTH DR; BRIDLEWREATH ST; At,3/7/2019 2:39:51 PM,539569.0178,4805803.68,Q1,Weekend,FALSE
79,43560,15-019138,1/26/2015 11:30:00 AM,2015,1,26,11,30,Monday,542116.1431,4803861.646,-80.480024,43.386454,Private Drive,2,P.D. only,Off roadway,Other,Daylight,Municipal,No control,Unknown,FALSE,FALSE,FALSE,Clear,FALSE,MAITLAND ST,3/7/2019 2:39:50 PM,542116.1431,4803861.646,Q1,Working,FALSE
80,43561,15-019166,1/26/2015 12:30:00 PM,2015,1,26,12,30,Monday,541112.9669,4810746.011,-80.491891,43.448497,Non intersection,2,P.D. only,Off roadway,SMV,Daylight,Municipal,Sign Control,Functioning,FALSE,FALSE,FALSE,Clear,FALSE,JOSEPH ST ; ONTARIO ST S; At; 3 M,3/7/2019 2:39:49 PM,541112.9669,4810746.011,Q1,Working,FALSE
81,43562,15-019460,1/26/2015 7:45:00 PM,2015,1,26,19,45,Monday,545276.1054,4806432.275,-80.440799,43.409416,Non intersection,2,P.D. only,On roadway,SMV,Dark,Regional,No control,Unknown,FALSE,FALSE,FALSE,Clear,FALSE,WABANAKI DR; WILSON AV; Near,3/7/2019 2:39:48 PM,545276.1054,4806432.275,Q1,Working,FALSE
82,43563,15-019931,1/27/2015 2:32:00 PM,2015,1,27,14,32,Tuesday,541298.3091,4811069,-80.489576,43.451395,Non intersection,2,P.D. only,On roadway,Intersection,Daylight,Regional,No control,Unknown,FALSE,FALSE,FALSE,Clear,FALSE,DUKE ST W; ONTARIO ST N; Near; 14 M,3/7/2019 2:39:48 PM,541298.3091,4811069,Q1,Working,FALSE
83,43564,15-020104,1/27/2015 7:07:00 PM,2015,1,27,19,7,Tuesday,544628.6037,4808194.175,-80.448652,43.425319,Private Drive,2,P.D. only,Off roadway,SMV,Daylight,Municipal,No control,Unknown,FALSE,FALSE,FALSE,Clear,FALSE,WOODHAVEN RD; WILSON AVE ; 50 M,3/7/2019 2:39:47 PM,544628.6037,4808194.175,Q1,Working,FALSE
84,43565,15-020120,1/27/2015 7:46:00 PM,2015,1,27,19,46,Tuesday,544529.8153,4808677.307,-80.449833,43.429675,Intersection,2,P.D. only,On roadway,Intersection,Dusk,Municipal,Sign Control,Functioning,FALSE,FALSE,FALSE,Clear,FALSE,EIGHTH AVE ; CONNAUGHT ST,3/7/2019 2:39:46 PM,544529.8153,4808677.307,Q1,Working,FALSE
85,43566,15-020448,1/27/2015 5:30:00 PM,2015,1,27,17,30,Tuesday,539538.2439,4810735.036,-80.511353,43.448483,Private Drive,2,P.D. only,Off roadway,Other,Dusk,Other,No control,Unknown,FALSE,FALSE,FALSE,Clear,FALSE,GAGE AVE ; At,3/7/2019 2:39:46 PM,539538.2439,4810735.036,Q1,Working,FALSE
86,43567,15-020730,1/28/2015 3:38:00 PM,2015,1,28,15,38,Wednesday,540487.7134,4809737.789,-80.499693,43.439453,Intersection,1,Non-fatal injury,On roadway,SMV,Daylight,Regional,Sign Control,Functioning,TRUE,FALSE,FALSE,Clear,FALSE,QUEENS BLVD; SPADINA RD W; At,3/7/2019 2:39:45 PM,540487.7134,4809737.789,Q1,Working,FALSE
87,43568,15-021009,1/28/2015 10:33:00 PM,2015,1,28,22,33,Wednesday,539144.5946,4808363.701,-80.516388,43.427152,Non intersection,2,P.D. only,Off roadway,SMV,Daylight,Municipal,No control,Unknown,FALSE,FALSE,FALSE,Clear,FALSE,CYPRUS DR; BIRCHCLIFF AVE ; 50 M,3/7/2019 2:39:44 PM,539144.5946,4808363.701,Q1,Working,FALSE
88,43569,15-021195,1/29/2015 8:45:00 AM,2015,1,29,8,45,Thursday,546255.0592,4813587.444,-80.428102,43.473781,Non intersection,2,P.D. only,Off roadway,SMV,Daylight,Municipal,No control,Unknown,FALSE,FALSE,FALSE,Clear,FALSE,CENTENNIAL RD; CENTENNIAL CT; 100 M,3/7/2019 2:39:43 PM,546255.0592,4813587.444,Q1,Weekend,FALSE
89,43570,15-021374,1/17/2015 4:10:00 PM,2015,1,17,16,10,Saturday,545349.9651,4813432.909,-80.439305,43.472445,Other,2,P.D. only,Off roadway,Rear end,Daylight,Other,No control,Unknown,FALSE,FALSE,FALSE,Clear,FALSE,VALET CAR WASH; VICTORIA ST N,3/7/2019 2:39:42 PM,545349.9651,4813432.909,Q1,Weekend,FALSE
90,43571,15-021578,1/29/2015 4:55:00 PM,2015,1,29,16,55,Thursday,544149.3667,4801967.382,-80.455075,43.369281,Non intersection,2,P.D. only,Off roadway,SMV,Dark,Regional,No control,Unknown,FALSE,FALSE,FALSE,Snow,FALSE,STAUFFER DR; REIDEL DR; 400 M,3/7/2019 2:39:41 PM,544149.3667,4801967.382,Q1,Weekend,FALSE
91,43572,15-021624,1/29/2015 6:00:00 PM,2015,1,29,18,0,Thursday,540173.4538,4809414.388,-80.5036,43.436558,Intersection,1,Non-fatal injury,On roadway,Intersection,Dark,Municipal,Signal Control,Functioning,FALSE,FALSE,FALSE,Snow,FALSE,QUEENS BLVD ; BELMONT AVE E; At,3/7/2019 2:39:41 PM,540173.4538,4809414.388,Q1,Weekend,FALSE
92,43573,15-021642,1/29/2015 5:13:00 PM,2015,1,29,17,13,Thursday,538889.8024,4808654.983,-80.519515,43.429788,Intersection,1,Non-fatal injury,On roadway,Rear end,Dark,Regional,No control,Unknown,FALSE,FALSE,FALSE,Snow,FALSE,QUEENS BV; EAGEN DR; At,3/7/2019 2:39:40 PM,538889.8024,4808654.983,Q1,Weekend,FALSE
93,43574,15-021998,1/29/2015 6:00:00 PM,2015,1,29,18,0,Thursday,542712.2406,4808221.974,-80.472324,43.425681,Private Drive,2,P.D. only,On roadway,Intersection,Dark,Municipal,No control,Unknown,FALSE,FALSE,FALSE,Snow,FALSE,HANSON AVE,3/7/2019 2:39:39 PM,542712.2406,4808221.974,Q1,Weekend,FALSE
94,43575,15-022034,1/29/2015 1:05:00 PM,2015,1,29,13,5,Thursday,542618.0439,4807410.521,-80.473551,43.41838,Private Drive,2,P.D. only,On roadway,Intersection,Daylight,Municipal,No control,Unknown,FALSE,FALSE,FALSE,Clear,FALSE,KINGSWOOD DR,3/7/2019 2:39:38 PM,542618.0439,4807410.521,Q1,Weekend,FALSE
95,43576,15-022179,1/30/2015 12:10:00 PM,2015,1,30,12,10,Friday,541786.4848,4803781.856,-80.4841,43.385754,Intersection,2,P.D. only,On roadway,Intersection,Daylight,Municipal,Sign Control,Functioning,FALSE,FALSE,FALSE,Clear,FALSE,MAITLAND ST ; WOODBINE AV,3/7/2019 2:39:38 PM,541786.4848,4803781.856,Q1,Weekend,FALSE
96,43577,15-022193,1/30/2015 12:36:00 PM,2015,1,30,12,36,Friday,537952.4917,4808413.53,-80.531112,43.427662,Private Drive,2,P.D. only,On roadway,Other,Daylight,Municipal,No control,Unknown,FALSE,FALSE,FALSE,Clear,FALSE,BLACKWELL DRIVE; 6 BLACKWELL DRIVE; Near; 4 M,3/7/2019 2:39:37 PM,537952.4917,4808413.53,Q1,Weekend,FALSE
97,43578,15-022382,1/30/2015 4:49:00 PM,2015,1,30,16,49,Friday,541382.8193,4810865.165,-80.488547,43.449555,Non intersection,2,P.D. only,On roadway,SMV,Daylight,Regional,No control,Unknown,FALSE,FALSE,FALSE,Clear,FALSE,KING ST E; FREDERICK ST ; Near; 50 M,3/7/2019 2:39:36 PM,541382.8193,4810865.165,Q1,Weekend,FALSE
98,43579,15-022431,1/30/2015 4:30:00 PM,2015,1,30,16,30,Friday,540569.7525,4812712.172,-80.498458,43.46623,Intersection,2,P.D. only,On roadway,Rear end,Daylight,Municipal,No control,Unknown,FALSE,FALSE,FALSE,Clear,FALSE,UNION ST; MARGARET AV; Near,3/7/2019 2:39:35 PM,540569.7525,4812712.172,Q1,Weekend,FALSE
99,43580,15-022771,1/31/2015 4:18:00 AM,2015,1,31,4,18,Saturday,543931.4529,4809143.396,-80.457188,43.433907,Non intersection,2,P.D. only,Off roadway,SMV,Dark,Municipal,No control,Unknown,FALSE,FALSE,FALSE,Clear,FALSE,ECKERT ST ; FIRST AVE ; 18 M,3/7/2019 2:39:34 PM,543931.4529,4809143.396,Q1,Weekend,FALSE
100,43581,15-023569,2/1/2015 5:28:00 AM,2015,2,1,5,28,Sunday,541404.5048,4811010.011,-80.488268,43.450858,Non intersection,2,P.D. only,Off roadway,SMV,Dark,Municipal,No control,Unknown,FALSE,FALSE,FALSE,Clear,FALSE,QUEEN ST N; DUKE ST E; Near; 27 M,3/7/2019 2:39:33 PM,541404.5048,4811010.011,Q1,Weekend,FALSE
101,43582,15-023716,1/31/2015 9:30:00 PM,2015,1,31,21,30,Saturday,539246.1484,4805598.444,-80.515332,43.402248,Private Drive,2,P.D. only,On roadway,SMV,Dark,Municipal,No control,Unknown,FALSE,FALSE,FALSE,Clear,FALSE,HENHOEFFER CRES; At,3/7/2019 2:39:33 PM,539246.1484,4805598.444,Q1,Weekend,FALSE
102,43583,15-023731,2/1/2015 12:09:00 PM,2015,2,1,12,9,Sunday,539080.5212,4811108.641,-80.516983,43.451871,Intersection,1,Non-fatal injury,On roadway,Intersection,Daylight,Municipal,Signal Control,Functioning,FALSE,FALSE,FALSE,Clear,FALSE,BELMONT AV W; GLASGOW ST,3/7/2019 2:39:32 PM,539080.5212,4811108.641,Q1,Weekend,FALSE
103,43584,15-023802,1/29/2015 3:00:00 PM,2015,1,29,15,0,Thursday,539034.8943,4808353.292,-80.517744,43.427064,Intersection,2,P.D. only,On roadway,Intersection,Daylight,Municipal,Sign Control,Functioning,FALSE,FALSE,FALSE,Clear,FALSE,BIRCHCLIFF AV; FOREST HILL DR,3/7/2019 2:39:31 PM,539034.8943,4808353.292,Q1,Weekend,FALSE
104,43585,15-023833,1/30/2015 10:15:00 PM,2015,1,30,22,15,Friday,541141.2941,4806763.756,-80.491841,43.412639,Intersection,2,P.D. only,On roadway,Rear end,Dark,Municipal,Signal Control,Functioning,FALSE,FALSE,FALSE,Clear,FALSE,BLOCK LINE RD; LAURENTIAN DR,3/7/2019 2:39:30 PM,541141.2941,4806763.756,Q1,Weekend,FALSE
105,43586,15-024204,2/2/2015 7:15:00 AM,2015,2,2,7,15,Monday,544703.7684,4811849.169,-80.447424,43.458224,Non intersection,2,P.D. only,On roadway,SMV,Daylight,Municipal,No control,Unknown,FALSE,FALSE,FALSE,Snow,FALSE,LORRAINE AVE ; LORRAINE AVE ; 4 M,3/7/2019 2:39:29 PM,544703.7684,4811849.169,Q1,Working,FALSE
106,43587,15-024300,2/2/2015 9:00:00 AM,2015,2,2,9,0,Monday,542273.6059,4808387.358,-80.47773,43.427195,Private Drive,2,P.D. only,On roadway,Intersection,Daylight,Municipal,No control,Unknown,FALSE,FALSE,FALSE,Clear,FALSE,ARDELT AVE,3/7/2019 2:39:28 PM,542273.6059,4808387.358,Q1,Working,FALSE
107,43588,15-024515,2/2/2015 2:50:00 PM,2015,2,2,14,50,Monday,546866.407,4809778.66,-80.420871,43.439449,Non intersection,2,P.D. only,On roadway,Intersection,Daylight,Municipal,No control,Unknown,FALSE,FALSE,FALSE,Clear,FALSE,SIMS ESTATE DR; FAIRWAY RD N; Near,3/7/2019 2:39:28 PM,546866.407,4809778.66,Q1,Working,FALSE
108,43589,15-024524,2/2/2015 3:52:00 PM,2015,2,2,15,52,Monday,541588.2735,4807936.633,-80.486231,43.423175,Private Drive,2,P.D. only,On roadway,Intersection,Daylight,Municipal,No control,Unknown,FALSE,FALSE,FALSE,Clear,FALSE,STRASBURG RD ; OTTAWA ST S; 75 M,3/7/2019 2:39:27 PM,541588.2735,4807936.633,Q1,Working,FALSE
109,43590,15-024575,2/2/2015 5:08:00 PM,2015,2,2,17,8,Monday,545234.4869,4808099.143,-80.441175,43.424427,Intersection,2,P.D. only,On roadway,Rear end,Daylight,Municipal,Sign Control,Functioning,FALSE,FALSE,FALSE,Clear,FALSE,GREENFIELD AV; KINGSWAY DR; Near; 20 M,3/7/2019 2:39:26 PM,545234.4869,4808099.143,Q1,Working,FALSE
110,43591,15-024628,2/2/2015 4:30:00 PM,2015,2,2,16,30,Monday,539048.7084,4806651.26,-80.517695,43.411738,Private Drive,2,P.D. only,On roadway,SMV,Daylight,Municipal,No control,Unknown,FALSE,FALSE,FALSE,Clear,FALSE,WATERCRESS CRT,3/7/2019 2:39:26 PM,539048.7084,4806651.26,Q1,Working,FALSE
111,43592,15-024633,2/2/2015 6:53:00 PM,2015,2,2,18,53,Monday,545275.1271,4806433.268,-80.440811,43.409425,Intersection,2,P.D. only,On roadway,Intersection,Dark,Municipal,Sign Control,Functioning,FALSE,FALSE,FALSE,Snow,FALSE,WILSON AV; WABANAKI DR,3/7/2019 2:39:25 PM,545275.1271,4806433.268,Q1,Working,FALSE
112,43593,15-024672,2/1/2015 9:30:00 PM,2015,2,1,21,30,Sunday,544462.8513,4803948.206,-80.451045,43.387098,Private Drive,2,P.D. only,On roadway,SMV,Dark,Municipal,No control,Unknown,FALSE,FALSE,FALSE,Snow,FALSE,SUTHERLAND WALK; At,3/7/2019 2:39:24 PM,544462.8513,4803948.206,Q1,Weekend,FALSE
113,43594,15-024696,1/25/2015 10:00:00 PM,2015,1,25,22,0,Sunday,544096.4918,4812667.029,-80.454864,43.465624,Private Drive,2,P.D. only,On roadway,SMV,Dark,Municipal,No control,Unknown,FALSE,FALSE,FALSE,Clear,FALSE,FORFAR AVE; Near,3/7/2019 2:39:23 PM,544096.4918,4812667.029,Q1,Weekend,FALSE
114,43595,15-024876,2/3/2015 7:06:00 AM,2015,2,3,7,6,Tuesday,544742.7249,4810002.13,-80.447094,43.441591,Intersection,1,Non-fatal injury,On roadway,Intersection,Daylight,Municipal,Sign Control,Functioning,FALSE,FALSE,FALSE,Clear,FALSE,FRANKLIN ST N; KENNETH AVE; At,3/7/2019 2:39:22 PM,544742.7249,4810002.13,Q1,Working,FALSE
115,43596,15-024892,2/3/2015 8:10:00 AM,2015,2,3,8,10,Tuesday,539315.8645,4810614.011,-80.51411,43.447405,Intersection,2,P.D. only,On roadway,Intersection,Daylight,Regional,Signal Control,Functioning,FALSE,FALSE,FALSE,Clear,FALSE,BELMONT AVE W; GAGE AVE ; At,3/7/2019 2:39:20 PM,539315.8645,4810614.011,Q1,Working,FALSE
116,43597,15-024935,2/3/2015 8:08:00 AM,2015,2,3,8,8,Tuesday,547818.1327,4811467.501,-80.408963,43.454595,Private Drive,2,P.D. only,On roadway,Other,Daylight,Municipal,No control,Unknown,FALSE,FALSE,FALSE,Clear,FALSE,OLD ZELLER DR; OLD ZELLER DR ; Near,3/7/2019 2:39:19 PM,547818.1327,4811467.501,Q1,Working,FALSE
117,43598,15-024938,2/3/2015 9:17:00 AM,2015,2,3,9,17,Tuesday,545875.634,4802790.4,-80.4337,43.376588,Intersection,1,Non-fatal injury,On roadway,Intersection,Daylight,Municipal,Sign Control,Functioning,FALSE,FALSE,FALSE,Clear,FALSE,DOON SOUTH DR; CRANBROOK ST,3/7/2019 2:39:19 PM,545875.634,4802790.4,Q1,Working,FALSE
118,43599,15-024979,1/21/2015 12:30:00 PM,2015,1,21,12,30,Wednesday,540791.3977,4810841.014,-80.495858,43.44937,Private Drive,2,Non-reportable,On roadway,Other,Daylight,Municipal,No control,Unknown,FALSE,FALSE,FALSE,Clear,FALSE,WATER ST S; At,3/7/2019 2:39:18 PM,540791.3977,4810841.014,Q1,Working,FALSE
119,43600,15-025227,2/3/2015 12:00:00 PM,2015,2,3,12,0,Tuesday,545025.0465,4804849.748,-80.44403,43.395182,Private Drive,2,P.D. only,On roadway,SMV,Daylight,Municipal,No control,Unknown,FALSE,FALSE,FALSE,Clear,FALSE,PIONEER DR ; Near; 1 M,3/7/2019 2:39:17 PM,545025.0465,4804849.748,Q1,Working,FALSE
120,43601,15-025244,2/3/2015 3:00:00 PM,2015,2,3,15,0,Tuesday,542177.7068,4810402.855,-80.478759,43.445348,Private Drive,2,P.D. only,On roadway,SMV,Daylight,Municipal,No control,Unknown,FALSE,FALSE,FALSE,Clear,FALSE,PANDORA AVE N,3/7/2019 2:39:16 PM,542177.7068,4810402.855,Q1,Working,FALSE
121,43602,15-025273,2/3/2015 3:00:00 PM,2015,2,3,15,0,Tuesday,545929.9064,4812104.64,-80.432247,43.46045,Private Drive,2,P.D. only,Off roadway,SMV,Daylight,Municipal,No control,Unknown,FALSE,FALSE,FALSE,Clear,FALSE,ROSE GARDEN ST; Near,3/7/2019 2:39:14 PM,545929.9064,4812104.64,Q1,Working,FALSE
122,43603,15-025284,2/3/2015 7:20:00 AM,2015,2,3,7,20,Tuesday,544723.0654,4810062.306,-80.447332,43.442134,Private Drive,2,P.D. only,On roadway,Rear end,Daylight,Municipal,No control,Unknown,FALSE,FALSE,FALSE,Clear,FALSE,FRANKLIN ST N,3/7/2019 2:39:13 PM,544723.0654,4810062.306,Q1,Working,FALSE
123,43604,15-025317,2/3/2015 7:50:00 AM,2015,2,3,7,50,Tuesday,544014.4316,4805093.529,-80.456489,43.397437,Non intersection,2,P.D. only,On roadway,Rear end,Daylight,Regional,No control,Unknown,FALSE,FALSE,FALSE,Clear,FALSE,OLD HURON RD RAMP FROM OLD HUR RD; HURON RD; Near,3/7/2019 2:39:12 PM,544014.4316,4805093.529,Q1,Working,FALSE
124,43605,15-025339,2/3/2015 5:00:00 PM,2015,2,3,17,0,Tuesday,542509.6545,4807665.722,-80.47487,43.420684,Private Drive,2,P.D. only,On roadway,Rear end,Daylight,Municipal,No control,Unknown,FALSE,FALSE,FALSE,Clear,FALSE,KINGSWOOD DR; At,3/7/2019 2:39:11 PM,542509.6545,4807665.722,Q1,Working,FALSE
125,43606,15-025703,2/4/2015 9:37:00 AM,2015,2,4,9,37,Wednesday,538900.421,4811471.658,-80.519183,43.455149,Intersection,1,Non-fatal injury,On roadway,Intersection,Daylight,Municipal,Signal Control,Functioning,FALSE,FALSE,FALSE,Snow,FALSE,UNION BLVD; BELMONT AV W; At,3/4/2020 10:19:58 AM,538900.421,4811471.658,Q1,Working,FALSE
126,43607,15-025802,2/3/2015 2:50:00 PM,2015,2,3,14,50,Tuesday,539612.0374,4811520.116,-80.510384,43.455548,Non intersection,2,P.D. only,On roadway,Intersection,Daylight,Municipal,No control,Unknown,FALSE,FALSE,FALSE,Clear,FALSE,GREEN ST; Near,3/7/2019 2:39:11 PM,539612.0374,4811520.116,Q1,Working,FALSE
127,43608,15-025864,2/4/2015 8:10:00 AM,2015,2,4,8,10,Wednesday,541068,4811108,0,0,Non intersection,2,P.D. only,On roadway,Intersection,Daylight,Municipal,No control,Unknown,FALSE,FALSE,FALSE,Clear,FALSE,SEABROOK DR; GLENVISTA DR; Near,3/7/2019 2:39:10 PM,541068,4811108,Q1,Working,FALSE
128,43609,15-026004,2/4/2015 4:20:00 PM,2015,2,4,16,20,Wednesday,544491.4646,4811765.245,-80.450055,43.457481,Intersection,2,P.D. only,On roadway,Intersection,Daylight,Municipal,Sign Control,Functioning,FALSE,FALSE,FALSE,Snow,FALSE,RIVER RD E; HALLIWELL DR ; Near; 6 M,3/7/2019 2:39:08 PM,544491.4646,4811765.245,Q1,Working,FALSE
129,43610,15-026037,2/4/2015 2:30:00 PM,2015,2,4,14,30,Wednesday,541798.1271,4810386.831,-80.483451,43.445225,Private Drive,2,P.D. only,Off roadway,SMV,Daylight,Other,No control,Unknown,FALSE,FALSE,FALSE,Snow,FALSE,MADISON AVE S; 66 MADISON AVE S; At,3/7/2019 2:39:06 PM,541798.1271,4810386.831,Q1,Working,FALSE
130,43611,15-026050,2/4/2015 5:17:00 PM,2015,2,4,17,17,Wednesday,542201.0615,4807018.187,-80.478732,43.414871,Private Drive,2,P.D. only,On roadway,Intersection,Daylight,Regional,Signal Control,Functioning,FALSE,FALSE,FALSE,Snow,FALSE,STRASBURG RD; STRASBURG RD; At; 28 M,3/7/2019 2:39:05 PM,542201.0615,4807018.187,Q1,Working,FALSE
131,43612,15-026085,2/2/2015 8:30:00 AM,2015,2,2,8,30,Monday,545745.1936,4809614.919,-80.434739,43.438044,Private Drive,2,P.D. only,On roadway,Other,Daylight,Municipal,No control,Unknown,FALSE,FALSE,FALSE,Snow,FALSE,SCENIC WOOD CRES; Near,3/7/2019 2:39:05 PM,545745.1936,4809614.919,Q1,Working,FALSE
132,43613,15-026118,2/4/2015 7:03:00 PM,2015,2,4,19,3,Wednesday,539004.6846,4811280.347,-80.517908,43.453421,Intersection,2,P.D. only,On roadway,Intersection,Dark,Municipal,Sign Control,Functioning,FALSE,FALSE,FALSE,Clear,FALSE,BELMONT AVE W; CLAREMONT AVE ; At,3/7/2019 2:39:04 PM,539004.6846,4811280.347,Q1,Working,FALSE
133,43614,15-026137,2/4/2015 7:54:00 PM,2015,2,4,19,54,Wednesday,545050.9639,4810838.926,-80.443216,43.449107,Intersection,2,P.D. only,On roadway,Intersection,Dark,Municipal,Signal Control,Functioning,FALSE,FALSE,FALSE,Clear,FALSE,RIVER RD E; HOLBORN DR; At,3/7/2019 2:39:03 PM,545050.9639,4810838.926,Q1,Working,FALSE
134,43615,15-026349,2/5/2015 8:30:00 AM,2015,2,5,8,30,Thursday,542300.5965,4813603.54,-80.476992,43.47416,Private Drive,2,P.D. only,On roadway,Rear end,Daylight,Municipal,No control,Unknown,FALSE,FALSE,FALSE,Clear,FALSE,RIVERBEND; 508; Near; 5 M,3/4/2020 10:19:58 AM,542300.5965,4813603.54,Q1,Weekend,FALSE
135,43616,15-026353,2/5/2015 8:28:00 AM,2015,2,5,8,28,Thursday,539560.0561,4809692.856,-80.511159,43.439098,Non intersection,2,P.D. only,On roadway,Rear end,Daylight,Municipal,No control,Unknown,FALSE,FALSE,FALSE,Clear,FALSE,LAWRENCE AVE ; HIGHLAND RD W; 125 M,3/7/2019 2:39:02 PM,539560.0561,4809692.856,Q1,Weekend,FALSE
136,43617,15-026384,2/5/2015 8:59:00 AM,2015,2,5,8,59,Thursday,547782.7492,4804384.133,-80.41002,43.390819,Private Drive,2,P.D. only,On roadway,Intersection,Daylight,Regional,Sign Control,Functioning,FALSE,FALSE,FALSE,Clear,FALSE,CONESTOGA COLLEGE BV; 299 DOON VALLEY DR; At; 0 M,3/7/2019 2:39:01 PM,547782.7492,4804384.133,Q1,Weekend,FALSE
137,43618,15-026411,2/4/2015 5:15:00 PM,2015,2,4,17,15,Wednesday,539404.0464,4810381.742,-80.513037,43.445309,Intersection,2,P.D. only,On roadway,Rear end,Daylight,Municipal,Sign Control,Functioning,FALSE,FALSE,FALSE,Snow,FALSE,BELMONT AV W; KARN ST; At,3/7/2019 2:39:00 PM,539404.0464,4810381.742,Q1,Working,FALSE
138,43619,15-026414,2/4/2015 2:55:00 PM,2015,2,4,14,55,Wednesday,540095.8953,4809881.493,-80.504524,43.440768,Intersection,2,P.D. only,On roadway,Intersection,Daylight,Municipal,No control,Unknown,FALSE,FALSE,FALSE,Clear,FALSE,PATRICIA AV; HIGHLAND RD W; Near,3/7/2019 2:38:59 PM,540095.8953,4809881.493,Q1,Working,FALSE
139,43620,15-026515,2/4/2015 5:20:00 PM,2015,2,4,17,20,Wednesday,539102.4869,4811060.124,-80.516715,43.451433,Non intersection,2,P.D. only,On roadway,SMV,Dark,Municipal,No control,Unknown,FALSE,FALSE,FALSE,Snow,FALSE,BELMONT AV W; GLASGOW ST; 100 M,3/7/2019 2:38:58 PM,539102.4869,4811060.124,Q1,Working,FALSE
140,43621,15-026550,2/4/2015 6:50:00 PM,2015,2,4,18,50,Wednesday,539618.3093,4811375.329,-80.510317,43.454244,Intersection,2,P.D. only,On roadway,Rear end,Dark,Municipal,No control,Unknown,FALSE,FALSE,FALSE,Snow,FALSE,PARK ST; GLASGOW ST; Near,3/7/2019 2:38:58 PM,539618.3093,4811375.329,Q1,Working,FALSE
141,43622,15-027299,2/6/2015 12:15:00 PM,2015,2,6,12,15,Friday,542119.4756,4812779.768,-80.479295,43.466753,Intersection,2,P.D. only,On roadway,Intersection,Daylight,Municipal,Sign Control,Functioning,FALSE,FALSE,FALSE,Clear,FALSE,MAPLE AV; GUELPH ST; 18 M,3/7/2019 2:38:57 PM,542119.4756,4812779.768,Q1,Weekend,FALSE
142,43623,15-027437,2/6/2015 1:00:00 PM,2015,2,6,13,0,Friday,540424.1471,4809595.583,-80.500489,43.438176,Private Drive,2,P.D. only,On roadway,Intersection,Daylight,Regional,No control,Unknown,FALSE,FALSE,FALSE,Clear,FALSE,QUEENS BLVD,3/7/2019 2:38:55 PM,540424.1471,4809595.583,Q1,Weekend,FALSE
143,43624,15-027510,2/6/2015 4:07:00 PM,2015,2,6,16,7,Friday,542405.6263,4806622.537,-80.476236,43.411297,Intersection,1,Non-fatal injury,On roadway,Rear end,Daylight,Municipal,Sign Control,Functioning,FALSE,FALSE,FALSE,Clear,FALSE,STRASBURG RD; OLD COUNTRY DR,3/7/2019 2:38:54 PM,542405.6263,4806622.538,Q1,Weekend,FALSE
144,43625,15-027594,2/6/2015 3:30:00 PM,2015,2,6,15,30,Friday,538650.5131,4808730.573,-80.522466,43.430481,Private Drive,2,P.D. only,On roadway,SMV,Daylight,Municipal,No control,Unknown,FALSE,FALSE,FALSE,Snow,FALSE,OVERLEA DR; 296 OVERLEA DR; 0 M,3/7/2019 2:38:54 PM,538650.5131,4808730.573,Q1,Weekend,FALSE
145,43626,15-027802,2/6/2015 11:40:00 PM,2015,2,6,23,40,Friday,545856.9017,4804738.286,-80.433768,43.394128,Intersection,2,P.D. only,On roadway,Intersection,Dark,Municipal,Sign Control,Functioning,FALSE,FALSE,FALSE,Snow,FALSE,PIONEER DR ; OLD CARRIAGE DR,3/7/2019 2:38:53 PM,545856.9017,4804738.286,Q1,Weekend,FALSE