,OBJECTID,ACCIDENTNUM,ACCIDENTDATE,ACCIDENT_YEAR,ACCIDENT_MONTH,ACCIDENT_DAY,ACCIDENT_HOUR,ACCIDENT_MINUTE,Accident_Day,XCOORD,YCOORD,LONGITUDE,LATITUDE,Accident_Location,COLLISIONTYPE,Accident_Type,Impact_Location,Impact_Type,Light,Road_Jurisdication,Traffic_Control,Traffic_Control_Condition,Pedestrian_Involved,Cyclist_Involved,Motorcyclist_Involved,Environment_Condition,Self_Reported,XMLIMPORTNOTES,LASTEDITEDDATE,x,y,Quarter,Day_Type,Vulnerable_Involved
146,43627,15-028218,2/7/2015 12:20:00 PM,2015,2,7,12,20,Saturday,542554.7063,4811788.499,-80.473992,43.457803,Private Drive,2,P.D. only,On roadway,Intersection,Daylight,Municipal,No control,Unknown,FALSE,FALSE,FALSE,Clear,FALSE,EDNA ST,3/7/2019 2:38:52 PM,542554.7063,4811788.499,Q1,Weekend,FALSE
147,43628,15-028296,2/7/2015 3:04:00 PM,2015,2,7,15,4,Saturday,545157.1803,4807240.34,-80.442201,43.416699,Intersection,2,P.D. only,On roadway,Intersection,Daylight,Regional,Sign Control,Functioning,FALSE,FALSE,FALSE,Clear,FALSE,WILSON AVE; WEBSTER RD; At,3/4/2020 10:19:57 AM,545157.1803,4807240.34,Q1,Weekend,FALSE
148,43629,15-028471,2/1/2015 7:24:00 PM,2015,2,1,19,24,Sunday,538397.2352,4807410.839,-80.525688,43.418611,Non intersection,2,P.D. only,Off roadway,SMV,Dark,Municipal,No control,Unknown,FALSE,FALSE,FALSE,Clear,FALSE,FORESTWOOD DR; GLEN PARK CRES ; 17 M,3/7/2019 2:38:51 PM,538397.2352,4807410.84,Q1,Weekend,FALSE
149,43630,15-028565,2/7/2015 9:45:00 PM,2015,2,7,21,45,Saturday,547240.8698,4808923.204,-80.416318,43.431723,Private Drive,2,P.D. only,On roadway,SMV,Dark,Municipal,No control,Unknown,FALSE,FALSE,FALSE,Clear,FALSE,QUINTE CRES ;  12 QUINTE CRES ; Near; 0 M,3/7/2019 2:38:50 PM,547240.8697,4808923.204,Q1,Weekend,FALSE
150,43631,15-029002,2/8/2015 1:45:00 PM,2015,2,8,13,45,Sunday,544904.2214,4810638.701,-80.445046,43.447313,Private Drive,1,Non-fatal injury,Off roadway,SMV,Daylight,Municipal,No control,Unknown,TRUE,FALSE,FALSE,Snow,FALSE,DOOLEY DR; 22 DOOLEY DR; 1 M,3/7/2019 2:38:48 PM,544904.2214,4810638.701,Q1,Weekend,FALSE
151,43632,15-029268,2/8/2015 6:30:00 PM,2015,2,8,18,30,Sunday,541141.2995,4806762.868,-80.491841,43.412631,Intersection,2,P.D. only,On roadway,SMV,Dark,Municipal,Sign Control,Functioning,FALSE,FALSE,FALSE,Snow,FALSE,LAURENTIAN DR; BLOCK LINE RD; At; 0.5 M,3/7/2019 2:38:48 PM,541141.2995,4806762.868,Q1,Weekend,FALSE
152,43633,15-029324,2/8/2015 11:30:00 PM,2015,2,8,23,30,Sunday,536519.5412,4808251.025,-80.548826,43.42627,Non intersection,2,P.D. only,On roadway,SMV,Dark,Municipal,No control,Unknown,FALSE,FALSE,FALSE,Snow,FALSE,WESTMEADOW DR; 318 WESTMEADOW DR; At; 9 M,3/7/2019 2:38:47 PM,536519.5412,4808251.025,Q1,Weekend,FALSE
153,43634,15-029441,2/4/2015 10:00:00 AM,2015,2,4,10,0,Wednesday,540482.4576,4811017.293,-80.499663,43.450974,Non intersection,2,P.D. only,On roadway,SMV,Daylight,Municipal,No control,Unknown,FALSE,FALSE,FALSE,Clear,FALSE,JOSEPH ST; VICTORIA ST S; Near; 15 M,3/7/2019 2:38:46 PM,540482.4576,4811017.293,Q1,Working,FALSE
154,43635,15-029451,2/9/2015 8:16:00 AM,2015,2,9,8,16,Monday,540575.2774,4809522.635,-80.498627,43.437511,Intersection,2,P.D. only,On roadway,Other,Daylight,Municipal,Sign Control,Functioning,FALSE,FALSE,FALSE,Clear,FALSE,PLEASANT AVE ; BINSCARTH RD ; At,3/7/2019 2:38:46 PM,540575.2774,4809522.635,Q1,Working,FALSE
155,43636,15-029542,2/8/2015 2:50:00 PM,2015,2,8,14,50,Sunday,539323.3555,4805578.458,-80.51438,43.402064,Private Drive,2,P.D. only,On roadway,Other,Daylight,Municipal,No control,Unknown,FALSE,FALSE,FALSE,Snow,FALSE,REISTVIEW ST; At,3/7/2019 2:38:45 PM,539323.3555,4805578.458,Q1,Weekend,FALSE
156,43637,15-029568,2/9/2015 8:30:00 AM,2015,2,9,8,30,Monday,542056.4314,4810554.585,-80.480246,43.446721,Private Drive,2,P.D. only,On roadway,Other,Daylight,Municipal,No control,Unknown,FALSE,FALSE,FALSE,Clear,FALSE,CAMERON ST N,3/7/2019 2:38:44 PM,542056.4314,4810554.585,Q1,Working,FALSE
157,43638,15-029598,2/9/2015 11:00:00 AM,2015,2,9,11,0,Monday,541243.6472,4809264.141,-80.490388,43.435147,Private Drive,2,P.D. only,On roadway,Intersection,Daylight,Municipal,No control,Unknown,FALSE,FALSE,FALSE,Clear,FALSE,HIGHLAND RD E; HIGHLAND RD E; Near; 8 M,3/7/2019 2:38:43 PM,541243.6472,4809264.141,Q1,Working,FALSE
158,43639,15-029689,2/8/2015 2:30:00 PM,2015,2,8,14,30,Sunday,542817.562,4803662.37,-80.47138,43.38462,Private Drive,2,P.D. only,On roadway,SMV,Daylight,Municipal,No control,Unknown,FALSE,FALSE,FALSE,Clear,FALSE,ROCKCLIFFE,3/7/2019 2:38:42 PM,542817.562,4803662.37,Q1,Weekend,FALSE
159,43640,15-029747,2/5/2015 9:45:00 AM,2015,2,5,9,45,Thursday,548195.3792,4806317.99,-80.404755,43.408205,Non intersection,2,P.D. only,Off roadway,SMV,Daylight,Municipal,No control,Unknown,FALSE,FALSE,FALSE,Clear,FALSE,CANDLE CRES; Near,3/7/2019 2:38:41 PM,548195.3792,4806317.99,Q1,Weekend,FALSE
160,43641,15-029883,2/9/2015 6:35:00 AM,2015,2,9,6,35,Monday,536897.0166,4808763.844,-80.544128,43.430869,Intersection,2,P.D. only,On roadway,Intersection,Dark,Municipal,Sign Control,Functioning,FALSE,FALSE,FALSE,Clear,FALSE,WESTFOREST TL; HIDDEN CREEK DR,3/7/2019 2:38:41 PM,536897.0166,4808763.845,Q1,Working,FALSE
161,43642,15-030209,2/10/2015 8:16:00 AM,2015,2,10,8,16,Tuesday,545906.8686,4809345.136,-80.432764,43.435605,Intersection,1,Non-fatal injury,On roadway,Intersection,Daylight,Municipal,Sign Control,Functioning,FALSE,FALSE,FALSE,Clear,FALSE,KINZIE AV; THALER AV,3/7/2019 2:38:40 PM,545906.8686,4809345.137,Q1,Working,FALSE
162,43643,15-030241,2/10/2015 9:01:00 AM,2015,2,10,9,1,Tuesday,540228.6954,4809352.412,-80.502922,43.435997,Private Drive,1,Non-fatal injury,On roadway,Other,Daylight,Municipal,No control,Unknown,FALSE,FALSE,FALSE,Clear,FALSE,BELMONT AVE E; 17 BELMONT AVE E; Near; 0 M,3/7/2019 2:38:39 PM,540228.6954,4809352.412,Q1,Working,FALSE
163,43644,15-030396,2/10/2015 11:57:00 AM,2015,2,10,11,57,Tuesday,541246.7467,4811323.681,-80.490194,43.453691,Non intersection,2,Non-reportable,On roadway,SMV,Daylight,Municipal,No control,Unknown,FALSE,FALSE,FALSE,Clear,FALSE,YOUNG ST; ROY ST ; 25 M,3/7/2019 2:38:38 PM,541246.7467,4811323.681,Q1,Working,FALSE
164,43645,15-030441,2/10/2015 12:53:00 PM,2015,2,10,12,53,Tuesday,541441.346,4803781.618,-80.488361,43.385771,Private Drive,2,P.D. only,On roadway,Other,Daylight,Municipal,No control,Unknown,FALSE,FALSE,FALSE,Clear,FALSE,SOPHIA CRES; 90 SOPHIA CRES ; At; 0 M,3/7/2019 2:38:38 PM,541441.346,4803781.618,Q1,Working,FALSE
165,43646,15-030461,2/10/2015 1:25:00 PM,2015,2,10,13,25,Tuesday,545443.6995,4811083.567,-80.438342,43.451286,Private Drive,2,P.D. only,Off roadway,SMV,Daylight,Municipal,Sign Control,Functioning,FALSE,FALSE,FALSE,Snow,FALSE,BLACKFRIARS PL; HOLBORN DR ; 5 M,3/7/2019 2:38:37 PM,545443.6995,4811083.567,Q1,Working,FALSE
166,43647,15-030551,2/10/2015 2:00:00 PM,2015,2,10,14,0,Tuesday,542410.4405,4812471.953,-80.475722,43.463965,Private Drive,2,P.D. only,On roadway,Intersection,Daylight,Municipal,No control,Unknown,FALSE,FALSE,FALSE,Clear,FALSE,WELLINGTON ST N; Near,3/7/2019 2:38:36 PM,542410.4405,4812471.953,Q1,Working,FALSE
167,43648,15-030717,2/10/2015 8:55:00 AM,2015,2,10,8,55,Tuesday,540118.9696,4805713.635,-80.504545,43.403239,Non intersection,2,P.D. only,On roadway,SMV,Daylight,Municipal,No control,Unknown,FALSE,FALSE,FALSE,Clear,FALSE,COMMONWEALTH CRES; Near,3/7/2019 2:38:36 PM,540118.9696,4805713.635,Q1,Working,FALSE
168,43649,15-031476,2/11/2015 4:35:00 PM,2015,2,11,16,35,Wednesday,541961.5159,4810515.233,-80.481422,43.446372,Private Drive,2,P.D. only,Off roadway,SMV,Daylight,Regional,No control,Unknown,FALSE,FALSE,FALSE,Snow,FALSE,KING ST E; 505 KING ST E; 0 M,3/7/2019 2:38:35 PM,541961.5159,4810515.233,Q1,Working,FALSE
169,43650,15-031600,2/11/2015 7:26:00 PM,2015,2,11,19,26,Wednesday,542354.823,4806422.087,-80.476879,43.409495,Intersection,2,P.D. only,On roadway,Intersection,Dark,Municipal,Sign Control,Functioning,FALSE,FALSE,FALSE,Snow,FALSE,THE COUNTRY WY; TUERR DR ; 4 M,3/7/2019 2:38:34 PM,542354.823,4806422.087,Q1,Working,FALSE
170,43651,15-031780,2/12/2015 2:38:00 AM,2015,2,12,2,38,Thursday,544910.6258,4812482.379,-80.444815,43.463913,Intersection,2,P.D. only,Off roadway,SMV,Dark,Municipal,Sign Control,Functioning,FALSE,FALSE,FALSE,Snow,FALSE,HALIFAX DR; NATCHEZ RD,3/7/2019 2:38:33 PM,544910.6258,4812482.379,Q1,Weekend,FALSE
171,43652,15-031870,2/12/2015 7:40:00 AM,2015,2,12,7,40,Thursday,539262.6747,4811202.103,-80.514725,43.452703,Private Drive,2,P.D. only,On roadway,Other,Daylight,Municipal,No control,Unknown,FALSE,FALSE,FALSE,Clear,FALSE,GLASGOW ST; At,3/7/2019 2:38:33 PM,539262.6747,4811202.103,Q1,Weekend,FALSE
172,43653,15-031911,2/12/2015 9:16:00 AM,2015,2,12,9,16,Thursday,536499.9456,4808671.17,-80.54904,43.430054,Intersection,2,P.D. only,On roadway,Intersection,Daylight,Regional,Sign Control,Functioning,FALSE,FALSE,FALSE,Clear,FALSE,HIGHGATE RD ; VICTORIA ST S,3/7/2019 2:38:32 PM,536499.9456,4808671.17,Q1,Weekend,FALSE
173,43654,15-031914,2/12/2015 8:00:00 AM,2015,2,12,8,0,Thursday,546577.0172,4808417.252,-80.424563,43.427209,Private Drive,2,P.D. only,On roadway,SMV,Daylight,Municipal,No control,Unknown,FALSE,FALSE,FALSE,Clear,FALSE,MORGAN AVE; At,3/7/2019 2:38:31 PM,546577.0172,4808417.252,Q1,Weekend,FALSE
174,43655,15-032136,2/12/2015 7:40:00 AM,2015,2,12,7,40,Thursday,541481.7979,4810809.354,-80.487328,43.449047,Non intersection,2,P.D. only,On roadway,Intersection,Daylight,Regional,No control,Unknown,FALSE,FALSE,FALSE,Clear,FALSE,KING ST E,3/7/2019 2:38:31 PM,541481.7979,4810809.354,Q1,Weekend,FALSE
175,43656,15-032162,2/12/2015 2:47:00 PM,2015,2,12,14,47,Thursday,539190.3015,4810387.715,-80.515678,43.445374,Private Drive,1,Non-fatal injury,On roadway,Intersection,Daylight,Municipal,No control,Unknown,FALSE,FALSE,FALSE,Clear,FALSE,BRYBECK CRES; WESTMOUNT RD W; 1 K,3/7/2019 2:38:30 PM,539190.3015,4810387.715,Q1,Weekend,FALSE
176,43657,15-032243,2/12/2015 8:40:00 AM,2015,2,12,8,40,Thursday,547772.4106,4804357.183,-80.41015,43.390577,Non intersection,2,P.D. only,On roadway,Rear end,Daylight,Municipal,No control,Unknown,FALSE,FALSE,FALSE,Clear,FALSE,CONESTOGA COLLEGE BV; DOON VALLEY DR; Near,3/7/2019 2:38:29 PM,547772.4106,4804357.183,Q1,Weekend,FALSE
177,43658,15-032460,2/12/2015 10:01:00 PM,2015,2,12,22,1,Thursday,539691.553,4808360.788,-80.509631,43.427097,Non intersection,2,P.D. only,On roadway,SMV,Dark,Municipal,No control,Unknown,FALSE,FALSE,FALSE,Clear,FALSE,RIPPLEWOOD CRES; 39 RIPPLEWOOD CRES; 6 M,3/7/2019 2:38:28 PM,539691.553,4808360.789,Q1,Weekend,FALSE
178,43659,15-032514,2/12/2015 11:49:00 PM,2015,2,12,23,49,Thursday,541798.6958,4810621.396,-80.483426,43.447337,Intersection,1,Non-fatal injury,On roadway,Intersection,Dark,Regional,Signal Control,Functioning,FALSE,FALSE,FALSE,Clear,FALSE,KING ST E; CEDAR ST N,3/7/2019 2:38:27 PM,541798.6958,4810621.396,Q1,Weekend,FALSE
179,43660,15-032625,2/13/2015 8:00:00 AM,2015,2,13,8,0,Friday,541418.1826,4808611.504,-80.488281,43.429261,Intersection,2,P.D. only,On roadway,Rear end,Daylight,Regional,Signal Control,Functioning,FALSE,FALSE,FALSE,Clear,FALSE,HOMER WATSON BLVD ; W B HIGHWAY 7 8 ; 50 M,3/7/2019 2:38:26 PM,541418.1826,4808611.504,Q1,Weekend,FALSE
180,43661,15-032653,2/13/2015 8:45:00 AM,2015,2,13,8,45,Friday,546366.5924,4810778.322,-80.426962,43.448481,Non intersection,2,P.D. only,On roadway,SMV,Daylight,Municipal,No control,Unknown,FALSE,FALSE,FALSE,Clear,FALSE,SPRINGMOUNT DR; OLDFIELD DR ; 38 M,3/7/2019 2:38:25 PM,546366.5924,4810778.322,Q1,Weekend,FALSE
181,43662,15-032655,2/13/2015 8:00:00 AM,2015,2,13,8,0,Friday,541415.9904,4808612.601,-80.488308,43.429271,Intersection,2,P.D. only,On roadway,Rear end,Daylight,Regional,Signal Control,Functioning,FALSE,FALSE,FALSE,Clear,FALSE,HOMER WATSON BV; OFF RAMP HIGHWAY 7 ; 60 M,3/7/2019 2:38:24 PM,541415.9904,4808612.601,Q1,Weekend,FALSE
182,43663,15-032862,2/13/2015 1:27:00 PM,2015,2,13,13,27,Friday,549322.6729,4806283.04,-80.390836,43.407817,Private Drive,1,Non-fatal injury,On roadway,Intersection,Daylight,Municipal,Sign Control,Functioning,FALSE,FALSE,FALSE,Clear,FALSE,GATEWAY PARK DR ; SPORTSWORLD DR ; At; 200 M,3/7/2019 2:38:24 PM,549322.6729,4806283.04,Q1,Weekend,FALSE
183,43664,15-033005,2/13/2015 4:22:00 PM,2015,2,13,16,22,Friday,539818.0342,4809148.288,-80.508011,43.434181,Intersection,2,P.D. only,On roadway,Rear end,Daylight,Municipal,Sign Control,Functioning,FALSE,FALSE,FALSE,Clear,FALSE,QUEENS BV; BLUERIDGE AV,3/7/2019 2:38:23 PM,539818.0342,4809148.288,Q1,Weekend,FALSE
184,43665,15-033038,2/13/2015 2:30:00 PM,2015,2,13,14,30,Friday,541581.1971,4810751.215,-80.486104,43.448518,Intersection,2,P.D. only,On roadway,Intersection,Daylight,Regional,Sign Control,Functioning,FALSE,FALSE,FALSE,Clear,FALSE,KING ST E; SCOTT ST,3/7/2019 2:38:22 PM,541581.1971,4810751.215,Q1,Weekend,FALSE
185,43666,15-033042,2/13/2015 5:00:00 PM,2015,2,13,17,0,Friday,538128.4468,4807399.32,-80.529009,43.418521,Non intersection,2,P.D. only,On roadway,Other,Daylight,Municipal,No control,Unknown,FALSE,FALSE,FALSE,Clear,FALSE,ROYAL ORCHARD DR; WINDY WOOD CRT ; 20 M,3/7/2019 2:38:21 PM,538128.4468,4807399.32,Q1,Weekend,FALSE
186,43667,15-033051,2/13/2015 4:00:00 PM,2015,2,13,16,0,Friday,549118.2679,4806320.866,-80.393357,43.408171,Intersection,1,Non-fatal injury,On roadway,Rear end,Daylight,Regional,Signal Control,Functioning,FALSE,FALSE,FALSE,Clear,FALSE,SPORTSWORLD DR; GATEWAY PARK DR; Near,3/7/2019 2:38:19 PM,549118.2679,4806320.866,Q1,Weekend,FALSE
187,43668,15-033105,2/13/2015 4:00:00 PM,2015,2,13,16,0,Friday,542480.7941,4806759.06,-80.475297,43.412522,Non intersection,2,P.D. only,On roadway,Other,Daylight,Municipal,No control,Unknown,FALSE,FALSE,FALSE,Clear,FALSE,CEDARHILL CRES; Near,3/7/2019 2:38:18 PM,542480.7941,4806759.06,Q1,Weekend,FALSE
188,43669,15-033166,2/13/2015 8:04:00 PM,2015,2,13,20,4,Friday,545050.0115,4810836.143,-80.443228,43.449082,Intersection,1,Non-fatal injury,On roadway,Intersection,Dark,Municipal,Signal Control,Functioning,FALSE,FALSE,FALSE,Snow,FALSE,RIVER RD E; HOLBORN DR ; At,3/7/2019 2:38:17 PM,545050.0115,4810836.143,Q1,Weekend,FALSE
189,43670,15-033268,2/13/2015 10:48:00 PM,2015,2,13,22,48,Friday,542635.2131,4805358.334,-80.473499,43.399901,Intersection,2,P.D. only,On roadway,Intersection,Dark,Municipal,Sign Control,Functioning,FALSE,FALSE,FALSE,Snow,FALSE,MCBRINE DR; TRILLIUM DR; At,3/7/2019 2:38:17 PM,542635.2131,4805358.334,Q1,Weekend,FALSE
190,43671,15-033707,2/13/2015 6:30:00 PM,2015,2,13,18,30,Friday,539617.341,4811374.879,-80.510329,43.45424,Private Drive,2,P.D. only,On roadway,Intersection,Dusk,Municipal,No control,Unknown,FALSE,FALSE,FALSE,Snow,FALSE,GLASGOW ST; PARK ST; Near,3/7/2019 2:38:16 PM,539617.341,4811374.879,Q1,Weekend,FALSE
191,43672,15-033864,2/14/2015 8:25:00 PM,2015,2,14,20,25,Saturday,539724.6003,4810981.021,-80.509032,43.450688,Non intersection,2,P.D. only,On roadway,Rear end,Dark,Municipal,No control,Unknown,FALSE,FALSE,FALSE,Clear,FALSE,STRANGE ST; WAVERLY RD ; 80 M,3/7/2019 2:38:15 PM,539724.6003,4810981.021,Q1,Weekend,FALSE
192,43673,15-034393,2/15/2015 5:06:00 PM,2015,2,15,17,6,Sunday,538457.9237,4808480.918,-80.524863,43.428243,Private Drive,2,P.D. only,On roadway,Intersection,Daylight,Regional,No control,Unknown,FALSE,FALSE,FALSE,Clear,FALSE,QUEENS BLVD ; FISCHER HALLMAN RD ; 250 M,3/7/2019 2:38:13 PM,538457.9237,4808480.918,Q1,Weekend,FALSE
193,43674,15-034708,2/16/2015 7:34:00 AM,2015,2,16,7,34,Monday,541264.9475,4809222.068,-80.490128,43.434767,Private Drive,2,P.D. only,On roadway,Intersection,Daylight,Municipal,No control,Unknown,FALSE,FALSE,FALSE,Clear,FALSE,HIGHLAND RD E; 316 HIGHLAND RD E ; 1 M,3/7/2019 2:38:12 PM,541264.9475,4809222.068,Q1,Working,FALSE
194,43675,15-034980,2/15/2015 4:30:00 PM,2015,2,15,16,30,Sunday,545230.562,4807754.825,-80.441252,43.421327,Private Drive,2,P.D. only,On roadway,Intersection,Daylight,Municipal,No control,Unknown,FALSE,FALSE,FALSE,Clear,FALSE,WILSON AVE ; FAIRWAY RD S; At; 60 M,3/7/2019 2:38:10 PM,545230.562,4807754.825,Q1,Weekend,FALSE
195,43676,15-035040,2/15/2015 3:45:00 PM,2015,2,15,15,45,Sunday,538864.6391,4805855.896,-80.520025,43.404586,Non intersection,1,Non-fatal injury,On roadway,Intersection,Daylight,Municipal,No control,Unknown,FALSE,FALSE,FALSE,Clear,FALSE,ACTIVA AV; DAVID BERGEY DR; Near,3/7/2019 2:38:09 PM,538864.6391,4805855.896,Q1,Weekend,FALSE
196,43677,15-035457,2/17/2015 9:21:00 AM,2015,2,17,9,21,Tuesday,538181.216,4810347.274,-80.528151,43.445062,Intersection,2,P.D. only,On roadway,SMV,Daylight,Municipal,No control,Unknown,FALSE,FALSE,FALSE,Clear,FALSE,WESTWOOD DR ; WESTWOOD CRES ; At,3/7/2019 2:38:08 PM,538181.216,4810347.274,Q1,Working,FALSE
197,43678,15-035485,2/17/2015 6:55:00 AM,2015,2,17,6,55,Tuesday,544812.685,4813463.632,-80.445945,43.472754,Private Drive,2,P.D. only,On roadway,Intersection,Dark,Municipal,No control,Unknown,FALSE,FALSE,FALSE,Clear,FALSE,BINGEMANS CENTRE DR; Near,3/7/2019 2:38:08 PM,544812.685,4813463.632,Q1,Working,FALSE
198,43679,15-035711,2/17/2015 2:16:00 PM,2015,2,17,14,16,Tuesday,542346.7312,4806472.902,-80.476975,43.409953,Non intersection,2,P.D. only,On roadway,SMV,Daylight,Municipal,No control,Unknown,FALSE,FALSE,FALSE,Clear,FALSE,THE COUNTRY WAY; 147 THE COUNTRY WAY; 6 M,3/7/2019 2:38:07 PM,542346.7312,4806472.902,Q1,Working,FALSE
199,43680,15-035762,2/17/2015 3:48:00 PM,2015,2,17,15,48,Tuesday,544876.4743,4807937.267,-80.445611,43.422991,Private Drive,1,Non-fatal injury,On roadway,Intersection,Daylight,Regional,No control,Unknown,FALSE,FALSE,FALSE,Clear,FALSE,WILSON AVE ; FAIRWAY RD S; Near; 8 M,3/7/2019 2:38:06 PM,544876.4743,4807937.267,Q1,Working,FALSE
200,43681,15-035766,2/17/2015 3:52:00 PM,2015,2,17,15,52,Tuesday,545466.4527,4808764.741,-80.438254,43.430406,Non intersection,2,P.D. only,On roadway,Intersection,Daylight,Municipal,No control,Unknown,FALSE,FALSE,FALSE,Clear,FALSE,KING ST E; KINZIE AVE ; 200 M,3/7/2019 2:38:05 PM,545466.4527,4808764.741,Q1,Working,FALSE
201,43682,15-035818,2/17/2015 5:00:00 PM,2015,2,17,17,0,Tuesday,541904.8862,4810552.087,-80.482119,43.446707,Intersection,1,Non-fatal injury,On roadway,SMV,Daylight,Regional,Sign Control,Functioning,TRUE,FALSE,FALSE,Clear,FALSE,KING ST E; MADISON AVE S; At; 0 M,3/7/2019 2:38:04 PM,541904.8862,4810552.087,Q1,Working,FALSE
202,43683,15-036148,2/18/2015 8:29:00 AM,2015,2,18,8,29,Wednesday,543030.3151,4811691.23,-80.468121,43.4569,Private Drive,2,P.D. only,On roadway,SMV,Daylight,Municipal,No control,Unknown,FALSE,FALSE,FALSE,Clear,FALSE,BOURNEMOUTH AVE; 9 BOURNEMOUTH AVE; Near; 2 M,3/7/2019 2:38:03 PM,543030.3151,4811691.23,Q1,Working,FALSE
203,43684,15-036152,2/18/2015 8:00:00 AM,2015,2,18,8,0,Wednesday,545574.0195,4810765.031,-80.436758,43.44841,Private Drive,2,P.D. only,On roadway,Other,Daylight,Municipal,No control,Unknown,FALSE,FALSE,FALSE,Clear,FALSE,OLD CHICOPEE DR,3/7/2019 2:38:01 PM,545574.0195,4810765.031,Q1,Working,FALSE
204,43685,15-036173,2/18/2015 8:40:00 AM,2015,2,18,8,40,Wednesday,539338.7732,4806003.797,-80.514159,43.405893,Non intersection,2,P.D. only,Off roadway,SMV,Daylight,Municipal,No control,Unknown,FALSE,FALSE,FALSE,Clear,FALSE,ACTIVA AVE; MAX BECKER DR ; Near; 150 M,3/7/2019 2:38:01 PM,539338.7732,4806003.797,Q1,Working,FALSE
205,43686,15-036494,2/18/2015 4:36:00 PM,2015,2,18,16,36,Wednesday,541068,4811108,0,0,Private Drive,2,P.D. only,Off roadway,SMV,Daylight,Municipal,Sign Control,Functioning,FALSE,FALSE,FALSE,Snow,FALSE,PINEGLEN CRES ; 262 PINEGLEN CRES ; Near; 10 M,3/7/2019 2:38:00 PM,541068,4811108,Q1,Working,FALSE
206,43687,15-036531,2/18/2015 4:00:00 PM,2015,2,18,16,0,Wednesday,539751.5748,4811442.306,-80.508665,43.45484,Non intersection,2,P.D. only,On roadway,Other,Daylight,Municipal,No control,Unknown,FALSE,FALSE,FALSE,Snow,FALSE,WALTER ST ; PARK ST; Near,3/7/2019 2:37:59 PM,539751.5748,4811442.306,Q1,Working,FALSE
207,43688,15-036775,2/19/2015 3:50:00 AM,2015,2,19,3,50,Thursday,544196.658,4812553.069,-80.453635,43.464592,Private Drive,2,P.D. only,Off roadway,SMV,Dark,Municipal,No control,Unknown,FALSE,FALSE,FALSE,Snow,FALSE,FORFAR AVE; 94 FORFAR AVE; At; 0 M,3/7/2019 2:37:59 PM,544196.658,4812553.069,Q1,Weekend,FALSE
208,43689,15-036784,2/19/2015 3:50:00 AM,2015,2,19,3,50,Thursday,544194.3077,4812553.72,-80.453664,43.464598,Private Drive,2,P.D. only,Off roadway,SMV,Dark,Municipal,No control,Unknown,FALSE,FALSE,FALSE,Snow,FALSE,FORFAR AVE; 94 FORFAR AVE; At; 0 M,3/7/2019 2:37:58 PM,544194.3077,4812553.72,Q1,Weekend,FALSE
209,43690,15-036921,2/19/2015 10:00:00 AM,2015,2,19,10,0,Thursday,540703.3204,4812254.516,-80.496841,43.462102,Non intersection,2,P.D. only,On roadway,Intersection,Daylight,Municipal,No control,Unknown,FALSE,FALSE,FALSE,Clear,FALSE,GUELPH ST; AHRENS ST W; 5 M,3/7/2019 2:37:57 PM,540703.3204,4812254.516,Q1,Weekend,FALSE
210,43691,15-037054,2/19/2015 8:30:00 AM,2015,2,19,8,30,Thursday,541909.6303,4808342.995,-80.48223,43.426816,Intersection,2,P.D. only,On roadway,Rear end,Daylight,Regional,Signal Control,Functioning,FALSE,FALSE,FALSE,Other,FALSE,HOMER WATSON BV; OTTAWA ST S,3/7/2019 2:37:56 PM,541909.6303,4808342.995,Q1,Weekend,FALSE
211,43692,15-037209,2/19/2015 4:25:00 PM,2015,2,19,16,25,Thursday,542122.839,4810481.144,-80.479431,43.446056,Private Drive,2,P.D. only,On roadway,Intersection,Daylight,Regional,No control,Unknown,FALSE,FALSE,FALSE,Snow,FALSE,BETZNER AVE N; BETZNER AV N; 1 M,3/7/2019 2:37:55 PM,542122.839,4810481.144,Q1,Weekend,FALSE
212,43693,15-037219,2/19/2015 4:44:00 PM,2015,2,19,16,44,Thursday,539003.7137,4811280.341,-80.51792,43.453421,Intersection,2,P.D. only,On roadway,Intersection,Daylight,Municipal,Signal Control,Functioning,FALSE,FALSE,FALSE,Clear,FALSE,BELMONT AVE W; CLAREMONT AVE ; At; 20 M,3/7/2019 2:37:54 PM,539003.7137,4811280.341,Q1,Weekend,FALSE
213,43694,15-037229,2/19/2015 4:54:00 PM,2015,2,19,16,54,Thursday,540092.3985,4811870.578,-80.504421,43.458678,Other,2,P.D. only,Off roadway,Intersection,Daylight,Other,No control,Unknown,FALSE,FALSE,FALSE,Snow,FALSE,MOORE AVE ; MOORE AVE,3/7/2019 2:37:54 PM,540092.3985,4811870.578,Q1,Weekend,FALSE
214,43695,15-037699,2/20/2015 9:10:00 AM,2015,2,20,9,10,Friday,539112.1292,4811127.483,-80.516591,43.452039,Private Drive,1,Non-fatal injury,On roadway,Intersection,Daylight,Municipal,Signal Control,Functioning,FALSE,FALSE,FALSE,Clear,FALSE,GLASGOW ST; Near,3/7/2019 2:37:53 PM,539112.1292,4811127.483,Q1,Weekend,FALSE
215,43696,15-037758,2/20/2015 11:51:00 AM,2015,2,20,11,51,Friday,544881.2441,4811197.191,-80.445284,43.452343,Private Drive,2,P.D. only,On roadway,Intersection,Daylight,Municipal,No control,Unknown,FALSE,FALSE,FALSE,Clear,FALSE,RIVER RD E; OTTAWA ST N; Near; 62 M,3/7/2019 2:37:52 PM,544881.2441,4811197.191,Q1,Weekend,FALSE
216,43697,15-037926,2/20/2015 3:40:00 PM,2015,2,20,15,40,Friday,542629.6244,4803998.361,-80.473674,43.387656,Intersection,2,P.D. only,On roadway,Intersection,Daylight,Regional,Sign Control,Functioning,FALSE,FALSE,FALSE,Clear,FALSE,HURON RD ; FEATHERSTONE ST ; At,3/7/2019 2:37:51 PM,542629.6244,4803998.361,Q1,Weekend,FALSE
217,43698,15-038032,2/20/2015 6:24:00 PM,2015,2,20,18,24,Friday,540871.6647,4810267.202,-80.494909,43.444199,Intersection,2,P.D. only,On roadway,Intersection,Daylight,Municipal,Sign Control,Functioning,FALSE,FALSE,FALSE,Clear,FALSE,MILL ST; MILL ST ; 12 M,3/7/2019 2:37:51 PM,540871.6647,4810267.202,Q1,Weekend,FALSE