,OBJECTID,ACCIDENTNUM,ACCIDENTDATE,ACCIDENT_YEAR,ACCIDENT_MONTH,ACCIDENT_DAY,ACCIDENT_HOUR,ACCIDENT_MINUTE,Accident_Day,XCOORD,YCOORD,LONGITUDE,LATITUDE,Accident_Location,COLLISIONTYPE,Accident_Type,Impact_Location,Impact_Type,Light,Road_Jurisdication,Traffic_Control,Traffic_Control_Condition,Pedestrian_Involved,Cyclist_Involved,Motorcyclist_Involved,Environment_Condition,Self_Reported,XMLIMPORTNOTES,LASTEDITEDDATE,x,y,Quarter,Day_Type,Vulnerable_Involved
218,43699,15-038263,2/21/2015 12:22:00 AM,2015,2,21,0,22,Saturday,540776.1439,4811155.558,-80.496023,43.452203,Non intersection,2,P.D. only,Off roadway,SMV,Dark,Regional,No control,Unknown,FALSE,FALSE,FALSE,Clear,FALSE,KING ST W; FRANCIS ST N; 30 M,3/7/2019 2:37:50 PM,540776.1439,4811155.558,Q1,Weekend,FALSE
219,43700,15-038480,2/21/2015 10:54:00 AM,2015,2,21,10,54,Saturday,539674.0351,4805818.734,-80.510032,43.404209,Non intersection,2,P.D. only,On roadway,SMV,Daylight,Municipal,No control,Unknown,FALSE,FALSE,FALSE,Snow,FALSE,MAX BECKER DR; LEMONBALM ST ; 37 M,3/7/2019 2:37:49 PM,539674.0351,4805818.734,Q1,Weekend,FALSE
220,43701,15-038485,2/21/2015 11:06:00 AM,2015,2,21,11,6,Saturday,538900.4325,4811469.658,-80.519183,43.455131,Intersection,2,P.D. only,On roadway,Intersection,Daylight,Municipal,Signal Control,Functioning,FALSE,FALSE,FALSE,Snow,FALSE,UNION BV; BELMONT AVE W,3/7/2019 2:37:48 PM,538900.4325,4811469.659,Q1,Weekend,FALSE
221,43702,15-038561,2/21/2015 12:57:00 PM,2015,2,21,12,57,Saturday,543259.6174,4807373.844,-80.465629,43.418013,Non intersection,2,P.D. only,On roadway,Other,Daylight,Municipal,No control,Unknown,FALSE,FALSE,FALSE,Snow,FALSE,FALLOWFIELD DR; BLOCK LINE RD ; Near; 200 M,3/7/2019 2:37:48 PM,543259.6174,4807373.844,Q1,Weekend,FALSE
222,43703,15-038573,2/21/2015 1:20:00 PM,2015,2,21,13,20,Saturday,540806.9456,4810879.091,-80.495663,43.449712,Intersection,2,P.D. only,On roadway,Intersection,Daylight,Municipal,Signal Control,Functioning,FALSE,FALSE,FALSE,Clear,FALSE,JOSEPH ST; WATER ST S; At,3/7/2019 2:37:47 PM,540806.9456,4810879.091,Q1,Weekend,FALSE
223,43704,15-038702,2/21/2015 4:34:00 PM,2015,2,21,16,34,Saturday,541295.3571,4808670.391,-80.489794,43.429798,Non intersection,2,P.D. only,On roadway,Other,Daylight,Regional,No control,Unknown,FALSE,FALSE,FALSE,Snow,FALSE,HOMER WATSON BV; HOFFMAN ST ; 157 M,3/7/2019 2:37:46 PM,541295.3571,4808670.391,Q1,Weekend,FALSE
224,43705,15-039192,2/21/2015 1:15:00 PM,2015,2,21,13,15,Saturday,541005.2479,4811400.95,-80.493173,43.4544,Private Drive,2,P.D. only,On roadway,Intersection,Daylight,Municipal,No control,Unknown,FALSE,FALSE,FALSE,Snow,FALSE,HEIT LN; WEBER ST W; Near,3/7/2019 2:37:46 PM,541005.2479,4811400.95,Q1,Weekend,FALSE
225,43706,15-039702,2/23/2015 8:05:00 AM,2015,2,23,8,5,Monday,543115.9396,4804720.676,-80.467613,43.394132,Private Drive,1,Non-fatal injury,On roadway,Intersection,Daylight,Municipal,No control,Unknown,FALSE,FALSE,FALSE,Clear,FALSE,STRASBURG RD; 1825 STRASBURG RD; At; 1 M,3/7/2019 2:37:45 PM,543115.9396,4804720.676,Q1,Working,FALSE
226,43707,15-039756,2/23/2015 9:33:00 AM,2015,2,23,9,33,Monday,541073.7876,4808223.906,-80.492565,43.42579,Non intersection,2,P.D. only,On roadway,SMV,Daylight,Municipal,No control,Unknown,FALSE,FALSE,FALSE,Clear,FALSE,CHANDLER DR; 85 CHANDLER DR; 2 M,3/7/2019 2:37:44 PM,541073.7876,4808223.906,Q1,Working,FALSE
227,43708,15-039851,2/21/2015 6:00:00 PM,2015,2,21,18,0,Saturday,546434.1554,4808592.634,-80.426313,43.428797,Private Drive,2,P.D. only,On roadway,SMV,Daylight,Municipal,No control,Unknown,FALSE,FALSE,FALSE,Clear,FALSE,PEPPERWOOD CRES; At,3/7/2019 2:37:44 PM,546434.1554,4808592.634,Q1,Weekend,FALSE
228,43709,15-040163,2/23/2015 5:15:00 PM,2015,2,23,17,15,Monday,539502.1818,4806694.658,-80.512091,43.412105,Private Drive,2,P.D. only,On roadway,Other,Daylight,Municipal,No control,Unknown,FALSE,FALSE,FALSE,Clear,FALSE,QUEEN CHARLOTTE CRES; At,3/7/2019 2:37:43 PM,539502.1818,4806694.658,Q1,Working,FALSE
229,43710,15-040401,2/24/2015 8:41:00 AM,2015,2,24,8,41,Tuesday,543216.2988,4804528.627,-80.466389,43.392397,Intersection,2,P.D. only,On roadway,Intersection,Daylight,Regional,Sign Control,Functioning,FALSE,FALSE,FALSE,Clear,FALSE,HURON RD ; STRASBURG RD ; At,3/7/2019 2:37:42 PM,543216.2988,4804528.627,Q1,Working,FALSE
230,43711,15-040537,2/24/2015 11:45:00 AM,2015,2,24,11,45,Tuesday,545068.1532,4811087.82,-80.442983,43.451347,Private Drive,2,P.D. only,On roadway,Intersection,Daylight,Municipal,Sign Control,Functioning,FALSE,FALSE,FALSE,Clear,FALSE,RIVER RD E; OTTAWA ST N; At; 100 M,3/7/2019 2:37:41 PM,545068.1532,4811087.82,Q1,Working,FALSE
231,43712,15-040679,2/24/2015 2:35:00 PM,2015,2,24,14,35,Tuesday,543204.378,4804493.012,-80.466539,43.392077,Intersection,2,P.D. only,On roadway,Intersection,Daylight,Regional,Sign Control,Functioning,FALSE,FALSE,FALSE,Clear,FALSE,STRASBURG RD; HURON RD; At,3/7/2019 2:37:40 PM,543204.378,4804493.012,Q1,Working,FALSE
232,43713,15-040726,2/24/2015 4:28:00 PM,2015,2,24,16,28,Tuesday,539296.033,4811572.797,-80.514286,43.456039,Intersection,2,P.D. only,On roadway,Intersection,Daylight,Municipal,Sign Control,Functioning,FALSE,FALSE,FALSE,Snow,FALSE,MT HOPE ST; PARK ST; At,3/7/2019 2:37:39 PM,539296.033,4811572.797,Q1,Working,FALSE
233,43714,15-040774,2/24/2015 5:28:00 PM,2015,2,24,17,28,Tuesday,544907.3296,4806317.084,-80.445363,43.408401,Private Drive,2,P.D. only,Off roadway,SMV,Dark,Municipal,No control,Unknown,FALSE,FALSE,FALSE,Snow,FALSE,WABANAKI DR ; 655 WABANAKI DR; At; 2 M,3/7/2019 2:37:38 PM,544907.3296,4806317.084,Q1,Working,FALSE
234,43715,15-041090,2/25/2015 7:30:00 AM,2015,2,25,7,30,Wednesday,541233.1826,4810948.654,-80.49039,43.450315,Intersection,2,P.D. only,On roadway,Intersection,Daylight,Regional,Signal Control,Functioning,FALSE,FALSE,FALSE,Clear,FALSE,KING ST W; ONTARIO ST N; At,3/7/2019 2:37:38 PM,541233.1826,4810948.654,Q1,Working,FALSE
235,43716,15-041187,2/25/2015 9:41:00 AM,2015,2,25,9,41,Wednesday,539503.0587,4806102.045,-80.512123,43.406769,Private Drive,2,P.D. only,On roadway,Intersection,Daylight,Regional,Sign Control,Functioning,FALSE,FALSE,FALSE,Clear,FALSE,ACTIVA AVE; BRIDLEWREATH ST; Near; 10 M,3/7/2019 2:37:37 PM,539503.0587,4806102.046,Q1,Working,FALSE
236,43717,15-041296,2/25/2015 8:30:00 AM,2015,2,25,8,30,Wednesday,543988.5265,4807775.822,-80.456593,43.42159,Intersection,2,P.D. only,On roadway,Rear end,Daylight,Municipal,Sign Control,Functioning,FALSE,FALSE,FALSE,Clear,FALSE,TRAYNOR AVE ; SIEBERT AVE ; At,3/7/2019 2:37:36 PM,543988.5265,4807775.823,Q1,Working,FALSE
237,43718,15-041304,2/25/2015 12:20:00 PM,2015,2,25,12,20,Wednesday,542011.0906,4810480.891,-80.480812,43.44606,Intersection,2,P.D. only,On roadway,Intersection,Daylight,Regional,Sign Control,Functioning,FALSE,FALSE,FALSE,Clear,FALSE,KING ST E; CAMERON ST N; At,3/7/2019 2:37:35 PM,542011.0906,4810480.891,Q1,Working,FALSE
238,43719,15-041486,2/25/2015 4:40:00 PM,2015,2,25,16,40,Wednesday,546064.984,4809491.706,-80.430798,43.436915,Intersection,2,P.D. only,On roadway,Intersection,Daylight,Municipal,Signal Control,Functioning,FALSE,FALSE,FALSE,Clear,FALSE,RIVER RD E; KINZIE AVE ; At,3/7/2019 2:37:35 PM,546064.984,4809491.706,Q1,Working,FALSE
239,43720,15-041497,2/25/2015 11:00:00 AM,2015,2,25,11,0,Wednesday,547460.6544,4810010.94,-80.413508,43.441503,Non intersection,2,P.D. only,On roadway,SMV,Daylight,Municipal,No control,Unknown,FALSE,FALSE,FALSE,Clear,FALSE,TREMAINE CR; TREMAINE DR; Near,3/7/2019 2:37:34 PM,547460.6543,4810010.94,Q1,Working,FALSE
240,43721,15-041573,2/25/2015 5:25:00 PM,2015,2,25,17,25,Wednesday,538183.1353,4808964.914,-80.528224,43.432615,Private Drive,2,P.D. only,On roadway,SMV,Daylight,Municipal,No control,Unknown,FALSE,FALSE,FALSE,Clear,FALSE,BANKSIDE DR; 34 BANKSIDE DR; Near,3/7/2019 2:37:33 PM,538183.1353,4808964.914,Q1,Working,FALSE
241,43722,15-041829,2/25/2015 4:00:00 PM,2015,2,25,16,0,Wednesday,540021.9505,4807422.168,-80.505618,43.418628,Private Drive,2,P.D. only,On roadway,SMV,Daylight,Municipal,No control,Unknown,FALSE,FALSE,FALSE,Clear,FALSE,HILLSBOROUGH CRES; Near,3/7/2019 2:37:32 PM,540021.9505,4807422.168,Q1,Working,FALSE
242,43723,15-041964,2/26/2015 9:15:00 AM,2015,2,26,9,15,Thursday,547182.5413,4808097.38,-80.41711,43.424291,Non intersection,2,P.D. only,On roadway,Intersection,Daylight,Municipal,No control,Unknown,FALSE,FALSE,FALSE,Clear,FALSE,WOODVIEW CRES,3/7/2019 2:37:32 PM,547182.5413,4808097.38,Q1,Weekend,FALSE
243,43724,15-042030,2/26/2015 12:01:00 PM,2015,2,26,12,1,Thursday,539019.7739,4811245.45,-80.517724,43.453106,Non intersection,2,P.D. only,On roadway,Other,Daylight,Municipal,No control,Unknown,FALSE,FALSE,FALSE,Clear,FALSE,BELMONT AV W; CLAREMONT AV; Near; 40 M,3/7/2019 2:37:31 PM,539019.7739,4811245.45,Q1,Weekend,FALSE
244,43725,15-042074,2/26/2015 1:00:00 PM,2015,2,26,13,0,Thursday,538900.4268,4811470.658,-80.519183,43.45514,Intersection,2,P.D. only,On roadway,Intersection,Daylight,Municipal,Signal Control,Functioning,FALSE,FALSE,FALSE,Clear,FALSE,UNION BLVD ; BELMONT AVE W; At,3/7/2019 2:37:30 PM,538900.4268,4811470.658,Q1,Weekend,FALSE
245,43726,15-042242,2/26/2015 7:05:00 AM,2015,2,26,7,5,Thursday,544784.7308,4809014.179,-80.446656,43.432693,Intersection,2,P.D. only,On roadway,Intersection,Daylight,Municipal,Sign Control,Functioning,FALSE,FALSE,FALSE,Clear,FALSE,NINTH AVE ; KINGSWAY DR,3/7/2019 2:37:29 PM,544784.7308,4809014.179,Q1,Weekend,FALSE
246,43727,15-042271,2/21/2015 1:15:00 PM,2015,2,21,13,15,Saturday,538219.1277,4808354.952,-80.527822,43.427121,Intersection,1,Non-fatal injury,On roadway,Rear end,Daylight,Municipal,Signal Control,Functioning,FALSE,FALSE,FALSE,Snow,FALSE,QUEENS BV; ELM RIDGE DR,3/7/2019 2:37:29 PM,538219.1277,4808354.952,Q1,Weekend,FALSE
247,43728,15-042431,2/26/2015 11:11:00 PM,2015,2,26,23,11,Thursday,544305.3455,4808408.947,-80.452628,43.427272,Non intersection,2,P.D. only,On roadway,SMV,Dark,Municipal,No control,Unknown,FALSE,FALSE,FALSE,Clear,FALSE,FRANKLIN ST S; WILSON AVE ; 61 M,3/7/2019 2:37:28 PM,544305.3455,4808408.948,Q1,Weekend,FALSE
248,43729,15-042490,2/27/2015 2:20:00 AM,2015,2,27,2,20,Friday,539782.1773,4805385.791,-80.508728,43.400305,Non intersection,2,P.D. only,Off roadway,SMV,Dark,Regional,No control,Unknown,FALSE,FALSE,FALSE,Clear,FALSE,BLEAMS RD ; DONNENWERTH DR ; Near; 100 M,3/7/2019 2:37:27 PM,539782.1773,4805385.791,Q1,Weekend,FALSE
249,43730,15-042572,2/27/2015 7:50:00 AM,2015,2,27,7,50,Friday,541766.1763,4808699.056,-80.483975,43.43003,Private Drive,2,P.D. only,On roadway,SMV,Daylight,Municipal,No control,Unknown,FALSE,FALSE,FALSE,Clear,FALSE,KEHL ST; OTTAWA ST S; 70 M,3/7/2019 2:37:26 PM,541766.1763,4808699.056,Q1,Weekend,FALSE
250,43731,15-042582,2/27/2015 7:57:00 AM,2015,2,27,7,57,Friday,546267.1828,4809180.672,-80.428326,43.434102,Private Drive,1,Non-fatal injury,On roadway,Intersection,Daylight,Regional,No control,Unknown,FALSE,FALSE,FALSE,Clear,FALSE,RIVER RD E; 1401 RIVER RD E; At; 3 M,3/7/2019 2:37:26 PM,546267.1828,4809180.672,Q1,Weekend,FALSE
251,43732,15-042622,2/27/2015 8:58:00 AM,2015,2,27,8,58,Friday,543646.5613,4811767.716,-80.460498,43.457553,Intersection,2,P.D. only,On roadway,Intersection,Daylight,Municipal,Sign Control,Functioning,FALSE,FALSE,FALSE,Clear,FALSE,KRUG ST; SHERWOOD AV; At,3/7/2019 2:37:25 PM,543646.5613,4811767.716,Q1,Weekend,FALSE
252,43733,15-042688,2/26/2015 2:00:00 PM,2015,2,26,14,0,Thursday,538827.658,4806048.817,-80.520468,43.406325,Private Drive,2,Non-reportable,On roadway,Other,Daylight,Municipal,No control,Unknown,FALSE,FALSE,FALSE,Clear,FALSE,PEACH BLOSSOM CRES; At,3/7/2019 2:37:24 PM,538827.658,4806048.817,Q1,Weekend,FALSE
253,43734,15-042984,2/27/2015 4:40:00 PM,2015,2,27,16,40,Friday,542351.834,4811847.305,-80.476495,43.458344,Intersection,1,Non-fatal injury,On roadway,Intersection,Daylight,Municipal,Sign Control,Functioning,FALSE,FALSE,FALSE,Clear,FALSE,MANSION ST ; DUNHAM AVE,3/7/2019 2:37:24 PM,542351.834,4811847.305,Q1,Weekend,FALSE
254,43735,15-043102,2/27/2015 4:55:00 PM,2015,2,27,16,55,Friday,540955.3998,4806790.613,-80.494135,43.412891,Intersection,2,P.D. only,On roadway,Intersection,Daylight,Municipal,Sign Control,Functioning,FALSE,FALSE,FALSE,Clear,FALSE,RADCLIFFE DR; BRIARGATE DR; At,3/7/2019 2:37:23 PM,540955.3998,4806790.613,Q1,Weekend,FALSE
255,43736,15-043246,2/27/2015 11:54:00 PM,2015,2,27,23,54,Friday,545802.024,4812137.089,-80.433825,43.46075,Non intersection,2,P.D. only,On roadway,SMV,Dark,Municipal,No control,Unknown,FALSE,FALSE,FALSE,Clear,FALSE,DENLOW ST; NOMAD CT; 20 M,3/7/2019 2:37:22 PM,545802.024,4812137.089,Q1,Weekend,FALSE
256,43737,15-043340,2/27/2015 11:54:00 PM,2015,2,27,23,54,Friday,545802.024,4812137.089,-80.433825,43.46075,Non intersection,2,P.D. only,On roadway,SMV,Dark,Municipal,No control,Unknown,FALSE,FALSE,FALSE,Clear,FALSE,DENLOW ST; NOMAD CT; 20 M,3/7/2019 2:37:21 PM,545802.024,4812137.089,Q1,Weekend,FALSE
257,43738,15-043547,2/28/2015 12:03:00 PM,2015,2,28,12,3,Saturday,540432.3637,4805967.944,-80.500656,43.405512,Non intersection,2,P.D. only,On roadway,Rear end,Daylight,Municipal,No control,Unknown,FALSE,FALSE,FALSE,Clear,FALSE,MAX BECKER DR ; FISCHER HALLMAN RD ; 55 M,3/7/2019 2:37:21 PM,540432.3637,4805967.944,Q1,Weekend,FALSE
258,43739,15-043679,2/28/2015 3:07:00 PM,2015,2,28,15,7,Saturday,545365.6314,4811021.513,-80.439312,43.450732,Non intersection,2,P.D. only,On roadway,Intersection,Daylight,Municipal,No control,Unknown,FALSE,FALSE,FALSE,Clear,FALSE,HOLBORN DR; OLD CHICOPEE DR ; 25 M,3/7/2019 2:37:19 PM,545365.6314,4811021.513,Q1,Weekend,FALSE
259,43740,15-044002,3/1/2015 2:30:00 AM,2015,3,1,2,30,Sunday,542072.2796,4809324.345,-80.480145,43.435643,Non intersection,2,P.D. only,Off roadway,SMV,Dark,Municipal,No control,Unknown,FALSE,FALSE,FALSE,Clear,FALSE,GRENVILLE AVE; 52 GRENVILLE AVE ; 30 M,3/7/2019 2:37:18 PM,542072.2796,4809324.345,Q1,Weekend,FALSE
260,43741,15-044281,3/1/2015 2:18:00 PM,2015,3,1,14,18,Sunday,541500.2842,4812642.54,-80.48696,43.465552,Intersection,2,P.D. only,On roadway,Intersection,Daylight,Municipal,Sign Control,Functioning,FALSE,FALSE,FALSE,Clear,FALSE,GUELPH ST; ARNOLD ST,3/7/2019 2:37:18 PM,541500.2842,4812642.54,Q1,Weekend,FALSE
261,43742,15-044359,3/1/2015 2:00:00 PM,2015,3,1,14,0,Sunday,539705.2842,4811279.44,-80.509249,43.453376,Private Drive,2,P.D. only,Off roadway,SMV,Daylight,Municipal,No control,Unknown,FALSE,FALSE,FALSE,Clear,FALSE,PARK ST,3/7/2019 2:37:17 PM,539705.2842,4811279.44,Q1,Weekend,FALSE
262,43743,15-044673,2/28/2015 1:00:00 PM,2015,2,28,13,0,Saturday,539006.6273,4805834.947,-80.518273,43.40439,Private Drive,2,P.D. only,On roadway,SMV,Daylight,Municipal,No control,Unknown,FALSE,FALSE,FALSE,Clear,FALSE,MOUNTAIN LAUREL CRES,3/7/2019 2:37:16 PM,539006.6273,4805834.947,Q1,Weekend,FALSE
263,43744,15-044785,3/2/2015 11:07:00 AM,2015,3,2,11,7,Monday,540736.6036,4810334.576,-80.496573,43.444813,Intersection,2,P.D. only,On roadway,SMV,Daylight,Municipal,No control,Unknown,FALSE,FALSE,FALSE,Snow,FALSE,DAVID ST; SCHNEIDER AVE ; Near,3/7/2019 2:37:15 PM,540736.6036,4810334.576,Q1,Working,FALSE
264,43745,15-045145,3/2/2015 9:03:00 PM,2015,3,2,21,3,Monday,541342.4169,4809061.17,-80.489183,43.433314,Intersection,2,P.D. only,On roadway,Intersection,Dark,Municipal,Sign Control,Functioning,FALSE,FALSE,FALSE,Clear,FALSE,HEIMAN ST; HIGHLAND RD E; At,3/7/2019 2:37:13 PM,541342.4169,4809061.17,Q1,Working,FALSE
265,43746,15-045353,3/3/2015 8:33:00 AM,2015,3,3,8,33,Tuesday,539771.5352,4809841.589,-80.508535,43.440426,Intersection,2,P.D. only,On roadway,Intersection,Daylight,Municipal,No control,Unknown,FALSE,FALSE,FALSE,Rain,FALSE,BELMONT AVE W; BURN PL ; Near; 2 M,3/7/2019 2:37:13 PM,539771.5352,4809841.589,Q1,Working,FALSE
266,43747,15-045505,3/3/2015 12:01:00 PM,2015,3,3,12,1,Tuesday,540938.4092,4811215.849,-80.494013,43.452737,Intersection,2,P.D. only,On roadway,Intersection,Daylight,Municipal,Signal Control,Functioning,FALSE,FALSE,FALSE,Snow,FALSE,WATER ST N; DUKE ST W; At,3/7/2019 2:37:12 PM,540938.4092,4811215.849,Q1,Working,FALSE
267,43748,15-045534,3/3/2015 12:43:00 PM,2015,3,3,12,43,Tuesday,545257.5854,4802996.471,-80.441312,43.378481,Intersection,1,Non-fatal injury,On roadway,Intersection,Daylight,Municipal,Sign Control,Functioning,FALSE,FALSE,FALSE,Snow,FALSE,ROBERT FERRIE DR; FOREST CREEK DR,3/7/2019 2:37:11 PM,545257.5854,4802996.471,Q1,Working,FALSE
268,43749,15-045542,3/3/2015 12:45:00 PM,2015,3,3,12,45,Tuesday,539080.762,4811108.976,-80.51698,43.451874,Private Drive,1,Non-fatal injury,On roadway,Intersection,Daylight,Municipal,Signal Control,Functioning,FALSE,FALSE,FALSE,Snow,FALSE,GLASGOW ST ; BELMONT AVE W; 28 M,3/7/2019 2:37:10 PM,539080.762,4811108.976,Q1,Working,FALSE
269,43750,15-045732,3/3/2015 3:10:00 PM,2015,3,3,15,10,Tuesday,544133.4526,4808341.85,-80.454757,43.426678,Non intersection,2,P.D. only,On roadway,Intersection,Daylight,Municipal,No control,Unknown,FALSE,FALSE,FALSE,Snow,FALSE,HARBER AVE ; BYRON AVE ; Near; 10 M,3/7/2019 2:37:09 PM,544133.4526,4808341.85,Q1,Working,FALSE
270,43751,15-045761,3/3/2015 6:14:00 PM,2015,3,3,18,14,Tuesday,544731.6098,4811506.283,-80.447108,43.455135,Intersection,1,Non-fatal injury,On roadway,Intersection,Dark,Regional,Sign Control,Functioning,FALSE,FALSE,FALSE,Snow,FALSE,RIVER RD E; GIBSON DR; At,3/7/2019 2:37:08 PM,544731.6098,4811506.283,Q1,Working,FALSE
271,43752,15-045776,3/2/2015 10:15:00 PM,2015,3,2,22,15,Monday,540291.6175,4805848.268,-80.502403,43.404442,Non intersection,2,P.D. only,Off roadway,SMV,Dark,Municipal,No control,Unknown,FALSE,FALSE,FALSE,Clear,FALSE,MAX BECKER DR; At,3/7/2019 2:37:06 PM,540291.6175,4805848.268,Q1,Working,FALSE
272,43753,15-045784,3/2/2015 7:00:00 PM,2015,3,2,19,0,Monday,542357.7017,4810810.58,-80.476503,43.449009,Non intersection,2,P.D. only,On roadway,SMV,Dark,Municipal,No control,Unknown,FALSE,FALSE,FALSE,Clear,FALSE,CAMERON ST N; TROY ST ; Near,3/7/2019 2:37:06 PM,542357.7017,4810810.58,Q1,Working,FALSE
273,43754,15-045823,3/3/2015 8:16:00 PM,2015,3,3,20,16,Tuesday,540539.3257,4810992.646,-80.498962,43.450749,Private Drive,1,Non-fatal injury,On roadway,Intersection,Dark,Municipal,No control,Unknown,FALSE,FALSE,FALSE,Rain,FALSE,JOSEPH ST ; JOSEPH ST ; At; 0 M,3/7/2019 2:37:05 PM,540539.3257,4810992.646,Q1,Working,FALSE
274,43755,15-046044,3/3/2015 6:00:00 PM,2015,3,3,18,0,Tuesday,541014.5306,4809675.447,-80.493188,43.438863,Intersection,2,P.D. only,On roadway,Intersection,Daylight,Regional,Signal Control,Functioning,FALSE,FALSE,FALSE,Snow,FALSE,HIGHLAND RD E; SPADINA RD E; At,3/7/2019 2:37:04 PM,541014.5306,4809675.447,Q1,Working,FALSE
275,43756,15-046055,3/4/2015 9:03:00 AM,2015,3,4,9,3,Wednesday,545996.1685,4809222.133,-80.431671,43.434492,Private Drive,1,Non-fatal injury,On roadway,Other,Daylight,Municipal,No control,Unknown,FALSE,FALSE,FALSE,Snow,FALSE,THALER AVE; 144 THALER AVE ; At; 2 M,3/7/2019 2:37:03 PM,545996.1685,4809222.133,Q1,Working,FALSE
276,43757,15-046088,3/3/2015 4:15:00 PM,2015,3,3,16,15,Tuesday,541319.0742,4812564.794,-80.489206,43.464862,Non intersection,2,P.D. only,On roadway,SMV,Daylight,Municipal,No control,Unknown,FALSE,FALSE,FALSE,Rain,FALSE,GUELPH ST; Near,3/7/2019 2:37:01 PM,541319.0742,4812564.794,Q1,Working,FALSE
277,43758,15-046163,3/3/2015 2:05:00 PM,2015,3,3,14,5,Tuesday,543100.8748,4811866.714,-80.467235,43.458476,Private Drive,2,P.D. only,On roadway,Other,Daylight,Regional,No control,Unknown,FALSE,FALSE,FALSE,Rain,FALSE,BRUCE ST; At,3/7/2019 2:37:00 PM,543100.8748,4811866.715,Q1,Working,FALSE
278,43759,15-046388,3/4/2015 3:00:00 PM,2015,3,4,15,0,Wednesday,540486.8346,4809735.896,-80.499704,43.439436,Intersection,2,P.D. only,On roadway,Intersection,Daylight,Municipal,Sign Control,Functioning,FALSE,FALSE,FALSE,Clear,FALSE,QUEENS BV; SPADINA RD E,3/7/2019 2:36:59 PM,540486.8346,4809735.896,Q1,Working,FALSE
279,43760,15-046503,2/15/2015 7:15:00 PM,2015,2,15,19,15,Sunday,544543.6119,4808267.247,-80.449696,43.425982,Private Drive,2,P.D. only,On roadway,SMV,Dark,Municipal,No control,Unknown,FALSE,FALSE,FALSE,Clear,FALSE,CAIT AVE; At,3/7/2019 2:36:59 PM,544543.6119,4808267.247,Q1,Weekend,FALSE
280,43761,15-046520,3/4/2015 3:30:00 PM,2015,3,4,15,30,Wednesday,539382.5967,4810438.147,-80.513298,43.445818,Private Drive,2,P.D. only,On roadway,Intersection,Daylight,Municipal,Sign Control,Functioning,FALSE,FALSE,FALSE,Clear,FALSE,KARN ST; BELMONT AV W; 10 M,3/7/2019 2:36:58 PM,539382.5967,4810438.147,Q1,Working,FALSE
281,43762,15-046616,3/4/2015 10:24:00 PM,2015,3,4,22,24,Wednesday,536623.3766,4809044.335,-80.54749,43.433408,Private Drive,2,P.D. only,On roadway,SMV,Dark,Municipal,No control,Unknown,FALSE,FALSE,FALSE,Clear,FALSE,SHADYRIDGE PL; 18 SHADYRIDGE PL; 2 M,3/7/2019 2:36:56 PM,536623.3766,4809044.335,Q1,Working,FALSE
282,43763,15-047019,3/5/2015 1:02:00 PM,2015,3,5,13,2,Thursday,542842.1924,4809873.394,-80.470589,43.440543,Intersection,1,Non-fatal injury,On roadway,Intersection,Daylight,Municipal,Sign Control,Functioning,FALSE,FALSE,FALSE,Clear,FALSE,CHARLES ST E; SYDNEY ST S; At,3/7/2019 2:36:55 PM,542842.1924,4809873.394,Q1,Weekend,FALSE
283,43764,15-047194,3/5/2015 4:20:00 PM,2015,3,5,16,20,Thursday,542200.0627,4810360.57,-80.478486,43.444966,Private Drive,2,P.D. only,On roadway,Intersection,Daylight,Regional,No control,Unknown,FALSE,FALSE,FALSE,Clear,FALSE,KING ST E ; KING ST E; At; 6 M,3/7/2019 2:36:54 PM,542200.0627,4810360.57,Q1,Weekend,FALSE
284,43765,15-047552,3/5/2015 9:00:00 PM,2015,3,5,21,0,Thursday,539871.6024,4807383.295,-80.507478,43.418286,Private Drive,2,P.D. only,On roadway,SMV,Dark,Municipal,No control,Unknown,FALSE,FALSE,FALSE,Clear,FALSE,WILLIAMSBURG RD; At,3/7/2019 2:36:54 PM,539871.6024,4807383.295,Q1,Weekend,FALSE
285,43766,15-047699,3/5/2015 9:15:00 AM,2015,3,5,9,15,Thursday,538746.4034,4806761.023,-80.521421,43.412742,Private Drive,2,P.D. only,On roadway,Other,Daylight,Municipal,No control,Unknown,FALSE,FALSE,FALSE,Clear,FALSE,WAKE ROBIN CRES; At,3/7/2019 2:36:53 PM,538746.4034,4806761.023,Q1,Weekend,FALSE
286,43767,15-047708,3/6/2015 8:30:00 AM,2015,3,6,8,30,Friday,537260.6777,4809466.745,-80.539587,43.43718,Private Drive,2,P.D. only,On roadway,Intersection,Daylight,Municipal,No control,Unknown,FALSE,FALSE,FALSE,Clear,FALSE,STOKE DR; LENNOX CR; Near,3/7/2019 2:36:52 PM,537260.6777,4809466.745,Q1,Weekend,FALSE
287,43768,15-047840,3/5/2015 3:00:00 PM,2015,3,5,15,0,Thursday,537559.1961,4806783.076,-80.536083,43.413001,Private Drive,2,P.D. only,On roadway,SMV,Daylight,Municipal,No control,Unknown,FALSE,FALSE,FALSE,Clear,FALSE,DRIFTWOOD DR; PARKLAND CRES ; Near; 40 M,3/7/2019 2:36:51 PM,537559.1961,4806783.076,Q1,Weekend,FALSE
288,43769,15-047852,3/6/2015 11:00:00 AM,2015,3,6,11,0,Friday,542930.299,4811909.828,-80.46934,43.458874,Non intersection,2,P.D. only,On roadway,SMV,Daylight,Municipal,No control,Unknown,FALSE,FALSE,FALSE,Clear,FALSE,ANN ST; Near,3/7/2019 2:36:51 PM,542930.299,4811909.828,Q1,Weekend,FALSE
289,43770,15-048232,3/6/2015 11:29:00 PM,2015,3,6,23,29,Friday,540843.4767,4811126.423,-80.495193,43.451937,Non intersection,1,Non-fatal injury,Off roadway,SMV,Dark,Regional,No control,Unknown,TRUE,FALSE,FALSE,Clear,FALSE,IN FRONT OF; 312 KING ST W; 3 M,3/7/2019 2:36:50 PM,540843.4767,4811126.423,Q1,Weekend,FALSE