,OBJECTID,ACCIDENTNUM,ACCIDENTDATE,ACCIDENT_YEAR,ACCIDENT_MONTH,ACCIDENT_DAY,ACCIDENT_HOUR,ACCIDENT_MINUTE,Accident_Day,XCOORD,YCOORD,LONGITUDE,LATITUDE,Accident_Location,COLLISIONTYPE,Accident_Type,Impact_Location,Impact_Type,Light,Road_Jurisdication,Traffic_Control,Traffic_Control_Condition,Pedestrian_Involved,Cyclist_Involved,Motorcyclist_Involved,Environment_Condition,Self_Reported,XMLIMPORTNOTES,LASTEDITEDDATE,x,y,Quarter,Day_Type,Vulnerable_Involved
290,43771,15-048247,3/6/2015 11:29:00 PM,2015,3,6,23,29,Friday,540814.5979,4811138.687,-80.495549,43.452049,Non intersection,2,P.D. only,On roadway,Intersection,Dark,Regional,No control,Unknown,FALSE,FALSE,FALSE,Clear,FALSE,FRONT OF; 352 KING ST W; 2 M,3/7/2019 2:36:49 PM,540814.5979,4811138.687,Q1,Weekend,FALSE
291,43772,15-048451,3/7/2015 8:30:00 AM,2015,3,7,8,30,Saturday,538902.3685,4811470.669,-80.519159,43.45514,Intersection,1,Non-fatal injury,On roadway,Intersection,Daylight,Municipal,Signal Control,Functioning,FALSE,FALSE,FALSE,Clear,FALSE,UNION BV; BELMONT AV W; At,3/7/2019 2:36:49 PM,538902.3685,4811470.669,Q1,Weekend,FALSE
292,43773,15-049234,3/7/2015 8:00:00 PM,2015,3,7,20,0,Saturday,540145.9671,4807790.848,-80.504059,43.421941,Private Drive,2,P.D. only,On roadway,SMV,Dark,Municipal,No control,Unknown,FALSE,FALSE,FALSE,Clear,FALSE,HOWE DR; Near,3/7/2019 2:36:48 PM,540145.9671,4807790.848,Q1,Weekend,FALSE
293,43774,15-049642,3/8/2015 10:16:00 PM,2015,3,8,22,16,Sunday,539703.7974,4806637.201,-80.509605,43.411577,Private Drive,2,P.D. only,On roadway,Other,Dark,Municipal,No control,Unknown,FALSE,FALSE,FALSE,Clear,FALSE,ACTIVA AVE; 40 ACTIVA AVE; At; 5 M,3/7/2019 2:36:47 PM,539703.7974,4806637.201,Q1,Weekend,FALSE
294,43775,15-049817,3/9/2015 8:07:00 AM,2015,3,9,8,7,Monday,536984.1523,4807308.435,-80.54315,43.41776,Non intersection,2,P.D. only,On roadway,SMV,Daylight,Municipal,No control,Unknown,FALSE,FALSE,FALSE,Clear,FALSE,MEADOW WOODS CRES; ROLLING MEADOWS DR ; 15 M,3/7/2019 2:36:46 PM,536984.1523,4807308.435,Q1,Working,FALSE
295,43776,15-050409,3/9/2015 12:15:00 PM,2015,3,9,12,15,Monday,542009.4834,4804497.247,-80.481292,43.392183,Private Drive,2,P.D. only,On roadway,Intersection,Daylight,Municipal,No control,Unknown,FALSE,FALSE,FALSE,Clear,FALSE,WOODBINE AVE; At,3/7/2019 2:36:46 PM,542009.4834,4804497.247,Q1,Working,FALSE
296,43777,15-050413,3/9/2015 8:14:00 PM,2015,3,9,20,14,Monday,541096.083,4812453.035,-80.491971,43.463868,Private Drive,2,Non-reportable,On roadway,SMV,Dark,Municipal,No control,Unknown,FALSE,FALSE,FALSE,Clear,FALSE,GUELPH ST ; WEBER ST W; 30 M,3/7/2019 2:36:45 PM,541096.083,4812453.035,Q1,Working,FALSE
297,43778,15-050638,3/10/2015 6:00:00 AM,2015,3,10,6,0,Tuesday,542405.6487,4806618.984,-80.476236,43.411265,Intersection,2,P.D. only,On roadway,SMV,Dark,Regional,Sign Control,Functioning,FALSE,FALSE,FALSE,Other,FALSE,OLD COUNTRY DR ; STRASBURG RD,3/7/2019 2:36:44 PM,542405.6487,4806618.984,Q1,Working,FALSE
298,43779,15-050712,3/10/2015 8:43:00 AM,2015,3,10,8,43,Tuesday,539081.4921,4811108.647,-80.516971,43.451871,Intersection,2,P.D. only,On roadway,Rear end,Daylight,Municipal,Signal Control,Functioning,FALSE,FALSE,FALSE,Clear,FALSE,BELMONT AVE W; GLASGOW ST ; 1 M,3/7/2019 2:36:44 PM,539081.4921,4811108.647,Q1,Working,FALSE
299,43780,15-050776,3/10/2015 9:15:00 AM,2015,3,10,9,15,Tuesday,540742.0894,4810725.656,-80.496476,43.448334,Private Drive,2,P.D. only,On roadway,Rear end,Daylight,Municipal,No control,Unknown,FALSE,FALSE,FALSE,Clear,FALSE,WATER ST N; At,3/7/2019 2:36:43 PM,540742.0894,4810725.656,Q1,Working,FALSE
300,43781,15-050860,3/10/2015 12:09:00 PM,2015,3,10,12,9,Tuesday,541315.7312,4807854.662,-80.489604,43.422452,Private Drive,1,Non-fatal injury,On roadway,Intersection,Daylight,Regional,Sign Control,Functioning,FALSE,FALSE,FALSE,Clear,FALSE,STRASBURG RD ; OTTAWA ST S; Near; 50 M,3/7/2019 2:36:42 PM,541315.7312,4807854.662,Q1,Working,FALSE
301,43782,15-050984,3/10/2015 2:47:00 PM,2015,3,10,14,47,Tuesday,541383.8798,4808015.007,-80.48875,43.423892,Private Drive,2,P.D. only,On roadway,Intersection,Daylight,Regional,Sign Control,Functioning,FALSE,FALSE,FALSE,Clear,FALSE,STRASBURG RD; 270 STRASBURG RD; Near; 24 M,3/7/2019 2:36:41 PM,541383.8798,4808015.007,Q1,Working,FALSE
302,43783,15-051004,3/10/2015 10:00:00 AM,2015,3,10,10,0,Tuesday,542374.8284,4810248.494,-80.476335,43.443947,Private Drive,2,P.D. only,On roadway,Rear end,Daylight,Regional,No control,Unknown,FALSE,FALSE,FALSE,Clear,FALSE,KING ST E,3/7/2019 2:36:41 PM,542374.8284,4810248.494,Q1,Working,FALSE
303,43784,15-051016,3/10/2015 3:09:00 PM,2015,3,10,15,9,Tuesday,545131.4919,4807631.327,-80.442486,43.420221,Private Drive,1,Non-fatal injury,On roadway,Intersection,Daylight,Municipal,No control,Unknown,FALSE,FALSE,FALSE,Clear,FALSE,WILSON AVE ; FAIRWAY RD S; 30 M,3/7/2019 2:36:40 PM,545131.4919,4807631.327,Q1,Working,FALSE
304,43785,15-051106,3/10/2015 5:07:00 PM,2015,3,10,17,7,Tuesday,538690.0496,4805560.695,-80.522202,43.401937,Private Drive,1,Non-fatal injury,On roadway,Other,Daylight,Municipal,No control,Unknown,FALSE,FALSE,FALSE,Clear,FALSE,ISAIAH DR ; GRAVEL RIDGE TL; 20 M,3/7/2019 2:36:39 PM,538690.0496,4805560.695,Q1,Working,FALSE
305,43786,15-051115,3/10/2015 5:24:00 PM,2015,3,10,17,24,Tuesday,542108.6542,4807126.894,-80.479865,43.415855,Intersection,1,Non-fatal injury,On roadway,SMV,Daylight,Municipal,Signal Control,Functioning,TRUE,FALSE,FALSE,Clear,FALSE,STRASBURG RD; BLOCK LINE RD ; At; 100 M,3/7/2019 2:36:38 PM,542108.6542,4807126.894,Q1,Working,FALSE
306,43787,15-051532,3/11/2015 8:57:00 AM,2015,3,11,8,57,Wednesday,541873.7609,4810742.919,-80.482489,43.448427,Intersection,2,P.D. only,On roadway,Intersection,Daylight,Municipal,Sign Control,Functioning,FALSE,FALSE,FALSE,Clear,FALSE,DUKE ST E; CEDAR ST N,3/7/2019 2:36:38 PM,541873.7609,4810742.919,Q1,Working,FALSE
307,43788,15-051587,3/7/2015 2:00:00 PM,2015,3,7,14,0,Saturday,540918.7168,4809260.94,-80.494403,43.435136,Private Drive,2,P.D. only,On roadway,SMV,Daylight,Municipal,No control,Unknown,FALSE,FALSE,FALSE,Clear,FALSE,STIRLING AVE S; ST CLAIR AVE ; Near,3/7/2019 2:36:37 PM,540918.7168,4809260.94,Q1,Weekend,FALSE
308,43789,15-051746,3/10/2015 4:30:00 PM,2015,3,10,16,30,Tuesday,540452.8675,4810096.307,-80.500097,43.442683,Non intersection,2,P.D. only,On roadway,SMV,Dark,Municipal,No control,Unknown,FALSE,FALSE,FALSE,Clear,FALSE,HOMEWOOD AVE,3/7/2019 2:36:36 PM,540452.8675,4810096.307,Q1,Working,FALSE
309,43790,15-051858,3/11/2015 3:31:00 PM,2015,3,11,15,31,Wednesday,541808.0188,4809235.075,-80.483417,43.434854,Non intersection,1,Non-fatal injury,On roadway,SMV,Daylight,Municipal,No control,Unknown,TRUE,FALSE,FALSE,Clear,FALSE,MILL ST; BORDEN PKY ; 36 M,3/7/2019 2:36:36 PM,541808.0188,4809235.075,Q1,Working,FALSE
310,43791,15-052576,3/12/2015 1:20:00 PM,2015,3,12,13,20,Thursday,544561.2233,4811737.94,-80.449195,43.457231,Intersection,2,P.D. only,On roadway,Intersection,Daylight,Regional,Signal Control,Functioning,FALSE,FALSE,FALSE,Clear,FALSE,LORRAINE AVE; RIVER RD E; Near,3/7/2019 2:36:35 PM,544561.2233,4811737.94,Q1,Weekend,FALSE
311,43792,15-053364,3/13/2015 11:45:00 AM,2015,3,13,11,45,Friday,541904.6642,4810548.753,-80.482122,43.446677,Intersection,2,P.D. only,On roadway,Intersection,Daylight,Regional,Sign Control,Functioning,FALSE,FALSE,FALSE,Clear,FALSE,KING ST E; MADISON AV N; At,3/7/2019 2:36:34 PM,541904.6642,4810548.753,Q1,Weekend,FALSE
312,43793,15-053462,3/12/2015 5:30:00 PM,2015,3,12,17,30,Thursday,540006.4649,4807630.87,-80.505794,43.420508,Private Drive,2,P.D. only,On roadway,SMV,Daylight,Municipal,No control,Unknown,FALSE,FALSE,FALSE,Clear,FALSE,HOWE DR; OTTAWA ST S; 50 M,3/7/2019 2:36:34 PM,540006.4649,4807630.87,Q1,Weekend,FALSE
313,43794,15-053616,3/13/2015 6:45:00 PM,2015,3,13,18,45,Friday,542489.2377,4806639.611,-80.475202,43.411446,Non intersection,2,P.D. only,On roadway,SMV,Daylight,Municipal,No control,Unknown,FALSE,FALSE,FALSE,Clear,FALSE,OLD COUNTRY DR; 105 OLD COUNTRY DR; Near; 5 M,3/7/2019 2:36:33 PM,542489.2376,4806639.611,Q1,Weekend,FALSE
314,43795,15-054318,3/14/2015 4:36:00 PM,2015,3,14,16,36,Saturday,539619.2912,4811373.447,-80.510305,43.454227,Intersection,2,P.D. only,On roadway,Intersection,Daylight,Municipal,Signal Control,Functioning,FALSE,FALSE,FALSE,Clear,FALSE,PARK ST; GLASGOW ST; At,3/7/2019 2:36:32 PM,539619.2912,4811373.447,Q1,Weekend,FALSE
315,43796,15-055577,3/16/2015 2:49:00 PM,2015,3,16,14,49,Monday,542842.2051,4809871.395,-80.470589,43.440525,Intersection,2,P.D. only,On roadway,Intersection,Daylight,Municipal,Sign Control,Functioning,FALSE,FALSE,FALSE,Clear,FALSE,SYDNEY ST S; CHARLES ST E; At,3/7/2019 2:36:31 PM,542842.2051,4809871.395,Q1,Working,FALSE
316,43797,15-055732,3/16/2015 6:30:00 PM,2015,3,16,18,30,Monday,541324.5174,4811914.672,-80.489188,43.459008,Private Drive,2,P.D. only,On roadway,Intersection,Dusk,Municipal,No control,Unknown,FALSE,FALSE,FALSE,Rain,FALSE,WELLINGTON ST N; Near,3/7/2019 2:36:31 PM,541324.5174,4811914.672,Q1,Working,FALSE
317,43798,15-056112,3/17/2015 11:05:00 AM,2015,3,17,11,5,Tuesday,544882.3493,4804849.242,-80.445792,43.395186,Intersection,2,P.D. only,On roadway,Intersection,Daylight,Regional,Signal Control,Functioning,FALSE,FALSE,FALSE,Clear,FALSE,DOON VILLAGE RD ; PIONEER DR ; At,3/7/2019 2:36:30 PM,544882.3493,4804849.242,Q1,Working,FALSE
318,43799,15-056178,3/17/2015 12:23:00 PM,2015,3,17,12,23,Tuesday,540684.0403,4811615.684,-80.497127,43.456351,Non intersection,2,P.D. only,On roadway,Intersection,Daylight,Municipal,Sign Control,Functioning,FALSE,FALSE,FALSE,Clear,FALSE,WELLINGTON ST N; DUKE ST W; 15 M,3/7/2019 2:36:29 PM,540684.0403,4811615.684,Q1,Working,FALSE
319,43800,15-057108,3/17/2015 11:00:00 PM,2015,3,17,23,0,Tuesday,537039.7664,4807884.142,-80.542424,43.422941,Intersection,1,Non-fatal injury,Off roadway,SMV,Dark,Municipal,No control,Unknown,FALSE,FALSE,FALSE,Clear,FALSE,WESTHEIGHTS DR; ROLLING MEADOWS DR,3/7/2019 2:36:28 PM,537039.7664,4807884.142,Q1,Working,FALSE
320,43801,15-057845,3/19/2015 10:07:00 AM,2015,3,19,10,7,Thursday,540773.8731,4811156.433,-80.496051,43.452211,Non intersection,2,P.D. only,On roadway,Intersection,Daylight,Regional,Signal Control,Functioning,FALSE,FALSE,FALSE,Clear,FALSE,KING ST W; FRANCIS ST N; Near; 35 M,3/7/2019 2:36:28 PM,540773.8731,4811156.433,Q1,Weekend,FALSE
321,43802,15-058001,3/14/2015 2:00:00 PM,2015,3,14,14,0,Saturday,543552.1963,4808527.655,-80.461923,43.428385,Private Drive,2,P.D. only,On roadway,SMV,Daylight,Municipal,No control,Unknown,FALSE,FALSE,FALSE,Clear,FALSE,MASSEY AVE,3/7/2019 2:36:27 PM,543552.1963,4808527.655,Q1,Weekend,FALSE
322,43803,15-058077,3/19/2015 4:02:00 PM,2015,3,19,16,2,Thursday,541903.7617,4810550.747,-80.482133,43.446695,Intersection,2,P.D. only,On roadway,Rear end,Daylight,Regional,Sign Control,Functioning,FALSE,FALSE,FALSE,Clear,FALSE,MADISON AVE N; KING ST E,3/7/2019 2:36:26 PM,541903.7617,4810550.747,Q1,Weekend,FALSE
323,43804,15-058172,3/18/2015 5:30:00 PM,2015,3,18,17,30,Wednesday,547642.899,4804529.636,-80.411734,43.392138,Private Drive,2,P.D. only,On roadway,SMV,Daylight,Municipal,No control,Unknown,FALSE,FALSE,FALSE,Clear,FALSE,AMHERST DR; At,3/7/2019 2:36:25 PM,547642.899,4804529.636,Q1,Working,FALSE
324,43805,15-058780,3/20/2015 11:30:00 AM,2015,3,20,11,30,Friday,541714.8488,4811068.566,-80.484428,43.451368,Private Drive,2,P.D. only,On roadway,Other,Daylight,Municipal,No control,Unknown,FALSE,FALSE,FALSE,Clear,FALSE,SPETZ ST,3/7/2019 2:36:24 PM,541714.8488,4811068.566,Q1,Weekend,FALSE
325,43806,15-059213,3/21/2015 2:15:00 AM,2015,3,21,2,15,Saturday,540423.525,4809591.359,-80.500497,43.438138,Private Drive,1,Non-fatal injury,On roadway,SMV,Dark,Municipal,No control,Unknown,TRUE,FALSE,FALSE,Rain,FALSE,QUEENS BLVD; PATRICIA AVE ; At; 25 M,3/7/2019 2:36:24 PM,540423.5249,4809591.359,Q1,Weekend,FALSE
326,43807,15-059802,3/21/2015 11:37:00 PM,2015,3,21,23,37,Saturday,544958.8595,4811036.335,-80.444338,43.45089,Non intersection,2,P.D. only,On roadway,Intersection,Dark,Municipal,No control,Unknown,FALSE,FALSE,FALSE,Clear,FALSE,RIVER RD E; OTTAWA ST N; Near; 30 M,3/7/2019 2:36:22 PM,544958.8595,4811036.335,Q1,Weekend,FALSE
327,43808,15-059920,3/22/2015 4:32:00 AM,2015,3,22,4,32,Sunday,544828.4257,4805005.703,-80.446445,43.396598,Non intersection,1,Non-fatal injury,Off roadway,SMV,Daylight,Municipal,No control,Unknown,FALSE,FALSE,FALSE,Clear,FALSE,DOON VILLAGE RD; MILLWOOD CRES ; 5 M,3/7/2019 2:36:21 PM,544828.4257,4805005.703,Q1,Weekend,FALSE
328,43809,15-060045,3/19/2015 5:35:00 AM,2015,3,19,5,35,Thursday,536745.26,4807871.426,-80.546063,43.422841,Other,2,P.D. only,Off roadway,Other,Dark,Other,No control,Unknown,FALSE,FALSE,FALSE,Clear,FALSE,PRIVATE DRIVEWAY; NEWBURY DR,3/7/2019 2:36:20 PM,536745.26,4807871.426,Q1,Weekend,FALSE
329,43810,15-060141,3/21/2015 5:00:00 PM,2015,3,21,17,0,Saturday,541839.92,4808789.361,-80.483057,43.430839,Private Drive,2,P.D. only,On roadway,Other,Daylight,Municipal,No control,Unknown,FALSE,FALSE,FALSE,Clear,FALSE,KELVIN AVE,3/7/2019 2:36:20 PM,541839.92,4808789.362,Q1,Weekend,FALSE
330,43811,15-060545,3/23/2015 6:49:00 AM,2015,3,23,6,49,Monday,540791.6253,4809117.901,-80.495984,43.433855,Intersection,1,Non-fatal injury,On roadway,SMV,Dawn,Municipal,Sign Control,Functioning,TRUE,FALSE,FALSE,Clear,FALSE,MAUSSER AVE ; STIRLING AVE S,3/7/2019 2:36:19 PM,540791.6253,4809117.901,Q1,Working,FALSE
331,43812,15-060835,3/21/2015 8:30:00 PM,2015,3,21,20,30,Saturday,541943.7277,4803582.589,-80.482174,43.383951,Private Drive,2,P.D. only,On roadway,SMV,Dark,Municipal,No control,Unknown,FALSE,FALSE,FALSE,Clear,FALSE,ROCHEFORT ST; At,3/7/2019 2:36:18 PM,541943.7277,4803582.589,Q1,Weekend,FALSE
332,43813,15-060912,3/23/2015 2:56:00 PM,2015,3,23,14,56,Monday,539616.8185,4811532.583,-80.510324,43.45566,Non intersection,2,P.D. only,On roadway,SMV,Daylight,Municipal,No control,Unknown,FALSE,FALSE,FALSE,Clear,FALSE,GREEN ST ; KING ST W; 60 M,3/7/2019 2:36:17 PM,539616.8185,4811532.583,Q1,Working,FALSE
333,43814,15-060955,3/23/2015 4:08:00 PM,2015,3,23,16,8,Monday,544083.327,4807527.219,-80.455442,43.419346,Intersection,2,P.D. only,On roadway,SMV,Daylight,Municipal,Sign Control,Functioning,FALSE,FALSE,FALSE,Clear,FALSE,BALZER RD; COURTLAND AV E,3/7/2019 2:36:16 PM,544083.327,4807527.219,Q1,Working,FALSE
334,43815,15-060987,3/23/2015 12:00:00 PM,2015,3,23,12,0,Monday,546346.8683,4811399.137,-80.427153,43.454072,Private Drive,2,P.D. only,On roadway,SMV,Daylight,Municipal,No control,Unknown,FALSE,FALSE,FALSE,Clear,FALSE,GRAY ST; Near,3/7/2019 2:36:16 PM,546346.8683,4811399.137,Q1,Working,FALSE
335,43816,15-061737,3/24/2015 10:00:00 AM,2015,3,24,10,0,Tuesday,542543.2879,4808083.413,-80.474422,43.424443,Intersection,2,P.D. only,On roadway,SMV,Daylight,Municipal,Sign Control,Functioning,FALSE,FALSE,FALSE,Clear,FALSE,ARDELT AVE; HANSON AV; Near,3/7/2019 2:36:15 PM,542543.2879,4808083.413,Q1,Working,FALSE
336,43817,15-061917,3/24/2015 7:58:00 PM,2015,3,24,19,58,Tuesday,546373.0074,4805039.011,-80.42737,43.396804,Non intersection,2,P.D. only,On roadway,SMV,Dark,Regional,No control,Unknown,FALSE,FALSE,FALSE,Clear,FALSE,MILL PARK DR; GREEN VALLEY DR; 800 M,3/7/2019 2:36:14 PM,546373.0074,4805039.011,Q1,Working,FALSE
337,43818,15-062027,3/24/2015 11:08:00 PM,2015,3,24,23,8,Tuesday,539640.5271,4809591.708,-80.510172,43.438183,Non intersection,2,P.D. only,Off roadway,SMV,Dark,Municipal,Signal Control,Functioning,FALSE,FALSE,FALSE,Clear,FALSE,LAWRENCE AVE ; HIGHLAND RD W; Near; 10 M,3/7/2019 2:36:13 PM,539640.5271,4809591.708,Q1,Working,FALSE
338,43819,15-062225,3/25/2015 9:17:00 AM,2015,3,25,9,17,Wednesday,545678.7403,4807129.678,-80.435768,43.415671,Private Drive,2,P.D. only,On roadway,Intersection,Daylight,Municipal,No control,Unknown,FALSE,FALSE,FALSE,Clear,FALSE,GOODRICH DR; WABANAKI DR ; 150 M,3/7/2019 2:36:12 PM,545678.7403,4807129.678,Q1,Working,FALSE
339,43820,15-062282,3/25/2015 10:21:00 AM,2015,3,25,10,21,Wednesday,546842.8509,4808450.968,-80.421276,43.427496,Non intersection,2,P.D. only,On roadway,Other,Daylight,Regional,No control,Unknown,FALSE,FALSE,FALSE,Rain,FALSE,MORGAN AVE; RIVER ROAD; 100 M,3/7/2019 2:36:11 PM,546842.8509,4808450.968,Q1,Working,FALSE
340,43821,15-062354,3/16/2015 10:00:00 PM,2015,3,16,22,0,Monday,539631.0321,4805861.017,-80.51056,43.404592,Private Drive,2,P.D. only,On roadway,Intersection,Dark,Municipal,No control,Unknown,FALSE,FALSE,FALSE,Clear,FALSE,MAX BECKER DR; BRIDLEWREATH ST; Near,3/7/2019 2:36:10 PM,539631.0321,4805861.017,Q1,Working,FALSE
341,43822,15-062607,3/25/2015 10:20:00 AM,2015,3,25,10,20,Wednesday,542723.853,4809838.88,-80.472054,43.440239,Private Drive,2,P.D. only,On roadway,SMV,Daylight,Municipal,No control,Unknown,FALSE,FALSE,FALSE,Rain,FALSE,MAURICE ST; At,3/7/2019 2:36:09 PM,542723.853,4809838.88,Q1,Working,FALSE
342,43823,15-063305,3/26/2015 5:29:00 PM,2015,3,26,17,29,Thursday,545430.7013,4808917.322,-80.438683,43.431782,Intersection,1,Non-fatal injury,On roadway,Rear end,Daylight,Municipal,Signal Control,Functioning,FALSE,FALSE,FALSE,Clear,FALSE,KINZIE AVE ; WEBER ST E; At; 20 M,3/4/2020 10:19:56 AM,545430.7013,4808917.322,Q1,Weekend,FALSE
343,43824,15-063663,3/27/2015 8:15:00 AM,2015,3,27,8,15,Friday,543810.2224,4812179.708,-80.458442,43.461253,Private Drive,2,P.D. only,On roadway,Other,Daylight,Municipal,No control,Unknown,FALSE,FALSE,FALSE,Clear,FALSE,ROSEMOUNT DR,3/7/2019 2:36:07 PM,543810.2224,4812179.709,Q1,Weekend,FALSE
344,43825,15-063782,3/22/2015 9:45:00 PM,2015,3,22,21,45,Sunday,545817.1376,4809234.242,-80.433882,43.434612,Private Drive,2,P.D. only,On roadway,Other,Daylight,Regional,No control,Unknown,FALSE,FALSE,FALSE,Clear,FALSE,116B RUTHERFORD DR; 115 RUTHERFORD DR; 5 M,3/7/2019 2:36:06 PM,545817.1376,4809234.242,Q1,Weekend,FALSE
345,43826,15-063790,3/27/2015 11:21:00 AM,2015,3,27,11,21,Friday,542318.1169,4806865.545,-80.477298,43.41349,Private Drive,2,P.D. only,On roadway,Intersection,Daylight,Regional,Signal Control,Functioning,FALSE,FALSE,FALSE,Clear,FALSE,STRASBURG RD; STRASBURG RD ; At; 10 M,3/7/2019 2:36:05 PM,542318.1169,4806865.545,Q1,Weekend,FALSE
346,43827,15-063908,3/27/2015 1:58:00 PM,2015,3,27,13,58,Friday,542264.7379,4810318.771,-80.47769,43.444586,Non intersection,1,Non-fatal injury,On roadway,Rear end,Daylight,Regional,No control,Unknown,FALSE,FALSE,FALSE,Clear,FALSE,KING ST E; 729 KING ST E; 15 M,3/7/2019 2:36:04 PM,542264.7379,4810318.771,Q1,Weekend,FALSE
347,43828,15-064664,3/27/2015 12:00:00 PM,2015,3,27,12,0,Friday,545351.5912,4812157.921,-80.439391,43.460965,Non intersection,2,P.D. only,On roadway,SMV,Daylight,Municipal,Sign Control,Functioning,FALSE,FALSE,FALSE,Clear,FALSE,HERITAGE DR; LORRAINE AV; Near,3/7/2019 2:36:03 PM,545351.5912,4812157.921,Q1,Weekend,FALSE
348,43829,15-064831,3/28/2015 6:22:00 PM,2015,3,28,18,22,Saturday,544732.5932,4811504.401,-80.447096,43.455118,Intersection,2,P.D. only,On roadway,Intersection,Dusk,Regional,Sign Control,Functioning,FALSE,FALSE,FALSE,Clear,FALSE,RIVER RD E; GIBSON DR; At; 5 M,3/7/2019 2:36:02 PM,544732.5932,4811504.401,Q1,Weekend,FALSE
349,43830,15-065236,3/28/2015 4:45:00 PM,2015,3,28,16,45,Saturday,546037.6252,4804911.217,-80.431522,43.395674,Private Drive,2,P.D. only,On roadway,Intersection,Daylight,Municipal,No control,Unknown,FALSE,FALSE,FALSE,Clear,FALSE,PIONEER DR,3/7/2019 2:36:01 PM,546037.6252,4804911.217,Q1,Weekend,FALSE
350,43831,15-065317,3/29/2015 11:53:00 AM,2015,3,29,11,53,Sunday,546499.2893,4810028.453,-80.425386,43.441721,Private Drive,2,Non-reportable,On roadway,SMV,Daylight,Municipal,No control,Unknown,FALSE,FALSE,FALSE,Clear,FALSE,BRIARMEADOW DR; 226 BRIARMEADOW DR; 1 M,3/7/2019 2:36:00 PM,546499.2893,4810028.453,Q1,Weekend,FALSE
351,43832,15-065339,3/29/2015 12:39:00 PM,2015,3,29,12,39,Sunday,538851.8166,4805832.722,-80.520185,43.404378,Private Drive,2,P.D. only,Off roadway,SMV,Daylight,Municipal,No control,Unknown,FALSE,FALSE,FALSE,Clear,FALSE,ACTIVA AVE ; 422 ACTIVA AVE ; At; 40 M,3/7/2019 2:35:58 PM,538851.8166,4805832.722,Q1,Weekend,FALSE
352,43833,15-065995,3/30/2015 1:12:00 PM,2015,3,30,13,12,Monday,538775.8577,4808890.886,-80.520906,43.431918,Intersection,2,P.D. only,On roadway,Intersection,Daylight,Municipal,Sign Control,Functioning,FALSE,FALSE,FALSE,Snow,FALSE,EAGEN DR ; OVERLEA DR ; At,3/7/2019 2:35:57 PM,538775.8577,4808890.886,Q1,Working,FALSE
353,43834,15-066568,3/26/2015 12:01:00 PM,2015,3,26,12,1,Thursday,537523.174,4806854.732,-80.536523,43.413648,Private Drive,2,P.D. only,Off roadway,SMV,Daylight,Municipal,No control,Unknown,FALSE,FALSE,FALSE,Clear,FALSE,PARKLAND CRES,3/7/2019 2:35:57 PM,537523.174,4806854.732,Q1,Weekend,FALSE
354,43835,15-066834,3/31/2015 3:03:00 PM,2015,3,31,15,3,Tuesday,539502.0761,4806103.928,-80.512135,43.406786,Non intersection,1,Non-fatal injury,On roadway,SMV,Daylight,Municipal,No control,Unknown,TRUE,FALSE,FALSE,Clear,FALSE,ACTIVA AVE ; BRIDLEWREATH ST ; 12 M,3/7/2019 2:35:56 PM,539502.0761,4806103.928,Q1,Working,FALSE
355,43836,15-066854,3/27/2015 10:00:00 PM,2015,3,27,22,0,Friday,543747.0605,4809158.968,-80.459465,43.434058,Private Drive,2,P.D. only,Off roadway,SMV,Dark,Municipal,No control,Unknown,FALSE,FALSE,FALSE,Clear,FALSE,DIXON ST,3/7/2019 2:35:55 PM,543747.0605,4809158.968,Q1,Weekend,FALSE
356,43837,15-066886,3/31/2015 3:53:00 PM,2015,3,31,15,53,Tuesday,545493.2099,4806488.377,-80.438113,43.409908,Non intersection,0,Fatal injury,Off roadway,SMV,Daylight,Municipal,No control,Unknown,FALSE,FALSE,FALSE,Clear,FALSE,WABANAKI DR; WILSON AV; Near; 100 M,3/7/2019 2:35:55 PM,545493.2099,4806488.377,Q1,Working,FALSE
357,43838,15-067589,4/1/2015 7:20:00 AM,2015,4,1,7,20,Wednesday,539568.9936,4811423.906,-80.510923,43.454684,Intersection,2,Non-reportable,On roadway,Intersection,Daylight,Municipal,Sign Control,Functioning,FALSE,FALSE,FALSE,Clear,FALSE,PARK ST; GREEN ST; At,3/7/2019 2:35:54 PM,539568.9936,4811423.906,Q2,Working,FALSE
358,43839,15-067715,4/1/2015 4:20:00 PM,2015,4,1,16,20,Wednesday,542379.346,4806178.684,-80.476595,43.407302,Private Drive,2,P.D. only,On roadway,Other,Daylight,Municipal,No control,Unknown,FALSE,FALSE,FALSE,Clear,FALSE,THE COUNTRY WAY; At,3/7/2019 2:35:52 PM,542379.346,4806178.684,Q2,Working,FALSE
359,43840,15-067743,4/1/2015 10:20:00 AM,2015,4,1,10,20,Wednesday,541251.2577,4810983.194,-80.490164,43.450625,Private Drive,2,P.D. only,Off roadway,SMV,Daylight,Municipal,No control,Unknown,FALSE,FALSE,FALSE,Clear,FALSE,ONTARIO ST N; Near,3/7/2019 2:35:51 PM,541251.2577,4810983.194,Q2,Working,FALSE
360,43841,15-067771,4/1/2015 4:30:00 PM,2015,4,1,16,30,Wednesday,542313.3685,4810448.241,-80.477079,43.445749,Private Drive,2,P.D. only,Off roadway,SMV,Daylight,Municipal,No control,Unknown,FALSE,FALSE,FALSE,Clear,FALSE,FAIRVIEW AVE; Near,3/7/2019 2:35:51 PM,542313.3685,4810448.241,Q2,Working,FALSE
361,43842,15-068190,4/2/2015 10:55:00 AM,2015,4,2,10,55,Thursday,542755.1332,4810023.663,-80.471653,43.441901,Non intersection,2,Non-reportable,On roadway,Intersection,Daylight,Regional,Signal Control,Functioning,FALSE,FALSE,FALSE,Clear,FALSE,KING ST E; OTTAWA ST N; 10 M,3/7/2019 2:35:50 PM,542755.1332,4810023.663,Q2,Weekend,FALSE
362,43843,15-068211,4/1/2015 12:30:00 PM,2015,4,1,12,30,Wednesday,538991.7884,4809956.759,-80.518162,43.441504,Private Drive,2,P.D. only,On roadway,SMV,Daylight,Municipal,No control,Unknown,FALSE,FALSE,FALSE,Clear,FALSE,WEICHEL ST,3/7/2019 2:35:49 PM,538991.7884,4809956.759,Q2,Working,FALSE