,OBJECTID,ACCIDENTNUM,ACCIDENTDATE,ACCIDENT_YEAR,ACCIDENT_MONTH,ACCIDENT_DAY,ACCIDENT_HOUR,ACCIDENT_MINUTE,Accident_Day,XCOORD,YCOORD,LONGITUDE,LATITUDE,Accident_Location,COLLISIONTYPE,Accident_Type,Impact_Location,Impact_Type,Light,Road_Jurisdication,Traffic_Control,Traffic_Control_Condition,Pedestrian_Involved,Cyclist_Involved,Motorcyclist_Involved,Environment_Condition,Self_Reported,XMLIMPORTNOTES,LASTEDITEDDATE,x,y,Quarter,Day_Type,Vulnerable_Involved
363,43844,15-068255,4/2/2015 11:00:00 AM,2015,4,2,11,0,Thursday,540311.4675,4811548.475,-80.501737,43.455766,Intersection,2,P.D. only,On roadway,Intersection,Daylight,Municipal,Sign Control,Functioning,FALSE,FALSE,FALSE,Clear,FALSE,LOUISA ST; MOORE AV; At,3/7/2019 2:35:48 PM,540311.4675,4811548.475,Q2,Weekend,FALSE
364,43845,15-068345,4/1/2015 10:48:00 PM,2015,4,1,22,48,Wednesday,544444.2234,4807761.261,-80.450965,43.421432,Private Drive,2,P.D. only,Off roadway,Other,Dark,Municipal,No control,Unknown,FALSE,FALSE,FALSE,Clear,FALSE,TRAYNOR AVE,3/7/2019 2:35:48 PM,544444.2234,4807761.261,Q2,Working,FALSE
365,43846,15-068527,4/2/2015 1:00:00 PM,2015,4,2,13,0,Thursday,542055.8151,4811612.999,-80.480172,43.456251,Private Drive,2,P.D. only,On roadway,SMV,Daylight,Municipal,No control,Unknown,FALSE,FALSE,FALSE,Clear,FALSE,PEQUEGNAT AVE,3/7/2019 2:35:47 PM,542055.8151,4811612.999,Q2,Weekend,FALSE
366,43847,15-068581,4/2/2015 4:15:00 PM,2015,4,2,16,15,Thursday,542404.3672,4806616.754,-80.476252,43.411245,Non intersection,2,P.D. only,On roadway,Rear end,Daylight,Municipal,No control,Unknown,FALSE,FALSE,FALSE,Rain,FALSE,STRASBURG RD; OLD COUNTRY DR; Near,3/7/2019 2:35:46 PM,542404.3672,4806616.754,Q2,Weekend,FALSE
367,43848,15-068644,4/2/2015 8:43:00 PM,2015,4,2,20,43,Thursday,543897.3542,4811906.063,-80.457387,43.458784,Intersection,2,P.D. only,On roadway,Intersection,Dark,Regional,Signal Control,Functioning,FALSE,FALSE,FALSE,Clear,FALSE,RIVER RD E; KRUG ST; At,3/7/2019 2:35:45 PM,543897.3542,4811906.063,Q2,Weekend,FALSE
368,43849,15-069036,4/3/2015 11:30:00 AM,2015,4,3,11,30,Friday,540103.0327,4805792.837,-80.504736,43.403953,Private Drive,2,P.D. only,Off roadway,SMV,Daylight,Municipal,Other,Functioning,FALSE,FALSE,FALSE,Clear,FALSE,MAX BECKER DR; Near,3/7/2019 2:35:45 PM,540103.0327,4805792.837,Q2,Weekend,FALSE
369,43850,15-069037,4/3/2015 12:08:00 PM,2015,4,3,12,8,Friday,540732.5936,4810703.608,-80.496595,43.448136,Private Drive,2,P.D. only,Off roadway,SMV,Daylight,Municipal,Sign Control,Functioning,FALSE,FALSE,FALSE,Clear,FALSE,WATER ST N; 127 WATER ST N; At; 1 M,3/7/2019 2:35:44 PM,540732.5936,4810703.608,Q2,Weekend,FALSE
370,43851,15-069180,4/3/2015 3:28:00 PM,2015,4,3,15,28,Friday,540340.7239,4811080.637,-80.50141,43.451552,Other,2,P.D. only,Off roadway,SMV,Dark,Municipal,No control,Unknown,FALSE,FALSE,FALSE,Clear,FALSE,JOSEPH ST; VICTORIA ST S; Near; 300 M,3/7/2019 2:35:43 PM,540340.7239,4811080.637,Q2,Weekend,FALSE
371,43852,15-069474,4/4/2015 12:19:00 AM,2015,4,4,0,19,Saturday,538617.3968,4806639.228,-80.523023,43.411652,Private Drive,2,P.D. only,Off roadway,SMV,Dark,Municipal,No control,Unknown,FALSE,FALSE,FALSE,Clear,FALSE,WINDFLOWER DR; WAKE ROBIN DR ; 10 M,3/7/2019 2:35:43 PM,538617.3968,4806639.228,Q2,Weekend,FALSE
372,43853,15-069926,4/4/2015 5:33:00 PM,2015,4,4,17,33,Saturday,544953.4618,4806332.384,-80.444792,43.408536,Private Drive,1,Non-fatal injury,On roadway,Intersection,Daylight,Municipal,Sign Control,Functioning,FALSE,FALSE,FALSE,Clear,FALSE,WABANAKI DR; WILSON; 300 M,3/7/2019 2:35:42 PM,544953.4618,4806332.384,Q2,Weekend,FALSE
373,43854,15-070414,4/4/2015 1:00:00 PM,2015,4,4,13,0,Saturday,543986.583,4807775.921,-80.456617,43.421591,Non intersection,2,P.D. only,On roadway,Other,Daylight,Municipal,No control,Unknown,FALSE,FALSE,FALSE,Clear,FALSE,VANIER DR; SIEBERT AV; Near,3/7/2019 2:35:41 PM,543986.583,4807775.921,Q2,Weekend,FALSE
374,43855,15-070536,4/4/2015 4:50:00 PM,2015,4,4,16,50,Saturday,541580.2261,4810751.209,-80.486116,43.448518,Non intersection,2,P.D. only,On roadway,Intersection,Daylight,Regional,No control,Unknown,FALSE,FALSE,FALSE,Clear,FALSE,KING ST E; SCOTT ST; Near,3/7/2019 2:35:41 PM,541580.2261,4810751.209,Q2,Weekend,FALSE
375,43856,15-070704,4/5/2015 8:30:00 PM,2015,4,5,20,30,Sunday,537155.7902,4806836.04,-80.541062,43.413498,Other,2,P.D. only,Off roadway,SMV,Dark,Other,No control,Unknown,FALSE,FALSE,FALSE,Clear,FALSE,CEDAR CREST ST ; 118 CEDAR CREST ST,3/7/2019 2:35:40 PM,537155.7902,4806836.04,Q2,Weekend,FALSE
376,43857,15-070938,4/6/2015 9:26:00 AM,2015,4,6,9,26,Monday,540983.4316,4811063.524,-80.493468,43.451363,Intersection,1,Non-fatal injury,On roadway,Intersection,Daylight,Regional,Sign Control,Functioning,FALSE,TRUE,FALSE,Clear,FALSE,COLLEGE ST ; KING ST W; At; 1 M,3/7/2019 2:35:38 PM,540983.4316,4811063.524,Q2,Working,FALSE
377,43858,15-071039,4/5/2015 9:00:00 PM,2015,4,5,21,0,Sunday,538399.5222,4807919.398,-80.525624,43.42319,Private Drive,2,P.D. only,On roadway,SMV,Dark,Municipal,No control,Unknown,FALSE,FALSE,FALSE,Clear,FALSE,SILVER ASPEN CRES; 18 SILVER ASPEN CRES; 3 M,3/7/2019 2:35:38 PM,538399.5222,4807919.398,Q2,Weekend,FALSE
378,43859,15-071197,4/6/2015 12:00:00 PM,2015,4,6,12,0,Monday,545925.7821,4802778.301,-80.433082,43.376476,Private Drive,2,P.D. only,Off roadway,SMV,Daylight,Municipal,No control,Unknown,FALSE,FALSE,FALSE,Clear,FALSE,CRANBROOK ST; DOON SOUTH DR ; 50 M,3/7/2019 2:35:37 PM,545925.7821,4802778.301,Q2,Working,FALSE
379,43860,15-071283,5/6/2015 4:51:00 PM,2015,5,6,16,51,Wednesday,541699.2998,4813737.285,-80.484416,43.475398,Intersection,2,P.D. only,On roadway,Rear end,Daylight,Regional,Sign Control,Functioning,FALSE,TRUE,FALSE,Clear,FALSE,HAMEL AVE ; LANCASTER ST W; Near; 10 M,3/7/2019 2:35:36 PM,541699.2998,4813737.285,Q2,Working,FALSE
380,43861,15-071348,4/6/2015 6:10:00 PM,2015,4,6,18,10,Monday,541112.3095,4810747.672,-80.491899,43.448512,Intersection,2,P.D. only,On roadway,Other,Daylight,Municipal,Sign Control,Functioning,FALSE,FALSE,FALSE,Clear,FALSE,ONTARIO ST S; JOSEPH ST,3/7/2019 2:35:35 PM,541112.3094,4810747.672,Q2,Working,FALSE
381,43862,15-071425,4/6/2015 6:50:00 PM,2015,4,6,18,50,Monday,549507.0864,4806200.204,-80.388566,43.407059,Private Drive,1,Non-fatal injury,On roadway,Rear end,Daylight,Municipal,No control,Unknown,FALSE,FALSE,FALSE,Clear,FALSE,GATEWAY PARK DR,3/7/2019 2:35:35 PM,549507.0864,4806200.204,Q2,Working,FALSE
382,43863,15-071750,4/7/2015 9:33:00 AM,2015,4,7,9,33,Tuesday,539618.3145,4811374.44,-80.510317,43.454236,Intersection,1,Non-fatal injury,On roadway,SMV,Daylight,Municipal,Signal Control,Functioning,TRUE,FALSE,FALSE,Clear,FALSE,PARK ST ; GLASGOW ST ; At,3/4/2020 10:19:56 AM,539618.3145,4811374.441,Q2,Working,FALSE
383,43864,15-071925,4/7/2015 1:35:00 PM,2015,4,7,13,35,Tuesday,542915.9583,4814147.751,-80.469341,43.479025,Private Drive,2,P.D. only,Off roadway,Intersection,Daylight,Regional,Sign Control,Functioning,FALSE,FALSE,FALSE,Clear,FALSE,TAGGE ST ; TAGGE ST ; Near; 25 M,3/7/2019 2:35:34 PM,542915.9583,4814147.751,Q2,Working,FALSE
384,43865,15-072084,4/6/2015 3:00:00 PM,2015,4,6,15,0,Monday,542850.8809,4811294.595,-80.47037,43.453339,Intersection,2,P.D. only,On roadway,Rear end,Daylight,Municipal,No control,Unknown,FALSE,FALSE,FALSE,Clear,FALSE,KRUG ST ; MELROSE AVE,3/7/2019 2:35:34 PM,542850.8809,4811294.595,Q2,Working,FALSE
385,43866,15-072605,4/8/2015 10:58:00 AM,2015,4,8,10,58,Wednesday,540987.7036,4810999.689,-80.49342,43.450788,Non intersection,2,P.D. only,On roadway,SMV,Daylight,Municipal,No control,Unknown,FALSE,FALSE,FALSE,Clear,FALSE,HALLS LANE W; WATER ST S; 60 M,3/7/2019 2:35:33 PM,540987.7036,4810999.689,Q2,Working,FALSE
386,43867,15-073138,4/9/2015 6:44:00 AM,2015,4,9,6,44,Thursday,540021.8093,4810937.577,-80.505362,43.450281,Non intersection,1,Non-fatal injury,On roadway,Intersection,Dark,Municipal,No control,Unknown,FALSE,FALSE,FALSE,Rain,FALSE,PARK ST ; CHERRY ST ; 43 M,3/7/2019 2:35:32 PM,540021.8093,4810937.577,Q2,Weekend,FALSE
387,43868,15-073625,4/9/2015 7:10:00 PM,2015,4,9,19,10,Thursday,548510.479,4806717.85,-80.400828,43.411785,Private Drive,2,P.D. only,On roadway,Rear end,Dark,Municipal,No control,Unknown,FALSE,FALSE,FALSE,Rain,FALSE,DEER RIDGE DR; KING ST E; 75 M,3/7/2019 2:35:31 PM,548510.479,4806717.85,Q2,Weekend,FALSE
388,43869,15-073828,4/10/2015 3:29:00 AM,2015,4,10,3,29,Friday,540446.9921,4810590.05,-80.500133,43.447129,Non intersection,2,P.D. only,On roadway,SMV,Dark,Municipal,Sign Control,Functioning,FALSE,FALSE,FALSE,Rain,FALSE,JUBILEE DR; DEVON ST ; 32 M,3/7/2019 2:35:31 PM,540446.9921,4810590.05,Q2,Weekend,FALSE
389,43870,15-074070,4/10/2015 8:00:00 AM,2015,4,10,8,0,Friday,543752.2388,4805550.507,-80.45969,43.401567,Intersection,2,P.D. only,On roadway,Intersection,Daylight,Municipal,Sign Control,Functioning,FALSE,FALSE,FALSE,Clear,FALSE,BEASLEY DR; TRILLIUM DR; At,3/7/2019 2:35:30 PM,543752.2388,4805550.507,Q2,Weekend,FALSE
390,43871,15-074182,4/10/2015 1:51:00 PM,2015,4,10,13,51,Friday,541709.9069,4810677.265,-80.484519,43.447845,Intersection,2,P.D. only,On roadway,Intersection,Daylight,Regional,Sign Control,Functioning,FALSE,FALSE,FALSE,Other,FALSE,KING ST E; EBY ST S; 3 M,3/7/2019 2:35:29 PM,541709.9069,4810677.265,Q2,Weekend,FALSE
391,43872,15-074301,4/10/2015 12:30:00 PM,2015,4,10,12,30,Friday,540852.6078,4811181.787,-80.495076,43.452435,Non intersection,2,P.D. only,Other,SMV,Daylight,Municipal,No control,Unknown,FALSE,FALSE,FALSE,Clear,FALSE,BELL LANE; WATER ST N; Near,3/7/2019 2:35:28 PM,540852.6078,4811181.787,Q2,Weekend,FALSE
392,43873,15-074866,4/11/2015 11:40:00 AM,2015,4,11,11,40,Saturday,539640.516,4809593.596,-80.510172,43.4382,Private Drive,2,P.D. only,On roadway,Intersection,Daylight,Municipal,No control,Unknown,FALSE,FALSE,FALSE,Clear,FALSE,LAWRENCE AVE ; 426 HIGHLAND RD W; Near; 9 M,3/7/2019 2:35:28 PM,539640.516,4809593.596,Q2,Weekend,FALSE
393,43874,15-074996,4/11/2015 11:00:00 AM,2015,4,11,11,0,Saturday,540907.5361,4810836.831,-80.494423,43.449326,Private Drive,2,P.D. only,On roadway,Other,Daylight,Municipal,No control,Unknown,FALSE,FALSE,FALSE,Clear,FALSE,JOSEPH ST,3/7/2019 2:35:27 PM,540907.5361,4810836.831,Q2,Weekend,FALSE
394,43875,15-075075,4/11/2015 4:30:00 PM,2015,4,11,16,30,Saturday,539234.4753,4811445.718,-80.515056,43.454898,Intersection,2,P.D. only,On roadway,Intersection,Daylight,Municipal,Sign Control,Functioning,FALSE,FALSE,FALSE,Clear,FALSE,YORK ST; MT HOPE ST; At,3/7/2019 2:35:26 PM,539234.4753,4811445.718,Q2,Weekend,FALSE
395,43876,15-075755,4/12/2015 1:03:00 PM,2015,4,12,13,3,Sunday,542241.1534,4806731.012,-80.478259,43.412283,Private Drive,2,P.D. only,Off roadway,Intersection,Daylight,Municipal,No control,Unknown,FALSE,FALSE,FALSE,Clear,FALSE,THE COUNTRY WAY; 68 THE COUNTRY WAY; At; 3 M,3/7/2019 2:35:26 PM,542241.1534,4806731.012,Q2,Weekend,FALSE
396,43877,15-076326,4/12/2015 8:00:00 PM,2015,4,12,20,0,Sunday,544116.1177,4808529.431,-80.454956,43.428368,Non intersection,2,P.D. only,On roadway,SMV,Dusk,Municipal,No control,Unknown,FALSE,FALSE,FALSE,Clear,FALSE,FIFTH AVE; WILSON AVE ; Near,3/7/2019 2:35:25 PM,544116.1177,4808529.431,Q2,Weekend,FALSE
397,43878,15-077391,4/14/2015 12:53:00 PM,2015,4,14,12,53,Tuesday,542368.6158,4807745.91,-80.476606,43.421414,Private Drive,2,P.D. only,On roadway,Other,Daylight,Municipal,No control,Unknown,FALSE,FALSE,FALSE,Clear,FALSE,KINGSWOOD DR ; 243 KINGSWOOD DR ; At; 1 M,3/7/2019 2:35:24 PM,542368.6158,4807745.91,Q2,Working,FALSE
398,43879,15-077598,4/13/2015 2:00:00 AM,2015,4,13,2,0,Monday,536401.6961,4807138.567,-80.550356,43.416259,Private Drive,2,P.D. only,Off roadway,SMV,Dark,Municipal,No control,Unknown,FALSE,FALSE,FALSE,Clear,FALSE,OLD MAPLE LANE,3/7/2019 2:35:22 PM,536401.6961,4807138.567,Q2,Working,FALSE
399,43880,15-077620,4/14/2015 5:05:00 PM,2015,4,14,17,5,Tuesday,544755.6077,4808023.759,-80.447097,43.423777,Intersection,2,P.D. only,On roadway,Rear end,Daylight,Municipal,Signal Control,Functioning,FALSE,FALSE,FALSE,Clear,FALSE,WILSON AVE; TRAYNOR AVE; At,3/7/2019 2:35:21 PM,544755.6077,4808023.759,Q2,Working,FALSE
400,43881,15-077637,4/13/2015 3:30:00 PM,2015,4,13,15,30,Monday,541036.956,4810976.999,-80.492813,43.450581,Non intersection,2,P.D. only,On roadway,Intersection,Daylight,Municipal,No control,Unknown,FALSE,FALSE,FALSE,Clear,FALSE,HALLS LANE W; GAUKEL ST,3/7/2019 2:35:20 PM,541036.956,4810976.999,Q2,Working,FALSE
401,43882,15-077976,4/15/2015 6:00:00 AM,2015,4,15,6,0,Wednesday,543167.8778,4812685.116,-80.466342,43.465841,Non intersection,2,P.D. only,Off roadway,SMV,Dawn,Regional,No control,Unknown,FALSE,FALSE,FALSE,Clear,FALSE,SHIRLEY AVE; SHIRLEY AVE ; 5 M,3/4/2020 10:19:55 AM,543167.8778,4812685.116,Q2,Working,FALSE
402,43883,15-078072,4/15/2015 10:25:00 AM,2015,4,15,10,25,Wednesday,538355.8839,4808162.594,-80.526146,43.425382,Intersection,1,Non-fatal injury,On roadway,Intersection,Daylight,Municipal,Sign Control,Functioning,FALSE,FALSE,FALSE,Clear,FALSE,HILLBROOK CRES; ELM RIDGE DR; At,3/7/2019 2:35:18 PM,538355.8839,4808162.594,Q2,Working,FALSE
403,43884,15-078389,4/15/2015 4:58:00 PM,2015,4,15,16,58,Wednesday,545285.3362,4810941.452,-80.440311,43.450016,Private Drive,2,P.D. only,On roadway,Rear end,Daylight,Regional,No control,Unknown,FALSE,FALSE,FALSE,Clear,FALSE,HOLBORN DR; HOLBORN DR ; 0 M,3/7/2019 2:35:17 PM,545285.3362,4810941.452,Q2,Working,FALSE
404,43885,15-078398,4/15/2015 5:06:00 PM,2015,4,15,17,6,Wednesday,541308.7128,4809727.442,-80.489549,43.439315,Intersection,2,P.D. only,On roadway,Intersection,Daylight,Municipal,No control,Unknown,FALSE,FALSE,FALSE,Clear,FALSE,MILL ST; SPADINA RD E; At,3/7/2019 2:35:16 PM,541308.7128,4809727.442,Q2,Working,FALSE
405,43886,15-078439,4/13/2015 5:00:00 PM,2015,4,13,17,0,Monday,545680.0971,4804691.109,-80.435955,43.393714,Private Drive,1,Non-fatal injury,Off roadway,SMV,Daylight,Municipal,No control,Unknown,TRUE,FALSE,FALSE,Clear,FALSE,PIONEER DR; PIONEER DR ; At; 2 M,3/7/2019 2:35:15 PM,545680.0971,4804691.109,Q2,Working,FALSE
406,43887,15-078473,4/15/2015 5:00:00 PM,2015,4,15,17,0,Wednesday,543133.7827,4805249.218,-80.467351,43.39889,Intersection,2,P.D. only,On roadway,Intersection,Daylight,Municipal,Sign Control,Functioning,FALSE,FALSE,FALSE,Clear,FALSE,STRASBURG RD; BATTLER RD; At,3/7/2019 2:35:14 PM,543133.7827,4805249.218,Q2,Working,FALSE
407,43888,15-079150,4/16/2015 5:22:00 PM,2015,4,16,17,22,Thursday,537308.0942,4806774.909,-80.539185,43.41294,Non intersection,2,P.D. only,On roadway,Rear end,Daylight,Municipal,No control,Unknown,FALSE,FALSE,FALSE,Rain,FALSE,DRIFTWOOD DR; YELLOW BIRCH DR ; 29 M,3/7/2019 2:35:13 PM,537308.0942,4806774.909,Q2,Weekend,FALSE
408,43889,15-079706,4/17/2015 11:40:00 AM,2015,4,17,11,40,Friday,539690.9564,4811294.349,-80.509425,43.453511,Non intersection,2,P.D. only,On roadway,Intersection,Daylight,Municipal,No control,Unknown,FALSE,FALSE,FALSE,Clear,FALSE,PARK ST; GLASGOW ST; 100 M,3/7/2019 2:35:12 PM,539690.9564,4811294.349,Q2,Weekend,FALSE
409,43890,15-079801,4/17/2015 12:00:00 PM,2015,4,17,12,0,Friday,541941.2047,4810528.323,-80.481672,43.446491,Non intersection,2,P.D. only,On roadway,Rear end,Daylight,Regional,No control,Unknown,FALSE,FALSE,FALSE,Clear,FALSE,KING ST E; Near,3/7/2019 2:35:10 PM,541941.2047,4810528.323,Q2,Weekend,FALSE
410,43891,15-079844,4/17/2015 12:30:00 PM,2015,4,17,12,30,Friday,541598.5586,4810783.196,-80.485887,43.448805,Non intersection,2,P.D. only,On roadway,SMV,Daylight,Municipal,No control,Unknown,FALSE,FALSE,FALSE,Clear,FALSE,SCOTT ST; Near,3/7/2019 2:35:09 PM,541598.5586,4810783.197,Q2,Weekend,FALSE
411,43892,15-079888,4/17/2015 2:40:00 PM,2015,4,17,14,40,Friday,549461.4099,4806101.801,-80.389139,43.406176,Private Drive,2,P.D. only,On roadway,Other,Daylight,Municipal,No control,Unknown,FALSE,FALSE,FALSE,Clear,FALSE,TU LANE ST; At,3/7/2019 2:35:08 PM,549461.4099,4806101.801,Q2,Weekend,FALSE
412,43893,15-079996,4/17/2015 2:45:00 PM,2015,4,17,14,45,Friday,543360.9297,4812867.387,-80.463941,43.467471,Non intersection,1,Non-fatal injury,On roadway,Rear end,Daylight,Municipal,No control,Unknown,FALSE,FALSE,FALSE,Clear,FALSE,SHIRLEY AVE; Near,3/7/2019 2:35:07 PM,543360.9297,4812867.387,Q2,Weekend,FALSE
413,43894,15-080021,4/17/2015 5:10:00 PM,2015,4,17,17,10,Friday,543973.4717,4805140.463,-80.456991,43.397862,Intersection,2,P.D. only,On roadway,SMV,Daylight,Regional,No control,Unknown,FALSE,FALSE,FALSE,Clear,FALSE,HURON RD; HOMER WATSON BLVD,3/7/2019 2:35:06 PM,543973.4717,4805140.463,Q2,Weekend,FALSE
414,43895,15-080081,4/17/2015 5:15:00 PM,2015,4,17,17,15,Friday,541957.1421,4810866.938,-80.481449,43.449539,Intersection,1,Non-fatal injury,On roadway,Rear end,Daylight,Municipal,Signal Control,Functioning,FALSE,FALSE,FALSE,Clear,FALSE,LANCASTER ST E; KRUG ST,3/7/2019 2:35:04 PM,541957.1421,4810866.938,Q2,Weekend,FALSE
415,43896,15-080611,4/17/2015 7:00:00 PM,2015,4,17,19,0,Friday,539895.9283,4809197.171,-80.507045,43.434617,Non intersection,1,Non-fatal injury,On roadway,Rear end,Daylight,Municipal,No control,Unknown,FALSE,FALSE,FALSE,Clear,FALSE,QUEENS BLVD; Near,3/7/2019 2:35:03 PM,539895.9283,4809197.171,Q2,Weekend,FALSE
416,43897,15-080894,4/18/2015 4:23:00 PM,2015,4,18,16,23,Saturday,541068,4811108,0,0,Non intersection,2,P.D. only,On roadway,Other,Daylight,Municipal,No control,Unknown,FALSE,FALSE,FALSE,Clear,FALSE,FLORENCE AVE; 81 FLORENCE AVE.; 4 M,3/4/2020 10:19:55 AM,541068,4811108,Q2,Weekend,FALSE
417,43898,15-082372,4/18/2015 3:00:00 AM,2015,4,18,3,0,Saturday,540427.8456,4810099.045,-80.500406,43.442709,Non intersection,2,P.D. only,On roadway,SMV,Dark,Regional,No control,Unknown,FALSE,FALSE,FALSE,Clear,FALSE,HOMEWOOD AVE; QUEEN ST S; 600 M,3/7/2019 2:35:02 PM,540427.8456,4810099.045,Q2,Weekend,FALSE
418,43899,15-082457,4/20/2015 3:50:00 PM,2015,4,20,15,50,Monday,538929.3796,4805357.054,-80.519261,43.400091,Non intersection,2,P.D. only,Off roadway,SMV,Daylight,Regional,No control,Unknown,FALSE,FALSE,FALSE,Clear,FALSE,SNOWDROP CRES; PURPLE SAGE CRES ; Near; 10 M,3/7/2019 2:35:02 PM,538929.3796,4805357.054,Q2,Working,FALSE
419,43900,15-083299,4/21/2015 3:45:00 PM,2015,4,21,15,45,Tuesday,540981.7162,4807056.763,-80.49379,43.415286,Private Drive,2,P.D. only,On roadway,Intersection,Daylight,Municipal,No control,Unknown,FALSE,FALSE,FALSE,Clear,FALSE,GREENOCK DR,3/7/2019 2:35:01 PM,540981.7162,4807056.763,Q2,Working,FALSE
420,43901,15-083764,4/22/2015 10:34:00 AM,2015,4,22,10,34,Wednesday,541364.0337,4810946.457,-80.488773,43.450288,Non intersection,2,P.D. only,Off roadway,SMV,Daylight,Municipal,No control,Unknown,FALSE,FALSE,FALSE,Clear,FALSE,QUEEN ST N; GOUDIES LANE; At; 2 M,3/7/2019 2:34:59 PM,541364.0337,4810946.458,Q2,Working,FALSE
421,43902,15-084001,4/22/2015 3:42:00 PM,2015,4,22,15,42,Wednesday,539569.222,4811426.351,-80.51092,43.454706,Intersection,2,P.D. only,On roadway,Intersection,Daylight,Municipal,Sign Control,Functioning,FALSE,FALSE,FALSE,Other,FALSE,PARK ST ; GREEN ST,3/7/2019 2:34:59 PM,539569.222,4811426.351,Q2,Working,FALSE
422,43903,15-084387,4/23/2015 8:30:00 AM,2015,4,23,8,30,Thursday,542815.8154,4808125.785,-80.471052,43.424809,Intersection,2,P.D. only,On roadway,Rear end,Daylight,Regional,Sign Control,Functioning,FALSE,FALSE,FALSE,Snow,FALSE,HAYWARD AVE ; HANSON AVE ; At,3/7/2019 2:34:58 PM,542815.8154,4808125.785,Q2,Weekend,FALSE
423,43904,15-084896,4/23/2015 2:00:00 PM,2015,4,23,14,0,Thursday,539146.3832,4810969.309,-80.516179,43.450613,Intersection,2,P.D. only,On roadway,Intersection,Daylight,Municipal,No control,Unknown,FALSE,FALSE,FALSE,Clear,FALSE,BELMONT AVE W; GLASGOW ST; Near; 100 M,3/7/2019 2:34:57 PM,539146.3832,4810969.309,Q2,Weekend,FALSE
424,43905,15-085329,4/24/2015 1:00:00 AM,2015,4,24,1,0,Friday,540632.2925,4810751.426,-80.497831,43.448572,Private Drive,2,P.D. only,On roadway,SMV,Dark,Municipal,No control,Unknown,FALSE,FALSE,FALSE,Clear,FALSE,HEINS AVE; At,3/7/2019 2:34:56 PM,540632.2924,4810751.426,Q2,Weekend,FALSE
425,43906,15-085618,4/24/2015 5:10:00 PM,2015,4,24,17,10,Friday,542573.1618,4806286.078,-80.474193,43.408258,Private Drive,2,P.D. only,Off roadway,SMV,Daylight,Municipal,No control,Unknown,FALSE,FALSE,FALSE,Clear,FALSE,SOUTHWOOD DR; 47 SOUTHWOOD DR; 2 M,3/7/2019 2:34:55 PM,542573.1618,4806286.078,Q2,Weekend,FALSE
426,43907,15-086114,4/25/2015 10:22:00 AM,2015,4,25,10,22,Saturday,539069.3068,4808770.635,-80.517289,43.43082,Non intersection,2,P.D. only,Off roadway,SMV,Daylight,Municipal,No control,Unknown,FALSE,FALSE,FALSE,Clear,FALSE,QUEENS BLVD; KELLY DR ; Near; 20 M,3/7/2019 2:34:55 PM,539069.3068,4808770.635,Q2,Weekend,FALSE
427,43908,15-086196,4/25/2015 11:53:00 AM,2015,4,25,11,53,Saturday,546947.9177,4804958.798,-80.420278,43.396046,Intersection,2,P.D. only,On roadway,Rear end,Daylight,Municipal,Sign Control,Functioning,FALSE,FALSE,FALSE,Clear,FALSE,MILL PARK DR; MORNINGVIEW PL,3/7/2019 2:34:54 PM,546947.9177,4804958.798,Q2,Weekend,FALSE
428,43909,15-086325,4/25/2015 10:10:00 AM,2015,4,25,10,10,Saturday,541956.4173,4810866.378,-80.481458,43.449534,Non intersection,2,P.D. only,On roadway,Rear end,Daylight,Municipal,No control,Unknown,FALSE,FALSE,FALSE,Clear,FALSE,KRUG ST; LANCASTER ST E; Near,3/7/2019 2:34:53 PM,541956.4173,4810866.378,Q2,Weekend,FALSE
429,43910,15-086932,4/26/2015 10:05:00 AM,2015,4,26,10,5,Sunday,540411.3618,4812321.616,-80.500445,43.462722,Private Drive,2,P.D. only,On roadway,Other,Daylight,Municipal,No control,Unknown,FALSE,FALSE,FALSE,Clear,FALSE,RAITAR AVE; 14 RAITAR AVE; 3 M,3/7/2019 2:34:53 PM,540411.3618,4812321.616,Q2,Weekend,FALSE
430,43911,15-086959,4/14/2015 7:15:00 AM,2015,4,14,7,15,Tuesday,538399.7111,4805238.963,-80.52581,43.399055,Private Drive,2,P.D. only,On roadway,SMV,Daylight,Municipal,No control,Unknown,FALSE,FALSE,FALSE,Clear,FALSE,ELIZA AVE,3/7/2019 2:34:52 PM,538399.7111,4805238.963,Q2,Working,FALSE
431,43912,15-087782,4/24/2015 4:20:00 PM,2015,4,24,16,20,Friday,537225.0782,4808086.292,-80.540121,43.424752,Other,2,P.D. only,Off roadway,Other,Daylight,Other,No control,Unknown,FALSE,FALSE,FALSE,Clear,FALSE,LANEWAY; HIGH ACRES CRES,3/7/2019 2:34:51 PM,537225.0782,4808086.292,Q2,Weekend,FALSE
432,43913,15-087815,4/26/2015 4:45:00 PM,2015,4,26,16,45,Sunday,542150.6512,4811364.924,-80.479019,43.454012,Private Drive,2,P.D. only,On roadway,SMV,Daylight,Municipal,No control,Unknown,FALSE,FALSE,FALSE,Clear,FALSE,SAMUEL ST; At,3/7/2019 2:34:50 PM,542150.6512,4811364.924,Q2,Weekend,FALSE
433,43914,15-088597,4/28/2015 2:00:00 AM,2015,4,28,2,0,Tuesday,543890.635,4812080.609,-80.457456,43.460356,Private Drive,2,P.D. only,On roadway,SMV,Dark,Municipal,No control,Unknown,FALSE,FALSE,FALSE,Clear,FALSE,ROSEMOUNT DR,3/7/2019 2:34:50 PM,543890.635,4812080.609,Q2,Working,FALSE
434,43915,15-088732,4/28/2015 5:43:00 PM,2015,4,28,17,43,Tuesday,543810.9307,4810788.771,-80.458545,43.448729,Non intersection,2,P.D. only,Off roadway,SMV,Daylight,Municipal,No control,Unknown,FALSE,FALSE,FALSE,Clear,FALSE,384 MANCHESTER RD; RIVER RD E; 250 M,3/7/2019 2:34:49 PM,543810.9307,4810788.771,Q2,Working,FALSE
435,43916,15-089378,4/29/2015 12:30:00 PM,2015,4,29,12,30,Wednesday,539619.2912,4811373.447,-80.510305,43.454227,Intersection,1,Non-fatal injury,On roadway,SMV,Daylight,Municipal,Signal Control,Functioning,TRUE,FALSE,FALSE,Clear,FALSE,GLASGOW ST; PARK ST ; At,3/4/2020 10:04:35 AM,539619.2912,4811373.447,Q2,Working,FALSE