,OBJECTID,ACCIDENTNUM,ACCIDENTDATE,ACCIDENT_YEAR,ACCIDENT_MONTH,ACCIDENT_DAY,ACCIDENT_HOUR,ACCIDENT_MINUTE,Accident_Day,XCOORD,YCOORD,LONGITUDE,LATITUDE,Accident_Location,COLLISIONTYPE,Accident_Type,Impact_Location,Impact_Type,Light,Road_Jurisdication,Traffic_Control,Traffic_Control_Condition,Pedestrian_Involved,Cyclist_Involved,Motorcyclist_Involved,Environment_Condition,Self_Reported,XMLIMPORTNOTES,LASTEDITEDDATE,x,y,Quarter,Day_Type,Vulnerable_Involved
436,43917,15-089550,4/29/2015 4:33:00 PM,2015,4,29,16,33,Wednesday,541650.6107,4809312.177,-80.485356,43.435557,Intersection,2,Non-reportable,On roadway,Intersection,Daylight,Municipal,Sign Control,Functioning,FALSE,TRUE,FALSE,Clear,FALSE,MILL ST; HEIMAN ST; At,3/7/2019 2:34:48 PM,541650.6107,4809312.177,Q2,Working,FALSE
437,43918,15-089603,4/29/2015 3:40:00 PM,2015,4,29,15,40,Wednesday,539069.8641,4811132.569,-80.517113,43.452087,Private Drive,2,P.D. only,On roadway,Intersection,Daylight,Municipal,No control,Unknown,FALSE,FALSE,FALSE,Clear,FALSE,BELMONT AVE W; At,3/7/2019 2:34:48 PM,539069.8641,4811132.569,Q2,Working,FALSE
438,43919,15-089624,4/29/2015 3:45:00 PM,2015,4,29,15,45,Wednesday,543268.8523,4808887.559,-80.465395,43.431642,Non intersection,2,P.D. only,On roadway,Rear end,Daylight,Municipal,No control,Unknown,FALSE,FALSE,FALSE,Clear,FALSE,DIXON ST; CARWOOD AVE; Near,3/7/2019 2:34:47 PM,543268.8523,4808887.559,Q2,Working,FALSE
439,43920,15-089647,4/29/2015 6:52:00 PM,2015,4,29,18,52,Wednesday,537582.2712,4807379.042,-80.535757,43.418366,Non intersection,2,P.D. only,On roadway,Rear end,Daylight,Municipal,No control,Unknown,FALSE,FALSE,FALSE,Clear,FALSE,WESTHEIGHTS DR ; DRIFTWOOD DR ; Near; 300 M,3/7/2019 2:34:46 PM,537582.2712,4807379.042,Q2,Working,FALSE
440,43921,15-089673,4/29/2015 5:00:00 PM,2015,4,29,17,0,Wednesday,540434.8351,4812144.17,-80.500168,43.461123,Private Drive,2,P.D. only,On roadway,Other,Daylight,Municipal,No control,Unknown,FALSE,FALSE,FALSE,Clear,FALSE,GUELPH ST; At,3/7/2019 2:34:45 PM,540434.8351,4812144.17,Q2,Working,FALSE
441,43922,15-089898,4/30/2015 7:12:00 AM,2015,4,30,7,12,Thursday,539081.7278,4811109.87,-80.516968,43.451882,Intersection,2,P.D. only,On roadway,Intersection,Daylight,Municipal,Signal Control,Functioning,FALSE,FALSE,FALSE,Clear,FALSE,GLASGOW ST; BELMONT AVE W,3/7/2019 2:34:44 PM,539081.7278,4811109.87,Q2,Weekend,FALSE
442,43923,15-089994,4/30/2015 3:00:00 AM,2015,4,30,3,0,Thursday,542022.8501,4809230.079,-80.480763,43.434797,Other,2,P.D. only,Off roadway,SMV,Dark,Other,No control,Unknown,FALSE,FALSE,FALSE,Clear,FALSE,DIRT PATHWAY; MILL ST ; At,3/7/2019 2:34:44 PM,542022.8501,4809230.079,Q2,Weekend,FALSE
443,43924,15-090103,4/29/2015 6:45:00 AM,2015,4,29,6,45,Wednesday,541695.7748,4808840.334,-80.484834,43.431306,Intersection,2,P.D. only,On roadway,SMV,Daylight,Municipal,No control,Unknown,FALSE,FALSE,FALSE,Clear,FALSE,HOFFMAN ST; KEHL ST; Near,3/7/2019 2:34:43 PM,541695.7748,4808840.335,Q2,Working,FALSE
444,43925,15-090119,4/29/2015 6:30:00 PM,2015,4,29,18,30,Wednesday,539342.4755,4811683.241,-80.513704,43.457031,Private Drive,2,P.D. only,On roadway,Intersection,Daylight,Municipal,No control,Unknown,FALSE,FALSE,FALSE,Clear,FALSE,MT HOPE ST; Near,3/7/2019 2:34:42 PM,539342.4755,4811683.241,Q2,Working,FALSE
445,43926,15-090262,4/23/2015 10:00:00 PM,2015,4,23,22,0,Thursday,541020.3212,4806605.98,-80.493347,43.411225,Private Drive,2,P.D. only,On roadway,SMV,Dark,Municipal,No control,Unknown,FALSE,FALSE,FALSE,Clear,FALSE,HIGHCROFT CRT; Near,3/7/2019 2:34:41 PM,541020.3212,4806605.98,Q2,Weekend,FALSE
446,43927,15-090292,4/30/2015 3:47:00 PM,2015,4,30,15,47,Thursday,541651.4941,4809313.293,-80.485345,43.435567,Intersection,2,P.D. only,On roadway,Intersection,Daylight,Municipal,Sign Control,Functioning,FALSE,FALSE,FALSE,Clear,FALSE,HEIMAN ST; MILL ST; Near; 10 M,3/7/2019 2:34:40 PM,541651.4941,4809313.293,Q2,Weekend,FALSE
447,43928,15-090383,4/30/2015 5:00:00 PM,2015,4,30,17,0,Thursday,547025.1858,4804643.81,-80.419351,43.393205,Private Drive,2,P.D. only,Off roadway,SMV,Daylight,Regional,No control,Unknown,FALSE,FALSE,FALSE,Clear,FALSE,MILL PARK DR; MILL VIEW ST ; 30 M,3/7/2019 2:34:40 PM,547025.1858,4804643.81,Q2,Weekend,FALSE
448,43929,15-090814,5/1/2015 8:53:00 AM,2015,5,1,8,53,Friday,543083.619,4810047.411,-80.467592,43.442096,Intersection,2,P.D. only,Off roadway,SMV,Daylight,Municipal,Sign Control,Functioning,FALSE,FALSE,FALSE,Clear,FALSE,SYDNEY ST N; ROSEDALE AVE; At,3/7/2019 2:34:39 PM,543083.619,4810047.411,Q2,Weekend,FALSE
449,43930,15-090910,5/1/2015 10:45:00 AM,2015,5,1,10,45,Friday,540431.3277,4809653.266,-80.500396,43.438695,Non intersection,2,P.D. only,On roadway,Intersection,Daylight,Municipal,No control,Unknown,FALSE,FALSE,FALSE,Clear,FALSE,QUEENS BLVD; REX DR ; Near; 5 M,3/7/2019 2:34:38 PM,540431.3277,4809653.266,Q2,Weekend,FALSE
450,43931,15-091056,4/30/2015 4:00:00 PM,2015,4,30,16,0,Thursday,539619.2965,4811372.558,-80.510305,43.454219,Non intersection,2,P.D. only,On roadway,Intersection,Daylight,Municipal,Signal Control,Functioning,FALSE,FALSE,FALSE,Clear,FALSE,PARK ST; GLASGOW ST,3/7/2019 2:34:37 PM,539619.2965,4811372.558,Q2,Weekend,FALSE
451,43932,15-091063,5/1/2015 2:03:00 PM,2015,5,1,14,3,Friday,542709.4076,4808221.956,-80.472359,43.425681,Private Drive,2,P.D. only,On roadway,Rear end,Daylight,Municipal,No control,Unknown,FALSE,FALSE,FALSE,Clear,FALSE,HANSON AVE; HANSON AVE; Near; 12 M,3/7/2019 2:34:35 PM,542709.4076,4808221.956,Q2,Weekend,FALSE
452,43933,15-091860,5/2/2015 12:48:00 PM,2015,5,2,12,48,Saturday,544733.5582,4811505.296,-80.447084,43.455126,Intersection,2,P.D. only,On roadway,Rear end,Daylight,Municipal,Sign Control,Functioning,FALSE,FALSE,FALSE,Clear,FALSE,RIVER RD E; GIBSON DR; 20 M,3/7/2019 2:34:35 PM,544733.5582,4811505.296,Q2,Weekend,FALSE
453,43934,15-091914,5/2/2015 2:03:00 PM,2015,5,2,14,3,Saturday,542164.8006,4810383.339,-80.47892,43.445173,Intersection,2,P.D. only,On roadway,Rear end,Daylight,Regional,Sign Control,Functioning,FALSE,FALSE,FALSE,Clear,FALSE,KING ST E; PANDORA AVE N; Near; 4 M,3/7/2019 2:34:34 PM,542164.8006,4810383.339,Q2,Weekend,FALSE
454,43935,15-091996,5/1/2015 4:00:00 PM,2015,5,1,16,0,Friday,547873.8444,4810481.213,-80.408361,43.445711,Other,2,P.D. only,Off roadway,SMV,Daylight,Other,No control,Unknown,FALSE,FALSE,FALSE,Clear,FALSE,PRIVATE LANEWAY; UPPER MERCER ST ; At,3/7/2019 2:34:33 PM,547873.8444,4810481.213,Q2,Weekend,FALSE
455,43936,15-092248,5/2/2015 9:40:00 PM,2015,5,2,21,40,Saturday,548935.4634,4806115.85,-80.395633,43.406337,Intersection,2,P.D. only,On roadway,Intersection,Dark,Municipal,Sign Control,Functioning,FALSE,FALSE,FALSE,Clear,FALSE,PIONEER TOWER RD; BAXTER PL; At,3/7/2019 2:34:32 PM,548935.4634,4806115.85,Q2,Weekend,FALSE
456,43937,15-092380,5/3/2015 12:45:00 AM,2015,5,3,0,45,Sunday,540273.4243,4812038.694,-80.502171,43.460182,Non intersection,2,P.D. only,On roadway,SMV,Dark,Municipal,No control,Unknown,FALSE,FALSE,FALSE,Clear,FALSE,GUELPH ST; WATERLOO ST ; 100 M,3/7/2019 2:34:32 PM,540273.4243,4812038.694,Q2,Weekend,FALSE
457,43938,15-092691,5/2/2015 10:00:00 AM,2015,5,2,10,0,Saturday,541721.6722,4808853.933,-80.484513,43.431427,Private Drive,2,P.D. only,On roadway,SMV,Daylight,Municipal,No control,Unknown,FALSE,FALSE,FALSE,Clear,FALSE,HOFFMAN ST; At,3/7/2019 2:34:31 PM,541721.6722,4808853.933,Q2,Weekend,FALSE
458,43939,15-092696,5/3/2015 1:00:00 PM,2015,5,3,13,0,Sunday,544864.7314,4812935.764,-80.445345,43.467998,Private Drive,2,P.D. only,On roadway,Intersection,Daylight,Municipal,No control,Unknown,FALSE,FALSE,FALSE,Clear,FALSE,SUNRISE DR; At,3/7/2019 2:34:30 PM,544864.7314,4812935.764,Q2,Weekend,FALSE
459,43940,15-092869,5/3/2015 6:00:00 PM,2015,5,3,18,0,Sunday,541367.3004,4810875.62,-80.488738,43.44965,Non intersection,2,P.D. only,Off roadway,SMV,Daylight,Regional,No control,Unknown,FALSE,FALSE,FALSE,Clear,FALSE,KING ST E; 19 KING ST E; 4 M,3/7/2019 2:34:29 PM,541367.3004,4810875.62,Q2,Weekend,FALSE
460,43941,15-093149,5/4/2015 6:57:00 AM,2015,5,4,6,57,Monday,538053.3159,4807069.825,-80.52996,43.415558,Intersection,2,P.D. only,Off roadway,SMV,Daylight,Municipal,No control,Unknown,FALSE,FALSE,FALSE,Clear,FALSE,ROYAL ORCHARD DR ; ROYAL ORCHARD PL ; 10 M,3/7/2019 2:34:28 PM,538053.3159,4807069.825,Q2,Working,FALSE
461,43942,15-093217,5/4/2015 9:00:00 AM,2015,5,4,9,0,Monday,540069.207,4810886.104,-80.50478,43.449815,Other,2,P.D. only,On roadway,SMV,Daylight,Municipal,Sign Control,Functioning,FALSE,FALSE,FALSE,Clear,FALSE,PARK ST; CHERRY ST; 10 M,3/7/2019 2:34:28 PM,540069.207,4810886.104,Q2,Working,FALSE
462,43943,15-093366,4/14/2015 12:00:00 PM,2015,4,14,12,0,Tuesday,542837.8844,4806523.535,-80.470905,43.410381,Other,2,P.D. only,Off roadway,SMV,Daylight,Other,No control,Unknown,FALSE,FALSE,FALSE,Snow,FALSE,SANDSPRINGS CRES; At,3/7/2019 2:34:27 PM,542837.8844,4806523.535,Q2,Working,FALSE
463,43944,15-093393,5/4/2015 9:15:00 AM,2015,5,4,9,15,Monday,542586.3476,4816059.043,-80.473267,43.496253,Private Drive,2,P.D. only,On roadway,SMV,Daylight,Municipal,No control,Unknown,FALSE,FALSE,FALSE,Clear,FALSE,FALCONRIDGE DR; At,3/7/2019 2:34:26 PM,542586.3476,4816059.043,Q2,Working,FALSE
464,43945,15-093436,5/4/2015 2:00:00 PM,2015,5,4,14,0,Monday,541788.7056,4811997.61,-80.483444,43.459729,Private Drive,2,P.D. only,Off roadway,SMV,Daylight,Municipal,No control,Unknown,FALSE,FALSE,FALSE,Clear,FALSE,BREITHAUPT ST W; LANCASTER ST W; 50 M,3/7/2019 2:34:26 PM,541788.7056,4811997.61,Q2,Working,FALSE
465,43946,15-093514,5/4/2015 3:32:00 PM,2015,5,4,15,32,Monday,541229.2208,4810749.719,-80.490454,43.448524,Intersection,2,P.D. only,On roadway,Other,Daylight,Municipal,Sign Control,Functioning,FALSE,FALSE,FALSE,Clear,FALSE,QUEEN ST S; CHURCH ST; At,3/7/2019 2:34:25 PM,541229.2208,4810749.719,Q2,Working,FALSE
466,43947,15-093689,4/27/2015 8:39:00 PM,2015,4,27,20,39,Monday,544645.6729,4809076.34,-80.448369,43.433261,Non intersection,2,P.D. only,On roadway,Other,Daylight,Municipal,No control,Unknown,FALSE,FALSE,FALSE,Clear,FALSE,KINGSWAY DR; FRANKLIN ST S; 41 M,3/7/2019 2:34:24 PM,544645.6729,4809076.34,Q2,Working,FALSE
467,43948,15-093875,5/5/2015 5:33:00 AM,2015,5,5,5,33,Tuesday,545856.8882,4804740.285,-80.433768,43.394146,Intersection,1,Non-fatal injury,On roadway,Intersection,Dawn,Municipal,Sign Control,Functioning,FALSE,FALSE,FALSE,Clear,FALSE,PIONEER DR ; OLD CARRIAGE DR,3/7/2019 2:34:22 PM,545856.8882,4804740.285,Q2,Working,FALSE
468,43949,15-094280,5/5/2015 3:35:00 PM,2015,5,5,15,35,Tuesday,542111.6491,4812323.588,-80.479427,43.462646,Intersection,2,P.D. only,On roadway,Rear end,Daylight,Municipal,Sign Control,Functioning,FALSE,FALSE,FALSE,Clear,FALSE,SPRING VALLEY RD; WELLINGTON ST N,3/7/2019 2:34:21 PM,542111.6491,4812323.588,Q2,Working,FALSE
469,43950,15-094383,5/3/2015 6:00:00 PM,2015,5,3,18,0,Sunday,540981.1015,4810142.367,-80.493566,43.443069,Other,2,Non-reportable,On roadway,Rear end,Daylight,Municipal,Other,Functioning,FALSE,FALSE,FALSE,Clear,FALSE,MILL ST; QUEEN ST S; Near,3/7/2019 2:34:21 PM,540981.1015,4810142.367,Q2,Weekend,FALSE
470,43951,15-094714,5/6/2015 8:11:00 AM,2015,5,6,8,11,Wednesday,542868.2047,4810784.265,-80.470196,43.448743,Intersection,2,P.D. only,On roadway,Intersection,Daylight,Municipal,Sign Control,Functioning,FALSE,FALSE,FALSE,Clear,FALSE,EAST AVE; STIRLING AVE N,3/7/2019 2:34:20 PM,542868.2047,4810784.265,Q2,Working,FALSE
471,43952,15-094991,5/6/2015 9:40:00 AM,2015,5,6,9,40,Wednesday,546267.5652,4808546.732,-80.428375,43.428394,Intersection,2,P.D. only,On roadway,Rear end,Daylight,Municipal,Sign Control,Functioning,FALSE,FALSE,FALSE,Clear,FALSE,SOUTHILL DR ; MORGAN AVE ; At,3/7/2019 2:34:19 PM,546267.5652,4808546.732,Q2,Working,FALSE
472,43953,15-095113,5/6/2015 4:55:00 PM,2015,5,6,16,55,Wednesday,538169.7887,4809835.775,-80.528328,43.440457,Private Drive,2,P.D. only,On roadway,Intersection,Daylight,Municipal,No control,Unknown,FALSE,FALSE,FALSE,Clear,FALSE,DALEGROVE DR; 19 DALEGROVE DR ; 0 M,3/7/2019 2:34:18 PM,538169.7887,4809835.775,Q2,Working,FALSE
473,43954,15-095228,5/6/2015 6:30:00 PM,2015,5,6,18,30,Wednesday,543069.2834,4807475.913,-80.467972,43.418943,Intersection,2,P.D. only,On roadway,Intersection,Daylight,Municipal,Sign Control,Functioning,FALSE,FALSE,FALSE,Clear,FALSE,BLOCK LINE RD; HANOVER ST; At,3/7/2019 2:34:17 PM,543069.2834,4807475.913,Q2,Working,FALSE
474,43955,15-095521,5/7/2015 7:59:00 AM,2015,5,7,7,59,Thursday,544159.1637,4808630.779,-80.454416,43.429278,Private Drive,1,Non-fatal injury,On roadway,Intersection,Daylight,Municipal,No control,Unknown,FALSE,TRUE,FALSE,Clear,FALSE,FIFTH AVE; FIFTH AVE ; Near; 3 M,3/7/2019 2:34:16 PM,544159.1637,4808630.779,Q2,Weekend,FALSE
475,43956,15-095651,5/7/2015 10:38:00 AM,2015,5,7,10,38,Thursday,540147.8087,4810119.473,-80.503865,43.442908,Non intersection,2,Non-reportable,On roadway,SMV,Daylight,Municipal,No control,Unknown,FALSE,FALSE,FALSE,Clear,FALSE,HOMEWOOD AVE; WEST AVE ; 9 M,3/7/2019 2:34:16 PM,540147.8087,4810119.473,Q2,Weekend,FALSE
476,43957,15-096036,5/7/2015 7:03:00 PM,2015,5,7,19,3,Thursday,539845.6086,4809604.467,-80.507637,43.438287,Intersection,1,Non-fatal injury,On roadway,Intersection,Daylight,Municipal,Sign Control,Functioning,FALSE,FALSE,FALSE,Clear,FALSE,ROXBOROUGH AVE; MARLBOROUGH AVE,3/7/2019 2:34:15 PM,539845.6086,4809604.467,Q2,Weekend,FALSE
477,43958,15-096402,5/8/2015 8:24:00 AM,2015,5,8,8,24,Friday,539806.4192,4809799.703,-80.508107,43.440047,Non intersection,2,P.D. only,On roadway,Intersection,Daylight,Municipal,No control,Unknown,FALSE,FALSE,FALSE,Clear,FALSE,BELMONT AVE W; HIGHLAND RD W; Near; 50 M,3/7/2019 2:34:14 PM,539806.4192,4809799.703,Q2,Weekend,FALSE
478,43959,15-096769,5/8/2015 10:00:00 AM,2015,5,8,10,0,Friday,547157.9924,4809894.755,-80.417258,43.440476,Private Drive,2,P.D. only,Off roadway,SMV,Daylight,Municipal,No control,Unknown,FALSE,FALSE,FALSE,Clear,FALSE,FAIRWAY CRES; At,3/7/2019 2:34:13 PM,547157.9924,4809894.755,Q2,Weekend,FALSE
479,43960,15-096912,5/8/2015 5:12:00 PM,2015,5,8,17,12,Friday,538823.9116,4811101.494,-80.520155,43.45182,Non intersection,1,Non-fatal injury,Off roadway,Intersection,Daylight,Municipal,No control,Unknown,FALSE,TRUE,FALSE,Clear,FALSE,AVONDALE AVE; 664 AVONDALE AVE; Near; 20 M,3/7/2019 2:34:12 PM,538823.9116,4811101.494,Q2,Weekend,FALSE
480,43961,15-097307,5/9/2015 1:40:00 AM,2015,5,9,1,40,Saturday,541421.7102,4810764.56,-80.488074,43.448647,Non intersection,2,P.D. only,Off roadway,SMV,Dark,Municipal,No control,Unknown,FALSE,FALSE,FALSE,Clear,FALSE,HALLS LANE E; BENTON ST ; 16 M,3/7/2019 2:34:12 PM,541421.7102,4810764.56,Q2,Weekend,FALSE
481,43962,15-097386,5/9/2015 4:30:00 AM,2015,5,9,4,30,Saturday,545723.6314,4811004.162,-80.434889,43.450554,Non intersection,1,Non-fatal injury,Off roadway,SMV,Dark,Municipal,No control,Unknown,FALSE,FALSE,FALSE,Clear,FALSE,CHARTWELL CRT; CHARTWELL CRT ; 2 M,3/7/2019 2:34:10 PM,545723.6314,4811004.162,Q2,Weekend,FALSE
482,43963,15-097459,5/9/2015 9:24:00 AM,2015,5,9,9,24,Saturday,544515.5429,4811757.741,-80.449758,43.457412,Non intersection,1,Non-fatal injury,On roadway,Rear end,Daylight,Regional,No control,Unknown,FALSE,FALSE,FALSE,Clear,FALSE,RIVER RD E; LORRAINE AVE; Near; 100 M,3/7/2019 2:34:09 PM,544515.5429,4811757.741,Q2,Weekend,FALSE
483,43964,15-098569,5/10/2015 6:45:00 PM,2015,5,10,18,45,Sunday,541000.5425,4812054.63,-80.493182,43.460286,Non intersection,2,P.D. only,Off roadway,SMV,Dark,Regional,No control,Unknown,FALSE,FALSE,FALSE,Rain,FALSE,WILHEM ST.; MARGARET AVE N; Near; 100 M,3/4/2020 10:04:34 AM,541000.5425,4812054.63,Q2,Weekend,FALSE
484,43965,15-098936,5/11/2015 9:00:00 AM,2015,5,11,9,0,Monday,544774.0799,4808070.194,-80.446865,43.424194,Private Drive,2,P.D. only,On roadway,SMV,Daylight,Municipal,No control,Unknown,FALSE,FALSE,FALSE,Clear,FALSE,TRAYNOR AVE; Near,3/7/2019 2:34:09 PM,544774.0799,4808070.194,Q2,Working,FALSE
485,43966,15-099016,5/11/2015 10:00:00 AM,2015,5,11,10,0,Monday,541875.7029,4810742.931,-80.482465,43.448427,Intersection,1,Non-fatal injury,On roadway,Intersection,Daylight,Municipal,Sign Control,Functioning,FALSE,FALSE,FALSE,Clear,FALSE,CEDAR ST N; DUKE ST E,3/7/2019 2:34:08 PM,541875.7029,4810742.931,Q2,Working,FALSE
486,43967,15-099192,5/11/2015 2:34:00 PM,2015,5,11,14,34,Monday,541181.438,4809391.925,-80.491147,43.436301,Intersection,1,Non-fatal injury,On roadway,Intersection,Daylight,Regional,Signal Control,Functioning,FALSE,FALSE,FALSE,Clear,FALSE,STIRLING AVE S; HIGHLAND RD E,3/7/2019 2:34:07 PM,541181.438,4809391.925,Q2,Working,FALSE
487,43968,15-099201,5/11/2015 2:48:00 PM,2015,5,11,14,48,Monday,539710.3624,4809908.976,-80.509286,43.441036,Intersection,1,Non-fatal injury,On roadway,Intersection,Daylight,Regional,Sign Control,Functioning,FALSE,TRUE,FALSE,Clear,FALSE,BELMONT AVE W; METZLOFF DR; At,3/7/2019 2:34:06 PM,539710.3624,4809908.976,Q2,Working,FALSE
488,43969,15-099285,5/11/2015 4:35:00 PM,2015,5,11,16,35,Monday,541068,4811108,0,0,Non intersection,2,Non-reportable,On roadway,Intersection,Daylight,Municipal,No control,Unknown,FALSE,FALSE,FALSE,Clear,FALSE,UNION ST ; KING ST S; 60 M,3/4/2020 10:04:34 AM,541068,4811108,Q2,Working,FALSE
489,43970,15-099425,5/11/2015 8:29:00 PM,2015,5,11,20,29,Monday,544883.327,4804848.36,-80.44578,43.395178,Intersection,1,Non-fatal injury,On roadway,Intersection,Dark,Regional,Signal Control,Functioning,FALSE,FALSE,FALSE,Rain,FALSE,DOON VILLAGE RD ; PIONEER DR ; At,3/7/2019 2:34:04 PM,544883.327,4804848.36,Q2,Working,FALSE
490,43971,15-099518,5/11/2015 11:37:00 PM,2015,5,11,23,37,Monday,545907.8398,4809345.143,-80.432752,43.435605,Intersection,1,Non-fatal injury,On roadway,Intersection,Dark,Municipal,Sign Control,Functioning,FALSE,FALSE,FALSE,Clear,FALSE,KINZIE AVE; THALER AVE,3/7/2019 2:34:04 PM,545907.8398,4809345.143,Q2,Working,FALSE
491,43972,15-099916,5/12/2015 2:50:00 PM,2015,5,12,14,50,Tuesday,545853.0899,4809755.479,-80.433394,43.439303,Intersection,1,Non-fatal injury,On roadway,Intersection,Daylight,Municipal,Signal Control,Functioning,FALSE,FALSE,FALSE,Clear,FALSE,RIVER RD E; OLD CHICOPEE DR ; At,3/7/2019 2:34:03 PM,545853.0899,4809755.479,Q2,Working,FALSE
492,43973,15-100065,5/12/2015 6:30:00 PM,2015,5,12,18,30,Tuesday,546994.2576,4808375.61,-80.419412,43.426808,Intersection,2,P.D. only,On roadway,Intersection,Daylight,Municipal,Signal Control,Functioning,FALSE,TRUE,FALSE,Clear,FALSE,GRAND RIVER BLVD; RIVER RD E; At,3/7/2019 2:34:02 PM,546994.2576,4808375.61,Q2,Working,FALSE
493,43974,15-100244,5/12/2015 11:11:00 PM,2015,5,12,23,11,Tuesday,543071.3023,4805497.151,-80.468103,43.401126,Intersection,2,P.D. only,On roadway,Intersection,Daylight,Regional,Sign Control,Functioning,FALSE,FALSE,FALSE,Other,FALSE,TRILLIUM DR ; STRASBURG RD ; At,3/7/2019 2:34:01 PM,543071.3023,4805497.151,Q2,Working,FALSE
494,43975,15-100317,5/13/2015 3:45:00 AM,2015,5,13,3,45,Wednesday,541418.1826,4808611.504,-80.488281,43.429261,Non intersection,2,P.D. only,On roadway,SMV,Dark,Regional,No control,Unknown,FALSE,FALSE,FALSE,Clear,FALSE,HOMER WATSON BLVD TO HWY 7 8  E; E HWY 7 8 ; 0 M,3/7/2019 2:34:00 PM,541418.1826,4808611.504,Q2,Working,FALSE
495,43976,15-100503,5/12/2015 11:00:00 AM,2015,5,12,11,0,Tuesday,545786.1586,4802616.538,-80.434819,43.375028,Private Drive,2,P.D. only,On roadway,SMV,Daylight,Municipal,No control,Unknown,FALSE,FALSE,FALSE,Clear,FALSE,THOMAS SLEE DR,3/7/2019 2:33:59 PM,545786.1586,4802616.538,Q2,Working,FALSE
496,43977,15-100715,5/13/2015 3:02:00 PM,2015,5,13,15,2,Wednesday,543071.5573,4805495.265,-80.4681,43.401109,Intersection,2,P.D. only,On roadway,Intersection,Daylight,Regional,Sign Control,Functioning,FALSE,FALSE,FALSE,Clear,FALSE,STRASBURG RD; TRILLIUM DR; At,3/7/2019 2:33:59 PM,543071.5573,4805495.265,Q2,Working,FALSE
497,43978,15-100784,5/12/2015 3:20:00 PM,2015,5,12,15,20,Tuesday,545855.486,4807128.433,-80.433585,43.415649,Non intersection,2,P.D. only,On roadway,Rear end,Daylight,Municipal,No control,Unknown,FALSE,FALSE,FALSE,Clear,FALSE,WABANAKI DR; GOODRICH DR; Near,3/7/2019 2:33:58 PM,545855.486,4807128.433,Q2,Working,FALSE
498,43979,15-100963,5/13/2015 5:00:00 PM,2015,5,13,17,0,Wednesday,540606.4254,4811579.788,-80.498089,43.456032,Private Drive,2,P.D. only,On roadway,Other,Daylight,Municipal,No control,Unknown,FALSE,FALSE,FALSE,Clear,FALSE,WELLINGTON ST N; At,3/7/2019 2:33:57 PM,540606.4254,4811579.788,Q2,Working,FALSE
499,43980,15-101288,5/13/2015 7:45:00 PM,2015,5,13,19,45,Wednesday,541041.0821,4809647.732,-80.492862,43.438612,Private Drive,2,P.D. only,On roadway,Rear end,Daylight,Regional,No control,Unknown,FALSE,FALSE,FALSE,Clear,FALSE,HIGHLAND RD E; Near,3/7/2019 2:33:55 PM,541041.0821,4809647.732,Q2,Working,FALSE
500,43981,15-102366,5/15/2015 3:56:00 PM,2015,5,15,15,56,Friday,542446.4996,4807281.386,-80.47568,43.417227,Intersection,2,P.D. only,On roadway,Intersection,Daylight,Municipal,Sign Control,Functioning,FALSE,FALSE,FALSE,Clear,FALSE,COUNTRY HILL DR; BLOCK LINE RD,3/7/2019 2:33:54 PM,542446.4996,4807281.386,Q2,Weekend,FALSE
501,43982,15-102396,5/15/2015 1:10:00 PM,2015,5,15,13,10,Friday,541662.9446,4810407.207,-80.48512,43.445416,Intersection,2,P.D. only,On roadway,Intersection,Daylight,Municipal,Sign Control,Functioning,FALSE,FALSE,FALSE,Clear,FALSE,CEDAR ST S; CHURCH ST,3/7/2019 2:33:54 PM,541662.9446,4810407.207,Q2,Weekend,FALSE
502,43983,15-102423,5/15/2015 3:50:00 PM,2015,5,15,15,50,Friday,546415.123,4803494.435,-80.426981,43.382894,Intersection,2,P.D. only,On roadway,Intersection,Daylight,Municipal,Sign Control,Functioning,FALSE,FALSE,FALSE,Clear,FALSE,DOON SOUTH DR; FOREST EDGE TRAIL; Near,3/7/2019 2:33:53 PM,546415.123,4803494.436,Q2,Weekend,FALSE
503,43984,15-103660,5/17/2015 2:36:00 AM,2015,5,17,2,36,Sunday,536974.3763,4808250.282,-80.543207,43.426241,Non intersection,2,P.D. only,Off roadway,SMV,Dark,Municipal,No control,Unknown,FALSE,FALSE,FALSE,Clear,FALSE,BANKSIDE DR; WESTFOREST TRAIL ; 50 M,3/7/2019 2:33:52 PM,536974.3763,4808250.282,Q2,Weekend,FALSE
504,43985,15-104003,5/17/2015 3:21:00 PM,2015,5,17,15,21,Sunday,538809.3835,4807677.743,-80.520578,43.420993,Private Drive,1,Non-fatal injury,On roadway,Other,Daylight,Municipal,No control,Unknown,FALSE,FALSE,FALSE,Clear,FALSE,FORESTWOOD DR ;  27 FORESTWOOD DR ; Near; 3 M,3/7/2019 2:33:51 PM,538809.3835,4807677.743,Q2,Weekend,FALSE
505,43986,15-104677,5/18/2015 12:49:00 PM,2015,5,18,12,49,Monday,541068,4811108,0,0,Other,2,P.D. only,Off roadway,SMV,Daylight,Other,No control,Unknown,FALSE,FALSE,FALSE,Clear,FALSE,GALLERIA UNDERGOUND PARKING; FREDERICK ST E,3/7/2019 2:33:51 PM,541068,4811108,Q2,Working,FALSE
506,43987,15-105034,5/18/2015 9:00:00 PM,2015,5,18,21,0,Monday,544761.8641,4811446.177,-80.446739,43.454592,Intersection,2,P.D. only,On roadway,SMV,Dark,Regional,Signal Control,Functioning,FALSE,FALSE,TRUE,Clear,FALSE,RIVER RD E; HICKSON DR; At,3/7/2019 2:33:50 PM,544761.8641,4811446.177,Q2,Working,TRUE
507,43988,15-105182,5/19/2015 1:22:00 AM,2015,5,19,1,22,Tuesday,542254.0583,4807863.804,-80.478012,43.422482,Private Drive,2,P.D. only,Off roadway,SMV,Dark,Municipal,No control,Unknown,FALSE,FALSE,FALSE,Clear,FALSE,ALPINE RD ; KINGSWOOD DR ; Near; 50 M,3/7/2019 2:33:49 PM,542254.0583,4807863.804,Q2,Working,FALSE
508,43989,15-105339,5/19/2015 9:22:00 AM,2015,5,19,9,22,Tuesday,541183.8563,4810691.912,-80.491019,43.448006,Intersection,1,Non-fatal injury,On roadway,SMV,Daylight,Municipal,Signal Control,Functioning,TRUE,FALSE,FALSE,Clear,FALSE,QUEEN ST S; JOSEPH ST,3/7/2019 2:33:48 PM,541183.8563,4810691.912,Q2,Working,FALSE