,OBJECTID,ACCIDENTNUM,ACCIDENTDATE,ACCIDENT_YEAR,ACCIDENT_MONTH,ACCIDENT_DAY,ACCIDENT_HOUR,ACCIDENT_MINUTE,Accident_Day,XCOORD,YCOORD,LONGITUDE,LATITUDE,Accident_Location,COLLISIONTYPE,Accident_Type,Impact_Location,Impact_Type,Light,Road_Jurisdication,Traffic_Control,Traffic_Control_Condition,Pedestrian_Involved,Cyclist_Involved,Motorcyclist_Involved,Environment_Condition,Self_Reported,XMLIMPORTNOTES,LASTEDITEDDATE,x,y,Quarter,Day_Type,Vulnerable_Involved
509,43990,15-105439,5/17/2015 9:00:00 PM,2015,5,17,21,0,Sunday,541610.7115,4811750.507,-80.485663,43.457514,Non intersection,2,P.D. only,On roadway,SMV,Dark,Regional,No control,Unknown,FALSE,FALSE,FALSE,Clear,FALSE,ST LEGER ST; VICTORIA ST N; Near,3/7/2019 2:33:48 PM,541610.7115,4811750.507,Q2,Weekend,FALSE
510,43991,15-105492,5/19/2015 11:25:00 AM,2015,5,19,11,25,Tuesday,541952.2556,4810520.951,-80.481536,43.446424,Private Drive,2,P.D. only,Off roadway,Intersection,Daylight,Regional,No control,Unknown,FALSE,TRUE,FALSE,Clear,FALSE,KING ST E; At,3/7/2019 2:33:47 PM,541952.2556,4810520.951,Q2,Working,FALSE
511,43992,15-105529,5/19/2015 1:00:00 PM,2015,5,19,13,0,Tuesday,541442.4871,4811083.434,-80.487793,43.451517,Non intersection,1,Non-fatal injury,On roadway,SMV,Daylight,Municipal,No control,Unknown,TRUE,FALSE,FALSE,Clear,FALSE,QUEEN ST N; DUKE ST E; 80 M,3/7/2019 2:33:46 PM,541442.4871,4811083.434,Q2,Working,FALSE
512,43993,15-105635,5/19/2015 4:05:00 PM,2015,5,19,16,5,Tuesday,545333.0323,4813425.021,-80.439515,43.472375,Private Drive,2,P.D. only,On roadway,Intersection,Daylight,Regional,Signal Control,Functioning,FALSE,FALSE,FALSE,Clear,FALSE,BINGEMANS CENTRE DR; VICTORIA ST N; Near; 100 M,3/7/2019 2:33:45 PM,545333.0323,4813425.021,Q2,Working,FALSE
513,43994,15-106159,5/20/2015 11:51:00 AM,2015,5,20,11,51,Wednesday,545513.4334,4808471.632,-80.437698,43.427764,Private Drive,1,Non-fatal injury,On roadway,Intersection,Daylight,Municipal,Sign Control,Functioning,FALSE,FALSE,FALSE,Clear,FALSE,KINGSWAY DR ; CEDARWOODS CRES ; At; 90 M,3/7/2019 2:33:45 PM,545513.4334,4808471.632,Q2,Working,FALSE
514,43995,15-106489,5/20/2015 8:15:00 PM,2015,5,20,20,15,Wednesday,543214.4425,4804527.616,-80.466412,43.392388,Intersection,2,P.D. only,On roadway,SMV,Daylight,Regional,Sign Control,Functioning,FALSE,FALSE,FALSE,Clear,FALSE,STRASBURG RD; HURON RD; At,3/7/2019 2:33:44 PM,543214.4425,4804527.616,Q2,Working,FALSE
515,43996,15-107193,5/21/2015 5:20:00 PM,2015,5,21,17,20,Thursday,541827.5264,4807472.211,-80.483311,43.41898,Non intersection,1,Non-fatal injury,On roadway,Rear end,Daylight,Regional,No control,Unknown,FALSE,FALSE,FALSE,Clear,FALSE,STRASBURG RD; Near,3/7/2019 2:33:43 PM,541827.5264,4807472.211,Q2,Weekend,FALSE
516,43997,15-107208,5/21/2015 5:00:00 PM,2015,5,21,17,0,Thursday,537493.709,4807392.987,-80.53685,43.418496,Non intersection,2,P.D. only,On roadway,SMV,Daylight,Municipal,No control,Unknown,FALSE,FALSE,FALSE,Clear,FALSE,WESTHEIGHTS DR; DRIFTWOOD DR ; At; 100 M,3/7/2019 2:33:43 PM,537493.709,4807392.987,Q2,Weekend,FALSE
517,43998,15-107557,5/22/2015 11:15:00 AM,2015,5,22,11,15,Friday,541048.8282,4809638.228,-80.492767,43.438526,Non intersection,2,P.D. only,Off roadway,SMV,Daylight,Municipal,No control,Unknown,FALSE,FALSE,FALSE,Clear,FALSE,HIGHLAND RD E; 174 HIGHLAND RD E; At; 0 M,3/7/2019 2:33:42 PM,541048.8282,4809638.228,Q2,Weekend,FALSE
518,43999,15-107827,5/22/2015 5:30:00 PM,2015,5,22,17,30,Friday,541038.3995,4811178.474,-80.49278,43.452395,Intersection,2,Non-reportable,On roadway,Rear end,Daylight,Regional,Sign Control,Functioning,FALSE,FALSE,FALSE,Clear,FALSE,DUKE ST W; COLLEGE ST; At,3/7/2019 2:33:41 PM,541038.3995,4811178.474,Q2,Weekend,FALSE
519,44000,15-108131,5/22/2015 1:16:00 AM,2015,5,22,1,16,Friday,545103.1314,4804762.975,-80.443073,43.394396,Non intersection,2,P.D. only,Off roadway,Intersection,Dark,Municipal,No control,Unknown,FALSE,FALSE,FALSE,Clear,FALSE,PIONEER DR; PIONEER DR ; Near; 5 M,3/7/2019 2:33:41 PM,545103.1314,4804762.975,Q2,Weekend,FALSE
520,44001,15-108212,5/23/2015 6:27:00 AM,2015,5,23,6,27,Saturday,537875.2847,4808411.208,-80.532066,43.427645,Non intersection,2,P.D. only,On roadway,SMV,Daylight,Municipal,No control,Unknown,FALSE,FALSE,FALSE,Clear,FALSE,BLACKWELL DR; MONTEAGLE CRES; 20 M,3/7/2019 2:33:40 PM,537875.2847,4808411.208,Q2,Weekend,FALSE
521,44002,15-108435,5/23/2015 10:30:00 AM,2015,5,23,10,30,Saturday,540772.2685,4812143.76,-80.495997,43.461101,Private Drive,2,P.D. only,On roadway,SMV,Daylight,Municipal,No control,Unknown,FALSE,FALSE,FALSE,Clear,FALSE,AHRENS ST W; At,3/7/2019 2:33:39 PM,540772.2685,4812143.76,Q2,Weekend,FALSE
522,44003,15-108480,5/23/2015 2:49:00 PM,2015,5,23,14,49,Saturday,544885.6827,4811186.781,-80.44523,43.452249,Private Drive,2,P.D. only,On roadway,Intersection,Daylight,Municipal,No control,Unknown,FALSE,FALSE,FALSE,Clear,FALSE,RIVER RD E; OTTAWA ST N; At; 1 M,3/7/2019 2:33:38 PM,544885.6827,4811186.781,Q2,Weekend,FALSE
523,44004,15-109325,5/24/2015 4:10:00 PM,2015,5,24,16,10,Sunday,539495.7249,4811818.521,-80.5118,43.458241,Private Drive,2,P.D. only,On roadway,SMV,Daylight,Municipal,No control,Unknown,FALSE,FALSE,FALSE,Clear,FALSE,MARY ST; PINE ST; 20 M,3/7/2019 2:33:37 PM,539495.7249,4811818.521,Q2,Weekend,FALSE
524,44005,15-109729,5/24/2015 8:00:00 AM,2015,5,24,8,0,Sunday,546910.2056,4806912.67,-80.420576,43.413641,Private Drive,2,P.D. only,On roadway,SMV,Daylight,Municipal,No control,Unknown,FALSE,FALSE,FALSE,Clear,FALSE,CANTERS CLOSE; At,3/7/2019 2:33:37 PM,546910.2056,4806912.67,Q2,Weekend,FALSE
525,44006,15-109730,5/25/2015 4:40:00 AM,2015,5,25,4,40,Monday,546326.6138,4809165.42,-80.427593,43.433961,Private Drive,1,Non-fatal injury,Off roadway,SMV,Dark,Other,No control,Unknown,TRUE,FALSE,FALSE,Clear,FALSE,RIVER RD E; 1401 RIVER RD E; At; 0 M,3/7/2019 2:33:36 PM,546326.6138,4809165.42,Q2,Working,FALSE
526,44007,15-109928,5/25/2015 1:53:00 PM,2015,5,25,13,53,Monday,541662.0429,4810409.089,-80.485131,43.445433,Intersection,2,P.D. only,On roadway,Intersection,Daylight,Municipal,Sign Control,Functioning,FALSE,FALSE,FALSE,Clear,FALSE,CHURCH ST ; CEDAR ST S; At,3/7/2019 2:33:35 PM,541662.0429,4810409.089,Q2,Working,FALSE
527,44008,15-110011,5/25/2015 4:12:00 PM,2015,5,25,16,12,Monday,543764.9679,4807820.792,-80.459351,43.422008,Private Drive,2,P.D. only,On roadway,Intersection,Daylight,Municipal,No control,Unknown,FALSE,FALSE,FALSE,Clear,FALSE,SHELLEY DR; 1144 COURTLAND AVE E; Near; 5 M,3/7/2019 2:33:34 PM,543764.9679,4807820.792,Q2,Working,FALSE
528,44009,15-110088,5/25/2015 5:10:00 PM,2015,5,25,17,10,Monday,541231.2407,4810948.643,-80.490414,43.450315,Intersection,1,Non-fatal injury,On roadway,Intersection,Daylight,Municipal,Signal Control,Functioning,FALSE,TRUE,FALSE,Clear,FALSE,KING ST W; ONTARIO ST N,3/7/2019 2:33:34 PM,541231.2407,4810948.643,Q2,Working,FALSE
529,44010,15-110164,5/21/2015 6:15:00 PM,2015,5,21,18,15,Thursday,538241.073,4810009.1,-80.527435,43.442014,Private Drive,2,P.D. only,On roadway,SMV,Daylight,Municipal,No control,Unknown,FALSE,FALSE,FALSE,Clear,FALSE,MARKWOOD DR,3/7/2019 2:33:33 PM,538241.073,4810009.1,Q2,Weekend,FALSE
530,44011,15-110548,5/25/2015 7:40:00 AM,2015,5,25,7,40,Monday,542057.592,4812300.483,-80.480097,43.462441,Private Drive,2,P.D. only,On roadway,SMV,Daylight,Municipal,No control,Unknown,FALSE,FALSE,FALSE,Clear,FALSE,WELLINGTON ST N,3/7/2019 2:33:32 PM,542057.592,4812300.483,Q2,Working,FALSE
531,44012,15-110681,5/26/2015 8:05:00 AM,2015,5,26,8,5,Tuesday,539617.6666,4811374.548,-80.510325,43.454237,Intersection,2,P.D. only,On roadway,Rear end,Daylight,Municipal,Signal Control,Functioning,FALSE,FALSE,FALSE,Clear,FALSE,GLASGOW ST ; PARK ST,3/7/2019 2:33:32 PM,539617.6666,4811374.548,Q2,Working,FALSE
532,44013,15-110854,5/26/2015 2:50:00 PM,2015,5,26,14,50,Tuesday,543629.5503,4811021.047,-80.460768,43.450831,Private Drive,2,P.D. only,On roadway,SMV,Daylight,Municipal,No control,Unknown,FALSE,FALSE,FALSE,Clear,FALSE,BURBANK RD; 95 BURBANK; At,3/7/2019 2:33:31 PM,543629.5503,4811021.047,Q2,Working,FALSE
533,44014,15-111424,5/27/2015 8:45:00 AM,2015,5,27,8,45,Wednesday,537552.8591,4808241.704,-80.536061,43.426135,Intersection,2,P.D. only,On roadway,Intersection,Daylight,Municipal,Sign Control,Functioning,FALSE,FALSE,FALSE,Clear,FALSE,MONTANA CRES; BLACKWELL DR; At,3/7/2019 2:33:30 PM,537552.8591,4808241.705,Q2,Working,FALSE
534,44015,15-111591,5/27/2015 1:32:00 PM,2015,5,27,13,32,Wednesday,545453.8377,4806479.56,-80.4386,43.409831,Non intersection,2,P.D. only,On roadway,Intersection,Daylight,Regional,No control,Unknown,FALSE,FALSE,FALSE,Clear,FALSE,WABANAKI DR; WILSON AVE; 100 M,3/7/2019 2:33:30 PM,545453.8377,4806479.56,Q2,Working,FALSE
535,44016,15-111774,5/26/2015 7:30:00 PM,2015,5,26,19,30,Tuesday,547869.4319,4810703.752,-80.408396,43.447715,Private Drive,2,P.D. only,Off roadway,SMV,Daylight,Municipal,No control,Unknown,FALSE,FALSE,FALSE,Clear,FALSE,COLTON CIR; Near,3/7/2019 2:33:29 PM,547869.4319,4810703.752,Q2,Working,FALSE
536,44017,15-111789,5/27/2015 6:45:00 PM,2015,5,27,18,45,Wednesday,544140.3651,4808844.116,-80.454631,43.4312,Intersection,2,P.D. only,On roadway,Intersection,Daylight,Municipal,Sign Control,Functioning,FALSE,FALSE,FALSE,Clear,FALSE,FOURTH AVE; CONNAUGHT ST; At,3/7/2019 2:33:28 PM,544140.3651,4808844.116,Q2,Working,FALSE
537,44018,15-112096,5/28/2015 7:06:00 AM,2015,5,28,7,6,Thursday,542405.6431,4806619.872,-80.476236,43.411273,Intersection,1,Non-fatal injury,On roadway,Intersection,Daylight,Municipal,Sign Control,Functioning,FALSE,FALSE,FALSE,Clear,FALSE,STRASBURG RD; OLD COUNTRY DR; At,3/4/2020 10:19:54 AM,542405.6431,4806619.872,Q2,Weekend,FALSE
538,44019,15-112238,5/28/2015 10:37:00 AM,2015,5,28,10,37,Thursday,546181,4813736.427,-80.429005,43.475127,Non intersection,2,P.D. only,On roadway,Other,Daylight,Regional,No control,Unknown,FALSE,FALSE,FALSE,Clear,FALSE,CENTENNIAL RD; CENTENNIAL CRT; Near; 21 M,3/7/2019 2:33:28 PM,546181,4813736.427,Q2,Weekend,FALSE
539,44020,15-112529,5/28/2015 4:26:00 PM,2015,5,28,16,26,Thursday,547667.9681,4811295.511,-80.410834,43.453056,Non intersection,1,Non-fatal injury,On roadway,Other,Daylight,Municipal,No control,Unknown,FALSE,FALSE,FALSE,Clear,FALSE,ZELLER DR; ZELLER CRES ; 30 M,3/7/2019 2:33:27 PM,547667.9681,4811295.511,Q2,Weekend,FALSE
540,44021,15-112596,5/28/2015 5:51:00 PM,2015,5,28,17,51,Thursday,545174.0699,4808828.748,-80.441861,43.431,Non intersection,1,Non-fatal injury,On roadway,Rear end,Daylight,Regional,No control,Unknown,FALSE,FALSE,FALSE,Clear,FALSE,KINGSWAY DR; KINGSWAYDR; Near; 150 M,3/7/2019 2:33:26 PM,545174.0699,4808828.748,Q2,Weekend,FALSE
541,44022,15-112769,5/28/2015 9:30:00 PM,2015,5,28,21,30,Thursday,539879.7002,4807218.529,-80.50739,43.416802,Private Drive,2,P.D. only,Off roadway,SMV,Dark,Municipal,No control,Unknown,FALSE,FALSE,FALSE,Clear,FALSE,WILKINS DR; WILKINS DR ; At; 2 M,3/7/2019 2:33:25 PM,539879.7002,4807218.529,Q2,Weekend,FALSE
542,44023,15-113191,5/29/2015 11:56:00 AM,2015,5,29,11,56,Friday,545111.5915,4807726.041,-80.442724,43.421075,Intersection,2,P.D. only,On roadway,Intersection,Daylight,Municipal,No control,Unknown,FALSE,FALSE,FALSE,Clear,FALSE,WILSON AVE; FAIRWAY RD S; 20 M,3/7/2019 2:33:24 PM,545111.5915,4807726.041,Q2,Weekend,FALSE
543,44024,15-113879,5/29/2015 4:00:00 PM,2015,5,29,16,0,Friday,544656.0895,4812829.646,-80.447933,43.467055,Non intersection,2,P.D. only,Off roadway,SMV,Daylight,Municipal,Sign Control,Functioning,FALSE,TRUE,FALSE,Clear,FALSE,NATCHEZ RD ; CARSON DR ; Near; 30 M,3/4/2020 10:19:53 AM,544656.0895,4812829.646,Q2,Weekend,FALSE
544,44025,15-114094,5/30/2015 12:11:00 PM,2015,5,30,12,11,Saturday,542756.3064,4805392.529,-80.472001,43.400202,Non intersection,2,P.D. only,On roadway,Other,Daylight,Regional,No control,Unknown,FALSE,FALSE,FALSE,Rain,FALSE,TRILLIUM DR; TRILLIUM DR ; 12 M,3/7/2019 2:33:22 PM,542756.3064,4805392.529,Q2,Weekend,FALSE
545,44026,15-114150,5/30/2015 1:25:00 PM,2015,5,30,13,25,Saturday,546752.2598,4808441.232,-80.422396,43.427414,Private Drive,2,P.D. only,On roadway,SMV,Daylight,Municipal,No control,Unknown,FALSE,FALSE,FALSE,Clear,FALSE,BERWICK PL ; BERWICK PL; At,3/7/2019 2:33:21 PM,546752.2598,4808441.232,Q2,Weekend,FALSE
546,44027,15-114237,5/30/2015 3:29:00 PM,2015,5,30,15,29,Saturday,541402.5513,4811011.887,-80.488292,43.450875,Intersection,1,Non-fatal injury,On roadway,Rear end,Daylight,Municipal,Signal Control,Functioning,FALSE,FALSE,FALSE,Clear,FALSE,QUEEN ST N; DUKE ST E,3/7/2019 2:33:21 PM,541402.5513,4811011.887,Q2,Weekend,FALSE
547,44028,15-114263,5/30/2015 4:03:00 PM,2015,5,30,16,3,Saturday,541654.9468,4807679.161,-80.485427,43.420853,Non intersection,2,P.D. only,On roadway,SMV,Daylight,Municipal,No control,Unknown,FALSE,FALSE,FALSE,Rain,FALSE,STRASBURG RD; BARWOOD CRES ; At; 10 M,3/7/2019 2:33:20 PM,541654.9468,4807679.161,Q2,Weekend,FALSE
548,44029,15-114621,5/30/2015 11:40:00 PM,2015,5,30,23,40,Saturday,544755.3016,4808021.091,-80.447101,43.423753,Non intersection,2,P.D. only,On roadway,Other,Dark,Municipal,No control,Unknown,FALSE,FALSE,FALSE,Rain,FALSE,TRAYNOR AVE ; WILSON AVE ; Near,3/7/2019 2:33:19 PM,544755.3016,4808021.091,Q2,Weekend,FALSE
549,44030,15-114675,5/31/2015 1:49:00 AM,2015,5,31,1,49,Sunday,540440.2994,4810586.123,-80.500216,43.447094,Non intersection,2,P.D. only,Off roadway,SMV,Dark,Municipal,Sign Control,Functioning,FALSE,FALSE,FALSE,Rain,FALSE,JUBILEE DR; DEVON ST; 23 M,3/7/2019 2:33:19 PM,540440.2994,4810586.123,Q2,Weekend,FALSE
550,44031,15-114707,5/31/2015 2:40:00 AM,2015,5,31,2,40,Sunday,538353.2074,4809786.172,-80.526065,43.440001,Intersection,2,P.D. only,On roadway,SMV,Dark,Municipal,Sign Control,Functioning,FALSE,FALSE,FALSE,Rain,FALSE,HAZELGLEN DR ; MOOREGATE CRES ; At,3/7/2019 2:33:18 PM,538353.2074,4809786.172,Q2,Weekend,FALSE
551,44032,15-114773,5/31/2015 7:13:00 AM,2015,5,31,7,13,Sunday,545403.7143,4808633.821,-80.43904,43.429231,Non intersection,1,Non-fatal injury,Off roadway,SMV,Daylight,Municipal,No control,Unknown,FALSE,FALSE,FALSE,Rain,FALSE,KINGSWAY DR; CEDARWOODS CRES ; 120 M,3/7/2019 2:33:16 PM,545403.7143,4808633.821,Q2,Weekend,FALSE
552,44033,15-114873,5/31/2015 11:18:00 AM,2015,5,31,11,18,Sunday,540580.417,4810631.833,-80.498481,43.447498,Intersection,2,P.D. only,On roadway,Intersection,Daylight,Regional,Sign Control,Functioning,FALSE,FALSE,FALSE,Rain,FALSE,JUBILEE DR ; HEINS AVE,3/7/2019 2:33:15 PM,540580.417,4810631.833,Q2,Weekend,FALSE
553,44034,15-114986,5/31/2015 2:00:00 PM,2015,5,31,14,0,Sunday,536763.1047,4808251.126,-80.545817,43.426259,Non intersection,2,P.D. only,On roadway,SMV,Other,Municipal,No control,Unknown,FALSE,FALSE,FALSE,Rain,FALSE,WESTMEADOW DR; DAWN RIDGE DR ; 20 M,3/7/2019 2:33:15 PM,536763.1047,4808251.126,Q2,Weekend,FALSE
554,44035,15-115877,6/1/2015 11:00:00 AM,2015,6,1,11,0,Monday,543479.4684,4812222.991,-80.462527,43.461662,Private Drive,2,P.D. only,On roadway,Other,Daylight,Regional,No control,Unknown,FALSE,FALSE,FALSE,Clear,FALSE,FREDERICK ST; At,3/7/2019 2:33:14 PM,543479.4684,4812222.991,Q2,Working,FALSE
555,44036,15-116211,6/2/2015 6:50:00 AM,2015,6,2,6,50,Tuesday,543340.7733,4811423.228,-80.464305,43.454469,Non intersection,2,P.D. only,Off roadway,SMV,Daylight,Municipal,No control,Unknown,FALSE,FALSE,FALSE,Clear,FALSE,SHERWOOD AVE; 61 SHERWOOD AVE; At; 7 M,3/7/2019 2:33:13 PM,543340.7733,4811423.228,Q2,Working,FALSE
556,44037,15-116241,6/2/2015 6:30:00 AM,2015,6,2,6,30,Tuesday,537585.9836,4809879.696,-80.535539,43.440882,Private Drive,2,P.D. only,On roadway,SMV,Dawn,Municipal,No control,Unknown,FALSE,FALSE,FALSE,Clear,FALSE,SHADELAND CRES,3/7/2019 2:33:12 PM,537585.9836,4809879.696,Q2,Working,FALSE
557,44038,15-116394,6/2/2015 11:40:00 AM,2015,6,2,11,40,Tuesday,540517.2002,4811537.047,-80.499195,43.455652,Intersection,1,Non-fatal injury,On roadway,Intersection,Daylight,Municipal,Sign Control,Functioning,FALSE,FALSE,FALSE,Clear,FALSE,WELLINGTON ST N; WATERLOO ST; At,3/7/2019 2:33:11 PM,540517.2002,4811537.047,Q2,Working,FALSE
558,44039,15-116599,6/2/2015 3:35:00 PM,2015,6,2,15,35,Tuesday,545131.4919,4807631.327,-80.442486,43.420221,Private Drive,2,P.D. only,On roadway,Intersection,Daylight,Regional,No control,Unknown,FALSE,FALSE,FALSE,Clear,FALSE,WILSON AVE; 385 FAIRWAY RD S; 20 M,3/7/2019 2:33:10 PM,545131.4919,4807631.327,Q2,Working,FALSE
559,44040,15-116612,6/2/2015 1:00:00 PM,2015,6,2,13,0,Tuesday,541920.3251,4810541.743,-80.481929,43.446613,Private Drive,2,P.D. only,On roadway,Other,Daylight,Regional,No control,Unknown,FALSE,FALSE,FALSE,Clear,FALSE,KING ST E; At,3/7/2019 2:33:09 PM,541920.3251,4810541.743,Q2,Working,FALSE
560,44041,15-116622,6/2/2015 4:20:00 PM,2015,6,2,16,20,Tuesday,544047.5194,4808882.492,-80.455775,43.431551,Intersection,1,Non-fatal injury,On roadway,SMV,Daylight,Regional,Sign Control,Functioning,FALSE,FALSE,TRUE,Clear,FALSE,CONNAUGHT ST; THIRD AVE ; At,3/7/2019 2:33:08 PM,544047.5194,4808882.492,Q2,Working,TRUE
561,44042,15-116731,6/2/2015 6:57:00 PM,2015,6,2,18,57,Tuesday,544661.1901,4805164.856,-80.448497,43.398041,Non intersection,1,Non-fatal injury,On roadway,SMV,Daylight,Municipal,No control,Unknown,TRUE,FALSE,FALSE,Clear,FALSE,MILLWOOD CRES; MILLWOOD CRES ; 5 M,3/7/2019 2:33:07 PM,544661.1901,4805164.856,Q2,Working,FALSE
562,44043,15-117235,5/18/2015 5:50:00 PM,2015,5,18,17,50,Monday,539427.39,4810319.796,-80.512753,43.44475,Intersection,2,P.D. only,On roadway,Intersection,Daylight,Municipal,No control,Unknown,FALSE,FALSE,FALSE,Clear,FALSE,BELMONT AVE W; ADELAIDE ST,3/7/2019 2:33:06 PM,539427.39,4810319.796,Q2,Working,FALSE
563,44044,15-117829,6/3/2015 9:00:00 AM,2015,6,3,9,0,Wednesday,541375.9927,4810870.01,-80.488631,43.449599,Private Drive,2,P.D. only,On roadway,Rear end,Daylight,Regional,No control,Unknown,FALSE,FALSE,FALSE,Clear,FALSE,KING ST E; QUEEN ST N; Near,3/7/2019 2:33:05 PM,541375.9927,4810870.01,Q2,Working,FALSE
564,44045,15-118952,6/5/2015 1:10:00 PM,2015,6,5,13,10,Friday,544171.5931,4808660.958,-80.45426,43.429549,Private Drive,2,P.D. only,Off roadway,SMV,Daylight,Municipal,No control,Unknown,FALSE,TRUE,FALSE,Clear,FALSE,FIFTH AVE; FIFTH AVE; 8 M,3/7/2019 2:33:04 PM,544171.5931,4808660.958,Q2,Weekend,FALSE
565,44046,15-119001,6/5/2015 11:00:00 AM,2015,6,5,11,0,Friday,541468.1938,4811126.684,-80.487472,43.451905,Non intersection,2,P.D. only,On roadway,SMV,Daylight,Regional,No control,Unknown,FALSE,FALSE,FALSE,Clear,FALSE,QUEEN ST N; WEBER ST W; Near; 30 M,3/7/2019 2:33:03 PM,541468.1938,4811126.684,Q2,Weekend,FALSE
566,44047,15-119234,6/5/2015 8:36:00 PM,2015,6,5,20,36,Friday,546228.0746,4805081.664,-80.429156,43.397197,Non intersection,2,P.D. only,Off roadway,SMV,Dusk,Municipal,No control,Unknown,FALSE,FALSE,FALSE,Clear,FALSE,MILL PARK DR; GREEN VALLEY DR; Near; 500 M,3/7/2019 2:33:03 PM,546228.0746,4805081.664,Q2,Weekend,FALSE
567,44048,15-119413,6/6/2015 12:41:00 AM,2015,6,6,0,41,Saturday,545136.4743,4813607.177,-80.44193,43.474027,Non intersection,2,P.D. only,Off roadway,SMV,Daylight,Municipal,No control,Unknown,FALSE,FALSE,FALSE,Clear,FALSE,SHIRLEY AVE ; BINGEMANS CENTRE DR ; Near; 69 M,3/7/2019 2:33:02 PM,545136.4743,4813607.177,Q2,Weekend,FALSE
568,44049,15-120256,6/7/2015 2:05:00 AM,2015,6,7,2,5,Sunday,537781.4776,4810475.852,-80.533082,43.44624,Intersection,2,P.D. only,On roadway,SMV,Dark,Municipal,No control,Unknown,FALSE,FALSE,FALSE,Clear,FALSE,GLASGOW ST; KNELL DR; 25 M,3/7/2019 2:33:01 PM,537781.4776,4810475.852,Q2,Weekend,FALSE
569,44050,15-120258,6/7/2015 2:07:00 AM,2015,6,7,2,7,Sunday,546883.1039,4806979.563,-80.420905,43.414245,Non intersection,2,P.D. only,On roadway,SMV,Dark,Municipal,No control,Unknown,FALSE,FALSE,FALSE,Clear,FALSE,HIDDEN VALLEY RD; PADDOCK CRT; 200 M,3/7/2019 2:33:01 PM,546883.1039,4806979.563,Q2,Weekend,FALSE
570,44051,15-120947,6/8/2015 7:15:00 AM,2015,6,8,7,15,Monday,541441.9205,4806406.536,-80.488155,43.409406,Private Drive,2,P.D. only,On roadway,SMV,Daylight,Municipal,No control,Unknown,FALSE,FALSE,FALSE,Rain,FALSE, 228 RITTENHOUSE RD; ERINBROOK DR ; 100 M,3/7/2019 2:33:00 PM,541441.9205,4806406.536,Q2,Working,FALSE
571,44052,15-120975,6/8/2015 8:34:00 AM,2015,6,8,8,34,Monday,542833.7296,4807152.67,-80.470907,43.416046,Private Drive,2,P.D. only,On roadway,Other,Daylight,Municipal,No control,Unknown,FALSE,FALSE,FALSE,Rain,FALSE,CHERRY HILL DR; CHERRY HILL DR ; 5 M,3/7/2019 2:32:59 PM,542833.7296,4807152.67,Q2,Working,FALSE
572,44053,15-121670,6/8/2015 11:30:00 PM,2015,6,8,23,30,Monday,544618.3058,4808882.134,-80.448723,43.431514,Non intersection,2,P.D. only,On roadway,SMV,Dark,Municipal,No control,Unknown,FALSE,FALSE,FALSE,Rain,FALSE,KINGSWAY DR ; KINGSWAY DR ; Near,3/4/2020 10:19:53 AM,544618.3058,4808882.134,Q2,Working,FALSE
573,44054,15-121917,6/9/2015 12:32:00 PM,2015,6,9,12,32,Tuesday,540984.9434,4810828.194,-80.493467,43.449244,Intersection,1,Non-fatal injury,On roadway,Intersection,Daylight,Municipal,Sign Control,Functioning,FALSE,TRUE,FALSE,Clear,FALSE,JOSEPH ST ; GAUKEL ST ; At,3/7/2019 2:32:58 PM,540984.9434,4810828.194,Q2,Working,FALSE
574,44055,15-122279,6/9/2015 7:00:00 PM,2015,6,9,19,0,Tuesday,542803.6189,4810914.019,-80.470984,43.449915,Non intersection,2,P.D. only,On roadway,SMV,Daylight,Municipal,No control,Unknown,FALSE,FALSE,FALSE,Clear,FALSE,PANDORA AVE N; EAST AVE,3/7/2019 2:32:57 PM,542803.6189,4810914.019,Q2,Working,FALSE
575,44056,15-122614,6/8/2015 7:20:00 PM,2015,6,8,19,20,Monday,539303.0395,4810329.398,-80.514289,43.444843,Intersection,2,P.D. only,On roadway,Intersection,Daylight,Municipal,Sign Control,Functioning,FALSE,FALSE,FALSE,Rain,FALSE,KARN ST; BRYBECK CRES; At,3/7/2019 2:32:56 PM,539303.0395,4810329.398,Q2,Working,FALSE
576,44057,15-122749,6/10/2015 10:00:00 AM,2015,6,10,10,0,Wednesday,544956.8397,4811035.877,-80.444363,43.450886,Non intersection,2,P.D. only,On roadway,Rear end,Daylight,Regional,No control,Unknown,FALSE,FALSE,FALSE,Clear,FALSE,RIVER RD E; OTTAWA ST N; Near,3/7/2019 2:32:56 PM,544956.8397,4811035.877,Q2,Working,FALSE
577,44058,15-122898,6/10/2015 1:00:00 PM,2015,6,10,13,0,Wednesday,541589.1528,4806966.41,-80.486294,43.414439,Intersection,2,P.D. only,On roadway,Intersection,Daylight,Municipal,Sign Control,Functioning,FALSE,FALSE,FALSE,Clear,FALSE,BLACKHORNE DR; MCLENNAN PARK GATE,3/7/2019 2:32:55 PM,541589.1528,4806966.41,Q2,Working,FALSE
578,44059,15-122992,6/10/2015 3:30:00 PM,2015,6,10,15,30,Wednesday,539675.7888,4806484.773,-80.509962,43.410206,Intersection,1,Non-fatal injury,On roadway,SMV,Daylight,Municipal,Sign Control,Functioning,TRUE,FALSE,FALSE,Clear,FALSE,ACTIVA AVE; WILDERNESS DR,3/7/2019 2:32:54 PM,539675.7888,4806484.773,Q2,Working,FALSE
579,44060,15-123607,6/11/2015 12:19:00 PM,2015,6,11,12,19,Thursday,543216.0502,4804529.514,-80.466392,43.392405,Intersection,2,P.D. only,On roadway,Intersection,Daylight,Regional,Sign Control,Functioning,FALSE,FALSE,FALSE,Clear,FALSE,HURON RD; STRASBURG RD; At,3/7/2019 2:32:53 PM,543216.0502,4804529.514,Q2,Weekend,FALSE
580,44061,15-123859,6/11/2015 2:30:00 PM,2015,6,11,14,30,Thursday,540007.2172,4803047.975,-80.50612,43.379243,Other,2,P.D. only,Off roadway,SMV,Dark,Other,No control,Unknown,FALSE,FALSE,FALSE,Clear,FALSE,HURON RD ; HURON RD ; At,3/7/2019 2:32:53 PM,540007.2172,4803047.975,Q2,Weekend,FALSE