,OBJECTID,ACCIDENTNUM,ACCIDENTDATE,ACCIDENT_YEAR,ACCIDENT_MONTH,ACCIDENT_DAY,ACCIDENT_HOUR,ACCIDENT_MINUTE,Accident_Day,XCOORD,YCOORD,LONGITUDE,LATITUDE,Accident_Location,COLLISIONTYPE,Accident_Type,Impact_Location,Impact_Type,Light,Road_Jurisdication,Traffic_Control,Traffic_Control_Condition,Pedestrian_Involved,Cyclist_Involved,Motorcyclist_Involved,Environment_Condition,Self_Reported,XMLIMPORTNOTES,LASTEDITEDDATE,x,y,Quarter,Day_Type,Vulnerable_Involved
581,44062,15-123910,6/11/2015 7:47:00 AM,2015,6,11,7,47,Thursday,540559.9219,4809613.279,-80.49881,43.438328,Private Drive,1,Non-fatal injury,On roadway,Other,Daylight,Municipal,No control,Unknown,FALSE,FALSE,FALSE,Clear,FALSE,REX DR; QUEEN ST N; At; 150 M,3/7/2019 2:32:51 PM,540559.9218,4809613.279,Q2,Weekend,FALSE
582,44063,15-124023,6/10/2015 5:00:00 PM,2015,6,10,17,0,Wednesday,541917.0796,4813833.262,-80.481716,43.47625,Private Drive,1,Non-fatal injury,On roadway,Intersection,Daylight,Municipal,No control,Unknown,FALSE,TRUE,FALSE,Clear,FALSE,RIVERBEND DR; 630 RIVERBEND DR; Near; 1 M,3/4/2020 10:04:33 AM,541917.0796,4813833.262,Q2,Working,FALSE
583,44064,15-124186,6/12/2015 3:02:00 AM,2015,6,12,3,2,Friday,541980.4716,4807286.801,-80.481436,43.417302,Private Drive,2,P.D. only,On roadway,Other,Dark,Regional,No control,Unknown,FALSE,FALSE,FALSE,Rain,FALSE,STRASBURG RD; 588 STRASBURG RD; 3 M,3/7/2019 2:32:50 PM,541980.4716,4807286.801,Q2,Weekend,FALSE
584,44065,15-124355,6/12/2015 9:00:00 AM,2015,6,12,9,0,Friday,541760.9377,4810329.07,-80.483915,43.444707,Intersection,2,P.D. only,Off roadway,SMV,Daylight,Municipal,Sign Control,Functioning,FALSE,FALSE,FALSE,Clear,FALSE,CHURCH ST ; MADISON AVE S,3/7/2019 2:32:50 PM,541760.9377,4810329.07,Q2,Weekend,FALSE
585,44066,15-124369,6/12/2015 9:53:00 AM,2015,6,12,9,53,Friday,539316.75,4810614.794,-80.514099,43.447412,Intersection,1,Non-fatal injury,On roadway,Intersection,Daylight,Municipal,Signal Control,Functioning,FALSE,FALSE,FALSE,Clear,FALSE,BELMONT AVE W; GAGE AVE ; At,3/7/2019 2:32:49 PM,539316.75,4810614.794,Q2,Weekend,FALSE
586,44067,15-124473,6/12/2015 12:30:00 PM,2015,6,12,12,30,Friday,544428.0703,4812532.934,-80.450776,43.464397,Private Drive,1,Non-fatal injury,On roadway,Other,Daylight,Municipal,No control,Unknown,FALSE,FALSE,FALSE,Rain,FALSE,CARSON DR ; 200 CARSON DR; At; 3 M,3/7/2019 2:32:48 PM,544428.0703,4812532.934,Q2,Weekend,FALSE
587,44068,15-124540,6/12/2015 4:00:00 PM,2015,6,12,16,0,Friday,541176.4707,4809582.476,-80.491194,43.438017,Private Drive,2,P.D. only,On roadway,SMV,Daylight,Municipal,No control,Unknown,FALSE,FALSE,FALSE,Clear,FALSE,RUSSEL ST; 61 RUSSELL ST; 100 M,3/4/2020 10:19:52 AM,541176.4707,4809582.476,Q2,Weekend,FALSE
588,44069,15-124580,6/12/2015 2:40:00 PM,2015,6,12,14,40,Friday,540224.9003,4811995.313,-80.502774,43.459794,Non intersection,2,P.D. only,On roadway,SMV,Daylight,Municipal,No control,Unknown,FALSE,TRUE,FALSE,Clear,FALSE,WATERLOO ST; GUELPH ST ; 20 M,3/4/2020 10:19:51 AM,540224.9003,4811995.313,Q2,Weekend,FALSE
589,44070,15-124620,6/12/2015 3:44:00 PM,2015,6,12,15,44,Friday,545364.6545,4811022.394,-80.439324,43.45074,Intersection,2,P.D. only,On roadway,Intersection,Daylight,Municipal,Sign Control,Functioning,FALSE,FALSE,FALSE,Clear,FALSE,OLD CHICOPEE DR; HOLBORN DR; At,3/7/2019 2:32:47 PM,545364.6545,4811022.395,Q2,Weekend,FALSE
590,44071,15-124631,6/12/2015 3:00:00 PM,2015,6,12,15,0,Friday,541750.4481,4810650.862,-80.48402,43.447605,Non intersection,2,P.D. only,On roadway,Intersection,Daylight,Regional,No control,Unknown,FALSE,FALSE,FALSE,Rain,FALSE,KING ST E; KING ST E; Near,3/7/2019 2:32:46 PM,541750.4481,4810650.862,Q2,Weekend,FALSE
591,44072,15-125420,6/13/2015 1:15:00 PM,2015,6,13,13,15,Saturday,541579.2663,4810473.882,-80.486149,43.446021,Intersection,2,P.D. only,On roadway,Intersection,Daylight,Municipal,Sign Control,Functioning,FALSE,FALSE,FALSE,Clear,FALSE,CHURCH ST; EBY ST S; At,3/7/2019 2:32:45 PM,541579.2663,4810473.882,Q2,Weekend,FALSE
592,44073,15-125941,6/14/2015 3:40:00 AM,2015,6,14,3,40,Sunday,546529.873,4810908.724,-80.424933,43.449645,Private Drive,2,P.D. only,Off roadway,SMV,Dark,Municipal,No control,Unknown,FALSE,FALSE,FALSE,Clear,FALSE,OLDFIELD DR; OLDFIELD DR ; At; 2 M,3/7/2019 2:32:45 PM,546529.873,4810908.724,Q2,Weekend,FALSE
593,44074,15-125953,6/13/2015 4:00:00 AM,2015,6,13,4,0,Saturday,544510.9297,4808632.202,-80.45007,43.42927,Private Drive,2,P.D. only,On roadway,SMV,Dark,Municipal,No control,Unknown,FALSE,FALSE,FALSE,Clear,FALSE,EIGHTH AVE; 144 EIGHTH AVE; Near; 5 M,3/7/2019 2:32:44 PM,544510.9297,4808632.202,Q2,Weekend,FALSE
594,44075,15-125997,6/14/2015 3:05:00 AM,2015,6,14,3,5,Sunday,543283.1979,4807143.21,-80.465356,43.415935,Private Drive,2,P.D. only,On roadway,SMV,Daylight,Municipal,Sign Control,Functioning,FALSE,FALSE,FALSE,Rain,FALSE,BRISBANE CRT; BRISBANE CRT; Near; 2 M,3/7/2019 2:32:42 PM,543283.1979,4807143.21,Q2,Weekend,FALSE
595,44076,15-126071,6/14/2015 11:00:00 AM,2015,6,14,11,0,Sunday,549462.3458,4806106.695,-80.389127,43.40622,Private Drive,2,P.D. only,On roadway,Intersection,Daylight,Municipal,No control,Unknown,FALSE,FALSE,FALSE,Rain,FALSE,TU LANE ST ; KING ST E; 140 M,3/7/2019 2:32:42 PM,549462.3458,4806106.695,Q2,Weekend,FALSE
596,44077,15-127126,6/15/2015 7:35:00 PM,2015,6,15,19,35,Monday,545236.8012,4804527.531,-80.441442,43.392268,Private Drive,2,P.D. only,Off roadway,SMV,Dusk,Regional,No control,Unknown,FALSE,FALSE,FALSE,Clear,FALSE,DOON VILLAGE RD; DOON VILLAGE RD ; At; 10 M,3/7/2019 2:32:41 PM,545236.8012,4804527.531,Q2,Working,FALSE
597,44078,15-127639,6/16/2015 11:30:00 AM,2015,6,16,11,30,Tuesday,547890.9565,4810042.969,-80.408188,43.441764,Private Drive,2,P.D. only,On roadway,Other,Daylight,Municipal,No control,Unknown,FALSE,FALSE,FALSE,Clear,FALSE,EDGEWATER CRES; At,3/7/2019 2:32:40 PM,547890.9565,4810042.969,Q2,Working,FALSE
598,44079,15-128279,6/17/2015 8:46:00 AM,2015,6,17,8,46,Wednesday,541068,4811108,0,0,Intersection,2,P.D. only,On roadway,Intersection,Daylight,Regional,Sign Control,Functioning,FALSE,FALSE,FALSE,Clear,FALSE,OTTAWA ST S; MILL ST,3/4/2020 10:19:50 AM,541068,4811108,Q2,Working,FALSE
599,44080,15-128313,6/17/2015 9:28:00 AM,2015,6,17,9,28,Wednesday,545364.6604,4811021.506,-80.439324,43.450732,Intersection,2,P.D. only,On roadway,Intersection,Daylight,Municipal,Sign Control,Functioning,FALSE,FALSE,FALSE,Clear,FALSE,HOLBORN DR ; OLD CHICOPEE DR,3/7/2019 2:32:40 PM,545364.6604,4811021.506,Q2,Working,FALSE
600,44081,15-128618,6/17/2015 3:35:00 PM,2015,6,17,15,35,Wednesday,545079.2817,4813535.936,-80.442643,43.473389,Intersection,2,P.D. only,On roadway,Intersection,Daylight,Municipal,Sign Control,Functioning,FALSE,FALSE,FALSE,Clear,FALSE,BINGEMANS CENTRE DR; SHIRLEY DR,3/7/2019 2:32:39 PM,545079.2817,4813535.936,Q2,Working,FALSE
601,44082,15-128648,6/17/2015 5:02:00 PM,2015,6,17,17,2,Wednesday,549272.6002,4806287.45,-80.391454,43.40786,Private Drive,2,P.D. only,Other,Intersection,Daylight,Municipal,No control,Unknown,FALSE,FALSE,FALSE,Clear,FALSE,GATEWAY PARK DR; 50 GATEWAY PARK DR ; 0 M,3/7/2019 2:32:38 PM,549272.6002,4806287.45,Q2,Working,FALSE
602,44083,15-129392,6/18/2015 3:11:00 PM,2015,6,18,15,11,Thursday,542011.0837,4810482.001,-80.480812,43.44607,Non intersection,2,P.D. only,On roadway,Intersection,Daylight,Regional,No control,Unknown,FALSE,FALSE,FALSE,Clear,FALSE,KING ST E; CAMERON ST N; 10 M,3/7/2019 2:32:37 PM,542011.0837,4810482.001,Q2,Weekend,FALSE
603,44084,15-129429,6/18/2015 3:54:00 PM,2015,6,18,15,54,Thursday,541309.9172,4809729.004,-80.489534,43.439329,Intersection,2,P.D. only,Off roadway,SMV,Daylight,Municipal,No control,Unknown,FALSE,FALSE,FALSE,Clear,FALSE,SPADINA RD E; 165 MILL ST,3/7/2019 2:32:37 PM,541309.9172,4809729.004,Q2,Weekend,FALSE
604,44085,15-129482,6/17/2015 11:00:00 PM,2015,6,17,23,0,Wednesday,545039.6883,4811981.238,-80.443261,43.459393,Private Drive,2,P.D. only,Off roadway,SMV,Dark,Municipal,No control,Unknown,FALSE,FALSE,FALSE,Clear,FALSE,MONTCALM DR; MONTCALM DR; Near,3/4/2020 10:19:50 AM,545039.6883,4811981.238,Q2,Working,FALSE
605,44086,15-130272,6/19/2015 5:35:00 PM,2015,6,19,17,35,Friday,541957.1303,4810868.826,-80.481449,43.449556,Intersection,2,P.D. only,On roadway,Intersection,Daylight,Municipal,Sign Control,Functioning,FALSE,FALSE,FALSE,Clear,FALSE,LANCASTER ST E; KRUG ST ; At,3/4/2020 10:19:49 AM,541957.1303,4810868.826,Q2,Weekend,FALSE
606,44087,15-130310,6/19/2015 6:15:00 PM,2015,6,19,18,15,Friday,539002.7428,4811280.335,-80.517932,43.453421,Intersection,2,P.D. only,On roadway,Intersection,Daylight,Municipal,Sign Control,Functioning,FALSE,FALSE,FALSE,Clear,FALSE,BELMONT AVE W; CLAREMONT AVE,3/7/2019 2:32:35 PM,539002.7428,4811280.335,Q2,Weekend,FALSE
607,44088,15-130331,6/19/2015 7:12:00 PM,2015,6,19,19,12,Friday,541223.8095,4808696.164,-80.490676,43.430034,Private Drive,2,P.D. only,On roadway,Other,Daylight,Regional,No control,Unknown,FALSE,FALSE,FALSE,Clear,FALSE,HIGHLAND RD E; 461 HIGHLAND RD E; Near; 2 M,3/7/2019 2:32:35 PM,541223.8095,4808696.164,Q2,Weekend,FALSE
608,44089,15-130570,6/20/2015 1:26:00 AM,2015,6,20,1,26,Saturday,548009.9095,4804627.415,-80.407194,43.392995,Non intersection,1,Non-fatal injury,Off roadway,SMV,Dark,Municipal,No control,Unknown,FALSE,FALSE,FALSE,Clear,FALSE,OLD MILL RD; OLD MILL RD ; 13 M,3/7/2019 2:32:34 PM,548009.9095,4804627.415,Q2,Weekend,FALSE
609,44090,15-131817,6/21/2015 7:20:00 PM,2015,6,21,19,20,Sunday,544117.2395,4811895.06,-80.45467,43.458672,Intersection,2,P.D. only,On roadway,Intersection,Daylight,Municipal,Sign Control,Functioning,FALSE,FALSE,FALSE,Clear,FALSE,RIVER RD E; MANCHESTER RD,3/7/2019 2:32:33 PM,544117.2395,4811895.06,Q2,Weekend,FALSE
610,44091,15-131981,6/21/2015 11:57:00 PM,2015,6,21,23,57,Sunday,546235.5188,4811378.159,-80.428531,43.45389,Non intersection,2,P.D. only,On roadway,SMV,Dark,Municipal,No control,Unknown,FALSE,FALSE,FALSE,Clear,FALSE,CASEY DR; CASEY DR ; At; 3 M,3/7/2019 2:32:32 PM,546235.5188,4811378.159,Q2,Weekend,FALSE
611,44092,15-132272,6/22/2015 11:29:00 AM,2015,6,22,11,29,Monday,542119.4811,4812778.88,-80.479295,43.466745,Intersection,2,P.D. only,On roadway,Intersection,Daylight,Municipal,Sign Control,Functioning,FALSE,FALSE,FALSE,Clear,FALSE,GUELPH ST; MAPLE AVE,3/7/2019 2:32:32 PM,542119.4811,4812778.88,Q2,Working,FALSE
612,44093,15-132401,6/22/2015 1:36:00 PM,2015,6,22,13,36,Monday,540647.8468,4807968.774,-80.497846,43.423516,Non intersection,2,P.D. only,On roadway,Intersection,Daylight,Municipal,Sign Control,Functioning,FALSE,FALSE,FALSE,Clear,FALSE,CHANDLER DR; LEACREST CRT ; Near; 25 M,3/7/2019 2:32:31 PM,540647.8468,4807968.774,Q2,Working,FALSE
613,44094,15-132600,6/13/2015 2:00:00 PM,2015,6,13,14,0,Saturday,538674.667,4807354.895,-80.522265,43.418093,Private Drive,2,P.D. only,On roadway,SMV,Daylight,Municipal,No control,Unknown,FALSE,FALSE,FALSE,Clear,FALSE,FORESTWOOD DR; Near,3/7/2019 2:32:30 PM,538674.667,4807354.895,Q2,Weekend,FALSE
614,44095,15-133665,6/24/2015 6:30:00 AM,2015,6,24,6,30,Wednesday,541466.7359,4809534.943,-80.487611,43.437573,Intersection,1,Non-fatal injury,On roadway,Intersection,Daylight,Municipal,Signal Control,Functioning,FALSE,FALSE,FALSE,Clear,FALSE,STIRLING AVE S; MILL ST; At,3/7/2019 2:32:30 PM,541466.7359,4809534.943,Q2,Working,FALSE
615,44096,15-133793,6/24/2015 7:15:00 AM,2015,6,24,7,15,Wednesday,538776.8289,4808890.892,-80.520894,43.431918,Intersection,2,P.D. only,On roadway,Intersection,Daylight,Municipal,Sign Control,Functioning,FALSE,FALSE,FALSE,Clear,FALSE,EAGEN DR; OVERLEA DR; At,3/7/2019 2:32:29 PM,538776.8289,4808890.892,Q2,Working,FALSE
616,44097,15-134394,6/25/2015 12:54:00 AM,2015,6,25,0,54,Thursday,537605.7043,4810392.018,-80.53526,43.445494,Non intersection,1,Non-fatal injury,On roadway,SMV,Dark,Municipal,No control,Unknown,FALSE,FALSE,FALSE,Clear,FALSE,GLASGOW ST; KNELL DR ; Near; 56 M,3/7/2019 2:32:28 PM,537605.7043,4810392.018,Q2,Weekend,FALSE
617,44098,15-134745,6/25/2015 8:00:00 AM,2015,6,25,8,0,Thursday,545898.9493,4810781.785,-80.432741,43.448541,Private Drive,2,P.D. only,On roadway,SMV,Daylight,Municipal,No control,Unknown,FALSE,FALSE,FALSE,Clear,FALSE,EDENBRIDGE DR,3/7/2019 2:32:27 PM,545898.9493,4810781.785,Q2,Weekend,FALSE
618,44099,15-134885,6/25/2015 8:25:00 AM,2015,6,25,8,25,Thursday,541232.2178,4810947.649,-80.490402,43.450306,Non intersection,2,P.D. only,On roadway,Rear end,Daylight,Regional,No control,Unknown,FALSE,FALSE,FALSE,Clear,FALSE,KING ST W; ONTARIO ST N; Near,3/7/2019 2:32:27 PM,541232.2178,4810947.649,Q2,Weekend,FALSE
619,44100,15-134974,6/25/2015 4:56:00 PM,2015,6,25,16,56,Thursday,541109.0971,4811168.242,-80.491907,43.452299,Other,2,P.D. only,Off roadway,SMV,Daylight,Other,No control,Unknown,FALSE,FALSE,FALSE,Clear,FALSE,CONSTRUCTION SITE; DUKE ST W; At,3/7/2019 2:32:26 PM,541109.0971,4811168.243,Q2,Weekend,FALSE
620,44101,15-136629,6/27/2015 7:44:00 PM,2015,6,27,19,44,Saturday,543073.8951,4812796.576,-80.467495,43.46685,Intersection,2,P.D. only,On roadway,Intersection,Daylight,Municipal,No control,Unknown,FALSE,FALSE,FALSE,Rain,FALSE,RIVERBEND DR; SHIRLEY AVE,3/7/2019 2:32:25 PM,543073.8951,4812796.576,Q2,Weekend,FALSE
621,44102,15-137584,6/29/2015 9:32:00 AM,2015,6,29,9,32,Monday,546758.2608,4803611.084,-80.422735,43.383923,Non intersection,2,P.D. only,Off roadway,SMV,Daylight,Municipal,No control,Unknown,FALSE,FALSE,FALSE,Clear,FALSE,QUAIL HOLLOW ; QUAIL HOLLOW; Near; 5 M,3/7/2019 2:32:24 PM,546758.2608,4803611.084,Q2,Working,FALSE
622,44103,15-137664,6/27/2015 11:30:00 AM,2015,6,27,11,30,Saturday,544958.7815,4811035.89,-80.444339,43.450886,Intersection,2,P.D. only,On roadway,Intersection,Daylight,Regional,Signal Control,Functioning,FALSE,FALSE,FALSE,Clear,FALSE,RIVER RD E; OTTAWA ST N; At,3/7/2019 2:32:22 PM,544958.7815,4811035.89,Q2,Weekend,FALSE
623,44104,15-137774,6/29/2015 1:52:00 PM,2015,6,29,13,52,Monday,543755.8797,4809221.775,-80.459351,43.434623,Non intersection,1,Non-fatal injury,On roadway,SMV,Daylight,Municipal,No control,Unknown,FALSE,FALSE,FALSE,Clear,FALSE,DICKSON ST; ECKERT ST ; 19 M,3/4/2020 10:19:49 AM,543755.8797,4809221.775,Q2,Working,FALSE
624,44105,15-138086,6/29/2015 8:44:00 PM,2015,6,29,20,44,Monday,544857.1857,4806308.421,-80.445983,43.408326,Non intersection,1,Non-fatal injury,Off roadway,SMV,Dusk,Municipal,No control,Unknown,FALSE,FALSE,TRUE,Clear,FALSE,WABANAKI DR; MANITOU DR ; 90 M,3/7/2019 2:32:21 PM,544857.1857,4806308.421,Q2,Working,TRUE
625,44106,15-138427,6/30/2015 10:42:00 AM,2015,6,30,10,42,Tuesday,539391.3833,4810416.208,-80.513191,43.44562,Non intersection,1,Non-fatal injury,On roadway,Rear end,Daylight,Municipal,No control,Unknown,FALSE,FALSE,FALSE,Clear,FALSE,BELMONT AVE W; KARN ST ; 50 M,3/7/2019 2:32:20 PM,539391.3833,4810416.208,Q2,Working,FALSE
626,44107,15-138495,6/30/2015 8:00:00 AM,2015,6,30,8,0,Tuesday,542863.7259,4808152.966,-80.470458,43.425051,Other,2,P.D. only,Off roadway,SMV,Daylight,Municipal,No control,Unknown,FALSE,FALSE,FALSE,Clear,FALSE,HAYWARD AVE; HAYWARD AVE ; Near,3/7/2019 2:32:19 PM,542863.7259,4808152.966,Q2,Working,FALSE
627,44108,15-138772,6/29/2015 6:00:00 PM,2015,6,29,18,0,Monday,542206.1986,4810737.662,-80.478381,43.448361,Private Drive,2,P.D. only,On roadway,SMV,Daylight,Municipal,No control,Unknown,FALSE,FALSE,FALSE,Rain,FALSE,CAMERON ST N,3/7/2019 2:32:19 PM,542206.1986,4810737.662,Q2,Working,FALSE
628,44109,15-138844,6/30/2015 9:16:00 PM,2015,6,30,21,16,Tuesday,538737.236,4807779.726,-80.521462,43.421915,Non intersection,2,Other,On roadway,SMV,Daylight,Municipal,No control,Unknown,FALSE,FALSE,FALSE,Clear,FALSE,MCGARRY DR; ELM RIDGE DR ; 100 M,3/7/2019 2:32:18 PM,538737.236,4807779.726,Q2,Working,FALSE
629,44110,15-139907,7/1/2015 7:30:00 PM,2015,7,1,19,30,Wednesday,539678.1974,4807466.006,-80.509861,43.419041,Private Drive,2,P.D. only,On roadway,SMV,Daylight,Municipal,No control,Unknown,FALSE,FALSE,FALSE,Clear,FALSE,WINDALE CRES; 51 WINDALE CRES,3/7/2019 2:32:17 PM,539678.1974,4807466.006,Q3,Working,FALSE
630,44111,15-140051,7/2/2015 12:39:00 PM,2015,7,2,12,39,Thursday,542108.3899,4807130.335,-80.479868,43.415886,Intersection,1,Non-fatal injury,On roadway,Rear end,Daylight,Regional,Signal Control,Functioning,FALSE,FALSE,FALSE,Clear,FALSE,STRASBURG RD; BLOCK LINE RD ; At; 0.26 K,3/7/2019 2:32:15 PM,542108.3899,4807130.335,Q3,Weekend,FALSE
631,44112,15-140213,7/2/2015 3:20:00 PM,2015,7,2,15,20,Thursday,543749.8523,4811995.73,-80.459203,43.4596,Private Drive,2,P.D. only,Off roadway,Other,Daylight,Other,No control,Unknown,FALSE,FALSE,FALSE,Clear,FALSE,DRIVEWAY; RIVER RD E; At,3/7/2019 2:32:15 PM,543749.8523,4811995.73,Q3,Weekend,FALSE
632,44113,15-140317,7/2/2015 1:00:00 PM,2015,7,2,13,0,Thursday,539068.7339,4811132.118,-80.517127,43.452083,Private Drive,2,P.D. only,On roadway,Intersection,Daylight,Municipal,No control,Unknown,FALSE,FALSE,FALSE,Clear,FALSE,BELMONT AVE W; At,3/7/2019 2:32:14 PM,539068.7339,4811132.118,Q3,Weekend,FALSE
633,44114,15-140490,7/2/2015 11:48:00 PM,2015,7,2,23,48,Thursday,538299.4244,4807955.701,-80.526858,43.423522,Private Drive,2,P.D. only,On roadway,SMV,Dark,Municipal,No control,Unknown,FALSE,FALSE,FALSE,Clear,FALSE,SILVER ASPEN CRES; 169 SILVER ASPEN CRES; Near; 1 M,3/7/2019 2:32:13 PM,538299.4244,4807955.701,Q3,Weekend,FALSE
634,44115,15-141257,7/3/2015 11:12:00 PM,2015,7,3,23,12,Friday,544610.5994,4809092.768,-80.448801,43.433411,Intersection,1,Non-fatal injury,On roadway,Rear end,Dark,Municipal,Signal Control,Functioning,FALSE,FALSE,FALSE,Clear,FALSE,KINGSWAY DR ; FRANKLIN ST S; 10 M,3/7/2019 2:32:12 PM,544610.5994,4809092.768,Q3,Weekend,FALSE
635,44116,15-142968,7/5/2015 6:00:00 PM,2015,7,5,18,0,Sunday,536084.5312,4807632.524,-80.554241,43.420722,Private Drive,2,P.D. only,Off roadway,SMV,Daylight,Municipal,No control,Unknown,FALSE,FALSE,FALSE,Clear,FALSE,FIRE HYDRANT; RAUCH CRT; At,3/7/2019 2:32:11 PM,536084.5312,4807632.524,Q3,Weekend,FALSE
636,44117,15-143169,7/6/2015 2:12:00 PM,2015,7,6,14,12,Monday,541296.9445,4811067.214,-80.489593,43.451379,Intersection,2,P.D. only,On roadway,Intersection,Daylight,Municipal,Signal Control,Functioning,FALSE,TRUE,FALSE,Clear,FALSE,DUKE ST W; ONTARIO ST N,3/7/2019 2:32:10 PM,541296.9445,4811067.214,Q3,Working,FALSE
637,44118,15-143176,7/6/2015 10:20:00 AM,2015,7,6,10,20,Monday,541266.8309,4810554.037,-80.490004,43.44676,Private Drive,2,P.D. only,On roadway,Intersection,Daylight,Municipal,No control,Unknown,FALSE,FALSE,FALSE,Clear,FALSE,ST GEORGE ST ; BENTON ST; Near,3/7/2019 2:32:09 PM,541266.8309,4810554.037,Q3,Working,FALSE
638,44119,15-143692,7/7/2015 7:24:00 AM,2015,7,7,7,24,Tuesday,547832.8583,4807656.488,-80.409115,43.42028,Other,2,P.D. only,Other,Intersection,Daylight,Municipal,Other,Unknown,FALSE,FALSE,FALSE,Clear,FALSE,RIVERBANK DR ; KING ST E; 17 M,3/7/2019 2:32:07 PM,547832.8583,4807656.488,Q3,Working,FALSE
639,44120,15-144034,7/7/2015 3:00:00 PM,2015,7,7,15,0,Tuesday,541300.1162,4812437.512,-80.48945,43.463717,Intersection,1,Non-fatal injury,On roadway,Intersection,Daylight,Municipal,Sign Control,Functioning,FALSE,FALSE,FALSE,Rain,FALSE,BLUCHER BLVD; ST LEGER ST,3/7/2019 2:32:06 PM,541300.1162,4812437.512,Q3,Working,FALSE
640,44121,15-144175,7/7/2015 6:21:00 PM,2015,7,7,18,21,Tuesday,547221.3028,4808804.675,-80.41657,43.430657,Private Drive,2,P.D. only,Off roadway,SMV,Daylight,Regional,No control,Unknown,FALSE,FALSE,FALSE,Clear,FALSE,MORRISON RD ; MORRISON RD; 5 M,3/7/2019 2:32:05 PM,547221.3028,4808804.675,Q3,Working,FALSE
641,44122,15-144201,7/4/2015 4:30:00 PM,2015,7,4,16,30,Saturday,537831.6642,4807933.404,-80.532638,43.423345,Non intersection,2,P.D. only,On roadway,SMV,Daylight,Municipal,No control,Unknown,FALSE,FALSE,FALSE,Clear,FALSE,AUTUMN HILL CRES; CRICKET HOLLOW; Near,3/7/2019 2:32:04 PM,537831.6642,4807933.404,Q3,Weekend,FALSE
642,44123,15-144877,7/8/2015 4:00:00 PM,2015,7,8,16,0,Wednesday,539441.5488,4811509.454,-80.512492,43.455461,Private Drive,1,Non-fatal injury,On roadway,Intersection,Daylight,Regional,No control,Unknown,FALSE,FALSE,FALSE,Clear,FALSE,PARK ST ; 453 PARK ST; 4 M,3/7/2019 2:32:02 PM,539441.5488,4811509.454,Q3,Working,FALSE
643,44124,15-144956,7/8/2015 5:15:00 PM,2015,7,8,17,15,Wednesday,542189.3063,4809143.713,-80.478713,43.43401,Intersection,2,P.D. only,On roadway,Intersection,Daylight,Regional,Sign Control,Functioning,FALSE,FALSE,FALSE,Clear,FALSE,MILL ST; OTTAWA ST S,3/4/2020 10:19:48 AM,542189.3063,4809143.713,Q3,Working,FALSE
644,44125,15-145302,7/9/2015 8:03:00 AM,2015,7,9,8,3,Thursday,543073.8766,4812799.463,-80.467495,43.466876,Intersection,2,P.D. only,On roadway,Intersection,Daylight,Municipal,Sign Control,Functioning,FALSE,FALSE,FALSE,Clear,FALSE,WELLINGTON ST N; RIVERBEND DR; Near; 5 M,3/7/2019 2:32:01 PM,543073.8766,4812799.464,Q3,Weekend,FALSE
645,44126,15-145621,7/9/2015 4:09:00 PM,2015,7,9,16,9,Thursday,542164.8069,4810382.339,-80.47892,43.445164,Intersection,2,P.D. only,On roadway,SMV,Daylight,Regional,No control,Unknown,FALSE,FALSE,FALSE,Clear,FALSE,KING ST E; PANDORA AVE N,3/7/2019 2:32:00 PM,542164.8069,4810382.339,Q3,Weekend,FALSE
646,44127,15-146389,7/10/2015 2:35:00 PM,2015,7,10,14,35,Friday,541157.1611,4810823.246,-80.491339,43.44919,Non intersection,2,P.D. only,Off roadway,SMV,Daylight,Municipal,No control,Unknown,FALSE,FALSE,FALSE,Clear,FALSE,ONTARIO ST S; CHARLES ST W; Near; 40 M,3/7/2019 2:31:59 PM,541157.1611,4810823.246,Q3,Weekend,FALSE
647,44128,15-146414,7/10/2015 4:00:00 PM,2015,7,10,16,0,Friday,547442.1753,4810267.92,-80.413714,43.443818,Non intersection,1,Non-fatal injury,On roadway,Rear end,Daylight,Regional,No control,Unknown,FALSE,FALSE,FALSE,Clear,FALSE,FAIRWAY CRES; LACKNER BLVD; 100 M,3/7/2019 2:31:59 PM,547442.1753,4810267.92,Q3,Weekend,FALSE
648,44129,15-146445,7/10/2015 5:10:00 PM,2015,7,10,17,10,Friday,547406.8406,4810240.794,-80.414153,43.443576,Non intersection,2,P.D. only,On roadway,Rear end,Daylight,Regional,No control,Unknown,FALSE,FALSE,FALSE,Clear,FALSE,FAIRWAY CRES; LACKNER BLVD; 100 M,3/7/2019 2:31:58 PM,547406.8406,4810240.794,Q3,Weekend,FALSE
649,44130,15-146482,7/10/2015 6:12:00 PM,2015,7,10,18,12,Friday,542010.0339,4810481.662,-80.480825,43.446067,Intersection,2,P.D. only,On roadway,Rear end,Daylight,Regional,Sign Control,Functioning,FALSE,FALSE,TRUE,Clear,FALSE,KING ST E; CAMERON ST N; 1 M,3/7/2019 2:31:57 PM,542010.0339,4810481.662,Q3,Weekend,TRUE
650,44131,15-146571,7/10/2015 6:15:00 PM,2015,7,10,18,15,Friday,536516.671,4807046.231,-80.548942,43.415422,Private Drive,2,P.D. only,On roadway,Intersection,Daylight,Municipal,No control,Unknown,FALSE,FALSE,FALSE,Clear,FALSE,HIGHVIEW DR; HIGHVIEW DR,3/7/2019 2:31:56 PM,536516.671,4807046.231,Q3,Weekend,FALSE
651,44132,15-147245,7/11/2015 4:05:00 PM,2015,7,11,16,5,Saturday,541021.0388,4810694.029,-80.493031,43.448034,Non intersection,1,Non-fatal injury,On roadway,SMV,Daylight,Municipal,No control,Unknown,TRUE,FALSE,FALSE,Clear,FALSE,DAVID ST; 35 DAVID ST; At; 20 M,3/7/2019 2:31:55 PM,541021.0388,4810694.029,Q3,Weekend,FALSE
652,44133,15-147376,7/11/2015 7:30:00 PM,2015,7,11,19,30,Saturday,540847.9054,4808324.377,-80.495348,43.426707,Non intersection,2,P.D. only,On roadway,SMV,Daylight,Municipal,No control,Unknown,FALSE,FALSE,FALSE,Clear,FALSE,STIRLING AVE S; AVALON PL; Near; 9 M,3/7/2019 2:31:55 PM,540847.9054,4808324.377,Q3,Weekend,FALSE