,OBJECTID,ACCIDENTNUM,ACCIDENTDATE,ACCIDENT_YEAR,ACCIDENT_MONTH,ACCIDENT_DAY,ACCIDENT_HOUR,ACCIDENT_MINUTE,Accident_Day,XCOORD,YCOORD,LONGITUDE,LATITUDE,Accident_Location,COLLISIONTYPE,Accident_Type,Impact_Location,Impact_Type,Light,Road_Jurisdication,Traffic_Control,Traffic_Control_Condition,Pedestrian_Involved,Cyclist_Involved,Motorcyclist_Involved,Environment_Condition,Self_Reported,XMLIMPORTNOTES,LASTEDITEDDATE,x,y,Quarter,Day_Type,Vulnerable_Involved
653,44134,15-147715,7/12/2015 3:40:00 AM,2015,7,12,3,40,Sunday,541068,4811108,0,0,Non intersection,2,P.D. only,Off roadway,SMV,Dark,Other,No control,Unknown,FALSE,FALSE,FALSE,Clear,FALSE,KINGSWOOD DR; GRACEFIELD CRES ; 1 M,3/4/2020 10:19:47 AM,541068,4811108,Q3,Weekend,FALSE
654,44135,15-148583,7/13/2015 10:10:00 AM,2015,7,13,10,10,Monday,542421.8023,4812479.021,-80.475581,43.464028,Private Drive,2,P.D. only,On roadway,Intersection,Daylight,Municipal,Other,Functioning,FALSE,FALSE,FALSE,Clear,FALSE,WELLINGTON ST N; 809 WELLINGTON ST N; 2 M,3/7/2019 2:31:54 PM,542421.8023,4812479.021,Q3,Working,FALSE
655,44136,15-148622,7/11/2015 8:30:00 AM,2015,7,11,8,30,Saturday,543106.6983,4811854.313,-80.467164,43.458364,Private Drive,2,P.D. only,On roadway,Other,Daylight,Municipal,No control,Unknown,FALSE,FALSE,FALSE,Clear,FALSE,BRUCE ST; BRUCE ST ; At,3/7/2019 2:31:53 PM,543106.6983,4811854.313,Q3,Weekend,FALSE
656,44137,15-148834,7/13/2015 1:30:00 PM,2015,7,13,13,30,Monday,541743.2833,4809285.429,-80.484213,43.435311,Private Drive,1,Non-fatal injury,On roadway,Rear end,Daylight,Municipal,No control,Unknown,FALSE,FALSE,FALSE,Clear,FALSE,MILL ST,3/7/2019 2:31:53 PM,541743.2833,4809285.429,Q3,Working,FALSE
657,44138,15-149326,7/14/2015 9:05:00 AM,2015,7,14,9,5,Tuesday,542523.8102,4812530.531,-80.474316,43.464486,Intersection,2,P.D. only,On roadway,Intersection,Daylight,Regional,Sign Control,Functioning,FALSE,FALSE,FALSE,Clear,FALSE,WELLINGTON ST N; N HWY 85 TO WELLINGTON ST N; Near,3/7/2019 2:31:52 PM,542523.8102,4812530.531,Q3,Working,FALSE
658,44139,15-149435,7/14/2015 12:50:00 PM,2015,7,14,12,50,Tuesday,543930.4752,4809144.39,-80.4572,43.433916,Intersection,2,P.D. only,On roadway,Intersection,Daylight,Municipal,No control,Unknown,FALSE,FALSE,FALSE,Clear,FALSE,ECKERT ST; FIRST AVE,3/7/2019 2:31:51 PM,543930.4752,4809144.39,Q3,Working,FALSE
659,44140,15-149613,7/14/2015 5:07:00 PM,2015,7,14,17,7,Tuesday,541399.9396,4808695.688,-80.4885,43.43002,Private Drive,2,P.D. only,On roadway,Rear end,Daylight,Regional,No control,Unknown,FALSE,FALSE,FALSE,Clear,FALSE,HOFFMAN ST; 356 HOFFMAN ST; 1 M,3/7/2019 2:31:50 PM,541399.9396,4808695.688,Q3,Working,FALSE
660,44141,15-149795,7/14/2015 10:27:00 PM,2015,7,14,22,27,Tuesday,545870.4868,4812478.628,-80.43295,43.463821,Non intersection,2,P.D. only,Off roadway,SMV,Dark,Municipal,No control,Unknown,FALSE,FALSE,FALSE,Clear,FALSE,KEEWATIN AVE ; DUNNIGAN DR ; 23 M,3/7/2019 2:31:50 PM,545870.4868,4812478.628,Q3,Working,FALSE
661,44142,15-149856,7/15/2015 1:08:00 AM,2015,7,15,1,8,Wednesday,544234.0343,4808803.748,-80.453477,43.430831,Intersection,2,P.D. only,On roadway,Intersection,Dark,Municipal,Sign Control,Functioning,FALSE,FALSE,FALSE,Clear,FALSE,CONNAUGHT ST; FIFTH AVE,3/7/2019 2:31:49 PM,544234.0343,4808803.748,Q3,Working,FALSE
662,44143,15-149977,7/15/2015 8:46:00 AM,2015,7,15,8,46,Wednesday,539615.9593,4806345.929,-80.510711,43.408959,Private Drive,2,P.D. only,On roadway,Intersection,Daylight,Municipal,No control,Unknown,FALSE,FALSE,FALSE,Clear,FALSE,ACTIVA AVE; ACTIVA AVE ; At; 7 M,3/7/2019 2:31:48 PM,539615.9593,4806345.929,Q3,Working,FALSE
663,44144,15-150570,7/15/2015 7:00:00 PM,2015,7,15,19,0,Wednesday,540270.7978,4811638.857,-80.502233,43.456582,Intersection,1,Non-fatal injury,On roadway,Intersection,Daylight,Municipal,Sign Control,Functioning,FALSE,TRUE,FALSE,Clear,FALSE,MOORE AVE ; SHANLEY ST,3/7/2019 2:31:48 PM,540270.7978,4811638.858,Q3,Working,FALSE
664,44145,15-150586,7/16/2015 12:35:00 AM,2015,7,16,0,35,Thursday,540034.8146,4810259.959,-80.505251,43.444179,Non intersection,2,Non-reportable,Off roadway,SMV,Dark,Regional,No control,Unknown,FALSE,FALSE,FALSE,Clear,FALSE,WEST AVE; VICTORIA ST S; 140 M,3/7/2019 2:31:47 PM,540034.8146,4810259.959,Q3,Weekend,FALSE
665,44146,15-150716,7/16/2015 8:34:00 AM,2015,7,16,8,34,Thursday,543073.883,4812798.464,-80.467495,43.466867,Intersection,1,Non-fatal injury,On roadway,Intersection,Daylight,Municipal,Sign Control,Functioning,FALSE,TRUE,FALSE,Clear,FALSE,RIVERBEND DR; WELLINGTON ST N,3/7/2019 2:31:46 PM,543073.883,4812798.464,Q3,Weekend,FALSE
666,44147,15-150876,7/16/2015 7:24:00 AM,2015,7,16,7,24,Thursday,542410.7613,4812472.399,-80.475718,43.463969,Non intersection,2,P.D. only,On roadway,Intersection,Daylight,Municipal,No control,Unknown,FALSE,FALSE,FALSE,Clear,FALSE,WELLINGTON ST N; Near,3/7/2019 2:31:45 PM,542410.7613,4812472.399,Q3,Weekend,FALSE
667,44148,15-150972,7/16/2015 1:38:00 PM,2015,7,16,13,38,Thursday,540984.644,4810824.194,-80.493471,43.449208,Intersection,2,P.D. only,On roadway,Other,Daylight,Municipal,Sign Control,Functioning,FALSE,FALSE,FALSE,Clear,FALSE,JOSEPH ST ; GAUKEL ST ; At,3/7/2019 2:31:45 PM,540984.644,4810824.194,Q3,Weekend,FALSE
668,44149,15-151172,7/16/2015 4:45:00 PM,2015,7,16,16,45,Thursday,542187.4573,4809141.702,-80.478736,43.433992,Intersection,2,P.D. only,On roadway,Intersection,Daylight,Municipal,Signal Control,Functioning,FALSE,FALSE,FALSE,Clear,FALSE,MILL ST; OTTAWA ST S,3/4/2020 10:19:47 AM,542187.4573,4809141.702,Q3,Weekend,FALSE
669,44150,15-151463,7/17/2015 3:10:00 AM,2015,7,17,3,10,Friday,540096.4058,4810856.946,-80.504446,43.449551,Other,2,P.D. only,Other,SMV,Dark,Municipal,Other,Functioning,FALSE,FALSE,FALSE,Clear,FALSE,PARK ST; CHERRY ST; Near; 20 M,3/7/2019 2:31:44 PM,540096.4058,4810856.946,Q3,Weekend,FALSE
670,44151,15-151538,7/17/2015 8:20:00 AM,2015,7,17,8,20,Friday,544973.3878,4811308.535,-80.444136,43.45334,Non intersection,1,Non-fatal injury,On roadway,Other,Daylight,Regional,No control,Unknown,FALSE,FALSE,FALSE,Rain,FALSE,RIVER RD E; OTTAWA ST N; 250 M,3/7/2019 2:31:43 PM,544973.3878,4811308.535,Q3,Weekend,FALSE
671,44152,15-151814,7/17/2015 2:10:00 PM,2015,7,17,14,10,Friday,542911.8738,4809936.476,-80.469723,43.441107,Intersection,1,Non-fatal injury,On roadway,Intersection,Daylight,Regional,Sign Control,Functioning,FALSE,FALSE,FALSE,Rain,FALSE,KING ST E; SYDNEY ST N; At,3/7/2019 2:31:43 PM,542911.8738,4809936.476,Q3,Weekend,FALSE
672,44153,15-152422,7/18/2015 9:04:00 AM,2015,7,18,9,4,Saturday,544885.1117,4804847.928,-80.445758,43.395174,Intersection,2,P.D. only,Off roadway,SMV,Daylight,Regional,Signal Control,Functioning,FALSE,FALSE,FALSE,Clear,FALSE,DOON VILLAGE RD ; PIONEER DR ; At,3/7/2019 2:31:42 PM,544885.1117,4804847.928,Q3,Weekend,FALSE
673,44154,15-152430,7/17/2015 8:00:00 PM,2015,7,17,20,0,Friday,541084.0075,4810771.156,-80.492247,43.448725,Non intersection,2,P.D. only,On roadway,Intersection,Daylight,Municipal,No control,Unknown,FALSE,FALSE,FALSE,Clear,FALSE,JOSEPH ST; DAVID ST,3/7/2019 2:31:41 PM,541084.0075,4810771.156,Q3,Weekend,FALSE
674,44155,15-152820,7/18/2015 7:58:00 PM,2015,7,18,19,58,Saturday,542417.8796,4811045.743,-80.475741,43.451123,Private Drive,2,P.D. only,On roadway,SMV,Daylight,Municipal,No control,Unknown,FALSE,FALSE,FALSE,Clear,FALSE,SIMEON ST ; SIMEON ST ; Near,3/7/2019 2:31:41 PM,542417.8796,4811045.743,Q3,Weekend,FALSE
675,44156,15-153146,7/19/2015 2:00:00 AM,2015,7,19,2,0,Sunday,537688.89,4807306.559,-80.534445,43.417708,Private Drive,2,P.D. only,Off roadway,SMV,Dark,Other,No control,Unknown,FALSE,FALSE,FALSE,Clear,FALSE,DRIFTWOOD PL ; DRIFTWOOD PL; At; 2 M,3/7/2019 2:31:40 PM,537688.89,4807306.559,Q3,Weekend,FALSE
676,44157,15-153190,7/19/2015 6:25:00 AM,2015,7,19,6,25,Sunday,544600.2053,4808130.793,-80.449008,43.42475,Non intersection,1,Non-fatal injury,On roadway,SMV,Daylight,Municipal,No control,Unknown,FALSE,FALSE,FALSE,Clear,FALSE,WILSON AVE; WOODHAVEN RD; Near; 16 M,3/7/2019 2:31:39 PM,544600.2053,4808130.793,Q3,Weekend,FALSE
677,44158,15-153246,7/19/2015 11:17:00 AM,2015,7,19,11,17,Sunday,544875.3899,4808331.529,-80.445592,43.426541,Private Drive,2,P.D. only,On roadway,Rear end,Daylight,Municipal,No control,Unknown,FALSE,FALSE,FALSE,Clear,FALSE,TRAYNOR AVE; TRAYNOR AVE ; At; 6 M,3/7/2019 2:31:38 PM,544875.3899,4808331.529,Q3,Weekend,FALSE
678,44159,15-153322,7/19/2015 11:45:00 AM,2015,7,19,11,45,Sunday,543868.5965,4810208.514,-80.457879,43.443501,Private Drive,2,P.D. only,On roadway,SMV,Daylight,Municipal,No control,Unknown,FALSE,FALSE,FALSE,Clear,FALSE,CLIVE RD; 126 CLIVE RD,3/7/2019 2:31:38 PM,543868.5965,4810208.514,Q3,Weekend,FALSE
679,44160,15-153784,7/19/2015 5:05:00 PM,2015,7,19,17,5,Sunday,545300.3087,4808181.992,-80.440355,43.425169,Private Drive,2,P.D. only,On roadway,Intersection,Daylight,Municipal,Sign Control,Functioning,FALSE,FALSE,FALSE,Clear,FALSE,KINGSWAY DR,3/7/2019 2:31:37 PM,545300.3087,4808181.992,Q3,Weekend,FALSE
680,44161,15-153844,7/20/2015 9:32:00 AM,2015,7,20,9,32,Monday,541617.2734,4810818.741,-80.485653,43.449124,Intersection,1,Non-fatal injury,Other,SMV,Daylight,Municipal,No control,Unknown,FALSE,TRUE,FALSE,Clear,FALSE,SCOTT ST; MARKET LANE,3/7/2019 2:31:36 PM,541617.2734,4810818.741,Q3,Working,FALSE
681,44162,15-153846,7/19/2015 9:00:00 PM,2015,7,19,21,0,Sunday,540691.2893,4810347.741,-80.497132,43.444934,Non intersection,2,P.D. only,On roadway,SMV,Dark,Municipal,No control,Unknown,FALSE,FALSE,FALSE,Rain,FALSE,SCHNEIDER AVE; SCHNEIDER AVE ; At,3/7/2019 2:31:36 PM,540691.2893,4810347.741,Q3,Weekend,FALSE
682,44163,15-153858,7/20/2015 9:56:00 AM,2015,7,20,9,56,Monday,544459.3804,4802678.314,-80.451191,43.375664,Non intersection,2,P.D. only,Off roadway,SMV,Daylight,Municipal,No control,Unknown,FALSE,FALSE,FALSE,Clear,FALSE,CARYNDALE DR; STAUFFER DR; 250 M,3/7/2019 2:31:35 PM,544459.3804,4802678.314,Q3,Working,FALSE
683,44164,15-153873,7/20/2015 8:20:00 AM,2015,7,20,8,20,Monday,545470.6715,4812410.391,-80.437898,43.463231,Private Drive,2,P.D. only,On roadway,Other,Daylight,Municipal,No control,Unknown,FALSE,FALSE,FALSE,Clear,FALSE,WORDSWORTH PL; At,3/7/2019 2:31:34 PM,545470.6715,4812410.391,Q3,Working,FALSE
684,44165,15-153913,7/20/2015 8:30:00 AM,2015,7,20,8,30,Monday,539086.5179,4811595.346,-80.516874,43.456253,Intersection,2,P.D. only,On roadway,Intersection,Daylight,Municipal,Sign Control,Functioning,FALSE,FALSE,FALSE,Clear,FALSE,UNION BLVD; YORK ST; At,3/7/2019 2:31:34 PM,539086.5179,4811595.346,Q3,Working,FALSE
685,44166,15-154145,7/20/2015 11:30:00 AM,2015,7,20,11,30,Monday,545582.5788,4809151.577,-80.436787,43.433882,Private Drive,2,P.D. only,On roadway,SMV,Daylight,Municipal,No control,Unknown,FALSE,FALSE,FALSE,Clear,FALSE,KRAFT AVE; At,3/7/2019 2:31:33 PM,545582.5788,4809151.577,Q3,Working,FALSE
686,44167,15-154345,7/20/2015 10:23:00 PM,2015,7,20,22,23,Monday,538172.43,4810384.097,-80.528257,43.445394,Private Drive,2,P.D. only,On roadway,SMV,Dark,Municipal,No control,Unknown,FALSE,FALSE,FALSE,Clear,FALSE,WESTWOOD CRES; WESTWOOD DR ; 15 M,3/7/2019 2:31:32 PM,538172.43,4810384.097,Q3,Working,FALSE
687,44168,15-154805,7/21/2015 12:00:00 PM,2015,7,21,12,0,Tuesday,541601.3494,4810789.877,-80.485852,43.448865,Private Drive,2,P.D. only,On roadway,Other,Daylight,Municipal,No control,Unknown,FALSE,FALSE,FALSE,Clear,FALSE,SCOTT ST; SCOTT ST ; At,3/7/2019 2:31:31 PM,541601.3494,4810789.877,Q3,Working,FALSE
688,44169,15-155369,7/22/2015 9:52:00 AM,2015,7,22,9,52,Wednesday,540126.5982,4809372.905,-80.504182,43.436187,Non intersection,2,P.D. only,On roadway,Intersection,Daylight,Regional,No control,Unknown,FALSE,FALSE,FALSE,Clear,FALSE,QUEENS BLVD; BELMONT AVE W; Near; 75 M,3/7/2019 2:31:31 PM,540126.5982,4809372.905,Q3,Working,FALSE
689,44170,15-155520,7/22/2015 1:48:00 PM,2015,7,22,13,48,Wednesday,541353.1489,4810293.794,-80.488957,43.444412,Private Drive,2,P.D. only,Off roadway,SMV,Daylight,Municipal,No control,Unknown,FALSE,FALSE,FALSE,Clear,FALSE,PETER ST; PETER ST ; Near; 2 M,3/7/2019 2:31:30 PM,541353.1489,4810293.794,Q3,Working,FALSE
690,44171,15-155829,7/22/2015 9:45:00 PM,2015,7,22,21,45,Wednesday,542583.0867,4810126.084,-80.473771,43.442833,Intersection,1,Non-fatal injury,On roadway,Intersection,Dusk,Regional,Signal Control,Functioning,FALSE,FALSE,FALSE,Clear,FALSE,BORDEN AVE N; KING ST E,3/7/2019 2:31:29 PM,542583.0867,4810126.084,Q3,Working,FALSE
691,44172,15-156369,7/23/2015 4:25:00 PM,2015,7,23,16,25,Thursday,547113.0142,4808362.778,-80.417946,43.426685,Private Drive,2,P.D. only,Off roadway,SMV,Daylight,Municipal,No control,Unknown,FALSE,FALSE,FALSE,Clear,FALSE,MANOR DR ; 12 MANOR DR; At; 1 M,3/7/2019 2:31:29 PM,547113.0142,4808362.778,Q3,Weekend,FALSE
692,44173,15-156444,7/23/2015 3:20:00 PM,2015,7,23,15,20,Thursday,542372.954,4810250.592,-80.476358,43.443966,Non intersection,2,P.D. only,On roadway,Rear end,Daylight,Regional,No control,Unknown,FALSE,FALSE,FALSE,Clear,FALSE,KING ST E; DANE ST; Near; 150 M,3/7/2019 2:31:28 PM,542372.954,4810250.593,Q3,Weekend,FALSE
693,44174,15-156684,7/24/2015 12:19:00 AM,2015,7,24,0,19,Friday,540407.4602,4809165.899,-80.500727,43.434308,Intersection,2,P.D. only,Off roadway,SMV,Dark,Municipal,No control,Unknown,FALSE,FALSE,FALSE,Clear,FALSE,BELMONT AVE E; SOUTH DR; 46 M,3/7/2019 2:31:27 PM,540407.4602,4809165.899,Q3,Weekend,FALSE
694,44175,15-156858,7/24/2015 10:10:00 AM,2015,7,24,10,10,Friday,545155.4449,4807523.868,-80.442199,43.419252,Private Drive,1,Non-fatal injury,On roadway,Intersection,Daylight,Regional,Sign Control,Functioning,FALSE,FALSE,FALSE,Clear,FALSE,WILSON AVE; WILSON AVE ; At; 30 M,3/7/2019 2:31:26 PM,545155.4449,4807523.869,Q3,Weekend,FALSE
695,44176,15-156945,7/24/2015 12:08:00 PM,2015,7,24,12,8,Friday,540957.8659,4811142.999,-80.493778,43.45208,Non intersection,2,P.D. only,On roadway,SMV,Daylight,Municipal,No control,Unknown,FALSE,FALSE,FALSE,Clear,FALSE,BELL LANE ; COLLEGE ST ; Near; 35 M,3/7/2019 2:31:25 PM,540957.8659,4811142.999,Q3,Weekend,FALSE
696,44177,15-157110,7/24/2015 12:27:00 PM,2015,7,24,12,27,Friday,543068.4855,4807436.037,-80.467985,43.418584,Non intersection,2,P.D. only,Off roadway,SMV,Daylight,Regional,Sign Control,Functioning,FALSE,FALSE,FALSE,Clear,FALSE,BLOCK LINE RD; FALLOWFIELD DR; Near; 15 M,3/7/2019 2:31:25 PM,543068.4855,4807436.037,Q3,Weekend,FALSE
697,44178,15-157243,7/24/2015 6:50:00 PM,2015,7,24,18,50,Friday,544611.3344,4809091.773,-80.448792,43.433402,Intersection,2,P.D. only,Off roadway,SMV,Daylight,Municipal,Signal Control,Functioning,FALSE,FALSE,FALSE,Clear,FALSE,FRANKLIN ST S; KINGSWAY DR,3/7/2019 2:31:24 PM,544611.3344,4809091.773,Q3,Weekend,FALSE
698,44179,15-157258,7/24/2015 10:30:00 AM,2015,7,24,10,30,Friday,539024.9179,4811083.664,-80.517672,43.451649,Private Drive,2,P.D. only,On roadway,Other,Daylight,Municipal,No control,Unknown,FALSE,FALSE,FALSE,Clear,FALSE,GLASGOW ST; 197 GLASGOW ST,3/7/2019 2:31:23 PM,539024.9179,4811083.664,Q3,Weekend,FALSE
699,44180,15-157482,7/25/2015 12:33:00 AM,2015,7,25,0,33,Saturday,541931.9845,4808028.276,-80.481978,43.423981,Non intersection,2,P.D. only,Off roadway,SMV,Dark,Municipal,No control,Unknown,FALSE,FALSE,FALSE,Clear,FALSE,28 FLINT DR ; ALPINE RD ; At; 18 M,3/7/2019 2:31:21 PM,541931.9845,4808028.276,Q3,Weekend,FALSE
700,44181,15-157909,7/25/2015 3:00:00 PM,2015,7,25,15,0,Saturday,541897.3157,4813928.985,-80.481953,43.477113,Non intersection,1,Non-fatal injury,Off roadway,SMV,Daylight,Municipal,No control,Unknown,FALSE,FALSE,TRUE,Clear,FALSE,RIVERBEND DR; BRIDGEPORT RD; 100 M,3/7/2019 2:31:20 PM,541897.3157,4813928.986,Q3,Weekend,TRUE
701,44182,15-158450,7/26/2015 10:08:00 AM,2015,7,26,10,8,Sunday,544346.1369,4807892.446,-80.452166,43.422619,Non intersection,2,P.D. only,Off roadway,SMV,Daylight,Municipal,No control,Unknown,FALSE,FALSE,TRUE,Clear,FALSE,WOODHAVEN RD; WOODHAVEN RD ; Near; 12 M,3/7/2019 2:31:19 PM,544346.1369,4807892.446,Q3,Weekend,TRUE
702,44183,15-158477,7/26/2015 10:30:00 AM,2015,7,26,10,30,Sunday,541957.8588,4810517.765,-80.481467,43.446395,Private Drive,1,Non-fatal injury,On roadway,Intersection,Daylight,Regional,No control,Unknown,FALSE,TRUE,FALSE,Clear,FALSE,KING ST E; 481 KING ST E; At; 10 M,3/7/2019 2:31:19 PM,541957.8588,4810517.765,Q3,Weekend,FALSE
703,44184,15-158664,7/26/2015 3:10:00 PM,2015,7,26,15,10,Sunday,545179.6571,4810664.42,-80.44164,43.447528,Non intersection,2,P.D. only,Off roadway,SMV,Daylight,Municipal,No control,Unknown,FALSE,FALSE,FALSE,Clear,FALSE,CONWAY DR; CONWAY DR ; At,3/7/2019 2:31:18 PM,545179.6571,4810664.42,Q3,Weekend,FALSE
704,44185,15-158753,7/26/2015 6:30:00 PM,2015,7,26,18,30,Sunday,540141.8705,4807785.493,-80.50411,43.421893,Private Drive,2,P.D. only,Off roadway,SMV,Daylight,Other,No control,Unknown,FALSE,FALSE,FALSE,Clear,FALSE,HOWE DR; 36-35 HOWE DR; At; 5 M,3/7/2019 2:31:17 PM,540141.8705,4807785.493,Q3,Weekend,FALSE
705,44186,15-159299,7/25/2015 2:00:00 PM,2015,7,25,14,0,Saturday,543481.4034,4812224.003,-80.462503,43.461671,Private Drive,2,P.D. only,On roadway,Other,Daylight,Regional,No control,Unknown,FALSE,FALSE,FALSE,Clear,FALSE,FREDERICK ST ; FREDERICK ST ; Near,3/7/2019 2:31:16 PM,543481.4034,4812224.003,Q3,Weekend,FALSE
706,44187,15-159548,7/27/2015 7:23:00 PM,2015,7,27,19,23,Monday,542843.1635,4809873.4,-80.470577,43.440543,Intersection,1,Non-fatal injury,On roadway,Intersection,Daylight,Regional,Sign Control,Functioning,FALSE,FALSE,FALSE,Clear,FALSE,CHARLES ST E; SYDNEY ST S; At,3/7/2019 2:31:14 PM,542843.1635,4809873.4,Q3,Working,FALSE
707,44188,15-159675,7/27/2015 11:46:00 PM,2015,7,27,23,46,Monday,545727.1938,4803632.014,-80.435462,43.384175,Private Drive,2,P.D. only,On roadway,SMV,Dark,Municipal,No control,Unknown,FALSE,FALSE,FALSE,Clear,FALSE,RIDGEMERE CRT; RIDGEMERE ST ; 50 M,3/7/2019 2:31:14 PM,545727.1938,4803632.014,Q3,Working,FALSE
708,44189,15-160126,7/28/2015 3:00:00 PM,2015,7,28,15,0,Tuesday,540780.9433,4810816.961,-80.495989,43.449154,Private Drive,2,P.D. only,Off roadway,SMV,Daylight,Municipal,No control,Unknown,FALSE,FALSE,FALSE,Clear,FALSE,WATER ST S; 92 WATER ST,3/7/2019 2:31:13 PM,540780.9433,4810816.961,Q3,Working,FALSE
709,44190,15-160260,7/28/2015 2:20:00 PM,2015,7,28,14,20,Tuesday,541273.2831,4810927.576,-80.489896,43.450123,Non intersection,2,P.D. only,On roadway,SMV,Daylight,Municipal,No control,Unknown,FALSE,FALSE,FALSE,Clear,FALSE,DUKE ST W; DUKE ST W; At,3/7/2019 2:31:12 PM,541273.2831,4810927.576,Q3,Working,FALSE
710,44191,15-160728,7/29/2015 11:00:00 AM,2015,7,29,11,0,Wednesday,541444.8407,4809146.983,-80.487911,43.434081,Non intersection,2,P.D. only,On roadway,SMV,Daylight,Municipal,No control,Unknown,FALSE,FALSE,FALSE,Clear,FALSE,HEIMAN ST; Near,3/7/2019 2:31:10 PM,541444.8407,4809146.983,Q3,Working,FALSE
711,44192,15-160912,7/29/2015 4:20:00 PM,2015,7,29,16,20,Wednesday,542867.2218,4810786.147,-80.470208,43.44876,Intersection,1,Non-fatal injury,On roadway,Intersection,Daylight,Municipal,Sign Control,Functioning,FALSE,FALSE,FALSE,Clear,FALSE,EAST AVE; STIRLING AVE N; At,3/7/2019 2:31:09 PM,542867.2218,4810786.147,Q3,Working,FALSE
712,44193,15-161091,7/29/2015 4:00:00 PM,2015,7,29,16,0,Wednesday,543832.5082,4811750.931,-80.458201,43.457391,Private Drive,2,P.D. only,On roadway,SMV,Daylight,Municipal,No control,Unknown,FALSE,FALSE,FALSE,Clear,FALSE,PERKELL PL; 19 PERKELL PL,3/7/2019 2:31:09 PM,543832.5082,4811750.931,Q3,Working,FALSE
713,44194,15-161442,7/30/2015 10:58:00 AM,2015,7,30,10,58,Thursday,539693.4713,4810125.112,-80.509479,43.442983,Private Drive,2,P.D. only,On roadway,Intersection,Daylight,Municipal,No control,Unknown,FALSE,FALSE,FALSE,Clear,FALSE,JACK AVE; 27 JACK AVE; 10 M,3/7/2019 2:31:08 PM,539693.4713,4810125.112,Q3,Weekend,FALSE
714,44195,15-161613,7/30/2015 3:12:00 PM,2015,7,30,15,12,Thursday,542172.0794,4805203.161,-80.47923,43.39853,Private Drive,1,Non-fatal injury,On roadway,Intersection,Daylight,Municipal,No control,Unknown,FALSE,FALSE,FALSE,Clear,FALSE,TRILLIUM DR; TRILLIUM DR ; At; 2 M,3/7/2019 2:31:07 PM,542172.0794,4805203.162,Q3,Weekend,FALSE
715,44196,15-161899,7/30/2015 10:17:00 PM,2015,7,30,22,17,Thursday,541114.4186,4810746.797,-80.491873,43.448504,Intersection,2,P.D. only,On roadway,Other,Dark,Regional,Sign Control,Functioning,FALSE,FALSE,FALSE,Clear,FALSE,ONTARIO ST S; JOSEPH ST; At,3/7/2019 2:31:06 PM,541114.4186,4810746.797,Q3,Weekend,FALSE
716,44197,15-162353,7/31/2015 12:09:00 PM,2015,7,31,12,9,Friday,542460.7356,4809701.057,-80.475316,43.439013,Non intersection,1,Non-fatal injury,On roadway,SMV,Daylight,Regional,No control,Unknown,TRUE,FALSE,FALSE,Clear,FALSE,NYBERG ST; OTTAWA ST S; 50 M,3/7/2019 2:31:05 PM,542460.7356,4809701.057,Q3,Weekend,FALSE
717,44198,15-162696,7/31/2015 8:01:00 PM,2015,7,31,20,1,Friday,542447.4711,4807281.392,-80.475668,43.417227,Intersection,2,P.D. only,On roadway,Intersection,Dusk,Municipal,Sign Control,Functioning,FALSE,FALSE,FALSE,Clear,FALSE,COUNTRY HILL DR; BLOCK LINE RD,3/7/2019 2:31:04 PM,542447.4711,4807281.392,Q3,Weekend,FALSE
718,44199,15-163190,8/1/2015 1:24:00 PM,2015,8,1,13,24,Saturday,545276.092,4806434.274,-80.440799,43.409434,Intersection,2,P.D. only,On roadway,Intersection,Daylight,Municipal,Sign Control,Functioning,FALSE,FALSE,FALSE,Clear,FALSE,WABANAKI DR; WILSON AVE; At,3/7/2019 2:31:03 PM,545276.092,4806434.274,Q3,Weekend,FALSE
719,44200,15-163238,7/25/2015 2:00:00 PM,2015,7,25,14,0,Saturday,538424.1991,4805333.059,-80.525501,43.399901,Private Drive,2,P.D. only,On roadway,SMV,Daylight,Municipal,No control,Unknown,FALSE,FALSE,FALSE,Clear,FALSE,GRAVEL RIDGE TRAIL ; 252 GRAVEL RIDGE TRAIL; 1 M,3/4/2020 10:19:45 AM,538424.1991,4805333.059,Q3,Weekend,FALSE
720,44201,15-163903,8/2/2015 1:05:00 PM,2015,8,2,13,5,Sunday,541403.7334,4810358.298,-80.488327,43.44499,Private Drive,1,Non-fatal injury,On roadway,SMV,Daylight,Municipal,No control,Unknown,FALSE,FALSE,TRUE,Clear,FALSE,PETER ST; ST GEORGE ST ; Near; 30 M,3/7/2019 2:31:02 PM,541403.7334,4810358.298,Q3,Weekend,TRUE
721,44202,15-163913,8/2/2015 12:30:00 PM,2015,8,2,12,30,Sunday,540961.4481,4808528.196,-80.49393,43.428536,Private Drive,2,P.D. only,On roadway,Other,Daylight,Municipal,No control,Unknown,FALSE,FALSE,FALSE,Clear,FALSE,SOUTHMOOR DR; 27 SOUTHMOOR DR,3/7/2019 2:31:01 PM,540961.4481,4808528.196,Q3,Weekend,FALSE
722,44203,15-163959,8/2/2015 2:27:00 PM,2015,8,2,14,27,Sunday,543230.7802,4804480.52,-80.466214,43.391963,Intersection,2,P.D. only,Off roadway,SMV,Daylight,Municipal,Sign Control,Functioning,FALSE,FALSE,FALSE,Clear,FALSE,HURON RD; STRASBURG RD; 10 M,3/7/2019 2:31:00 PM,543230.7802,4804480.52,Q3,Weekend,FALSE
723,44204,15-164061,8/2/2015 5:33:00 PM,2015,8,2,17,33,Sunday,538016.2244,4808433.979,-80.530323,43.427843,Intersection,2,P.D. only,On roadway,Intersection,Dark,Municipal,Sign Control,Functioning,FALSE,FALSE,FALSE,Rain,FALSE,WESTHEIGHTS DR ;  BLACKWELL DR; At,3/4/2020 10:19:43 AM,538016.2244,4808433.979,Q3,Weekend,FALSE
724,44205,15-164683,8/3/2015 5:03:00 PM,2015,8,3,17,3,Monday,546535.8304,4810162.868,-80.424923,43.442929,Private Drive,2,P.D. only,On roadway,Other,Daylight,Regional,No control,Unknown,FALSE,FALSE,FALSE,Clear,FALSE,DAIMLER DR; DAIMLER DR; Near; 7 M,3/7/2019 2:30:59 PM,546535.8304,4810162.868,Q3,Working,FALSE