,OBJECTID,ACCIDENTNUM,ACCIDENTDATE,ACCIDENT_YEAR,ACCIDENT_MONTH,ACCIDENT_DAY,ACCIDENT_HOUR,ACCIDENT_MINUTE,Accident_Day,XCOORD,YCOORD,LONGITUDE,LATITUDE,Accident_Location,COLLISIONTYPE,Accident_Type,Impact_Location,Impact_Type,Light,Road_Jurisdication,Traffic_Control,Traffic_Control_Condition,Pedestrian_Involved,Cyclist_Involved,Motorcyclist_Involved,Environment_Condition,Self_Reported,XMLIMPORTNOTES,LASTEDITEDDATE,x,y,Quarter,Day_Type,Vulnerable_Involved
798,44279,15-187081,9/2/2015 10:27:00 AM,2015,9,2,10,27,Wednesday,544118.7831,4811894.07,-80.454651,43.458663,Intersection,2,P.D. only,On roadway,Intersection,Daylight,Regional,Sign Control,Functioning,FALSE,FALSE,FALSE,Clear,FALSE,RIVER RD E; MANCHESTER RD; At,3/7/2019 2:30:05 PM,544118.7831,4811894.071,Q3,Working,FALSE
799,44280,15-187194,9/2/2015 12:34:00 PM,2015,9,2,12,34,Wednesday,542345.1666,4810268.41,-80.4767,43.444128,Private Drive,2,P.D. only,On roadway,Intersection,Daylight,Regional,Signal Control,Functioning,FALSE,FALSE,FALSE,Clear,FALSE,KING ST E; STERLING AVE; 22 M,3/7/2019 2:30:04 PM,542345.1666,4810268.41,Q3,Working,FALSE
800,44281,15-187243,9/2/2015 12:45:00 PM,2015,9,2,12,45,Wednesday,541311.5681,4810846.291,-80.489429,43.449389,Intersection,2,P.D. only,On roadway,Other,Daylight,Regional,Sign Control,Functioning,FALSE,FALSE,FALSE,Clear,FALSE,HALLS LANE E; QUEEN ST S,3/7/2019 2:30:04 PM,541311.5681,4810846.292,Q3,Working,FALSE
801,44282,15-187314,9/2/2015 3:27:00 PM,2015,9,2,15,27,Wednesday,542123.1233,4810409.733,-80.479433,43.445413,Non intersection,2,P.D. only,On roadway,Rear end,Daylight,Regional,No control,Unknown,FALSE,FALSE,FALSE,Clear,FALSE,KING ST E; PANDORA AVE N; 40 M,3/7/2019 2:30:03 PM,542123.1233,4810409.733,Q3,Working,FALSE
802,44283,15-187368,9/1/2015 9:00:00 PM,2015,9,1,21,0,Tuesday,541068,4811108,0,0,Other,2,P.D. only,Off roadway,SMV,Dark,Municipal,No control,Unknown,FALSE,FALSE,FALSE,Clear,FALSE,RIVER OAK DR; RIVER OAK DR; Near,3/7/2019 2:30:00 PM,541068,4811108,Q3,Working,FALSE
803,44284,15-187497,9/2/2015 7:47:00 PM,2015,9,2,19,47,Wednesday,542167.9602,4816545.306,-80.478404,43.500655,Other,1,Non-fatal injury,Off roadway,SMV,Daylight,Other,No control,Unknown,FALSE,FALSE,FALSE,Clear,FALSE,KIWANIS PARK; KIWANIS PARK DR ; At,3/7/2019 2:30:00 PM,542167.9602,4816545.306,Q3,Working,FALSE
804,44285,15-187801,9/2/2015 6:00:00 PM,2015,9,2,18,0,Wednesday,548692.4045,4806123.755,-80.398634,43.406424,Non intersection,2,P.D. only,On roadway,SMV,Daylight,Municipal,No control,Unknown,FALSE,FALSE,FALSE,Clear,FALSE,PIONEER GROVE CRT; PIONEER GROVE CRT ; Near,3/7/2019 2:29:59 PM,548692.4045,4806123.755,Q3,Working,FALSE
805,44286,15-187893,9/2/2015 5:20:00 PM,2015,9,2,17,20,Wednesday,537422.5947,4807881.035,-80.537695,43.422894,Non intersection,2,P.D. only,Off roadway,SMV,Daylight,Municipal,No control,Unknown,FALSE,FALSE,FALSE,Clear,FALSE,SPRUCEDALE CRES; SPRUCEDALE CRES ; 2 M,3/7/2019 2:29:58 PM,537422.5947,4807881.035,Q3,Working,FALSE
806,44287,15-187991,9/3/2015 12:52:00 PM,2015,9,3,12,52,Thursday,545106.9855,4807724.788,-80.442781,43.421064,Private Drive,2,P.D. only,On roadway,Intersection,Daylight,Regional,Sign Control,Functioning,FALSE,FALSE,FALSE,Clear,FALSE,WILSON AVE ; FAIRWAY RD S; Near; 4 M,3/7/2019 2:29:58 PM,545106.9855,4807724.788,Q3,Weekend,FALSE
807,44288,15-188165,9/3/2015 4:37:00 PM,2015,9,3,16,37,Thursday,541450.097,4811095.92,-80.487698,43.451629,Private Drive,2,P.D. only,On roadway,Intersection,Daylight,Regional,Signal Control,Functioning,FALSE,FALSE,FALSE,Rain,FALSE,QUEEN ST N; QUEEN ST N; Near; 1 M,3/7/2019 2:29:55 PM,541450.097,4811095.92,Q3,Weekend,FALSE
808,44289,15-188684,9/4/2015 8:00:00 AM,2015,9,4,8,0,Friday,541068,4811108,0,0,Private Drive,2,P.D. only,On roadway,SMV,Dawn,Municipal,No control,Unknown,FALSE,FALSE,FALSE,Clear,FALSE,RENFREW ST; RENFREW ST ; Near,3/7/2019 2:29:54 PM,541068,4811108,Q3,Weekend,FALSE
809,44290,15-188803,9/4/2015 12:24:00 PM,2015,9,4,12,24,Friday,544234.0343,4808803.748,-80.453477,43.430831,Intersection,2,P.D. only,Off roadway,SMV,Daylight,Municipal,Sign Control,Functioning,FALSE,FALSE,FALSE,Clear,FALSE,FIFTH AVE; CONNAUGHT ST; At,3/7/2019 2:29:54 PM,544234.0343,4808803.748,Q3,Weekend,FALSE
810,44291,15-188808,9/4/2015 12:30:00 PM,2015,9,4,12,30,Friday,541904.6518,4810550.752,-80.482122,43.446695,Non intersection,2,P.D. only,On roadway,SMV,Daylight,Municipal,No control,Unknown,FALSE,FALSE,FALSE,Clear,FALSE,MADISON AVE N; KING ST E; 20 M,3/7/2019 2:29:53 PM,541904.6518,4810550.752,Q3,Weekend,FALSE
811,44292,15-188822,9/4/2015 12:48:00 PM,2015,9,4,12,48,Friday,541233.1778,4810949.432,-80.49039,43.450322,Intersection,2,P.D. only,On roadway,Other,Daylight,Regional,Signal Control,Functioning,FALSE,FALSE,FALSE,Clear,FALSE,KING ST W; ONTARIO ST N; 5 M,3/7/2019 2:29:52 PM,541233.1778,4810949.432,Q3,Weekend,FALSE
812,44293,15-189120,9/4/2015 7:47:00 PM,2015,9,4,19,47,Friday,545158.1651,4807238.347,-80.442189,43.416681,Intersection,1,Non-fatal injury,On roadway,Intersection,Dusk,Municipal,No control,Unknown,FALSE,FALSE,FALSE,Clear,FALSE,WILSON AVE; WEBSTER RD; At,3/7/2019 2:29:52 PM,545158.1651,4807238.347,Q3,Weekend,FALSE
813,44294,15-189148,9/4/2015 8:15:00 PM,2015,9,4,20,15,Friday,541306.7322,4811424.115,-80.489445,43.454592,Intersection,1,Non-fatal injury,On roadway,SMV,Dark,Municipal,No control,Unknown,TRUE,FALSE,FALSE,Clear,FALSE,AHRENS ST W; YOUNG ST,3/7/2019 2:29:51 PM,541306.7322,4811424.115,Q3,Weekend,FALSE
814,44295,15-189234,9/4/2015 10:30:00 PM,2015,9,4,22,30,Friday,545854.5077,4807129.426,-80.433597,43.415658,Intersection,1,Non-fatal injury,On roadway,Intersection,Dark,Municipal,Sign Control,Functioning,FALSE,FALSE,FALSE,Clear,FALSE,WABANAKI DR; HIDDEN VALLEY RD; At,3/7/2019 2:29:50 PM,545854.5077,4807129.426,Q3,Weekend,FALSE
815,44296,15-189580,9/5/2015 10:30:00 AM,2015,9,5,10,30,Saturday,545464.5371,4803578.709,-80.438709,43.383711,Non intersection,1,Non-fatal injury,Off roadway,SMV,Daylight,Municipal,No control,Unknown,FALSE,FALSE,TRUE,Clear,FALSE,APPLE RIDGE DR ; APPLE RIDGE DR ; At; 9 M,3/7/2019 2:29:49 PM,545464.5371,4803578.709,Q3,Weekend,TRUE
816,44297,15-189700,9/5/2015 1:32:00 PM,2015,9,5,13,32,Saturday,541129.0163,4810622.053,-80.491702,43.44738,Private Drive,2,P.D. only,On roadway,Intersection,Daylight,Regional,No control,Unknown,FALSE,FALSE,FALSE,Clear,FALSE,QUEEN ST S; 221 QUEEN STREET S; 14 M,3/7/2019 2:29:49 PM,541129.0163,4810622.053,Q3,Weekend,FALSE
817,44298,15-189742,9/5/2015 1:00:00 PM,2015,9,5,13,0,Saturday,546126.7449,4813816.687,-80.429669,43.475853,Non intersection,2,P.D. only,On roadway,Other,Daylight,Municipal,No control,Unknown,FALSE,FALSE,FALSE,Clear,FALSE,CENTENNIAL RD; VICTORIA ST N; Near,3/7/2019 2:29:48 PM,546126.7449,4813816.687,Q3,Weekend,FALSE
818,44299,15-189764,9/5/2015 3:15:00 PM,2015,9,5,15,15,Saturday,544116.8594,4809294.651,-80.454885,43.435258,Intersection,2,P.D. only,On roadway,Rear end,Daylight,Municipal,No control,Unknown,FALSE,FALSE,FALSE,Clear,FALSE,KINGSWAY DR; SECOND AVE; Near,3/7/2019 2:29:47 PM,544116.8594,4809294.651,Q3,Weekend,FALSE
819,44300,15-189817,9/5/2015 5:21:00 PM,2015,9,5,17,21,Saturday,542520.6913,4806517.753,-80.474823,43.410347,Private Drive,2,P.D. only,On roadway,Other,Daylight,Municipal,No control,Unknown,FALSE,FALSE,FALSE,Clear,FALSE,DEVONGLEN DR; 68 DEVONGLEN DR ; 4 M,3/7/2019 2:29:46 PM,542520.6913,4806517.753,Q3,Weekend,FALSE
820,44301,15-190195,9/6/2015 2:10:00 AM,2015,9,6,2,10,Sunday,541809.7823,4815026.736,-80.482951,43.487002,Private Drive,2,P.D. only,On roadway,SMV,Dark,Municipal,No control,Unknown,FALSE,FALSE,FALSE,Clear,FALSE,WOOLWICH ST; 124 WOOLWICH ST; At; 17 M,3/7/2019 2:29:45 PM,541809.7823,4815026.736,Q3,Weekend,FALSE
821,44302,15-190317,9/6/2015 3:00:00 AM,2015,9,6,3,0,Sunday,546243.0975,4811535.365,-80.428424,43.455305,Private Drive,2,P.D. only,Off roadway,SMV,Dark,Municipal,No control,Unknown,FALSE,FALSE,FALSE,Clear,FALSE,GRAY ST; 97 GRAY ST,3/7/2019 2:29:45 PM,546243.0975,4811535.365,Q3,Weekend,FALSE
822,44303,15-191007,9/7/2015 7:26:00 AM,2015,9,7,7,26,Monday,543563.8619,4812258.076,-80.461481,43.461973,Non intersection,2,P.D. only,Off roadway,SMV,Daylight,Regional,No control,Unknown,FALSE,FALSE,FALSE,Clear,FALSE,FREDERICK ST ; RIVER RD E; 20 M,3/7/2019 2:29:44 PM,543563.8619,4812258.076,Q3,Working,FALSE
823,44304,15-191276,9/7/2015 3:05:00 PM,2015,9,7,15,5,Monday,541845.2564,4810590.032,-80.482853,43.447052,Private Drive,2,P.D. only,On roadway,Intersection,Daylight,Regional,No control,Unknown,FALSE,FALSE,FALSE,Clear,FALSE,KING ST E; KING ST E; 50 M,3/4/2020 10:19:38 AM,541845.2564,4810590.033,Q3,Working,FALSE
824,44305,15-191447,9/7/2015 7:47:00 PM,2015,9,7,19,47,Monday,540914.0932,4806552.693,-80.494663,43.410751,Non intersection,2,P.D. only,On roadway,SMV,Dark,Municipal,No control,Unknown,FALSE,FALSE,FALSE,Rain,FALSE,ERINBROOK DR; WARWICK CRT ; 5 M,3/4/2020 10:19:37 AM,540914.0932,4806552.693,Q3,Working,FALSE
825,44306,15-191698,9/7/2015 8:15:00 PM,2015,9,7,20,15,Monday,540469.7426,4806472.827,-80.500157,43.410056,Private Drive,2,P.D. only,On roadway,SMV,Daylight,Municipal,No control,Unknown,FALSE,FALSE,FALSE,Clear,FALSE,HIGHBROOK ST; 60 HIGHBROOK ST,3/7/2019 2:29:43 PM,540469.7426,4806472.827,Q3,Working,FALSE
826,44307,15-191857,9/8/2015 10:26:00 AM,2015,9,8,10,26,Tuesday,541504.4891,4809489.085,-80.487148,43.437158,Private Drive,2,P.D. only,Off roadway,SMV,Daylight,Municipal,No control,Unknown,FALSE,FALSE,FALSE,Clear,FALSE,MILL ST; MILL ST.; At; 10 M,3/7/2019 2:29:42 PM,541504.4891,4809489.085,Q3,Working,FALSE
827,44308,15-191982,9/8/2015 1:15:00 PM,2015,9,8,13,15,Tuesday,541035.3882,4809319.956,-80.492957,43.435661,Private Drive,2,P.D. only,On roadway,SMV,Daylight,Municipal,No control,Unknown,FALSE,FALSE,FALSE,Clear,FALSE,STIRLING AVE S; 510 STIRLING AVE S; 7 M,3/7/2019 2:29:42 PM,541035.3882,4809319.956,Q3,Working,FALSE
828,44309,15-192153,9/8/2015 4:44:00 PM,2015,9,8,16,44,Tuesday,543763.8973,4807748.707,-80.45937,43.421359,Intersection,1,Non-fatal injury,On roadway,Intersection,Daylight,Municipal,Signal Control,Functioning,FALSE,TRUE,FALSE,Clear,FALSE,SHELLEY DR ; COURTLAND AVE E,3/7/2019 2:29:41 PM,543763.8973,4807748.707,Q3,Working,FALSE
829,44310,15-192277,9/7/2015 10:30:00 PM,2015,9,7,22,30,Monday,542447.4655,4807282.281,-80.475668,43.417235,Intersection,2,P.D. only,On roadway,Intersection,Dark,Regional,No control,Unknown,FALSE,FALSE,FALSE,Rain,FALSE,BLOCK LINE RD; COUNTRY HILL DR; At,3/7/2019 2:29:40 PM,542447.4655,4807282.281,Q3,Working,FALSE
830,44311,15-192666,9/9/2015 9:00:00 AM,2015,9,9,9,0,Wednesday,538330.8657,4807579.385,-80.526496,43.420132,Private Drive,2,P.D. only,On roadway,Other,Daylight,Municipal,No control,Unknown,FALSE,FALSE,FALSE,Rain,FALSE,180 MCGARRY DR; FORESTWOOD DR ; 8 M,3/7/2019 2:29:40 PM,538330.8657,4807579.385,Q3,Working,FALSE
831,44312,15-192892,9/9/2015 1:43:00 PM,2015,9,9,13,43,Wednesday,541466.7692,4810740.07,-80.487519,43.448424,Non intersection,2,P.D. only,On roadway,SMV,Daylight,Municipal,No control,Unknown,FALSE,FALSE,FALSE,Clear,FALSE,HALLS LANE E; BENTON ST ; 50 M,3/4/2020 10:19:37 AM,541466.7692,4810740.07,Q3,Working,FALSE
832,44313,15-192972,9/9/2015 3:34:00 PM,2015,9,9,15,34,Wednesday,542944.3865,4811336.838,-80.469211,43.453714,Intersection,2,P.D. only,On roadway,Intersection,Daylight,Municipal,Sign Control,Functioning,FALSE,FALSE,FALSE,Clear,FALSE,KRUG ST; DUMFRIES AVE,3/7/2019 2:29:39 PM,542944.3865,4811336.838,Q3,Working,FALSE
833,44314,15-193013,9/9/2015 3:00:00 PM,2015,9,9,15,0,Wednesday,539220.7183,4809039.614,-80.515399,43.433234,Non intersection,1,Non-fatal injury,Off roadway,SMV,Daylight,Municipal,No control,Unknown,FALSE,FALSE,FALSE,Clear,FALSE,CECILE DR; OVERLEA DR ; Near; 30 M,3/7/2019 2:29:38 PM,539220.7183,4809039.614,Q3,Working,FALSE
834,44315,15-193520,9/10/2015 8:58:00 AM,2015,9,10,8,58,Thursday,542561.6787,4811952.692,-80.473893,43.459281,Intersection,2,P.D. only,On roadway,Rear end,Daylight,Municipal,Sign Control,Functioning,FALSE,FALSE,FALSE,Clear,FALSE,MANSION ST; EDNA ST; 5 M,3/4/2020 10:19:36 AM,542561.6787,4811952.692,Q3,Weekend,FALSE
835,44316,15-193560,9/9/2015 3:30:00 PM,2015,9,9,15,30,Wednesday,541087.261,4811020.62,-80.492188,43.450971,Intersection,1,Non-fatal injury,On roadway,Rear end,Daylight,Municipal,Sign Control,Functioning,FALSE,FALSE,FALSE,Clear,FALSE,YOUNG ST; KING ST W; Near,3/7/2019 2:29:37 PM,541087.261,4811020.62,Q3,Working,FALSE
836,44317,15-194003,9/10/2015 6:30:00 PM,2015,9,10,18,30,Thursday,541031.6949,4810485.41,-80.492915,43.446155,Private Drive,2,P.D. only,On roadway,Intersection,Daylight,Regional,No control,Unknown,FALSE,FALSE,FALSE,Clear,FALSE,QUEEN ST S; COURTLAND AVE E; 15 M,3/7/2019 2:29:37 PM,541031.6949,4810485.41,Q3,Weekend,FALSE
837,44318,15-194563,9/11/2015 11:45:00 AM,2015,9,11,11,45,Friday,538445.1603,4810463.944,-80.524881,43.446099,Private Drive,2,P.D. only,On roadway,Other,Daylight,Municipal,No control,Unknown,FALSE,FALSE,FALSE,Clear,FALSE,WESTWOOD DR; 10 WESTWOOD DR; 1 M,3/7/2019 2:29:36 PM,538445.1603,4810463.944,Q3,Weekend,FALSE
838,44319,15-194636,9/11/2015 1:26:00 PM,2015,9,11,13,26,Friday,545158.0971,4807514.668,-80.442167,43.419169,Private Drive,2,P.D. only,On roadway,Intersection,Daylight,Municipal,No control,Unknown,FALSE,FALSE,FALSE,Clear,FALSE,WILSON AVE; WILSON AVE ; At; 1 M,3/4/2020 10:19:35 AM,545158.0971,4807514.668,Q3,Weekend,FALSE
839,44320,15-194672,9/11/2015 2:04:00 PM,2015,9,11,14,4,Friday,545414.7468,4802441.665,-80.439418,43.373476,Other,2,P.D. only,Off roadway,SMV,Daylight,Other,No control,Unknown,FALSE,FALSE,FALSE,Rain,FALSE,PRIVATE PROPERTY; MEADOWRIDGE ST,3/7/2019 2:29:35 PM,545414.7468,4802441.665,Q3,Weekend,FALSE
840,44321,15-194963,9/11/2015 8:29:00 PM,2015,9,11,20,29,Friday,543460.6895,4811158.228,-80.462844,43.452076,Non intersection,2,P.D. only,On roadway,SMV,Dark,Municipal,No control,Unknown,FALSE,FALSE,FALSE,Rain,FALSE,DONALD ST; ADA ST; Near; 20 M,3/7/2019 2:29:35 PM,543460.6895,4811158.228,Q3,Weekend,FALSE
841,44322,15-194984,9/11/2015 9:04:00 PM,2015,9,11,21,4,Friday,541068,4811108,0,0,Intersection,1,Non-fatal injury,On roadway,Intersection,Dark,Municipal,Signal Control,Functioning,FALSE,TRUE,FALSE,Rain,FALSE,DOON VILLAGE RD; PIONEER DR,3/4/2020 10:19:35 AM,541068,4811108,Q3,Weekend,FALSE
842,44323,15-195254,9/12/2015 8:02:00 AM,2015,9,12,8,2,Saturday,540643.5564,4800807.921,-80.498431,43.359039,Private Drive,1,Non-fatal injury,Off roadway,SMV,Daylight,Municipal,No control,Unknown,FALSE,FALSE,FALSE,Clear,FALSE,PLAINS RD; PLAINS RD ; 3 M,3/7/2019 2:29:34 PM,540643.5564,4800807.921,Q3,Weekend,FALSE
843,44324,15-196216,9/12/2015 1:55:00 PM,2015,9,12,13,55,Saturday,541472.6334,4812521.868,-80.487311,43.464467,Private Drive,2,P.D. only,On roadway,SMV,Daylight,Municipal,No control,Unknown,FALSE,FALSE,FALSE,Clear,FALSE,BLUCHER BLVD; 338 BLUCHER BV,3/7/2019 2:29:33 PM,541472.6334,4812521.868,Q3,Weekend,FALSE
844,44325,15-196347,9/13/2015 5:08:00 PM,2015,9,13,17,8,Sunday,539575.7216,4806248.626,-80.511215,43.408085,Intersection,2,P.D. only,Off roadway,SMV,Daylight,Municipal,Sign Control,Functioning,FALSE,FALSE,FALSE,Clear,FALSE,ACTIVA AVE; COPPER LEAF ST ; 2 M,3/7/2019 2:29:32 PM,539575.7216,4806248.626,Q3,Weekend,FALSE
845,44326,15-196684,9/14/2015 8:25:00 AM,2015,9,14,8,25,Monday,542652.1023,4807350.319,-80.473135,43.417836,Intersection,1,Non-fatal injury,On roadway,SMV,Daylight,Municipal,Signal Control,Functioning,TRUE,FALSE,FALSE,Clear,FALSE,KINGSWOOD DR; BLOCK LINE RD; At,3/7/2019 2:29:32 PM,542652.1023,4807350.319,Q3,Working,FALSE
846,44327,15-196696,9/14/2015 7:45:00 AM,2015,9,14,7,45,Monday,541531.9774,4813983.364,-80.486466,43.477623,Non intersection,2,P.D. only,On roadway,SMV,Daylight,Municipal,No control,Unknown,FALSE,FALSE,FALSE,Clear,FALSE,LANG CRES; LANG CRES ; Near; 1 M,3/7/2019 2:29:31 PM,541531.9774,4813983.364,Q3,Working,FALSE
847,44328,15-196726,9/14/2015 9:20:00 AM,2015,9,14,9,20,Monday,538296.259,4808042.754,-80.526891,43.424306,Private Drive,2,P.D. only,On roadway,Intersection,Daylight,Municipal,No control,Unknown,FALSE,FALSE,FALSE,Clear,FALSE,HILLBROOK CRES ; HILLBROOK CRES ; 3 M,3/7/2019 2:29:30 PM,538296.259,4808042.754,Q3,Working,FALSE
848,44329,15-196838,9/13/2015 4:00:00 PM,2015,9,13,16,0,Sunday,545384.7069,4810183.12,-80.439146,43.443182,Intersection,2,P.D. only,On roadway,Intersection,Daylight,Municipal,Sign Control,Functioning,FALSE,FALSE,FALSE,Clear,FALSE,RIVER RD E; RENNIE DR; At,3/7/2019 2:29:30 PM,545384.7069,4810183.12,Q3,Weekend,FALSE
849,44330,15-196955,9/14/2015 12:55:00 PM,2015,9,14,12,55,Monday,541760.9322,4810329.959,-80.483915,43.444715,Intersection,2,P.D. only,On roadway,Other,Daylight,Municipal,Sign Control,Functioning,FALSE,FALSE,FALSE,Clear,FALSE,CHURCH ST; MADISON AVE S; At,3/7/2019 2:29:29 PM,541760.9322,4810329.959,Q3,Working,FALSE
850,44331,15-197041,9/14/2015 3:48:00 PM,2015,9,14,15,48,Monday,545108.941,4807722.913,-80.442757,43.421047,Private Drive,1,Non-fatal injury,On roadway,Intersection,Daylight,Regional,Signal Control,Functioning,FALSE,FALSE,FALSE,Clear,FALSE,WILSON AVE; FAIRWAY RD S; 20 M,3/7/2019 2:29:28 PM,545108.941,4807722.913,Q3,Working,FALSE
851,44332,15-197094,9/14/2015 4:49:00 PM,2015,9,14,16,49,Monday,541068,4811108,0,0,Private Drive,0,Fatal injury,Off roadway,SMV,Daylight,Municipal,No control,Unknown,TRUE,FALSE,FALSE,Clear,FALSE,QUEEN ST S; QUEEN ST S; Near; 1 M,3/4/2020 10:19:34 AM,541068,4811108,Q3,Working,FALSE
852,44333,15-197140,9/14/2015 5:53:00 PM,2015,9,14,17,53,Monday,539495.882,4805667.869,-80.512243,43.40286,Private Drive,1,Non-fatal injury,On roadway,Intersection,Daylight,Municipal,No control,Unknown,FALSE,TRUE,FALSE,Clear,FALSE,YARROW CRT; 68 YARROW CRT; 1 M,3/7/2019 2:29:28 PM,539495.882,4805667.869,Q3,Working,FALSE
853,44334,15-197472,9/15/2015 7:28:00 AM,2015,9,15,7,28,Tuesday,543490.6194,4811610.777,-80.462438,43.456149,Private Drive,1,Non-fatal injury,On roadway,SMV,Daylight,Municipal,No control,Unknown,FALSE,FALSE,TRUE,Clear,FALSE,KRUG ST; 483 KRUG ST; At; 1 M,3/7/2019 2:29:27 PM,543490.6194,4811610.777,Q3,Working,TRUE
854,44335,15-197505,9/15/2015 7:57:00 AM,2015,9,15,7,57,Tuesday,543203.7251,4804493.785,-80.466547,43.392084,Intersection,1,Non-fatal injury,On roadway,Rear end,Daylight,Municipal,Sign Control,Functioning,FALSE,FALSE,TRUE,Clear,FALSE,HURON RD; STRASBURG RD; 3.6 M,3/7/2019 2:29:26 PM,543203.7251,4804493.785,Q3,Working,TRUE
855,44336,15-197651,9/15/2015 10:35:00 AM,2015,9,15,10,35,Tuesday,541825.5051,4811099.794,-80.483058,43.451643,Private Drive,2,P.D. only,Off roadway,Intersection,Daylight,Municipal,No control,Unknown,FALSE,FALSE,FALSE,Clear,FALSE,IRVIN ST; SCOTT ST; Near; 30 M,3/7/2019 2:29:26 PM,541825.5051,4811099.794,Q3,Working,FALSE
856,44337,15-198603,9/16/2015 2:30:00 PM,2015,9,16,14,30,Wednesday,540432.7181,4809650.831,-80.500379,43.438673,Intersection,2,P.D. only,On roadway,Intersection,Daylight,Municipal,No control,Unknown,FALSE,FALSE,FALSE,Clear,FALSE,QUEENS BLVD; REX DR; Near; 15 M,3/7/2019 2:29:25 PM,540432.7181,4809650.831,Q3,Working,FALSE
857,44338,15-198612,9/16/2015 2:00:00 PM,2015,9,16,14,0,Wednesday,541797.8928,4810620.392,-80.483436,43.447328,Non intersection,2,P.D. only,On roadway,Intersection,Daylight,Regional,No control,Unknown,FALSE,FALSE,FALSE,Clear,FALSE,KING ST E; CEDAR ST N; Near,3/7/2019 2:29:24 PM,541797.8928,4810620.392,Q3,Working,FALSE
858,44339,15-198806,9/12/2015 8:30:00 PM,2015,9,12,20,30,Saturday,543974.9926,4811997.196,-80.45642,43.4596,Private Drive,2,P.D. only,On roadway,SMV,Dark,Municipal,No control,Unknown,FALSE,FALSE,FALSE,Clear,FALSE,ELKINGTON DR; 127 ELKINGTON DR; At,3/7/2019 2:29:23 PM,543974.9926,4811997.196,Q3,Weekend,FALSE
859,44340,15-199095,9/17/2015 8:00:00 AM,2015,9,17,8,0,Thursday,542359.8291,4804126.383,-80.476995,43.388824,Intersection,1,Non-fatal injury,On roadway,SMV,Daylight,Municipal,Sign Control,Functioning,FALSE,FALSE,FALSE,Clear,FALSE,PARKVALE DR; MAITLAND ST; Near; 15 M,3/7/2019 2:29:22 PM,542359.8291,4804126.383,Q3,Weekend,FALSE
860,44341,15-199119,9/17/2015 8:21:00 AM,2015,9,17,8,21,Thursday,541128.3404,4812032.197,-80.491604,43.460077,Intersection,1,Non-fatal injury,On roadway,Intersection,Daylight,Municipal,Sign Control,Functioning,FALSE,TRUE,FALSE,Clear,FALSE,MARGARET AVE; ADAM ST,3/7/2019 2:29:21 PM,541128.3404,4812032.197,Q3,Weekend,FALSE
861,44342,15-199350,9/17/2015 12:28:00 PM,2015,9,17,12,28,Thursday,546625.5285,4808401.928,-80.423965,43.427068,Non intersection,1,Non-fatal injury,On roadway,Rear end,Daylight,Municipal,No control,Unknown,FALSE,FALSE,FALSE,Clear,FALSE,MORGAN AVE; GREENDALE CRES ; Near; 25 M,3/4/2020 10:19:33 AM,546625.5285,4808401.928,Q3,Weekend,FALSE
862,44343,15-199863,9/18/2015 1:39:00 AM,2015,9,18,1,39,Friday,545160.2714,4807238.139,-80.442163,43.416679,Intersection,2,P.D. only,On roadway,Intersection,Dark,Municipal,Sign Control,Functioning,FALSE,FALSE,FALSE,Clear,FALSE,WILSON AVE; WEBSTER RD,3/7/2019 2:29:20 PM,545160.2714,4807238.139,Q3,Weekend,FALSE
863,44344,15-200033,9/18/2015 9:34:00 AM,2015,9,18,9,34,Friday,537586.7189,4809646.14,-80.535546,43.438779,Non intersection,2,P.D. only,On roadway,Other,Daylight,Municipal,No control,Unknown,FALSE,FALSE,FALSE,Clear,FALSE,STOKE DR; FISCHER HALLMAN RD; 100 M,3/7/2019 2:29:19 PM,537586.7189,4809646.14,Q3,Weekend,FALSE
864,44345,15-201049,9/19/2015 1:44:00 PM,2015,9,19,13,44,Saturday,544861.1025,4810989.704,-80.44555,43.450476,Private Drive,2,P.D. only,On roadway,Intersection,Daylight,Regional,No control,Unknown,FALSE,FALSE,FALSE,Rain,FALSE,RIVER RD E; 1005 OTTAWA ST N; Near; 5 M,3/7/2019 2:29:18 PM,544861.1025,4810989.704,Q3,Weekend,FALSE
865,44346,15-201587,9/20/2015 8:21:00 AM,2015,9,20,8,21,Sunday,542069.1194,4809221.15,-80.480192,43.434714,Other,2,P.D. only,Off roadway,SMV,Daylight,Other,No control,Unknown,FALSE,FALSE,FALSE,Clear,FALSE,PRIVATE DRIVE; MILL ST ; 3 M,3/7/2019 2:29:17 PM,542069.1194,4809221.15,Q3,Weekend,FALSE
866,44347,15-201804,9/19/2015 8:30:00 PM,2015,9,19,20,30,Saturday,539871.9875,4810631.493,-80.507236,43.447533,Intersection,2,P.D. only,On roadway,Intersection,Dark,Municipal,Sign Control,Functioning,FALSE,FALSE,FALSE,Clear,FALSE,STRANGE ST; CHERRY ST,3/7/2019 2:29:16 PM,539871.9875,4810631.493,Q3,Weekend,FALSE
867,44348,15-202371,9/21/2015 11:01:00 AM,2015,9,21,11,1,Monday,543067.595,4807436.031,-80.467996,43.418584,Intersection,2,P.D. only,Off roadway,SMV,Daylight,Regional,No control,Unknown,FALSE,FALSE,FALSE,Clear,FALSE,BLOCK LINE RD; FALLOWFIELD DR; At,3/7/2019 2:29:15 PM,543067.595,4807436.031,Q3,Working,FALSE
868,44349,15-202411,9/21/2015 12:04:00 PM,2015,9,21,12,4,Monday,545274.1488,4806434.261,-80.440823,43.409434,Intersection,1,Non-fatal injury,On roadway,Intersection,Daylight,Municipal,Sign Control,Functioning,FALSE,FALSE,FALSE,Clear,FALSE,WABANAKI DR; WILSON AVE,3/7/2019 2:29:13 PM,545274.1488,4806434.261,Q3,Working,FALSE
869,44350,15-202414,9/21/2015 12:30:00 AM,2015,9,21,0,30,Monday,541709.3881,4808811.654,-80.484668,43.431047,Non intersection,2,P.D. only,Off roadway,SMV,Dark,Municipal,No control,Unknown,FALSE,FALSE,FALSE,Clear,FALSE,KEHL ST; 136 KEHL ST,3/7/2019 2:29:12 PM,541709.3881,4808811.654,Q3,Working,FALSE