,OBJECTID,ACCIDENTNUM,ACCIDENTDATE,ACCIDENT_YEAR,ACCIDENT_MONTH,ACCIDENT_DAY,ACCIDENT_HOUR,ACCIDENT_MINUTE,Accident_Day,XCOORD,YCOORD,LONGITUDE,LATITUDE,Accident_Location,COLLISIONTYPE,Accident_Type,Impact_Location,Impact_Type,Light,Road_Jurisdication,Traffic_Control,Traffic_Control_Condition,Pedestrian_Involved,Cyclist_Involved,Motorcyclist_Involved,Environment_Condition,Self_Reported,XMLIMPORTNOTES,LASTEDITEDDATE,x,y,Quarter,Day_Type,Vulnerable_Involved
870,44351,15-202459,9/21/2015 1:05:00 PM,2015,9,21,13,5,Monday,538521.7505,4811037.344,-80.523894,43.451258,Private Drive,2,P.D. only,On roadway,SMV,Daylight,Municipal,No control,Unknown,FALSE,FALSE,FALSE,Clear,FALSE,CLAREMONT AVE ; 165 CLAREMONT AV; At; 5 M,3/4/2020 10:19:33 AM,538521.7505,4811037.344,Q3,Working,FALSE
871,44352,15-202520,9/21/2015 2:33:00 PM,2015,9,21,14,33,Monday,542274.0542,4809633.025,-80.477628,43.438411,Private Drive,2,P.D. only,On roadway,Other,Daylight,Municipal,No control,Unknown,FALSE,FALSE,FALSE,Clear,FALSE,BEDFORD RD ; 101 BEDFORD RD; Near; 5 M,3/7/2019 2:29:11 PM,542274.0542,4809633.025,Q3,Working,FALSE
872,44353,15-202596,9/21/2015 4:04:00 PM,2015,9,21,16,4,Monday,538235.9056,4806693.697,-80.527731,43.412162,Private Drive,2,P.D. only,Off roadway,SMV,Daylight,Other,No control,Unknown,FALSE,FALSE,FALSE,Clear,FALSE,PRIVATE DRIVE; INDIGO ST ; At; 5 M,3/4/2020 10:19:32 AM,538235.9056,4806693.697,Q3,Working,FALSE
873,44354,15-202675,9/21/2015 5:23:00 PM,2015,9,21,17,23,Monday,539275.0304,4809122.337,-80.514722,43.433976,Non intersection,1,Non-fatal injury,On roadway,Intersection,Daylight,Municipal,No control,Unknown,FALSE,TRUE,FALSE,Clear,FALSE,OVERLEA DR; CECILE DR; 50 M,3/7/2019 2:29:10 PM,539275.0304,4809122.337,Q3,Working,FALSE
874,44355,15-203200,9/19/2015 6:00:00 PM,2015,9,19,18,0,Saturday,545684.2113,4809250.666,-80.435523,43.434768,Other,2,P.D. only,Off roadway,SMV,Daylight,Other,No control,Unknown,FALSE,FALSE,FALSE,Clear,FALSE,OBERMEYER DR ; 67 OBERMEYER DR; At,3/7/2019 2:29:09 PM,545684.2113,4809250.666,Q3,Weekend,FALSE
875,44356,15-203224,9/16/2015 1:40:00 PM,2015,9,16,13,40,Wednesday,541740.1224,4810658.794,-80.484147,43.447677,Non intersection,2,Non-reportable,Off roadway,Rear end,Daylight,Regional,No control,Unknown,FALSE,FALSE,FALSE,Clear,FALSE,KING ST E; Near,3/7/2019 2:29:08 PM,541740.1224,4810658.794,Q3,Working,FALSE
876,44357,15-204307,9/23/2015 4:45:00 PM,2015,9,23,16,45,Wednesday,539524.399,4811329.798,-80.511481,43.453839,Private Drive,2,P.D. only,On roadway,Other,Daylight,Municipal,No control,Unknown,FALSE,FALSE,FALSE,Clear,FALSE,GLASGOW ST; 69 GLASGOW ST,3/7/2019 2:29:06 PM,539524.399,4811329.798,Q3,Working,FALSE
877,44358,15-204389,9/23/2015 8:57:00 PM,2015,9,23,20,57,Wednesday,545547.0936,4801881.698,-80.437831,43.368426,Non intersection,2,P.D. only,Off roadway,SMV,Dark,Municipal,No control,Unknown,FALSE,FALSE,FALSE,Clear,FALSE,DODGE DR; DODGE DR ; At; 1 M,3/7/2019 2:29:03 PM,545547.0936,4801881.698,Q3,Working,FALSE
878,44359,15-204603,9/24/2015 8:03:00 AM,2015,9,24,8,3,Thursday,544819.858,4803013.211,-80.446714,43.378658,Non intersection,2,P.D. only,On roadway,SMV,Daylight,Municipal,No control,Unknown,FALSE,FALSE,FALSE,Clear,FALSE,ROBERT FERRIE DR; ROBERT FERRIE DR ; Near; 20 M,3/7/2019 2:29:03 PM,544819.858,4803013.211,Q3,Weekend,FALSE
879,44360,15-204676,9/24/2015 8:00:00 AM,2015,9,24,8,0,Thursday,545926.7189,4802616.603,-80.433084,43.37502,Private Drive,2,P.D. only,Off roadway,SMV,Daylight,Municipal,No control,Unknown,FALSE,FALSE,FALSE,Clear,FALSE, THOMAS SLEE DR; 401 THOMAS SLEE DR; Near,3/7/2019 2:29:02 PM,545926.7189,4802616.603,Q3,Weekend,FALSE
880,44361,15-204736,9/23/2015 6:40:00 PM,2015,9,23,18,40,Wednesday,539448.9844,4806404.368,-80.512769,43.409494,Private Drive,2,P.D. only,On roadway,SMV,Dusk,Municipal,No control,Unknown,FALSE,FALSE,FALSE,Clear,FALSE,PINE MARTIN CRES; PINE MARTIN CRES ; At,3/7/2019 2:29:01 PM,539448.9844,4806404.369,Q3,Working,FALSE
881,44362,15-204946,9/24/2015 4:06:00 PM,2015,9,24,16,6,Thursday,544216.5502,4805244.892,-80.453981,43.398788,Non intersection,2,P.D. only,On roadway,Intersection,Daylight,Regional,No control,Unknown,FALSE,FALSE,FALSE,Clear,FALSE,HURON RD ; HOMER WATSON BLVD ; 35 M,3/7/2019 2:29:00 PM,544216.5501,4805244.893,Q3,Weekend,FALSE
882,44363,15-205049,9/24/2015 5:30:00 PM,2015,9,24,17,30,Thursday,544090.8363,4805038.385,-80.45555,43.396936,Non intersection,2,P.D. only,On roadway,SMV,Daylight,Municipal,No control,Unknown,FALSE,FALSE,FALSE,Clear,FALSE,BIEHN DR; 33 BIEHN DR; Near; 2 M,3/7/2019 2:28:58 PM,544090.8363,4805038.385,Q3,Weekend,FALSE
883,44364,15-205111,9/24/2015 6:00:00 PM,2015,9,24,18,0,Thursday,541873.7697,4810745.223,-80.482489,43.448448,Intersection,2,P.D. only,On roadway,Intersection,Daylight,Municipal,Sign Control,Functioning,FALSE,FALSE,FALSE,Clear,FALSE,DUKE ST E; CEDAR ST N; At,3/4/2020 10:19:31 AM,541873.7697,4810745.223,Q3,Weekend,FALSE
884,44365,15-205161,9/24/2015 8:43:00 PM,2015,9,24,20,43,Thursday,545275.1144,4806435.156,-80.440811,43.409442,Intersection,2,P.D. only,On roadway,Intersection,Dark,Municipal,Sign Control,Functioning,FALSE,FALSE,FALSE,Clear,FALSE,WABANAKI DR; WILSON AVE; At,3/7/2019 2:28:57 PM,545275.1144,4806435.156,Q3,Weekend,FALSE
885,44366,15-205557,9/15/2015 4:30:00 PM,2015,9,15,16,30,Tuesday,544303.1493,4809223.904,-80.452589,43.43461,Non intersection,2,P.D. only,On roadway,SMV,Daylight,Municipal,No control,Unknown,FALSE,FALSE,FALSE,Clear,FALSE,FOURTH AVE; KINGSWAY DR; Near,3/7/2019 2:28:55 PM,544303.1493,4809223.904,Q3,Working,FALSE
886,44367,15-205623,9/24/2015 2:00:00 PM,2015,9,24,14,0,Thursday,541439.206,4811077.528,-80.487834,43.451464,Private Drive,2,P.D. only,Off roadway,SMV,Daylight,Municipal,No control,Unknown,FALSE,FALSE,FALSE,Clear,FALSE,QUEEN ST N; 51 QUEEN ST N,3/7/2019 2:28:55 PM,541439.206,4811077.528,Q3,Weekend,FALSE
887,44368,15-206046,9/25/2015 9:35:00 PM,2015,9,25,21,35,Friday,544942.666,4807904.722,-80.444796,43.422694,Private Drive,2,P.D. only,On roadway,Rear end,Dark,Municipal,No control,Unknown,FALSE,FALSE,FALSE,Clear,FALSE,WILSON AVE; WILSON AVE ; Near; 7 M,3/7/2019 2:28:54 PM,544942.666,4807904.722,Q3,Weekend,FALSE
888,44369,15-206070,9/25/2015 10:01:00 PM,2015,9,25,22,1,Friday,544329.3028,4813257.3,-80.451938,43.470925,Non intersection,2,P.D. only,Off roadway,SMV,Dark,Regional,No control,Unknown,FALSE,FALSE,FALSE,Clear,FALSE,BINGEMANS CENTRE DR; BINGEMANS CENTRE DR ; Near; 50 M,3/4/2020 10:19:31 AM,544329.3028,4813257.3,Q3,Weekend,FALSE
889,44370,15-206367,9/26/2015 3:30:00 AM,2015,9,26,3,30,Saturday,545732.5407,4809165.475,-80.434933,43.433998,Other,2,P.D. only,Off roadway,SMV,Dark,Municipal,No control,Unknown,FALSE,FALSE,FALSE,Clear,FALSE,KINZIE AVE; KINZIE AVE ; At,3/7/2019 2:28:53 PM,545732.5407,4809165.475,Q3,Weekend,FALSE
890,44371,15-206480,9/26/2015 10:12:00 AM,2015,9,26,10,12,Saturday,541756.4673,4811625.353,-80.483871,43.456379,Non intersection,2,P.D. only,Off roadway,SMV,Daylight,Municipal,Sign Control,Functioning,FALSE,FALSE,FALSE,Clear,FALSE,QUEEN ST N; ST LEGER ST; Near; 10 M,3/7/2019 2:28:52 PM,541756.4673,4811625.353,Q3,Weekend,FALSE
891,44372,15-206554,9/26/2015 11:20:00 AM,2015,9,26,11,20,Saturday,536051.2075,4807445.321,-80.554665,43.419038,Private Drive,2,P.D. only,On roadway,Other,Daylight,Other,No control,Unknown,FALSE,FALSE,FALSE,Clear,FALSE,PENELOPE DR ; 76 PENELOPE DR; At,3/7/2019 2:28:52 PM,536051.2075,4807445.321,Q3,Weekend,FALSE
892,44373,15-206817,9/26/2015 5:19:00 PM,2015,9,26,17,19,Saturday,540350.0121,4811461.855,-80.501267,43.454984,Intersection,2,P.D. only,On roadway,Other,Daylight,Municipal,Signal Control,Functioning,FALSE,FALSE,FALSE,Clear,FALSE,WELLINGTON ST N; MOORE AVE; 9 M,3/7/2019 2:28:51 PM,540350.0121,4811461.855,Q3,Weekend,FALSE
893,44374,15-207523,9/26/2015 6:00:00 PM,2015,9,26,18,0,Saturday,541486.4929,4803974.585,-80.487789,43.387506,Intersection,2,P.D. only,On roadway,Intersection,Daylight,Municipal,Sign Control,Functioning,FALSE,FALSE,FALSE,Clear,FALSE,SEABROOK DR; CORSICA ST,3/7/2019 2:28:50 PM,541486.4929,4803974.585,Q3,Weekend,FALSE
894,44375,15-207723,9/27/2015 4:05:00 PM,2015,9,27,16,5,Sunday,541940.5996,4806733.136,-80.481971,43.412319,Non intersection,2,P.D. only,On roadway,SMV,Daylight,Municipal,No control,Unknown,FALSE,FALSE,FALSE,Clear,FALSE,BROOKFIELD CRES; RITTENHOUSE RD ; Near; 45 M,3/7/2019 2:28:50 PM,541940.5996,4806733.136,Q3,Weekend,FALSE
895,44376,15-208267,9/28/2015 11:30:00 AM,2015,9,28,11,30,Monday,541500.7992,4811994.165,-80.487003,43.459714,Intersection,2,P.D. only,On roadway,Intersection,Daylight,Municipal,Sign Control,Functioning,FALSE,FALSE,FALSE,Rain,FALSE,ST LEGER ST; WELLINGTON ST N,3/4/2020 10:19:30 AM,541500.7992,4811994.165,Q3,Working,FALSE
896,44377,15-208415,9/28/2015 3:37:00 PM,2015,9,28,15,37,Monday,538133.6579,4807508.633,-80.528937,43.419505,Intersection,2,P.D. only,On roadway,Rear end,Daylight,Municipal,Sign Control,Functioning,FALSE,FALSE,FALSE,Clear,FALSE,MCGARRY DR; ROYAL ORCHARD DR; At,3/7/2019 2:28:48 PM,538133.6579,4807508.633,Q3,Working,FALSE
897,44378,15-208503,9/28/2015 5:30:00 PM,2015,9,28,17,30,Monday,541068,4811108,0,0,Non intersection,2,P.D. only,Off roadway,SMV,Daylight,Municipal,No control,Unknown,FALSE,FALSE,FALSE,Clear,FALSE,COPPERSHAWK ST; 10 COOPERSHAWK ST ; At; 3 M,3/4/2020 10:19:29 AM,541068,4811108,Q3,Working,FALSE
898,44379,15-208587,9/28/2015 7:20:00 PM,2015,9,28,19,20,Monday,542712.1749,4810047.158,-80.472182,43.442115,Private Drive,1,Non-fatal injury,On roadway,Intersection,Daylight,Regional,No control,Unknown,FALSE,FALSE,FALSE,Clear,FALSE,KING ST E; 1074 KING ST E; 1 M,3/4/2020 10:19:29 AM,542712.1749,4810047.158,Q3,Working,FALSE
899,44380,15-208868,9/29/2015 8:41:00 AM,2015,9,29,8,41,Tuesday,539675.7914,4806484.328,-80.509962,43.410202,Intersection,2,P.D. only,On roadway,Rear end,Daylight,Municipal,Sign Control,Functioning,FALSE,FALSE,FALSE,Clear,FALSE,ACTIVA AVE; WILDERNESS DR ; At,3/7/2019 2:28:48 PM,539675.7914,4806484.329,Q3,Working,FALSE
900,44381,15-209092,9/29/2015 1:43:00 PM,2015,9,29,13,43,Tuesday,542508.3045,4806170.388,-80.475003,43.40722,Private Drive,1,Non-fatal injury,On roadway,Intersection,Daylight,Municipal,No control,Unknown,FALSE,FALSE,FALSE,Clear,FALSE,STRASBURG RD ; BLEAMS RD ; Near; 100 M,3/7/2019 2:28:46 PM,542508.3045,4806170.388,Q3,Working,FALSE
901,44382,15-209195,9/29/2015 4:05:00 PM,2015,9,29,16,5,Tuesday,542349.8801,4813560.757,-80.476386,43.473772,Private Drive,2,P.D. only,Off roadway,SMV,Daylight,Municipal,No control,Unknown,FALSE,FALSE,FALSE,Rain,FALSE,RIVERBEND DR ; 394 RIVERBEND DR; Near; 20 M,3/7/2019 2:28:46 PM,542349.8801,4813560.758,Q3,Working,FALSE
902,44383,15-209604,9/29/2015 5:15:00 PM,2015,9,29,17,15,Tuesday,545245.6971,4804722.947,-80.441316,43.394027,Private Drive,2,P.D. only,On roadway,Intersection,Daylight,Municipal,No control,Unknown,FALSE,FALSE,FALSE,Rain,FALSE,PIONEER DR; 223 PIONEER DR; At,3/7/2019 2:28:45 PM,545245.6971,4804722.947,Q3,Working,FALSE
903,44384,15-209756,9/30/2015 11:30:00 AM,2015,9,30,11,30,Wednesday,539002.7942,4805923.773,-80.518314,43.40519,Non intersection,1,Non-fatal injury,On roadway,Rear end,Daylight,Municipal,No control,Unknown,FALSE,FALSE,FALSE,Clear,FALSE,DAVID BERGEY DR; ACTIVA AVE ; 30 M,3/7/2019 2:28:44 PM,539002.7942,4805923.773,Q3,Working,FALSE
904,44385,15-209878,9/30/2015 2:09:00 PM,2015,9,30,14,9,Wednesday,545143.8401,4806898.736,-80.442394,43.413624,Private Drive,2,P.D. only,On roadway,Intersection,Daylight,Municipal,No control,Unknown,FALSE,FALSE,FALSE,Clear,FALSE,GOODRICH DR ; 800 WILSON AVE ; 400 M,3/4/2020 10:19:28 AM,545143.8401,4806898.736,Q3,Working,FALSE
905,44386,15-210047,9/30/2015 5:30:00 PM,2015,9,30,17,30,Wednesday,546749.0223,4808663.112,-80.422417,43.429412,Private Drive,2,P.D. only,On roadway,Intersection,Daylight,Municipal,No control,Unknown,FALSE,FALSE,FALSE,Clear,FALSE,RIVER RD EAST; MORGAN AVE,3/7/2019 2:28:44 PM,546749.0223,4808663.112,Q3,Working,FALSE
906,44387,15-210442,10/1/2015 8:34:00 AM,2015,10,1,8,34,Thursday,547370.2092,4809730.092,-80.41465,43.43898,Intersection,2,P.D. only,On roadway,SMV,Daylight,Regional,Sign Control,Functioning,FALSE,FALSE,FALSE,Clear,FALSE,WATERBEND CRES ; GRASSWOOD ST ; At; 5 M,3/7/2019 2:28:43 PM,547370.2091,4809730.092,Q4,Weekend,FALSE
907,44388,15-210816,10/1/2015 5:22:00 PM,2015,10,1,17,22,Thursday,539086.1746,4806668.803,-80.517231,43.411894,Private Drive,2,P.D. only,Off roadway,SMV,Daylight,Municipal,No control,Unknown,FALSE,FALSE,FALSE,Clear,FALSE,WATERCRESS CRT; 20 WATERCRESS CRT ; At; 16 M,3/7/2019 2:28:42 PM,539086.1746,4806668.803,Q4,Weekend,FALSE
908,44389,15-210831,10/1/2015 9:45:00 AM,2015,10,1,9,45,Thursday,540577.7795,4811782.191,-80.498428,43.457856,Non intersection,2,P.D. only,On roadway,SMV,Daylight,Municipal,No control,Unknown,FALSE,FALSE,FALSE,Clear,FALSE,SHANLEY ST; DUKE ST W; 8 M,3/7/2019 2:28:41 PM,540577.7795,4811782.191,Q4,Weekend,FALSE
909,44390,15-210989,10/1/2015 10:05:00 PM,2015,10,1,22,5,Thursday,539536.2227,4806508.831,-80.511684,43.41043,Non intersection,1,Non-fatal injury,Off roadway,SMV,Dusk,Municipal,No control,Unknown,FALSE,FALSE,FALSE,Clear,FALSE,WILDERNESS DR; WILDERNESS DR ; At; 0 M,3/7/2019 2:28:40 PM,539536.2227,4806508.831,Q4,Weekend,FALSE
910,44391,15-211090,10/2/2015 12:20:00 AM,2015,10,2,0,20,Friday,541775.4865,4809156.13,-80.483825,43.434145,Non intersection,2,P.D. only,On roadway,SMV,Dark,Municipal,No control,Unknown,FALSE,FALSE,FALSE,Clear,FALSE,BORDEN PKY; PATTANDON AVE ; Near; 33 M,3/7/2019 2:28:39 PM,541775.4865,4809156.131,Q4,Weekend,FALSE
911,44392,15-211210,10/2/2015 8:10:00 AM,2015,10,2,8,10,Friday,541483.7376,4808770.724,-80.487459,43.430691,Non intersection,2,P.D. only,On roadway,Other,Daylight,Municipal,No control,Unknown,FALSE,FALSE,FALSE,Clear,FALSE,HOFFMAN ST; 360 HOFFMAN ST; 3 M,3/7/2019 2:28:38 PM,541483.7376,4808770.725,Q4,Weekend,FALSE
912,44393,15-211344,10/1/2015 5:00:00 PM,2015,10,1,17,0,Thursday,548151.5033,4811328.158,-80.404855,43.453319,Private Drive,2,P.D. only,On roadway,SMV,Daylight,Municipal,No control,Unknown,FALSE,FALSE,FALSE,Clear,FALSE,EDEN OAK TRAIL; 10 EDEN OAK TRAIL; Near,3/7/2019 2:28:38 PM,548151.5033,4811328.158,Q4,Weekend,FALSE
913,44394,15-211369,10/1/2015 6:50:00 AM,2015,10,1,6,50,Thursday,544227.3587,4809044.153,-80.45354,43.432996,Private Drive,2,P.D. only,On roadway,Other,Dark,Municipal,No control,Unknown,FALSE,FALSE,FALSE,Clear,FALSE,FOURTH AVE; 26 FOURTH AV; At,3/7/2019 2:28:37 PM,544227.3587,4809044.153,Q4,Weekend,FALSE
914,44395,15-211407,10/2/2015 12:14:00 PM,2015,10,2,12,14,Friday,542844.0664,4809871.407,-80.470566,43.440525,Intersection,1,Non-fatal injury,On roadway,Intersection,Daylight,Regional,Sign Control,Functioning,FALSE,FALSE,FALSE,Clear,FALSE,SYDNEY ST S; CHARLES ST E; At,3/7/2019 2:28:36 PM,542844.0664,4809871.407,Q4,Weekend,FALSE
915,44396,15-211446,10/2/2015 11:45:00 AM,2015,10,2,11,45,Friday,540750.4197,4810632.637,-80.49638,43.447496,Non intersection,2,Non-reportable,On roadway,Rear end,Daylight,Municipal,No control,Unknown,FALSE,FALSE,FALSE,Clear,FALSE,JUBILEE DR; WATER ST S; Near,3/4/2020 10:19:27 AM,540750.4197,4810632.637,Q4,Weekend,FALSE
916,44397,15-211495,10/2/2015 8:20:00 AM,2015,10,2,8,20,Friday,547670.639,4810780.531,-80.410846,43.448419,Non intersection,2,P.D. only,On roadway,SMV,Daylight,Municipal,No control,Unknown,FALSE,FALSE,FALSE,Clear,FALSE,PEBBLECREEK DR ; COUNTRY CLAIR ST ; 40 M,3/7/2019 2:28:35 PM,547670.639,4810780.531,Q4,Weekend,FALSE
917,44398,15-211575,10/2/2015 12:30:00 PM,2015,10,2,12,30,Friday,540250.8331,4810727.925,-80.502547,43.448381,Non intersection,2,P.D. only,On roadway,Rear end,Daylight,Municipal,No control,Unknown,FALSE,FALSE,FALSE,Clear,FALSE,PARK ST; VICTORIA ST S; Near,3/7/2019 2:28:35 PM,540250.8331,4810727.925,Q4,Weekend,FALSE
918,44399,15-211603,10/1/2015 6:40:00 PM,2015,10,1,18,40,Thursday,543215.977,4804528.292,-80.466393,43.392394,Intersection,2,P.D. only,On roadway,Intersection,Daylight,Regional,Sign Control,Functioning,FALSE,FALSE,FALSE,Clear,FALSE,STRASBURG RD; HURON RD; At,3/7/2019 2:28:34 PM,543215.977,4804528.292,Q4,Weekend,FALSE
919,44400,15-212120,10/3/2015 10:00:00 AM,2015,10,3,10,0,Saturday,541770.3251,4810577.129,-80.48378,43.44694,Private Drive,2,P.D. only,On roadway,Intersection,Daylight,Regional,No control,Unknown,FALSE,FALSE,FALSE,Clear,FALSE,CEDAR ST N; KING ST E,3/7/2019 2:28:33 PM,541770.3251,4810577.129,Q4,Weekend,FALSE
920,44401,15-212144,9/24/2015 8:30:00 AM,2015,9,24,8,30,Thursday,544501.5452,4808201.998,-80.450221,43.425397,Private Drive,2,P.D. only,On roadway,Other,Daylight,Municipal,No control,Unknown,FALSE,FALSE,FALSE,Clear,FALSE,WILSON AVE; 286 WILSON AV,3/7/2019 2:28:33 PM,544501.5452,4808201.998,Q3,Weekend,FALSE
921,44402,15-212175,10/3/2015 8:35:00 AM,2015,10,3,8,35,Saturday,541834.356,4810768.774,-80.482974,43.448662,Non intersection,2,P.D. only,On roadway,Other,Daylight,Municipal,No control,Unknown,FALSE,FALSE,FALSE,Clear,FALSE,DUKE ST E; 162 DUKE ST E,3/4/2020 10:19:27 AM,541834.356,4810768.774,Q4,Weekend,FALSE
922,44403,15-212352,10/3/2015 3:32:00 PM,2015,10,3,15,32,Saturday,544695.6917,4813407.878,-80.447396,43.472259,Other,1,Non-fatal injury,Off roadway,SMV,Daylight,Other,No control,Unknown,TRUE,FALSE,FALSE,Rain,FALSE,CAMPGROUND TRAIL; BINGEMANS CENTRE DR,3/7/2019 2:28:32 PM,544695.6917,4813407.878,Q4,Weekend,FALSE
923,44404,15-212451,10/3/2015 1:30:00 PM,2015,10,3,13,30,Saturday,540549.0982,4805891.902,-80.49922,43.404821,Private Drive,2,P.D. only,On roadway,SMV,Daylight,Municipal,No control,Unknown,FALSE,FALSE,FALSE,Rain,FALSE,RIEHM ST; 89 RIEHM ST; At; 3 M,3/7/2019 2:28:31 PM,540549.0982,4805891.902,Q4,Weekend,FALSE
924,44405,15-212605,10/3/2015 11:06:00 PM,2015,10,3,23,6,Saturday,545408.2346,4810967.157,-80.43879,43.45024,Non intersection,2,P.D. only,On roadway,SMV,Dark,Municipal,No control,Unknown,FALSE,FALSE,FALSE,Rain,FALSE,OLD CHICOPEE DR; HOLBORN DR ; Near; 100 M,3/4/2020 10:19:26 AM,545408.2346,4810967.157,Q4,Weekend,FALSE
925,44406,15-212786,10/3/2015 4:45:00 PM,2015,10,3,16,45,Saturday,545137.3754,4807598.936,-80.442416,43.419929,Private Drive,2,P.D. only,On roadway,Intersection,Daylight,Regional,No control,Unknown,FALSE,FALSE,FALSE,Rain,FALSE,WILSON AVE ; 509 WILSON AVE; Near; 5 M,3/7/2019 2:28:30 PM,545137.3754,4807598.936,Q4,Weekend,FALSE
926,44407,15-212964,10/3/2015 3:30:00 PM,2015,10,3,15,30,Saturday,541068,4811108,0,0,Private Drive,2,P.D. only,Off roadway,SMV,Daylight,Municipal,No control,Unknown,FALSE,FALSE,FALSE,Rain,FALSE,FALLING GREEN CRES; FALLING GREEN CRES ; Near,3/7/2019 2:28:30 PM,541068,4811108,Q4,Weekend,FALSE
927,44408,15-213359,10/5/2015 6:23:00 AM,2015,10,5,6,23,Monday,542108.8763,4807130.227,-80.479862,43.415885,Intersection,1,Non-fatal injury,On roadway,SMV,Dark,Municipal,Signal Control,Functioning,TRUE,FALSE,FALSE,Rain,FALSE,BLOCK LINE RD; STRASBURG RD,3/7/2019 2:28:29 PM,542108.8763,4807130.227,Q4,Working,FALSE
928,44409,15-213550,10/5/2015 11:24:00 AM,2015,10,5,11,24,Monday,541798.8576,4810621.397,-80.483424,43.447337,Intersection,2,P.D. only,On roadway,Intersection,Daylight,Municipal,Signal Control,Functioning,FALSE,FALSE,FALSE,Clear,FALSE,KING ST E; CEDAR ST N; 16 M,3/7/2019 2:28:28 PM,541798.8576,4810621.397,Q4,Working,FALSE
929,44410,15-213640,10/5/2015 1:42:00 PM,2015,10,5,13,42,Monday,540828.8929,4813012.272,-80.495232,43.468918,Private Drive,2,P.D. only,On roadway,Intersection,Daylight,Municipal,No control,Unknown,FALSE,FALSE,FALSE,Clear,FALSE,UNION ST; 806 UNION ST; 1 M,3/4/2020 10:04:32 AM,540828.8929,4813012.272,Q4,Working,FALSE
930,44411,15-213695,10/5/2015 2:36:00 PM,2015,10,5,14,36,Monday,541663.8985,4810409.989,-80.485108,43.445441,Intersection,1,Non-fatal injury,On roadway,Intersection,Daylight,Municipal,Sign Control,Functioning,FALSE,FALSE,FALSE,Clear,FALSE,CEDAR ST S; CHURCH ST; At,3/7/2019 2:28:28 PM,541663.8985,4810409.989,Q4,Working,FALSE
931,44412,15-213816,10/3/2015 2:30:00 PM,2015,10,3,14,30,Saturday,542164.8069,4810382.339,-80.47892,43.445164,Non intersection,2,P.D. only,On roadway,Rear end,Daylight,Regional,No control,Unknown,FALSE,FALSE,FALSE,Clear,FALSE,KING ST E; PANDORA AVE N; Near,3/7/2019 2:28:27 PM,542164.8069,4810382.339,Q4,Weekend,FALSE
932,44413,15-214369,10/5/2015 3:15:00 PM,2015,10,5,15,15,Monday,539386.4498,4810429.618,-80.513251,43.445741,Private Drive,1,Non-fatal injury,On roadway,Rear end,Daylight,Municipal,No control,Unknown,FALSE,FALSE,TRUE,Clear,FALSE,BELMONT AVE W; BELMONT AVE W; Near,3/7/2019 2:28:26 PM,539386.4498,4810429.618,Q4,Working,TRUE
933,44414,15-215023,10/7/2015 7:45:00 AM,2015,10,7,7,45,Wednesday,539550.3882,4806509.47,-80.511509,43.410435,Other,1,Non-fatal injury,Off roadway,SMV,Daylight,Other,No control,Unknown,TRUE,FALSE,FALSE,Clear,FALSE,PRIVATE DRIVE; WILDERNESS DR ; At,3/7/2019 2:28:25 PM,539550.3882,4806509.47,Q4,Working,FALSE
934,44415,15-215309,10/7/2015 2:31:00 PM,2015,10,7,14,31,Wednesday,545795.7989,4802616.603,-80.4347,43.375028,Non intersection,2,P.D. only,Other,SMV,Daylight,Regional,No control,Unknown,FALSE,FALSE,FALSE,Clear,FALSE,THOMAS SLEE DR; NETHERWOOD RD; Near; 50 M,3/4/2020 10:19:25 AM,545795.7989,4802616.603,Q4,Working,FALSE
935,44416,15-215489,10/7/2015 7:12:00 PM,2015,10,7,19,12,Wednesday,547065.3862,4805952.62,-80.418742,43.404987,Non intersection,2,P.D. only,On roadway,SMV,Dusk,Municipal,No control,Unknown,FALSE,FALSE,FALSE,Clear,FALSE,DEER RIDGE DR; DEER RIDGE DR ; Near; 1 M,3/7/2019 2:28:25 PM,547065.3862,4805952.62,Q4,Working,FALSE
936,44417,15-215943,10/8/2015 11:07:00 AM,2015,10,8,11,7,Thursday,544885.1058,4804848.816,-80.445758,43.395182,Intersection,1,Non-fatal injury,On roadway,Rear end,Daylight,Municipal,Signal Control,Functioning,FALSE,FALSE,FALSE,Clear,FALSE,DOON VILLAGE RD; PIONEER DR; Near; 10 M,3/7/2019 2:28:24 PM,544885.1058,4804848.816,Q4,Weekend,FALSE
937,44418,15-216108,10/6/2015 10:00:00 AM,2015,10,6,10,0,Tuesday,544482.2604,4808217.198,-80.450458,43.425535,Private Drive,2,P.D. only,On roadway,SMV,Daylight,Municipal,No control,Unknown,FALSE,FALSE,FALSE,Clear,FALSE,WILSON AVE; WILSON AVE ; Near,3/7/2019 2:28:22 PM,544482.2604,4808217.198,Q4,Working,FALSE
938,44419,15-216121,10/8/2015 2:52:00 PM,2015,10,8,14,52,Thursday,541344.3593,4809061.182,-80.489159,43.433314,Intersection,0,Fatal injury,On roadway,SMV,Daylight,Municipal,Sign Control,Functioning,TRUE,FALSE,FALSE,Clear,FALSE,HIGHLAND RD E; HEIMAN ST,3/7/2019 2:28:21 PM,541344.3593,4809061.182,Q4,Weekend,FALSE
939,44420,15-216155,10/8/2015 3:47:00 PM,2015,10,8,15,47,Thursday,541721.3229,4810362.366,-80.484402,43.445009,Non intersection,2,P.D. only,On roadway,SMV,Daylight,Municipal,No control,Unknown,FALSE,FALSE,FALSE,Clear,FALSE,CHURCH ST; MADISON AVE S; 70 M,3/7/2019 2:28:20 PM,541721.3229,4810362.366,Q4,Weekend,FALSE
940,44421,15-216527,10/9/2015 3:38:00 AM,2015,10,9,3,38,Friday,542248.1522,4807876.206,-80.478084,43.422594,Non intersection,2,P.D. only,Off roadway,SMV,Dark,Municipal,Other,Functioning,FALSE,FALSE,FALSE,Rain,FALSE,ALPINE RD; KINGSWOOD DR; 40 M,3/7/2019 2:28:20 PM,542248.1522,4807876.206,Q4,Weekend,FALSE
941,44422,15-216602,10/9/2015 8:10:00 AM,2015,10,9,8,10,Friday,539296.0272,4811573.797,-80.514286,43.456048,Non intersection,2,P.D. only,On roadway,Intersection,Daylight,Municipal,No control,Unknown,FALSE,FALSE,FALSE,Clear,FALSE,MT HOPE ST ; PARK ST ; 20 M,3/7/2019 2:28:19 PM,539296.0272,4811573.797,Q4,Weekend,FALSE