,OBJECTID,ACCIDENTNUM,ACCIDENTDATE,ACCIDENT_YEAR,ACCIDENT_MONTH,ACCIDENT_DAY,ACCIDENT_HOUR,ACCIDENT_MINUTE,Accident_Day,XCOORD,YCOORD,LONGITUDE,LATITUDE,Accident_Location,COLLISIONTYPE,Accident_Type,Impact_Location,Impact_Type,Light,Road_Jurisdication,Traffic_Control,Traffic_Control_Condition,Pedestrian_Involved,Cyclist_Involved,Motorcyclist_Involved,Environment_Condition,Self_Reported,XMLIMPORTNOTES,LASTEDITEDDATE,x,y,Quarter,Day_Type,Vulnerable_Involved
942,44423,15-217071,10/9/2015 4:00:00 PM,2015,10,9,16,0,Friday,541068,4811108,0,0,Intersection,2,P.D. only,On roadway,Rear end,Daylight,Regional,Signal Control,Improper,FALSE,FALSE,FALSE,Clear,FALSE,DUKE ST W; ONTARIO ST N,3/4/2020 10:19:25 AM,541068,4811108,Q4,Weekend,FALSE
943,44424,15-217076,10/9/2015 4:46:00 PM,2015,10,9,16,46,Friday,538608.1964,4806733.132,-80.52313,43.412498,Non intersection,2,P.D. only,On roadway,SMV,Daylight,Municipal,No control,Unknown,FALSE,FALSE,FALSE,Clear,FALSE,WINDFLOWER DR ; WINDFLOWER CRES ; Near; 20 M,3/7/2019 2:28:18 PM,538608.1964,4806733.132,Q4,Weekend,FALSE
944,44425,15-217721,10/10/2015 1:30:00 AM,2015,10,10,1,30,Saturday,539716.5328,4811018.179,-80.509129,43.451023,Non intersection,2,Non-reportable,On roadway,SMV,Dark,Municipal,No control,Unknown,FALSE,FALSE,FALSE,Clear,FALSE,STRANGE ST; DOMINION ST ; 44 M,3/7/2019 2:28:18 PM,539716.5328,4811018.179,Q4,Weekend,FALSE
945,44426,15-218368,10/11/2015 6:48:00 AM,2015,10,11,6,48,Sunday,541467.6954,4809536.837,-80.487599,43.43759,Non intersection,2,P.D. only,Off roadway,SMV,Dark,Municipal,No control,Unknown,FALSE,FALSE,FALSE,Clear,FALSE,STIRLING AVE S; MILL ST; 25 M,3/7/2019 2:28:17 PM,541467.6954,4809536.837,Q4,Weekend,FALSE
946,44427,15-219425,10/12/2015 4:30:00 PM,2015,10,12,16,30,Monday,542000.0408,4811150.412,-80.480897,43.452089,Private Drive,2,P.D. only,Off roadway,SMV,Daylight,Municipal,No control,Unknown,FALSE,FALSE,FALSE,Clear,FALSE,CHAPEL ST; 40 CHAPEL ST; 10 M,3/7/2019 2:28:16 PM,542000.0408,4811150.412,Q4,Working,FALSE
947,44428,15-219512,10/12/2015 8:51:00 PM,2015,10,12,20,51,Monday,537308.5933,4809026.989,-80.539025,43.433218,Non intersection,2,P.D. only,On roadway,Intersection,Dark,Municipal,No control,Unknown,FALSE,FALSE,FALSE,Clear,FALSE,EASTFOREST TRAIL; VICTORIA ST S; 65 M,3/7/2019 2:28:15 PM,537308.5933,4809026.989,Q4,Working,FALSE
948,44429,15-219693,10/13/2015 7:16:00 AM,2015,10,13,7,16,Tuesday,545603.7093,4809497.789,-80.436497,43.436998,Private Drive,2,P.D. only,Off roadway,SMV,Daylight,Regional,No control,Unknown,FALSE,FALSE,FALSE,Clear,FALSE,FERGUS AVE; 254 FERGUS AVE; 10 M,3/7/2019 2:28:15 PM,545603.7093,4809497.789,Q4,Working,FALSE
949,44430,15-219716,10/12/2015 8:12:00 PM,2015,10,12,20,12,Monday,541347.86,4810918.593,-80.488975,43.450038,Non intersection,2,P.D. only,On roadway,Rear end,Dark,Regional,No control,Unknown,FALSE,FALSE,FALSE,Clear,FALSE,QUEEN ST N; KING ST E; Near,3/7/2019 2:28:14 PM,541347.86,4810918.593,Q4,Working,FALSE
950,44431,15-219760,10/13/2015 8:58:00 AM,2015,10,13,8,58,Tuesday,543575.2385,4811324.339,-80.461415,43.453565,Private Drive,2,Non-reportable,On roadway,SMV,Daylight,Municipal,No control,Unknown,FALSE,FALSE,FALSE,Clear,FALSE,BELLEVIEW AVE; SMITHSON AVE; 60 M,3/7/2019 2:28:13 PM,543575.2385,4811324.339,Q4,Working,FALSE
951,44432,15-219962,10/7/2015 6:00:00 PM,2015,10,7,18,0,Wednesday,545486.6948,4811486.681,-80.437777,43.454913,Private Drive,2,P.D. only,On roadway,Other,Daylight,Municipal,No control,Unknown,FALSE,FALSE,FALSE,Clear,FALSE,MCGEE AVE; MCGEE AVE ; At,3/7/2019 2:28:13 PM,545486.6948,4811486.681,Q4,Working,FALSE
952,44433,15-220164,10/13/2015 4:25:00 PM,2015,10,13,16,25,Tuesday,545273.4119,4806435.477,-80.440832,43.409445,Intersection,2,P.D. only,On roadway,Intersection,Daylight,Municipal,Sign Control,Functioning,FALSE,FALSE,FALSE,Clear,FALSE,WILSON AVE; WABANAKI DR,3/7/2019 2:28:12 PM,545273.4119,4806435.477,Q4,Working,FALSE
953,44434,15-220248,10/13/2015 7:15:00 PM,2015,10,13,19,15,Tuesday,546290.7891,4803410.509,-80.428523,43.382146,Intersection,2,P.D. only,On roadway,Intersection,Dark,Municipal,Sign Control,Functioning,FALSE,FALSE,FALSE,Rain,FALSE,DOON SOUTH DR; DOON MILLS DR,3/7/2019 2:28:11 PM,546290.7891,4803410.509,Q4,Working,FALSE
954,44435,15-220263,10/13/2015 7:42:00 PM,2015,10,13,19,42,Tuesday,545087.1555,4807809.063,-80.443019,43.421824,Private Drive,1,Non-fatal injury,On roadway,Intersection,Dark,Regional,Sign Control,Functioning,FALSE,FALSE,FALSE,Rain,FALSE,WILSON AVE ; 2960 KINSWAY DRIVE; At; 0 M,3/7/2019 2:28:11 PM,545087.1555,4807809.063,Q4,Working,FALSE
955,44436,15-220295,10/13/2015 8:28:00 PM,2015,10,13,20,28,Tuesday,540940.1063,4811216.192,-80.493992,43.45274,Non intersection,2,P.D. only,On roadway,SMV,Dark,Regional,Signal Control,Functioning,FALSE,FALSE,FALSE,Rain,FALSE,DUKE ST W; WATER ST N; 10 M,3/7/2019 2:28:10 PM,540940.1063,4811216.192,Q4,Working,FALSE
956,44437,15-220508,10/13/2015 7:30:00 PM,2015,10,13,19,30,Tuesday,543251.7588,4804518.193,-80.465952,43.392301,Intersection,2,P.D. only,On roadway,Intersection,Dark,Regional,Sign Control,Functioning,FALSE,FALSE,FALSE,Clear,FALSE,HURON RD; STRASBURG RD; At,3/7/2019 2:28:09 PM,543251.7588,4804518.193,Q4,Working,FALSE
957,44438,15-220630,10/14/2015 11:00:00 AM,2015,10,14,11,0,Wednesday,541497.6564,4811177.509,-80.487104,43.452361,Non intersection,2,Non-reportable,On roadway,Intersection,Daylight,Municipal,No control,Unknown,FALSE,FALSE,FALSE,Clear,FALSE,QUEEN ST N; ROY ST ; 40 M,3/4/2020 10:19:24 AM,541497.6564,4811177.509,Q4,Working,FALSE
958,44439,15-220956,10/14/2015 8:00:00 AM,2015,10,14,8,0,Wednesday,547060.4793,4809731.7,-80.418477,43.439014,Private Drive,2,P.D. only,On roadway,SMV,Daylight,Municipal,No control,Unknown,FALSE,FALSE,FALSE,Clear,FALSE,BEAUMONT CRES; BEAUMONT CRES ; At; 5 M,3/7/2019 2:28:08 PM,547060.4793,4809731.7,Q4,Working,FALSE
959,44440,15-221525,10/15/2015 1:28:00 PM,2015,10,15,13,28,Thursday,541682.5793,4811105.461,-80.484824,43.451702,Private Drive,2,P.D. only,Off roadway,SMV,Daylight,Municipal,No control,Unknown,FALSE,FALSE,FALSE,Clear,FALSE,SPETZ ST ; FREDERICK ST ; At; 20 M,3/4/2020 10:19:23 AM,541682.5793,4811105.461,Q4,Weekend,FALSE
960,44441,15-221578,10/15/2015 1:00:00 PM,2015,10,15,13,0,Thursday,542109.3669,4807129.453,-80.479856,43.415878,Intersection,2,P.D. only,On roadway,Intersection,Daylight,Municipal,Signal Control,Functioning,FALSE,FALSE,FALSE,Clear,FALSE,BLOCK LINE RD; STRASBURG RD; At,3/7/2019 2:28:08 PM,542109.3669,4807129.453,Q4,Weekend,FALSE
961,44442,15-221643,10/15/2015 12:00:00 PM,2015,10,15,12,0,Thursday,540027.5988,4810930.059,-80.505291,43.450213,Non intersection,2,P.D. only,On roadway,Other,Daylight,Municipal,No control,Unknown,FALSE,FALSE,FALSE,Clear,FALSE,PARK ST; PARK ST ; Near,3/7/2019 2:28:07 PM,540027.5988,4810930.059,Q4,Weekend,FALSE
962,44443,15-221691,10/15/2015 4:19:00 PM,2015,10,15,16,19,Thursday,544483.2545,4812873.927,-80.450066,43.467464,Non intersection,2,P.D. only,On roadway,SMV,Daylight,Municipal,No control,Unknown,FALSE,FALSE,FALSE,Clear,FALSE,ROTHSAY AVE ; ROTHSAY AVE ; Near; 2 M,3/4/2020 10:19:23 AM,544483.2545,4812873.927,Q4,Weekend,FALSE
963,44444,15-221703,10/15/2015 2:50:00 PM,2015,10,15,14,50,Thursday,541709.0971,4810677.371,-80.484529,43.447846,Non intersection,2,P.D. only,On roadway,Rear end,Daylight,Regional,No control,Unknown,FALSE,FALSE,FALSE,Clear,FALSE,KING ST E; EBY ST N; Near,3/7/2019 2:28:06 PM,541709.0971,4810677.372,Q4,Weekend,FALSE
964,44445,15-221816,10/15/2015 7:00:00 PM,2015,10,15,19,0,Thursday,545851.2264,4809755.799,-80.433417,43.439306,Intersection,2,P.D. only,On roadway,Intersection,Dark,Regional,Signal Control,Functioning,FALSE,FALSE,FALSE,Rain,FALSE,RIVER RD E; OLD CHICOPEE DR; At,3/7/2019 2:28:05 PM,545851.2264,4809755.799,Q4,Weekend,FALSE
965,44446,15-222386,10/16/2015 1:31:00 PM,2015,10,16,13,31,Friday,538787.7153,4810965.903,-80.520612,43.450601,Intersection,1,Non-fatal injury,Off roadway,SMV,Daylight,Municipal,Sign Control,Functioning,FALSE,FALSE,FALSE,Clear,FALSE,GLASGOW ST; DUNBAR RD ; Near; 42 M,3/7/2019 2:28:05 PM,538787.7153,4810965.903,Q4,Weekend,FALSE
966,44447,15-222503,10/16/2015 3:15:00 PM,2015,10,16,15,15,Friday,544802.2535,4805178.673,-80.446754,43.398157,Private Drive,2,P.D. only,On roadway,Intersection,Daylight,Municipal,No control,Unknown,FALSE,FALSE,FALSE,Rain,FALSE,DOON VILLAGE RD ; DOON VILLAGE RD ; Near,3/7/2019 2:28:04 PM,544802.2535,4805178.673,Q4,Weekend,FALSE
967,44448,15-222519,10/16/2015 4:04:00 PM,2015,10,16,16,4,Friday,542193.7114,4807028.359,-80.478822,43.414963,Private Drive,1,Non-fatal injury,On roadway,SMV,Daylight,Regional,No control,Unknown,TRUE,FALSE,FALSE,Clear,FALSE,BLOCK LINE RD ; 655 STRASBURG RD; At; 12 M,3/7/2019 2:28:03 PM,542193.7114,4807028.359,Q4,Weekend,FALSE
968,44449,15-222581,10/16/2015 5:30:00 PM,2015,10,16,17,30,Friday,547357.3146,4809537.975,-80.414826,43.437251,Other,1,Non-fatal injury,Other,SMV,Dusk,Other,No control,Unknown,TRUE,FALSE,FALSE,Clear,FALSE,PRIVATE DRIVE; MORRISON RD ; At; 100 M,3/7/2019 2:28:02 PM,547357.3146,4809537.975,Q4,Weekend,FALSE
969,44450,15-223271,10/17/2015 3:18:00 PM,2015,10,17,15,18,Saturday,541798.8638,4810620.398,-80.483424,43.447328,Non intersection,2,P.D. only,On roadway,Intersection,Daylight,Regional,No control,Unknown,FALSE,FALSE,FALSE,Clear,FALSE,KING ST E; CEDAR ST N; Near; 20 M,3/7/2019 2:28:02 PM,541798.8638,4810620.398,Q4,Weekend,FALSE
970,44451,15-223871,10/18/2015 10:22:00 AM,2015,10,18,10,22,Sunday,544273.1799,4807784.459,-80.453076,43.421651,Private Drive,2,P.D. only,On roadway,Other,Daylight,Municipal,No control,Unknown,FALSE,FALSE,FALSE,Clear,FALSE,REYBURN AVE; 75 REYBURN AVE; 4 M,3/7/2019 2:28:01 PM,544273.1799,4807784.459,Q4,Weekend,FALSE
971,44452,15-223915,10/17/2015 1:15:00 PM,2015,10,17,13,15,Saturday,541550.8978,4810494.587,-80.486498,43.446209,Private Drive,2,Non-reportable,On roadway,SMV,Daylight,Municipal,No control,Unknown,FALSE,FALSE,FALSE,Clear,FALSE,CHURCH ST; CHURCH ST; Near,3/7/2019 2:28:00 PM,541550.8978,4810494.587,Q4,Weekend,FALSE
972,44453,15-224070,10/18/2015 3:00:00 PM,2015,10,18,15,0,Sunday,538900.6016,4810248.544,-80.519268,43.444136,Private Drive,2,P.D. only,On roadway,Other,Daylight,Municipal,No control,Unknown,FALSE,FALSE,FALSE,Clear,FALSE,BRYBECK CRES; BRYBECK CRES,3/7/2019 2:27:59 PM,538900.6016,4810248.544,Q4,Weekend,FALSE
973,44454,15-224254,10/18/2015 11:29:00 PM,2015,10,18,23,29,Sunday,541962.5616,4806990.268,-80.48168,43.414633,Non intersection,2,P.D. only,On roadway,Rear end,Dark,Municipal,No control,Unknown,FALSE,FALSE,FALSE,Clear,FALSE,BLOCK LINE RD; STRASBURG RD; 200 M,3/7/2019 2:27:59 PM,541962.5616,4806990.268,Q4,Weekend,FALSE
974,44455,15-224545,10/19/2015 10:00:00 AM,2015,10,19,10,0,Monday,541068,4811108,0,0,Non intersection,2,P.D. only,Off roadway,SMV,Daylight,Municipal,No control,Unknown,FALSE,FALSE,FALSE,Clear,FALSE,PIETER VOS DR; BLAIR CREEK DR; Near; 300 M,3/7/2019 2:27:58 PM,541068,4811108,Q4,Working,FALSE
975,44456,15-224586,10/19/2015 11:25:00 AM,2015,10,19,11,25,Monday,545143.7166,4807122.968,-80.442377,43.415643,Non intersection,2,P.D. only,On roadway,Intersection,Daylight,Regional,No control,Unknown,FALSE,FALSE,FALSE,Clear,FALSE,WILSON AVE; GOODRICH DR ; Near; 10 M,3/7/2019 2:27:57 PM,545143.7166,4807122.968,Q4,Working,FALSE
976,44457,15-224960,10/19/2015 6:00:00 PM,2015,10,19,18,0,Monday,545275.1338,4806432.268,-80.440811,43.409416,Intersection,2,P.D. only,On roadway,Rear end,Daylight,Municipal,Sign Control,Functioning,FALSE,FALSE,FALSE,Clear,FALSE,WILSON AVE; WABANAKI DR; Near,3/7/2019 2:27:56 PM,545275.1338,4806432.268,Q4,Working,FALSE
977,44458,15-225126,10/20/2015 2:28:00 AM,2015,10,20,2,28,Tuesday,542109.3669,4807129.453,-80.479856,43.415878,Intersection,2,P.D. only,On roadway,Intersection,Dark,Regional,Signal Control,Functioning,FALSE,FALSE,FALSE,Clear,FALSE,BLOCK LINE RD; STRASBURG RD; At,3/7/2019 2:27:55 PM,542109.3669,4807129.453,Q4,Working,FALSE
978,44459,15-225214,10/20/2015 8:26:00 AM,2015,10,20,8,26,Tuesday,544798.3418,4810449.635,-80.44637,43.445617,Non intersection,2,P.D. only,On roadway,SMV,Daylight,Municipal,No control,Unknown,FALSE,FALSE,FALSE,Clear,FALSE,BRADLEY DR; BRADLEY DR ; At; 0 M,3/7/2019 2:27:54 PM,544798.3418,4810449.635,Q4,Working,FALSE
979,44460,15-225377,10/19/2015 2:00:00 PM,2015,10,19,14,0,Monday,538804.07,4807517.785,-80.520655,43.419553,Non intersection,2,P.D. only,On roadway,SMV,Daylight,Municipal,No control,Unknown,FALSE,FALSE,FALSE,Clear,FALSE,PINEHURST CRES; 75 PINEHURST CRES,3/7/2019 2:27:54 PM,538804.07,4807517.786,Q4,Working,FALSE
980,44461,15-225457,10/20/2015 1:37:00 PM,2015,10,20,13,37,Tuesday,545168.3523,4807470.201,-80.442044,43.418768,Private Drive,1,Non-fatal injury,On roadway,Intersection,Daylight,Municipal,No control,Unknown,FALSE,TRUE,FALSE,Clear,FALSE,WILSON AVE ; FAIRWAY RD S; At; 30 M,3/7/2019 2:27:53 PM,545168.3523,4807470.201,Q4,Working,FALSE
981,44462,15-225704,10/20/2015 8:12:00 PM,2015,10,20,20,12,Tuesday,544801.9952,4809485.641,-80.446404,43.436937,Private Drive,2,P.D. only,On roadway,Rear end,Dark,Regional,No control,Unknown,FALSE,FALSE,FALSE,Clear,FALSE,FRANKLIN ST N; 116 FRANKLIN ST N; At; 1 M,3/4/2020 10:19:22 AM,544801.9952,4809485.641,Q4,Working,FALSE
982,44463,15-225944,10/21/2015 8:10:00 AM,2015,10,21,8,10,Wednesday,543116.9114,4804720.683,-80.467601,43.394132,Private Drive,2,P.D. only,On roadway,Intersection,Daylight,Municipal,No control,Unknown,FALSE,FALSE,FALSE,Clear,FALSE,STRASBURG RD; 1825 STRASBURG RD; 6 M,3/7/2019 2:27:52 PM,543116.9114,4804720.683,Q4,Working,FALSE
983,44464,15-226162,10/21/2015 1:19:00 PM,2015,10,21,13,19,Wednesday,539112.7908,4811654.805,-80.516545,43.456787,Intersection,2,P.D. only,On roadway,Intersection,Daylight,Municipal,Signal Control,Functioning,FALSE,FALSE,FALSE,Clear,FALSE,PARK ST; UNION BLVD,3/7/2019 2:27:52 PM,539112.7908,4811654.805,Q4,Working,FALSE
984,44465,15-226210,10/21/2015 2:03:00 PM,2015,10,21,14,3,Wednesday,540312.3455,4811550.479,-80.501726,43.455784,Intersection,2,P.D. only,On roadway,Intersection,Daylight,Municipal,Sign Control,Functioning,FALSE,FALSE,FALSE,Clear,FALSE,LOUISA ST; MOORE AVE,3/7/2019 2:27:51 PM,540312.3455,4811550.479,Q4,Working,FALSE
985,44466,15-226242,10/21/2015 2:46:00 PM,2015,10,21,14,46,Wednesday,540317.7804,4809843.389,-80.501785,43.440413,Private Drive,2,P.D. only,On roadway,SMV,Daylight,Municipal,No control,Unknown,FALSE,FALSE,FALSE,Rain,FALSE,VANCAMP AVE; 38 VANCAMP AVE ; 7 M,3/7/2019 2:27:50 PM,540317.7804,4809843.389,Q4,Working,FALSE
986,44467,15-226894,10/22/2015 2:14:00 PM,2015,10,22,14,14,Thursday,545156.2155,4807239.334,-80.442213,43.41669,Intersection,2,P.D. only,On roadway,Intersection,Daylight,Municipal,Sign Control,Functioning,FALSE,FALSE,FALSE,Clear,FALSE,WEBSTER RD; WILSON AVE,3/4/2020 10:19:21 AM,545156.2155,4807239.334,Q4,Weekend,FALSE
987,44468,15-227360,10/22/2015 2:40:00 PM,2015,10,22,14,40,Thursday,543018.5948,4810941.598,-80.468325,43.450151,Private Drive,2,P.D. only,On roadway,SMV,Daylight,Municipal,No control,Unknown,FALSE,FALSE,FALSE,Clear,FALSE,GRIFFIN AVE; GRIFFIN AVE ; Near,3/7/2019 2:27:49 PM,543018.5948,4810941.598,Q4,Weekend,FALSE
988,44469,15-227369,10/23/2015 8:30:00 AM,2015,10,23,8,30,Friday,536635.0523,4807430.585,-80.547454,43.418877,Non intersection,2,P.D. only,Off roadway,SMV,Daylight,Municipal,No control,Unknown,FALSE,FALSE,FALSE,Clear,FALSE,ROLLING MEADOWS DR; TRAILWOOD CRES; 3 M,3/4/2020 10:19:21 AM,536635.0523,4807430.585,Q4,Weekend,FALSE
989,44470,15-227394,10/23/2015 8:00:00 AM,2015,10,23,8,0,Friday,547163.3465,4811327.168,-80.417068,43.453373,Non intersection,2,P.D. only,On roadway,Rear end,Daylight,Municipal,No control,Unknown,FALSE,FALSE,FALSE,Clear,FALSE,ZELLER DR; WILD MEADOW ST,3/7/2019 2:27:49 PM,547163.3465,4811327.168,Q4,Weekend,FALSE
990,44471,15-227445,10/22/2015 3:45:00 PM,2015,10,22,15,45,Thursday,538749.5475,4810060.87,-80.521148,43.442454,Private Drive,2,P.D. only,Off roadway,SMV,Daylight,Municipal,No control,Unknown,FALSE,FALSE,FALSE,Clear,FALSE,KARN ST; 528 KARN ST; At,3/7/2019 2:27:48 PM,538749.5475,4810060.87,Q4,Weekend,FALSE
991,44472,15-227592,10/23/2015 12:45:00 PM,2015,10,23,12,45,Friday,543390.3186,4804230.768,-80.464264,43.389705,Private Drive,2,P.D. only,On roadway,SMV,Daylight,Municipal,No control,Unknown,FALSE,FALSE,FALSE,Clear,FALSE,ANSON CRT; ANSON CRT ; At,3/7/2019 2:27:47 PM,543390.3186,4804230.768,Q4,Weekend,FALSE
992,44473,15-227665,10/23/2015 3:06:00 PM,2015,10,23,15,6,Friday,539035.8823,4808350.41,-80.517732,43.427038,Intersection,1,Non-fatal injury,Off roadway,SMV,Daylight,Municipal,No control,Unknown,FALSE,FALSE,FALSE,Clear,FALSE,BIRCHCLIFF AVE; FOREST HILL DR; 30 M,3/7/2019 2:27:47 PM,539035.8823,4808350.41,Q4,Weekend,FALSE
993,44474,15-227732,10/23/2015 4:43:00 PM,2015,10,23,16,43,Friday,541387.9732,4808627.645,-80.488653,43.429408,Non intersection,2,Non-reportable,On roadway,Intersection,Daylight,Regional,No control,Unknown,FALSE,FALSE,FALSE,Clear,FALSE,HOMER WATSON BLVD; HOFFMAN ST; 50 M,3/4/2020 10:19:20 AM,541387.9732,4808627.645,Q4,Weekend,FALSE
994,44475,15-228169,10/24/2015 4:41:00 AM,2015,10,24,4,41,Saturday,545657.8344,4813286.609,-80.435511,43.471109,Intersection,2,P.D. only,Off roadway,SMV,Daylight,Regional,Sign Control,Functioning,FALSE,FALSE,FALSE,Clear,FALSE,CENTENNIAL RD; FORWELL RD; 5 M,3/4/2020 10:19:20 AM,545657.8344,4813286.609,Q4,Weekend,FALSE
995,44476,15-228330,10/23/2015 3:00:00 PM,2015,10,23,15,0,Friday,540437.4168,4811713.933,-80.500168,43.457249,Intersection,2,P.D. only,On roadway,Intersection,Daylight,Municipal,Sign Control,Improper,FALSE,FALSE,FALSE,Clear,FALSE,SHANLEY ST ; WATERLOO ST ; At,3/7/2019 2:27:46 PM,540437.4168,4811713.933,Q4,Weekend,FALSE
996,44477,15-228375,10/23/2015 5:15:00 PM,2015,10,23,17,15,Friday,538785.7677,4810966.891,-80.520636,43.45061,Non intersection,1,Non-fatal injury,On roadway,Rear end,Daylight,Municipal,No control,Unknown,FALSE,FALSE,FALSE,Clear,FALSE,GLASGOW ST; DUNBAR RD,3/7/2019 2:27:45 PM,538785.7677,4810966.891,Q4,Weekend,FALSE
997,44478,15-228600,10/24/2015 7:21:00 PM,2015,10,24,19,21,Saturday,545097.4346,4806379.657,-80.44301,43.408953,Non intersection,2,P.D. only,On roadway,Rear end,Dark,Regional,No control,Unknown,FALSE,FALSE,FALSE,Rain,FALSE,WABANAKI DR; WABANAKI DR ; At; 2 M,3/7/2019 2:27:44 PM,545097.4346,4806379.657,Q4,Weekend,FALSE
998,44479,15-228634,10/24/2015 8:21:00 PM,2015,10,24,20,21,Saturday,541995.5624,4807021.348,-80.48127,43.414911,Private Drive,2,P.D. only,On roadway,Rear end,Dark,Municipal,No control,Unknown,FALSE,FALSE,FALSE,Rain,FALSE,BLOCK LINE RD; STRASBURG RD; 70 M,3/7/2019 2:27:44 PM,541995.5624,4807021.348,Q4,Weekend,FALSE
999,44480,15-228688,10/24/2015 5:17:00 PM,2015,10,24,17,17,Saturday,543721.5307,4808040.413,-80.45987,43.423988,Intersection,2,P.D. only,Off roadway,SMV,Daylight,Municipal,Sign Control,Functioning,FALSE,FALSE,FALSE,Clear,FALSE,SHELLEY DR; HILLMOUNT ST,3/7/2019 2:27:43 PM,543721.5307,4808040.413,Q4,Weekend,FALSE
1000,44481,15-229043,10/25/2015 9:30:00 AM,2015,10,25,9,30,Sunday,545576.3863,4811240.728,-80.436689,43.452693,Private Drive,2,P.D. only,On roadway,SMV,Dark,Municipal,No control,Unknown,FALSE,FALSE,FALSE,Rain,FALSE,CARNABY CRES; CARNABY CRES ; Near; 15 M,3/7/2019 2:27:42 PM,545576.3863,4811240.728,Q4,Weekend,FALSE
1001,44482,15-229065,10/25/2015 12:40:00 PM,2015,10,25,12,40,Sunday,541402.8859,4811010.112,-80.488288,43.450859,Intersection,1,Non-fatal injury,On roadway,Intersection,Daylight,Regional,Signal Control,Functioning,FALSE,FALSE,FALSE,Clear,FALSE,DUKE ST E; QUEEN ST N; At,3/7/2019 2:27:42 PM,541402.8859,4811010.112,Q4,Weekend,FALSE
1002,44483,15-229134,10/25/2015 2:57:00 PM,2015,10,25,14,57,Sunday,541140.3165,4806764.75,-80.491853,43.412648,Intersection,2,P.D. only,On roadway,Rear end,Daylight,Municipal,Sign Control,Functioning,FALSE,FALSE,FALSE,Clear,FALSE,BLOCK LINE RD ; LAURENTIAN DR,3/7/2019 2:27:41 PM,541140.3165,4806764.75,Q4,Weekend,FALSE
1003,44484,15-229191,10/25/2015 11:00:00 AM,2015,10,25,11,0,Sunday,540489.0429,4809475.915,-80.499696,43.437095,Private Drive,2,P.D. only,On roadway,SMV,Daylight,Municipal,No control,Unknown,FALSE,FALSE,FALSE,Clear,FALSE,BINSCARTH RD; BINSCARTH RD ; Near,3/7/2019 2:27:40 PM,540489.0429,4809475.915,Q4,Weekend,FALSE
1004,44485,15-229612,10/22/2015 6:00:00 PM,2015,10,22,18,0,Thursday,539687.0446,4811409.052,-80.509465,43.454544,Intersection,2,P.D. only,On roadway,Intersection,Dusk,Municipal,No control,Unknown,FALSE,FALSE,FALSE,Clear,FALSE,GLASGOW ST; GRUHN ST; Near,3/7/2019 2:27:39 PM,539687.0446,4811409.052,Q4,Weekend,FALSE
1005,44486,15-229753,10/26/2015 12:58:00 PM,2015,10,26,12,58,Monday,540576.9765,4811781.187,-80.498438,43.457847,Non intersection,2,P.D. only,Off roadway,SMV,Daylight,Regional,No control,Unknown,FALSE,FALSE,FALSE,Clear,FALSE,DUKE ST W; SHANLEY ST ; 20 M,3/4/2020 10:19:19 AM,540576.9765,4811781.187,Q4,Working,FALSE
1006,44487,15-230268,10/26/2015 5:20:00 PM,2015,10,26,17,20,Monday,544437.1175,4808717.122,-80.450975,43.430039,Intersection,2,P.D. only,On roadway,Rear end,Daylight,Municipal,Sign Control,Functioning,FALSE,FALSE,FALSE,Clear,FALSE,FRANKLIN ST S; CONNAUGHT ST ; At,3/4/2020 10:19:18 AM,544437.1175,4808717.122,Q4,Working,FALSE
1007,44488,15-230299,10/27/2015 9:00:00 AM,2015,10,27,9,0,Tuesday,544561.2233,4811737.94,-80.449195,43.457231,Intersection,1,Non-fatal injury,On roadway,SMV,Daylight,Municipal,No control,Unknown,FALSE,FALSE,FALSE,Clear,FALSE,LORRAINE AVE; RIVER RD E,3/4/2020 10:19:17 AM,544561.2233,4811737.94,Q4,Working,FALSE
1008,44489,15-230346,10/27/2015 10:00:00 AM,2015,10,27,10,0,Tuesday,540916.5417,4809752.816,-80.494393,43.439565,Private Drive,2,P.D. only,On roadway,Rear end,Daylight,Municipal,No control,Unknown,FALSE,FALSE,FALSE,Clear,FALSE,HIGHLAND RD E; SPADINA RD W; 78 M,3/7/2019 2:27:39 PM,540916.5417,4809752.816,Q4,Working,FALSE
1009,44490,15-230370,10/27/2015 8:15:00 AM,2015,10,27,8,15,Tuesday,544100.6283,4804865.861,-80.455443,43.395382,Non intersection,2,P.D. only,On roadway,Rear end,Daylight,Municipal,Other,Functioning,FALSE,FALSE,FALSE,Clear,FALSE,BIEHN DR; BIEHN DR ; Near,3/7/2019 2:27:38 PM,544100.6283,4804865.861,Q4,Working,FALSE
1010,44491,15-230378,10/27/2015 10:58:00 AM,2015,10,27,10,58,Tuesday,542843.1698,4809872.4,-80.470577,43.440534,Intersection,2,P.D. only,On roadway,Intersection,Daylight,Regional,Sign Control,Functioning,FALSE,FALSE,FALSE,Clear,FALSE,CHARLES ST E; SYDNEY ST S,3/7/2019 2:27:37 PM,542843.1698,4809872.401,Q4,Working,FALSE
1011,44492,15-230535,10/27/2015 2:24:00 PM,2015,10,27,14,24,Tuesday,543308.9615,4808893.258,-80.464899,43.431691,Non intersection,2,P.D. only,On roadway,Rear end,Daylight,Municipal,No control,Unknown,FALSE,FALSE,FALSE,Clear,FALSE,DIXON ST; 269 DIXON ST; 8 M,3/7/2019 2:27:37 PM,543308.9615,4808893.258,Q4,Working,FALSE
1012,44493,15-230655,10/27/2015 4:35:00 PM,2015,10,27,16,35,Tuesday,540695.2819,4811187.61,-80.49702,43.452496,Private Drive,2,P.D. only,On roadway,Intersection,Daylight,Municipal,Sign Control,Functioning,FALSE,TRUE,FALSE,Clear,FALSE,HALLS LANE W; KING ST W; Near; 7 M,3/4/2020 10:19:17 AM,540695.2819,4811187.61,Q4,Working,FALSE