,OBJECTID,ACCIDENTNUM,ACCIDENTDATE,ACCIDENT_YEAR,ACCIDENT_MONTH,ACCIDENT_DAY,ACCIDENT_HOUR,ACCIDENT_MINUTE,Accident_Day,XCOORD,YCOORD,LONGITUDE,LATITUDE,Accident_Location,COLLISIONTYPE,Accident_Type,Impact_Location,Impact_Type,Light,Road_Jurisdication,Traffic_Control,Traffic_Control_Condition,Pedestrian_Involved,Cyclist_Involved,Motorcyclist_Involved,Environment_Condition,Self_Reported,XMLIMPORTNOTES,LASTEDITEDDATE,x,y,Quarter,Day_Type,Vulnerable_Involved
1013,44494,15-230674,10/27/2015 5:16:00 PM,2015,10,27,17,16,Tuesday,545082.0016,4807817.136,-80.443082,43.421897,Private Drive,2,P.D. only,On roadway,Intersection,Daylight,Municipal,Sign Control,Functioning,FALSE,FALSE,FALSE,Clear,FALSE,WILSON AVE ; FAIRWAY RD S; At; 88 M,3/4/2020 10:19:16 AM,545082.0016,4807817.136,Q4,Working,FALSE
1014,44495,15-230960,10/28/2015 6:39:00 AM,2015,10,28,6,39,Wednesday,541068,4811108,0,0,Intersection,2,P.D. only,Off roadway,SMV,Dark,Municipal,Sign Control,Functioning,FALSE,FALSE,FALSE,Rain,FALSE,SMETANA DR; SUNRISE DR ; At,3/4/2020 10:19:15 AM,541068,4811108,Q4,Working,FALSE
1015,44496,15-230994,10/28/2015 8:11:00 AM,2015,10,28,8,11,Wednesday,545856.9626,4810411.661,-80.433291,43.445211,Intersection,2,P.D. only,Off roadway,SMV,Dawn,Municipal,No control,Unknown,FALSE,FALSE,FALSE,Rain,FALSE,OLD CHICOPEE DR; ROEHAMPTON CRT,3/4/2020 10:19:15 AM,545856.9626,4810411.661,Q4,Working,FALSE
1016,44497,15-230996,10/28/2015 8:00:00 AM,2015,10,28,8,0,Wednesday,542027.4403,4803602.656,-80.481139,43.384127,Private Drive,2,P.D. only,On roadway,Intersection,Daylight,Municipal,No control,Unknown,FALSE,FALSE,FALSE,Rain,FALSE,ROCHEFORT ST; 56 ROCHEFORT ST ; At; 0 M,3/7/2019 2:27:36 PM,542027.4403,4803602.656,Q4,Working,FALSE
1017,44498,15-231041,10/27/2015 9:00:00 AM,2015,10,27,9,0,Tuesday,548316.3446,4804575.846,-80.403415,43.392511,Non intersection,2,Non-reportable,On roadway,Rear end,Daylight,Municipal,No control,Unknown,FALSE,FALSE,FALSE,Clear,FALSE,DOON VALLEY DR N; DOON VALLEY DR  N; Near,3/7/2019 2:27:35 PM,548316.3446,4804575.846,Q4,Working,FALSE
1018,44499,15-231249,10/28/2015 1:00:00 PM,2015,10,28,13,0,Wednesday,539044.2623,4811194.281,-80.517425,43.452644,Intersection,2,P.D. only,On roadway,Intersection,Daylight,Municipal,Sign Control,Functioning,FALSE,FALSE,FALSE,Rain,FALSE,BELMONT AVE W; ROCK AVE; Near,3/7/2019 2:27:34 PM,539044.2623,4811194.281,Q4,Working,FALSE
1019,44500,15-231337,10/27/2015 7:15:00 AM,2015,10,27,7,15,Tuesday,547669.2265,4803932.087,-80.411461,43.386756,Non intersection,2,P.D. only,On roadway,Intersection,Dawn,Regional,No control,Unknown,FALSE,FALSE,FALSE,Clear,FALSE,HOMER WATSON BLVD; W HWY 7 8 TO HOMER WATSON BLVD; Near,3/7/2019 2:27:34 PM,547669.2265,4803932.087,Q4,Working,FALSE
1020,44501,15-231447,10/28/2015 7:15:00 PM,2015,10,28,19,15,Wednesday,540186.3732,4812039.063,-80.503247,43.46019,Non intersection,2,P.D. only,On roadway,SMV,Dusk,Municipal,No control,Unknown,FALSE,FALSE,FALSE,Rain,FALSE,WATERLOO ST; 196 WATERLOO ST; At; 1 M,3/7/2019 2:27:33 PM,540186.3732,4812039.063,Q4,Working,FALSE
1021,44502,15-231709,10/28/2015 8:40:00 PM,2015,10,28,20,40,Wednesday,544490.5813,4811764.24,-80.450066,43.457472,Intersection,2,P.D. only,On roadway,Intersection,Dark,Municipal,Sign Control,Functioning,FALSE,FALSE,FALSE,Rain,FALSE,RIVER RD E; HALLIWELL DR,3/7/2019 2:27:32 PM,544490.5813,4811764.24,Q4,Working,FALSE
1022,44503,15-231714,10/29/2015 7:45:00 AM,2015,10,29,7,45,Thursday,544407.3617,4806485.921,-80.451524,43.409951,Private Drive,2,P.D. only,On roadway,Intersection,Daylight,Municipal,No control,Unknown,FALSE,FALSE,FALSE,Clear,FALSE,OTONABEE DR; OTONABEE DR ; At; 0 M,3/7/2019 2:27:32 PM,544407.3617,4806485.921,Q4,Weekend,FALSE
1023,44504,15-231740,10/29/2015 8:33:00 AM,2015,10,29,8,33,Thursday,538483.6655,4810820.447,-80.52438,43.449307,Non intersection,1,Non-fatal injury,On roadway,Intersection,Daylight,Municipal,No control,Unknown,FALSE,TRUE,FALSE,Clear,FALSE,GLASGOW ST ; 405 GLASGOW ST; At; 1 M,3/7/2019 2:27:31 PM,538483.6655,4810820.447,Q4,Weekend,FALSE
1024,44505,15-232171,10/29/2015 12:00:00 PM,2015,10,29,12,0,Thursday,545109.5663,4807726.249,-80.442749,43.421077,Non intersection,2,P.D. only,On roadway,Rear end,Daylight,Regional,Signal Control,Functioning,FALSE,FALSE,FALSE,Clear,FALSE,WILSON AVE ; FAIRWAY RD S; Near,3/4/2020 10:19:14 AM,545109.5663,4807726.249,Q4,Weekend,FALSE
1025,44506,15-232196,10/29/2015 7:17:00 PM,2015,10,29,19,17,Thursday,540313.6446,4809614.69,-80.501853,43.438354,Non intersection,1,Non-fatal injury,On roadway,SMV,Dark,Regional,Signal Control,Functioning,TRUE,FALSE,FALSE,Other,FALSE,QUEENS BLVD; PATRICIA AVE ; 19 M,3/7/2019 2:27:30 PM,540313.6446,4809614.69,Q4,Weekend,FALSE
1026,44507,15-232348,10/29/2015 11:45:00 AM,2015,10,29,11,45,Thursday,546662.0614,4812291.592,-80.423181,43.462088,Non intersection,2,P.D. only,Off roadway,SMV,Dark,Municipal,No control,Unknown,FALSE,FALSE,FALSE,Clear,FALSE,OTTERBEIN RD; 650 OTTERBEIN RD; Near; 5 M,3/7/2019 2:27:29 PM,546662.0614,4812291.592,Q4,Weekend,FALSE
1027,44508,15-232502,10/30/2015 7:38:00 AM,2015,10,30,7,38,Friday,545157.1869,4807239.34,-80.442201,43.41669,Intersection,2,P.D. only,On roadway,Rear end,Dawn,Regional,Sign Control,Functioning,FALSE,FALSE,FALSE,Clear,FALSE,WILSON AVE; WEBSTER RD,3/4/2020 10:19:13 AM,545157.1869,4807239.34,Q4,Weekend,FALSE
1028,44509,15-232631,10/30/2015 6:00:00 AM,2015,10,30,6,0,Friday,543929.0024,4808935.584,-80.457235,43.432036,Non intersection,2,P.D. only,On roadway,SMV,Dawn,Municipal,No control,Unknown,FALSE,FALSE,FALSE,Clear,FALSE,CONNAUGHT ST; CONNAUGHT ST ; At,3/7/2019 2:27:29 PM,543929.0024,4808935.584,Q4,Weekend,FALSE
1029,44510,15-232748,10/30/2015 9:50:00 AM,2015,10,30,9,50,Friday,539233.4986,4811446.711,-80.515068,43.454907,Intersection,2,P.D. only,On roadway,Intersection,Daylight,Municipal,Sign Control,Functioning,FALSE,FALSE,FALSE,Clear,FALSE,YORK ST; MT HOPE ST,3/7/2019 2:27:28 PM,539233.4986,4811446.712,Q4,Weekend,FALSE
1030,44511,15-232934,10/30/2015 3:46:00 PM,2015,10,30,15,46,Friday,538207.4909,4810551.442,-80.527812,43.446899,Non intersection,2,Non-reportable,On roadway,Other,Daylight,Municipal,No control,Unknown,FALSE,FALSE,FALSE,Clear,FALSE,INWOOD CRES; INWOOD DR ; 17 M,3/7/2019 2:27:27 PM,538207.4909,4810551.442,Q4,Weekend,FALSE
1031,44512,15-233005,10/30/2015 4:00:00 PM,2015,10,30,16,0,Friday,543798.6095,4808013.147,-80.45892,43.423738,Non intersection,2,P.D. only,On roadway,Rear end,Daylight,Municipal,No control,Unknown,FALSE,FALSE,FALSE,Clear,FALSE,VANIER DR; VANIER DR ; At,3/7/2019 2:27:27 PM,543798.6095,4808013.147,Q4,Weekend,FALSE
1032,44513,15-233073,10/30/2015 6:53:00 PM,2015,10,30,18,53,Friday,541068,4811108,0,0,Private Drive,2,P.D. only,On roadway,Intersection,Dark,Municipal,No control,Unknown,FALSE,FALSE,FALSE,Clear,FALSE,SECOND AVE; SECOND AVE ; Near; 1 M,3/4/2020 10:19:13 AM,541068,4811108,Q4,Weekend,FALSE
1033,44514,15-233128,10/30/2015 8:21:00 PM,2015,10,30,20,21,Friday,541309.9288,4809727.116,-80.489534,43.439312,Intersection,1,Non-fatal injury,On roadway,Intersection,Dark,Municipal,Sign Control,Functioning,FALSE,TRUE,FALSE,Clear,FALSE,SPADINA RD E; MILL ST,3/7/2019 2:27:26 PM,541309.9288,4809727.116,Q4,Weekend,FALSE
1034,44515,15-233493,10/31/2015 7:55:00 AM,2015,10,31,7,55,Saturday,542843.1698,4809872.4,-80.470577,43.440534,Intersection,2,P.D. only,On roadway,Intersection,Daylight,Regional,Sign Control,Functioning,FALSE,FALSE,FALSE,Clear,FALSE,CHARLES ST E; SYDNEY ST S,3/4/2020 10:19:12 AM,542843.1698,4809872.401,Q4,Weekend,FALSE
1035,44516,15-233594,10/31/2015 10:13:00 AM,2015,10,31,10,13,Saturday,544490.0856,4811765.791,-80.450072,43.457486,Intersection,2,P.D. only,On roadway,Rear end,Daylight,Municipal,Sign Control,Functioning,FALSE,FALSE,FALSE,Clear,FALSE,HALLIWELL DR ; RIVER RD E; 8 M,3/4/2020 10:19:11 AM,544490.0856,4811765.791,Q4,Weekend,FALSE
1036,44517,15-233634,10/30/2015 6:55:00 PM,2015,10,30,18,55,Friday,545166.3834,4807474.075,-80.442068,43.418803,Non intersection,2,P.D. only,On roadway,Intersection,Dark,Regional,No control,Unknown,FALSE,FALSE,FALSE,Clear,FALSE,WILSON AVE; FAIRWAY RD S,3/7/2019 2:27:25 PM,545166.3834,4807474.075,Q4,Weekend,FALSE
1037,44518,15-233770,10/30/2015 7:40:00 AM,2015,10,30,7,40,Friday,541116.5041,4810603.874,-80.491858,43.447217,Private Drive,2,Non-reportable,Off roadway,SMV,Daylight,Municipal,No control,Unknown,TRUE,FALSE,FALSE,Clear,FALSE,QUEEN ST S; QUEEN ST S; Near; 0 M,3/4/2020 10:19:11 AM,541116.5041,4810603.874,Q4,Weekend,FALSE
1038,44519,15-233908,10/31/2015 6:10:00 PM,2015,10,31,18,10,Saturday,543240.6056,4812117.166,-80.465488,43.460723,Non intersection,2,P.D. only,On roadway,SMV,Daylight,Municipal,No control,Unknown,FALSE,FALSE,FALSE,Clear,FALSE,LOIS ST; FREDERICK ST; 50 M,3/7/2019 2:27:24 PM,543240.6056,4812117.166,Q4,Weekend,FALSE
1039,44520,15-234331,11/1/2015 2:28:00 AM,2015,11,1,2,28,Sunday,546660.9166,4802751.574,-80.42401,43.37619,Non intersection,2,P.D. only,Other,SMV,Dark,Municipal,No control,Unknown,FALSE,FALSE,FALSE,Rain,FALSE,ROBERT FERRIE DR; THOMAS SLEE DR; 2 M,3/4/2020 10:19:10 AM,546660.9166,4802751.574,Q4,Weekend,FALSE
1040,44521,15-234447,10/31/2015 10:20:00 PM,2015,10,31,22,20,Saturday,536908.7533,4809310.991,-80.543946,43.435795,Intersection,2,P.D. only,On roadway,Intersection,Dark,Municipal,Sign Control,Functioning,FALSE,FALSE,FALSE,Rain,FALSE,GREENGABLE WAY; WESTFOREST TRAIL,3/7/2019 2:27:22 PM,536908.7533,4809310.992,Q4,Weekend,FALSE
1041,44522,15-234628,10/31/2015 9:30:00 PM,2015,10,31,21,30,Saturday,536902.8188,4807925.039,-80.544113,43.423316,Private Drive,2,P.D. only,On roadway,SMV,Dark,Municipal,No control,Unknown,FALSE,FALSE,FALSE,Rain,FALSE,CONNELLY DR; CONNELLY DR; Near,3/7/2019 2:27:22 PM,536902.8188,4807925.039,Q4,Weekend,FALSE
1042,44523,15-234693,10/31/2015 9:45:00 PM,2015,10,31,21,45,Saturday,545863.5651,4808691.019,-80.433354,43.429718,Intersection,2,P.D. only,On roadway,Intersection,Dark,Municipal,Sign Control,Functioning,FALSE,FALSE,FALSE,Rain,FALSE,MORGAN AVE; CENTREVILLE ST,3/7/2019 2:27:21 PM,545863.5651,4808691.019,Q4,Weekend,FALSE
1043,44524,15-234723,11/1/2015 3:39:00 PM,2015,11,1,15,39,Sunday,545515.7703,4806084.487,-80.437868,43.40627,Non intersection,1,Non-fatal injury,Off roadway,SMV,Daylight,Municipal,No control,Unknown,FALSE,FALSE,TRUE,Clear,FALSE,WILSON AVE; 1094 WILSON AVE; 1 M,3/4/2020 10:19:09 AM,545515.7703,4806084.487,Q4,Weekend,TRUE
1044,44525,15-234866,11/1/2015 8:21:00 PM,2015,11,1,20,21,Sunday,542095.6727,4804325.973,-80.480241,43.390636,Non intersection,2,P.D. only,On roadway,SMV,Dark,Municipal,Sign Control,Functioning,FALSE,FALSE,FALSE,Clear,FALSE,BIANCA CRT; SORRENTO ST; Near; 14 M,3/7/2019 2:27:20 PM,542095.6727,4804325.973,Q4,Weekend,FALSE
1045,44526,15-234969,11/2/2015 1:19:00 AM,2015,11,2,1,19,Monday,539244.722,4805662.74,-80.515345,43.402827,Non intersection,2,P.D. only,Off roadway,SMV,Dark,Municipal,No control,Unknown,FALSE,FALSE,FALSE,Clear,FALSE,ACTIVA AVE ; BRIDLEWREATH ST ; Near; 30 M,3/4/2020 10:19:09 AM,539244.722,4805662.74,Q4,Working,FALSE
1046,44527,15-235028,11/2/2015 6:40:00 AM,2015,11,2,6,40,Monday,543155.2328,4810414.817,-80.466678,43.4454,Non intersection,2,P.D. only,On roadway,SMV,Dawn,Municipal,No control,Unknown,FALSE,FALSE,FALSE,Clear,FALSE,MCKENZIE AVE; 37 MCKENZIE; Near; 7 M,3/7/2019 2:27:19 PM,543155.2328,4810414.817,Q4,Working,FALSE
1047,44528,15-235193,11/1/2015 11:30:00 AM,2015,11,1,11,30,Sunday,546094.0736,4809119.513,-80.43047,43.433562,Private Drive,2,P.D. only,On roadway,SMV,Dark,Municipal,No control,Unknown,FALSE,FALSE,FALSE,Clear,FALSE,THALER AVE; THALER AVE ; At,3/7/2019 2:27:19 PM,546094.0736,4809119.513,Q4,Weekend,FALSE
1048,44529,15-235374,11/2/2015 1:39:00 PM,2015,11,2,13,39,Monday,541068,4811108,0,0,Private Drive,2,P.D. only,Off roadway,SMV,Daylight,Municipal,No control,Unknown,FALSE,FALSE,FALSE,Clear,FALSE,PRIVATE DRIVE ; ST GEORGE ST ; At; 1 M,3/4/2020 10:19:08 AM,541068,4811108,Q4,Working,FALSE
1049,44530,15-235383,11/2/2015 1:59:00 PM,2015,11,2,13,59,Monday,541316.3917,4811102.207,-80.48935,43.451693,Non intersection,2,Non-reportable,On roadway,SMV,Daylight,Regional,No control,Unknown,FALSE,FALSE,FALSE,Clear,FALSE,ONTARIO ST N; DUKE ST W; 80 M,3/4/2020 10:19:07 AM,541316.3917,4811102.207,Q4,Working,FALSE
1050,44531,15-235889,11/3/2015 6:25:00 AM,2015,11,3,6,25,Tuesday,539469.6831,4811830.807,-80.512121,43.458353,Private Drive,2,P.D. only,On roadway,SMV,Dark,Municipal,No control,Unknown,FALSE,FALSE,FALSE,Clear,FALSE,MARY ST; MARY ST ; At,3/7/2019 2:27:18 PM,539469.6831,4811830.807,Q4,Working,FALSE
1051,44532,15-235914,11/2/2015 9:00:00 PM,2015,11,2,21,0,Monday,542055.2172,4809750.27,-80.480323,43.439479,Private Drive,2,P.D. only,On roadway,SMV,Other,Municipal,No control,Unknown,FALSE,FALSE,FALSE,Clear,FALSE,KENT AVE; KENT AVE,3/7/2019 2:27:17 PM,542055.2172,4809750.27,Q4,Working,FALSE
1052,44533,15-236089,11/3/2015 10:56:00 AM,2015,11,3,10,56,Tuesday,541333.6281,4810890.74,-80.489153,43.449788,Intersection,2,P.D. only,On roadway,SMV,Daylight,Regional,Signal Control,Functioning,FALSE,FALSE,FALSE,Clear,FALSE,QUEEN ST S; KING ST E,3/4/2020 10:19:07 AM,541333.6281,4810890.74,Q4,Working,FALSE
1053,44534,15-236336,11/3/2015 2:30:00 PM,2015,11,3,14,30,Tuesday,540515.3335,4811538.036,-80.499218,43.455661,Intersection,2,P.D. only,On roadway,Intersection,Daylight,Regional,Sign Control,Functioning,FALSE,FALSE,FALSE,Clear,FALSE,WELLINGTON ST N; WATERLOO ST,3/7/2019 2:27:16 PM,540515.3335,4811538.036,Q4,Working,FALSE
1054,44535,15-236490,11/3/2015 6:51:00 PM,2015,11,3,18,51,Tuesday,543215.4023,4804529.51,-80.4664,43.392405,Intersection,1,Non-fatal injury,On roadway,Intersection,Daylight,Regional,Sign Control,Functioning,FALSE,FALSE,FALSE,Clear,FALSE,HURON RD; STRASBURG RD; At,3/4/2020 10:19:06 AM,543215.4023,4804529.51,Q4,Working,FALSE
1055,44536,15-236492,11/3/2015 6:30:00 PM,2015,11,3,18,30,Tuesday,545166.3834,4807474.075,-80.442068,43.418803,Private Drive,2,P.D. only,On roadway,Intersection,Dark,Regional,No control,Unknown,FALSE,FALSE,FALSE,Clear,FALSE,WILSON AVE; 385 FAIRWAY RD S; At,3/7/2019 2:27:16 PM,545166.3834,4807474.075,Q4,Working,FALSE
1056,44537,15-237066,11/3/2015 3:50:00 PM,2015,11,3,15,50,Tuesday,545275.8535,4812497.263,-80.440299,43.464025,Private Drive,2,P.D. only,On roadway,Intersection,Daylight,Municipal,No control,Unknown,FALSE,FALSE,FALSE,Clear,FALSE,KEEWATIN AVE; 35 KEEWATIN AVE; At,3/7/2019 2:27:15 PM,545275.8535,4812497.263,Q4,Working,FALSE
1057,44538,15-237128,11/3/2015 6:50:00 AM,2015,11,3,6,50,Tuesday,545592.5113,4809370.436,-80.436646,43.435852,Private Drive,2,P.D. only,On roadway,SMV,Daylight,Municipal,No control,Unknown,FALSE,FALSE,FALSE,Clear,FALSE,OBERMEYER DR; OBERMEYER DR ; At,3/7/2019 2:27:14 PM,545592.5113,4809370.436,Q4,Working,FALSE
1058,44539,15-237216,11/4/2015 1:15:00 PM,2015,11,4,13,15,Wednesday,537912.2792,4806955.416,-80.53171,43.414535,Private Drive,2,P.D. only,On roadway,Other,Daylight,Municipal,No control,Unknown,FALSE,FALSE,FALSE,Clear,FALSE,DEERWOOD CRES; DEERWOOD CRES ; At,3/7/2019 2:27:13 PM,537912.2792,4806955.417,Q4,Working,FALSE
1059,44540,15-238530,11/6/2015 8:48:00 AM,2015,11,6,8,48,Friday,539841.8687,4803008.571,-80.508164,43.378897,Private Drive,1,Non-fatal injury,On roadway,Intersection,Daylight,Regional,No control,Unknown,FALSE,FALSE,FALSE,Rain,FALSE,HURON RD; 1805 HURON RD; 25 M,3/7/2019 2:27:13 PM,539841.8687,4803008.571,Q4,Weekend,FALSE
1060,44541,15-238541,11/6/2015 8:59:00 AM,2015,11,6,8,59,Friday,541068,4811108,0,0,Intersection,2,P.D. only,On roadway,Rear end,Daylight,Municipal,No control,Unknown,FALSE,FALSE,FALSE,Rain,FALSE,CONESTOGA COLLEGE BLVD ; DOON VALLEY DR ; 10 M,3/4/2020 10:19:05 AM,541068,4811108,Q4,Weekend,FALSE
1061,44542,15-238755,11/6/2015 1:03:00 PM,2015,11,6,13,3,Friday,544514.5149,4808898.441,-80.450004,43.431667,Non intersection,2,P.D. only,On roadway,Intersection,Daylight,Municipal,No control,Unknown,FALSE,FALSE,FALSE,Clear,FALSE,FRANKLIN ST S; CONNAUGHT ST ; 120 M,3/4/2020 10:19:05 AM,544514.5149,4808898.441,Q4,Weekend,FALSE
1062,44543,15-238851,11/6/2015 3:06:00 PM,2015,11,6,15,6,Friday,547762.1531,4810621.137,-80.409729,43.446978,Non intersection,2,P.D. only,Off roadway,SMV,Daylight,Municipal,No control,Unknown,FALSE,FALSE,FALSE,Clear,FALSE,PEBBLECREEK DR; LANDGREN CRT ; Near; 50 M,3/7/2019 2:27:12 PM,547762.1531,4810621.138,Q4,Weekend,FALSE
1063,44544,15-238895,11/6/2015 1:00:00 AM,2015,11,6,1,0,Friday,540099.8164,4807192.846,-80.504673,43.416559,Private Drive,2,P.D. only,On roadway,SMV,Dark,Municipal,No control,Unknown,FALSE,FALSE,FALSE,Rain,FALSE,PINEDALE DR; PINEDALE DR ; Near,3/7/2019 2:27:11 PM,540099.8164,4807192.846,Q4,Weekend,FALSE
1064,44545,15-238996,11/6/2015 6:05:00 PM,2015,11,6,18,5,Friday,539112.7908,4811654.805,-80.516545,43.456787,Intersection,1,Non-fatal injury,On roadway,Intersection,Dark,Municipal,Signal Control,Functioning,FALSE,FALSE,FALSE,Clear,FALSE,PARK ST; UNION BLVD; At,3/7/2019 2:27:10 PM,539112.7908,4811654.805,Q4,Weekend,FALSE
1065,44546,15-239106,11/6/2015 9:17:00 PM,2015,11,6,21,17,Friday,539387.1205,4810425.624,-80.513243,43.445705,Private Drive,2,P.D. only,On roadway,Rear end,Dark,Municipal,No control,Unknown,FALSE,FALSE,FALSE,Rain,FALSE,BELMONT AVE W; BELMONT AVE W; At; 25 M,3/7/2019 2:27:09 PM,539387.1205,4810425.624,Q4,Weekend,FALSE
1066,44547,15-239370,11/6/2015 4:30:00 PM,2015,11,6,16,30,Friday,546439.3155,4809829.793,-80.426144,43.439936,Private Drive,2,P.D. only,Other,Other,Daylight,Municipal,No control,Unknown,FALSE,FALSE,FALSE,Clear,FALSE,TISDALE CRT; TISDALE CRT ; Near,3/7/2019 2:27:08 PM,546439.3155,4809829.793,Q4,Weekend,FALSE
1067,44548,15-240050,11/8/2015 8:19:00 AM,2015,11,8,8,19,Sunday,544050.4612,4812197.157,-80.455471,43.461396,Non intersection,2,P.D. only,Off roadway,SMV,Dark,Municipal,No control,Unknown,FALSE,FALSE,FALSE,Clear,FALSE,PEACHWOOD CRT; MANCHESTER RD ; 20 M,3/4/2020 10:19:04 AM,544050.4612,4812197.157,Q4,Weekend,FALSE
1068,44549,15-240127,11/8/2015 10:25:00 AM,2015,11,8,10,25,Sunday,541745.5698,4810654.608,-80.48408,43.447639,Non intersection,2,P.D. only,Off roadway,SMV,Daylight,Regional,No control,Unknown,FALSE,FALSE,FALSE,Clear,FALSE,KING ST E; KING ST E; At,3/7/2019 2:27:07 PM,541745.5698,4810654.608,Q4,Weekend,FALSE
1069,44550,15-240242,11/8/2015 2:29:00 PM,2015,11,8,14,29,Sunday,541690.747,4811511.664,-80.484692,43.455359,Intersection,1,Non-fatal injury,On roadway,Intersection,Daylight,Municipal,Sign Control,Functioning,FALSE,FALSE,FALSE,Clear,FALSE,QUEEN ST N; ELLEN ST E; At; 0 M,3/4/2020 10:19:03 AM,541690.747,4811511.664,Q4,Weekend,FALSE
1070,44551,15-240672,11/9/2015 8:43:00 AM,2015,11,9,8,43,Monday,539003.7491,4805926.666,-80.518302,43.405216,Intersection,1,Non-fatal injury,On roadway,SMV,Daylight,Municipal,Sign Control,Functioning,TRUE,FALSE,FALSE,Clear,FALSE,ACTIVA AVE; DAVID BERGEY DR ; At,3/4/2020 10:19:03 AM,539003.7491,4805926.666,Q4,Working,FALSE
1071,44552,15-240688,11/7/2015 11:00:00 PM,2015,11,7,23,0,Saturday,541939.5381,4808935.581,-80.481815,43.43215,Private Drive,2,P.D. only,On roadway,SMV,Other,Municipal,No control,Unknown,FALSE,FALSE,FALSE,Clear,FALSE,HOFFMAN ST; 40 HOFFMAN ST; At,3/7/2019 2:27:07 PM,541939.5381,4808935.581,Q4,Weekend,FALSE
1072,44553,15-241020,11/8/2015 3:00:00 PM,2015,11,8,15,0,Sunday,547988.5366,4806198.679,-80.40732,43.407144,Private Drive,2,P.D. only,On roadway,SMV,Daylight,Municipal,No control,Unknown,FALSE,FALSE,FALSE,Clear,FALSE,DEER RIDGE DR; DEER RIDGE DR ; Near,3/7/2019 2:27:06 PM,547988.5366,4806198.679,Q4,Weekend,FALSE
1073,44554,15-241087,11/9/2015 6:17:00 PM,2015,11,9,18,17,Monday,545051.5518,4810835.709,-80.443209,43.449078,Non intersection,2,P.D. only,On roadway,Rear end,Dark,Regional,No control,Unknown,FALSE,FALSE,FALSE,Clear,FALSE,RIVER RD E; HOLBORN DR; Near; 10 M,3/7/2019 2:27:05 PM,545051.5518,4810835.709,Q4,Working,FALSE
1074,44555,15-241497,11/10/2015 9:15:00 AM,2015,11,10,9,15,Tuesday,540620.4244,4807414.193,-80.498226,43.418524,Intersection,2,P.D. only,On roadway,SMV,Daylight,Municipal,Sign Control,Functioning,FALSE,FALSE,FALSE,Clear,FALSE,CARTIER DR; KIMBERLY CRES ; At,3/4/2020 10:19:02 AM,540620.4244,4807414.193,Q4,Working,FALSE
1075,44556,15-241693,11/10/2015 12:00:00 PM,2015,11,10,12,0,Tuesday,543932.3432,4809143.402,-80.457177,43.433907,Non intersection,2,P.D. only,On roadway,Intersection,Daylight,Municipal,No control,Unknown,FALSE,FALSE,FALSE,Rain,FALSE,FIRST AVE; ECKERT ST; At,3/7/2019 2:27:04 PM,543932.3432,4809143.402,Q4,Working,FALSE
1076,44557,15-241743,11/10/2015 2:59:00 PM,2015,11,10,14,59,Tuesday,544820.26,4805064.622,-80.446541,43.397129,Non intersection,2,P.D. only,On roadway,Rear end,Daylight,Municipal,Other,Functioning,FALSE,FALSE,FALSE,Rain,FALSE,DOON VILLAGE RD ; UPPER CANADA DR ; Near; 10 M,3/7/2019 2:27:02 PM,544820.26,4805064.622,Q4,Working,FALSE
1077,44558,15-241988,11/10/2015 9:18:00 PM,2015,11,10,21,18,Tuesday,538558.356,4807874.991,-80.523665,43.422782,Private Drive,2,P.D. only,Off roadway,SMV,Dark,Municipal,No control,Unknown,FALSE,FALSE,FALSE,Rain,FALSE,ELM RIDGE DR ; ELM RIDGE DR ; At; 2 M,3/4/2020 10:19:01 AM,538558.356,4807874.991,Q4,Working,FALSE
1078,44559,15-242355,11/11/2015 12:19:00 PM,2015,11,11,12,19,Wednesday,545147.0854,4807188.184,-80.44233,43.41623,Non intersection,2,P.D. only,On roadway,Intersection,Daylight,Regional,No control,Unknown,FALSE,FALSE,FALSE,Clear,FALSE,WILSON AVE ; WILSON AVE; Near; 20 M,3/7/2019 2:27:02 PM,545147.0854,4807188.184,Q4,Working,FALSE
1079,44560,15-242367,11/4/2015 12:34:00 PM,2015,11,4,12,34,Wednesday,537852.2695,4809079.551,-80.532304,43.433664,Private Drive,2,P.D. only,On roadway,SMV,Daylight,Municipal,No control,Unknown,FALSE,FALSE,FALSE,Clear,FALSE,OPRINGTON DR; OPRINGTON DR ; Near,3/7/2019 2:27:01 PM,537852.2695,4809079.551,Q4,Working,FALSE
1080,44561,15-242468,11/11/2015 3:05:00 PM,2015,11,11,15,5,Wednesday,539329.7613,4811560.555,-80.51387,43.455927,Non intersection,2,P.D. only,On roadway,Intersection,Daylight,Municipal,No control,Unknown,FALSE,FALSE,FALSE,Clear,FALSE,PARK ST; MT HOPE ST; 50 M,3/4/2020 10:19:01 AM,539329.7613,4811560.555,Q4,Working,FALSE
1081,44562,15-242514,11/11/2015 4:10:00 PM,2015,11,11,16,10,Wednesday,541225.3797,4811867.086,-80.490417,43.458585,Intersection,1,Non-fatal injury,On roadway,Intersection,Daylight,Municipal,Signal Control,Functioning,FALSE,FALSE,FALSE,Clear,FALSE,MARGARET AVE; WELLINGTON ST N,3/7/2019 2:27:00 PM,541225.3797,4811867.086,Q4,Working,FALSE
1082,44563,15-242529,11/11/2015 1:00:00 PM,2015,11,11,13,0,Wednesday,543987.5479,4807776.927,-80.456605,43.4216,Intersection,1,Non-fatal injury,On roadway,Intersection,Daylight,Municipal,Sign Control,Functioning,FALSE,TRUE,FALSE,Clear,FALSE,VANIER DR; SIEBERT AVE ; At,3/4/2020 10:19:00 AM,543987.5479,4807776.927,Q4,Working,FALSE
1083,44564,15-242639,11/11/2015 6:54:00 PM,2015,11,11,18,54,Wednesday,545385.7634,4810182.461,-80.439133,43.443176,Non intersection,2,Non-reportable,On roadway,Intersection,Dusk,Regional,No control,Unknown,FALSE,FALSE,FALSE,Clear,FALSE,RIVER RD E; RENNIE DR ; Near; 15 M,3/7/2019 2:26:59 PM,545385.7634,4810182.461,Q4,Working,FALSE
1084,44565,15-243129,11/12/2015 11:40:00 AM,2015,11,12,11,40,Thursday,544304.052,4809222.022,-80.452578,43.434593,Intersection,2,P.D. only,On roadway,Intersection,Daylight,Municipal,Sign Control,Functioning,FALSE,FALSE,FALSE,Other,FALSE,KINGSWAY DR; FOURTH AVE,3/4/2020 10:18:59 AM,544304.052,4809222.022,Q4,Weekend,FALSE