,OBJECTID,ACCIDENTNUM,ACCIDENTDATE,ACCIDENT_YEAR,ACCIDENT_MONTH,ACCIDENT_DAY,ACCIDENT_HOUR,ACCIDENT_MINUTE,Accident_Day,XCOORD,YCOORD,LONGITUDE,LATITUDE,Accident_Location,COLLISIONTYPE,Accident_Type,Impact_Location,Impact_Type,Light,Road_Jurisdication,Traffic_Control,Traffic_Control_Condition,Pedestrian_Involved,Cyclist_Involved,Motorcyclist_Involved,Environment_Condition,Self_Reported,XMLIMPORTNOTES,LASTEDITEDDATE,x,y,Quarter,Day_Type,Vulnerable_Involved
1085,44566,15-243253,11/12/2015 1:45:00 PM,2015,11,12,13,45,Thursday,540654.1244,4810941.805,-80.497547,43.450285,Intersection,2,P.D. only,Off roadway,SMV,Daylight,Municipal,Sign Control,Functioning,FALSE,FALSE,FALSE,Clear,FALSE, JOSEPH ST; FRANCIS ST S; At,3/4/2020 10:18:59 AM,540654.1244,4810941.805,Q4,Weekend,FALSE
1086,44567,15-243328,11/12/2015 4:00:00 PM,2015,11,12,16,0,Thursday,543613.3568,4808244.732,-80.46119,43.425834,Non intersection,1,Non-fatal injury,On roadway,Other,Daylight,Municipal,No control,Unknown,FALSE,FALSE,FALSE,Rain,FALSE,VANIER DR; MASSEY AVE ; 7 M,3/4/2020 10:18:58 AM,543613.3568,4808244.732,Q4,Weekend,FALSE
1087,44568,15-243361,11/12/2015 4:40:00 PM,2015,11,12,16,40,Thursday,539846.2484,4809756.402,-80.507618,43.439655,Private Drive,2,P.D. only,On roadway,Intersection,Dark,Municipal,No control,Unknown,FALSE,FALSE,FALSE,Rain,FALSE,BELMONT AVE W; HIGHLAND RD W; Near; 8 M,3/4/2020 10:18:57 AM,539846.2484,4809756.402,Q4,Weekend,FALSE
1088,44569,15-243390,11/12/2015 5:00:00 PM,2015,11,12,17,0,Thursday,541068,4811108,0,0,Private Drive,1,Non-fatal injury,On roadway,SMV,Dusk,Regional,Other,Functioning,TRUE,FALSE,FALSE,Other,FALSE,KINGSWAY DR; 2969 KINGSWAY DR; 1 M,3/4/2020 10:18:57 AM,541068,4811108,Q4,Weekend,FALSE
1089,44570,15-243408,11/12/2015 5:49:00 PM,2015,11,12,17,49,Thursday,540409.674,4812130.914,-80.50048,43.461005,Private Drive,2,P.D. only,On roadway,SMV,Dark,Municipal,No control,Unknown,FALSE,FALSE,FALSE,Rain,FALSE,GUELPH ST ; 282 GUELPH ST; At; 2 M,3/4/2020 10:18:56 AM,540409.674,4812130.914,Q4,Weekend,FALSE
1090,44571,15-243827,11/13/2015 9:41:00 AM,2015,11,13,9,41,Friday,540789.0368,4809064.131,-80.49602,43.433371,Non intersection,2,P.D. only,On roadway,Rear end,Daylight,Municipal,No control,Unknown,FALSE,FALSE,FALSE,Rain,FALSE,STIRLING AVE S; MAUSSER AVE ; 50 M,3/7/2019 2:26:59 PM,540789.0368,4809064.131,Q4,Weekend,FALSE
1091,44572,15-244333,11/13/2015 8:30:00 PM,2015,11,13,20,30,Friday,545275.1204,4806434.267,-80.440811,43.409434,Intersection,1,Non-fatal injury,On roadway,Intersection,Dark,Municipal,Sign Control,Functioning,FALSE,FALSE,FALSE,Rain,FALSE,WILSON AVE ; WABANAKI DR,3/4/2020 10:18:54 AM,545275.1204,4806434.267,Q4,Weekend,FALSE
1092,44573,15-244935,11/14/2015 2:29:00 PM,2015,11,14,14,29,Saturday,539747.1913,4805757.637,-80.509133,43.403655,Non intersection,2,P.D. only,On roadway,SMV,Daylight,Municipal,Sign Control,Functioning,FALSE,FALSE,FALSE,Rain,FALSE,MAX BECKER DR; LEMONBALM ST ; 40 M,3/7/2019 2:26:58 PM,539747.1913,4805757.637,Q4,Weekend,FALSE
1093,44574,15-245172,11/14/2015 9:08:00 PM,2015,11,14,21,8,Saturday,545081.6496,4811235.401,-80.442804,43.452675,Private Drive,2,P.D. only,Off roadway,SMV,Dark,Municipal,No control,Unknown,FALSE,FALSE,FALSE,Clear,FALSE,BRECKENRIDGE DR ; 131 BRECKENRIDGE; 3 M,3/7/2019 2:26:57 PM,545081.6496,4811235.401,Q4,Weekend,FALSE
1094,44575,15-246187,11/16/2015 9:30:00 AM,2015,11,16,9,30,Monday,542308.2867,4811038.724,-80.477096,43.451066,Intersection,2,P.D. only,On roadway,Intersection,Daylight,Municipal,Sign Control,Functioning,FALSE,FALSE,FALSE,Clear,FALSE,SAMUEL ST; KRUG ST; At,3/7/2019 2:26:56 PM,542308.2867,4811038.724,Q4,Working,FALSE
1095,44576,15-246216,11/16/2015 11:16:00 AM,2015,11,16,11,16,Monday,540926.1492,4812261.974,-80.494086,43.462157,Other,2,P.D. only,Off roadway,SMV,Daylight,Other,No control,Unknown,FALSE,FALSE,FALSE,Clear,FALSE,PRIVATE DRIVE; BLUCHER ST,3/4/2020 10:18:54 AM,540926.1492,4812261.974,Q4,Working,FALSE
1096,44577,15-246246,11/16/2015 11:51:00 AM,2015,11,16,11,51,Monday,540681.8859,4811007.499,-80.497199,43.450875,Non intersection,2,P.D. only,Off roadway,SMV,Daylight,Regional,No control,Unknown,FALSE,FALSE,FALSE,Clear,FALSE,FRANCIS ST S; CHARLES ST W; 50 M,3/4/2020 10:18:53 AM,540681.8859,4811007.499,Q4,Working,FALSE
1097,44578,15-246252,11/13/2015 10:00:00 AM,2015,11,13,10,0,Friday,541068,4811108,0,0,Private Drive,2,P.D. only,On roadway,SMV,Daylight,Municipal,No control,Unknown,FALSE,FALSE,FALSE,Clear,FALSE,PINEGLEN CRES; PINEGLEN CRES ; 1 M,3/4/2020 10:18:52 AM,541068,4811108,Q4,Weekend,FALSE
1098,44579,15-246275,11/15/2015 3:30:00 PM,2015,11,15,15,30,Sunday,543356.144,4804318.286,-80.464679,43.390495,Non intersection,2,P.D. only,On roadway,SMV,Daylight,Municipal,No control,Unknown,FALSE,FALSE,FALSE,Clear,FALSE,TEMPLEWOOD DR; 42 TEMPLEWOOD DR; Near,3/7/2019 2:26:56 PM,543356.144,4804318.286,Q4,Weekend,FALSE
1099,44580,15-246420,11/16/2015 3:33:00 PM,2015,11,16,15,33,Monday,539004.1729,4810459.825,-80.517973,43.446033,Non intersection,2,P.D. only,On roadway,Rear end,Daylight,Municipal,No control,Unknown,FALSE,TRUE,FALSE,Clear,FALSE,GAGE AVE ; BELMONT AVE W; Near; 300 M,3/7/2019 2:26:55 PM,539004.1729,4810459.825,Q4,Working,FALSE
1100,44581,15-246504,11/16/2015 5:33:00 PM,2015,11,16,17,33,Monday,545274.1488,4806434.261,-80.440823,43.409434,Intersection,2,P.D. only,On roadway,Intersection,Dark,Municipal,Sign Control,Functioning,FALSE,FALSE,FALSE,Clear,FALSE,WABANAKI DR; WILSON AVE; At; 20 M,3/4/2020 10:18:52 AM,545274.1488,4806434.261,Q4,Working,FALSE
1101,44582,15-246627,11/16/2015 8:05:00 PM,2015,11,16,20,5,Monday,541388.3495,4809634.639,-80.488572,43.438475,Intersection,2,P.D. only,On roadway,SMV,Dark,Municipal,Sign Control,Functioning,FALSE,FALSE,FALSE,Clear,FALSE,WOODLAND AVE; MILL ST,3/4/2020 10:18:51 AM,541388.3495,4809634.639,Q4,Working,FALSE
1102,44583,15-246836,11/13/2015 6:15:00 PM,2015,11,13,18,15,Friday,542186.675,4810418.016,-80.478647,43.445484,Private Drive,2,P.D. only,On roadway,SMV,Dark,Municipal,No control,Unknown,FALSE,FALSE,FALSE,Rain,FALSE,PANDORA AVE N; KING ST E; Near,3/7/2019 2:26:54 PM,542186.675,4810418.016,Q4,Weekend,FALSE
1103,44584,15-247251,11/17/2015 7:35:00 AM,2015,11,17,7,35,Tuesday,542042.0814,4809897.123,-80.480474,43.440802,Non intersection,2,P.D. only,On roadway,Other,Dawn,Municipal,No control,Unknown,FALSE,FALSE,FALSE,Clear,FALSE,HURST AVE; 17 HURST AVE; Near,3/4/2020 10:18:50 AM,542042.0814,4809897.123,Q4,Working,FALSE
1104,44585,15-247253,11/17/2015 5:00:00 PM,2015,11,17,17,0,Tuesday,540351.3092,4811461.419,-80.501251,43.45498,Intersection,2,P.D. only,On roadway,Rear end,Daylight,Regional,Signal Control,Functioning,FALSE,FALSE,FALSE,Clear,FALSE,WELLINGTON ST N; MOORE AVE; At,3/7/2019 2:26:54 PM,540351.3092,4811461.419,Q4,Working,FALSE
1105,44586,15-247265,11/17/2015 5:41:00 PM,2015,11,17,17,41,Tuesday,545277.2299,4806433.615,-80.440785,43.409428,Intersection,1,Non-fatal injury,On roadway,Intersection,Dusk,Municipal,Sign Control,Functioning,FALSE,FALSE,FALSE,Clear,FALSE,WILSON AVE; WABANAKI DR,3/7/2019 2:26:53 PM,545277.2299,4806433.615,Q4,Working,FALSE
1106,44587,15-247590,11/14/2015 7:00:00 PM,2015,11,14,19,0,Saturday,539209.2916,4811477.223,-80.515365,43.455183,Non intersection,2,P.D. only,On roadway,SMV,Dark,Municipal,No control,Unknown,FALSE,FALSE,FALSE,Clear,FALSE,YORK ST; 84 YORK ST; Near,3/7/2019 2:26:52 PM,539209.2916,4811477.224,Q4,Weekend,FALSE
1107,44588,15-247810,11/18/2015 11:42:00 AM,2015,11,18,11,42,Wednesday,540890.0993,4808788.201,-80.494792,43.430881,Non intersection,2,P.D. only,On roadway,Intersection,Daylight,Regional,Signal Control,Functioning,FALSE,FALSE,FALSE,Clear,FALSE,HOMER WATSON BLVD ; STIRLING AVE S; 150 M,3/7/2019 2:26:51 PM,540890.0993,4808788.201,Q4,Working,FALSE
1108,44589,15-248118,11/18/2015 6:45:00 AM,2015,11,18,6,45,Wednesday,545675.6193,4806550.026,-80.435855,43.410452,Non intersection,2,P.D. only,On roadway,SMV,Dark,Regional,No control,Unknown,FALSE,FALSE,FALSE,Clear,FALSE,WABANAKI DR; WILSON AVE; Near,3/7/2019 2:26:51 PM,545675.6193,4806550.026,Q4,Working,FALSE
1109,44590,15-248123,11/18/2015 5:50:00 PM,2015,11,18,17,50,Wednesday,536367.4166,4807625.602,-80.550747,43.420646,Private Drive,2,P.D. only,On roadway,SMV,Dark,Municipal,No control,Unknown,FALSE,FALSE,FALSE,Rain,FALSE,NEWBURY DR; 67 NEWBURY DR; Near; 5 M,3/4/2020 10:18:50 AM,536367.4166,4807625.602,Q4,Working,FALSE
1110,44591,15-248133,11/18/2015 6:23:00 PM,2015,11,18,18,23,Wednesday,542034.5003,4812954.493,-80.480332,43.468331,Private Drive,2,P.D. only,On roadway,SMV,Daylight,Municipal,No control,Unknown,FALSE,FALSE,FALSE,Clear,FALSE,MAPLE AVE ; MAPLE AVE ; At; 1 M,3/4/2020 10:18:49 AM,542034.5003,4812954.493,Q4,Working,FALSE
1111,44592,15-248288,11/18/2015 10:49:00 PM,2015,11,18,22,49,Wednesday,543337.5516,4805599.92,-80.464807,43.402036,Private Drive,1,Non-fatal injury,Off roadway,Rear end,Dusk,Municipal,No control,Unknown,FALSE,FALSE,FALSE,Rain,FALSE,TRILLIUM DR; TRILLIUM DR ; At; 50 M,3/4/2020 10:18:48 AM,543337.5516,4805599.92,Q4,Working,FALSE
1112,44593,15-248474,11/19/2015 8:22:00 AM,2015,11,19,8,22,Thursday,539080.1064,4811110.416,-80.516988,43.451887,Private Drive,2,P.D. only,On roadway,Intersection,Daylight,Municipal,No control,Unknown,FALSE,FALSE,FALSE,Clear,FALSE,GLASGOW ST; BELMONT AVE W; At; 1 M,3/7/2019 2:26:50 PM,539080.1064,4811110.416,Q4,Weekend,FALSE
1113,44594,15-248558,11/19/2015 9:40:00 AM,2015,11,19,9,40,Thursday,543185.0653,4804182.029,-80.466802,43.389278,Intersection,2,P.D. only,On roadway,SMV,Dark,Municipal,Other,Functioning,FALSE,FALSE,FALSE,Clear,FALSE,STRASBURG RD ; RUSH MEADOW ST ; 36 M,3/4/2020 10:18:48 AM,543185.0653,4804182.029,Q4,Weekend,FALSE
1114,44595,15-248688,11/19/2015 11:10:00 AM,2015,11,19,11,10,Thursday,547127.8439,4808302.463,-80.417768,43.426141,Private Drive,2,P.D. only,On roadway,SMV,Daylight,Municipal,No control,Unknown,FALSE,FALSE,FALSE,Clear,FALSE,MANOR DR; 23 MANOR DR; Near,3/7/2019 2:26:49 PM,547127.8439,4808302.463,Q4,Weekend,FALSE
1115,44596,15-248833,11/19/2015 2:19:00 PM,2015,11,19,14,19,Thursday,538965.1555,4809159.855,-80.518548,43.43433,Private Drive,2,P.D. only,On roadway,Intersection,Daylight,Municipal,No control,Unknown,FALSE,FALSE,FALSE,Clear,FALSE,HIGHLAND CRES ; 550 HIGHLAND CRES; At; 5 M,3/4/2020 10:18:47 AM,538965.1555,4809159.855,Q4,Weekend,FALSE
1116,44597,15-248835,11/19/2015 2:28:00 PM,2015,11,19,14,28,Thursday,540939.3862,4811214.855,-80.494001,43.452728,Private Drive,2,P.D. only,On roadway,Other,Daylight,Municipal,No control,Unknown,FALSE,FALSE,FALSE,Clear,FALSE,WATER ST N; 25 WATER ST N; At; 0 M,3/7/2019 2:26:49 PM,540939.3862,4811214.855,Q4,Weekend,FALSE
1117,44598,15-249333,11/20/2015 8:25:00 AM,2015,11,20,8,25,Friday,544806.9491,4805154.493,-80.446698,43.397939,Intersection,2,P.D. only,On roadway,Intersection,Daylight,Municipal,Sign Control,Functioning,FALSE,FALSE,FALSE,Clear,FALSE,DOON VILLAGE RD; FARRIER DR,3/4/2020 10:18:46 AM,544806.9491,4805154.493,Q4,Weekend,FALSE
1118,44599,15-249364,11/20/2015 9:20:00 AM,2015,11,20,9,20,Friday,541068,4811108,0,0,Intersection,2,P.D. only,On roadway,Intersection,Daylight,Municipal,Signal Control,Functioning,FALSE,FALSE,FALSE,Clear,FALSE,GLASGOW ST; BELMONT AVE W; 2 M,3/4/2020 10:18:46 AM,541068,4811108,Q4,Weekend,FALSE
1119,44600,15-249397,11/20/2015 10:05:00 AM,2015,11,20,10,5,Friday,544755.2074,4808023.09,-80.447102,43.423771,Intersection,2,P.D. only,On roadway,Intersection,Daylight,Municipal,Signal Control,Functioning,FALSE,FALSE,FALSE,Clear,FALSE,WILSON AVE; TRAYNOR AVE; At,3/4/2020 10:18:45 AM,544755.2074,4808023.09,Q4,Weekend,FALSE
1120,44601,15-249428,11/20/2015 8:55:00 AM,2015,11,20,8,55,Friday,542066.9125,4811014.557,-80.480081,43.450862,Non intersection,2,P.D. only,On roadway,SMV,Daylight,Regional,No control,Unknown,FALSE,FALSE,FALSE,Clear,FALSE,BRUBACHER ST; BRUBACHER ST ; 1 M,3/7/2019 2:26:48 PM,542066.9125,4811014.557,Q4,Weekend,FALSE
1121,44602,15-249578,11/20/2015 1:45:00 PM,2015,11,20,13,45,Friday,542952.0029,4810611.32,-80.469174,43.447181,Private Drive,2,P.D. only,On roadway,Intersection,Daylight,Municipal,No control,Unknown,FALSE,FALSE,FALSE,Clear,FALSE,EAST AVE; EAST AVE ; At,3/7/2019 2:26:47 PM,542952.0029,4810611.32,Q4,Weekend,FALSE
1122,44603,15-249599,11/20/2015 3:06:00 PM,2015,11,20,15,6,Friday,541465.7532,4809536.825,-80.487623,43.43759,Intersection,1,Non-fatal injury,On roadway,Intersection,Daylight,Municipal,Signal Control,Functioning,FALSE,FALSE,FALSE,Clear,FALSE,STIRLING AVE S; MILL ST,3/4/2020 10:18:44 AM,541465.7532,4809536.825,Q4,Weekend,FALSE
1123,44604,15-249697,11/20/2015 4:54:00 PM,2015,11,20,16,54,Friday,545498.181,4804596.811,-80.438209,43.392876,Private Drive,2,P.D. only,On roadway,SMV,Daylight,Municipal,No control,Unknown,FALSE,FALSE,FALSE,Clear,FALSE,FRONT OF; BECHTEL DR; 40 M,3/7/2019 2:26:47 PM,545498.181,4804596.811,Q4,Weekend,FALSE
1124,44605,15-250185,11/21/2015 11:17:00 AM,2015,11,21,11,17,Saturday,542843.1762,4809871.401,-80.470577,43.440525,Intersection,2,P.D. only,On roadway,Intersection,Daylight,Regional,Sign Control,Functioning,FALSE,FALSE,FALSE,Clear,FALSE,SYDNEY ST S; CHARLES ST E,3/4/2020 10:18:43 AM,542843.1762,4809871.401,Q4,Weekend,FALSE
1125,44606,15-250495,11/21/2015 9:23:00 PM,2015,11,21,21,23,Saturday,541797.8866,4810621.391,-80.483436,43.447337,Intersection,2,P.D. only,On roadway,Rear end,Dark,Regional,Signal Control,Functioning,FALSE,FALSE,FALSE,Snow,FALSE,KING ST E; CEDAR ST N; 20 M,3/4/2020 10:18:42 AM,541797.8866,4810621.391,Q4,Weekend,FALSE
1126,44607,15-250519,11/21/2015 10:00:00 PM,2015,11,21,22,0,Saturday,539569.239,4811423.463,-80.51092,43.45468,Intersection,2,P.D. only,On roadway,Intersection,Daylight,Municipal,Sign Control,Functioning,FALSE,FALSE,FALSE,Snow,FALSE,PARK ST; GREEN ST; At,3/4/2020 10:18:42 AM,539569.239,4811423.463,Q4,Weekend,FALSE
1127,44608,15-250619,11/22/2015 1:18:00 AM,2015,11,22,1,18,Sunday,539123.1088,4811020.151,-80.516463,43.451072,Non intersection,2,P.D. only,Off roadway,SMV,Dark,Regional,No control,Unknown,FALSE,FALSE,FALSE,Clear,FALSE,BELMONT AVE W; GAGE AVE ; 150 M,3/7/2019 2:26:46 PM,539123.1088,4811020.151,Q4,Weekend,FALSE
1128,44609,15-250705,11/22/2015 4:56:00 AM,2015,11,22,4,56,Sunday,545850.2553,4809755.793,-80.433429,43.439306,Intersection,2,P.D. only,On roadway,SMV,Dark,Regional,Signal Control,Functioning,FALSE,FALSE,FALSE,Snow,FALSE,OLD CHICOPEE DR; RIVER RD E,3/4/2020 10:18:41 AM,545850.2553,4809755.793,Q4,Weekend,FALSE
1129,44610,15-250829,11/21/2015 11:00:00 PM,2015,11,21,23,0,Saturday,542728.4783,4806616.133,-80.472249,43.411221,Non intersection,2,P.D. only,On roadway,SMV,Dark,Municipal,No control,Unknown,FALSE,FALSE,FALSE,Snow,FALSE,CENTURY HILL DR; CENTURY HILL DR,3/7/2019 2:26:45 PM,542728.4783,4806616.133,Q4,Weekend,FALSE
1130,44611,15-250837,11/22/2015 11:08:00 AM,2015,11,22,11,8,Sunday,541068,4811108,0,0,Private Drive,1,Non-fatal injury,On roadway,Rear end,Daylight,Regional,No control,Unknown,FALSE,FALSE,FALSE,Clear,FALSE,DOON VILLAGE RD ; DOON VILLAGE RD ; 3 M,3/4/2020 10:18:40 AM,541068,4811108,Q4,Weekend,FALSE
1131,44612,15-251625,11/23/2015 8:20:00 AM,2015,11,23,8,20,Monday,541068,4811108,0,0,Non intersection,2,P.D. only,On roadway,Rear end,Daylight,Regional,Sign Control,Functioning,FALSE,FALSE,FALSE,Clear,FALSE,OLD HURON RD ; HURON RD,3/4/2020 10:18:40 AM,541068,4811108,Q4,Working,FALSE
1132,44613,15-251688,11/23/2015 2:44:00 PM,2015,11,23,14,44,Monday,545619.1676,4803795.321,-80.436782,43.385652,Private Drive,2,P.D. only,On roadway,Intersection,Daylight,Regional,No control,Unknown,FALSE,FALSE,FALSE,Clear,FALSE,WOODFIELD ST; WOODFIELD ST ; 1 M,3/4/2020 10:18:39 AM,545619.1676,4803795.321,Q4,Working,FALSE
1133,44614,15-251750,11/23/2015 2:30:00 PM,2015,11,23,14,30,Monday,545238.9732,4805061.75,-80.441371,43.397078,Private Drive,2,Non-reportable,On roadway,SMV,Daylight,Municipal,No control,Unknown,FALSE,FALSE,FALSE,Clear,FALSE,LOWER CANADA CRES; 10 LOWER CANADA CRES; At,3/7/2019 2:26:45 PM,545238.9732,4805061.75,Q4,Working,FALSE
1134,44615,15-251760,11/23/2015 4:20:00 PM,2015,11,23,16,20,Monday,540095.3506,4810857.495,-80.504459,43.449556,Other,2,P.D. only,On roadway,SMV,Daylight,Municipal,No control,Unknown,FALSE,FALSE,FALSE,Clear,FALSE,PARK ST; CHERRY ST; At; 30 M,3/4/2020 10:18:38 AM,540095.3506,4810857.495,Q4,Working,FALSE
1135,44616,15-251912,11/22/2015 5:30:00 PM,2015,11,22,17,30,Sunday,544785.6954,4809015.185,-80.446644,43.432702,Intersection,2,P.D. only,On roadway,SMV,Dark,Municipal,Sign Control,Functioning,FALSE,FALSE,FALSE,Snow,FALSE,KINGSWAY DR; NINTH AVE,3/7/2019 2:26:44 PM,544785.6954,4809015.185,Q4,Weekend,FALSE
1136,44617,15-252144,11/24/2015 8:39:00 AM,2015,11,24,8,39,Tuesday,539871.9763,4810633.381,-80.507236,43.44755,Intersection,2,P.D. only,On roadway,Rear end,Daylight,Municipal,Sign Control,Functioning,FALSE,FALSE,FALSE,Clear,FALSE,CHERRY ST ; STRANGE ST ; 6.6 M,3/7/2019 2:26:43 PM,539871.9763,4810633.381,Q4,Working,FALSE
1137,44618,15-252581,11/24/2015 7:40:00 AM,2015,11,24,7,40,Tuesday,540423.0629,4812137.658,-80.500314,43.461065,Private Drive,2,P.D. only,On roadway,Other,Daylight,Municipal,No control,Unknown,FALSE,FALSE,FALSE,Clear,FALSE,GUELPH ST; 291 GUELPH ST; At,3/7/2019 2:26:42 PM,540423.0629,4812137.658,Q4,Working,FALSE
1138,44619,15-252629,11/24/2015 7:15:00 PM,2015,11,24,19,15,Tuesday,542714.117,4810047.17,-80.472158,43.442115,Private Drive,2,P.D. only,On roadway,Intersection,Dark,Regional,No control,Unknown,FALSE,FALSE,FALSE,Clear,FALSE,KING ST E; KING ST E,3/4/2020 10:18:37 AM,542714.117,4810047.17,Q4,Working,FALSE
1139,44620,15-252911,11/24/2015 3:00:00 PM,2015,11,24,15,0,Tuesday,540938.4847,4811216.737,-80.494012,43.452745,Non intersection,2,P.D. only,On roadway,Other,Daylight,Regional,No control,Unknown,FALSE,FALSE,FALSE,Clear,FALSE,WATER ST N; DUKE ST W; Near,3/4/2020 10:18:36 AM,540938.4847,4811216.738,Q4,Working,FALSE
1140,44621,15-252915,11/25/2015 9:52:00 AM,2015,11,25,9,52,Wednesday,541184.3445,4810691.471,-80.491013,43.448002,Intersection,1,Non-fatal injury,On roadway,SMV,Daylight,Regional,Signal Control,Functioning,TRUE,FALSE,FALSE,Clear,FALSE,QUEEN ST S; JOSEPH ST; At,3/7/2019 2:26:42 PM,541184.3445,4810691.471,Q4,Working,FALSE
1141,44622,15-252993,11/24/2015 7:00:00 PM,2015,11,24,19,0,Tuesday,540760.9993,4810769.861,-80.496239,43.448731,Private Drive,2,P.D. only,On roadway,SMV,Daylight,Municipal,No control,Unknown,FALSE,FALSE,FALSE,Clear,FALSE,WATER ST S; WATER ST S; At,3/4/2020 10:18:36 AM,540760.9993,4810769.862,Q4,Working,FALSE
1142,44623,15-253048,11/25/2015 11:50:00 AM,2015,11,25,11,50,Wednesday,539916.1024,4811052.565,-80.50666,43.451322,Other,2,P.D. only,On roadway,Rear end,Daylight,Municipal,Other,Functioning,FALSE,FALSE,FALSE,Clear,FALSE,PARK ST; DOMINION ST; Near,3/4/2020 10:18:35 AM,539916.1024,4811052.565,Q4,Working,FALSE
1143,44624,15-253166,11/25/2015 3:35:00 PM,2015,11,25,15,35,Wednesday,539523.8805,4806141.483,-80.511863,43.407123,Non intersection,2,P.D. only,On roadway,Rear end,Daylight,Municipal,Other,Functioning,FALSE,FALSE,FALSE,Clear,FALSE,ACTIVA AVE; ACTIVA AVE ; At,3/4/2020 10:18:34 AM,539523.8805,4806141.483,Q4,Working,FALSE
1144,44625,15-253614,11/26/2015 11:22:00 AM,2015,11,26,11,22,Thursday,539079.2979,4811110.3,-80.516998,43.451886,Non intersection,2,P.D. only,On roadway,SMV,Daylight,Municipal,Signal Control,Functioning,FALSE,FALSE,FALSE,Clear,FALSE,GLASGOW ST; BELMONT AVE W; 10 M,3/4/2020 10:18:34 AM,539079.2979,4811110.3,Q4,Weekend,FALSE
1145,44626,15-253678,11/26/2015 1:01:00 PM,2015,11,26,13,1,Thursday,545160.2454,4807242.026,-80.442163,43.416714,Intersection,2,P.D. only,On roadway,Intersection,Daylight,Regional,Sign Control,Functioning,FALSE,FALSE,FALSE,Clear,FALSE,WILSON AVE ; WEBSTER; 3 M,3/7/2019 2:26:41 PM,545160.2454,4807242.026,Q4,Weekend,FALSE
1146,44627,15-253789,11/26/2015 7:00:00 AM,2015,11,26,7,0,Thursday,545694.8428,4805492.183,-80.435706,43.400926,Non intersection,2,P.D. only,On roadway,SMV,Dawn,Municipal,No control,Unknown,FALSE,FALSE,FALSE,Clear,FALSE,HURON RD; HOMER WATSON BLVD; Near,3/4/2020 10:18:33 AM,545694.8428,4805492.183,Q4,Weekend,FALSE
1147,44628,15-254446,11/27/2015 12:15:00 PM,2015,11,27,12,15,Friday,548583.9443,4806623.864,-80.399929,43.410934,Private Drive,2,P.D. only,On roadway,Rear end,Daylight,Municipal,No control,Unknown,FALSE,FALSE,FALSE,Rain,FALSE,DEER RIDGE DR; KING ST E; Near; 10 M,3/7/2019 2:26:40 PM,548583.9443,4806623.864,Q4,Weekend,FALSE
1148,44629,15-254531,11/27/2015 2:09:00 PM,2015,11,27,14,9,Friday,541709.0909,4810678.371,-80.484529,43.447855,Intersection,2,P.D. only,Off roadway,SMV,Daylight,Regional,Sign Control,Functioning,FALSE,FALSE,FALSE,Clear,FALSE,KING ST E; EBY ST N; At,3/7/2019 2:26:40 PM,541709.0909,4810678.371,Q4,Weekend,FALSE
1149,44630,15-254619,11/27/2015 3:20:00 PM,2015,11,27,15,20,Friday,540123.0252,4809851.002,-80.504191,43.440492,Private Drive,2,P.D. only,On roadway,Intersection,Daylight,Municipal,No control,Unknown,FALSE,FALSE,FALSE,Other,FALSE,PATRICIA AVE; 80 PATRICIA AVE; Near,3/4/2020 10:18:32 AM,540123.0252,4809851.002,Q4,Weekend,FALSE
1150,44631,15-254707,11/27/2015 4:38:00 PM,2015,11,27,16,38,Friday,541952.9817,4810521.289,-80.481527,43.446427,Non intersection,2,P.D. only,Off roadway,SMV,Daylight,Regional,No control,Unknown,FALSE,FALSE,FALSE,Rain,FALSE,KING ST E; KING ST E; Near,3/4/2020 10:18:32 AM,541952.9817,4810521.289,Q4,Weekend,FALSE
1151,44632,15-254712,11/26/2015 8:00:00 PM,2015,11,26,20,0,Thursday,544216.9318,4809017.319,-80.453671,43.432755,Private Drive,2,P.D. only,On roadway,SMV,Dark,Municipal,No control,Unknown,FALSE,FALSE,FALSE,Clear,FALSE,FOURTH AVE; 52 FOURTH AV,3/4/2020 10:18:31 AM,544216.9318,4809017.319,Q4,Weekend,FALSE
1152,44633,15-254795,11/27/2015 6:15:00 PM,2015,11,27,18,15,Friday,545034.6302,4807867.797,-80.443663,43.422356,Intersection,2,P.D. only,On roadway,Rear end,Dark,Municipal,Signal Control,Functioning,FALSE,FALSE,FALSE,Rain,FALSE,KINGSWAY DR; WILSON AVE; At,3/4/2020 10:18:30 AM,545034.6302,4807867.797,Q4,Weekend,FALSE
1153,44634,15-254813,11/27/2015 8:00:00 AM,2015,11,27,8,0,Friday,541674.7903,4805474.394,-80.48535,43.401,Non intersection,2,P.D. only,On roadway,Rear end,Daylight,Municipal,No control,Unknown,FALSE,FALSE,FALSE,Rain,FALSE,TRILLIUM DR; TRILLIUM DR ; Near,3/4/2020 10:18:30 AM,541674.7903,4805474.394,Q4,Weekend,FALSE
1154,44635,15-255073,11/28/2015 6:00:00 AM,2015,11,28,6,0,Saturday,539216.7079,4805676.015,-80.51569,43.402948,Non intersection,1,Non-fatal injury,Off roadway,SMV,Dawn,Municipal,No control,Unknown,FALSE,FALSE,FALSE,Clear,FALSE,ACTIVA AVE ; BRIDLEWREATH ST; 2 M,3/4/2020 10:18:29 AM,539216.7079,4805676.015,Q4,Weekend,FALSE
1155,44636,15-255095,11/28/2015 7:50:00 AM,2015,11,28,7,50,Saturday,544168.7384,4812184.492,-80.45401,43.461275,Intersection,1,Non-fatal injury,Off roadway,SMV,Daylight,Municipal,No control,Unknown,FALSE,FALSE,FALSE,Clear,FALSE,MANCHESTER RD; PEACHWOOD AVE ; 19 M,3/4/2020 10:18:28 AM,544168.7384,4812184.492,Q4,Weekend,FALSE
1156,44637,15-255303,11/28/2015 1:46:00 PM,2015,11,28,13,46,Saturday,542058.9976,4808910.448,-80.480341,43.431917,Non intersection,1,Non-fatal injury,On roadway,SMV,Daylight,Municipal,No control,Unknown,FALSE,FALSE,FALSE,Clear,FALSE,HOFFMAN ST; 20 HOFFMAN ST; Near; 5 M,3/7/2019 2:26:39 PM,542058.9976,4808910.448,Q4,Weekend,FALSE