,OBJECTID,ACCIDENTNUM,ACCIDENTDATE,ACCIDENT_YEAR,ACCIDENT_MONTH,ACCIDENT_DAY,ACCIDENT_HOUR,ACCIDENT_MINUTE,Accident_Day,XCOORD,YCOORD,LONGITUDE,LATITUDE,Accident_Location,COLLISIONTYPE,Accident_Type,Impact_Location,Impact_Type,Light,Road_Jurisdication,Traffic_Control,Traffic_Control_Condition,Pedestrian_Involved,Cyclist_Involved,Motorcyclist_Involved,Environment_Condition,Self_Reported,XMLIMPORTNOTES,LASTEDITEDDATE,x,y,Quarter,Day_Type,Vulnerable_Involved
1229,44710,15-270820,12/19/2015 12:14:00 PM,2015,12,19,12,14,Saturday,541141.1247,4809008.629,-80.491674,43.432852,Non intersection,2,P.D. only,Off roadway,SMV,Daylight,Municipal,No control,Unknown,FALSE,FALSE,FALSE,Snow,FALSE,LORNE AVE; GOTTSCHEER CRT ; 30 M,3/4/2020 10:17:41 AM,541141.1247,4809008.629,Q4,Weekend,FALSE
1230,44711,15-270872,12/18/2015 10:15:00 PM,2015,12,18,22,15,Friday,542109.3731,4807128.453,-80.479856,43.415869,Intersection,2,P.D. only,On roadway,Rear end,Dark,Municipal,Signal Control,Functioning,FALSE,FALSE,FALSE,Snow,FALSE,BLOCK LINE RD; STRASBURG RD; Near,3/4/2020 10:17:41 AM,542109.3731,4807128.453,Q4,Weekend,FALSE
1231,44712,15-270892,12/19/2015 1:00:00 PM,2015,12,19,13,0,Saturday,543869.1053,4805062.263,-80.458286,43.397164,Intersection,2,P.D. only,Off roadway,SMV,Daylight,Municipal,No control,Unknown,FALSE,FALSE,FALSE,Snow,FALSE,MAXWELL DR; OLD HURRON RD; Near,3/4/2020 10:17:40 AM,543869.1053,4805062.263,Q4,Weekend,FALSE
1232,44713,15-270902,12/19/2015 2:15:00 PM,2015,12,19,14,15,Saturday,537091.8466,4806744.62,-80.541858,43.412678,Private Drive,2,P.D. only,On roadway,Intersection,Daylight,Municipal,No control,Unknown,FALSE,FALSE,FALSE,Clear,FALSE,CEDAR CREST ST; CEDAR CREST ST ; Near,3/4/2020 10:17:39 AM,537091.8466,4806744.62,Q4,Weekend,FALSE
1233,44714,15-270932,12/18/2015 11:45:00 PM,2015,12,18,23,45,Friday,541068,4811108,0,0,Intersection,2,P.D. only,On roadway,Rear end,Dark,Municipal,Sign Control,Functioning,FALSE,FALSE,FALSE,Clear,FALSE,STRASBURG RD; OLD COUNTRY DR; At,3/4/2020 10:17:39 AM,541068,4811108,Q4,Weekend,FALSE
1234,44715,15-270955,12/19/2015 4:36:00 PM,2015,12,19,16,36,Saturday,541068,4811108,0,0,Private Drive,2,P.D. only,On roadway,Intersection,Dark,Municipal,Sign Control,Functioning,FALSE,FALSE,FALSE,Snow,FALSE,GATEWAY PARK DR ; KING ST E; 6 M,3/4/2020 10:17:38 AM,541068,4811108,Q4,Weekend,FALSE
1235,44716,15-270999,12/19/2015 6:34:00 PM,2015,12,19,18,34,Saturday,544048.3967,4808884.497,-80.455764,43.431569,Intersection,2,P.D. only,Off roadway,SMV,Dark,Municipal,No control,Unknown,FALSE,FALSE,FALSE,Snow,FALSE,CONNAUGHT ST ; THIRD AVE; At,3/4/2020 10:17:37 AM,544048.3967,4808884.497,Q4,Weekend,FALSE
1236,44717,15-271091,12/19/2015 9:44:00 PM,2015,12,19,21,44,Saturday,541068,4811108,0,0,Non intersection,2,P.D. only,Other,SMV,Dark,Municipal,No control,Unknown,FALSE,FALSE,FALSE,Clear,FALSE,MONTANA CRES ; MONTANA CRES.; At; 1 M,3/4/2020 10:17:37 AM,541068,4811108,Q4,Weekend,FALSE
1237,44718,15-271253,12/20/2015 3:22:00 AM,2015,12,20,3,22,Sunday,541011.0865,4810215.072,-80.49319,43.443722,Intersection,1,Non-fatal injury,Off roadway,SMV,Dark,Municipal,No control,Unknown,FALSE,FALSE,FALSE,Clear,FALSE,BENTON ST; BRUDER AVE ; At; 1.5 M,3/4/2020 10:17:36 AM,541011.0865,4810215.072,Q4,Weekend,FALSE
1238,44719,15-271420,12/19/2015 9:30:00 AM,2015,12,19,9,30,Saturday,545876.9734,4803595.38,-80.433616,43.383836,Non intersection,2,P.D. only,Off roadway,SMV,Daylight,Municipal,No control,Unknown,FALSE,FALSE,FALSE,Snow,FALSE,FISCHER CRT; PINE VALLEY DR ; 100 M,3/4/2020 10:17:35 AM,545876.9734,4803595.38,Q4,Weekend,FALSE
1239,44720,15-271503,12/18/2015 7:15:00 AM,2015,12,18,7,15,Friday,544291.8931,4808781.138,-80.452764,43.430624,Private Drive,2,P.D. only,Off roadway,SMV,Dark,Municipal,No control,Unknown,FALSE,FALSE,FALSE,Clear,FALSE,CONNAUGHT ST; CONNAUGHT ST ; At,3/4/2020 10:17:35 AM,544291.8931,4808781.138,Q4,Weekend,FALSE
1240,44721,15-271694,12/20/2015 9:55:00 PM,2015,12,20,21,55,Sunday,546198.969,4803653.438,-80.429636,43.384339,Private Drive,2,P.D. only,Off roadway,SMV,Dark,Municipal,No control,Unknown,FALSE,FALSE,FALSE,Clear,FALSE,DOON MILLS DR ; 74 DOON MILLS DR; 0 M,3/4/2020 10:17:34 AM,546198.969,4803653.438,Q4,Weekend,FALSE
1241,44722,15-271863,12/21/2015 9:08:00 AM,2015,12,21,9,8,Monday,545329.9246,4806448.073,-80.440133,43.409555,Non intersection,2,P.D. only,On roadway,Intersection,Daylight,Municipal,No control,Unknown,FALSE,FALSE,FALSE,Rain,FALSE,WABANAKI DR; WILSON AVE ; 100 M,3/4/2020 10:17:33 AM,545329.9246,4806448.073,Q4,Working,FALSE
1242,44723,15-272011,12/21/2015 1:15:00 PM,2015,12,21,13,15,Monday,545850.2553,4809755.793,-80.433429,43.439306,Intersection,2,P.D. only,On roadway,Rear end,Daylight,Municipal,Signal Control,Functioning,FALSE,FALSE,FALSE,Rain,FALSE,RIVER RD E; OLD CHICOPEE DR; At,3/4/2020 10:17:33 AM,545850.2553,4809755.793,Q4,Working,FALSE
1243,44724,15-272151,12/21/2015 4:40:00 PM,2015,12,21,16,40,Monday,542481.0786,4806636.672,-80.475303,43.41142,Intersection,2,P.D. only,On roadway,Rear end,Dark,Municipal,No control,Unknown,FALSE,FALSE,FALSE,Rain,FALSE,STRASBURG RD; OLD COUNTRY DRIVE; Near; 50 M,3/4/2020 10:17:32 AM,542481.0786,4806636.672,Q4,Working,FALSE
1244,44725,15-272153,12/21/2015 4:20:00 PM,2015,12,21,16,20,Monday,543203.7251,4804493.785,-80.466547,43.392084,Intersection,2,P.D. only,On roadway,Rear end,Dusk,Regional,Sign Control,Functioning,FALSE,FALSE,FALSE,Rain,FALSE,STRASBURG RD ; HURON RD,3/4/2020 10:17:31 AM,543203.7251,4804493.785,Q4,Working,FALSE
1245,44726,15-272188,12/20/2015 3:00:00 PM,2015,12,20,15,0,Sunday,541068,4811108,0,0,Non intersection,2,P.D. only,Off roadway,SMV,Daylight,Municipal,No control,Unknown,FALSE,FALSE,FALSE,Clear,FALSE,RALGREEN CRES; RALGREEN CRES ; At,3/4/2020 10:17:31 AM,541068,4811108,Q4,Weekend,FALSE
1246,44727,15-272190,12/19/2015 6:00:00 PM,2015,12,19,18,0,Saturday,541068,4811108,0,0,Non intersection,2,P.D. only,On roadway,SMV,Dark,Municipal,No control,Unknown,FALSE,FALSE,FALSE,Clear,FALSE,MANOR DR; MANOR DR; Near,3/4/2020 10:17:30 AM,541068,4811108,Q4,Weekend,FALSE
1247,44728,15-272202,12/21/2015 5:40:00 PM,2015,12,21,17,40,Monday,541581.6008,4803998.159,-80.486613,43.387713,Non intersection,2,P.D. only,Off roadway,SMV,Dark,Municipal,No control,Unknown,FALSE,FALSE,FALSE,Rain,FALSE,SEABROOK DR; 19 SEABROOK DR; At; 2 M,3/4/2020 10:17:29 AM,541581.6008,4803998.159,Q4,Working,FALSE
1248,44729,15-272356,12/21/2015 10:24:00 PM,2015,12,21,22,24,Monday,543072.2741,4805497.157,-80.468091,43.401126,Intersection,2,P.D. only,On roadway,Intersection,Dark,Municipal,Sign Control,Functioning,FALSE,FALSE,FALSE,Rain,FALSE,TRILLIUM DR; STRASBURG RD,3/4/2020 10:17:29 AM,543072.2741,4805497.157,Q4,Working,FALSE
1249,44730,15-272581,12/22/2015 9:49:00 AM,2015,12,22,9,49,Tuesday,541342.5709,4810659.565,-80.48906,43.447706,Intersection,1,Non-fatal injury,On roadway,Intersection,Daylight,Regional,Sign Control,Functioning,FALSE,FALSE,FALSE,Other,FALSE,BENTON ST; CHURCH ST,3/4/2020 10:17:28 AM,541342.5709,4810659.565,Q4,Working,FALSE
1250,44731,15-272660,12/22/2015 11:44:00 AM,2015,12,22,11,44,Tuesday,545270.8842,4807765.757,-80.440753,43.421423,Private Drive,2,P.D. only,On roadway,Intersection,Daylight,Regional,No control,Unknown,FALSE,FALSE,FALSE,Clear,FALSE,WILSON AVE ; FAIRWAY RD S; 40 M,3/4/2020 10:17:27 AM,545270.8842,4807765.757,Q4,Working,FALSE
1251,44732,15-272750,12/22/2015 10:30:00 AM,2015,12,22,10,30,Tuesday,542944.3624,4811340.614,-80.469211,43.453748,Intersection,2,P.D. only,On roadway,Intersection,Daylight,Municipal,Sign Control,Functioning,FALSE,FALSE,FALSE,Rain,FALSE,KRUG ST; DUMFRIES AVE; At,3/4/2020 10:17:27 AM,542944.3624,4811340.614,Q4,Working,FALSE
1252,44733,15-272979,12/22/2015 7:27:00 PM,2015,12,22,19,27,Tuesday,542351.1089,4805710.497,-80.47698,43.403088,Non intersection,2,P.D. only,Off roadway,SMV,Dusk,Municipal,No control,Unknown,FALSE,FALSE,FALSE,Clear,FALSE,MCINTYRE DR ; TRILLIUM DR ; 1 K,3/4/2020 10:17:26 AM,542351.1089,4805710.497,Q4,Working,FALSE
1253,44734,15-273025,12/18/2015 3:30:00 PM,2015,12,18,15,30,Friday,540173.471,4809411.5,-80.5036,43.436532,Intersection,1,Non-fatal injury,On roadway,Rear end,Daylight,Regional,Signal Control,Functioning,FALSE,FALSE,FALSE,Clear,FALSE,BELMONT AVE E; QUEENS BLVD; At,3/4/2020 10:17:26 AM,540173.471,4809411.5,Q4,Weekend,FALSE
1254,44735,15-273533,12/23/2015 2:00:00 PM,2015,12,23,14,0,Wednesday,543897.4983,4810964.701,-80.457461,43.450308,Non intersection,2,P.D. only,On roadway,Other,Daylight,Municipal,No control,Unknown,FALSE,FALSE,FALSE,Clear,FALSE,MANCHESTER RD; MANCHESTER RD ; Near,3/4/2020 10:17:25 AM,543897.4983,4810964.701,Q4,Working,FALSE
1255,44736,15-273630,12/23/2015 6:00:00 PM,2015,12,23,18,0,Wednesday,539525.826,4811458.97,-80.511454,43.455002,Intersection,2,P.D. only,On roadway,Intersection,Daylight,Municipal,No control,Unknown,FALSE,FALSE,FALSE,Clear,FALSE,PARK ST; GILDNER ST ; At,3/4/2020 10:17:24 AM,539525.826,4811458.97,Q4,Working,FALSE
1256,44737,15-274193,12/24/2015 3:49:00 PM,2015,12,24,15,49,Thursday,545256.502,4807761.662,-80.440931,43.421387,Private Drive,2,P.D. only,On roadway,Intersection,Daylight,Municipal,No control,Unknown,FALSE,FALSE,FALSE,Clear,FALSE,WILSON AVE; FAIRWAY RD S; Near; 30 M,3/4/2020 10:17:24 AM,545256.502,4807761.662,Q4,Weekend,FALSE
1257,44738,15-274452,12/25/2015 5:25:00 AM,2015,12,25,5,25,Friday,541068,4811108,0,0,Non intersection,1,Non-fatal injury,Off roadway,SMV,Dawn,Regional,No control,Unknown,FALSE,FALSE,FALSE,Clear,FALSE,STIRLING AVE S; STIRLING AVE S; 1 M,3/4/2020 10:17:23 AM,541068,4811108,Q4,Weekend,FALSE
1258,44739,15-274528,12/24/2015 5:30:00 AM,2015,12,24,5,30,Thursday,537349.2656,4809589.291,-80.538484,43.438279,Other,2,P.D. only,Off roadway,SMV,Dark,Other,No control,Unknown,FALSE,FALSE,FALSE,Clear,FALSE,PRIVATE DRIVE; STOKE DR,3/4/2020 10:17:22 AM,537349.2656,4809589.291,Q4,Weekend,FALSE
1259,44740,15-274980,12/23/2015 5:15:00 PM,2015,12,23,17,15,Wednesday,541068,4811108,0,0,Private Drive,2,P.D. only,On roadway,Intersection,Daylight,Municipal,No control,Unknown,FALSE,FALSE,FALSE,Clear,FALSE,KINGSWAY DR; 2960 KINGSWAY DR; At,3/4/2020 10:17:22 AM,541068,4811108,Q4,Working,FALSE
1260,44741,15-274981,12/24/2015 1:10:00 PM,2015,12,24,13,10,Thursday,541068,4811108,0,0,Intersection,2,P.D. only,On roadway,Intersection,Daylight,Municipal,Sign Control,Functioning,FALSE,FALSE,FALSE,Clear,FALSE,MOUNTAIN LAUREL CRES; BERRY MOSS ST; At,3/4/2020 10:17:21 AM,541068,4811108,Q4,Weekend,FALSE
1261,44742,15-275279,12/26/2015 10:21:00 PM,2015,12,26,22,21,Saturday,541874.7202,4810744.813,-80.482477,43.448444,Intersection,2,P.D. only,On roadway,Intersection,Dark,Municipal,Sign Control,Functioning,FALSE,FALSE,FALSE,Rain,FALSE,CEDAR ST N; DUKE ST E; At,3/4/2020 10:17:20 AM,541874.7202,4810744.813,Q4,Weekend,FALSE
1262,44743,15-275362,12/27/2015 1:16:00 AM,2015,12,27,1,16,Sunday,541068,4811108,0,0,Private Drive,2,P.D. only,On roadway,SMV,Dark,Municipal,No control,Unknown,FALSE,FALSE,FALSE,Rain,FALSE,YARROW CRT; 3 YARROW CRT; Near; 5 M,3/4/2020 10:17:20 AM,541068,4811108,Q4,Weekend,FALSE
1263,44744,15-275530,12/24/2015 6:00:00 PM,2015,12,24,18,0,Thursday,541068,4811108,0,0,Private Drive,2,P.D. only,On roadway,SMV,Dark,Municipal,No control,Unknown,FALSE,FALSE,FALSE,Clear,FALSE,NORTHMANOR CRES; 208 NORTHMANOR CRES; Near,3/4/2020 10:17:19 AM,541068,4811108,Q4,Weekend,FALSE
1264,44745,15-275571,12/26/2015 8:00:00 PM,2015,12,26,20,0,Saturday,539515.4668,4805559.145,-80.512009,43.40188,Non intersection,2,P.D. only,On roadway,SMV,Dark,Municipal,No control,Unknown,FALSE,FALSE,FALSE,Clear,FALSE,PERIWINKLE ST; 156 PERIWINKLE ST; At; 2 M,3/4/2020 10:17:18 AM,539515.4668,4805559.145,Q4,Weekend,FALSE
1265,44746,15-276138,12/19/2015 7:45:00 PM,2015,12,19,19,45,Saturday,542291.0114,4803927.708,-80.47786,43.387039,Private Drive,2,P.D. only,On roadway,Other,Dark,Municipal,No control,Unknown,FALSE,FALSE,FALSE,Clear,FALSE,MAITLAND ST; MAITLAND ST ; Near,3/4/2020 10:17:18 AM,542291.0114,4803927.708,Q4,Weekend,FALSE
1266,44747,15-276193,12/28/2015 2:06:00 PM,2015,12,28,14,6,Monday,544755.2074,4808023.09,-80.447102,43.423771,Intersection,2,P.D. only,On roadway,Intersection,Daylight,Municipal,Signal Control,Functioning,FALSE,FALSE,FALSE,Clear,FALSE,TRAYNOR AVE ; WILSON AVE ; At,3/4/2020 10:17:17 AM,544755.2074,4808023.09,Q4,Working,FALSE
1267,44748,15-276454,12/28/2015 9:44:00 PM,2015,12,28,21,44,Monday,545611.409,4807939.974,-80.436532,43.422971,Private Drive,2,P.D. only,On roadway,SMV,Dusk,Regional,No control,Unknown,FALSE,FALSE,FALSE,Snow,FALSE,FAIRWAY RD S; 200 FAIRWAY RD S; 10 M,3/4/2020 10:17:16 AM,545611.409,4807939.974,Q4,Working,FALSE
1268,44749,15-276594,12/28/2015 6:15:00 PM,2015,12,28,18,15,Monday,541068,4811108,0,0,Intersection,2,P.D. only,On roadway,Intersection,Dark,Municipal,Sign Control,Functioning,FALSE,FALSE,FALSE,Snow,FALSE,LENNOX LEWIS WAY; BLOCK LINE RD; At,3/4/2020 10:17:16 AM,541068,4811108,Q4,Working,FALSE
1269,44750,15-276620,12/28/2015 6:30:00 PM,2015,12,28,18,30,Monday,541068,4811108,0,0,Non intersection,2,P.D. only,On roadway,Rear end,Daylight,Regional,No control,Unknown,FALSE,FALSE,FALSE,Snow,FALSE,KING ST E; OTTAWA ST N; Near,3/4/2020 10:17:15 AM,541068,4811108,Q4,Working,FALSE
1270,44751,15-277072,12/29/2015 9:00:00 AM,2015,12,29,9,0,Tuesday,541068,4811108,0,0,Private Drive,2,P.D. only,On roadway,SMV,Daylight,Municipal,No control,Unknown,FALSE,FALSE,FALSE,Clear,FALSE,PATHFINDER CRES; PATHFINDER CRES ; Near,3/4/2020 10:17:14 AM,541068,4811108,Q4,Working,FALSE
1271,44752,15-277094,12/29/2015 8:00:00 PM,2015,12,29,20,0,Tuesday,541068,4811108,0,0,Private Drive,2,P.D. only,On roadway,SMV,Dark,Municipal,No control,Unknown,FALSE,FALSE,FALSE,Clear,FALSE,ROLLING MEADOWS DR; 30 ROLLING MEADOWS DR,3/4/2020 10:17:14 AM,541068,4811108,Q4,Working,FALSE
1272,44753,15-277447,12/30/2015 1:20:00 PM,2015,12,30,13,20,Wednesday,544742.4034,4810001.795,-80.447098,43.441588,Intersection,2,P.D. only,On roadway,Intersection,Daylight,Municipal,Sign Control,Functioning,FALSE,FALSE,FALSE,Rain,FALSE,FRANKLIN ST N; KENNETH AVE,3/4/2020 10:17:13 AM,544742.4034,4810001.795,Q4,Working,FALSE
1273,44754,15-277896,12/31/2015 10:00:00 AM,2015,12,31,10,0,Thursday,541068,4811108,0,0,Private Drive,2,P.D. only,On roadway,Intersection,Daylight,Municipal,No control,Unknown,FALSE,FALSE,FALSE,Clear,FALSE,BELMONT AVE W; 535 BELMONT AV W; 2 M,3/4/2020 10:17:12 AM,541068,4811108,Q4,Weekend,FALSE
1274,44755,15-277936,12/30/2015 3:00:00 PM,2015,12,30,15,0,Wednesday,540420.6522,4809584.567,-80.500533,43.438077,Private Drive,2,P.D. only,On roadway,Intersection,Daylight,Municipal,Other,Functioning,FALSE,FALSE,FALSE,Clear,FALSE,QUEENS BLVD; QUEENS BLVD,3/4/2020 10:17:12 AM,540420.6522,4809584.567,Q4,Working,FALSE
1275,44756,15-278126,12/31/2015 3:56:00 PM,2015,12,31,15,56,Thursday,544931.9514,4808212.958,-80.444903,43.42547,Private Drive,2,P.D. only,On roadway,Intersection,Daylight,Regional,Sign Control,Functioning,FALSE,FALSE,FALSE,Clear,FALSE,GREENFIELD AVE; 518 GRENFIELD AVE; Near; 3 M,3/4/2020 10:17:11 AM,544931.9514,4808212.959,Q4,Weekend,FALSE
1276,44757,16-000325,1/1/2016 12:31:00 PM,2016,1,1,12,31,Friday,536335.8469,4808962.817,-80.551048,43.432688,Non intersection,2,P.D. only,On roadway,SMV,Daylight,Municipal,No control,Unknown,FALSE,FALSE,FALSE,Snow,FALSE,HUCK CRES; 294 HUCK CR; At; 0 M,3/4/2020 10:17:10 AM,536335.8469,4808962.817,Q1,Weekend,FALSE
1277,44758,16-000330,1/1/2016 1:00:00 AM,2016,1,1,1,0,Friday,539812.2353,4805644.294,-80.508338,43.402631,Private Drive,2,P.D. only,On roadway,SMV,Dark,Municipal,No control,Unknown,FALSE,FALSE,FALSE,Clear,FALSE,COPPER LEAF CRES; COPPER LEAF CRES,3/4/2020 10:17:10 AM,539812.2353,4805644.294,Q1,Weekend,FALSE
1278,44759,16-000393,1/1/2016 12:50:00 PM,2016,1,1,12,50,Friday,538935.4812,4807836.619,-80.519009,43.422417,Non intersection,2,P.D. only,Off roadway,SMV,Daylight,Municipal,No control,Unknown,FALSE,FALSE,FALSE,Snow,FALSE,FOREST GLEN CRES; FORESTWOOD DR; 200 M,3/4/2020 10:17:09 AM,538935.4812,4807836.619,Q1,Weekend,FALSE
1279,44760,16-000423,1/1/2016 3:25:00 PM,2016,1,1,15,25,Friday,538616.6188,4808812.008,-80.522879,43.431216,Non intersection,1,Non-fatal injury,On roadway,Intersection,Daylight,Municipal,No control,Unknown,FALSE,FALSE,FALSE,Clear,FALSE,OVERLEA DR; OVERLEA CRES ; 20 M,3/4/2020 10:17:08 AM,538616.6188,4808812.008,Q1,Weekend,FALSE
1280,44761,16-000511,1/1/2016 6:20:00 PM,2016,1,1,18,20,Friday,541068,4811108,0,0,Non intersection,1,Non-fatal injury,Off roadway,SMV,Dark,Municipal,No control,Unknown,FALSE,FALSE,FALSE,Snow,FALSE,BIRCH AVE; 55 BIRCH AVE ; At; 5 M,3/4/2020 10:17:08 AM,541068,4811108,Q1,Weekend,FALSE
1281,44762,16-000523,1/1/2016 6:50:00 PM,2016,1,1,18,50,Friday,537591.1945,4808596.2,-80.535563,43.429325,Non intersection,2,P.D. only,On roadway,SMV,Dark,Regional,No control,Unknown,FALSE,FALSE,FALSE,Snow,FALSE,BANKSIDE DR; BANKSIDE CRES ; Near; 15 M,3/4/2020 10:17:07 AM,537591.1945,4808596.2,Q1,Weekend,FALSE
1282,44763,16-000912,1/1/2016 8:00:00 PM,2016,1,1,20,0,Friday,541068,4811108,0,0,Intersection,1,Non-fatal injury,On roadway,Rear end,Dark,Municipal,Signal Control,Functioning,FALSE,FALSE,FALSE,Snow,FALSE,FRANKLIN ST S; KINGSWAY DR; Near,3/4/2020 10:17:06 AM,541068,4811108,Q1,Weekend,FALSE
1283,44764,16-001240,1/2/2016 11:34:00 PM,2016,1,2,23,34,Saturday,541068,4811108,0,0,Non intersection,2,P.D. only,Off roadway,SMV,Dark,Municipal,No control,Unknown,FALSE,FALSE,FALSE,Snow,FALSE,OLYMPIC DR; PATTADON AV; 50 M,3/4/2020 10:17:05 AM,541068,4811108,Q1,Weekend,FALSE
1284,44765,16-001272,1/3/2016 12:40:00 AM,2016,1,3,0,40,Sunday,541068,4811108,0,0,Private Drive,2,P.D. only,On roadway,SMV,Dark,Municipal,No control,Unknown,FALSE,FALSE,FALSE,Clear,FALSE,GRULKE ST ; 156 GRULKE ST; At; 1 M,3/4/2020 10:17:05 AM,541068,4811108,Q1,Weekend,FALSE
1285,44766,16-001681,1/3/2016 4:35:00 PM,2016,1,3,16,35,Sunday,544760.6446,4811447.057,-80.446754,43.4546,Intersection,1,Non-fatal injury,On roadway,Rear end,Daylight,Regional,Signal Control,Functioning,FALSE,FALSE,FALSE,Clear,FALSE,RIVER RD E; HICKSON DR; 25 M,3/4/2020 10:17:04 AM,544760.6446,4811447.057,Q1,Weekend,FALSE
1286,44767,16-002048,1/4/2016 9:09:00 AM,2016,1,4,9,9,Monday,541068,4811108,0,0,Non intersection,2,Non-reportable,Off roadway,SMV,Daylight,Municipal,No control,Unknown,FALSE,FALSE,FALSE,Clear,FALSE,ONTARIO ST N; DUKE ST W; Near; 10 M,3/4/2020 10:17:03 AM,541068,4811108,Q1,Working,FALSE
1287,44768,16-002214,1/4/2016 1:11:00 PM,2016,1,4,13,11,Monday,541231.2407,4810948.643,-80.490414,43.450315,Intersection,2,P.D. only,On roadway,Rear end,Daylight,Municipal,Signal Control,Functioning,FALSE,FALSE,FALSE,Clear,FALSE,ONTARIO ST N; KING ST W; At,3/4/2020 10:17:03 AM,541231.2407,4810948.643,Q1,Working,FALSE
1288,44769,16-002221,1/4/2016 1:15:00 PM,2016,1,4,13,15,Monday,543799.8754,4812589.128,-80.458537,43.46494,Intersection,2,P.D. only,On roadway,Intersection,Daylight,Municipal,No control,Unknown,FALSE,FALSE,FALSE,Clear,FALSE,FREDERICK ST; AVON RD; At,3/4/2020 10:17:02 AM,543799.8754,4812589.128,Q1,Working,FALSE
1289,44770,16-002245,12/26/2015 6:25:00 PM,2015,12,26,18,25,Saturday,541068,4811108,0,0,Private Drive,2,P.D. only,Off roadway,SMV,Dark,Municipal,No control,Unknown,FALSE,FALSE,FALSE,Clear,FALSE,FAIRBANK PL; 204 RITTENHOUSE RD; At,3/4/2020 10:17:01 AM,541068,4811108,Q4,Weekend,FALSE
1290,44771,16-002347,1/4/2016 3:41:00 PM,2016,1,4,15,41,Monday,541068,4811108,0,0,Private Drive,2,P.D. only,On roadway,Intersection,Daylight,Municipal,Sign Control,Functioning,FALSE,FALSE,FALSE,Clear,FALSE,WILSON AVE ; 200 FAIRWAY RD S; 5 M,3/4/2020 10:17:01 AM,541068,4811108,Q1,Working,FALSE
1291,44772,16-002427,1/4/2016 6:15:00 PM,2016,1,4,18,15,Monday,540793.5677,4809117.912,-80.49596,43.433855,Intersection,1,Non-fatal injury,Off roadway,SMV,Dark,Municipal,Sign Control,Functioning,FALSE,FALSE,FALSE,Clear,FALSE,MAUSSER AVE ; STIRLING AVE S ; At,3/4/2020 10:16:59 AM,540793.5677,4809117.912,Q1,Working,FALSE
1292,44773,16-002726,1/5/2016 8:25:00 AM,2016,1,5,8,25,Tuesday,541855.9639,4807586.114,-80.482951,43.420004,Non intersection,2,P.D. only,On roadway,SMV,Daylight,Municipal,No control,Unknown,FALSE,FALSE,FALSE,Clear,FALSE,LUCERNE DR; LUCERNE DR ; Near; 2 M,3/4/2020 10:16:59 AM,541855.9639,4807586.114,Q1,Working,FALSE
1293,44774,16-003180,1/5/2016 7:03:00 PM,2016,1,5,19,3,Tuesday,541905.629,4810549.759,-80.48211,43.446686,Intersection,2,P.D. only,On roadway,Intersection,Dark,Regional,Sign Control,Functioning,FALSE,FALSE,FALSE,Clear,FALSE,MADISON AVE N; KING ST E; At; 10 M,3/4/2020 10:16:58 AM,541905.629,4810549.759,Q1,Working,FALSE
1294,44775,16-003490,1/6/2016 7:56:00 AM,2016,1,6,7,56,Wednesday,540155.2533,4811287.77,-80.503687,43.453427,Intersection,1,Non-fatal injury,On roadway,SMV,Daylight,Municipal,Sign Control,Functioning,TRUE,FALSE,FALSE,Clear,FALSE,WALTER ST; WELLINGTON ST S; At,3/4/2020 10:16:57 AM,540155.2533,4811287.77,Q1,Working,FALSE
1295,44776,16-003498,1/3/2016 1:30:00 PM,2016,1,3,13,30,Sunday,542808.0087,4811509.561,-80.470883,43.455277,Private Drive,2,P.D. only,Off roadway,SMV,Daylight,Municipal,No control,Unknown,FALSE,FALSE,FALSE,Clear,FALSE,DUMFRIES AVE; DUMFRIES AVE ; Near,3/4/2020 10:16:57 AM,542808.0087,4811509.561,Q1,Weekend,FALSE
1296,44777,16-003652,1/6/2016 11:04:00 AM,2016,1,6,11,4,Wednesday,541068,4811108,0,0,Intersection,1,Non-fatal injury,On roadway,Intersection,Daylight,Municipal,Sign Control,Functioning,FALSE,FALSE,FALSE,Clear,FALSE,GLASGOW ST ; YORK ST,3/4/2020 10:16:56 AM,541068,4811108,Q1,Working,FALSE
1297,44778,16-003816,1/6/2016 2:06:00 PM,2016,1,6,14,6,Wednesday,540552.4496,4805590.06,-80.499201,43.402103,Non intersection,2,P.D. only,Off roadway,SMV,Daylight,Municipal,No control,Unknown,FALSE,FALSE,FALSE,Clear,FALSE,HELENA FEASBY ST; HARDING ST ; 33 M,3/4/2020 10:16:55 AM,540552.4496,4805590.06,Q1,Working,FALSE
1298,44779,16-003838,1/6/2016 2:40:00 PM,2016,1,6,14,40,Wednesday,541068,4811108,0,0,Intersection,2,P.D. only,On roadway,Rear end,Daylight,Municipal,No control,Unknown,FALSE,FALSE,FALSE,Clear,FALSE,FRANKLIN ST N; DALEWOOD DR ; At,3/4/2020 10:16:55 AM,541068,4811108,Q1,Working,FALSE
1299,44780,16-004061,1/5/2016 8:20:00 PM,2016,1,5,20,20,Tuesday,541068,4811108,0,0,Private Drive,2,P.D. only,On roadway,Other,Dark,Municipal,No control,Unknown,FALSE,FALSE,FALSE,Clear,FALSE,WILDERNESS DR; 115 WILDERNESS DR; At,3/4/2020 10:16:54 AM,541068,4811108,Q1,Working,FALSE
1300,44781,16-004424,1/7/2016 8:50:00 AM,2016,1,7,8,50,Thursday,541068,4811108,0,0,Private Drive,2,P.D. only,On roadway,SMV,Daylight,Municipal,No control,Unknown,FALSE,FALSE,FALSE,Clear,FALSE,VILLAGE RD; 254 VILLAGE RD; 9 M,3/4/2020 10:16:53 AM,541068,4811108,Q1,Weekend,FALSE
1301,44782,16-004486,1/6/2016 9:15:00 PM,2016,1,6,21,15,Wednesday,538118.0048,4809533.508,-80.528989,43.437738,Non intersection,2,P.D. only,Off roadway,SMV,Dark,Municipal,No control,Unknown,FALSE,FALSE,FALSE,Clear,FALSE,FENWICK CRT; FENWICK CRT ; Near,3/4/2020 10:16:53 AM,538118.0048,4809533.508,Q1,Working,FALSE
1302,44783,16-005182,1/8/2016 9:05:00 AM,2016,1,8,9,5,Friday,541068,4811108,0,0,Intersection,2,P.D. only,On roadway,Intersection,Daylight,Municipal,Sign Control,Functioning,FALSE,FALSE,FALSE,Clear,FALSE,LOUISA ST; ST LEGER ST,3/4/2020 10:16:52 AM,541068,4811108,Q1,Weekend,FALSE