,OBJECTID,ACCIDENTNUM,ACCIDENTDATE,ACCIDENT_YEAR,ACCIDENT_MONTH,ACCIDENT_DAY,ACCIDENT_HOUR,ACCIDENT_MINUTE,Accident_Day,XCOORD,YCOORD,LONGITUDE,LATITUDE,Accident_Location,COLLISIONTYPE,Accident_Type,Impact_Location,Impact_Type,Light,Road_Jurisdication,Traffic_Control,Traffic_Control_Condition,Pedestrian_Involved,Cyclist_Involved,Motorcyclist_Involved,Environment_Condition,Self_Reported,XMLIMPORTNOTES,LASTEDITEDDATE,x,y,Quarter,Day_Type,Vulnerable_Involved
1303,44784,16-005315,1/8/2016 12:00:00 PM,2016,1,8,12,0,Friday,541068,4811108,0,0,Private Drive,2,P.D. only,On roadway,Rear end,Daylight,Municipal,No control,Unknown,FALSE,FALSE,FALSE,Clear,FALSE,MAX BECKER DR ; 219 MAX BECKER DR; At; 5 M,3/4/2020 10:16:51 AM,541068,4811108,Q1,Weekend,FALSE
1304,44785,16-005410,1/8/2016 12:15:00 PM,2016,1,8,12,15,Friday,546774.2281,4804112.748,-80.422495,43.388439,Intersection,2,P.D. only,On roadway,Intersection,Daylight,Municipal,No control,Unknown,FALSE,FALSE,FALSE,Clear,FALSE,DOON SOUTH RD; DOON VILLAGE RD; At,3/4/2020 10:16:51 AM,546774.2281,4804112.748,Q1,Weekend,FALSE
1305,44786,16-005481,1/7/2016 9:00:00 AM,2016,1,7,9,0,Thursday,539960.7974,4808411.578,-80.506301,43.42754,Non intersection,2,P.D. only,On roadway,Rear end,Daylight,Municipal,No control,Unknown,FALSE,FALSE,FALSE,Clear,FALSE,VILLAGE RD; WESTMOUNT RD E; Near,3/4/2020 10:16:50 AM,539960.7974,4808411.578,Q1,Weekend,FALSE
1306,44787,16-005512,1/8/2016 3:45:00 PM,2016,1,8,15,45,Friday,541068,4811108,0,0,Intersection,2,P.D. only,On roadway,Intersection,Daylight,Municipal,Sign Control,Functioning,FALSE,FALSE,FALSE,Clear,FALSE,RIVER RD E; HALLIWELL DR; At,3/4/2020 10:16:49 AM,541068,4811108,Q1,Weekend,FALSE
1307,44788,16-005599,1/8/2016 6:46:00 PM,2016,1,8,18,46,Friday,541068,4811108,0,0,Non intersection,1,Non-fatal injury,On roadway,Other,Dark,Municipal,No control,Unknown,FALSE,FALSE,FALSE,Rain,FALSE,GUELPH ST ; CLIFTON RD ; 50 M,3/4/2020 10:16:49 AM,541068,4811108,Q1,Weekend,FALSE
1308,44789,16-006181,12/25/2015 2:30:00 PM,2015,12,25,14,30,Friday,541068,4811108,0,0,Private Drive,2,P.D. only,Off roadway,SMV,Daylight,Municipal,No control,Unknown,FALSE,FALSE,FALSE,Clear,FALSE,SUGAR MAPLE ST; SUGAR MAPLE ST ; Near,3/4/2020 10:16:48 AM,541068,4811108,Q4,Weekend,FALSE
1309,44790,16-006355,1/9/2016 6:15:00 PM,2016,1,9,18,15,Saturday,542108.3837,4807131.335,-80.479868,43.415895,Intersection,1,Non-fatal injury,On roadway,SMV,Dark,Regional,Signal Control,Functioning,TRUE,FALSE,FALSE,Other,FALSE,STRASBURG RD ; BLOCK LINE RD,3/4/2020 10:16:47 AM,542108.3837,4807131.335,Q1,Weekend,FALSE
1310,44791,16-006790,1/10/2016 1:35:00 AM,2016,1,10,1,35,Sunday,541068,4811108,0,0,Non intersection,2,P.D. only,On roadway,SMV,Dark,Municipal,No control,Unknown,FALSE,FALSE,FALSE,Clear,FALSE,WABANAKI DR; WILSON AVE; Near,3/4/2020 10:16:46 AM,541068,4811108,Q1,Weekend,FALSE
1311,44792,16-006959,1/9/2016 9:00:00 PM,2016,1,9,21,0,Saturday,541068,4811108,0,0,Private Drive,2,P.D. only,Off roadway,SMV,Dark,Municipal,No control,Unknown,FALSE,FALSE,FALSE,Rain,FALSE,RAUCH CRT; RAUCH CRT ; Near,3/4/2020 10:16:46 AM,541068,4811108,Q1,Weekend,FALSE
1312,44793,16-006969,1/10/2016 1:29:00 PM,2016,1,10,13,29,Sunday,545367.6691,4808264.52,-80.439516,43.425908,Private Drive,1,Non-fatal injury,On roadway,Intersection,Daylight,Municipal,No control,Unknown,FALSE,FALSE,FALSE,Snow,FALSE,KINGSWAY DR; KINGSWAY DR ; 3 M,3/4/2020 10:16:45 AM,545367.6691,4808264.52,Q1,Weekend,FALSE
1313,44794,16-007028,1/10/2016 3:00:00 PM,2016,1,10,15,0,Sunday,541068,4811108,0,0,Intersection,2,P.D. only,On roadway,Rear end,Daylight,Municipal,Signal Control,Functioning,FALSE,FALSE,FALSE,Snow,FALSE,MILL ST ; STIRLING AVE S; At,3/4/2020 10:16:44 AM,541068,4811108,Q1,Weekend,FALSE
1314,44795,16-007031,1/10/2016 3:13:00 PM,2016,1,10,15,13,Sunday,539107.7591,4808797.512,-80.516812,43.43106,Non intersection,2,P.D. only,Off roadway,SMV,Daylight,Municipal,No control,Unknown,FALSE,FALSE,FALSE,Snow,FALSE,QUEENS BLVD ; KELLY DR ; 100 M,3/4/2020 10:16:44 AM,539107.7591,4808797.512,Q1,Weekend,FALSE
1315,44796,16-007057,1/10/2016 4:00:00 PM,2016,1,10,16,0,Sunday,541068,4811108,0,0,Non intersection,1,Non-fatal injury,On roadway,Rear end,Daylight,Municipal,No control,Unknown,FALSE,FALSE,FALSE,Snow,FALSE,QUEENS BLVD ; FISCHER HALLMAN RD ; 100 M,3/4/2020 10:16:43 AM,541068,4811108,Q1,Weekend,FALSE
1316,44797,16-007065,1/10/2016 4:09:00 PM,2016,1,10,16,9,Sunday,541068,4811108,0,0,Intersection,2,P.D. only,On roadway,Intersection,Daylight,Municipal,Signal Control,Functioning,FALSE,FALSE,FALSE,Snow,FALSE,QUEENS BLVD ; BELMONT AVE E,3/4/2020 10:16:42 AM,541068,4811108,Q1,Weekend,FALSE
1317,44798,16-007122,1/10/2016 5:00:00 PM,2016,1,10,17,0,Sunday,540510.924,4806032.719,-80.499681,43.406091,Intersection,2,Non-reportable,On roadway,Rear end,Dark,Municipal,Sign Control,Functioning,FALSE,FALSE,FALSE,Snow,FALSE,MAX BECKER DR ; 1172 FISCHER HALLMAN RD; At,3/4/2020 10:16:42 AM,540510.924,4806032.719,Q1,Weekend,FALSE
1318,44799,16-007193,1/10/2016 5:10:00 PM,2016,1,10,17,10,Sunday,540511.8147,4806032.725,-80.49967,43.406091,Intersection,2,P.D. only,On roadway,Rear end,Dark,Municipal,Sign Control,Functioning,FALSE,FALSE,FALSE,Snow,FALSE,MAX BECKER DR; 1172 FISCHER HALLMAN RD; At,3/4/2020 10:16:41 AM,540511.8147,4806032.725,Q1,Weekend,FALSE
1319,44800,16-007224,1/10/2016 4:58:00 PM,2016,1,10,16,58,Sunday,540511.8034,4806034.613,-80.49967,43.406108,Intersection,2,P.D. only,Off roadway,SMV,Dark,Municipal,Sign Control,Functioning,FALSE,FALSE,FALSE,Snow,FALSE,MAX BECKER DR; 1172 FISCHER HALLMAN RD; At,3/4/2020 10:16:40 AM,540511.8034,4806034.613,Q1,Weekend,FALSE
1320,44801,16-007429,1/10/2016 2:20:00 PM,2016,1,10,14,20,Sunday,541068,4811108,0,0,Non intersection,2,P.D. only,On roadway,SMV,Daylight,Municipal,No control,Unknown,FALSE,FALSE,FALSE,Snow,FALSE,AUTUMN RIDGE TRAIL; AUTUMN RIDGE TRAIL,3/4/2020 10:16:40 AM,541068,4811108,Q1,Weekend,FALSE
1321,44802,16-007495,1/11/2016 9:10:00 AM,2016,1,11,9,10,Monday,541068,4811108,0,0,Other,2,P.D. only,On roadway,SMV,Daylight,Municipal,No control,Unknown,FALSE,FALSE,FALSE,Clear,FALSE,PARK ST; CN RAIL  ; At; 0 M,3/4/2020 10:16:39 AM,541068,4811108,Q1,Working,FALSE
1322,44803,16-007518,1/10/2016 9:15:00 PM,2016,1,10,21,15,Sunday,541068,4811108,0,0,Intersection,2,Non-reportable,On roadway,Rear end,Dark,Municipal,Sign Control,Functioning,FALSE,FALSE,FALSE,Clear,FALSE,DOON SOUTH DR; DOON MILLS DR; At,3/4/2020 10:16:38 AM,541068,4811108,Q1,Weekend,FALSE
1323,44804,16-007556,1/11/2016 10:28:00 AM,2016,1,11,10,28,Monday,541649.7396,4810881.136,-80.485247,43.449684,Private Drive,2,P.D. only,On roadway,Other,Daylight,Municipal,No control,Unknown,FALSE,FALSE,FALSE,Clear,FALSE,SCOTT ST; DUKE ST E; 20 M,3/4/2020 10:16:38 AM,541649.7396,4810881.136,Q1,Working,FALSE
1324,44805,16-007559,1/11/2016 9:10:00 AM,2016,1,11,9,10,Monday,541068,4811108,0,0,Intersection,2,P.D. only,On roadway,Intersection,Daylight,Municipal,Sign Control,Functioning,FALSE,FALSE,FALSE,Clear,FALSE,CONNAUGHT ST; EIGHTH AVE,3/4/2020 10:16:37 AM,541068,4811108,Q1,Working,FALSE
1325,44806,16-007614,1/11/2016 10:10:00 AM,2016,1,11,10,10,Monday,539316.8355,4810614.017,-80.514098,43.447405,Intersection,2,P.D. only,Off roadway,SMV,Daylight,Municipal,Signal Control,Functioning,FALSE,FALSE,FALSE,Clear,FALSE,GAGE AVE ; BELMONT AVE W; 10.5 M,3/4/2020 10:16:36 AM,539316.8355,4810614.017,Q1,Working,FALSE
1326,44807,16-007617,1/11/2016 11:56:00 AM,2016,1,11,11,56,Monday,538889.1473,4808656.312,-80.519523,43.4298,Intersection,1,Non-fatal injury,On roadway,Intersection,Daylight,Municipal,No control,Unknown,FALSE,FALSE,FALSE,Snow,FALSE,QUEENS BLVD; EAGEN DR; At,3/4/2020 10:16:36 AM,538889.1473,4808656.312,Q1,Working,FALSE
1327,44808,16-007679,1/10/2016 4:00:00 PM,2016,1,10,16,0,Sunday,541068,4811108,0,0,Private Drive,2,P.D. only,On roadway,Intersection,Daylight,Municipal,Sign Control,Functioning,FALSE,FALSE,FALSE,Snow,FALSE,MAX BECKER DR; FISCHER HALLMAN RD ; Near,3/4/2020 10:16:35 AM,541068,4811108,Q1,Weekend,FALSE
1328,44809,16-007685,1/11/2016 1:10:00 PM,2016,1,11,13,10,Monday,541058.8654,4811033.108,-80.492538,43.451085,Intersection,2,P.D. only,On roadway,Intersection,Daylight,Municipal,Signal Control,Functioning,FALSE,FALSE,FALSE,Clear,FALSE,KING ST W; GAUKEL ST,3/4/2020 10:16:34 AM,541058.8654,4811033.108,Q1,Working,FALSE
1329,44810,16-007748,1/10/2016 6:00:00 PM,2016,1,10,18,0,Sunday,541068,4811108,0,0,Intersection,2,P.D. only,On roadway,Other,Daylight,Municipal,Sign Control,Functioning,FALSE,FALSE,FALSE,Snow,FALSE,CARWOOD AVE; CARWOOD CRES; Near,3/4/2020 10:16:34 AM,541068,4811108,Q1,Weekend,FALSE
1330,44811,16-007806,1/11/2016 4:00:00 AM,2016,1,11,4,0,Monday,541068,4811108,0,0,Non intersection,2,P.D. only,On roadway,SMV,Dusk,Municipal,No control,Unknown,FALSE,FALSE,FALSE,Snow,FALSE,BIRCH AVE; 35 BIRCH AVE; At; 3 M,3/4/2020 10:16:33 AM,541068,4811108,Q1,Working,FALSE
1331,44812,16-007833,1/11/2016 11:00:00 AM,2016,1,11,11,0,Monday,545125.0059,4810644.951,-80.442317,43.447356,Private Drive,1,Non-fatal injury,On roadway,Intersection,Daylight,Regional,No control,Unknown,FALSE,FALSE,FALSE,Clear,FALSE,RIVER RD E; 10 CONWAY DR; Near,3/4/2020 10:16:32 AM,545125.0059,4810644.951,Q1,Working,FALSE
1332,44813,16-008174,1/12/2016 7:45:00 AM,2016,1,12,7,45,Tuesday,541068,4811108,0,0,Private Drive,2,P.D. only,On roadway,Other,Daylight,Municipal,No control,Unknown,FALSE,FALSE,FALSE,Snow,FALSE,WELLINGTON ST N; 535 WELLINGTON ST N  ; 1 M,3/4/2020 10:16:32 AM,541068,4811108,Q1,Working,FALSE
1333,44814,16-008184,1/12/2016 8:00:00 AM,2016,1,12,8,0,Tuesday,543069.8761,4804958.941,-80.468163,43.39628,Private Drive,1,Non-fatal injury,On roadway,Other,Daylight,Municipal,No control,Unknown,FALSE,FALSE,FALSE,Snow,FALSE,STRASBURG RD; 1825 STRASBURG RD; 1 M,3/4/2020 10:16:31 AM,543069.8761,4804958.941,Q1,Working,FALSE
1334,44815,16-008266,1/12/2016 8:07:00 AM,2016,1,12,8,7,Tuesday,540491.6667,4807838.671,-80.499785,43.422353,Non intersection,2,P.D. only,Off roadway,SMV,Daylight,Municipal,No control,Unknown,FALSE,FALSE,FALSE,Snow,FALSE,CHANDLER DR; MOWAT BLVD; 14 M,3/4/2020 10:16:30 AM,540491.6667,4807838.671,Q1,Working,FALSE
1335,44816,16-008357,1/12/2016 12:25:00 PM,2016,1,12,12,25,Tuesday,541068,4811108,0,0,Intersection,2,P.D. only,On roadway,SMV,Daylight,Regional,Sign Control,Functioning,FALSE,FALSE,FALSE,Snow,FALSE,BLOCK LINE RD; FALLOWFIELD DR; Near,3/4/2020 10:16:30 AM,541068,4811108,Q1,Working,FALSE
1336,44817,16-008424,1/12/2016 2:42:00 PM,2016,1,12,14,42,Tuesday,541068,4811108,0,0,Private Drive,2,P.D. only,On roadway,SMV,Daylight,Municipal,No control,Unknown,FALSE,FALSE,FALSE,Snow,FALSE,SAMUEL ST ; 257 FREDERICK ST ; At; 1 M,3/4/2020 10:16:29 AM,541068,4811108,Q1,Working,FALSE
1337,44818,16-008440,1/12/2016 3:01:00 PM,2016,1,12,15,1,Tuesday,541068,4811108,0,0,Intersection,2,P.D. only,On roadway,Intersection,Daylight,Municipal,Sign Control,Functioning,FALSE,FALSE,FALSE,Other,FALSE,CONESTOGA COLLEGE BLVD; DOON VALLEY DR; At; 3 M,3/4/2020 10:16:28 AM,541068,4811108,Q1,Working,FALSE
1338,44819,16-008477,1/12/2016 12:45:00 PM,2016,1,12,12,45,Tuesday,541068,4811108,0,0,Non intersection,2,P.D. only,On roadway,Intersection,Daylight,Municipal,No control,Unknown,FALSE,FALSE,FALSE,Snow,FALSE,TRUSSLER RD; COSTAIN CRT; Near,3/4/2020 10:16:28 AM,541068,4811108,Q1,Working,FALSE
1339,44820,16-008481,1/12/2016 4:16:00 PM,2016,1,12,16,16,Tuesday,541068,4811108,0,0,Non intersection,2,P.D. only,Off roadway,SMV,Dusk,Municipal,No control,Unknown,FALSE,FALSE,FALSE,Snow,FALSE,ZELLER DR; SUSAN CRES ; 15 M,3/4/2020 10:16:27 AM,541068,4811108,Q1,Working,FALSE
1340,44821,16-008534,1/12/2016 5:40:00 PM,2016,1,12,17,40,Tuesday,541068,4811108,0,0,Non intersection,2,P.D. only,Off roadway,SMV,Dark,Municipal,No control,Unknown,FALSE,FALSE,FALSE,Snow,FALSE,DRIFTWOOD DR ; ROYAL ORCHARD DR; 7 M,3/4/2020 10:16:26 AM,541068,4811108,Q1,Working,FALSE
1341,44822,16-008574,1/12/2016 6:00:00 PM,2016,1,12,18,0,Tuesday,541068,4811108,0,0,Non intersection,1,Non-fatal injury,Off roadway,SMV,Dusk,Municipal,No control,Unknown,FALSE,FALSE,FALSE,Snow,FALSE,TRAYNOR AVE; REYBURN AVE; 30 M,3/4/2020 10:16:26 AM,541068,4811108,Q1,Working,FALSE
1342,44823,16-008642,1/12/2016 9:48:00 PM,2016,1,12,21,48,Tuesday,541068,4811108,0,0,Non intersection,2,P.D. only,Off roadway,SMV,Dark,Municipal,Sign Control,Functioning,FALSE,FALSE,FALSE,Snow,FALSE,ERINBROOK DR ; KILLARNEY CRES ; At; 25 M,3/4/2020 10:16:25 AM,541068,4811108,Q1,Working,FALSE
1343,44824,16-008898,1/13/2016 10:30:00 AM,2016,1,13,10,30,Wednesday,541068,4811108,0,0,Non intersection,1,Non-fatal injury,On roadway,Other,Daylight,Municipal,No control,Unknown,FALSE,FALSE,FALSE,Snow,FALSE,MONTCALM DR ; OLD YORK CRES ; Near; 20 M,3/4/2020 10:16:24 AM,541068,4811108,Q1,Working,FALSE
1344,44825,16-008994,1/13/2016 12:32:00 PM,2016,1,13,12,32,Wednesday,545274.1488,4806434.261,-80.440823,43.409434,Intersection,2,P.D. only,On roadway,Intersection,Daylight,Municipal,Sign Control,Functioning,FALSE,FALSE,FALSE,Snow,FALSE,WABANAKI DR; WILSON AVE,3/4/2020 10:16:24 AM,545274.1488,4806434.261,Q1,Working,FALSE
1345,44826,16-009049,1/11/2016 6:10:00 PM,2016,1,11,18,10,Monday,541068,4811108,0,0,Intersection,2,P.D. only,On roadway,Intersection,Dark,Municipal,Sign Control,Functioning,FALSE,FALSE,FALSE,Snow,FALSE,MAX BECKER DR; BRIDLEWREATH ST; At,3/4/2020 10:16:23 AM,541068,4811108,Q1,Working,FALSE
1346,44827,16-009059,1/12/2016 7:45:00 PM,2016,1,12,19,45,Tuesday,541068,4811108,0,0,Non intersection,2,P.D. only,On roadway,Other,Dark,Municipal,No control,Unknown,FALSE,FALSE,FALSE,Snow,FALSE,HALLS LANE W; WATER ST S; Near,3/4/2020 10:16:22 AM,541068,4811108,Q1,Working,FALSE
1347,44828,16-009111,1/13/2016 8:20:00 AM,2016,1,13,8,20,Wednesday,541068,4811108,0,0,Private Drive,2,P.D. only,On roadway,Intersection,Daylight,Municipal,No control,Unknown,FALSE,FALSE,FALSE,Snow,FALSE,FEATHERSTONE ST; 62 FEATHERSTONE ST; At; 0 K,3/4/2020 10:16:22 AM,541068,4811108,Q1,Working,FALSE
1348,44829,16-009191,1/13/2016 2:40:00 PM,2016,1,13,14,40,Wednesday,541068,4811108,0,0,Intersection,2,P.D. only,On roadway,Other,Daylight,Municipal,Sign Control,Functioning,FALSE,FALSE,FALSE,Clear,FALSE,STIRLING AVE S; STIRLING LANE,3/4/2020 10:16:21 AM,541068,4811108,Q1,Working,FALSE
1349,44830,16-009193,1/13/2016 5:27:00 PM,2016,1,13,17,27,Wednesday,542914.8021,4812996.361,-80.469446,43.468658,Private Drive,2,P.D. only,On roadway,Intersection,Dusk,Municipal,No control,Unknown,FALSE,FALSE,FALSE,Clear,FALSE,RIVERBEND DR; 221 RIVERBEND DR; At; 1 M,3/4/2020 10:16:20 AM,542914.8021,4812996.361,Q1,Working,FALSE
1350,44831,16-009569,1/14/2016 9:21:00 AM,2016,1,14,9,21,Thursday,541449.7816,4812107.467,-80.487625,43.460737,Intersection,2,P.D. only,On roadway,Intersection,Daylight,Municipal,Sign Control,Functioning,FALSE,FALSE,FALSE,Clear,FALSE,ST LEGER ST; LOUISA ST; At,3/4/2020 10:16:20 AM,541449.7816,4812107.467,Q1,Weekend,FALSE
1351,44832,16-009951,1/14/2016 7:00:00 PM,2016,1,14,19,0,Thursday,541068,4811108,0,0,Intersection,2,P.D. only,On roadway,Intersection,Daylight,Regional,Signal Control,Functioning,FALSE,FALSE,FALSE,Snow,FALSE,BELMONT AVE W; UNION BLVD; 5 M,3/4/2020 10:16:19 AM,541068,4811108,Q1,Weekend,FALSE
1352,44833,16-010260,1/14/2016 3:15:00 PM,2016,1,14,15,15,Thursday,541068,4811108,0,0,Non intersection,2,P.D. only,On roadway,SMV,Daylight,Municipal,No control,Unknown,FALSE,FALSE,FALSE,Clear,FALSE,ASHLEY CRT; 24 ASHLEY CRT; At,3/4/2020 10:16:18 AM,541068,4811108,Q1,Weekend,FALSE
1353,44834,16-010282,1/15/2016 7:47:00 AM,2016,1,15,7,47,Friday,541068,4811108,0,0,Non intersection,2,P.D. only,Off roadway,SMV,Daylight,Municipal,No control,Unknown,FALSE,FALSE,FALSE,Clear,FALSE,FIRST AVE; FIRST AVE ; 35 M,3/4/2020 10:16:18 AM,541068,4811108,Q1,Weekend,FALSE
1354,44835,16-010482,1/13/2016 8:50:00 AM,2016,1,13,8,50,Wednesday,541068,4811108,0,0,Non intersection,2,P.D. only,On roadway,Intersection,Daylight,Municipal,No control,Unknown,FALSE,FALSE,FALSE,Snow,FALSE,HANSON AVE; HANSON AVE ; Near,3/4/2020 10:16:17 AM,541068,4811108,Q1,Working,FALSE
1355,44836,16-010611,1/15/2016 11:55:00 AM,2016,1,15,11,55,Friday,541602.6336,4810739.13,-80.48584,43.448408,Non intersection,2,P.D. only,Off roadway,SMV,Daylight,Regional,No control,Unknown,FALSE,FALSE,FALSE,Clear,FALSE,KING ST E; SCOTT ST ; 30 M,3/4/2020 10:16:16 AM,541602.6336,4810739.13,Q1,Weekend,FALSE
1356,44837,16-011125,1/16/2016 9:21:00 AM,2016,1,16,9,21,Saturday,541068,4811108,0,0,Intersection,2,P.D. only,Off roadway,SMV,Daylight,Municipal,Sign Control,Functioning,FALSE,FALSE,FALSE,Snow,FALSE,LICHTY CRES; CARSON DR; At,3/4/2020 10:16:16 AM,541068,4811108,Q1,Weekend,FALSE
1357,44838,16-011160,1/16/2016 10:32:00 AM,2016,1,16,10,32,Saturday,541068,4811108,0,0,Non intersection,2,P.D. only,Off roadway,SMV,Daylight,Municipal,No control,Unknown,FALSE,FALSE,FALSE,Snow,FALSE,LANCASTER ST W; LANCASTER ST W; At; 0 M,3/4/2020 10:16:15 AM,541068,4811108,Q1,Weekend,FALSE
1358,44839,16-011274,1/15/2016 9:00:00 PM,2016,1,15,21,0,Friday,541068,4811108,0,0,Non intersection,2,P.D. only,Off roadway,SMV,Dark,Municipal,No control,Unknown,FALSE,FALSE,FALSE,Clear,FALSE,WAGON ST; 2 WAGON ST; At,3/4/2020 10:16:14 AM,541068,4811108,Q1,Weekend,FALSE
1359,44840,16-012006,1/16/2016 6:45:00 PM,2016,1,16,18,45,Saturday,541068,4811108,0,0,Private Drive,2,Non-reportable,On roadway,SMV,Dark,Municipal,No control,Unknown,FALSE,FALSE,FALSE,Clear,FALSE,SELKIRK DR; SELKIRK DR ; At,3/4/2020 10:16:14 AM,541068,4811108,Q1,Weekend,FALSE
1360,44841,16-012033,1/17/2016 3:41:00 PM,2016,1,17,15,41,Sunday,539967.0864,4810491.453,-80.506071,43.446267,Non intersection,2,P.D. only,Off roadway,SMV,Daylight,Municipal,No control,Unknown,FALSE,FALSE,FALSE,Clear,FALSE,STRANGE ST; 11 STRANGE ST; 1 M,3/4/2020 10:16:13 AM,539967.0864,4810491.453,Q1,Weekend,FALSE
1361,44842,16-012113,1/17/2016 5:25:00 PM,2016,1,17,17,25,Sunday,541068,4811108,0,0,Intersection,2,P.D. only,On roadway,SMV,Dark,Municipal,No control,Unknown,FALSE,FALSE,FALSE,Snow,FALSE,BROOKMEAD ST; ZELLER DR; 10 M,3/4/2020 10:16:12 AM,541068,4811108,Q1,Weekend,FALSE
1362,44843,16-012476,1/16/2016 10:45:00 PM,2016,1,16,22,45,Saturday,541068,4811108,0,0,Non intersection,2,P.D. only,On roadway,SMV,Dark,Municipal,No control,Unknown,FALSE,FALSE,FALSE,Clear,FALSE,WESTMEADOW DR; SUNNY MEADOW CRT; Near,3/4/2020 10:16:12 AM,541068,4811108,Q1,Weekend,FALSE
1363,44844,16-012551,1/18/2016 10:30:00 AM,2016,1,18,10,30,Monday,541068,4811108,0,0,Intersection,2,P.D. only,On roadway,Intersection,Daylight,Municipal,Sign Control,Functioning,FALSE,FALSE,FALSE,Snow,FALSE,JOSEPH ST; DAVID ST; At,3/4/2020 10:16:11 AM,541068,4811108,Q1,Working,FALSE
1364,44845,16-012587,1/17/2016 12:30:00 AM,2016,1,17,0,30,Sunday,541068,4811108,0,0,Private Drive,2,P.D. only,On roadway,Intersection,Dark,Municipal,No control,Unknown,FALSE,FALSE,FALSE,Clear,FALSE,QUEENS BLVD; QUEENS BLVD ; At,3/4/2020 10:16:10 AM,541068,4811108,Q1,Weekend,FALSE
1365,44846,16-012605,1/18/2016 1:41:00 PM,2016,1,18,13,41,Monday,541068,4811108,0,0,Intersection,2,P.D. only,On roadway,Intersection,Daylight,Regional,Signal Control,Functioning,FALSE,FALSE,FALSE,Snow,FALSE,DUKE ST W; WATER ST N; At,3/4/2020 10:16:10 AM,541068,4811108,Q1,Working,FALSE
1366,44847,16-012736,1/18/2016 4:30:00 PM,2016,1,18,16,30,Monday,541068,4811108,0,0,Non intersection,2,P.D. only,On roadway,Rear end,Daylight,Regional,No control,Unknown,FALSE,FALSE,FALSE,Snow,FALSE,KING ST E; KING ST E; At,3/4/2020 10:16:09 AM,541068,4811108,Q1,Working,FALSE
1367,44848,16-012745,1/18/2016 5:41:00 PM,2016,1,18,17,41,Monday,545035.5889,4807869.691,-80.443651,43.422373,Intersection,2,P.D. only,On roadway,Rear end,Daylight,Municipal,Signal Control,Functioning,FALSE,FALSE,FALSE,Snow,FALSE,KINGSWAY DR ; WILSON AVE ; 10 M,3/4/2020 10:16:08 AM,545035.5889,4807869.691,Q1,Working,FALSE
1368,44849,16-012772,1/18/2016 6:31:00 PM,2016,1,18,18,31,Monday,544623.8142,4808343.077,-80.448699,43.42666,Private Drive,2,P.D. only,Off roadway,SMV,Daylight,Regional,No control,Unknown,FALSE,FALSE,FALSE,Snow,FALSE,GREENFIELD AVE; GREENFIELD AVE ; 20 M,3/4/2020 10:16:07 AM,544623.8142,4808343.077,Q1,Working,FALSE
1369,44850,16-012792,1/18/2016 7:00:00 PM,2016,1,18,19,0,Monday,545944.5831,4804147.369,-80.432735,43.388802,Non intersection,2,P.D. only,Off roadway,SMV,Dark,Municipal,No control,Unknown,FALSE,FALSE,FALSE,Snow,FALSE,DOON VILLAGE RD; TILT DR; 125 M,3/4/2020 10:16:07 AM,545944.583,4804147.369,Q1,Working,FALSE
1370,44851,16-012805,1/17/2016 12:30:00 PM,2016,1,17,12,30,Sunday,541068,4811108,0,0,Other,2,P.D. only,Off roadway,SMV,Daylight,Other,No control,Unknown,FALSE,FALSE,FALSE,Snow,FALSE,IN DRIVEWAY; RAUCH CRT; At,3/4/2020 10:16:06 AM,541068,4811108,Q1,Weekend,FALSE
1371,44852,16-013054,1/19/2016 8:17:00 AM,2016,1,19,8,17,Tuesday,541068,4811108,0,0,Intersection,1,Non-fatal injury,On roadway,Intersection,Daylight,Municipal,Sign Control,Functioning,FALSE,FALSE,FALSE,Clear,FALSE,BIRCHCLIFF AVE; FOREST HILL DR; At,3/4/2020 10:16:05 AM,541068,4811108,Q1,Working,FALSE
1372,44853,16-013182,1/19/2016 10:40:00 AM,2016,1,19,10,40,Tuesday,541068,4811108,0,0,Private Drive,2,Non-reportable,Off roadway,SMV,Daylight,Municipal,No control,Unknown,FALSE,FALSE,FALSE,Clear,FALSE,SAMUEL ST ; SAMUEL ST ; At,3/4/2020 10:16:04 AM,541068,4811108,Q1,Working,FALSE
1373,44854,16-013234,1/18/2016 1:00:00 PM,2016,1,18,13,0,Monday,541068,4811108,0,0,Other,2,P.D. only,Off roadway,SMV,Daylight,Other,No control,Unknown,FALSE,FALSE,FALSE,Snow,FALSE,PARKING LOT; ROSSFORD CRES; Near,3/4/2020 10:16:04 AM,541068,4811108,Q1,Working,FALSE
1374,44855,16-014518,1/20/2016 10:00:00 PM,2016,1,20,22,0,Wednesday,541068,4811108,0,0,Non intersection,2,P.D. only,On roadway,SMV,Dark,Municipal,No control,Unknown,FALSE,FALSE,FALSE,Clear,FALSE,KINZIE AVE; KINZIE AVE,3/4/2020 10:16:03 AM,541068,4811108,Q1,Working,FALSE
1375,44856,16-014583,1/21/2016 9:36:00 AM,2016,1,21,9,36,Thursday,542582.1094,4810127.077,-80.473783,43.442842,Intersection,1,Non-fatal injury,On roadway,Rear end,Daylight,Regional,Signal Control,Functioning,FALSE,FALSE,FALSE,Snow,FALSE,KING ST E; BORDEN AVE S; Near; 6 M,3/4/2020 10:16:02 AM,542582.1094,4810127.077,Q1,Weekend,FALSE
1376,44857,16-014753,1/21/2016 1:39:00 PM,2016,1,21,13,39,Thursday,541068,4811108,0,0,Intersection,1,Non-fatal injury,On roadway,Intersection,Daylight,Municipal,Sign Control,Functioning,FALSE,FALSE,FALSE,Clear,FALSE,HANSON AVE; ARDELT AVE; At,3/4/2020 10:16:02 AM,541068,4811108,Q1,Weekend,FALSE
1377,44858,16-014843,1/21/2016 3:43:00 PM,2016,1,21,15,43,Thursday,542469.9883,4807215.342,-80.475395,43.416631,Non intersection,1,Non-fatal injury,On roadway,Intersection,Daylight,Regional,No control,Unknown,FALSE,FALSE,FALSE,Clear,FALSE,BLOCK LINE RD; COURTLAND AVE E; 35 M,3/4/2020 10:16:01 AM,542469.9883,4807215.342,Q1,Weekend,FALSE
1378,44859,16-014995,11/29/2015 2:45:00 PM,2015,11,29,14,45,Sunday,544902.8107,4810413.124,-80.445082,43.445282,Intersection,2,P.D. only,Off roadway,SMV,Daylight,Municipal,No control,Unknown,FALSE,FALSE,FALSE,Clear,FALSE,BRADLEY DR; BRADLEY PL; Near; 13 M,3/4/2020 10:16:00 AM,544902.8107,4810413.124,Q4,Weekend,FALSE
1379,44860,16-015260,1/22/2016 8:10:00 AM,2016,1,22,8,10,Friday,541068,4811108,0,0,Private Drive,1,Non-fatal injury,On roadway,Intersection,Daylight,Regional,No control,Unknown,FALSE,FALSE,FALSE,Clear,FALSE,STRASBURG RD; 1825 STRASBURG RD; Near; 6 M,3/4/2020 10:16:00 AM,541068,4811108,Q1,Weekend,FALSE