,OBJECTID,ACCIDENTNUM,ACCIDENTDATE,ACCIDENT_YEAR,ACCIDENT_MONTH,ACCIDENT_DAY,ACCIDENT_HOUR,ACCIDENT_MINUTE,Accident_Day,XCOORD,YCOORD,LONGITUDE,LATITUDE,Accident_Location,COLLISIONTYPE,Accident_Type,Impact_Location,Impact_Type,Light,Road_Jurisdication,Traffic_Control,Traffic_Control_Condition,Pedestrian_Involved,Cyclist_Involved,Motorcyclist_Involved,Environment_Condition,Self_Reported,XMLIMPORTNOTES,LASTEDITEDDATE,x,y,Quarter,Day_Type,Vulnerable_Involved
1380,44861,16-015420,1/17/2016 4:30:00 PM,2016,1,17,16,30,Sunday,541068,4811108,0,0,Private Drive,2,P.D. only,Off roadway,Intersection,Daylight,Municipal,No control,Unknown,FALSE,FALSE,FALSE,Snow,FALSE,PENROSE AVE; PENROSE AVE ; At,3/4/2020 10:15:59 AM,541068,4811108,Q1,Weekend,FALSE
1381,44862,16-015730,1/22/2016 8:25:00 AM,2016,1,22,8,25,Friday,541068,4811108,0,0,Private Drive,2,P.D. only,Off roadway,SMV,Daylight,Municipal,No control,Unknown,FALSE,FALSE,FALSE,Clear,FALSE,BERRY MOSS ST; BERRY MOSS ST ; Near,3/4/2020 10:15:58 AM,541068,4811108,Q1,Weekend,FALSE
1382,44863,16-015731,1/22/2016 6:46:00 PM,2016,1,22,18,46,Friday,541068,4811108,0,0,Intersection,2,P.D. only,On roadway,Rear end,Dark,Municipal,Sign Control,Functioning,FALSE,FALSE,FALSE,Clear,FALSE,DOON VILLAGE RD ; UPPER CANADA DR ; At,3/4/2020 10:15:58 AM,541068,4811108,Q1,Weekend,FALSE
1383,44864,16-015739,1/8/2016 10:30:00 PM,2016,1,8,22,30,Friday,541068,4811108,0,0,Private Drive,2,P.D. only,Off roadway,SMV,Dark,Municipal,No control,Unknown,FALSE,FALSE,FALSE,Rain,FALSE,SAMUEL ST; SAMUEL ST ; At,3/4/2020 10:15:57 AM,541068,4811108,Q1,Weekend,FALSE
1384,44865,16-016249,1/23/2016 12:28:00 PM,2016,1,23,12,28,Saturday,541068,4811108,0,0,Private Drive,2,P.D. only,On roadway,Intersection,Daylight,Municipal,No control,Unknown,FALSE,FALSE,FALSE,Clear,FALSE,CEDAR ST N; 376 KING ST E; Near; 1 M,3/4/2020 10:15:56 AM,541068,4811108,Q1,Weekend,FALSE
1385,44866,16-016360,1/23/2016 1:00:00 PM,2016,1,23,13,0,Saturday,541068,4811108,0,0,Intersection,2,P.D. only,On roadway,Rear end,Daylight,Municipal,Signal Control,Functioning,FALSE,FALSE,FALSE,Clear,FALSE,KINGSWAY DR; EIGHTH AVE; 25 M,3/4/2020 10:15:56 AM,541068,4811108,Q1,Weekend,FALSE
1386,44867,16-016966,1/23/2016 4:30:00 PM,2016,1,23,16,30,Saturday,541068,4811108,0,0,Non intersection,2,P.D. only,On roadway,SMV,Daylight,Municipal,No control,Unknown,FALSE,FALSE,FALSE,Clear,FALSE,VERONICA DR; VERONICA DR,3/4/2020 10:15:55 AM,541068,4811108,Q1,Weekend,FALSE
1387,44868,16-017774,1/25/2016 12:30:00 PM,2016,1,25,12,30,Monday,541068,4811108,0,0,Non intersection,2,Non-reportable,On roadway,Rear end,Daylight,Regional,No control,Unknown,FALSE,FALSE,FALSE,Clear,FALSE,ONTARIO ST N; DUKE ST W,3/4/2020 10:15:54 AM,541068,4811108,Q1,Working,FALSE
1388,44869,16-017802,1/25/2016 3:30:00 PM,2016,1,25,15,30,Monday,538581.472,4809084.238,-80.523294,43.433669,Other,1,Non-fatal injury,Other,SMV,Daylight,Other,No control,Unknown,TRUE,FALSE,FALSE,Clear,FALSE,HIGHLAND CRES; 2 M,3/4/2020 10:15:54 AM,538581.472,4809084.238,Q1,Working,FALSE
1389,44870,16-017828,1/24/2016 5:00:00 PM,2016,1,24,17,0,Sunday,541068,4811108,0,0,Private Drive,2,P.D. only,On roadway,SMV,Daylight,Municipal,No control,Unknown,FALSE,FALSE,FALSE,Clear,FALSE,APPLE RIDGE DR; 61 APPLE RIDGE DR; At,3/4/2020 10:15:53 AM,541068,4811108,Q1,Weekend,FALSE
1390,44871,16-018222,1/26/2016 8:11:00 AM,2016,1,26,8,11,Tuesday,543071.1716,4804908.195,-80.468151,43.395823,Private Drive,2,P.D. only,On roadway,Intersection,Daylight,Municipal,No control,Unknown,FALSE,FALSE,FALSE,Clear,FALSE,STRASBURG RD; STRASBURG RD ; 5 M,3/4/2020 10:15:52 AM,543071.1716,4804908.195,Q1,Working,FALSE
1391,44872,16-018473,1/25/2016 7:30:00 PM,2016,1,25,19,30,Monday,541068,4811108,0,0,Non intersection,2,P.D. only,On roadway,SMV,Dark,Municipal,No control,Unknown,FALSE,FALSE,FALSE,Clear,FALSE,JACK AVE; BELMONT AVE W; Near,3/4/2020 10:15:52 AM,541068,4811108,Q1,Working,FALSE
1392,44873,16-018641,1/26/2016 5:00:00 PM,2016,1,26,17,0,Tuesday,540780.3402,4806672.717,-80.496306,43.411839,Non intersection,2,P.D. only,Off roadway,SMV,Daylight,Municipal,No control,Unknown,FALSE,FALSE,FALSE,Clear,FALSE,BLOCK LINE RD ; WESTMOUNT RD E; 500 M,3/4/2020 10:15:51 AM,540780.3402,4806672.717,Q1,Working,FALSE
1393,44874,16-019000,1/27/2016 8:20:00 AM,2016,1,27,8,20,Wednesday,541068,4811108,0,0,Intersection,2,P.D. only,On roadway,Intersection,Daylight,Municipal,Sign Control,Functioning,FALSE,FALSE,FALSE,Snow,FALSE,CLAREMONT AVE ; BELMONT LANE E; At,3/4/2020 10:15:50 AM,541068,4811108,Q1,Working,FALSE
1394,44875,16-019255,1/27/2016 2:31:00 PM,2016,1,27,14,31,Wednesday,541068,4811108,0,0,Intersection,2,P.D. only,Off roadway,SMV,Daylight,Municipal,No control,Unknown,FALSE,FALSE,FALSE,Clear,FALSE,MARKWOOD DR; ROSSFORD CRES,3/4/2020 10:15:50 AM,541068,4811108,Q1,Working,FALSE
1395,44876,16-019318,1/27/2016 3:52:00 PM,2016,1,27,15,52,Wednesday,544488.6199,4810651.716,-80.450181,43.447455,Private Drive,2,P.D. only,On roadway,Intersection,Dusk,Regional,No control,Unknown,FALSE,FALSE,FALSE,Clear,FALSE,FRANKLIN ST N; 505 FRANKLIN ST. N; Near; 1 M,3/4/2020 10:15:49 AM,544488.6199,4810651.716,Q1,Working,FALSE
1396,44877,16-019729,1/28/2016 7:55:00 AM,2016,1,28,7,55,Thursday,541733.4491,4809932.855,-80.484285,43.441141,Intersection,2,P.D. only,On roadway,Intersection,Daylight,Regional,No control,Unknown,FALSE,FALSE,FALSE,Clear,FALSE,STIRLING AVE S; COURTLAND AVE E; Near; 55 M,3/4/2020 10:15:48 AM,541733.4491,4809932.855,Q1,Weekend,FALSE
1397,44878,16-019968,1/28/2016 1:36:00 PM,2016,1,28,13,36,Thursday,541068,4811108,0,0,Private Drive,2,P.D. only,On roadway,Intersection,Daylight,Municipal,No control,Unknown,FALSE,FALSE,FALSE,Clear,FALSE,CEDAR ST N; 376 KING ST E; At; 2 M,3/4/2020 10:15:48 AM,541068,4811108,Q1,Weekend,FALSE
1398,44879,16-020019,1/27/2016 3:30:00 PM,2016,1,27,15,30,Wednesday,541068,4811108,0,0,Other,2,P.D. only,Off roadway,SMV,Daylight,Other,No control,Unknown,FALSE,FALSE,FALSE,Clear,FALSE,PRIVATE DRIVEWAY; ACTIVA AVE ; At,3/4/2020 10:15:47 AM,541068,4811108,Q1,Working,FALSE
1399,44880,16-020108,1/28/2016 2:55:00 PM,2016,1,28,14,55,Thursday,541068,4811108,0,0,Non intersection,2,P.D. only,On roadway,Intersection,Daylight,Regional,No control,Unknown,FALSE,FALSE,FALSE,Snow,FALSE,HURON RD; BATTLER RD; Near,3/4/2020 10:15:46 AM,541068,4811108,Q1,Weekend,FALSE
1400,44881,16-020130,1/28/2016 5:13:00 PM,2016,1,28,17,13,Thursday,541068,4811108,0,0,Intersection,2,P.D. only,On roadway,Rear end,Dusk,Municipal,Sign Control,Functioning,FALSE,FALSE,FALSE,Snow,FALSE,DAVID ST; JUBILEE DR; Near; 3 M,3/4/2020 10:15:46 AM,541068,4811108,Q1,Weekend,FALSE
1401,44882,16-020146,1/28/2016 5:36:00 PM,2016,1,28,17,36,Thursday,541068,4811108,0,0,Non intersection,2,P.D. only,Off roadway,SMV,Dark,Municipal,No control,Unknown,FALSE,FALSE,FALSE,Snow,FALSE,QUEENS BLVD; SILVERSPRING CRES ; Near; 20 M,3/4/2020 10:15:45 AM,541068,4811108,Q1,Weekend,FALSE
1402,44883,16-020189,1/28/2016 6:38:00 PM,2016,1,28,18,38,Thursday,541068,4811108,0,0,Intersection,1,Non-fatal injury,On roadway,Intersection,Dark,Municipal,Sign Control,Functioning,FALSE,FALSE,FALSE,Snow,FALSE,ZELLER DR; WILD MEADOW ST,3/4/2020 10:15:44 AM,541068,4811108,Q1,Weekend,FALSE
1403,44884,16-020230,1/28/2016 7:39:00 PM,2016,1,28,19,39,Thursday,541068,4811108,0,0,Non intersection,1,Non-fatal injury,On roadway,Other,Dark,Municipal,No control,Unknown,FALSE,FALSE,FALSE,Snow,FALSE,DIXON ST ; CARWOOD AVE ; 80 M,3/4/2020 10:15:44 AM,541068,4811108,Q1,Weekend,FALSE
1404,44885,16-020517,1/29/2016 7:00:00 AM,2016,1,29,7,0,Friday,541068,4811108,0,0,Private Drive,2,P.D. only,On roadway,Other,Daylight,Municipal,No control,Unknown,FALSE,FALSE,FALSE,Clear,FALSE,ST LEGER ST; ST LEGER ST ; At,3/4/2020 10:15:43 AM,541068,4811108,Q1,Weekend,FALSE
1405,44886,16-020595,1/28/2016 7:30:00 PM,2016,1,28,19,30,Thursday,541068,4811108,0,0,Non intersection,2,P.D. only,Off roadway,SMV,Dark,Municipal,No control,Unknown,FALSE,FALSE,FALSE,Snow,FALSE,SIMS ESTATE DR; SIMS ESTATE DR ; Near,3/4/2020 10:15:42 AM,541068,4811108,Q1,Weekend,FALSE
1406,44887,16-020677,1/28/2016 5:55:00 PM,2016,1,28,17,55,Thursday,541068,4811108,0,0,Non intersection,2,P.D. only,On roadway,Intersection,Dark,Municipal,No control,Unknown,FALSE,FALSE,FALSE,Snow,FALSE,FIRST AVE; FIRST AVE ; Near,3/4/2020 10:15:42 AM,541068,4811108,Q1,Weekend,FALSE
1407,44888,16-021336,1/30/2016 8:15:00 AM,2016,1,30,8,15,Saturday,543513.2916,4808924.671,-80.462372,43.431962,Non intersection,2,P.D. only,On roadway,SMV,Daylight,Municipal,No control,Unknown,FALSE,FALSE,FALSE,Clear,FALSE,DIXON ST; DIXON ST; Near; 15 M,3/4/2020 10:15:41 AM,543513.2916,4808924.671,Q1,Weekend,FALSE
1408,44889,16-021444,1/23/2016 5:50:00 PM,2016,1,23,17,50,Saturday,541068,4811108,0,0,Private Drive,2,P.D. only,Off roadway,SMV,Dusk,Municipal,No control,Unknown,FALSE,FALSE,FALSE,Clear,FALSE,WHITE SANDS CRT; WHITE SANDS CRT ; At,3/4/2020 10:15:40 AM,541068,4811108,Q1,Weekend,FALSE
1409,44890,16-021489,1/30/2016 12:25:00 PM,2016,1,30,12,25,Saturday,549006.1306,4806542.842,-80.394722,43.410177,Private Drive,2,P.D. only,On roadway,Intersection,Daylight,Regional,Sign Control,Functioning,FALSE,FALSE,FALSE,Clear,FALSE,SPORTSWORLD CROSSING RD;  SPORTSWORLD CROSSING RD; Near; 3 M,3/4/2020 10:15:40 AM,549006.1306,4806542.842,Q1,Weekend,FALSE
1410,44891,16-021667,1/29/2016 5:00:00 PM,2016,1,29,17,0,Friday,541068,4811108,0,0,Private Drive,2,Non-reportable,Off roadway,SMV,Daylight,Municipal,No control,Unknown,FALSE,FALSE,FALSE,Clear,FALSE,WINSLOW DR; WINSLOW DR ; Near,3/4/2020 10:15:39 AM,541068,4811108,Q1,Weekend,FALSE
1411,44892,16-022347,1/31/2016 3:22:00 PM,2016,1,31,15,22,Sunday,541068,4811108,0,0,Non intersection,2,P.D. only,On roadway,SMV,Daylight,Municipal,No control,Unknown,FALSE,FALSE,FALSE,Rain,FALSE,DRIFTWOOD DR; 202 DRIFTWOOD DR; 0 M,3/4/2020 10:15:38 AM,541068,4811108,Q1,Weekend,FALSE
1412,44893,16-022445,1/31/2016 6:16:00 PM,2016,1,31,18,16,Sunday,541068,4811108,0,0,Intersection,1,Non-fatal injury,On roadway,SMV,Dusk,Municipal,Sign Control,Functioning,TRUE,FALSE,FALSE,Clear,FALSE,JUBILEE DR; DAVID ST; At,3/4/2020 10:15:38 AM,541068,4811108,Q1,Weekend,FALSE
1413,44894,16-022729,2/1/2016 8:15:00 AM,2016,2,1,8,15,Monday,539503.9329,4810141.658,-80.51182,43.443142,Non intersection,2,P.D. only,Off roadway,SMV,Daylight,Municipal,Signal Control,Functioning,FALSE,FALSE,FALSE,Clear,FALSE,BELMONT AVE W; VICTORIA ST S; 50 M,3/4/2020 10:15:37 AM,539503.9329,4810141.658,Q1,Working,FALSE
1414,44895,16-022900,1/30/2016 7:00:00 PM,2016,1,30,19,0,Saturday,541068,4811108,0,0,Non intersection,2,P.D. only,On roadway,SMV,Dusk,Municipal,No control,Unknown,FALSE,FALSE,FALSE,Clear,FALSE,LOUISA ST; 310 LOUISA ST; Near,3/4/2020 10:15:36 AM,541068,4811108,Q1,Weekend,FALSE
1415,44896,16-023174,2/1/2016 4:45:00 PM,2016,2,1,16,45,Monday,541068,4811108,0,0,Intersection,2,P.D. only,On roadway,Intersection,Daylight,Municipal,Sign Control,Functioning,FALSE,FALSE,FALSE,Clear,FALSE,BLOCK LINE RD; FALLOWFIELD DR; At,3/4/2020 10:15:36 AM,541068,4811108,Q1,Working,FALSE
1416,44897,16-023529,2/2/2016 7:42:00 AM,2016,2,2,7,42,Tuesday,541631.9719,4811412.789,-80.485426,43.454472,Intersection,2,P.D. only,On roadway,Intersection,Daylight,Regional,Signal Control,Functioning,FALSE,FALSE,FALSE,Clear,FALSE,QUEEN ST N; MARGARET AVE; At,3/4/2020 10:15:35 AM,541631.9719,4811412.789,Q1,Working,FALSE
1417,44898,16-023727,2/2/2016 1:02:00 PM,2016,2,2,13,2,Tuesday,541328.9027,4810869.61,-80.489213,43.449598,Non intersection,2,P.D. only,On roadway,SMV,Daylight,Regional,No control,Unknown,FALSE,FALSE,FALSE,Clear,FALSE,QUEEN ST S; KING ST W; 10 M,3/4/2020 10:15:34 AM,541328.9027,4810869.61,Q1,Working,FALSE
1418,44899,16-025319,2/4/2016 12:50:00 PM,2016,2,4,12,50,Thursday,541068,4811108,0,0,Private Drive,2,P.D. only,On roadway,SMV,Daylight,Municipal,No control,Unknown,FALSE,FALSE,FALSE,Clear,FALSE,GRUHN ST; 66 GRUHN ST; At,3/4/2020 10:15:34 AM,541068,4811108,Q1,Weekend,FALSE
1419,44900,16-025584,2/4/2016 6:05:00 PM,2016,2,4,18,5,Thursday,541068,4811108,0,0,Intersection,2,P.D. only,On roadway,Intersection,Dusk,Municipal,Sign Control,Functioning,FALSE,FALSE,FALSE,Clear,FALSE,UNION BLVD; YORK ST; At,3/4/2020 10:15:33 AM,541068,4811108,Q1,Weekend,FALSE
1420,44901,16-025608,2/4/2016 8:28:00 PM,2016,2,4,20,28,Thursday,541774.5576,4812935.44,-80.483547,43.468174,Intersection,2,P.D. only,On roadway,SMV,Dark,Municipal,Sign Control,Functioning,FALSE,FALSE,FALSE,Clear,FALSE,ARNOLD ST; CLIFTON RD,3/4/2020 10:15:32 AM,541774.5576,4812935.44,Q1,Weekend,FALSE
1421,44902,16-025968,2/4/2016 4:00:00 PM,2016,2,4,16,0,Thursday,541068,4811108,0,0,Private Drive,2,P.D. only,On roadway,Intersection,Daylight,Municipal,No control,Unknown,FALSE,FALSE,FALSE,Clear,FALSE,BINGEMANS CENTRE DR; BINGEMANS CENTRE DR ; At; 1 M,3/4/2020 10:15:32 AM,541068,4811108,Q1,Weekend,FALSE
1422,44903,16-026219,2/3/2016 5:00:00 PM,2016,2,3,17,0,Wednesday,541068,4811108,0,0,Intersection,2,P.D. only,On roadway,Rear end,Daylight,Municipal,Signal Control,Functioning,FALSE,FALSE,FALSE,Clear,FALSE,PARK ST; GLASGOW ST,3/4/2020 10:15:31 AM,541068,4811108,Q1,Working,FALSE
1423,44904,16-026259,2/5/2016 3:50:00 PM,2016,2,5,15,50,Friday,542784.2823,4804146.494,-80.471753,43.388981,Intersection,2,P.D. only,On roadway,Intersection,Daylight,Regional,Sign Control,Functioning,FALSE,FALSE,FALSE,Clear,FALSE,HURON RD; PARKVALE DR; At,3/4/2020 10:15:30 AM,542784.2823,4804146.494,Q1,Weekend,FALSE
1424,44905,16-026361,2/5/2016 6:30:00 PM,2016,2,5,18,30,Friday,543897.3665,4811904.175,-80.457387,43.458767,Intersection,1,Non-fatal injury,On roadway,Intersection,Dark,Municipal,Signal Control,Functioning,FALSE,FALSE,FALSE,Clear,FALSE,KRUG ST; RIVER RD E; At; 0 M,3/4/2020 10:15:30 AM,543897.3665,4811904.175,Q1,Weekend,FALSE
1425,44906,16-026662,2/6/2016 1:55:00 AM,2016,2,6,1,55,Saturday,540798.0307,4809182.91,-80.4959,43.43444,Non intersection,2,Other,Off roadway,SMV,Dark,Municipal,No control,Unknown,FALSE,FALSE,FALSE,Clear,FALSE,STIRLING AVE S; PLEASANT AVE ; Near; 8 M,3/4/2020 10:15:29 AM,540798.0307,4809182.91,Q1,Weekend,FALSE
1426,44907,16-027712,1/19/2016 4:45:00 PM,2016,1,19,16,45,Tuesday,541068,4811108,0,0,Private Drive,2,P.D. only,On roadway,SMV,Daylight,Municipal,No control,Unknown,FALSE,FALSE,FALSE,Snow,FALSE,BLUE LACE CRES; BLUE LACE CRES ; Near,3/4/2020 10:15:28 AM,541068,4811108,Q1,Working,FALSE
1427,44908,16-028096,2/7/2016 9:59:00 PM,2016,2,7,21,59,Sunday,545274.1488,4806434.261,-80.440823,43.409434,Intersection,1,Non-fatal injury,On roadway,Intersection,Dark,Municipal,Sign Control,Functioning,FALSE,FALSE,FALSE,Clear,FALSE,WABANAKI DR; WILSON AVE ; At; 3.5 M,3/4/2020 10:15:28 AM,545274.1488,4806434.261,Q1,Weekend,FALSE
1428,44909,16-028379,2/7/2016 4:45:00 PM,2016,2,7,16,45,Sunday,541068,4811108,0,0,Intersection,1,Non-fatal injury,On roadway,Rear end,Daylight,Regional,Signal Control,Functioning,FALSE,FALSE,FALSE,Clear,FALSE,KING ST E; BORDEN AVE N; Near,3/4/2020 10:15:27 AM,541068,4811108,Q1,Weekend,FALSE
1429,44910,16-028457,2/8/2016 8:00:00 AM,2016,2,8,8,0,Monday,546897.6099,4805975.33,-80.420812,43.405202,Non intersection,2,P.D. only,Off roadway,SMV,Dawn,Municipal,No control,Unknown,FALSE,FALSE,FALSE,Clear,FALSE,DEER RIDGE CRES; DEER RIDGE CRES ; 5 M,3/4/2020 10:15:26 AM,546897.6099,4805975.33,Q1,Working,FALSE
1430,44911,16-028486,2/8/2016 9:00:00 AM,2016,2,8,9,0,Monday,540317.1947,4805592.427,-80.502106,43.402137,Non intersection,1,Non-fatal injury,On roadway,SMV,Daylight,Municipal,Other,Functioning,TRUE,FALSE,FALSE,Clear,FALSE,COMMONWEALTH ST; COMMONWEALTH ST ; 4 M,3/4/2020 10:15:26 AM,540317.1947,4805592.427,Q1,Working,FALSE
1431,44912,16-028939,2/9/2016 2:25:00 AM,2016,2,9,2,25,Tuesday,545981.1585,4805449.147,-80.432174,43.400521,Non intersection,2,P.D. only,Off roadway,SMV,Dark,Municipal,No control,Unknown,FALSE,FALSE,FALSE,Snow,FALSE,MILL PARK DR; GREEN VALLEY DR ; 1 M,3/4/2020 10:15:25 AM,545981.1585,4805449.147,Q1,Working,FALSE
1432,44913,16-029101,2/9/2016 8:57:00 AM,2016,2,9,8,57,Tuesday,540389.0044,4812515.507,-80.500707,43.464469,Intersection,1,Non-fatal injury,On roadway,Intersection,Daylight,Municipal,Sign Control,Functioning,FALSE,FALSE,FALSE,Clear,FALSE,HARTWOOD AVE; ELLIS AVE,3/4/2020 10:15:24 AM,540389.0044,4812515.507,Q1,Working,FALSE
1433,44914,16-029405,2/9/2016 1:20:00 PM,2016,2,9,13,20,Tuesday,541068,4811108,0,0,Private Drive,2,P.D. only,On roadway,Intersection,Daylight,Municipal,No control,Unknown,FALSE,FALSE,FALSE,Clear,FALSE,DODDS LANE; 914 KING ST W LOT; At,3/4/2020 10:15:24 AM,541068,4811108,Q1,Working,FALSE
1434,44915,16-029539,2/9/2016 7:45:00 AM,2016,2,9,7,45,Tuesday,541068,4811108,0,0,Intersection,2,P.D. only,On roadway,Rear end,Daylight,Regional,Signal Control,Functioning,FALSE,FALSE,FALSE,Clear,FALSE,HOFFMAN ST; HIGHLAND RD E; At,3/4/2020 10:15:23 AM,541068,4811108,Q1,Working,FALSE
1435,44916,16-029695,2/10/2016 3:02:00 AM,2016,2,10,3,2,Wednesday,543101.5994,4805432.041,-80.467734,43.400538,Non intersection,2,P.D. only,On roadway,SMV,Dark,Regional,Sign Control,Functioning,FALSE,FALSE,FALSE,Snow,FALSE,STRASBURG RD; TRILLIUM DR ; Near; 116 M,3/4/2020 10:15:22 AM,543101.5994,4805432.041,Q1,Working,FALSE
1436,44917,16-029845,2/9/2016 9:30:00 AM,2016,2,9,9,30,Tuesday,541068,4811108,0,0,Private Drive,2,P.D. only,On roadway,Other,Daylight,Municipal,No control,Unknown,FALSE,FALSE,FALSE,Clear,FALSE,CARSON DR; CARSON DR ; Near,3/4/2020 10:15:22 AM,541068,4811108,Q1,Working,FALSE
1437,44918,16-029901,2/10/2016 10:45:00 AM,2016,2,10,10,45,Wednesday,547571.3383,4804340.437,-80.412634,43.390439,Non intersection,2,P.D. only,On roadway,Rear end,Daylight,Municipal,No control,Unknown,FALSE,FALSE,FALSE,Snow,FALSE,DOON VALLEY DR ; CONESTOGA COLLEGE BLVD ; Near; 200 M,3/4/2020 10:15:21 AM,547571.3383,4804340.437,Q1,Working,FALSE
1438,44919,16-029972,2/10/2016 12:24:00 PM,2016,2,10,12,24,Wednesday,540103.3791,4803074.422,-80.504931,43.379476,Private Drive,2,P.D. only,On roadway,Rear end,Daylight,Regional,No control,Unknown,FALSE,FALSE,FALSE,Snow,FALSE,HURON RD; HURON RD ; At; 22 M,3/4/2020 10:15:20 AM,540103.3791,4803074.422,Q1,Working,FALSE
1439,44920,16-029985,11/15/2015 2:00:00 PM,2015,11,15,14,0,Sunday,541068,4811108,0,0,Non intersection,2,P.D. only,On roadway,Rear end,Daylight,Regional,No control,Unknown,FALSE,FALSE,FALSE,Clear,FALSE,KING ST E; CEDAR ST N; Near,3/4/2020 10:15:20 AM,541068,4811108,Q4,Weekend,FALSE
1440,44921,16-030072,2/10/2016 3:14:00 PM,2016,2,10,15,14,Wednesday,545927.9536,4809481.553,-80.432492,43.436832,Non intersection,2,P.D. only,Off roadway,SMV,Daylight,Municipal,No control,Unknown,FALSE,FALSE,FALSE,Snow,FALSE,BURGETZ AVE; THALER AVE ; Near; 80 M,3/4/2020 10:15:19 AM,545927.9536,4809481.553,Q1,Working,FALSE
1441,44922,16-030208,2/10/2016 6:30:00 PM,2016,2,10,18,30,Wednesday,541068,4811108,0,0,Intersection,2,P.D. only,On roadway,Intersection,Dark,Municipal,Sign Control,Functioning,FALSE,FALSE,FALSE,Snow,FALSE,SIMEON ST; PANDORA AVE N; At,3/4/2020 10:15:18 AM,541068,4811108,Q1,Working,FALSE
1442,44923,16-030460,2/11/2016 5:30:00 AM,2016,2,11,5,30,Thursday,538778.4297,4807809.727,-80.520951,43.422183,Non intersection,2,P.D. only,Off roadway,SMV,Dark,Municipal,Sign Control,Functioning,FALSE,FALSE,FALSE,Clear,FALSE,ELM RIDGE DR ; MCGARRY DR; 2 M,3/4/2020 10:15:18 AM,538778.4297,4807809.727,Q1,Weekend,FALSE
1443,44924,16-030555,2/11/2016 9:43:00 AM,2016,2,11,9,43,Thursday,543563.8497,4812259.964,-80.461481,43.46199,Intersection,1,Non-fatal injury,On roadway,Intersection,Daylight,Regional,Signal Control,Functioning,FALSE,FALSE,FALSE,Clear,FALSE,RIVER RD E; FREDERICK ST,3/4/2020 10:15:17 AM,543563.8497,4812259.964,Q1,Weekend,FALSE
1444,44925,16-030600,2/11/2016 10:46:00 AM,2016,2,11,10,46,Thursday,541232.8603,4810948.43,-80.490394,43.450313,Intersection,1,Non-fatal injury,On roadway,SMV,Daylight,Regional,Signal Control,Functioning,TRUE,FALSE,FALSE,Clear,FALSE,KING ST W; ONTARIO ST N; At,3/4/2020 10:15:16 AM,541232.8603,4810948.43,Q1,Weekend,FALSE
1445,44926,16-030613,2/11/2016 11:07:00 AM,2016,2,11,11,7,Thursday,545447.6423,4811770.737,-80.438236,43.457473,Intersection,2,P.D. only,Off roadway,SMV,Daylight,Municipal,No control,Unknown,FALSE,FALSE,FALSE,Clear,FALSE,INDIAN RD ; QUEENSTON DR,3/4/2020 10:15:16 AM,545447.6423,4811770.737,Q1,Weekend,FALSE
1446,44927,16-030618,2/11/2016 11:05:00 AM,2016,2,11,11,5,Thursday,539596.7422,4810763.255,-80.510628,43.448734,Non intersection,2,P.D. only,Off roadway,SMV,Daylight,Municipal,No control,Unknown,FALSE,FALSE,FALSE,Clear,FALSE,GAGE AVE; GAGE AVE ; 7 M,3/4/2020 10:15:15 AM,539596.7422,4810763.255,Q1,Weekend,FALSE
1447,44928,16-030652,2/11/2016 11:52:00 AM,2016,2,11,11,52,Thursday,545247.4462,4811969.08,-80.440694,43.459271,Non intersection,2,P.D. only,On roadway,Other,Daylight,Municipal,No control,Unknown,FALSE,FALSE,FALSE,Clear,FALSE,QUEENSTON CRES; QUEENSTON DR; Near; 5 M,3/4/2020 10:15:14 AM,545247.4462,4811969.08,Q1,Weekend,FALSE
1448,44929,16-030732,2/6/2016 7:30:00 PM,2016,2,6,19,30,Saturday,542895.9683,4810057.876,-80.46991,43.442201,Private Drive,2,P.D. only,On roadway,SMV,Dark,Municipal,No control,Unknown,FALSE,FALSE,FALSE,Clear,FALSE,BRICK ST ; 11 OTTAWA ST N; Near; 15 M,3/4/2020 10:15:13 AM,542895.9683,4810057.876,Q1,Weekend,FALSE
1449,44930,16-030763,2/11/2016 1:30:00 PM,2016,2,11,13,30,Thursday,541068,4811108,0,0,Intersection,1,Non-fatal injury,On roadway,Intersection,Daylight,Municipal,Sign Control,Functioning,FALSE,FALSE,FALSE,Clear,FALSE,DOON SOUTH DR; DOON VILLAGE RD; At,3/4/2020 10:15:13 AM,541068,4811108,Q1,Weekend,FALSE
1450,44931,16-030808,2/11/2016 1:40:00 PM,2016,2,11,13,40,Thursday,541068,4811108,0,0,Private Drive,2,P.D. only,On roadway,Other,Daylight,Other,No control,Unknown,FALSE,FALSE,FALSE,Clear,FALSE,HOPP ST ; MADISON AVE S; At,3/4/2020 10:15:12 AM,541068,4811108,Q1,Weekend,FALSE
1451,44932,16-030866,2/11/2016 4:50:00 PM,2016,2,11,16,50,Thursday,542192.8854,4810731.582,-80.478546,43.448307,Private Drive,2,P.D. only,On roadway,SMV,Dark,Municipal,No control,Unknown,FALSE,FALSE,FALSE,Clear,FALSE,CAMERON ST N; WEBER ST E; 59 M,3/4/2020 10:15:11 AM,542192.8854,4810731.582,Q1,Weekend,FALSE
1452,44933,16-030902,2/11/2016 5:10:00 PM,2016,2,11,17,10,Thursday,539832.4789,4811141.697,-80.507687,43.452129,Non intersection,2,P.D. only,On roadway,Rear end,Dusk,Municipal,No control,Unknown,FALSE,FALSE,FALSE,Clear,FALSE,PARK ST; DOMINION ST; Near; 40 M,3/4/2020 10:15:10 AM,539832.4788,4811141.697,Q1,Weekend,FALSE
1453,44934,16-031629,2/12/2016 4:50:00 PM,2016,2,12,16,50,Friday,540427.8641,4811364.255,-80.500312,43.454101,Private Drive,2,P.D. only,On roadway,Intersection,Daylight,Municipal,No control,Unknown,FALSE,FALSE,FALSE,Snow,FALSE,WATERLOO ST; BREITHAUPT ST; 40 M,3/4/2020 10:15:10 AM,540427.8641,4811364.255,Q1,Weekend,FALSE
1454,44935,16-031632,2/12/2016 4:53:00 PM,2016,2,12,16,53,Friday,541068,4811108,0,0,Non intersection,2,P.D. only,Off roadway,SMV,Daylight,Municipal,No control,Unknown,FALSE,FALSE,FALSE,Snow,FALSE,CAMERON RD ; NEW DUNDEE RD ; 150 M,3/4/2020 10:15:09 AM,541068,4811108,Q1,Weekend,FALSE
1455,44936,16-031759,2/12/2016 7:46:00 PM,2016,2,12,19,46,Friday,541068,4811108,0,0,Other,2,P.D. only,On roadway,SMV,Dark,Municipal,No control,Unknown,FALSE,FALSE,FALSE,Clear,FALSE,PARK ST; CHERRY ST; Near; 50 M,3/4/2020 10:15:08 AM,541068,4811108,Q1,Weekend,FALSE