,OBJECTID,ACCIDENTNUM,ACCIDENTDATE,ACCIDENT_YEAR,ACCIDENT_MONTH,ACCIDENT_DAY,ACCIDENT_HOUR,ACCIDENT_MINUTE,Accident_Day,XCOORD,YCOORD,LONGITUDE,LATITUDE,Accident_Location,COLLISIONTYPE,Accident_Type,Impact_Location,Impact_Type,Light,Road_Jurisdication,Traffic_Control,Traffic_Control_Condition,Pedestrian_Involved,Cyclist_Involved,Motorcyclist_Involved,Environment_Condition,Self_Reported,XMLIMPORTNOTES,LASTEDITEDDATE,x,y,Quarter,Day_Type,Vulnerable_Involved
1456,44937,16-031826,2/12/2016 9:58:00 PM,2016,2,12,21,58,Friday,547064.0118,4806045.236,-80.418751,43.405821,Private Drive,1,Non-fatal injury,On roadway,Intersection,Dark,Municipal,No control,Unknown,FALSE,FALSE,FALSE,Clear,FALSE,DEER RIDGE CRES; DEER RIDGE CRES ; At; 1 M,3/4/2020 10:15:08 AM,547064.0117,4806045.236,Q1,Weekend,FALSE
1457,44938,16-032272,2/13/2016 2:20:00 PM,2016,2,13,14,20,Saturday,544561.2166,4811738.94,-80.449195,43.45724,Intersection,2,P.D. only,On roadway,Rear end,Daylight,Municipal,Signal Control,Functioning,FALSE,FALSE,FALSE,Clear,FALSE,RIVER RD E; LORRAINE AVE ; At,3/4/2020 10:15:07 AM,544561.2166,4811738.94,Q1,Weekend,FALSE
1458,44939,16-033077,2/14/2016 3:30:00 PM,2016,2,14,15,30,Sunday,541068,4811108,0,0,Private Drive,2,P.D. only,On roadway,Intersection,Daylight,Municipal,Sign Control,Functioning,FALSE,FALSE,FALSE,Clear,FALSE,WILSON AVE ; 419 FAIRWAY RD S; At,3/4/2020 10:15:06 AM,541068,4811108,Q1,Weekend,FALSE
1459,44940,16-033274,2/14/2016 11:09:00 PM,2016,2,14,23,9,Sunday,548011.7296,4810879.466,-80.406622,43.449288,Non intersection,1,Non-fatal injury,On roadway,SMV,Daylight,Municipal,No control,Unknown,FALSE,FALSE,FALSE,Clear,FALSE,COLTON CIR; AMELIA ST ; 14 M,3/4/2020 10:15:05 AM,548011.7296,4810879.466,Q1,Weekend,FALSE
1460,44941,16-033532,2/15/2016 10:20:00 AM,2016,2,15,10,20,Monday,541953.0613,4810521.511,-80.481526,43.446429,Non intersection,2,P.D. only,Off roadway,SMV,Daylight,Regional,No control,Unknown,FALSE,FALSE,FALSE,Snow,FALSE,KING ST E; CAMERON ST N; 100 M,3/4/2020 10:15:04 AM,541953.0613,4810521.511,Q1,Working,FALSE
1461,44942,16-033593,2/14/2016 4:20:00 PM,2016,2,14,16,20,Sunday,541068,4811108,0,0,Intersection,2,P.D. only,On roadway,Intersection,Daylight,Municipal,Sign Control,Functioning,FALSE,FALSE,FALSE,Clear,FALSE,TUERR DR; RITTENHOUSE RD,3/4/2020 10:15:04 AM,541068,4811108,Q1,Weekend,FALSE
1462,44943,16-033951,2/16/2016 1:24:00 AM,2016,2,16,1,24,Tuesday,540747.3999,4808828.875,-80.496552,43.431255,Intersection,2,P.D. only,Off roadway,SMV,Dark,Municipal,Signal Control,Functioning,FALSE,FALSE,FALSE,Other,FALSE,HOMER WATSON BLVD ; STIRLING AVE S; At; 2.5 M,3/4/2020 10:15:03 AM,540747.3999,4808828.875,Q1,Working,FALSE
1463,44944,16-034069,2/16/2016 8:28:00 AM,2016,2,16,8,28,Tuesday,545397.2988,4808300.148,-80.439147,43.426227,Non intersection,2,P.D. only,Off roadway,SMV,Daylight,Municipal,Other,Functioning,FALSE,FALSE,FALSE,Snow,FALSE,KINGSWAY DR; CEDARWOODS CRES; 120 M,3/4/2020 10:15:02 AM,545397.2988,4808300.148,Q1,Working,FALSE
1464,44945,16-034075,2/12/2016 9:00:00 PM,2016,2,12,21,0,Friday,541068,4811108,0,0,Private Drive,2,P.D. only,On roadway,SMV,Dark,Municipal,No control,Unknown,FALSE,FALSE,FALSE,Clear,FALSE,SHADELAND CRES; 78 SHADELAND CRES; At,3/4/2020 10:15:02 AM,541068,4811108,Q1,Weekend,FALSE
1465,44946,16-034235,2/16/2016 12:33:00 PM,2016,2,16,12,33,Tuesday,543840.5963,4810814.353,-80.458176,43.448958,Non intersection,2,P.D. only,Off roadway,SMV,Daylight,Municipal,No control,Unknown,FALSE,FALSE,FALSE,Snow,FALSE,MANCHESTER RD ; 135 MANCHESTER RD; Near; 1 M,3/7/2019 1:21:58 PM,543840.5963,4810814.353,Q1,Working,FALSE
1466,44947,16-034641,2/17/2016 12:43:00 AM,2016,2,17,0,43,Wednesday,541265.3754,4810791.811,-80.490004,43.448901,Intersection,2,P.D. only,On roadway,SMV,Dusk,Municipal,No control,Unknown,FALSE,FALSE,FALSE,Snow,FALSE,QUEEN ST S; CHARLES ST E,3/4/2020 10:15:01 AM,541265.3754,4810791.811,Q1,Working,FALSE
1467,44948,16-034791,2/17/2016 8:50:00 AM,2016,2,17,8,50,Wednesday,541133.5138,4810998.912,-80.491618,43.450773,Non intersection,2,P.D. only,Off roadway,SMV,Daylight,Regional,No control,Unknown,FALSE,FALSE,FALSE,Clear,FALSE,KING ST W; YOUNG ST ; 30 M,3/4/2020 10:15:00 AM,541133.5138,4810998.912,Q1,Working,FALSE
1468,44949,16-034835,2/17/2016 10:15:00 AM,2016,2,17,10,15,Wednesday,540173.4651,4809412.5,-80.5036,43.436541,Intersection,2,Non-reportable,On roadway,Rear end,Daylight,Municipal,Signal Control,Functioning,FALSE,FALSE,FALSE,Clear,FALSE,QUEEN ST S; BELMONT AVE E,3/4/2020 10:15:00 AM,540173.4651,4809412.5,Q1,Working,FALSE
1469,44950,16-034901,2/16/2016 9:35:00 PM,2016,2,16,21,35,Tuesday,538773.8789,4807502.841,-80.521029,43.41942,Non intersection,2,P.D. only,Off roadway,SMV,Dark,Municipal,No control,Unknown,FALSE,FALSE,FALSE,Clear,FALSE,PINEHURST CRES; 58 PINEHURST CRES; 2 M,3/4/2020 10:14:59 AM,538773.8789,4807502.841,Q1,Working,FALSE
1470,44951,16-034906,2/10/2016 8:50:00 AM,2016,2,10,8,50,Wednesday,543540.8033,4808762.81,-80.462045,43.430503,Intersection,2,P.D. only,On roadway,Intersection,Daylight,Municipal,Sign Control,Functioning,FALSE,FALSE,FALSE,Clear,FALSE,MASSEY AVE; BONIFACE AVE; At,3/4/2020 10:14:58 AM,543540.8033,4808762.81,Q1,Working,FALSE
1471,44952,16-035578,2/18/2016 8:15:00 AM,2016,2,18,8,15,Thursday,541068,4811108,0,0,Intersection,2,P.D. only,On roadway,Rear end,Daylight,Municipal,Signal Control,Functioning,FALSE,FALSE,FALSE,Clear,FALSE,WILSON AVE; KINGSWAY DR; At,3/4/2020 10:14:58 AM,541068,4811108,Q1,Weekend,FALSE
1472,44953,16-036284,2/15/2016 7:45:00 PM,2016,2,15,19,45,Monday,538172.6215,4806659.798,-80.528515,43.41186,Non intersection,2,P.D. only,On roadway,SMV,Dark,Municipal,No control,Unknown,FALSE,FALSE,FALSE,Clear,FALSE,INDIGO ST; INDIGO ST,3/4/2020 10:14:57 AM,538172.6214,4806659.798,Q1,Working,FALSE
1473,44954,16-036288,2/19/2016 9:04:00 AM,2016,2,19,9,4,Friday,539773.8546,4811204.1,-80.508407,43.452694,Non intersection,2,P.D. only,On roadway,Rear end,Daylight,Municipal,No control,Unknown,FALSE,FALSE,FALSE,Clear,FALSE,PARK ST; DOMINION ST; 100 M,3/4/2020 10:14:56 AM,539773.8546,4811204.1,Q1,Weekend,FALSE
1474,44955,16-036492,2/19/2016 2:25:00 PM,2016,2,19,14,25,Friday,549381.4515,4806272.919,-80.390111,43.407722,Private Drive,2,P.D. only,On roadway,Intersection,Daylight,Municipal,Sign Control,Functioning,FALSE,FALSE,FALSE,Clear,FALSE,GATEWAY PARK DR ; GATEWAY PARK DR ; At; 1 M,3/4/2020 10:14:56 AM,549381.4515,4806272.919,Q1,Weekend,FALSE
1475,44956,16-036643,2/19/2016 3:00:00 AM,2016,2,19,3,0,Friday,541068,4811108,0,0,Other,2,P.D. only,Off roadway,SMV,Dark,Other,No control,Unknown,FALSE,FALSE,FALSE,Clear,FALSE,DRIVEWAY; STEEPLERIDGE ST; At,3/4/2020 10:14:55 AM,541068,4811108,Q1,Weekend,FALSE
1476,44957,16-036954,2/20/2016 3:05:00 AM,2016,2,20,3,5,Saturday,538452.1626,4807986.334,-80.524969,43.42379,Non intersection,2,P.D. only,Off roadway,SMV,Dark,Municipal,No control,Unknown,FALSE,FALSE,FALSE,Clear,FALSE,ELM RIDGE DR; SILVER ASPEN CRES ; 11 M,3/4/2020 10:14:54 AM,538452.1626,4807986.334,Q1,Weekend,FALSE
1477,44958,16-037030,2/20/2016 7:48:00 AM,2016,2,20,7,48,Saturday,543284.3478,4811503.829,-80.464996,43.455198,Non intersection,2,P.D. only,Off roadway,SMV,Daylight,Municipal,No control,Unknown,FALSE,FALSE,FALSE,Clear,FALSE,KRUG ST; KRUG ST ; 1 M,3/4/2020 10:14:54 AM,543284.3478,4811503.829,Q1,Weekend,FALSE
1478,44959,16-037500,2/20/2016 7:45:00 PM,2016,2,20,19,45,Saturday,543003.6127,4804325.584,-80.469031,43.390581,Non intersection,2,P.D. only,On roadway,SMV,Dark,Regional,No control,Unknown,FALSE,FALSE,FALSE,Clear,FALSE,HURON RD; STRASBURG RD ; 200 M,3/4/2020 10:14:53 AM,543003.6127,4804325.584,Q1,Weekend,FALSE
1479,44960,16-037923,2/21/2016 10:47:00 AM,2016,2,21,10,47,Sunday,543515.4848,4804276.552,-80.462715,43.39011,Intersection,2,P.D. only,On roadway,Intersection,Daylight,Municipal,No control,Unknown,FALSE,FALSE,FALSE,Clear,FALSE,RUSH MEADOW ST; RUSH MEADOW CRES ; 60 M,3/4/2020 10:14:52 AM,543515.4848,4804276.552,Q1,Weekend,FALSE
1480,44961,16-038042,2/20/2016 2:30:00 PM,2016,2,20,14,30,Saturday,541124.4821,4812717.313,-80.4916,43.466246,Private Drive,2,Non-reportable,On roadway,SMV,Daylight,Municipal,No control,Unknown,FALSE,FALSE,FALSE,Clear,FALSE,FAIRFIELD AVE; FAIRFIELD AVE ; At,3/4/2020 10:14:52 AM,541124.4821,4812717.313,Q1,Weekend,FALSE
1481,44962,16-038195,2/21/2016 5:23:00 PM,2016,2,21,17,23,Sunday,539404.0347,4810383.741,-80.513037,43.445327,Intersection,2,P.D. only,On roadway,Intersection,Daylight,Municipal,Signal Control,Functioning,FALSE,FALSE,FALSE,Clear,FALSE,BELMONT AVE W; KARN ST; 5 M,3/4/2020 10:14:51 AM,539404.0347,4810383.741,Q1,Weekend,FALSE
1482,44963,16-038359,2/21/2016 10:30:00 PM,2016,2,21,22,30,Sunday,539355.8741,4810510.736,-80.513623,43.446473,Non intersection,1,Non-fatal injury,Off roadway,SMV,Dark,Municipal,No control,Unknown,FALSE,FALSE,FALSE,Clear,FALSE,BELMONT AVE W; GAGE AVE ; Near; 70 M,3/4/2020 10:14:50 AM,539355.8741,4810510.736,Q1,Weekend,FALSE
1483,44964,16-038502,2/22/2016 4:30:00 AM,2016,2,22,4,30,Monday,541388.8068,4806049.705,-80.488838,43.406196,Other,2,P.D. only,Off roadway,SMV,Dawn,Other,No control,Unknown,FALSE,FALSE,FALSE,Clear,FALSE,PRIVATE DRIVE; BONNYBANK CT,3/4/2020 10:14:50 AM,541388.8068,4806049.706,Q1,Working,FALSE
1484,44965,16-038770,2/20/2016 12:00:00 PM,2016,2,20,12,0,Saturday,539499.4537,4806496.733,-80.512139,43.410323,Private Drive,2,P.D. only,On roadway,SMV,Daylight,Municipal,No control,Unknown,FALSE,FALSE,FALSE,Clear,FALSE,WILDERNESS DR; 210 WILDERNESS DR; At,3/4/2020 10:14:49 AM,539499.4537,4806496.733,Q1,Weekend,FALSE
1485,44966,16-038910,2/21/2016 6:45:00 PM,2016,2,21,18,45,Sunday,544960.1126,4811321.551,-80.444299,43.453458,Private Drive,2,P.D. only,On roadway,SMV,Dusk,Municipal,No control,Unknown,FALSE,FALSE,FALSE,Clear,FALSE,BRECKENRIDGE DR ; BRECKENRIDGE DR; At,3/4/2020 10:14:48 AM,544960.1126,4811321.551,Q1,Weekend,FALSE
1486,44967,16-040179,2/24/2016 11:20:00 AM,2016,2,24,11,20,Wednesday,539068.8822,4811134.451,-80.517125,43.452104,Non intersection,1,Non-fatal injury,On roadway,Rear end,Daylight,Municipal,No control,Unknown,FALSE,FALSE,FALSE,Rain,FALSE,GLASGOW ST; BELMONT AVE W; 50 M,3/4/2020 10:14:48 AM,539068.8822,4811134.451,Q1,Working,FALSE
1487,44968,16-040362,2/24/2016 4:22:00 PM,2016,2,24,16,22,Wednesday,540979.7871,4808520.644,-80.493704,43.428467,Non intersection,2,P.D. only,Off roadway,SMV,Daylight,Municipal,No control,Unknown,FALSE,FALSE,FALSE,Rain,FALSE,SOUTHMOOR DR; YAGER AVE ; At; 80 M,3/4/2020 10:14:47 AM,540979.7871,4808520.644,Q1,Working,FALSE
1488,44969,16-040371,2/24/2016 4:30:00 PM,2016,2,24,16,30,Wednesday,539205.5529,4810395.023,-80.515489,43.445439,Non intersection,1,Non-fatal injury,Off roadway,SMV,Daylight,Municipal,No control,Unknown,FALSE,FALSE,FALSE,Rain,FALSE,BRYBECK CRES; 32 BRYBECK CRES; 9 M,3/4/2020 10:14:46 AM,539205.5529,4810395.023,Q1,Working,FALSE
1489,44970,16-040499,2/24/2016 7:41:00 PM,2016,2,24,19,41,Wednesday,541228.428,4810747.049,-80.490464,43.4485,Non intersection,2,P.D. only,On roadway,SMV,Dark,Municipal,No control,Unknown,FALSE,FALSE,FALSE,Rain,FALSE,QUEEN ST S; CHURCH ST ; 5 M,3/4/2020 10:14:46 AM,541228.428,4810747.049,Q1,Working,FALSE
1490,44971,16-040676,2/25/2016 4:49:00 AM,2016,2,25,4,49,Thursday,542070.655,4813369.425,-80.479853,43.472065,Non intersection,2,P.D. only,Off roadway,SMV,Dark,Municipal,No control,Unknown,FALSE,FALSE,FALSE,Snow,FALSE,SEREDA RD ; UNION ST ; Near; 35 M,3/4/2020 10:14:45 AM,542070.655,4813369.425,Q1,Weekend,FALSE
1491,44972,16-040700,2/25/2016 7:05:00 AM,2016,2,25,7,5,Thursday,538633.8685,4806604.671,-80.522822,43.41134,Intersection,2,P.D. only,On roadway,Intersection,Daylight,Municipal,Sign Control,Functioning,FALSE,FALSE,FALSE,Snow,FALSE,WINDFLOWER DR; WAKE ROBIN DR; At; 3 M,3/4/2020 10:14:44 AM,538633.8685,4806604.671,Q1,Weekend,FALSE
1492,44973,16-040971,2/25/2016 1:26:00 PM,2016,2,25,13,26,Thursday,540437.4168,4811713.933,-80.500168,43.457249,Intersection,2,P.D. only,On roadway,Intersection,Daylight,Municipal,Sign Control,Functioning,FALSE,FALSE,FALSE,Clear,FALSE,SHANLEY ST; WATERLOO ST; At,3/4/2020 10:14:44 AM,540437.4168,4811713.933,Q1,Weekend,FALSE
1493,44974,16-041609,2/26/2016 8:35:00 AM,2016,2,26,8,35,Friday,545748.3976,4803874.049,-80.43518,43.386353,Intersection,2,P.D. only,On roadway,Rear end,Daylight,Municipal,Sign Control,Functioning,FALSE,FALSE,FALSE,Clear,FALSE,OAKDALE CRT; APPLE RIDGE DR; At,3/4/2020 10:14:43 AM,545748.3976,4803874.049,Q1,Weekend,FALSE
1494,44975,16-041727,2/26/2016 12:18:00 PM,2016,2,26,12,18,Friday,544583.0302,4811780.288,-80.448922,43.457611,Private Drive,2,P.D. only,On roadway,Intersection,Daylight,Municipal,No control,Unknown,FALSE,FALSE,FALSE,Clear,FALSE,LORRAINE AVE; LORRAINE AVE; At; 1 M,3/4/2020 10:14:42 AM,544583.0302,4811780.288,Q1,Weekend,FALSE
1495,44976,16-041861,2/26/2016 1:10:00 PM,2016,2,26,13,10,Friday,542582.1213,4810125.189,-80.473783,43.442825,Intersection,1,Non-fatal injury,On roadway,Rear end,Daylight,Regional,Signal Control,Functioning,FALSE,FALSE,FALSE,Clear,FALSE,KING ST E; BORDEN AVE N; At,3/4/2020 10:14:42 AM,542582.1213,4810125.189,Q1,Weekend,FALSE
1496,44977,16-041891,2/26/2016 4:00:00 PM,2016,2,26,16,0,Friday,545190.5438,4808048.981,-80.441722,43.423978,Non intersection,2,P.D. only,On roadway,Rear end,Daylight,Municipal,No control,Unknown,FALSE,FALSE,FALSE,Clear,FALSE,KINGSWAY DR; GREENFIELD AVE; 50 M,3/4/2020 10:14:41 AM,545190.5438,4808048.981,Q1,Weekend,FALSE
1497,44978,16-041972,2/26/2016 4:30:00 PM,2016,2,26,16,30,Friday,543046.1329,4809758.633,-80.468078,43.439498,Intersection,2,P.D. only,On roadway,Intersection,Daylight,Municipal,Sign Control,Functioning,FALSE,FALSE,FALSE,Clear,FALSE,CHARLES ST E; PRESTON ST; At,3/4/2020 10:14:40 AM,543046.1329,4809758.633,Q1,Weekend,FALSE
1498,44979,16-042084,2/26/2016 8:14:00 PM,2016,2,26,20,14,Friday,545290.3048,4805305.207,-80.440717,43.399267,Intersection,2,P.D. only,On roadway,Other,Dark,Municipal,No control,Unknown,FALSE,FALSE,FALSE,Clear,FALSE,FARRIER DR; BRASSEY CRT; Near; 10 M,3/4/2020 10:14:40 AM,545290.3048,4805305.207,Q1,Weekend,FALSE
1499,44980,16-042194,2/26/2016 10:30:00 PM,2016,2,26,22,30,Friday,545032.7617,4807868.784,-80.443686,43.422365,Intersection,1,Non-fatal injury,On roadway,SMV,Dark,Municipal,Signal Control,Functioning,TRUE,FALSE,FALSE,Clear,FALSE,KINGSWAY DR; WILSON AVE; At,3/4/2020 10:14:39 AM,545032.7617,4807868.784,Q1,Weekend,FALSE
1500,44981,16-042687,2/27/2016 3:15:00 PM,2016,2,27,15,15,Saturday,543596.7947,4808264.838,-80.461393,43.426016,Other,2,Non-reportable,Off roadway,SMV,Daylight,Other,No control,Unknown,FALSE,FALSE,FALSE,Clear,FALSE,DRIVEWAY; 225 VANIER DR; At,3/4/2020 10:14:38 AM,543596.7947,4808264.838,Q1,Weekend,FALSE
1501,44982,16-043156,2/28/2016 4:52:00 AM,2016,2,28,4,52,Sunday,542336.5313,4807750.262,-80.477002,43.421455,Non intersection,2,P.D. only,Off roadway,SMV,Dark,Municipal,No control,Unknown,FALSE,FALSE,FALSE,Clear,FALSE,KINGSWOOD DR; KINGSWOOD DR ; At; 22 M,3/4/2020 10:14:38 AM,542336.5313,4807750.262,Q1,Weekend,FALSE
1502,44983,16-043413,2/27/2016 7:10:00 PM,2016,2,27,19,10,Saturday,546607.9172,4808572.62,-80.424168,43.428606,Non intersection,2,P.D. only,On roadway,SMV,Dark,Municipal,No control,Unknown,FALSE,FALSE,FALSE,Clear,FALSE,GREENDALE CRES; 34 GREENDALE CR,3/4/2020 10:14:37 AM,546607.9172,4808572.62,Q1,Weekend,FALSE
1503,44984,16-043421,2/28/2016 2:28:00 PM,2016,2,28,14,28,Sunday,545794.8213,4808623.026,-80.434209,43.42911,Intersection,2,P.D. only,On roadway,Intersection,Daylight,Regional,No control,Unknown,FALSE,FALSE,FALSE,Clear,FALSE,KING ST E; MORGAN AVE; 10 M,3/4/2020 10:14:36 AM,545794.8213,4808623.026,Q1,Weekend,FALSE
1504,44985,16-043767,2/29/2016 3:00:00 AM,2016,2,29,3,0,Monday,541798.8576,4810621.397,-80.483424,43.447337,Intersection,2,P.D. only,On roadway,SMV,Dark,Regional,Signal Control,Functioning,FALSE,FALSE,FALSE,Clear,FALSE,CEDAR ST S; KING ST E; At; 12 M,3/4/2020 10:14:36 AM,541798.8576,4810621.397,Q1,Working,FALSE
1505,44986,16-043866,2/29/2016 8:38:00 AM,2016,2,29,8,38,Monday,542126.902,4809208.96,-80.479479,43.434601,Intersection,1,Non-fatal injury,On roadway,Intersection,Daylight,Municipal,Sign Control,Functioning,FALSE,FALSE,FALSE,Clear,FALSE,MILL ST; MILL ST,3/4/2020 10:14:35 AM,542126.902,4809208.96,Q1,Working,FALSE
1506,44987,16-043979,2/29/2016 11:20:00 AM,2016,2,29,11,20,Monday,539330.9953,4809976.054,-80.513969,43.44166,Private Drive,2,P.D. only,On roadway,Intersection,Daylight,Municipal,No control,Unknown,FALSE,FALSE,FALSE,Clear,FALSE,LAWRENCE AVE; 313 LAWRENCE AVE; Near; 5 M,3/4/2020 10:14:34 AM,539330.9953,4809976.054,Q1,Working,FALSE
1507,44988,16-044138,2/29/2016 3:40:00 PM,2016,2,29,15,40,Monday,541542.2595,4812643.909,-80.486441,43.465562,Non intersection,1,Non-fatal injury,On roadway,SMV,Daylight,Municipal,No control,Unknown,FALSE,FALSE,FALSE,Clear,FALSE,GUELPH ST; ARNOLD ST ; Near; 63 M,3/4/2020 10:14:34 AM,541542.2595,4812643.91,Q1,Working,FALSE
1508,44989,16-044147,2/29/2016 1:45:00 PM,2016,2,29,13,45,Monday,539748.0192,4810892.754,-80.508749,43.449892,Non intersection,2,P.D. only,On roadway,Rear end,Daylight,Municipal,No control,Unknown,FALSE,FALSE,FALSE,Clear,FALSE,STRANGE ST; CN RAIL; Near,3/4/2020 10:14:33 AM,539748.0192,4810892.754,Q1,Working,FALSE
1509,44990,16-044729,3/1/2016 12:47:00 PM,2016,3,1,12,47,Tuesday,540487.7247,4809735.901,-80.499693,43.439436,Intersection,2,P.D. only,On roadway,Intersection,Daylight,Municipal,Sign Control,Functioning,FALSE,FALSE,FALSE,Snow,FALSE,QUEENS BLVD; SPADINA RD E,3/4/2020 10:14:32 AM,540487.7247,4809735.901,Q1,Working,FALSE
1510,44991,16-044744,3/1/2016 1:04:00 PM,2016,3,1,13,4,Tuesday,541779.0585,4804157.528,-80.484163,43.389137,Private Drive,2,P.D. only,On roadway,Intersection,Daylight,Municipal,No control,Unknown,FALSE,FALSE,FALSE,Other,FALSE,PARKVALE DR; 345 PARKVALE DR; At; 0 M,3/4/2020 10:14:32 AM,541779.0585,4804157.528,Q1,Working,FALSE
1511,44992,16-044905,3/1/2016 5:10:00 PM,2016,3,1,17,10,Tuesday,539910.1039,4809208.805,-80.506869,43.434721,Private Drive,2,P.D. only,On roadway,SMV,Daylight,Municipal,No control,Unknown,FALSE,FALSE,FALSE,Snow,FALSE,QUEENS BLVD; PRIVATE DRIVE - 1139 QUEENS BLVD; 25 M,3/4/2020 10:14:31 AM,539910.1039,4809208.805,Q1,Working,FALSE
1512,44993,16-045179,3/1/2016 6:00:00 PM,2016,3,1,18,0,Tuesday,541454.1077,4810825.287,-80.487669,43.449192,Non intersection,2,P.D. only,Off roadway,SMV,Daylight,Regional,No control,Unknown,FALSE,FALSE,FALSE,Snow,FALSE,KING ST E; BENTON ST; 12 M,3/4/2020 10:14:30 AM,541454.1077,4810825.287,Q1,Working,FALSE
1513,44994,16-045231,3/2/2016 8:10:00 AM,2016,3,2,8,10,Wednesday,541083.0311,4810772.038,-80.492259,43.448733,Non intersection,2,P.D. only,Off roadway,SMV,Dark,Municipal,No control,Unknown,FALSE,FALSE,FALSE,Snow,FALSE,JOSEPH ST; DAVID ST; 20 M,3/4/2020 10:14:29 AM,541083.0311,4810772.039,Q1,Working,FALSE
1514,44995,16-045294,3/2/2016 9:24:00 AM,2016,3,2,9,24,Wednesday,543853.0649,4809809.479,-80.458103,43.439909,Intersection,2,P.D. only,Off roadway,SMV,Daylight,Municipal,Sign Control,Functioning,FALSE,FALSE,FALSE,Clear,FALSE,BRENTWOOD AVE; MONTGOMERY RD,3/4/2020 10:14:28 AM,543853.0649,4809809.479,Q1,Working,FALSE
1515,44996,16-045573,3/2/2016 3:24:00 PM,2016,3,2,15,24,Wednesday,542674.7103,4811810.359,-80.472507,43.457993,Private Drive,2,P.D. only,On roadway,Intersection,Daylight,Municipal,No control,Unknown,FALSE,FALSE,FALSE,Snow,FALSE,EDNA ST ; 385 FREDERICK ST ; At; 1 M,3/4/2020 10:14:28 AM,542674.7103,4811810.359,Q1,Working,FALSE
1516,44997,16-045697,3/2/2016 6:00:00 PM,2016,3,2,18,0,Wednesday,545049.2655,4810838.803,-80.443237,43.449106,Intersection,1,Non-fatal injury,On roadway,SMV,Dusk,Regional,Signal Control,Functioning,TRUE,FALSE,FALSE,Clear,FALSE,RIVER RD E; HOLBORN DR ; At,3/4/2020 10:14:27 AM,545049.2655,4810838.804,Q1,Working,FALSE
1517,44998,16-045757,3/2/2016 8:37:00 PM,2016,3,2,20,37,Wednesday,544629.2388,4809248.155,-80.448558,43.434809,Private Drive,2,P.D. only,On roadway,Intersection,Dark,Regional,No control,Unknown,FALSE,FALSE,FALSE,Clear,FALSE,FRANKLIN ST S; 1111 WEBER ST E; Near; 5 M,3/4/2020 10:14:26 AM,544629.2388,4809248.156,Q1,Working,FALSE
1518,44999,16-046018,3/3/2016 9:10:00 AM,2016,3,3,9,10,Thursday,539698.84,4811082.268,-80.509343,43.451601,Intersection,2,P.D. only,On roadway,Intersection,Daylight,Municipal,Sign Control,Functioning,FALSE,FALSE,FALSE,Clear,FALSE,STRANGE ST; DOMINION ST; 5 M,3/4/2020 10:14:26 AM,539698.84,4811082.268,Q1,Weekend,FALSE
1519,45000,16-046026,3/3/2016 9:23:00 AM,2016,3,3,9,23,Thursday,540235.7289,4805497.651,-80.503119,43.401288,Private Drive,2,P.D. only,On roadway,Other,Daylight,Municipal,No control,Unknown,FALSE,FALSE,FALSE,Clear,FALSE,COMMONWEALTH CRES; COMMONWEALTH CRES ; At; 4 M,3/4/2020 10:14:25 AM,540235.7289,4805497.651,Q1,Weekend,FALSE
1520,45001,16-046345,3/3/2016 3:17:00 PM,2016,3,3,15,17,Thursday,540560.64,4807299.441,-80.498973,43.417494,Non intersection,2,P.D. only,Off roadway,SMV,Daylight,Municipal,No control,Unknown,FALSE,FALSE,FALSE,Clear,FALSE,LAURENTIAN DR; DARCY PL ; 13 M,3/4/2020 10:14:24 AM,540560.64,4807299.441,Q1,Weekend,FALSE
1521,45002,16-046680,3/4/2016 2:50:00 AM,2016,3,4,2,50,Friday,542722.2044,4808220.816,-80.472201,43.42567,Non intersection,2,P.D. only,Off roadway,SMV,Dark,Municipal,No control,Unknown,FALSE,FALSE,FALSE,Clear,FALSE,HANSON AVE; HAYWARD AVE ; 87 M,3/4/2020 10:14:24 AM,542722.2044,4808220.816,Q1,Weekend,FALSE
1522,45003,16-047068,3/4/2016 2:36:00 PM,2016,3,4,14,36,Friday,542612.9721,4805879.846,-80.473733,43.404598,Intersection,1,Non-fatal injury,On roadway,Intersection,Daylight,Regional,Sign Control,Functioning,FALSE,FALSE,FALSE,Clear,FALSE,STRASBURG RD; MCINTYRE DR,3/4/2020 10:14:23 AM,542612.9721,4805879.846,Q1,Weekend,FALSE
1523,45004,16-047257,3/4/2016 5:05:00 PM,2016,3,4,17,5,Friday,541709.3056,4810983.681,-80.484503,43.450604,Private Drive,2,P.D. only,On roadway,Intersection,Daylight,Regional,No control,Unknown,FALSE,FALSE,FALSE,Clear,FALSE,SCOTT ST; WEBER ST E; Near,3/4/2020 10:14:22 AM,541709.3056,4810983.681,Q1,Weekend,FALSE
1524,45005,16-047513,3/5/2016 12:58:00 AM,2016,3,5,0,58,Saturday,540410.0856,4811050.289,-80.500555,43.451275,Private Drive,2,P.D. only,Off roadway,SMV,Dark,Municipal,No control,Unknown,FALSE,FALSE,FALSE,Clear,FALSE,JOSEPH ST; 280 JOSEPH ST; 8 M,3/4/2020 10:14:22 AM,540410.0856,4811050.289,Q1,Weekend,FALSE
1525,45006,16-047894,3/5/2016 2:25:00 PM,2016,3,5,14,25,Saturday,541113.5286,4810746.791,-80.491884,43.448504,Non intersection,2,P.D. only,Off roadway,Intersection,Daylight,Municipal,No control,Unknown,FALSE,FALSE,FALSE,Clear,FALSE,ONTARIO ST S; JOSEPH ST; Near; 25 M,3/4/2020 10:14:21 AM,541113.5286,4810746.791,Q1,Weekend,FALSE
1526,45007,16-047936,3/4/2016 5:45:00 PM,2016,3,4,17,45,Friday,542847.9702,4813075.345,-80.470266,43.469373,Intersection,1,Non-fatal injury,On roadway,Rear end,Daylight,Municipal,Sign Control,Functioning,FALSE,FALSE,FALSE,Clear,FALSE,GUELPH ST; RIVERBEND DR,3/4/2020 10:14:20 AM,542847.9702,4813075.345,Q1,Weekend,FALSE
1527,45008,16-048026,3/5/2016 5:27:00 PM,2016,3,5,17,27,Saturday,541063.344,4809620.102,-80.492589,43.438362,Non intersection,2,P.D. only,Off roadway,SMV,Dusk,Municipal,No control,Unknown,FALSE,FALSE,FALSE,Clear,FALSE,HIGHLAND RD E; SPADINA RD E; 75 M,3/4/2020 10:14:20 AM,541063.344,4809620.102,Q1,Weekend,FALSE