,OBJECTID,ACCIDENTNUM,ACCIDENTDATE,ACCIDENT_YEAR,ACCIDENT_MONTH,ACCIDENT_DAY,ACCIDENT_HOUR,ACCIDENT_MINUTE,Accident_Day,XCOORD,YCOORD,LONGITUDE,LATITUDE,Accident_Location,COLLISIONTYPE,Accident_Type,Impact_Location,Impact_Type,Light,Road_Jurisdication,Traffic_Control,Traffic_Control_Condition,Pedestrian_Involved,Cyclist_Involved,Motorcyclist_Involved,Environment_Condition,Self_Reported,XMLIMPORTNOTES,LASTEDITEDDATE,x,y,Quarter,Day_Type,Vulnerable_Involved
1528,45009,16-048526,3/5/2016 2:30:00 PM,2016,3,5,14,30,Saturday,537977.7782,4808939.765,-80.530763,43.432399,Non intersection,2,P.D. only,On roadway,SMV,Daylight,Municipal,No control,Unknown,FALSE,FALSE,FALSE,Clear,FALSE,OPRINGTON CRT; 122 OPRINGTON CRT; At,3/4/2020 10:14:19 AM,537977.7782,4808939.765,Q1,Weekend,FALSE
1529,45010,16-048948,3/6/2016 11:24:00 PM,2016,3,6,23,24,Sunday,540305.5148,4806436.527,-80.502188,43.409738,Non intersection,2,P.D. only,On roadway,SMV,Dusk,Municipal,No control,Unknown,FALSE,FALSE,FALSE,Clear,FALSE,HIGHBROOK CRES; HIGHBROOK ST ; 75 M,3/4/2020 10:14:18 AM,540305.5148,4806436.527,Q1,Weekend,FALSE
1530,45011,16-049174,3/7/2016 8:55:00 AM,2016,3,7,8,55,Monday,540561.304,4805558.461,-80.499094,43.401818,Intersection,2,P.D. only,On roadway,Intersection,Daylight,Municipal,Sign Control,Functioning,FALSE,FALSE,FALSE,Clear,FALSE,HELENA FEASBY ST; HARDING ST,3/4/2020 10:14:18 AM,540561.304,4805558.461,Q1,Working,FALSE
1531,45012,16-049293,3/7/2016 11:00:00 AM,2016,3,7,11,0,Monday,545035.9136,4810669.344,-80.443416,43.447581,Private Drive,2,P.D. only,On roadway,SMV,Daylight,Municipal,No control,Unknown,FALSE,FALSE,FALSE,Clear,FALSE,DOOLEY DR; DOOLEY DR ; At,3/4/2020 10:14:17 AM,545035.9136,4810669.344,Q1,Working,FALSE
1532,45013,16-049296,3/7/2016 10:50:00 AM,2016,3,7,10,50,Monday,540815.126,4811545.842,-80.495512,43.455715,Private Drive,2,P.D. only,On roadway,Intersection,Daylight,Municipal,No control,Unknown,FALSE,FALSE,FALSE,Clear,FALSE,BREITHAUPT ST; 130 WEBER ST W; Near,3/4/2020 10:14:16 AM,540815.126,4811545.842,Q1,Working,FALSE
1533,45014,16-049522,3/7/2016 4:20:00 PM,2016,3,7,16,20,Monday,541558.256,4811282.947,-80.486347,43.453307,Non intersection,2,P.D. only,Off roadway,SMV,Daylight,Municipal,No control,Unknown,FALSE,FALSE,FALSE,Clear,FALSE,AHRENS ST W; QUEEN ST N; Near; 23 M,3/4/2020 10:14:15 AM,541558.256,4811282.947,Q1,Working,FALSE
1534,45015,16-049962,3/7/2016 7:15:00 PM,2016,3,7,19,15,Monday,539077.6797,4807646.418,-80.517266,43.420697,Private Drive,2,P.D. only,On roadway,SMV,Dark,Municipal,No control,Unknown,FALSE,FALSE,FALSE,Clear,FALSE,FOREST GLEN CRES; FOREST GLEN CRES ; At,3/4/2020 10:14:15 AM,539077.6797,4807646.418,Q1,Working,FALSE
1535,45016,16-050190,3/8/2016 12:20:00 AM,2016,3,8,0,20,Tuesday,542582.1276,4810124.189,-80.473783,43.442816,Intersection,2,P.D. only,On roadway,Rear end,Dark,Regional,Signal Control,Functioning,FALSE,FALSE,FALSE,Clear,FALSE,KING ST E; BORDEN AVE N; At,3/4/2020 10:14:14 AM,542582.1276,4810124.19,Q1,Working,FALSE
1536,45017,16-050388,3/8/2016 7:50:00 AM,2016,3,8,7,50,Tuesday,545125.0185,4810643.063,-80.442317,43.447339,Intersection,2,P.D. only,On roadway,Rear end,Daylight,Regional,No control,Unknown,FALSE,FALSE,FALSE,Clear,FALSE,RIVER RD E; CONWAY DR; Near; 25 M,3/4/2020 10:14:13 AM,545125.0185,4810643.063,Q1,Working,FALSE
1537,45018,16-051012,3/2/2016 1:00:00 PM,2016,3,2,13,0,Wednesday,542628.6686,4810097.051,-80.47321,43.442569,Non intersection,1,Non-fatal injury,On roadway,Rear end,Daylight,Municipal,No control,Unknown,FALSE,FALSE,FALSE,Clear,FALSE,KING ST E; ONWARD AVE ; Near; 40 M,3/4/2020 10:14:13 AM,542628.6686,4810097.051,Q1,Working,FALSE
1538,45019,16-051213,3/9/2016 8:30:00 AM,2016,3,9,8,30,Wednesday,543981.7757,4811999.128,-80.456336,43.459617,Private Drive,2,P.D. only,On roadway,SMV,Daylight,Municipal,No control,Unknown,FALSE,FALSE,FALSE,Clear,FALSE,ELKINGTON DR; ELKINGTON DR ; At,3/4/2020 10:14:12 AM,543981.7757,4811999.128,Q1,Working,FALSE
1539,45020,16-051581,3/10/2016 9:08:00 AM,2016,3,10,9,8,Thursday,539717.5985,4810136.805,-80.50918,43.443087,Private Drive,2,P.D. only,Off roadway,SMV,Daylight,Municipal,Sign Control,Functioning,FALSE,FALSE,FALSE,Rain,FALSE,JACK AVE; 17 JACK AVE ; 1 M,3/4/2020 10:14:11 AM,539717.5985,4810136.805,Q1,Weekend,FALSE
1540,45021,16-051939,3/8/2016 5:45:00 PM,2016,3,8,17,45,Tuesday,541795.1447,4812133.367,-80.483354,43.460951,Non intersection,2,P.D. only,On roadway,Rear end,Daylight,Regional,Signal Control,Functioning,FALSE,FALSE,FALSE,Clear,FALSE,WELLINGTON ST N; LANCASTER ST W; Near,3/4/2020 10:14:10 AM,541795.1447,4812133.367,Q1,Working,FALSE
1541,45022,16-052452,3/11/2016 10:10:00 AM,2016,3,11,10,10,Friday,540008.2115,4810951.934,-80.505529,43.450411,Private Drive,2,P.D. only,On roadway,Intersection,Daylight,Municipal,No control,Unknown,FALSE,FALSE,FALSE,Clear,FALSE,PARK ST; PARK ST ; At; 5 M,3/4/2020 10:14:09 AM,540008.2115,4810951.935,Q1,Weekend,FALSE
1542,45023,16-052531,3/10/2016 11:30:00 AM,2016,3,10,11,30,Thursday,544425.7645,4812845.782,-80.450779,43.467214,Private Drive,2,P.D. only,On roadway,Other,Dark,Municipal,No control,Unknown,FALSE,FALSE,FALSE,Clear,FALSE,ROTHSAY AVE; ROTHSAY AVE ; At,3/4/2020 10:14:09 AM,544425.7645,4812845.782,Q1,Weekend,FALSE
1543,45024,16-052698,3/11/2016 4:00:00 PM,2016,3,11,16,0,Friday,545274.7638,4807766.672,-80.440705,43.421431,Private Drive,2,P.D. only,On roadway,Intersection,Daylight,Municipal,No control,Unknown,FALSE,FALSE,FALSE,Clear,FALSE,WILSON AVE; 385 FAIRWAY RD S; At; 10 M,3/4/2020 10:14:08 AM,545274.7638,4807766.672,Q1,Weekend,FALSE
1544,45025,16-053035,3/12/2016 12:47:00 AM,2016,3,12,0,47,Saturday,542582.1094,4810127.077,-80.473783,43.442842,Intersection,1,Non-fatal injury,On roadway,Rear end,Dark,Regional,Signal Control,Functioning,FALSE,FALSE,FALSE,Clear,FALSE,KING ST E; BORDEN AVE N; At,3/4/2020 10:14:07 AM,542582.1094,4810127.077,Q1,Weekend,FALSE
1545,45026,16-053443,3/12/2016 2:30:00 PM,2016,3,12,14,30,Saturday,545146.2876,4807561.568,-80.442309,43.419592,Private Drive,2,P.D. only,On roadway,Intersection,Daylight,Municipal,Sign Control,Functioning,FALSE,FALSE,FALSE,Clear,FALSE,WILSON AVE; 385 FAIRWAY RD S; 12 M,3/4/2020 10:14:07 AM,545146.2876,4807561.568,Q1,Weekend,FALSE
1546,45027,16-055023,2/25/2016 8:00:00 AM,2016,2,25,8,0,Thursday,542472.5657,4812921.479,-80.474919,43.468009,Non intersection,2,P.D. only,Off roadway,SMV,Daylight,Municipal,Sign Control,Functioning,FALSE,FALSE,FALSE,Clear,FALSE,SPRING VALLEY RD; GUELPH ST; Near,3/4/2020 10:14:06 AM,542472.5657,4812921.479,Q1,Weekend,FALSE
1547,45028,16-055335,3/15/2016 3:04:00 AM,2016,3,15,3,4,Tuesday,545182.0402,4808037.485,-80.441828,43.423875,Non intersection,2,P.D. only,On roadway,SMV,Dark,Municipal,No control,Unknown,FALSE,FALSE,FALSE,Rain,FALSE,KINGSWAY DR; GREENFIELD AVE; 102 M,3/4/2020 10:14:05 AM,545182.0402,4808037.485,Q1,Working,FALSE
1548,45029,16-055491,3/15/2016 11:26:00 AM,2016,3,15,11,26,Tuesday,544910.116,4811138.521,-80.444932,43.451813,Private Drive,2,P.D. only,On roadway,Intersection,Daylight,Regional,Sign Control,Functioning,FALSE,FALSE,FALSE,Clear,FALSE,RIVER RD E; 1020 OTTAWA ST N; 4 M,3/4/2020 10:14:05 AM,544910.1159,4811138.521,Q1,Working,FALSE
1549,45030,16-055642,3/15/2016 3:10:00 PM,2016,3,15,15,10,Tuesday,541342.577,4810658.566,-80.48906,43.447697,Intersection,1,Non-fatal injury,On roadway,Intersection,Daylight,Municipal,Sign Control,Functioning,FALSE,FALSE,FALSE,Clear,FALSE,CHURCH ST ; BENTON ST ; Near; 9 M,3/4/2020 10:14:04 AM,541342.577,4810658.566,Q1,Working,FALSE
1550,45031,16-056171,3/16/2016 9:45:00 AM,2016,3,16,9,45,Wednesday,545221.6543,4805156.702,-80.441577,43.397934,Private Drive,1,Non-fatal injury,Off roadway,SMV,Daylight,Municipal,No control,Unknown,TRUE,FALSE,FALSE,Clear,FALSE,UPPER CANADA DR; 88 UPPER CANADA DR; At; 19 M,3/4/2020 10:14:03 AM,545221.6543,4805156.702,Q1,Working,FALSE
1551,45032,16-056527,3/16/2016 6:32:00 PM,2016,3,16,18,32,Wednesday,538955.2888,4805736.807,-80.518914,43.403509,Non intersection,2,P.D. only,Off roadway,SMV,Daylight,Municipal,No control,Unknown,FALSE,FALSE,FALSE,Rain,FALSE,MOUNTAIN LAUREL CRES; BERRY MOSS ST; 280 M,3/4/2020 10:14:03 AM,538955.2888,4805736.807,Q1,Working,FALSE
1552,45033,16-056993,3/17/2016 12:48:00 PM,2016,3,17,12,48,Thursday,540739.3256,4811142.786,-80.496479,43.45209,Private Drive,2,P.D. only,On roadway,Intersection,Daylight,Regional,No control,Unknown,FALSE,FALSE,FALSE,Clear,FALSE,KING ST W; 381 KING ST W; At; 4 M,3/4/2020 10:14:02 AM,540739.3256,4811142.786,Q1,Weekend,FALSE
1553,45034,16-057157,3/17/2016 3:00:00 PM,2016,3,17,15,0,Thursday,546725.4412,4811014.475,-80.422507,43.450585,Intersection,2,P.D. only,On roadway,Intersection,Daylight,Municipal,Sign Control,Functioning,FALSE,FALSE,FALSE,Clear,FALSE,ZELLER DR; SUSAN CRES,3/4/2020 10:14:01 AM,546725.4412,4811014.475,Q1,Weekend,FALSE
1554,45035,16-057166,3/16/2016 8:00:00 PM,2016,3,16,20,0,Wednesday,537111.2525,4807382.321,-80.541575,43.418419,Non intersection,2,P.D. only,On roadway,SMV,Dark,Municipal,No control,Unknown,FALSE,FALSE,FALSE,Clear,FALSE,MEADOW WOODS CRES; 60 MEADOW WOODS CR; Near,3/4/2020 10:14:01 AM,537111.2525,4807382.321,Q1,Working,FALSE
1555,45036,16-057203,3/17/2016 4:00:00 PM,2016,3,17,16,0,Thursday,542768.5602,4805746.446,-80.471822,43.403388,Non intersection,2,P.D. only,On roadway,Intersection,Daylight,Municipal,No control,Unknown,FALSE,FALSE,FALSE,Clear,FALSE,STRASBURG RD; STRASBURG RD ; Near,3/4/2020 10:14:00 AM,542768.5602,4805746.446,Q1,Weekend,FALSE
1556,45037,16-057273,3/17/2016 5:56:00 PM,2016,3,17,17,56,Thursday,544600.2053,4808130.793,-80.449008,43.42475,Intersection,2,P.D. only,On roadway,Intersection,Daylight,Municipal,Sign Control,Functioning,FALSE,FALSE,FALSE,Clear,FALSE,WILSON AVE; WOODHAVEN RD,3/4/2020 10:13:59 AM,544600.2053,4808130.793,Q1,Weekend,FALSE
1557,45038,16-057674,3/18/2016 1:31:00 AM,2016,3,18,1,31,Friday,539618.3145,4811374.44,-80.510317,43.454236,Intersection,2,P.D. only,On roadway,Intersection,Dark,Municipal,Signal Control,Functioning,FALSE,FALSE,FALSE,Clear,FALSE,PARK ST ; GLASGOW ST,3/4/2020 10:04:31 AM,539618.3145,4811374.441,Q1,Weekend,FALSE
1558,45039,16-057832,3/18/2016 8:30:00 AM,2016,3,18,8,30,Friday,539744.2704,4805758.619,-80.509169,43.403664,Intersection,1,Non-fatal injury,On roadway,Intersection,Daylight,Municipal,Sign Control,Functioning,FALSE,TRUE,FALSE,Clear,FALSE,MAX BECKER DR; ACTIVA AVE ; At,3/4/2020 10:13:59 AM,539744.2704,4805758.619,Q1,Weekend,FALSE
1559,45040,16-057921,3/16/2016 5:45:00 PM,2016,3,16,17,45,Wednesday,546095.1716,4811503.698,-80.430255,43.455029,Non intersection,2,P.D. only,On roadway,SMV,Daylight,Municipal,No control,Unknown,FALSE,FALSE,FALSE,Rain,FALSE,EBYDALE DR; 44 EBYDALE DR,3/4/2020 10:13:58 AM,546095.1716,4811503.698,Q1,Working,FALSE
1560,45041,16-057984,3/18/2016 12:46:00 PM,2016,3,18,12,46,Friday,541232.2062,4810949.537,-80.490402,43.450323,Non intersection,2,P.D. only,On roadway,Intersection,Daylight,Regional,No control,Unknown,FALSE,TRUE,FALSE,Clear,FALSE,KING ST W; ONTARIO ST N; 2 M,3/4/2020 10:13:57 AM,541232.2062,4810949.537,Q1,Weekend,FALSE
1561,45042,16-058104,3/18/2016 3:16:00 PM,2016,3,18,15,16,Friday,541252.211,4810986.088,-80.490152,43.450651,Non intersection,2,P.D. only,On roadway,SMV,Daylight,Municipal,No control,Unknown,FALSE,FALSE,FALSE,Clear,FALSE,HALLS LANE W; ONTARIO ST N; Near; 100 M,3/4/2020 10:13:57 AM,541252.211,4810986.088,Q1,Weekend,FALSE
1562,45043,16-058155,3/18/2016 2:45:00 PM,2016,3,18,14,45,Friday,545275.1144,4806435.156,-80.440811,43.409442,Non intersection,2,P.D. only,On roadway,Intersection,Daylight,Municipal,No control,Unknown,FALSE,FALSE,FALSE,Clear,FALSE,WABANAKI DR; WILSON AVE,3/4/2020 10:13:56 AM,545275.1144,4806435.156,Q1,Weekend,FALSE
1563,45044,16-058643,3/19/2016 4:13:00 AM,2016,3,19,4,13,Saturday,545538.9896,4803072.328,-80.437832,43.379147,Intersection,0,Fatal injury,Off roadway,SMV,Dark,Municipal,Sign Control,Functioning,FALSE,FALSE,FALSE,Clear,FALSE,ROBERT FERRIE DR ; REYNOLDS CRT ; At,3/4/2020 10:13:55 AM,545538.9896,4803072.328,Q1,Weekend,FALSE
1564,45045,16-058767,3/19/2016 10:35:00 AM,2016,3,19,10,35,Saturday,541597.9922,4810783.193,-80.485894,43.448805,Non intersection,1,Non-fatal injury,On roadway,SMV,Daylight,Municipal,No control,Unknown,TRUE,FALSE,FALSE,Clear,FALSE,SCOTT ST; HALLS LANE E; 16 M,3/4/2020 10:13:55 AM,541597.9922,4810783.193,Q1,Weekend,FALSE
1565,45046,16-059084,3/19/2016 7:19:00 PM,2016,3,19,19,19,Saturday,541127.7748,4809684.688,-80.491788,43.43894,Non intersection,2,P.D. only,On roadway,Intersection,Daylight,Municipal,No control,Unknown,FALSE,FALSE,FALSE,Clear,FALSE,SPADINA RD E; RUSSEL ST ; At; 5 M,3/4/2020 10:13:54 AM,541127.7748,4809684.688,Q1,Weekend,FALSE
1566,45047,16-059958,3/20/2016 10:38:00 PM,2016,3,20,22,38,Sunday,544284.7802,4810603.506,-80.452704,43.447033,Non intersection,1,Non-fatal injury,Off roadway,SMV,Dark,Municipal,No control,Unknown,FALSE,FALSE,FALSE,Clear,FALSE,DREGER AVE; GRABER PL ; Near; 100 M,3/4/2020 10:13:53 AM,544284.7802,4810603.506,Q1,Weekend,FALSE
1567,45048,16-060199,3/21/2016 9:43:00 AM,2016,3,21,9,43,Monday,545149.7525,4807200.974,-80.442296,43.416345,Private Drive,1,Non-fatal injury,Off roadway,Intersection,Daylight,Regional,No control,Unknown,FALSE,FALSE,FALSE,Clear,FALSE,WILSON AVE ; WILSON AVE,3/4/2020 10:13:53 AM,545149.7525,4807200.974,Q1,Working,FALSE
1568,45049,16-060479,3/21/2016 2:15:00 PM,2016,3,21,14,15,Monday,538942.1507,4811404.818,-80.518672,43.454545,Non intersection,2,P.D. only,On roadway,Other,Daylight,Municipal,No control,Unknown,FALSE,FALSE,FALSE,Clear,FALSE,BELMONT AVE W; BELMONT AVE W; At,3/4/2020 10:13:52 AM,538942.1507,4811404.818,Q1,Working,FALSE
1569,45050,16-060486,3/20/2016 8:00:00 AM,2016,3,20,8,0,Sunday,542173.9777,4810856.63,-80.47877,43.449434,Non intersection,2,P.D. only,On roadway,SMV,Daylight,Municipal,No control,Unknown,FALSE,FALSE,FALSE,Clear,FALSE,ROSE ST; 26 ROSE ST,3/4/2020 10:13:51 AM,542173.9777,4810856.63,Q1,Weekend,FALSE
1570,45051,16-060550,3/19/2016 10:45:00 AM,2016,3,19,10,45,Saturday,541446.4095,4803867.277,-80.488292,43.386542,Private Drive,2,P.D. only,Off roadway,SMV,Daylight,Municipal,No control,Unknown,FALSE,FALSE,FALSE,Clear,FALSE,SOPHIA CRES; 213 SOPHIA CRES ; At,3/4/2020 10:13:51 AM,541446.4095,4803867.277,Q1,Weekend,FALSE
1571,45052,16-060976,3/22/2016 8:30:00 AM,2016,3,22,8,30,Tuesday,541409.4254,4810366.995,-80.488256,43.445068,Non intersection,2,P.D. only,On roadway,SMV,Daylight,Municipal,No control,Unknown,FALSE,FALSE,FALSE,Clear,FALSE,PARK ST; VICTORIA ST S; 15 M,3/4/2020 10:13:50 AM,541409.4254,4810366.995,Q1,Working,FALSE
1572,45053,16-061035,3/22/2016 10:55:00 AM,2016,3,22,10,55,Tuesday,539112.7856,4811655.693,-80.516545,43.456795,Intersection,2,P.D. only,On roadway,Intersection,Daylight,Municipal,Signal Control,Functioning,FALSE,FALSE,FALSE,Clear,FALSE,UNION BLVD ; PARK ST; At,3/4/2020 10:13:49 AM,539112.7856,4811655.693,Q1,Working,FALSE
1573,45054,16-061040,3/22/2016 11:00:00 AM,2016,3,22,11,0,Tuesday,538996.6792,4811293.517,-80.518006,43.45354,Non intersection,2,P.D. only,Off roadway,SMV,Daylight,Municipal,No control,Unknown,FALSE,FALSE,FALSE,Clear,FALSE,BELMONT AVE W; BELMONT AVE W; At; 4 M,3/4/2020 10:13:49 AM,538996.6792,4811293.517,Q1,Working,FALSE
1574,45055,16-061241,3/22/2016 2:14:00 PM,2016,3,22,14,14,Tuesday,541068,4811108,0,0,Intersection,1,Non-fatal injury,On roadway,Intersection,Daylight,Municipal,Sign Control,Functioning,FALSE,FALSE,FALSE,Clear,FALSE,ROBERT FERRIE DR ; WETLAND WAY ; At,3/4/2020 10:13:48 AM,541068,4811108,Q1,Working,FALSE
1575,45056,16-061306,3/18/2016 4:15:00 PM,2016,3,18,16,15,Friday,541744.9433,4811604.958,-80.484015,43.456196,Private Drive,2,P.D. only,On roadway,Intersection,Daylight,Municipal,No control,Unknown,FALSE,FALSE,FALSE,Clear,FALSE,QUEEN ST N; QUEEN ST N; Near,3/4/2020 10:13:47 AM,541744.9433,4811604.958,Q1,Weekend,FALSE
1576,45057,16-062142,3/23/2016 5:12:00 PM,2016,3,23,17,12,Wednesday,549022.9371,4805978.989,-80.394565,43.405099,Private Drive,2,P.D. only,On roadway,Other,Daylight,Municipal,No control,Unknown,FALSE,FALSE,FALSE,Snow,FALSE,EDGEHILL DR; EDGEHILL DR; 16 M,3/4/2020 10:13:46 AM,549022.9371,4805978.989,Q1,Working,FALSE
1577,45058,16-063095,3/24/2016 7:30:00 PM,2016,3,24,19,30,Thursday,549183.7936,4806307.016,-80.392549,43.408042,Private Drive,2,P.D. only,On roadway,Intersection,Dark,Municipal,No control,Unknown,FALSE,FALSE,FALSE,Rain,FALSE,GATEWAY PARK DR; GATEWAY PARK DR ; At,3/4/2020 10:13:46 AM,549183.7936,4806307.016,Q1,Weekend,FALSE
1578,45059,16-063463,3/25/2016 2:00:00 AM,2016,3,25,2,0,Friday,544623.6896,4811858.967,-80.448413,43.458317,Private Drive,2,P.D. only,Off roadway,SMV,Dark,Municipal,No control,Unknown,FALSE,FALSE,FALSE,Other,FALSE,BIRKSHIRE CRT; BIRKSHIRE CRT ; At; 5 M,3/4/2020 10:13:45 AM,544623.6896,4811858.967,Q1,Weekend,FALSE
1579,45060,16-063937,3/24/2016 6:45:00 AM,2016,3,24,6,45,Thursday,543921.7756,4805132.352,-80.45763,43.397792,Intersection,2,P.D. only,On roadway,Rear end,Dark,Municipal,Sign Control,Functioning,FALSE,FALSE,FALSE,Rain,FALSE,OLD HURON RD RAMP FROM OLD HUR RD; HURON RD; Near,3/4/2020 10:13:44 AM,543921.7756,4805132.352,Q1,Weekend,FALSE
1580,45061,16-064384,3/26/2016 12:37:00 PM,2016,3,26,12,37,Saturday,542361.7564,4811156.785,-80.476426,43.452126,Intersection,2,P.D. only,On roadway,Intersection,Daylight,Municipal,Sign Control,Functioning,FALSE,FALSE,FALSE,Clear,FALSE,BRUBACHER ST; SIMEON ST; At,3/4/2020 10:13:44 AM,542361.7564,4811156.785,Q1,Weekend,FALSE
1581,45062,16-064390,3/26/2016 12:45:00 PM,2016,3,26,12,45,Saturday,538711.9107,4808595.764,-80.521717,43.429264,Intersection,1,Non-fatal injury,On roadway,Intersection,Daylight,Regional,No control,Unknown,FALSE,FALSE,FALSE,Clear,FALSE,QUEENS BLVD; OVERLEA DR ; At,3/4/2020 10:13:43 AM,538711.9107,4808595.764,Q1,Weekend,FALSE
1582,45063,16-064769,3/26/2016 11:04:00 PM,2016,3,26,23,4,Saturday,541005.6612,4812409.947,-80.493092,43.463485,Private Drive,1,Non-fatal injury,Off roadway,SMV,Dark,Municipal,No control,Unknown,FALSE,FALSE,FALSE,Clear,FALSE,GUELPH ST ; GUELPH ST; 1 M,3/4/2020 10:13:42 AM,541005.6612,4812409.947,Q1,Weekend,FALSE
1583,45064,16-064944,3/27/2016 6:01:00 AM,2016,3,27,6,1,Sunday,539492.8066,4811819.504,-80.511836,43.45825,Non intersection,2,P.D. only,Off roadway,SMV,Dark,Municipal,No control,Unknown,FALSE,FALSE,FALSE,Clear,FALSE,MARY ST; PINE ST; 47 M,3/4/2020 10:13:42 AM,539492.8066,4811819.504,Q1,Weekend,FALSE
1584,45065,16-065134,3/27/2016 1:57:00 PM,2016,3,27,13,57,Sunday,542158.8387,4803574.599,-80.479519,43.383867,Other,1,Non-fatal injury,Off roadway,Other,Daylight,Other,No control,Unknown,FALSE,FALSE,FALSE,Clear,FALSE,PRIVATE FIELD; 780 HURON RD; Near,3/4/2020 10:13:41 AM,542158.8387,4803574.599,Q1,Weekend,FALSE
1585,45066,16-065326,3/27/2016 8:10:00 PM,2016,3,27,20,10,Sunday,544884.1207,4804850.809,-80.44577,43.3952,Intersection,2,P.D. only,On roadway,Intersection,Dark,Municipal,Signal Control,Functioning,FALSE,FALSE,FALSE,Clear,FALSE,PIONEER DR; DOON VILLAGE RD,3/4/2020 10:13:40 AM,544884.1207,4804850.809,Q1,Weekend,FALSE
1586,45067,16-065376,3/27/2016 9:29:00 PM,2016,3,27,21,29,Sunday,541068,4811108,0,0,Intersection,2,P.D. only,On roadway,Intersection,Dark,Regional,Sign Control,Functioning,FALSE,FALSE,FALSE,Clear,FALSE,BEAVERDALE RD; KOSSUTH RD; At,3/4/2020 10:13:40 AM,541068,4811108,Q1,Weekend,FALSE
1587,45068,16-067098,3/30/2016 10:04:00 AM,2016,3,30,10,4,Wednesday,544604.6769,4811712.35,-80.44866,43.456998,Non intersection,1,Non-fatal injury,Off roadway,SMV,Daylight,Regional,No control,Unknown,FALSE,FALSE,FALSE,Clear,FALSE,RIVER RD E; LORRAINE AVE; Near; 40 M,3/4/2020 10:13:39 AM,544604.6769,4811712.35,Q1,Working,FALSE
1588,45069,16-067355,3/30/2016 3:38:00 PM,2016,3,30,15,38,Wednesday,542446.494,4807282.275,-80.47568,43.417235,Intersection,2,P.D. only,On roadway,Rear end,Daylight,Regional,Signal Control,Functioning,FALSE,FALSE,FALSE,Clear,FALSE,BLOCK LINE RD; COURTLAND AVE E; Near; 100 M,3/4/2020 10:13:38 AM,542446.494,4807282.275,Q1,Working,FALSE
1589,45070,16-067782,3/31/2016 8:05:00 AM,2016,3,31,8,5,Thursday,539980.2795,4805764.566,-80.506254,43.403705,Private Drive,2,P.D. only,On roadway,Other,Daylight,Municipal,No control,Unknown,FALSE,FALSE,FALSE,Rain,FALSE,MAX BECKER DR; 178 MAXBECKER DR; Near; 3 M,3/4/2020 10:13:38 AM,539980.2795,4805764.566,Q1,Weekend,FALSE
1590,45071,16-068058,3/29/2016 2:00:00 PM,2016,3,29,14,0,Tuesday,540759.5518,4811450.77,-80.496206,43.454862,Other,2,Non-reportable,On roadway,Other,Daylight,Regional,Other,Functioning,FALSE,FALSE,FALSE,Clear,FALSE,DUKE ST W; VICTORIA ST N; Near,3/4/2020 10:13:37 AM,540759.5518,4811450.77,Q1,Working,FALSE
1591,45072,16-068776,4/1/2016 1:31:00 PM,2016,4,1,13,31,Friday,539644.4648,4811344.052,-80.509996,43.453961,Non intersection,2,P.D. only,On roadway,Other,Daylight,Municipal,Signal Control,Functioning,FALSE,FALSE,FALSE,Clear,FALSE,STRANGE ST ; PARK ST ; Near; 5 M,3/4/2020 10:13:36 AM,539644.4648,4811344.052,Q2,Weekend,FALSE
1592,45073,16-069162,4/1/2016 10:00:00 PM,2016,4,1,22,0,Friday,545525.2091,4808993.592,-80.437509,43.432463,Intersection,2,P.D. only,On roadway,Other,Daylight,Municipal,No control,Unknown,FALSE,FALSE,FALSE,Clear,FALSE,KINZIE AVE; HUBER ST; Near; 6 M,3/4/2020 10:13:36 AM,545525.2091,4808993.592,Q2,Weekend,FALSE
1593,45074,16-069285,4/2/2016 1:19:00 AM,2016,4,2,1,19,Saturday,545127.0409,4811549.568,-80.442217,43.455501,Intersection,2,P.D. only,Off roadway,SMV,Dark,Municipal,No control,Unknown,FALSE,FALSE,FALSE,Clear,FALSE,TECUMSEH CRES; MONTCALM DR ; Near; 5 M,3/4/2020 10:13:35 AM,545127.0409,4811549.568,Q2,Weekend,FALSE
1594,45075,16-069605,4/2/2016 12:00:00 PM,2016,4,2,12,0,Saturday,539971.4877,4810991.032,-80.50598,43.450765,Intersection,2,P.D. only,On roadway,Rear end,Daylight,Municipal,Sign Control,Functioning,FALSE,FALSE,FALSE,Clear,FALSE,STEWART ST; PARK ST; Near,3/4/2020 10:13:34 AM,539971.4876,4810991.032,Q2,Weekend,FALSE
1595,45076,16-069611,4/2/2016 1:44:00 PM,2016,4,2,13,44,Saturday,541669.8401,4804019.027,-80.485522,43.387896,Intersection,1,Non-fatal injury,On roadway,Rear end,Daylight,Regional,Sign Control,Functioning,FALSE,FALSE,FALSE,Clear,FALSE,SEABROOK DR; WOODBINE AVE,3/4/2020 10:13:34 AM,541669.8401,4804019.027,Q2,Weekend,FALSE
1596,45077,16-069712,4/2/2016 3:44:00 PM,2016,4,2,15,44,Saturday,539620.1433,4809617.466,-80.510422,43.438416,Private Drive,1,Non-fatal injury,On roadway,Intersection,Daylight,Municipal,No control,Unknown,FALSE,FALSE,FALSE,Snow,FALSE,LAWRENCE AVE; HIGHLAND RD W; 10 M,3/4/2020 10:13:33 AM,539620.1433,4809617.466,Q2,Weekend,FALSE
1597,45078,16-069895,4/2/2016 8:02:00 PM,2016,4,2,20,2,Saturday,545273.2649,4806433.255,-80.440834,43.409425,Intersection,1,Non-fatal injury,On roadway,Intersection,Dark,Municipal,Sign Control,Functioning,FALSE,FALSE,FALSE,Snow,FALSE,WABANAKI DR; WILSON AVE,3/4/2020 10:13:32 AM,545273.2649,4806433.255,Q2,Weekend,FALSE
1598,45079,16-070229,4/3/2016 9:45:00 AM,2016,4,3,9,45,Sunday,541450.7524,4812107.473,-80.487613,43.460737,Intersection,2,P.D. only,On roadway,Intersection,Daylight,Municipal,Sign Control,Functioning,FALSE,FALSE,FALSE,Clear,FALSE,ST LEGER ST; LOUISA ST,3/4/2020 10:13:32 AM,541450.7524,4812107.473,Q2,Weekend,FALSE