,OBJECTID,ACCIDENTNUM,ACCIDENTDATE,ACCIDENT_YEAR,ACCIDENT_MONTH,ACCIDENT_DAY,ACCIDENT_HOUR,ACCIDENT_MINUTE,Accident_Day,XCOORD,YCOORD,LONGITUDE,LATITUDE,Accident_Location,COLLISIONTYPE,Accident_Type,Impact_Location,Impact_Type,Light,Road_Jurisdication,Traffic_Control,Traffic_Control_Condition,Pedestrian_Involved,Cyclist_Involved,Motorcyclist_Involved,Environment_Condition,Self_Reported,XMLIMPORTNOTES,LASTEDITEDDATE,x,y,Quarter,Day_Type,Vulnerable_Involved
1599,45080,16-070548,4/3/2016 7:54:00 PM,2016,4,3,19,54,Sunday,545433.5071,4808344.483,-80.438696,43.426624,Intersection,1,Non-fatal injury,On roadway,Rear end,Dark,Municipal,Sign Control,Functioning,FALSE,FALSE,FALSE,Snow,FALSE,CEDARWOODS CRES; KINGSWAY DR,3/4/2020 10:13:31 AM,545433.5071,4808344.483,Q2,Weekend,FALSE
1600,45081,16-070883,4/4/2016 9:27:00 AM,2016,4,4,9,27,Monday,544611.628,4812935.194,-80.448474,43.468008,Intersection,2,P.D. only,On roadway,Intersection,Daylight,Municipal,Sign Control,Functioning,FALSE,FALSE,FALSE,Snow,FALSE,ROTHSAY AVE; NATCHEZ RD,3/4/2020 10:13:30 AM,544611.628,4812935.194,Q2,Working,FALSE
1601,45082,16-071097,4/4/2016 2:40:00 PM,2016,4,4,14,40,Monday,543364.7106,4804712.274,-80.464542,43.394042,Non intersection,2,P.D. only,On roadway,Intersection,Daylight,Regional,No control,Unknown,FALSE,FALSE,FALSE,Clear,FALSE,HURON RD; TEMPLEWOOD DR ; 20 M,3/4/2020 10:13:30 AM,543364.7106,4804712.274,Q2,Working,FALSE
1602,45083,16-071139,4/4/2016 12:00:00 PM,2016,4,4,12,0,Monday,547524.7919,4808488.612,-80.412848,43.427792,Non intersection,2,P.D. only,On roadway,SMV,Daylight,Municipal,No control,Unknown,FALSE,FALSE,FALSE,Clear,FALSE,CHANDOS DR; CHANDOS DR ; Near,3/4/2020 10:13:29 AM,547524.7919,4808488.612,Q2,Working,FALSE
1603,45084,16-071342,4/4/2016 9:12:00 PM,2016,4,4,21,12,Monday,545050.2365,4810838.81,-80.443225,43.449106,Intersection,1,Non-fatal injury,On roadway,SMV,Dark,Regional,Signal Control,Functioning,TRUE,FALSE,FALSE,Clear,FALSE,RIVER RD E; HOLBORN DR,3/4/2020 10:13:28 AM,545050.2365,4810838.81,Q2,Working,FALSE
1604,45085,16-071529,4/5/2016 8:00:00 AM,2016,4,5,8,0,Tuesday,540336.6205,4805512.579,-80.501872,43.401417,Non intersection,2,P.D. only,On roadway,Other,Daylight,Municipal,No control,Unknown,FALSE,FALSE,FALSE,Clear,FALSE,COMMONWEALTH CRES; COMMONWEALTH ST ; 25 M,3/4/2020 10:13:28 AM,540336.6205,4805512.579,Q2,Working,FALSE
1605,45086,16-071643,4/4/2016 12:00:00 PM,2016,4,4,12,0,Monday,541456.3876,4806661.287,-80.487957,43.411699,Non intersection,2,P.D. only,On roadway,SMV,Daylight,Municipal,No control,Unknown,FALSE,FALSE,FALSE,Snow,FALSE,UXBRIDGE CRES; 70 UXBRIDGE CRES; Near,3/4/2020 10:13:27 AM,541456.3876,4806661.287,Q2,Working,FALSE
1606,45087,16-071734,4/5/2016 12:54:00 PM,2016,4,5,12,54,Tuesday,542514.2869,4813424.187,-80.474364,43.472533,Private Drive,2,P.D. only,On roadway,Rear end,Daylight,Municipal,No control,Unknown,FALSE,FALSE,FALSE,Clear,FALSE,RIVERBEND DR; RIVERBEND DR ; Near; 1 M,3/4/2020 10:13:26 AM,542514.2869,4813424.187,Q2,Working,FALSE
1607,45088,16-071829,4/5/2016 1:20:00 PM,2016,4,5,13,20,Tuesday,544388.8029,4808346.968,-80.451602,43.426709,Private Drive,2,P.D. only,Off roadway,SMV,Daylight,Municipal,No control,Unknown,FALSE,FALSE,FALSE,Clear,FALSE,EIGHTH AVE; EIGHTH AVE ; Near,3/4/2020 10:13:26 AM,544388.8029,4808346.968,Q2,Working,FALSE
1608,45089,16-072322,4/6/2016 8:02:00 AM,2016,4,6,8,2,Wednesday,536073.2274,4806975.767,-80.554424,43.414809,Non intersection,2,P.D. only,On roadway,Other,Daylight,Regional,No control,Unknown,FALSE,FALSE,FALSE,Snow,FALSE,TRUSSLER RD ; COSTAIN CRT ; 25 M,3/4/2020 10:13:25 AM,536073.2274,4806975.767,Q2,Working,FALSE
1609,45090,16-072345,4/6/2016 8:30:00 AM,2016,4,6,8,30,Wednesday,538784.633,4810967.218,-80.52065,43.450613,Intersection,1,Non-fatal injury,On roadway,Intersection,Daylight,Municipal,Sign Control,Functioning,FALSE,FALSE,FALSE,Snow,FALSE,GLASGOW ST; DUNBAR RD,3/4/2020 10:13:24 AM,538784.633,4810967.218,Q2,Working,FALSE
1610,45091,16-072386,4/6/2016 9:16:00 AM,2016,4,6,9,16,Wednesday,539629.9156,4805623.564,-80.510591,43.402454,Non intersection,2,P.D. only,On roadway,Rear end,Daylight,Municipal,No control,Unknown,FALSE,FALSE,FALSE,Clear,FALSE,ACTIVA AVE; SWEET WILLIAM ST; 8 M,3/4/2020 10:13:23 AM,539629.9156,4805623.564,Q2,Working,FALSE
1611,45092,16-072410,4/6/2016 8:45:00 AM,2016,4,6,8,45,Wednesday,540570.7399,4812709.402,-80.498446,43.466205,Intersection,2,P.D. only,On roadway,Intersection,Daylight,Municipal,Sign Control,Functioning,FALSE,FALSE,FALSE,Snow,FALSE,MARGARET AVE; UNION ST,3/4/2020 10:13:23 AM,540570.7399,4812709.402,Q2,Working,FALSE
1612,45093,16-072432,4/6/2016 10:13:00 AM,2016,4,6,10,13,Wednesday,544039.0072,4804243.184,-80.456254,43.389779,Non intersection,1,Non-fatal injury,On roadway,SMV,Daylight,Municipal,No control,Unknown,FALSE,FALSE,FALSE,Snow,FALSE,BIEHN DR ; MCLEOD CRT ; At; 100 M,3/4/2020 10:13:22 AM,544039.0072,4804243.184,Q2,Working,FALSE
1613,45094,16-072613,4/6/2016 2:47:00 PM,2016,4,6,14,47,Wednesday,540351.9478,4811462.866,-80.501243,43.454993,Intersection,1,Non-fatal injury,On roadway,Intersection,Daylight,Municipal,Signal Control,Functioning,FALSE,FALSE,FALSE,Clear,FALSE,WELLINGTON ST N; MOORE AVE,3/4/2020 10:13:22 AM,540351.9478,4811462.866,Q2,Working,FALSE
1614,45095,16-072994,4/7/2016 4:09:00 AM,2016,4,7,4,9,Thursday,541894.4991,4804323.723,-80.482725,43.390627,Non intersection,2,P.D. only,On roadway,SMV,Dark,Municipal,No control,Unknown,FALSE,FALSE,FALSE,Rain,FALSE,SORRENTO ST; POMPEII ST ; 10 M,3/4/2020 10:13:21 AM,541894.4991,4804323.723,Q2,Weekend,FALSE
1615,45096,16-073002,4/7/2016 4:52:00 AM,2016,4,7,4,52,Thursday,543884.9169,4805121.562,-80.458086,43.397697,Private Drive,2,P.D. only,On roadway,SMV,Dark,Municipal,No control,Unknown,FALSE,FALSE,FALSE,Rain,FALSE,OLD HURON RD; OLD HURON RD ; At; 3 M,3/4/2020 10:13:20 AM,543884.9169,4805121.562,Q2,Weekend,FALSE
1616,45097,16-073038,4/7/2016 8:01:00 AM,2016,4,7,8,1,Thursday,543070.1998,4804908.188,-80.468163,43.395823,Private Drive,2,P.D. only,On roadway,Intersection,Daylight,Municipal,No control,Unknown,FALSE,FALSE,FALSE,Rain,FALSE,STRASBURG RD; STRASBURG RD ; NEAR; 3 M,3/4/2020 10:13:19 AM,543070.1998,4804908.188,Q2,Weekend,FALSE
1617,45098,16-073317,4/7/2016 2:27:00 PM,2016,4,7,14,27,Thursday,542073.9808,4809220.291,-80.480132,43.434706,Non intersection,2,P.D. only,On roadway,SMV,Daylight,Municipal,No control,Unknown,FALSE,FALSE,FALSE,Clear,FALSE,MILL ST; OTTAWA ST S; 200 M,3/4/2020 10:13:19 AM,542073.9808,4809220.291,Q2,Weekend,FALSE
1618,45099,16-073549,4/7/2016 9:00:00 AM,2016,4,7,9,0,Thursday,538312.1694,4806651.704,-80.526792,43.41178,Non intersection,2,P.D. only,On roadway,SMV,Daylight,Municipal,No control,Unknown,FALSE,FALSE,FALSE,Clear,FALSE,DAHLIA ST; PROSPERITY DR ; 100 M,3/4/2020 10:13:18 AM,538312.1694,4806651.704,Q2,Weekend,FALSE
1619,45100,16-073687,4/8/2016 12:06:00 AM,2016,4,8,0,6,Friday,541048.3209,4807100.926,-80.492964,43.41568,Non intersection,1,Non-fatal injury,Off roadway,SMV,Dark,Municipal,No control,Unknown,FALSE,FALSE,FALSE,Snow,FALSE,LAURENTIAN DR; BLACKHORNE DR ; Near; 28 M,3/4/2020 10:13:17 AM,541048.3209,4807100.926,Q2,Weekend,FALSE
1620,45101,16-074180,4/8/2016 4:35:00 PM,2016,4,8,16,35,Friday,543071.2967,4805498.039,-80.468103,43.401134,Intersection,2,P.D. only,On roadway,Rear end,Daylight,Municipal,Sign Control,Functioning,FALSE,FALSE,FALSE,Clear,FALSE,TRILLIUM DR; STRASBURG RD; Near,3/4/2020 10:13:17 AM,543071.2967,4805498.039,Q2,Weekend,FALSE
1621,45102,16-074302,4/8/2016 6:30:00 PM,2016,4,8,18,30,Friday,537335.36,4808650.976,-80.53872,43.429831,Non intersection,2,P.D. only,On roadway,Intersection,Daylight,Municipal,No control,Unknown,FALSE,FALSE,FALSE,Clear,FALSE,HIDDEN CREEK DR; HIDDEN CREEK DR ; At,3/4/2020 10:13:16 AM,537335.36,4808650.976,Q2,Weekend,FALSE
1622,45103,16-074573,4/9/2016 4:20:00 AM,2016,4,9,4,20,Saturday,543741.5638,4805598.305,-80.459818,43.401998,Non intersection,2,P.D. only,Off roadway,SMV,Dark,Other,No control,Unknown,FALSE,FALSE,FALSE,Clear,FALSE,TRILLIUM DR ; TRILLIUM DR; At; 3 M,3/4/2020 10:13:15 AM,543741.5638,4805598.305,Q2,Weekend,FALSE
1623,45104,16-075326,4/10/2016 7:38:00 AM,2016,4,10,7,38,Sunday,538743.288,4810192.552,-80.521216,43.44364,Non intersection,2,P.D. only,Off roadway,SMV,Daylight,Municipal,No control,Unknown,FALSE,FALSE,FALSE,Clear,FALSE,BRYBECK CRES; BRYBECK CRES ; At; 5 M,3/4/2020 10:13:15 AM,538743.288,4810192.552,Q2,Weekend,FALSE
1624,45105,16-075911,4/10/2016 9:00:00 PM,2016,4,10,21,0,Sunday,545079.5344,4807919.851,-80.443104,43.422822,Private Drive,2,P.D. only,On roadway,Intersection,Dark,Municipal,No control,Unknown,FALSE,FALSE,FALSE,Rain,FALSE,KINGSWAY DR; KINGSWAY DR ; Near,3/4/2020 10:13:14 AM,545079.5344,4807919.851,Q2,Weekend,FALSE
1625,45106,16-076176,4/6/2016 9:00:00 AM,2016,4,6,9,0,Wednesday,549488.7045,4806211.398,-80.388792,43.407161,Intersection,2,P.D. only,On roadway,SMV,Daylight,Municipal,Sign Control,Functioning,FALSE,FALSE,FALSE,Snow,FALSE,TU LANE ST ; GATEWAY PARK DR ; At,3/4/2020 10:13:13 AM,549488.7045,4806211.398,Q2,Working,FALSE
1626,45107,16-076268,4/11/2016 2:45:00 PM,2016,4,11,14,45,Monday,539273.6208,4808933.526,-80.514753,43.432276,Private Drive,2,P.D. only,On roadway,Other,Daylight,Municipal,No control,Unknown,FALSE,FALSE,FALSE,Clear,FALSE,CECILE DR; CECILE DR; At,3/4/2020 10:13:12 AM,539273.6208,4808933.526,Q2,Working,FALSE
1627,45108,16-076337,4/11/2016 5:15:00 PM,2016,4,11,17,15,Monday,539831.9099,4811142.138,-80.507694,43.452133,Intersection,2,P.D. only,On roadway,Rear end,Daylight,Municipal,Signal Control,Functioning,FALSE,FALSE,FALSE,Clear,FALSE,PARK ST; DOMINION ST ; At,3/4/2020 10:13:11 AM,539831.9099,4811142.138,Q2,Working,FALSE
1628,45109,16-076668,4/12/2016 8:41:00 AM,2016,4,12,8,41,Tuesday,544873.7703,4813509.574,-80.445186,43.473164,Non intersection,1,Non-fatal injury,Off roadway,SMV,Daylight,Municipal,No control,Unknown,FALSE,FALSE,FALSE,Clear,FALSE,BINGEMANS CENTRE DR; BINGEMANS CENTRE DRIVE; Near; 20 M,3/4/2020 10:13:11 AM,544873.7703,4813509.574,Q2,Working,FALSE
1629,45110,16-076852,4/12/2016 1:31:00 PM,2016,4,12,13,31,Tuesday,539102.491,4809231.507,-80.516846,43.434968,Private Drive,2,P.D. only,On roadway,Rear end,Daylight,Municipal,Signal Control,Functioning,FALSE,FALSE,FALSE,Clear,FALSE,HIGHLAND RD W; 563 HIGHLAND RD W; Near; 16 M,3/4/2020 10:13:10 AM,539102.491,4809231.507,Q2,Working,FALSE
1630,45111,16-076876,4/11/2016 12:30:00 AM,2016,4,11,0,30,Monday,545983.1216,4805446.273,-80.43215,43.400495,Non intersection,2,P.D. only,On roadway,SMV,Dark,Municipal,No control,Unknown,FALSE,FALSE,FALSE,Rain,FALSE,GREEN VALLEY DR; MILL PARK DR; Near,3/4/2020 10:13:09 AM,545983.1216,4805446.273,Q2,Working,FALSE
1631,45112,16-076965,4/9/2016 2:30:00 PM,2016,4,9,14,30,Saturday,541453.1484,4810823.393,-80.487681,43.449175,Non intersection,2,P.D. only,On roadway,Rear end,Daylight,Regional,No control,Unknown,FALSE,FALSE,FALSE,Clear,FALSE,KING ST E; FREDERICK ST,3/4/2020 10:13:09 AM,541453.1484,4810823.394,Q2,Weekend,FALSE
1632,45113,16-077333,4/13/2016 4:47:00 AM,2016,4,13,4,47,Wednesday,544486.3142,4806103.724,-80.45058,43.406505,Intersection,2,P.D. only,On roadway,Intersection,Dark,Municipal,Sign Control,Functioning,FALSE,FALSE,FALSE,Clear,FALSE,SASAGA DR; OTONABEE DR,3/4/2020 10:13:08 AM,544486.3142,4806103.724,Q2,Working,FALSE
1633,45114,16-077446,3/20/2016 12:00:00 PM,2016,3,20,12,0,Sunday,542185.14,4810727.979,-80.478642,43.448275,Non intersection,2,P.D. only,On roadway,SMV,Daylight,Municipal,No control,Unknown,FALSE,FALSE,FALSE,Clear,FALSE,ROSE ST; CAMERON ST N; 75 M,3/4/2020 10:13:07 AM,542185.14,4810727.979,Q1,Weekend,FALSE
1634,45115,16-077557,4/13/2016 12:10:00 AM,2016,4,13,0,10,Wednesday,538538.1214,4809716.148,-80.523785,43.439361,Non intersection,2,P.D. only,On roadway,SMV,Dark,Municipal,No control,Unknown,FALSE,FALSE,FALSE,Clear,FALSE,MOOREGATE CRES; 25 MOOREGATE CR; Near,3/4/2020 10:13:07 AM,538538.1214,4809716.148,Q2,Working,FALSE
1635,45116,16-077592,4/13/2016 11:54:00 AM,2016,4,13,11,54,Wednesday,540612.7521,4809911.685,-80.498135,43.441012,Private Drive,1,Non-fatal injury,On roadway,Intersection,Daylight,Municipal,Sign Control,Functioning,FALSE,FALSE,TRUE,Clear,FALSE,QUEENS BLVD ; HIGHLAND RD W; NEAR; 5 M,3/4/2020 10:13:06 AM,540612.7521,4809911.685,Q2,Working,TRUE
1636,45117,16-077646,4/13/2016 1:05:00 PM,2016,4,13,13,5,Wednesday,544611.6537,4812931.307,-80.448474,43.467973,Intersection,2,P.D. only,On roadway,Other,Daylight,Municipal,Sign Control,Functioning,FALSE,FALSE,FALSE,Clear,FALSE,ROTHSAY AVE ; NATCHEZ RD ; Near; 10 M,3/4/2020 10:13:06 AM,544611.6537,4812931.307,Q2,Working,FALSE
1637,45118,16-077974,4/12/2016 9:00:00 PM,2016,4,12,21,0,Tuesday,537605.1005,4810050.503,-80.535291,43.442419,Intersection,2,Non-reportable,Off roadway,SMV,Dark,Municipal,Sign Control,Functioning,FALSE,FALSE,FALSE,Clear,FALSE,GALLARNO CRT ; WESTWOOD DR ; Near; 27.9 M,3/4/2020 10:13:05 AM,537605.1005,4810050.503,Q2,Working,FALSE
1638,45119,16-078423,4/14/2016 10:10:00 AM,2016,4,14,10,10,Thursday,541068,4811108,0,0,Private Drive,2,P.D. only,On roadway,Intersection,Daylight,Municipal,No control,Unknown,FALSE,FALSE,FALSE,Clear,FALSE,ALEXANDER AVE; 3 ALEXANDER AVE; Near,3/4/2020 10:13:04 AM,541068,4811108,Q2,Weekend,FALSE
1639,45120,16-078611,4/14/2016 2:51:00 PM,2016,4,14,14,51,Thursday,540187.6071,4811492.982,-80.503272,43.455273,Private Drive,2,P.D. only,On roadway,Other,Daylight,Municipal,No control,Unknown,FALSE,FALSE,FALSE,Clear,FALSE,LOUISA ST; 32 LOUISA ST ; At; 3 M,3/4/2020 10:13:04 AM,540187.6071,4811492.982,Q2,Weekend,FALSE
1640,45121,16-078625,4/14/2016 3:08:00 PM,2016,4,14,15,8,Thursday,545134.3779,4807611.355,-80.442452,43.420041,Private Drive,2,P.D. only,On roadway,Intersection,Daylight,Regional,No control,Unknown,FALSE,FALSE,FALSE,Clear,FALSE,WILSON AVE ; FAIRWAY RD S; At; 50 M,3/4/2020 10:13:03 AM,545134.3779,4807611.355,Q2,Weekend,FALSE
1641,45122,16-079208,4/15/2016 8:20:00 AM,2016,4,15,8,20,Friday,541539.3058,4803987.348,-80.487136,43.387618,Private Drive,2,P.D. only,On roadway,Intersection,Daylight,Municipal,No control,Unknown,FALSE,FALSE,FALSE,Clear,FALSE,SEABROOK DR; 49 SEABROOK DR; Near,3/4/2020 10:13:02 AM,541539.3058,4803987.348,Q2,Weekend,FALSE
1642,45123,16-079353,4/15/2016 2:00:00 AM,2016,4,15,2,0,Friday,538555.5004,4806943.734,-80.523766,43.414397,Non intersection,2,P.D. only,Off roadway,SMV,Dark,Municipal,No control,Unknown,FALSE,FALSE,FALSE,Clear,FALSE,WINDFLOWER CRES; WINDFLOWER CRES ; At,3/4/2020 10:13:02 AM,538555.5004,4806943.734,Q2,Weekend,FALSE
1643,45124,16-079603,4/15/2016 7:15:00 PM,2016,4,15,19,15,Friday,541993.6124,4813038.534,-80.480831,43.46909,Intersection,2,P.D. only,On roadway,Intersection,Daylight,Municipal,Sign Control,Functioning,FALSE,FALSE,FALSE,Clear,FALSE,ARNOLD ST; MAPLE AVE,3/4/2020 10:13:01 AM,541993.6124,4813038.534,Q2,Weekend,FALSE
1644,45125,16-079642,4/15/2016 4:30:00 PM,2016,4,15,16,30,Friday,542633.8459,4806728.817,-80.473409,43.412241,Intersection,2,Non-reportable,On roadway,Rear end,Daylight,Municipal,Sign Control,Functioning,FALSE,FALSE,FALSE,Clear,FALSE,OLD COUNTRY DR ; OLD COUNTRY PL ; At,3/4/2020 10:13:00 AM,542633.8459,4806728.817,Q2,Weekend,FALSE
1645,45126,16-080315,4/16/2016 6:09:00 PM,2016,4,16,18,9,Saturday,541797.8866,4810621.391,-80.483436,43.447337,Intersection,1,Non-fatal injury,On roadway,Rear end,Daylight,Regional,Signal Control,Functioning,FALSE,FALSE,FALSE,Clear,FALSE,KING ST E; CEDAR ST N; 20 M,3/4/2020 10:12:59 AM,541797.8866,4810621.391,Q2,Weekend,FALSE
1646,45127,16-080390,4/16/2016 7:38:00 PM,2016,4,16,19,38,Saturday,543756.2808,4809222.333,-80.459346,43.434628,Intersection,2,P.D. only,On roadway,Intersection,Daylight,Municipal,Sign Control,Functioning,FALSE,FALSE,FALSE,Clear,FALSE,DIXON ST; ECKERT ST,3/4/2020 10:12:59 AM,543756.2808,4809222.333,Q2,Weekend,FALSE
1647,45128,16-080959,4/17/2016 2:44:00 PM,2016,4,17,14,44,Sunday,541262.8895,4810365.097,-80.490067,43.445059,Private Drive,2,P.D. only,On roadway,SMV,Daylight,Municipal,No control,Unknown,FALSE,FALSE,FALSE,Clear,FALSE,HEBEL PL; HEBEL PL ; Near; 10 M,3/4/2020 10:12:58 AM,541262.8895,4810365.098,Q2,Weekend,FALSE
1648,45129,16-081216,4/17/2016 7:55:00 PM,2016,4,17,19,55,Sunday,545563.6808,4805440.32,-80.43733,43.400467,Other,2,P.D. only,Off roadway,SMV,Dark,Regional,No control,Unknown,FALSE,FALSE,FALSE,Clear,FALSE,HURON RD; HURON RD ; 20 M,3/4/2020 10:12:57 AM,545563.6808,4805440.32,Q2,Weekend,FALSE
1649,45130,16-081324,4/17/2016 10:30:00 PM,2016,4,17,22,30,Sunday,540306.398,4805624.015,-80.502237,43.402422,Non intersection,2,P.D. only,Off roadway,SMV,Dark,Municipal,No control,Unknown,FALSE,FALSE,FALSE,Clear,FALSE,COMMONWEALTH ST; COMMONWEALTH ST ; At; 5 M,3/4/2020 10:12:57 AM,540306.398,4805624.015,Q2,Weekend,FALSE
1650,45131,16-081504,4/18/2016 8:09:00 AM,2016,4,18,8,9,Monday,542866.2628,4810784.253,-80.47022,43.448743,Intersection,2,P.D. only,On roadway,Intersection,Daylight,Regional,Sign Control,Functioning,FALSE,FALSE,FALSE,Clear,FALSE,EAST AVE; STIRLING AVE N,3/4/2020 10:12:56 AM,542866.2628,4810784.253,Q2,Working,FALSE
1651,45132,16-081529,4/17/2016 7:10:00 PM,2016,4,17,19,10,Sunday,544845.6938,4804832.229,-80.446246,43.395035,Private Drive,1,Non-fatal injury,On roadway,Intersection,Daylight,Municipal,No control,Unknown,FALSE,FALSE,FALSE,Clear,FALSE,PIONEER DR; 468 PIONEER DR,3/4/2020 10:12:55 AM,544845.6938,4804832.229,Q2,Weekend,FALSE
1652,45133,16-081552,4/18/2016 9:16:00 AM,2016,4,18,9,16,Monday,540172.4999,4809411.495,-80.503612,43.436532,Intersection,1,Non-fatal injury,On roadway,Intersection,Daylight,Municipal,Signal Control,Functioning,FALSE,FALSE,FALSE,Clear,FALSE,BELMONT AVE E; QUEENS BLVD,3/4/2020 10:12:55 AM,540172.4999,4809411.495,Q2,Working,FALSE
1653,45134,16-081906,4/18/2016 3:30:00 PM,2016,4,18,15,30,Monday,547438.8725,4804634.375,-80.414244,43.393094,Non intersection,2,P.D. only,On roadway,SMV,Daylight,Municipal,No control,Unknown,FALSE,FALSE,FALSE,Clear,FALSE,PINNACLE DR; PINNACLE DR ; Near,3/4/2020 10:12:54 AM,547438.8725,4804634.375,Q2,Working,FALSE
1654,45135,16-082251,4/19/2016 7:02:00 AM,2016,4,19,7,2,Tuesday,543629.7008,4806981.292,-80.461089,43.414457,Non intersection,2,P.D. only,On roadway,SMV,Daylight,Municipal,No control,Unknown,FALSE,FALSE,FALSE,Clear,FALSE,FALLOWFIELD DR; ANASTASIA DR; Near; 20 M,3/4/2020 10:12:53 AM,543629.7008,4806981.292,Q2,Working,FALSE
1655,45136,16-082283,4/19/2016 7:59:00 AM,2016,4,19,7,59,Tuesday,540327.09,4805549.061,-80.501987,43.401746,Private Drive,2,P.D. only,On roadway,SMV,Daylight,Municipal,No control,Unknown,FALSE,FALSE,FALSE,Clear,FALSE,COMMONWEALTH ST; COMMONWEALTH ST ; At; 1 M,3/4/2020 10:12:53 AM,540327.09,4805549.061,Q2,Working,FALSE
1656,45137,16-082721,4/19/2016 2:40:00 PM,2016,4,19,14,40,Tuesday,541524.6166,4808756.871,-80.486955,43.430564,Private Drive,2,P.D. only,On roadway,Other,Daylight,Municipal,No control,Unknown,FALSE,FALSE,FALSE,Clear,FALSE,HOFFMAN ST ; 492 HIGHLAND RD E; At,3/4/2020 10:12:52 AM,541524.6166,4808756.871,Q2,Working,FALSE
1657,45138,16-082723,3/5/2016 9:30:00 AM,2016,3,5,9,30,Saturday,536164.8234,4808767.431,-80.553174,43.430937,Non intersection,2,P.D. only,On roadway,SMV,Daylight,Municipal,No control,Unknown,FALSE,FALSE,FALSE,Clear,FALSE,HUCK CRES; HUCK CRES; Near,3/4/2020 10:12:52 AM,536164.8234,4808767.431,Q1,Weekend,FALSE
1658,45139,16-083582,4/20/2016 6:11:00 PM,2016,4,20,18,11,Wednesday,540272.0071,4809580.679,-80.50237,43.43805,Private Drive,2,P.D. only,On roadway,Intersection,Dusk,Regional,Signal Control,Functioning,FALSE,FALSE,FALSE,Clear,FALSE,QUEENS BLVD; QUEENS BLVD ; At; 10 M,3/4/2020 10:12:51 AM,540272.0071,4809580.679,Q2,Working,FALSE
1659,45140,16-084115,4/21/2016 12:10:00 PM,2016,4,21,12,10,Thursday,541068,4811108,0,0,Non intersection,1,Non-fatal injury,Off roadway,SMV,Daylight,Regional,Signal Control,Functioning,FALSE,FALSE,FALSE,Rain,FALSE,KEATS WAY ; FISCHER HALLMAN RD; Near; 15 M,3/4/2020 10:12:50 AM,541068,4811108,Q2,Weekend,FALSE
1660,45141,16-084387,4/21/2016 5:30:00 PM,2016,4,21,17,30,Thursday,538784.6279,4810968.106,-80.52065,43.450621,Intersection,2,P.D. only,On roadway,Intersection,Daylight,Municipal,Sign Control,Functioning,FALSE,FALSE,FALSE,Rain,FALSE,GLASGOW ST; DUNBAR RD,3/4/2020 10:12:49 AM,538784.6279,4810968.106,Q2,Weekend,FALSE
1661,45142,16-084881,4/22/2016 11:39:00 AM,2016,4,22,11,39,Friday,544129.6817,4803889.714,-80.455163,43.386591,Private Drive,2,P.D. only,On roadway,Rear end,Daylight,Municipal,No control,Unknown,FALSE,FALSE,FALSE,Clear,FALSE,CARYNDALE DR; CARYNDALE DR ; At; 9 M,3/4/2020 10:12:49 AM,544129.6817,4803889.714,Q2,Weekend,FALSE
1662,45143,16-085295,4/22/2016 9:05:00 PM,2016,4,22,21,5,Friday,542530.8493,4815961.956,-80.473961,43.495382,Non intersection,2,P.D. only,Off roadway,SMV,Dark,Municipal,No control,Unknown,FALSE,FALSE,FALSE,Clear,FALSE,FALCONRIDGE DR; RIVERLINK WAY ; 100 M,3/4/2020 10:12:48 AM,542530.8493,4815961.957,Q2,Weekend,FALSE
1663,45144,16-085566,4/23/2016 4:23:00 AM,2016,4,23,4,23,Saturday,543074.8537,4812798.47,-80.467483,43.466867,Intersection,2,P.D. only,Off roadway,SMV,Dark,Municipal,Sign Control,Functioning,FALSE,FALSE,FALSE,Clear,FALSE,RIVERBEND DR ; WELLINGTON ST N; At,3/4/2020 10:12:47 AM,543074.8537,4812798.47,Q2,Weekend,FALSE
1664,45145,16-085870,4/22/2016 5:00:00 PM,2016,4,22,17,0,Friday,536745.26,4807871.426,-80.546063,43.422841,Private Drive,2,P.D. only,On roadway,Other,Daylight,Municipal,No control,Unknown,FALSE,FALSE,FALSE,Clear,FALSE,NEWBURY DR; NEWBURY DR ; At,3/4/2020 10:12:47 AM,536745.26,4807871.426,Q2,Weekend,FALSE
1665,45146,16-085942,4/23/2016 3:55:00 PM,2016,4,23,15,55,Saturday,541068,4811108,0,0,Non intersection,2,P.D. only,Off roadway,SMV,Daylight,Municipal,No control,Unknown,FALSE,FALSE,FALSE,Clear,FALSE,WEST OAK TRAIL; LUDOLPH ST ; Near; 105 M,3/4/2020 10:12:46 AM,541068,4811108,Q2,Weekend,FALSE
1666,45147,16-086063,4/23/2016 6:40:00 PM,2016,4,23,18,40,Saturday,544740.3919,4809036.319,-80.447202,43.432895,Non intersection,2,P.D. only,On roadway,Rear end,Daylight,Municipal,No control,Unknown,FALSE,FALSE,FALSE,Clear,FALSE,KINGSWAY DR; EIGHTH AVE ; 100 M,3/4/2020 10:12:45 AM,544740.3919,4809036.319,Q2,Weekend,FALSE
1667,45148,16-086462,4/24/2016 8:10:00 AM,2016,4,24,8,10,Sunday,544054.0868,4809673.739,-80.45563,43.438675,Non intersection,2,P.D. only,On roadway,SMV,Other,Regional,No control,Unknown,FALSE,FALSE,FALSE,Other,FALSE,SHANTZ LANE; PROSPECT AVE ; Near; 6 M,3/4/2020 10:12:45 AM,544054.0868,4809673.739,Q2,Weekend,FALSE
1668,45149,16-086506,4/22/2016 10:00:00 PM,2016,4,22,22,0,Friday,538810.8349,4806693.313,-80.52063,43.412129,Non intersection,2,P.D. only,Off roadway,SMV,Dark,Regional,No control,Unknown,FALSE,FALSE,FALSE,Clear,FALSE,WAKE ROBIN DR; WAKE ROBIN CRES ; 15 M,3/4/2020 10:12:44 AM,538810.8349,4806693.313,Q2,Weekend,FALSE
1669,45150,16-086632,4/24/2016 12:30:00 PM,2016,4,24,12,30,Sunday,535480.9335,4809371.053,-80.561584,43.436405,Intersection,2,P.D. only,On roadway,Intersection,Daylight,Municipal,Sign Control,Functioning,FALSE,FALSE,FALSE,Clear,FALSE,UNIVERSITY AVE W; THE BOARDWALK,3/4/2020 10:12:43 AM,535480.9335,4809371.053,Q2,Weekend,FALSE