,OBJECTID,ACCIDENTNUM,ACCIDENTDATE,ACCIDENT_YEAR,ACCIDENT_MONTH,ACCIDENT_DAY,ACCIDENT_HOUR,ACCIDENT_MINUTE,Accident_Day,XCOORD,YCOORD,LONGITUDE,LATITUDE,Accident_Location,COLLISIONTYPE,Accident_Type,Impact_Location,Impact_Type,Light,Road_Jurisdication,Traffic_Control,Traffic_Control_Condition,Pedestrian_Involved,Cyclist_Involved,Motorcyclist_Involved,Environment_Condition,Self_Reported,XMLIMPORTNOTES,LASTEDITEDDATE,x,y,Quarter,Day_Type,Vulnerable_Involved
1670,45151,16-087437,4/25/2016 4:06:00 PM,2016,4,25,16,6,Monday,536857.6012,4809948.198,-80.544535,43.441535,Private Drive,2,P.D. only,Off roadway,SMV,Daylight,Municipal,No control,Unknown,FALSE,FALSE,FALSE,Clear,FALSE,GLASGOW ST ; GLASGOW ST ; At; 2 M,3/4/2020 10:12:43 AM,536857.6012,4809948.198,Q2,Working,FALSE
1671,45152,16-087832,4/26/2016 7:57:00 AM,2016,4,26,7,57,Tuesday,539700.7818,4811082.28,-80.509319,43.451601,Private Drive,1,Non-fatal injury,On roadway,Intersection,Daylight,Municipal,No control,Unknown,FALSE,TRUE,FALSE,Rain,FALSE,DOMINION ST; STRANGE ST; Near; 5 M,3/4/2020 10:12:42 AM,539700.7818,4811082.28,Q2,Working,FALSE
1672,45153,16-087840,4/25/2016 10:30:00 PM,2016,4,25,22,30,Monday,541615.4497,4808517.761,-80.485851,43.428406,Non intersection,2,P.D. only,On roadway,Intersection,Dark,Regional,No control,Unknown,FALSE,FALSE,FALSE,Clear,FALSE,HOMER WATSON BLVD; W HWY 7 8 TO HOMER WATSON BLVD; Near,3/4/2020 10:12:41 AM,541615.4497,4808517.761,Q2,Working,FALSE
1673,45154,16-087971,4/22/2016 11:00:00 AM,2016,4,22,11,0,Friday,540022.7861,4810936.583,-80.50535,43.450272,Private Drive,2,P.D. only,On roadway,Intersection,Daylight,Municipal,No control,Unknown,FALSE,FALSE,FALSE,Clear,FALSE,PARK ST; PARK ST ; At,3/4/2020 10:12:41 AM,540022.7861,4810936.584,Q2,Weekend,FALSE
1674,45155,16-088085,4/26/2016 2:23:00 PM,2016,4,26,14,23,Tuesday,540880.1272,4810846.66,-80.494761,43.449416,Non intersection,2,P.D. only,Off roadway,SMV,Daylight,Municipal,No control,Unknown,FALSE,FALSE,FALSE,Clear,FALSE,WATER ST S; RICHMOND AVE ; 5 M,3/4/2020 10:12:40 AM,540880.1272,4810846.66,Q2,Working,FALSE
1675,45156,16-088172,4/26/2016 6:20:00 AM,2016,4,26,6,20,Tuesday,543072.2684,4805498.046,-80.468091,43.401134,Intersection,2,P.D. only,On roadway,Intersection,Dawn,Municipal,Sign Control,Functioning,FALSE,FALSE,FALSE,Rain,FALSE,TRILLIUM DR ; STRASBURG RD,3/4/2020 10:12:39 AM,543072.2684,4805498.046,Q2,Working,FALSE
1676,45157,16-088286,4/26/2016 7:37:00 PM,2016,4,26,19,37,Tuesday,544398.3352,4809186.103,-80.451416,43.434264,Intersection,2,P.D. only,Off roadway,SMV,Dusk,Municipal,Sign Control,Functioning,FALSE,FALSE,FALSE,Clear,FALSE,FIFTH AVE; KINGSWAY DR; At; 0 M,3/4/2020 10:12:39 AM,544398.3352,4809186.103,Q2,Working,FALSE
1677,45158,16-088595,4/27/2016 8:33:00 AM,2016,4,27,8,33,Wednesday,544057.0627,4804430.439,-80.456016,43.391464,Non intersection,2,P.D. only,On roadway,SMV,Daylight,Municipal,No control,Unknown,FALSE,FALSE,FALSE,Clear,FALSE,BIEHN DR; MARL MEADOW DR; Near,3/4/2020 10:12:38 AM,544057.0627,4804430.439,Q2,Working,FALSE
1678,45159,16-088925,4/27/2016 4:10:00 PM,2016,4,27,16,10,Wednesday,538960.1542,4806100.445,-80.518828,43.406783,Non intersection,2,P.D. only,On roadway,SMV,Daylight,Municipal,No control,Unknown,FALSE,FALSE,FALSE,Clear,FALSE,DAVID BERGEY DR; DAVID BERGEY DR; At; 3 M,3/4/2020 10:12:37 AM,538960.1542,4806100.445,Q2,Working,FALSE
1679,45160,16-089505,4/28/2016 10:00:00 AM,2016,4,28,10,0,Thursday,540173.4538,4809414.388,-80.5036,43.436558,Intersection,2,P.D. only,On roadway,Intersection,Daylight,Municipal,Signal Control,Functioning,FALSE,FALSE,FALSE,Clear,FALSE,BELMONT AVE E; QUEENS BLVD,3/4/2020 10:12:37 AM,540173.4538,4809414.388,Q2,Weekend,FALSE
1680,45161,16-089660,4/28/2016 1:30:00 PM,2016,4,28,13,30,Thursday,543045.8691,4812156.679,-80.467892,43.46109,Non intersection,2,P.D. only,Off roadway,SMV,Daylight,Municipal,No control,Unknown,FALSE,FALSE,FALSE,Clear,FALSE,EPHRAIM ST; EPHRAIM ST ; At; 3 M,3/4/2020 10:12:36 AM,543045.8691,4812156.679,Q2,Weekend,FALSE
1681,45162,16-089710,4/28/2016 3:38:00 PM,2016,4,28,15,38,Thursday,545126.0367,4812049.897,-80.442188,43.460006,Intersection,1,Non-fatal injury,On roadway,Intersection,Daylight,Municipal,Sign Control,Functioning,FALSE,FALSE,FALSE,Clear,FALSE,CONFEDERATION DR; LORRAINE AVE; 1.5 M,3/4/2020 10:12:35 AM,545126.0367,4812049.897,Q2,Weekend,FALSE
1682,45163,16-089733,4/28/2016 4:10:00 PM,2016,4,28,16,10,Thursday,543570.0845,4804978.142,-80.461985,43.396424,Intersection,1,Non-fatal injury,On roadway,Rear end,Daylight,Regional,Signal Control,Functioning,FALSE,FALSE,FALSE,Clear,FALSE,HURON RD; BATTLER RD; At,3/4/2020 10:12:34 AM,543570.0845,4804978.142,Q2,Weekend,FALSE
1683,45164,16-089844,4/28/2016 6:46:00 PM,2016,4,28,18,46,Thursday,546064.9038,4809491.595,-80.430799,43.436914,Intersection,2,P.D. only,On roadway,SMV,Daylight,Regional,Signal Control,Functioning,FALSE,FALSE,FALSE,Clear,FALSE,RIVER RD E; KINZIE AVE,3/4/2020 10:12:33 AM,546064.9038,4809491.595,Q2,Weekend,FALSE
1684,45165,16-090098,4/29/2016 8:09:00 AM,2016,4,29,8,9,Friday,541180.2969,4809393.251,-80.491161,43.436313,Intersection,2,P.D. only,On roadway,Other,Daylight,Regional,Signal Control,Functioning,FALSE,FALSE,FALSE,Clear,FALSE,HIGHLAND RD E; STIRLING AVE S; 4 M,3/4/2020 10:12:33 AM,541180.2969,4809393.251,Q2,Weekend,FALSE
1685,45166,16-090354,4/28/2016 10:00:00 PM,2016,4,28,22,0,Thursday,540270.8091,4811636.969,-80.502233,43.456565,Intersection,2,P.D. only,Off roadway,SMV,Dark,Municipal,Sign Control,Functioning,FALSE,FALSE,FALSE,Clear,FALSE,SHANLEY ST; MOORE AVE; At,3/4/2020 10:12:32 AM,540270.8091,4811636.97,Q2,Weekend,FALSE
1686,45167,16-090952,4/29/2016 3:30:00 PM,2016,4,29,15,30,Friday,543004.1311,4811027.246,-80.468497,43.450923,Non intersection,2,P.D. only,On roadway,SMV,Daylight,Municipal,No control,Unknown,FALSE,FALSE,FALSE,Clear,FALSE,PANDORA AVE N; PANDORA AVE N; At,3/4/2020 10:12:31 AM,543004.1311,4811027.246,Q2,Weekend,FALSE
1687,45168,16-090965,4/30/2016 9:16:00 AM,2016,4,30,9,16,Saturday,542439.7267,4809605.856,-80.475583,43.438157,Private Drive,2,P.D. only,On roadway,SMV,Daylight,Regional,No control,Unknown,FALSE,FALSE,FALSE,Clear,FALSE,DUNDAS AVE ; OTTAWA ST S; Near; 10 M,3/4/2020 10:12:31 AM,542439.7267,4809605.856,Q2,Weekend,FALSE
1688,45169,16-091002,4/30/2016 10:00:00 AM,2016,4,30,10,0,Saturday,545260.499,4804508.254,-80.441151,43.392093,Non intersection,2,P.D. only,On roadway,Intersection,Daylight,Municipal,Signal Control,Functioning,FALSE,FALSE,FALSE,Clear,FALSE,DOON VILLAGE RD; BECHTEL DR,3/4/2020 10:12:30 AM,545260.499,4804508.254,Q2,Weekend,FALSE
1689,45170,16-091058,4/29/2016 7:00:00 PM,2016,4,29,19,0,Friday,541595.2664,4811434.663,-80.485878,43.454671,Non intersection,2,P.D. only,On roadway,SMV,Dark,Municipal,No control,Unknown,FALSE,FALSE,FALSE,Clear,FALSE,MARGARET AVE; 11 MARGARET ; At,3/4/2020 10:12:29 AM,541595.2664,4811434.663,Q2,Weekend,FALSE
1690,45171,16-091186,4/30/2016 1:30:00 PM,2016,4,30,13,30,Saturday,541949.6255,4806544.5,-80.481874,43.41062,Private Drive,2,P.D. only,On roadway,Intersection,Daylight,Municipal,No control,Unknown,FALSE,FALSE,FALSE,Clear,FALSE,TUERR DR; 101 TUERR DR,3/4/2020 10:12:29 AM,541949.6255,4806544.5,Q2,Weekend,FALSE
1691,45172,16-091391,4/30/2016 3:45:00 PM,2016,4,30,15,45,Saturday,547905.5777,4810729.997,-80.407947,43.447949,Private Drive,2,Non-reportable,On roadway,SMV,Daylight,Municipal,No control,Unknown,FALSE,FALSE,FALSE,Clear,FALSE,COLTON CIR; COLTON CIR; At,3/4/2020 10:12:28 AM,547905.5777,4810729.997,Q2,Weekend,FALSE
1692,45173,16-091625,5/1/2016 7:00:00 AM,2016,5,1,7,0,Sunday,541827.1988,4806911.129,-80.483358,43.413928,Intersection,2,P.D. only,On roadway,Intersection,Daylight,Municipal,No control,Unknown,FALSE,FALSE,FALSE,Rain,FALSE,BLOCK LINE RD; RITTENHOUSE RD,3/4/2020 10:12:27 AM,541827.1988,4806911.129,Q2,Weekend,FALSE
1693,45174,16-091778,4/30/2016 9:30:00 AM,2016,4,30,9,30,Saturday,542518.2461,4807561.268,-80.474772,43.419743,Intersection,2,P.D. only,On roadway,Intersection,Daylight,Municipal,Sign Control,Functioning,FALSE,FALSE,FALSE,Clear,FALSE,GRACEFIELD CRES; KINGSWOOD DR,3/4/2020 10:12:27 AM,542518.2461,4807561.268,Q2,Weekend,FALSE
1694,45175,16-091779,5/1/2016 12:08:00 PM,2016,5,1,12,8,Sunday,544621.5386,4808638.153,-80.448703,43.429317,Intersection,2,P.D. only,On roadway,Intersection,Daylight,Municipal,Sign Control,Functioning,FALSE,FALSE,FALSE,Clear,FALSE,CONNAUGHT ST; NINTH AVE; 1 M,3/4/2020 10:12:26 AM,544621.5386,4808638.153,Q2,Weekend,FALSE
1695,45176,16-091826,5/1/2016 1:24:00 PM,2016,5,1,13,24,Sunday,544906.9345,4807921.699,-80.445236,43.422849,Private Drive,1,Non-fatal injury,On roadway,Rear end,Daylight,Municipal,No control,Unknown,FALSE,FALSE,FALSE,Clear,FALSE,WILSON AVE; WILSON AVE ; At; 1 M,3/4/2020 10:12:25 AM,544906.9345,4807921.699,Q2,Weekend,FALSE
1696,45177,16-092090,5/1/2016 9:36:00 PM,2016,5,1,21,36,Sunday,547508.3825,4808313.018,-80.413066,43.426212,Non intersection,2,P.D. only,On roadway,Intersection,Daylight,Municipal,No control,Unknown,FALSE,FALSE,FALSE,Clear,FALSE,MORRISON RD; MANOR DR ; 17 M,3/4/2020 10:12:25 AM,547508.3825,4808313.018,Q2,Weekend,FALSE
1697,45178,16-092092,5/1/2016 9:40:00 PM,2016,5,1,21,40,Sunday,541662.933,4810409.095,-80.48512,43.445433,Intersection,2,P.D. only,On roadway,Intersection,Dark,Municipal,Sign Control,Functioning,FALSE,FALSE,FALSE,Rain,FALSE,CHURCH ST; CEDAR ST S; At,3/4/2020 10:12:24 AM,541662.933,4810409.095,Q2,Weekend,FALSE
1698,45179,16-092462,5/1/2016 2:00:00 PM,2016,5,1,14,0,Sunday,539447.1832,4808222.084,-80.51266,43.425861,Private Drive,2,P.D. only,On roadway,SMV,Daylight,Municipal,No control,Unknown,FALSE,FALSE,FALSE,Clear,FALSE,RIPPLEWOOD CRES; 115 RIPPLEWOOD CRES,3/4/2020 10:12:23 AM,539447.1832,4808222.084,Q2,Weekend,FALSE
1699,45180,16-092660,5/2/2016 5:06:00 PM,2016,5,2,17,6,Monday,539231.5164,4810397.062,-80.515168,43.445456,Private Drive,2,P.D. only,On roadway,Intersection,Daylight,Municipal,No control,Unknown,FALSE,FALSE,FALSE,Clear,FALSE,BRYBECK CRES; BRYBECK CRES ; Near; 5 M,3/4/2020 10:12:23 AM,539231.5164,4810397.062,Q2,Working,FALSE
1700,45181,16-092682,5/2/2016 4:50:00 PM,2016,5,2,16,50,Monday,545793.9174,4808625.019,-80.43422,43.429128,Intersection,2,P.D. only,On roadway,Rear end,Daylight,Regional,No control,Unknown,FALSE,FALSE,TRUE,Clear,FALSE,KING ST E; MORGAN AVE,3/4/2020 10:12:22 AM,545793.9174,4808625.019,Q2,Working,TRUE
1701,45182,16-093102,4/17/2016 1:15:00 PM,2016,4,17,13,15,Sunday,544994.946,4805246.813,-80.444369,43.398759,Private Drive,2,P.D. only,Off roadway,SMV,Daylight,Municipal,No control,Unknown,FALSE,FALSE,FALSE,Clear,FALSE,FARRIER DR; FARRIER DR ; At,3/4/2020 10:12:21 AM,544994.946,4805246.813,Q2,Weekend,FALSE
1702,45183,16-093363,5/2/2016 3:00:00 PM,2016,5,2,15,0,Monday,539793.0591,4809814.617,-80.508271,43.440182,Non intersection,2,P.D. only,On roadway,Intersection,Daylight,Municipal,Signal Control,Functioning,FALSE,FALSE,FALSE,Clear,FALSE,BELMONT AVE W; HIGHLAND RD W; Near,3/4/2020 10:12:21 AM,539793.0591,4809814.617,Q2,Working,FALSE
1703,45184,16-093606,5/3/2016 7:10:00 PM,2016,5,3,19,10,Tuesday,541481.7517,4807895.773,-80.48755,43.422813,Intersection,2,P.D. only,On roadway,Rear end,Dark,Regional,Signal Control,Functioning,FALSE,FALSE,FALSE,Clear,FALSE,STRASBURG RD; OTTAWA ST S; At; 8.6 M,3/4/2020 10:12:20 AM,541481.7517,4807895.773,Q2,Working,FALSE
1704,45185,16-093656,5/3/2016 10:08:00 PM,2016,5,3,22,8,Tuesday,539524.8474,4810370.122,-80.511545,43.445198,Non intersection,1,Non-fatal injury,On roadway,SMV,Dark,Municipal,No control,Unknown,FALSE,FALSE,FALSE,Clear,FALSE,ADELAIDE ST; PATRICIA AVE ; Near; 60 M,3/4/2020 10:12:19 AM,539524.8474,4810370.122,Q2,Working,FALSE
1705,45186,16-094267,5/4/2016 4:45:00 PM,2016,5,4,16,45,Wednesday,540797.7396,4810622.039,-80.495796,43.447398,Non intersection,1,Non-fatal injury,On roadway,Intersection,Daylight,Municipal,No control,Unknown,FALSE,TRUE,FALSE,Clear,FALSE,JUBILEE DR ; WATER ST S; Near; 21 M,3/4/2020 10:12:19 AM,540797.7396,4810622.039,Q2,Working,FALSE
1706,45187,16-094496,5/4/2016 11:17:00 PM,2016,5,4,23,17,Wednesday,543114.5854,4808899.787,-80.4673,43.431761,Non intersection,2,P.D. only,Off roadway,SMV,Dark,Regional,No control,Unknown,FALSE,FALSE,FALSE,Clear,FALSE,CARWOOD AVE ; CARWOOD AVE; At; 5 M,3/4/2020 10:12:18 AM,543114.5854,4808899.787,Q2,Working,FALSE
1707,45188,16-094963,5/5/2016 2:05:00 PM,2016,5,5,14,5,Thursday,541400.6857,4803953.179,-80.48885,43.387318,Other,2,P.D. only,Off roadway,Other,Daylight,Other,No control,Unknown,FALSE,FALSE,FALSE,Clear,FALSE,SEABROOK DR ; AMAND DR ; Near; 2 K,3/4/2020 10:12:17 AM,541400.6857,4803953.179,Q2,Weekend,FALSE
1708,45189,16-094980,5/3/2016 6:00:00 PM,2016,5,3,18,0,Tuesday,544303.1559,4809222.905,-80.452589,43.434601,Intersection,1,Non-fatal injury,On roadway,Intersection,Daylight,Municipal,Sign Control,Functioning,FALSE,FALSE,FALSE,Clear,FALSE,KINGSWAY DR; FOURTH AVE,3/4/2020 10:12:16 AM,544303.1559,4809222.905,Q2,Working,FALSE
1709,45190,16-095100,5/5/2016 5:20:00 PM,2016,5,5,17,20,Thursday,541465.7477,4809537.713,-80.487623,43.437598,Intersection,2,P.D. only,On roadway,Intersection,Daylight,Municipal,Signal Control,Functioning,FALSE,FALSE,FALSE,Clear,FALSE,MILL ST; STIRLING AVE S,3/4/2020 10:12:16 AM,541465.7477,4809537.714,Q2,Weekend,FALSE
1710,45191,16-095585,5/6/2016 9:30:00 AM,2016,5,6,9,30,Friday,542211.9201,4806200.958,-80.478661,43.407512,Private Drive,2,P.D. only,Off roadway,SMV,Daylight,Municipal,No control,Unknown,FALSE,FALSE,FALSE,Clear,FALSE,COUNTRYSIDE CRES; COUNTRYSIDE CRES ; Near; 10 M,3/4/2020 10:12:15 AM,542211.9201,4806200.958,Q2,Weekend,FALSE
1711,45192,16-095832,5/6/2016 3:58:00 PM,2016,5,6,15,58,Friday,542550.5851,4810143.816,-80.474171,43.442995,Private Drive,1,Non-fatal injury,On roadway,Intersection,Daylight,Municipal,No control,Unknown,FALSE,FALSE,FALSE,Clear,FALSE,KING ST E; KING ST E; At; 5 M,3/4/2020 10:12:14 AM,542550.5851,4810143.816,Q2,Weekend,FALSE
1712,45193,16-095872,5/6/2016 4:30:00 PM,2016,5,6,16,30,Friday,545107.6235,4807726.236,-80.442773,43.421077,Non intersection,2,P.D. only,On roadway,Intersection,Daylight,Regional,No control,Unknown,FALSE,FALSE,FALSE,Clear,FALSE,FAIRWAY RD S; WILSON AVE; Near,3/4/2020 10:12:14 AM,545107.6235,4807726.236,Q2,Weekend,FALSE
1713,45194,16-096612,5/7/2016 2:40:00 PM,2016,5,7,14,40,Saturday,541749.0044,4810740.257,-80.484031,43.44841,Non intersection,2,P.D. only,On roadway,Intersection,Daylight,Municipal,Sign Control,Functioning,FALSE,FALSE,FALSE,Rain,FALSE,EBY ST N; MARKET LANE ; Near; 2 M,3/4/2020 10:12:13 AM,541749.0044,4810740.257,Q2,Weekend,FALSE
1714,45195,16-096643,5/6/2016 9:01:00 PM,2016,5,6,21,1,Friday,542892.0597,4808165.363,-80.470107,43.425161,Other,2,P.D. only,Off roadway,SMV,Dark,Other,No control,Unknown,FALSE,FALSE,FALSE,Clear,FALSE,PRIVATE PROPERTY; HAYWARD AVE ; At,3/4/2020 10:12:12 AM,542892.0597,4808165.363,Q2,Weekend,FALSE
1715,45196,16-096725,5/7/2016 6:30:00 PM,2016,5,7,18,30,Saturday,542558.2712,4811416.131,-80.473977,43.45445,Intersection,2,P.D. only,On roadway,Intersection,Daylight,Regional,Sign Control,Functioning,FALSE,FALSE,FALSE,Clear,FALSE,EAST AVE; CHAPEL ST,3/4/2020 10:12:12 AM,542558.2712,4811416.131,Q2,Weekend,FALSE
1716,45197,16-097120,5/7/2016 7:00:00 PM,2016,5,7,19,0,Saturday,544726.7168,4807961.484,-80.447459,43.423218,Private Drive,2,P.D. only,On roadway,Other,Daylight,Municipal,No control,Unknown,FALSE,FALSE,FALSE,Clear,FALSE,TRAYNOR AVE; TRAYNOR AVE; Near,3/4/2020 10:12:11 AM,544726.7168,4807961.484,Q2,Weekend,FALSE
1717,45198,16-097129,5/8/2016 10:01:00 AM,2016,5,8,10,1,Sunday,547390.9751,4803391.925,-80.414943,43.38191,Non intersection,1,Non-fatal injury,Off roadway,SMV,Daylight,Municipal,No control,Unknown,FALSE,FALSE,FALSE,Clear,FALSE,PINNACLE DR; PINNACLE DR ; Near; 35 M,3/4/2020 10:12:10 AM,547390.9751,4803391.925,Q2,Weekend,FALSE
1718,45199,16-097161,5/4/2016 4:00:00 PM,2016,5,4,16,0,Wednesday,545772.4629,4812534.826,-80.434157,43.464333,Non intersection,2,P.D. only,On roadway,SMV,Daylight,Municipal,No control,Unknown,FALSE,FALSE,FALSE,Clear,FALSE,KEEWATIN AVE; KEEWATIN AVE ; Near,3/4/2020 10:12:09 AM,545772.4629,4812534.826,Q2,Working,FALSE
1719,45200,16-097176,5/8/2016 11:09:00 AM,2016,5,8,11,9,Sunday,543438.4699,4808464.949,-80.463333,43.427827,Private Drive,2,P.D. only,Off roadway,SMV,Daylight,Municipal,No control,Unknown,FALSE,FALSE,FALSE,Clear,FALSE,VANIER DR; VANIER DR ; At; 8 M,3/4/2020 10:12:09 AM,543438.4699,4808464.949,Q2,Weekend,FALSE
1720,45201,16-097233,5/8/2016 12:48:00 PM,2016,5,8,12,48,Sunday,544607.9368,4811598.755,-80.448629,43.455975,Private Drive,2,P.D. only,On roadway,SMV,Daylight,Municipal,No control,Unknown,FALSE,FALSE,FALSE,Clear,FALSE,OWEN AVE ; OWEN AVE ; At; 2 M,3/4/2020 10:12:08 AM,544607.9368,4811598.755,Q2,Weekend,FALSE
1721,45202,16-098177,5/9/2016 5:20:00 PM,2016,5,9,17,20,Monday,537801.0746,4808769.628,-80.532958,43.430876,Non intersection,2,P.D. only,On roadway,Intersection,Daylight,Municipal,No control,Unknown,FALSE,FALSE,FALSE,Clear,FALSE,EASTFOREST TRAIL ; EASTFOREST TRAIL ; Near; 15 M,3/4/2020 10:12:07 AM,537801.0746,4808769.628,Q2,Working,FALSE
1722,45203,16-098234,5/9/2016 4:35:00 PM,2016,5,9,16,35,Monday,539976.2538,4809258.952,-80.506048,43.435169,Private Drive,2,P.D. only,On roadway,Intersection,Daylight,Municipal,No control,Unknown,FALSE,FALSE,FALSE,Clear,FALSE,QUEENS BLVD; QUEENS BLVD; At,3/4/2020 10:12:07 AM,539976.2538,4809258.952,Q2,Working,FALSE
1723,45204,16-098937,5/10/2016 4:50:00 PM,2016,5,10,16,50,Tuesday,541759.2804,4808126.271,-80.484104,43.424873,Private Drive,2,P.D. only,On roadway,Intersection,Daylight,Municipal,No control,Unknown,FALSE,FALSE,FALSE,Clear,FALSE,ALPINE RD ; OTTAWA ST S; At; 4 M,3/4/2020 10:12:06 AM,541759.2804,4808126.271,Q2,Working,FALSE
1724,45205,16-098971,5/10/2016 5:37:00 PM,2016,5,10,17,37,Tuesday,539130.2273,4808984.557,-80.516521,43.432743,Non intersection,1,Non-fatal injury,On roadway,Other,Daylight,Municipal,No control,Unknown,FALSE,FALSE,FALSE,Clear,FALSE,OVERLEA CRT; OVERLEA CRT ; Near; 2 M,3/4/2020 10:12:05 AM,539130.2273,4808984.558,Q2,Working,FALSE
1725,45206,16-099020,5/10/2016 6:33:00 PM,2016,5,10,18,33,Tuesday,545148.9249,4807736.064,-80.442262,43.421163,Non intersection,2,P.D. only,On roadway,Rear end,Daylight,Regional,No control,Unknown,FALSE,FALSE,FALSE,Clear,FALSE,WILSON AVE ; FAIRWAY RD S; 30 M,3/4/2020 10:12:05 AM,545148.9249,4807736.064,Q2,Working,FALSE
1726,45207,16-099032,5/10/2016 6:40:00 PM,2016,5,10,18,40,Tuesday,544885.9833,4804850.821,-80.445747,43.3952,Intersection,1,Non-fatal injury,On roadway,Rear end,Daylight,Municipal,Signal Control,Functioning,FALSE,FALSE,FALSE,Clear,FALSE,DOON VILLAGE RD; PIONEER DR; Near; 50 M,3/4/2020 10:12:04 AM,544885.9833,4804850.821,Q2,Working,FALSE
1727,45208,16-099135,5/10/2016 9:29:00 PM,2016,5,10,21,29,Tuesday,542140.4513,4807091.22,-80.479475,43.415532,Private Drive,2,P.D. only,On roadway,Intersection,Dark,Municipal,Signal Control,Functioning,FALSE,FALSE,FALSE,Clear,FALSE,BLOCK LINE RD ; 655 STRASBURG RD ; At; 65 M,3/4/2020 10:12:03 AM,542140.4513,4807091.22,Q2,Working,FALSE
1728,45209,16-099609,5/11/2016 2:00:00 PM,2016,5,11,14,0,Wednesday,542367.2719,4810369.282,-80.476419,43.445035,Non intersection,2,P.D. only,On roadway,SMV,Daylight,Municipal,No control,Unknown,FALSE,FALSE,FALSE,Clear,FALSE,STIRLING AVE N; KING ST E; Near; 50 M,3/4/2020 10:12:03 AM,542367.2719,4810369.282,Q2,Working,FALSE
1729,45210,16-100644,5/12/2016 6:37:00 PM,2016,5,12,18,37,Thursday,542358.1782,4809163.097,-80.476625,43.434175,Non intersection,1,Non-fatal injury,On roadway,Rear end,Daylight,Municipal,No control,Unknown,FALSE,FALSE,FALSE,Clear,FALSE,MILL ST; MILL ST ; Near; 20 M,3/4/2020 10:12:02 AM,542358.1782,4809163.097,Q2,Weekend,FALSE
1730,45211,16-100682,5/12/2016 5:35:00 PM,2016,5,12,17,35,Thursday,544821.0743,4805063.961,-80.446531,43.397123,Intersection,2,P.D. only,On roadway,Rear end,Daylight,Municipal,Sign Control,Functioning,FALSE,FALSE,FALSE,Clear,FALSE,DOON VILLAGE RD; UPPER CANADA DR,3/4/2020 10:12:01 AM,544821.0743,4805063.961,Q2,Weekend,FALSE
1731,45212,16-101381,5/13/2016 4:35:00 PM,2016,5,13,16,35,Friday,541224.4089,4811867.08,-80.490429,43.458585,Intersection,1,Non-fatal injury,On roadway,Rear end,Daylight,Municipal,Signal Control,Functioning,FALSE,FALSE,FALSE,Clear,FALSE,WELLINGTON ST N; MARGARET AVE; 15 M,3/4/2020 10:12:00 AM,541224.4089,4811867.08,Q2,Weekend,FALSE
1732,45213,16-101458,5/13/2016 6:00:00 PM,2016,5,13,18,0,Friday,541126.8037,4809684.682,-80.4918,43.43894,Intersection,1,Non-fatal injury,On roadway,SMV,Daylight,Municipal,Sign Control,Functioning,TRUE,FALSE,FALSE,Clear,FALSE,SPADINA RD E; RUSSEL ST,3/4/2020 10:12:00 AM,541126.8037,4809684.682,Q2,Weekend,FALSE
1733,45214,16-101483,5/13/2016 10:30:00 AM,2016,5,13,10,30,Friday,538921.5979,4808769.67,-80.519114,43.430819,Private Drive,2,P.D. only,On roadway,SMV,Daylight,Municipal,No control,Unknown,FALSE,FALSE,FALSE,Clear,FALSE,BONNYLYN DR; BONNYLYN DR ; At,3/4/2020 10:11:59 AM,538921.5979,4808769.67,Q2,Weekend,FALSE
1734,45215,16-101490,5/13/2016 7:23:00 PM,2016,5,13,19,23,Friday,545084.9066,4811728.207,-80.442723,43.457112,Intersection,2,P.D. only,Off roadway,SMV,Daylight,Municipal,Sign Control,Functioning,FALSE,FALSE,FALSE,Clear,FALSE,MONTCALM DR; HUDSON CRES; Near; 21 M,3/4/2020 10:11:58 AM,545084.9066,4811728.207,Q2,Weekend,FALSE
1735,45216,16-101751,5/14/2016 1:46:00 AM,2016,5,14,1,46,Saturday,539069.47,4808770.414,-80.517287,43.430818,Non intersection,2,P.D. only,Off roadway,SMV,Dark,Municipal,No control,Unknown,FALSE,FALSE,FALSE,Clear,FALSE,QUEENS BLVD ; KELLY DR ; 5 M,3/4/2020 10:11:58 AM,539069.47,4808770.414,Q2,Weekend,FALSE
1736,45217,16-101861,5/12/2016 4:45:00 PM,2016,5,12,16,45,Thursday,541752.9826,4808450.642,-80.484157,43.427794,Non intersection,2,Non-reportable,On roadway,Rear end,Daylight,Regional,No control,Unknown,FALSE,FALSE,FALSE,Clear,FALSE,HOMER WATSON BLVD; W HWY 7 8 TO HOMER WATSON BLVD; At,3/4/2020 10:11:57 AM,541752.9826,4808450.642,Q2,Weekend,FALSE
1737,45218,16-101992,5/14/2016 11:30:00 AM,2016,5,14,11,30,Saturday,542694.9286,4809856.911,-80.47241,43.440403,Non intersection,2,P.D. only,On roadway,SMV,Daylight,Municipal,No control,Unknown,FALSE,FALSE,FALSE,Clear,FALSE,MAURICE ST; MAURICE ST ; Near; 12 M,3/4/2020 10:11:56 AM,542694.9286,4809856.911,Q2,Weekend,FALSE
1738,45219,16-102686,5/15/2016 10:47:00 AM,2016,5,15,10,47,Sunday,541131.8512,4810502.235,-80.491676,43.446301,Other,2,P.D. only,Off roadway,SMV,Daylight,Other,No control,Unknown,FALSE,FALSE,FALSE,Other,FALSE,PRIVATE DRIVE; At,3/4/2020 10:11:55 AM,541131.8512,4810502.235,Q2,Weekend,FALSE
1739,45220,16-102703,5/14/2016 6:58:00 PM,2016,5,14,18,58,Saturday,542085.1557,4806597.764,-80.480196,43.411092,Private Drive,2,P.D. only,On roadway,SMV,Daylight,Municipal,No control,Unknown,FALSE,FALSE,FALSE,Clear,FALSE,SETTLERS DR; SETTLERS DR ; At,3/4/2020 10:11:55 AM,542085.1557,4806597.764,Q2,Weekend,FALSE
1740,45221,16-102838,5/15/2016 2:55:00 PM,2016,5,15,14,55,Sunday,549443.8054,4806006.825,-80.389365,43.405322,Private Drive,2,P.D. only,On roadway,Intersection,Daylight,Municipal,Signal Control,Functioning,FALSE,FALSE,FALSE,Clear,FALSE,TU LANE ST ; KING ST E; Near; 3 M,3/4/2020 10:11:54 AM,549443.8054,4806006.825,Q2,Weekend,FALSE