,OBJECTID,ACCIDENTNUM,ACCIDENTDATE,ACCIDENT_YEAR,ACCIDENT_MONTH,ACCIDENT_DAY,ACCIDENT_HOUR,ACCIDENT_MINUTE,Accident_Day,XCOORD,YCOORD,LONGITUDE,LATITUDE,Accident_Location,COLLISIONTYPE,Accident_Type,Impact_Location,Impact_Type,Light,Road_Jurisdication,Traffic_Control,Traffic_Control_Condition,Pedestrian_Involved,Cyclist_Involved,Motorcyclist_Involved,Environment_Condition,Self_Reported,XMLIMPORTNOTES,LASTEDITEDDATE,x,y,Quarter,Day_Type,Vulnerable_Involved
1741,45222,16-102922,5/15/2016 4:45:00 PM,2016,5,15,16,45,Sunday,541370.4247,4812962.821,-80.488541,43.468443,Intersection,2,P.D. only,On roadway,SMV,Daylight,Municipal,No control,Unknown,FALSE,FALSE,FALSE,Clear,FALSE,EDWIN ST ; ELIZABETH ST,3/4/2020 10:11:53 AM,541370.4247,4812962.821,Q2,Weekend,FALSE
1742,45223,16-103214,5/16/2016 1:00:00 AM,2016,5,16,1,0,Monday,542125.2017,4810569.23,-80.479395,43.446849,Non intersection,2,P.D. only,On roadway,SMV,Dark,Municipal,No control,Unknown,FALSE,FALSE,FALSE,Clear,FALSE,DUKE ST E; BETZNER AVE N; Near; 75 M,3/4/2020 10:11:53 AM,542125.2017,4810569.23,Q2,Working,FALSE
1743,45224,16-103307,5/16/2016 8:15:00 AM,2016,5,16,8,15,Monday,545485.0521,4808407.136,-80.438054,43.427185,Private Drive,2,P.D. only,On roadway,Intersection,Daylight,Municipal,No control,Unknown,FALSE,FALSE,FALSE,Clear,FALSE,KINGSWAY DR; KINGSWAY DR; At,3/4/2020 10:11:52 AM,545485.0521,4808407.136,Q2,Working,FALSE
1744,45225,16-103536,5/11/2016 11:30:00 AM,2016,5,11,11,30,Wednesday,543233.0888,4810274.378,-80.465727,43.444131,Private Drive,2,P.D. only,Off roadway,Other,Daylight,Municipal,No control,Unknown,FALSE,FALSE,FALSE,Clear,FALSE,MCKENZIE AVE; MCKENZIE AVE ; At,3/4/2020 10:11:51 AM,543233.0888,4810274.378,Q2,Working,FALSE
1745,45226,16-104513,5/17/2016 6:40:00 PM,2016,5,17,18,40,Tuesday,540735.6386,4810333.571,-80.496585,43.444804,Non intersection,2,P.D. only,On roadway,SMV,Daylight,Municipal,Sign Control,Functioning,FALSE,FALSE,FALSE,Clear,FALSE,DAVID ST; SCHNEIDER AVE ; 15 M,3/4/2020 10:11:51 AM,540735.6386,4810333.571,Q2,Working,FALSE
1746,45227,16-104875,5/18/2016 8:36:00 AM,2016,5,18,8,36,Wednesday,542447.4774,4807280.393,-80.475668,43.417218,Intersection,2,P.D. only,On roadway,Rear end,Daylight,Municipal,Other,Functioning,FALSE,FALSE,FALSE,Clear,FALSE,BLOCK LINE RD; COUNTRY HILL DR,3/4/2020 10:11:50 AM,542447.4774,4807280.393,Q2,Working,FALSE
1747,45228,16-104973,5/17/2016 6:00:00 PM,2016,5,17,18,0,Tuesday,542505.7419,4804197.378,-80.475188,43.389455,Private Drive,2,P.D. only,On roadway,Other,Daylight,Municipal,No control,Unknown,FALSE,FALSE,FALSE,Clear,FALSE,PARKVALE DR; PARKVALE DR ; At,3/4/2020 10:11:49 AM,542505.7419,4804197.378,Q2,Working,FALSE
1748,45229,16-105008,5/17/2016 4:00:00 PM,2016,5,17,16,0,Tuesday,537304.1706,4807616.5,-80.539176,43.420518,Private Drive,2,P.D. only,On roadway,SMV,Daylight,Municipal,No control,Unknown,FALSE,FALSE,FALSE,Clear,FALSE,CHERRYTREE CRT; CHERRYTREE CRT ; Near,3/4/2020 10:11:49 AM,537304.1706,4807616.5,Q2,Working,FALSE
1749,45230,16-105656,5/19/2016 2:39:00 AM,2016,5,19,2,39,Thursday,540780.9413,4806492.803,-80.496312,43.410219,Non intersection,2,P.D. only,On roadway,SMV,Dark,Municipal,No control,Unknown,FALSE,FALSE,FALSE,Clear,FALSE,ERINBROOK DR; DUNEDIN CRT; At; 10 M,3/4/2020 10:11:48 AM,540780.9413,4806492.803,Q2,Weekend,FALSE
1750,45231,16-106057,5/19/2016 12:55:00 PM,2016,5,19,12,55,Thursday,543216.9425,4804529.298,-80.466381,43.392403,Intersection,2,P.D. only,On roadway,Intersection,Daylight,Municipal,Sign Control,Functioning,FALSE,FALSE,FALSE,Clear,FALSE,HURON RD ; STRASBURG RD,3/4/2020 10:11:47 AM,543216.9425,4804529.298,Q2,Weekend,FALSE
1751,45232,16-106060,5/19/2016 2:48:00 PM,2016,5,19,14,48,Thursday,538946.0784,4811397.177,-80.518624,43.454476,Private Drive,2,P.D. only,On roadway,Intersection,Daylight,Municipal,No control,Unknown,FALSE,FALSE,FALSE,Clear,FALSE,BELMONT AVE W; BELMONT AVE W; At; 0 M,3/4/2020 10:11:47 AM,538946.0784,4811397.177,Q2,Weekend,FALSE
1752,45233,16-106213,5/19/2016 3:25:00 PM,2016,5,19,15,25,Thursday,544304.052,4809222.022,-80.452578,43.434593,Intersection,2,P.D. only,On roadway,Intersection,Daylight,Municipal,Sign Control,Functioning,FALSE,FALSE,FALSE,Clear,FALSE,KINGSWAY DR; FOURTH AVE,3/4/2020 10:11:46 AM,544304.052,4809222.022,Q2,Weekend,FALSE
1753,45234,16-106224,5/19/2016 6:38:00 PM,2016,5,19,18,38,Thursday,542911.8738,4809936.476,-80.469723,43.441107,Intersection,1,Non-fatal injury,On roadway,Rear end,Daylight,Regional,Sign Control,Functioning,FALSE,FALSE,FALSE,Clear,FALSE,SYDNEY ST N; KING ST E,3/4/2020 10:11:45 AM,542911.8738,4809936.476,Q2,Weekend,FALSE
1754,45235,16-106252,5/19/2016 7:15:00 PM,2016,5,19,19,15,Thursday,543306.9636,4807691.338,-80.465019,43.420869,Private Drive,2,P.D. only,Off roadway,Intersection,Daylight,Municipal,Sign Control,Functioning,FALSE,FALSE,FALSE,Clear,FALSE,LENNOX LEWIS WAY; BLOCK LINE RD; At; 25 M,3/4/2020 10:11:44 AM,543306.9636,4807691.338,Q2,Weekend,FALSE
1755,45236,16-106617,5/20/2016 9:00:00 AM,2016,5,20,9,0,Friday,539619.2912,4811373.447,-80.510305,43.454227,Non intersection,2,P.D. only,On roadway,Rear end,Daylight,Municipal,Signal Control,Functioning,FALSE,FALSE,FALSE,Clear,FALSE,GLASGOW ST; PARK ST; Near; 15 M,3/4/2020 10:11:44 AM,539619.2912,4811373.447,Q2,Weekend,FALSE
1756,45237,16-106953,5/20/2016 4:45:00 PM,2016,5,20,16,45,Friday,541797.4778,4808180.15,-80.483628,43.425356,Intersection,1,Non-fatal injury,On roadway,Intersection,Daylight,Regional,Signal Control,Functioning,FALSE,FALSE,FALSE,Clear,FALSE,ALPINE RD; OTTAWA ST S; 25 M,3/4/2020 10:11:43 AM,541797.4778,4808180.15,Q2,Weekend,FALSE
1757,45238,16-107173,5/20/2016 9:39:00 PM,2016,5,20,21,39,Friday,540335.3709,4805884.402,-80.50186,43.404765,Intersection,1,Non-fatal injury,On roadway,Intersection,Dusk,Municipal,Sign Control,Functioning,FALSE,FALSE,FALSE,Clear,FALSE,MAX BECKER DR; HELENA FEASBY ST; 5 M,3/4/2020 10:11:42 AM,540335.3709,4805884.402,Q2,Weekend,FALSE
1758,45239,16-107859,5/21/2016 7:02:00 PM,2016,5,21,19,2,Saturday,541676.802,4807902.306,-80.48514,43.422861,Other,1,Non-fatal injury,Off roadway,SMV,Daylight,Other,No control,Unknown,TRUE,FALSE,FALSE,Clear,FALSE,PRIVATE DRIVE; ROBERTS CRES ; At,3/4/2020 10:11:42 AM,541676.802,4807902.306,Q2,Weekend,FALSE
1759,45240,16-108280,5/22/2016 9:40:00 AM,2016,5,22,9,40,Sunday,545336.6793,4810742.551,-80.439693,43.448222,Private Drive,2,P.D. only,Off roadway,Other,Daylight,Municipal,No control,Unknown,FALSE,FALSE,FALSE,Clear,FALSE,GAY CRES; 16 GAY CRES,3/4/2020 10:11:41 AM,545336.6793,4810742.551,Q2,Weekend,FALSE
1760,45241,16-110027,5/20/2016 9:00:00 PM,2016,5,20,21,0,Friday,540036.6241,4808673.687,-80.505345,43.429896,Non intersection,2,P.D. only,Off roadway,SMV,Dusk,Municipal,No control,Unknown,FALSE,FALSE,FALSE,Clear,FALSE,SHADYWOOD CRES; SHADYWOOD CRES ; Near,3/4/2020 10:11:40 AM,540036.6241,4808673.687,Q2,Weekend,FALSE
1761,45242,16-110197,5/24/2016 6:14:00 PM,2016,5,24,18,14,Tuesday,539588.891,4806502.032,-80.511034,43.410366,Intersection,2,P.D. only,On roadway,Intersection,Daylight,Municipal,Sign Control,Functioning,FALSE,FALSE,FALSE,Clear,FALSE,WILDERNESS DR; MOUNTAIN MINT CRES,3/4/2020 10:11:40 AM,539588.891,4806502.032,Q2,Working,FALSE
1762,45243,16-110990,5/25/2016 5:38:00 PM,2016,5,25,17,38,Wednesday,538996.5998,4811069.506,-80.518023,43.451523,Non intersection,1,Non-fatal injury,On roadway,Rear end,Daylight,Municipal,Signal Control,Functioning,FALSE,FALSE,FALSE,Clear,FALSE,GLASGOW ST; GLASGOW ST ; Near; 5 M,3/4/2020 10:11:39 AM,538996.5998,4811069.506,Q2,Working,FALSE
1763,45244,16-111416,5/26/2016 8:44:00 AM,2016,5,26,8,44,Thursday,540793.6973,4811372.801,-80.49579,43.454158,Intersection,1,Non-fatal injury,On roadway,Rear end,Daylight,Regional,Signal Control,Functioning,FALSE,TRUE,FALSE,Clear,FALSE,DUKE ST W; VICTORIA ST N; Near; 4 M,3/4/2020 10:11:38 AM,540793.6973,4811372.801,Q2,Weekend,FALSE
1764,45245,16-111826,5/26/2016 5:29:00 PM,2016,5,26,17,29,Thursday,541649.8718,4809314.116,-80.485365,43.435575,Intersection,2,P.D. only,On roadway,Intersection,Daylight,Municipal,Sign Control,Functioning,FALSE,FALSE,FALSE,Clear,FALSE,MILL ST; HEIMAN ST,3/7/2019 1:21:56 PM,541649.8718,4809314.116,Q2,Weekend,FALSE
1765,45246,16-112240,5/27/2016 7:42:00 AM,2016,5,27,7,42,Friday,544657.8032,4811826.541,-80.447994,43.458023,Intersection,2,P.D. only,On roadway,Intersection,Daylight,Regional,No control,Unknown,FALSE,FALSE,FALSE,Clear,FALSE,BAIRD AVE; LORRAINE AVE,3/4/2020 10:11:38 AM,544657.8032,4811826.541,Q2,Weekend,FALSE
1766,45247,16-112305,5/26/2016 3:07:00 PM,2016,5,26,15,7,Thursday,541533.5176,4808862.434,-80.486837,43.431514,Private Drive,2,P.D. only,Off roadway,SMV,Daylight,Municipal,No control,Unknown,FALSE,FALSE,FALSE,Clear,FALSE,SOUTHDALE AVE; SOUTHDALE AVE ; At; 5 M,3/4/2020 10:11:36 AM,541533.5176,4808862.434,Q2,Weekend,FALSE
1767,45248,16-112637,5/27/2016 12:30:00 PM,2016,5,27,12,30,Friday,544637.7833,4804760.883,-80.448819,43.394405,Private Drive,2,P.D. only,On roadway,SMV,Daylight,Municipal,No control,Unknown,FALSE,FALSE,FALSE,Clear,FALSE,PERIN PL; PERIN PL ; At,3/4/2020 10:11:36 AM,544637.7833,4804760.883,Q2,Weekend,FALSE
1768,45249,16-112664,5/27/2016 6:20:00 AM,2016,5,27,6,20,Friday,544891.3084,4811411.164,-80.445142,43.454269,Other,2,P.D. only,Off roadway,SMV,Dawn,Other,No control,Unknown,FALSE,FALSE,FALSE,Clear,FALSE,BRECKENRIDGE DR; BRECKENRIDGE DR ; At,3/4/2020 10:11:35 AM,544891.3084,4811411.164,Q2,Weekend,FALSE
1769,45250,16-112666,5/27/2016 4:45:00 PM,2016,5,27,16,45,Friday,539514.0457,4805981.832,-80.511996,43.405686,Private Drive,2,P.D. only,On roadway,Other,Daylight,Municipal,No control,Unknown,FALSE,FALSE,FALSE,Clear,FALSE,MAX BECKER DR; MAX BECKER DR ; At; 0 M,3/4/2020 10:11:34 AM,539514.0457,4805981.832,Q2,Weekend,FALSE
1770,45251,16-112696,5/27/2016 5:27:00 PM,2016,5,27,17,27,Friday,540612.7461,4809912.685,-80.498135,43.441021,Intersection,2,P.D. only,On roadway,Rear end,Daylight,Regional,Signal Control,Functioning,FALSE,FALSE,FALSE,Clear,FALSE,HIGHLAND RD E; QUEEN ST S; 100 M,3/4/2020 10:11:34 AM,540612.7461,4809912.685,Q2,Weekend,FALSE
1771,45252,16-112728,5/27/2016 5:45:00 PM,2016,5,27,17,45,Friday,539887.9125,4809704.006,-80.507107,43.439181,Private Drive,2,P.D. only,On roadway,Other,Daylight,Municipal,No control,Unknown,FALSE,FALSE,FALSE,Clear,FALSE,BELMONT AVE W; BELMONT AVE W; At,3/4/2020 10:11:33 AM,539887.9125,4809704.006,Q2,Weekend,FALSE
1772,45253,16-112759,5/27/2016 6:32:00 PM,2016,5,27,18,32,Friday,538400.4554,4809731.688,-80.525485,43.439508,Private Drive,2,P.D. only,Off roadway,SMV,Daylight,Municipal,No control,Unknown,FALSE,FALSE,FALSE,Clear,FALSE,HAZELGLEN DR; HAZELGLEN DR ; At; 2 M,3/4/2020 10:11:32 AM,538400.4554,4809731.688,Q2,Weekend,FALSE
1773,45254,16-113251,5/27/2016 5:20:00 PM,2016,5,27,17,20,Friday,542313.9669,4810288.427,-80.477084,43.44431,Intersection,2,P.D. only,On roadway,Intersection,Daylight,Regional,Signal Control,Functioning,FALSE,FALSE,FALSE,Clear,FALSE,KING ST E; STIRLING AVE N,3/4/2020 10:11:31 AM,542313.9669,4810288.427,Q2,Weekend,FALSE
1774,45255,16-113362,5/26/2016 10:15:00 AM,2016,5,26,10,15,Thursday,547672.0345,4805920.781,-80.411253,43.404662,Private Drive,2,Non-reportable,Off roadway,SMV,Daylight,Municipal,No control,Unknown,FALSE,FALSE,FALSE,Clear,FALSE,DEER RIDGE DR; DEER RIDGE DR ; Near,3/4/2020 10:11:31 AM,547672.0345,4805920.781,Q2,Weekend,FALSE
1775,45256,16-113711,5/28/2016 8:56:00 PM,2016,5,28,20,56,Saturday,546244.2748,4810160.64,-80.428526,43.442927,Intersection,1,Non-fatal injury,Off roadway,SMV,Dark,Regional,Sign Control,Functioning,FALSE,FALSE,FALSE,Clear,FALSE,OLD CHICOPEE TRAIL; DAIMLER DR; 2 M,3/4/2020 10:11:30 AM,546244.2748,4810160.64,Q2,Weekend,FALSE
1776,45257,16-114176,5/29/2016 11:48:00 AM,2016,5,29,11,48,Sunday,539816.2283,4809149.263,-80.508033,43.43419,Intersection,1,Non-fatal injury,On roadway,Rear end,Daylight,Regional,Sign Control,Functioning,FALSE,FALSE,FALSE,Clear,FALSE,QUEENS BLVD ; BLUERIDGE AVE,3/4/2020 10:11:29 AM,539816.2283,4809149.263,Q2,Weekend,FALSE
1777,45258,16-114749,5/30/2016 8:08:00 AM,2016,5,30,8,8,Monday,541492.8173,4809569.518,-80.487286,43.437883,Non intersection,1,Non-fatal injury,On roadway,Rear end,Daylight,Municipal,No control,Unknown,FALSE,FALSE,FALSE,Clear,FALSE,STIRLING AVE S; MILL ST ; 40 M,3/7/2019 1:21:54 PM,541492.8173,4809569.518,Q2,Working,FALSE
1778,45259,16-114778,5/30/2016 8:49:00 AM,2016,5,30,8,49,Monday,541179.3338,4809394.682,-80.491173,43.436326,Intersection,1,Non-fatal injury,On roadway,Intersection,Daylight,Municipal,Signal Control,Functioning,FALSE,FALSE,FALSE,Clear,FALSE,STIRLING AVE S; HIGHLAND RD E,3/4/2020 10:11:29 AM,541179.3338,4809394.682,Q2,Working,FALSE
1779,45260,16-114919,5/30/2016 11:36:00 AM,2016,5,30,11,36,Monday,541779.7468,4809278.435,-80.483763,43.435246,Private Drive,2,P.D. only,On roadway,Intersection,Daylight,Municipal,No control,Unknown,FALSE,FALSE,FALSE,Clear,FALSE,MILL ST; MILL ST ; Near; 5 M,3/4/2020 10:11:28 AM,541779.7468,4809278.435,Q2,Working,FALSE
1780,45261,16-115225,5/30/2016 5:49:00 PM,2016,5,30,17,49,Monday,540923.317,4810569.824,-80.494248,43.446921,Intersection,1,Non-fatal injury,On roadway,Intersection,Daylight,Municipal,Sign Control,Functioning,FALSE,TRUE,FALSE,Clear,FALSE,JUBILEE DR; DAVID ST; At,3/4/2020 10:11:27 AM,540923.317,4810569.824,Q2,Working,FALSE
1781,45262,16-115299,5/30/2016 7:24:00 PM,2016,5,30,19,24,Monday,540389.0044,4812515.507,-80.500707,43.464469,Intersection,1,Non-fatal injury,On roadway,Intersection,Daylight,Municipal,Sign Control,Functioning,FALSE,FALSE,FALSE,Clear,FALSE,HARTWOOD AVE; ELLIS AVE,3/4/2020 10:11:27 AM,540389.0044,4812515.507,Q2,Working,FALSE
1782,45263,16-115750,5/31/2016 10:24:00 AM,2016,5,31,10,24,Tuesday,542313.0077,4810286.533,-80.477096,43.444293,Intersection,1,Non-fatal injury,On roadway,Intersection,Daylight,Regional,Signal Control,Functioning,FALSE,TRUE,FALSE,Clear,FALSE,KING ST E; STIRLING AVE N,3/4/2020 10:11:26 AM,542313.0077,4810286.533,Q2,Working,FALSE
1783,45264,16-115917,5/31/2016 1:30:00 PM,2016,5,31,13,30,Tuesday,538709.295,4811123.603,-80.52157,43.452025,Intersection,2,P.D. only,On roadway,Intersection,Daylight,Municipal,Sign Control,Functioning,FALSE,FALSE,FALSE,Clear,FALSE,CLAREMONT AVE; DUNBAR RD,3/4/2020 10:11:25 AM,538709.295,4811123.603,Q2,Working,FALSE
1784,45265,16-115936,5/31/2016 1:57:00 PM,2016,5,31,13,57,Tuesday,545275.1144,4806435.156,-80.440811,43.409442,Intersection,2,P.D. only,On roadway,Intersection,Daylight,Municipal,Sign Control,Functioning,FALSE,FALSE,FALSE,Clear,FALSE,WABANAKI DR ; WILSON AVE ; 5 M,3/4/2020 10:11:25 AM,545275.1144,4806435.156,Q2,Working,FALSE
1785,45266,16-116167,5/31/2016 6:37:00 PM,2016,5,31,18,37,Tuesday,538375.7579,4808439.802,-80.525881,43.427877,Private Drive,2,P.D. only,On roadway,Other,Daylight,Municipal,No control,Unknown,FALSE,FALSE,FALSE,Clear,FALSE,BELMONT AVE E; QUEENS BLVD ; Near; 1 M,3/4/2020 10:11:24 AM,538375.7579,4808439.802,Q2,Working,FALSE
1786,45267,16-116170,5/31/2016 7:20:00 AM,2016,5,31,7,20,Tuesday,541609.4055,4812970.624,-80.485586,43.4685,Intersection,2,P.D. only,Off roadway,SMV,Daylight,Municipal,Sign Control,Functioning,FALSE,FALSE,FALSE,Clear,FALSE,ELIZABETH ST; BOND ST; At,3/4/2020 10:11:23 AM,541609.4055,4812970.624,Q2,Working,FALSE
1787,45268,16-116820,6/1/2016 2:35:00 PM,2016,6,1,14,35,Wednesday,542248.0555,4806960.618,-80.478156,43.41435,Private Drive,2,P.D. only,On roadway,Rear end,Daylight,Municipal,Signal Control,Functioning,FALSE,FALSE,FALSE,Clear,FALSE,STRASBURG RD; STRASBURG RD ; At; 12 M,3/4/2020 10:11:23 AM,542248.0555,4806960.618,Q2,Working,FALSE
1788,45269,16-116977,6/1/2016 5:10:00 PM,2016,6,1,17,10,Wednesday,539111.8957,4811655.688,-80.516556,43.456795,Intersection,2,P.D. only,On roadway,Intersection,Daylight,Municipal,No control,Unknown,FALSE,FALSE,FALSE,Clear,FALSE,PARK ST; UNION BLVD; At,3/4/2020 10:11:22 AM,539111.8957,4811655.688,Q2,Working,FALSE
1789,45270,16-117363,6/2/2016 8:43:00 AM,2016,6,2,8,43,Thursday,537193.8843,4807269.162,-80.540562,43.417396,Intersection,2,P.D. only,On roadway,Intersection,Daylight,Municipal,Sign Control,Functioning,FALSE,FALSE,FALSE,Clear,FALSE,ROLLING MEADOWS DR; DRIFTWOOD DR,3/4/2020 10:11:21 AM,537193.8843,4807269.162,Q2,Weekend,FALSE
1790,45271,16-117597,6/2/2016 12:45:00 PM,2016,6,2,12,45,Thursday,541787.0864,4810797.246,-80.483556,43.448921,Intersection,1,Non-fatal injury,On roadway,Intersection,Daylight,Municipal,Sign Control,Functioning,FALSE,FALSE,FALSE,Clear,FALSE,DUKE ST E; EBY ST N,3/4/2020 10:11:21 AM,541787.0864,4810797.246,Q2,Weekend,FALSE
1791,45272,16-117817,6/2/2016 5:31:00 PM,2016,6,2,17,31,Thursday,541948.7295,4810918.529,-80.481549,43.450004,Non intersection,1,Non-fatal injury,On roadway,SMV,Daylight,Municipal,No control,Unknown,TRUE,FALSE,FALSE,Clear,FALSE,LANCASTER ST W; IRVIN ST ; 34 M,3/4/2020 10:11:20 AM,541948.7295,4810918.529,Q2,Weekend,FALSE
1792,45273,16-117950,6/2/2016 9:07:00 PM,2016,6,2,21,7,Thursday,544697.4249,4811414.985,-80.447538,43.454315,Intersection,1,Non-fatal injury,On roadway,Intersection,Dark,Regional,Signal Control,Functioning,FALSE,FALSE,FALSE,Clear,FALSE,HICKSON DR; RIVER RD E,3/4/2020 10:11:19 AM,544697.4249,4811414.985,Q2,Weekend,FALSE
1793,45274,16-118596,6/3/2016 3:58:00 PM,2016,6,3,15,58,Friday,542583.0867,4810126.084,-80.473771,43.442833,Private Drive,2,Non-reportable,Off roadway,Intersection,Daylight,Regional,No control,Unknown,FALSE,TRUE,FALSE,Clear,FALSE,BORDEN AVE S; KING ST E; At; 7 M,3/4/2020 10:11:19 AM,542583.0867,4810126.084,Q2,Weekend,FALSE
1794,45275,16-118702,6/3/2016 7:00:00 PM,2016,6,3,19,0,Friday,544744.7253,4813429.639,-80.446788,43.472452,Private Drive,2,P.D. only,On roadway,Intersection,Daylight,Regional,Other,Functioning,FALSE,FALSE,FALSE,Clear,FALSE,BINGEMANS CENTRE DR; BINGEMANS CENTRE DR ; Near,3/4/2020 10:11:18 AM,544744.7253,4813429.639,Q2,Weekend,FALSE
1795,45276,16-119372,6/3/2016 9:30:00 PM,2016,6,3,21,30,Friday,540026.7077,4805950.867,-80.505667,43.40538,Non intersection,2,P.D. only,On roadway,SMV,Daylight,Municipal,No control,Unknown,FALSE,FALSE,FALSE,Clear,FALSE,SWARTZ ST; SWARTZ ST ; At,3/4/2020 10:11:17 AM,540026.7077,4805950.867,Q2,Weekend,FALSE
1796,45277,16-119396,6/4/2016 12:44:00 PM,2016,6,4,12,44,Saturday,544057.0885,4804178.109,-80.456036,43.389192,Intersection,1,Non-fatal injury,On roadway,Intersection,Daylight,Municipal,Sign Control,Functioning,FALSE,FALSE,FALSE,Clear,FALSE,BIEHN DR; ROBERTSON CRES,3/4/2020 10:11:17 AM,544057.0885,4804178.109,Q2,Weekend,FALSE
1797,45278,16-120010,6/5/2016 2:20:00 AM,2016,6,5,2,20,Sunday,541597.5253,4806893.102,-80.486196,43.413778,Non intersection,2,P.D. only,On roadway,SMV,Dark,Municipal,No control,Unknown,FALSE,FALSE,FALSE,Rain,FALSE,BLOCK LINE RD ; MCLENNAN PARK GATE ; 30 M,3/7/2019 1:21:53 PM,541597.5253,4806893.102,Q2,Weekend,FALSE
1798,45279,16-120272,6/5/2016 1:46:00 PM,2016,6,5,13,46,Sunday,544117.8123,4811894.064,-80.454663,43.458663,Intersection,2,P.D. only,On roadway,Intersection,Daylight,Regional,Sign Control,Functioning,FALSE,FALSE,FALSE,Clear,FALSE,MANCHESTER RD; RIVER RD E,3/4/2020 10:11:16 AM,544117.8123,4811894.064,Q2,Weekend,FALSE
1799,45280,16-120378,6/5/2016 3:57:00 PM,2016,6,5,15,57,Sunday,545854.8346,4807128.984,-80.433593,43.415654,Intersection,1,Non-fatal injury,On roadway,Rear end,Daylight,Municipal,Sign Control,Functioning,FALSE,FALSE,FALSE,Rain,FALSE,WABANAKI DR ; HIDDEN VALLEY RD,3/4/2020 10:11:15 AM,545854.8346,4807128.984,Q2,Weekend,FALSE
1800,45281,16-120426,6/5/2016 5:06:00 PM,2016,6,5,17,6,Sunday,543075.368,4811401.868,-80.467587,43.454292,Non intersection,1,Non-fatal injury,On roadway,Rear end,Daylight,Municipal,No control,Unknown,FALSE,TRUE,FALSE,Clear,FALSE,KRUG ST; KRUG ST ; At; 1 M,3/4/2020 10:11:15 AM,543075.368,4811401.868,Q2,Weekend,FALSE
1801,45282,16-120869,6/4/2016 6:15:00 PM,2016,6,4,18,15,Saturday,545986.4528,4809234.505,-80.43179,43.434604,Private Drive,2,P.D. only,On roadway,SMV,Daylight,Municipal,No control,Unknown,FALSE,FALSE,FALSE,Clear,FALSE,THALER AVE; 142 THALER AVE; At,3/4/2020 10:11:14 AM,545986.4528,4809234.505,Q2,Weekend,FALSE
1802,45283,16-120894,6/4/2016 6:00:00 PM,2016,6,4,18,0,Saturday,544186.394,4812736.588,-80.453747,43.466245,Private Drive,2,Non-reportable,On roadway,SMV,Daylight,Municipal,No control,Unknown,FALSE,FALSE,FALSE,Clear,FALSE,FORFAR AVE; FORFAR AVE; At,3/4/2020 10:11:13 AM,544186.394,4812736.588,Q2,Weekend,FALSE
1803,45284,16-121409,6/6/2016 6:00:00 PM,2016,6,6,18,0,Monday,544696.4376,4811746.832,-80.447523,43.457303,Non intersection,2,P.D. only,On roadway,Other,Daylight,Municipal,No control,Unknown,FALSE,FALSE,FALSE,Rain,FALSE,BAIRD AVE; BETTLEY CRES; Near,3/4/2020 10:11:13 AM,544696.4376,4811746.832,Q2,Working,FALSE
1804,45285,16-122007,6/7/2016 12:45:00 PM,2016,6,7,12,45,Tuesday,539618.3145,4811374.44,-80.510317,43.454236,Intersection,2,P.D. only,On roadway,Intersection,Daylight,Municipal,Signal Control,Functioning,FALSE,FALSE,FALSE,Clear,FALSE,GLASGOW ST; PARK ST,3/4/2020 10:11:12 AM,539618.3145,4811374.441,Q2,Working,FALSE
1805,45286,16-122109,6/7/2016 3:49:00 PM,2016,6,7,15,49,Tuesday,547844.9922,4811445.035,-80.408633,43.454391,Private Drive,1,Non-fatal injury,On roadway,SMV,Daylight,Municipal,No control,Unknown,TRUE,FALSE,FALSE,Clear,FALSE,OLD ZELLER DR; VALEBROOK ST ; 83 M,3/4/2020 10:11:11 AM,547844.9922,4811445.035,Q2,Working,FALSE
1806,45287,16-122924,6/8/2016 3:15:00 PM,2016,6,8,15,15,Wednesday,543249.1797,4805565.813,-80.465901,43.401734,Private Drive,2,Non-reportable,On roadway,Intersection,Daylight,Municipal,No control,Unknown,FALSE,FALSE,FALSE,Clear,FALSE,TRILLIUM DR; TRILLIUM DR; At,3/4/2020 10:11:11 AM,543249.1797,4805565.813,Q2,Working,FALSE
1807,45288,16-123726,6/9/2016 4:21:00 PM,2016,6,9,16,21,Thursday,547625.5319,4803948.66,-80.411999,43.386908,Private Drive,2,P.D. only,On roadway,Intersection,Daylight,Regional,No control,Unknown,FALSE,FALSE,FALSE,Clear,FALSE,CONESTOGA COLLEGE BLVD ; HOMER WATSON BLVD ; At; 5 M,3/4/2020 10:11:10 AM,547625.5319,4803948.66,Q2,Weekend,FALSE
1808,45289,16-123841,6/8/2016 8:30:00 AM,2016,6,8,8,30,Wednesday,542651.1428,4807348.425,-80.473147,43.417819,Intersection,2,P.D. only,On roadway,Intersection,Daylight,Municipal,Signal Control,Functioning,FALSE,FALSE,FALSE,Rain,FALSE,BLOCK LINE RD ; KINGSWOOD DR,3/4/2020 10:11:09 AM,542651.1428,4807348.425,Q2,Working,FALSE
1809,45290,16-124159,6/10/2016 8:20:00 AM,2016,6,10,8,20,Friday,544756.1045,4808022.096,-80.447091,43.423762,Intersection,2,P.D. only,On roadway,Rear end,Daylight,Regional,Signal Control,Functioning,FALSE,FALSE,FALSE,Clear,FALSE,TRAYNOR AVE ; WILSON AVE ; 5 M,3/4/2020 10:11:09 AM,544756.1045,4808022.096,Q2,Weekend,FALSE
1810,45291,16-124271,6/9/2016 6:40:00 PM,2016,6,9,18,40,Thursday,543137.6082,4806538.882,-80.467202,43.410502,Intersection,2,P.D. only,On roadway,Intersection,Daylight,Municipal,Sign Control,Functioning,FALSE,FALSE,FALSE,Clear,FALSE,COUNTRY HILL DR; CENTURY HILL DR,3/4/2020 10:11:08 AM,543137.6082,4806538.882,Q2,Weekend,FALSE
1811,45292,16-124427,6/10/2016 9:00:00 AM,2016,6,10,9,0,Friday,541662.0465,4812070.904,-80.485004,43.460396,Non intersection,2,P.D. only,Off roadway,SMV,Daylight,Municipal,No control,Unknown,FALSE,FALSE,FALSE,Clear,FALSE,WELLINGTON ST N; MAJOR ST; Near; 50 M,3/4/2020 10:11:07 AM,541662.0465,4812070.904,Q2,Weekend,FALSE