,OBJECTID,ACCIDENTNUM,ACCIDENTDATE,ACCIDENT_YEAR,ACCIDENT_MONTH,ACCIDENT_DAY,ACCIDENT_HOUR,ACCIDENT_MINUTE,Accident_Day,XCOORD,YCOORD,LONGITUDE,LATITUDE,Accident_Location,COLLISIONTYPE,Accident_Type,Impact_Location,Impact_Type,Light,Road_Jurisdication,Traffic_Control,Traffic_Control_Condition,Pedestrian_Involved,Cyclist_Involved,Motorcyclist_Involved,Environment_Condition,Self_Reported,XMLIMPORTNOTES,LASTEDITEDDATE,x,y,Quarter,Day_Type,Vulnerable_Involved
1812,45293,16-124493,6/10/2016 3:15:00 PM,2016,6,10,15,15,Friday,543901.8302,4806704.959,-80.45775,43.411953,Non intersection,1,Non-fatal injury,On roadway,Intersection,Daylight,Municipal,Sign Control,Functioning,FALSE,TRUE,FALSE,Clear,FALSE,FALLOWFIELD DR; BLEAMS RD; 100 M,3/4/2020 10:11:07 AM,543901.8302,4806704.959,Q2,Weekend,FALSE
1813,45294,16-124494,6/10/2016 11:15:00 AM,2016,6,10,11,15,Friday,544571.1705,4810478.227,-80.449175,43.445888,Intersection,2,P.D. only,On roadway,Rear end,Daylight,Regional,Sign Control,Functioning,FALSE,FALSE,FALSE,Clear,FALSE,FRANKLIN ST N; PENROSE AVE,3/4/2020 10:11:06 AM,544571.1705,4810478.227,Q2,Weekend,FALSE
1814,45295,16-124685,6/10/2016 7:00:00 PM,2016,6,10,19,0,Friday,540246.5249,4805498.171,-80.502986,43.401292,Non intersection,2,P.D. only,Off roadway,SMV,Daylight,Municipal,No control,Unknown,FALSE,FALSE,FALSE,Clear,FALSE,COMMONWEALTH CRES; COMMONWEALTH CRES ; Near; 8 M,3/4/2020 10:11:05 AM,540246.5249,4805498.171,Q2,Weekend,FALSE
1815,45296,16-124709,6/10/2016 7:28:00 PM,2016,6,10,19,28,Friday,542447.4711,4807281.392,-80.475668,43.417227,Intersection,2,P.D. only,On roadway,Rear end,Daylight,Regional,Sign Control,Functioning,FALSE,FALSE,FALSE,Clear,FALSE,BLOCK LINE RD; COUNTRY HILL DR,3/4/2020 10:11:05 AM,542447.4711,4807281.392,Q2,Weekend,FALSE
1816,45297,16-125378,6/11/2016 2:08:00 PM,2016,6,11,14,8,Saturday,541891.6328,4806717.395,-80.482577,43.41218,Intersection,1,Non-fatal injury,Off roadway,Rear end,Daylight,Regional,Sign Control,Functioning,FALSE,FALSE,FALSE,Clear,FALSE,RITTENHOUSE RD ; BROOKFIELD CRES ; At; 13 M,3/4/2020 10:11:04 AM,541891.6328,4806717.395,Q2,Weekend,FALSE
1817,45298,16-125434,6/11/2016 3:00:00 PM,2016,6,11,15,0,Saturday,545110.5444,4807725.256,-80.442737,43.421068,Private Drive,2,P.D. only,On roadway,Intersection,Daylight,Regional,No control,Unknown,FALSE,FALSE,FALSE,Clear,FALSE,WILSON AVE; FAIRWAY RD S; Near,3/4/2020 10:11:03 AM,545110.5444,4807725.256,Q2,Weekend,FALSE
1818,45299,16-125798,6/11/2016 11:23:00 PM,2016,6,11,23,23,Saturday,541662.0545,4810407.201,-80.485131,43.445416,Intersection,1,Non-fatal injury,On roadway,Intersection,Dark,Municipal,Sign Control,Functioning,FALSE,FALSE,FALSE,Clear,FALSE,CHURCH ST; CEDAR ST S,3/4/2020 10:11:03 AM,541662.0545,4810407.201,Q2,Weekend,FALSE
1819,45300,16-126221,6/12/2016 1:11:00 PM,2016,6,12,13,11,Sunday,539070.447,4808769.42,-80.517275,43.430809,Non intersection,2,Non-reportable,On roadway,SMV,Daylight,Municipal,No control,Unknown,FALSE,FALSE,TRUE,Clear,FALSE,QUEENS BLVD; KELLY DR; 1 M,3/4/2020 10:11:02 AM,539070.447,4808769.42,Q2,Weekend,TRUE
1820,45301,16-126269,6/1/2016 2:00:00 PM,2016,6,1,14,0,Wednesday,544748.2735,4809665.982,-80.447053,43.438564,Private Drive,2,P.D. only,On roadway,SMV,Daylight,Municipal,No control,Unknown,FALSE,FALSE,FALSE,Clear,FALSE,BROADVIEW AVE; BROADVIEW AVE ; At,3/4/2020 10:11:01 AM,544748.2735,4809665.982,Q2,Working,FALSE
1821,45302,16-126340,6/11/2016 1:00:00 AM,2016,6,11,1,0,Saturday,542992.0756,4804318.513,-80.469174,43.390518,Non intersection,2,P.D. only,On roadway,SMV,Dark,Municipal,No control,Unknown,FALSE,FALSE,FALSE,Clear,FALSE,HURON RD; PARKVALE DR; Near,3/4/2020 10:11:01 AM,542992.0756,4804318.514,Q2,Weekend,FALSE
1822,45303,16-126729,6/13/2016 6:10:00 AM,2016,6,13,6,10,Monday,536498.9488,4808511.349,-80.549063,43.428615,Non intersection,2,P.D. only,On roadway,SMV,Dawn,Municipal,No control,Unknown,FALSE,FALSE,FALSE,Clear,FALSE,WESTMEADOW DR; WESTMEADOW DR ; Near; 1 M,3/4/2020 10:11:00 AM,536498.9488,4808511.349,Q2,Working,FALSE
1823,45304,16-126769,6/13/2016 8:10:00 AM,2016,6,13,8,10,Monday,539651.4634,4809066.788,-80.510075,43.433456,Private Drive,2,P.D. only,On roadway,Intersection,Daylight,Municipal,Sign Control,Functioning,FALSE,FALSE,FALSE,Clear,FALSE,QUEENS BLVD ; WESTMOUNT RD W; Near,3/4/2020 10:10:59 AM,539651.4634,4809066.788,Q2,Working,FALSE
1824,45305,16-126850,6/10/2016 10:00:00 PM,2016,6,10,22,0,Friday,546152.6186,4808997.19,-80.429757,43.432457,Non intersection,2,P.D. only,On roadway,SMV,Dark,Municipal,No control,Unknown,FALSE,FALSE,FALSE,Clear,FALSE,THALER AVE ; FAIRWAY RD N; Near,3/4/2020 10:10:59 AM,546152.6186,4808997.19,Q2,Weekend,FALSE
1825,45306,16-126959,6/13/2016 12:53:00 PM,2016,6,13,12,53,Monday,540517.1942,4811538.047,-80.499195,43.455661,Intersection,2,P.D. only,On roadway,Rear end,Daylight,Municipal,Sign Control,Functioning,FALSE,FALSE,FALSE,Clear,FALSE,WELLINGTON ST N; WATERLOO ST; Near; 7 M,3/4/2020 10:10:58 AM,540517.1942,4811538.047,Q2,Working,FALSE
1826,45307,16-127078,5/14/2016 7:00:00 AM,2016,5,14,7,0,Saturday,541710.2216,4810678.711,-80.484515,43.447858,Intersection,1,Non-fatal injury,On roadway,Rear end,Daylight,Regional,Sign Control,Functioning,FALSE,FALSE,FALSE,Clear,FALSE,EBY ST N; KING ST E,3/4/2020 10:10:57 AM,541710.2216,4810678.711,Q2,Weekend,FALSE
1827,45308,16-127113,6/13/2016 4:03:00 PM,2016,6,13,16,3,Monday,542405.6431,4806619.872,-80.476236,43.411273,Intersection,2,P.D. only,On roadway,Rear end,Daylight,Municipal,Sign Control,Functioning,FALSE,FALSE,FALSE,Clear,FALSE,STRASBURG RD; OLD COUNTRY DR; 15 M,3/4/2020 10:10:56 AM,542405.6431,4806619.872,Q2,Working,FALSE
1828,45309,16-127162,6/13/2016 5:28:00 PM,2016,6,13,17,28,Monday,545234.4869,4808099.143,-80.441175,43.424427,Intersection,2,P.D. only,On roadway,Intersection,Daylight,Regional,Sign Control,Functioning,FALSE,TRUE,FALSE,Clear,FALSE,GREENFIELD AVE; KINGSWAY DR,3/4/2020 10:10:55 AM,545234.4869,4808099.143,Q2,Working,FALSE
1829,45310,16-127566,6/13/2016 4:45:00 AM,2016,6,13,4,45,Monday,541486.6798,4806488.218,-80.487596,43.410139,Private Drive,2,P.D. only,On roadway,SMV,Daylight,Municipal,No control,Unknown,FALSE,FALSE,FALSE,Clear,FALSE,ERINBROOK DR ; ERINBROOK CRT; Near; 1 M,3/4/2020 10:10:55 AM,541486.6798,4806488.219,Q2,Working,FALSE
1830,45311,16-127579,6/13/2016 3:30:00 PM,2016,6,13,15,30,Monday,541266.8309,4810554.037,-80.490004,43.44676,Intersection,2,P.D. only,On roadway,Intersection,Daylight,Municipal,Sign Control,Functioning,FALSE,FALSE,FALSE,Clear,FALSE,ST GEORGE ST; BENTON ST,3/4/2020 10:10:54 AM,541266.8309,4810554.037,Q2,Working,FALSE
1831,45312,16-127637,6/14/2016 10:00:00 AM,2016,6,14,10,0,Tuesday,541424.5878,4811533.901,-80.48798,43.455574,Intersection,2,P.D. only,On roadway,Intersection,Daylight,Municipal,Sign Control,Functioning,FALSE,FALSE,FALSE,Clear,FALSE,MARGARET AVE; MAYNARD AVE,3/4/2020 10:10:53 AM,541424.5878,4811533.901,Q2,Working,FALSE
1832,45313,16-127912,6/14/2016 1:55:00 PM,2016,6,14,13,55,Tuesday,539005.6684,4811599.653,-80.517873,43.456296,Private Drive,2,Non-reportable,On roadway,SMV,Daylight,Municipal,No control,Unknown,FALSE,FALSE,FALSE,Clear,FALSE,YORK ST; YORK ST; Near,3/4/2020 10:10:53 AM,539005.6684,4811599.653,Q2,Working,FALSE
1833,45314,16-127950,6/14/2016 11:15:00 AM,2016,6,14,11,15,Tuesday,546423.1842,4809328.124,-80.426386,43.43542,Intersection,2,P.D. only,On roadway,SMV,Daylight,Municipal,Sign Control,Functioning,FALSE,FALSE,FALSE,Clear,FALSE,SCENIC DR; NORTH HILL PL ; Near,3/4/2020 10:10:52 AM,546423.1842,4809328.124,Q2,Working,FALSE
1834,45315,16-128693,6/13/2016 2:40:00 PM,2016,6,13,14,40,Monday,539397.774,4805925.4,-80.513436,43.405184,Private Drive,1,Non-fatal injury,On roadway,Intersection,Daylight,Municipal,No control,Unknown,FALSE,FALSE,FALSE,Clear,FALSE,MOUNTAIN LAUREL CRES; 61 MOUNTAIN LAUREL CR,3/4/2020 10:10:51 AM,539397.774,4805925.4,Q2,Working,FALSE
1835,45316,16-129382,6/16/2016 10:17:00 AM,2016,6,16,10,17,Thursday,544885.0991,4804849.816,-80.445758,43.395191,Intersection,2,P.D. only,On roadway,Intersection,Daylight,Municipal,Signal Control,Functioning,FALSE,FALSE,FALSE,Clear,FALSE,DOON VILLAGE RD; PIONEER DR,3/4/2020 10:10:51 AM,544885.0991,4804849.816,Q2,Weekend,FALSE
1836,45317,16-129589,6/16/2016 2:12:00 PM,2016,6,16,14,12,Thursday,540916.7347,4811094.327,-80.49429,43.451644,Other,2,P.D. only,Off roadway,SMV,Daylight,Regional,No control,Unknown,FALSE,FALSE,FALSE,Clear,FALSE,KING ST W; WATER ST S; Near; 44 M,3/4/2020 10:10:50 AM,540916.7347,4811094.327,Q2,Weekend,FALSE
1837,45318,16-129614,6/16/2016 6:00:00 AM,2016,6,16,6,0,Thursday,541652.0509,4803922.184,-80.485749,43.387025,Non intersection,2,P.D. only,On roadway,SMV,Daylight,Municipal,No control,Unknown,FALSE,FALSE,FALSE,Clear,FALSE,SOPHIA CRES; SOPHIA CRES ; Near,3/4/2020 10:10:49 AM,541652.0509,4803922.184,Q2,Weekend,FALSE
1838,45319,16-129654,6/16/2016 3:55:00 PM,2016,6,16,15,55,Thursday,543239.8029,4807370.718,-80.465874,43.417986,Non intersection,1,Non-fatal injury,On roadway,Other,Daylight,Municipal,No control,Unknown,FALSE,FALSE,FALSE,Clear,FALSE,FALLOWFIELD DR; BRITTON PL ; 25 M,3/4/2020 10:10:49 AM,543239.8029,4807370.718,Q2,Weekend,FALSE
1839,45320,16-130439,6/17/2016 12:40:00 PM,2016,6,17,12,40,Friday,546526.0771,4812349.182,-80.424857,43.462615,Private Drive,2,P.D. only,On roadway,Other,Daylight,Municipal,No control,Unknown,FALSE,FALSE,FALSE,Clear,FALSE,MISTY ST; MISTY ST ; Near,3/4/2020 10:10:48 AM,546526.0771,4812349.182,Q2,Weekend,FALSE
1840,45321,16-130563,6/17/2016 3:45:00 PM,2016,6,17,15,45,Friday,542119.8816,4808868.625,-80.479592,43.431537,Private Drive,2,Non-reportable,On roadway,Intersection,Daylight,Regional,No control,Unknown,FALSE,FALSE,FALSE,Clear,FALSE,HOFFMAN ST; OTTAWA ST S; Near,3/4/2020 10:10:47 AM,542119.8816,4808868.625,Q2,Weekend,FALSE
1841,45322,16-130647,6/17/2016 4:50:00 PM,2016,6,17,16,50,Friday,541068,4811108,0,0,Non intersection,1,Non-fatal injury,On roadway,Other,Daylight,Municipal,No control,Unknown,FALSE,FALSE,FALSE,Clear,FALSE,VALLEYSCAPE DR; GEORGE AYRES DR; Near,3/4/2020 10:10:47 AM,541068,4811108,Q2,Weekend,FALSE
1842,45323,16-131092,6/18/2016 8:30:00 AM,2016,6,18,8,30,Saturday,543947.8369,4804885.855,-80.457328,43.395571,Private Drive,2,P.D. only,On roadway,SMV,Daylight,Municipal,No control,Unknown,FALSE,FALSE,FALSE,Clear,FALSE,MAXWELL DR; MAXWELL DR ; Near; 1 M,3/4/2020 10:10:46 AM,543947.8369,4804885.855,Q2,Weekend,FALSE
1843,45324,16-131285,6/18/2016 1:15:00 PM,2016,6,18,13,15,Saturday,536262.0922,4809689.308,-80.551911,43.439233,Private Drive,2,P.D. only,On roadway,Other,Daylight,Municipal,No control,Unknown,FALSE,FALSE,FALSE,Clear,FALSE,COUNTRYSTONE PL; COUNTRYSTONE PL ; At; 5 M,3/4/2020 10:10:45 AM,536262.0922,4809689.309,Q2,Weekend,FALSE
1844,45325,16-131426,6/18/2016 1:15:00 PM,2016,6,18,13,15,Saturday,539058.7668,4806885.878,-80.517554,43.41385,Private Drive,1,Non-fatal injury,On roadway,Intersection,Daylight,Municipal,Sign Control,Functioning,FALSE,FALSE,FALSE,Clear,FALSE,INTERNATIONAL PL; WAKE ROBIN DR; Near,3/4/2020 10:10:45 AM,539058.7668,4806885.878,Q2,Weekend,FALSE
1845,45326,16-131632,6/18/2016 10:04:00 PM,2016,6,18,22,4,Saturday,539565.2217,4806230.351,-80.511346,43.407921,Non intersection,2,P.D. only,Off roadway,SMV,Dark,Municipal,No control,Unknown,FALSE,FALSE,FALSE,Clear,FALSE,ACTIVA AVE ; COPPER LEAF ST ; 20 M,3/4/2020 10:10:44 AM,539565.2217,4806230.351,Q2,Weekend,FALSE
1846,45327,16-132098,6/17/2016 7:00:00 PM,2016,6,17,19,0,Friday,546132.1693,4809513.712,-80.429966,43.437109,Non intersection,2,P.D. only,On roadway,SMV,Daylight,Municipal,No control,Unknown,FALSE,FALSE,FALSE,Clear,FALSE,VERONICA DR; VERONICA DR ; At,3/4/2020 10:10:43 AM,546132.1693,4809513.712,Q2,Weekend,FALSE
1847,45328,16-132192,6/19/2016 2:20:00 PM,2016,6,19,14,20,Sunday,537139.8018,4808475.643,-80.541148,43.428262,Private Drive,2,P.D. only,On roadway,Other,Daylight,Municipal,No control,Unknown,FALSE,FALSE,FALSE,Clear,FALSE,HIDDEN CREEK DR ; HIDDEN CREEK DR ; Near,3/4/2020 10:10:43 AM,537139.8018,4808475.643,Q2,Weekend,FALSE
1848,45329,16-133019,6/20/2016 3:00:00 PM,2016,6,20,15,0,Monday,549709.4433,4805904.469,-80.386094,43.404383,Private Drive,2,P.D. only,On roadway,Intersection,Daylight,Municipal,No control,Unknown,FALSE,FALSE,FALSE,Clear,FALSE,GATEWAY PARK DR ; KING ST E; At; 5 M,3/4/2020 10:10:42 AM,549709.4433,4805904.469,Q2,Working,FALSE
1849,45330,16-133084,6/20/2016 4:08:00 PM,2016,6,20,16,8,Monday,543139.213,4806845.199,-80.467158,43.41326,Private Drive,2,P.D. only,On roadway,Other,Daylight,Municipal,No control,Unknown,FALSE,FALSE,FALSE,Clear,FALSE,COUNTRY HILL DR; COUNTRY HILL DR ; Near; 4 M,3/4/2020 10:10:41 AM,543139.2129,4806845.199,Q2,Working,FALSE
1850,45331,16-133600,6/20/2016 1:45:00 PM,2016,6,20,13,45,Monday,540480.5158,4811017.282,-80.499687,43.450974,Non intersection,2,P.D. only,On roadway,Intersection,Daylight,Municipal,No control,Unknown,FALSE,FALSE,FALSE,Clear,FALSE,JOSEPH ST ; VICTORIA ST S; At,3/4/2020 10:10:41 AM,540480.5158,4811017.282,Q2,Working,FALSE
1851,45332,16-133967,6/21/2016 4:45:00 PM,2016,6,21,16,45,Tuesday,541113.2219,4811009.339,-80.491868,43.450868,Non intersection,1,Non-fatal injury,On roadway,SMV,Daylight,Regional,Sign Control,Functioning,TRUE,FALSE,FALSE,Clear,FALSE,KING ST W;  KING ST W; 6 M,3/4/2020 10:10:39 AM,541113.2219,4811009.339,Q2,Working,FALSE
1852,45333,16-134086,6/21/2016 11:20:00 AM,2016,6,21,11,20,Tuesday,539210.8826,4811175.924,-80.515367,43.45247,Intersection,2,P.D. only,On roadway,Rear end,Daylight,Municipal,Sign Control,Functioning,FALSE,FALSE,FALSE,Clear,FALSE,GLASGOW ST; EDEN AVE,3/4/2020 10:10:39 AM,539210.8826,4811175.924,Q2,Working,FALSE
1853,45334,16-134169,6/21/2016 9:04:00 PM,2016,6,21,21,4,Tuesday,544561.2233,4811737.94,-80.449195,43.457231,Intersection,2,P.D. only,On roadway,Rear end,Daylight,Municipal,Signal Control,Functioning,FALSE,FALSE,FALSE,Clear,FALSE,RIVER RD E; LORRAINE AVE,3/4/2020 10:10:38 AM,544561.2233,4811737.94,Q2,Working,FALSE
1854,45335,16-134796,6/22/2016 3:10:00 PM,2016,6,22,15,10,Wednesday,542583.0923,4810125.195,-80.473771,43.442825,Intersection,2,P.D. only,On roadway,Intersection,Daylight,Regional,Signal Control,Functioning,FALSE,FALSE,FALSE,Clear,FALSE,KING ST E; BORDEN AVE N; At,3/4/2020 10:10:37 AM,542583.0923,4810125.195,Q2,Working,FALSE
1855,45336,16-134947,6/22/2016 6:30:00 PM,2016,6,22,18,30,Wednesday,545589.5447,4805459.708,-80.437009,43.40064,Non intersection,2,P.D. only,On roadway,Rear end,Daylight,Regional,Sign Control,Functioning,FALSE,FALSE,FALSE,Clear,FALSE,HURON RD; HURON RD ; At; 3 M,3/4/2020 10:10:37 AM,545589.5447,4805459.708,Q2,Working,FALSE
1856,45337,16-135735,6/23/2016 6:30:00 AM,2016,6,23,6,30,Thursday,543654.3038,4808296.64,-80.46068,43.426299,Non intersection,2,P.D. only,On roadway,SMV,Daylight,Municipal,No control,Unknown,FALSE,FALSE,FALSE,Clear,FALSE,MASSEY AVE; VANIER DR ; 25 M,3/4/2020 10:10:36 AM,543654.3038,4808296.64,Q2,Weekend,FALSE
1857,45338,16-136302,6/24/2016 9:15:00 AM,2016,6,24,9,15,Friday,546196.32,4804372.431,-80.429608,43.390813,Private Drive,2,P.D. only,On roadway,SMV,Daylight,Regional,No control,Unknown,FALSE,FALSE,FALSE,Clear,FALSE,OLD CARRIAGE DR; OLD CARRIAGE DR ; Near,3/4/2020 10:10:35 AM,546196.32,4804372.431,Q2,Weekend,FALSE
1858,45339,16-136477,6/24/2016 3:09:00 PM,2016,6,24,15,9,Friday,542446.494,4807282.275,-80.47568,43.417235,Intersection,1,Non-fatal injury,On roadway,Intersection,Daylight,Municipal,Sign Control,Functioning,FALSE,FALSE,FALSE,Clear,FALSE,BLOCK LINE RD ; COUNTRY HILL DR,3/4/2020 10:10:35 AM,542446.494,4807282.275,Q2,Weekend,FALSE
1859,45340,16-136536,6/24/2016 4:16:00 PM,2016,6,24,16,16,Friday,545158.1651,4807238.347,-80.442189,43.416681,Intersection,2,P.D. only,On roadway,Intersection,Daylight,Municipal,Sign Control,Functioning,FALSE,FALSE,FALSE,Clear,FALSE,WILSON AVE; WEBSTER RD,3/4/2020 10:10:34 AM,545158.1651,4807238.347,Q2,Weekend,FALSE
1860,45341,16-136540,6/24/2016 4:20:00 PM,2016,6,24,16,20,Friday,543262.9839,4808679.392,-80.465484,43.429768,Private Drive,2,P.D. only,On roadway,Intersection,Daylight,Municipal,No control,Unknown,FALSE,FALSE,FALSE,Clear,FALSE,VANIER DR; VANIER DR ; At; 8 M,3/4/2020 10:10:33 AM,543262.9839,4808679.392,Q2,Weekend,FALSE
1861,45342,16-136546,6/24/2016 4:30:00 PM,2016,6,24,16,30,Friday,544511.0801,4811759.71,-80.449813,43.45743,Non intersection,2,P.D. only,On roadway,Rear end,Daylight,Regional,No control,Unknown,FALSE,FALSE,FALSE,Clear,FALSE,RIVER RD E; LORRAINE AVE; Near; 135 M,3/4/2020 10:10:33 AM,544511.0801,4811759.71,Q2,Weekend,FALSE
1862,45343,16-137376,6/25/2016 3:51:00 PM,2016,6,25,15,51,Saturday,539111.8957,4811655.688,-80.516556,43.456795,Intersection,2,P.D. only,On roadway,Intersection,Daylight,Municipal,Signal Control,Functioning,FALSE,FALSE,FALSE,Clear,FALSE,UNION BLVD; PARK ST,3/4/2020 10:10:32 AM,539111.8957,4811655.688,Q2,Weekend,FALSE
1863,45344,16-137381,6/25/2016 4:00:00 PM,2016,6,25,16,0,Saturday,537733.0313,4807433.303,-80.533891,43.418847,Intersection,2,P.D. only,On roadway,Intersection,Daylight,Municipal,Sign Control,Functioning,FALSE,FALSE,FALSE,Clear,FALSE,WESTHEIGHTS DR; LORILEE CRES; Near; 2 M,3/4/2020 10:10:31 AM,537733.0313,4807433.303,Q2,Weekend,FALSE
1864,45345,16-138123,6/26/2016 1:10:00 PM,2016,6,26,13,10,Sunday,540806.5451,4810878.422,-80.495668,43.449706,Intersection,2,P.D. only,On roadway,Other,Daylight,Regional,Signal Control,Functioning,FALSE,FALSE,FALSE,Clear,FALSE,WATER ST S; JOSEPH ST,3/4/2020 10:10:31 AM,540806.5451,4810878.422,Q2,Weekend,FALSE
1865,45346,16-138231,6/26/2016 2:40:00 PM,2016,6,26,14,40,Sunday,540654.1358,4810939.917,-80.497547,43.450268,Intersection,2,P.D. only,On roadway,Rear end,Daylight,Municipal,Sign Control,Functioning,FALSE,FALSE,FALSE,Clear,FALSE,JOSEPH ST; FRANCIS ST S,3/4/2020 10:10:30 AM,540654.1358,4810939.917,Q2,Weekend,FALSE
1866,45347,16-138304,6/26/2016 6:15:00 PM,2016,6,26,18,15,Sunday,544544.7034,4812131.88,-80.449367,43.460779,Non intersection,1,Non-fatal injury,Off roadway,SMV,Daylight,Municipal,No control,Unknown,FALSE,FALSE,FALSE,Clear,FALSE,CARSON DR; CONFEDERATION DR ; Near; 52 M,3/4/2020 10:10:29 AM,544544.7034,4812131.88,Q2,Weekend,FALSE
1867,45348,16-138770,6/27/2016 12:18:00 PM,2016,6,27,12,18,Monday,545621.2929,4804248.243,-80.436718,43.38973,Non intersection,1,Non-fatal injury,Off roadway,SMV,Daylight,Municipal,No control,Unknown,FALSE,FALSE,FALSE,Clear,FALSE,DOON VILLAGE RD ; DOON VILLAGE RD; Near; 42 M,3/4/2020 10:10:29 AM,545621.2929,4804248.243,Q2,Working,FALSE
1868,45349,16-138942,6/24/2016 11:45:00 PM,2016,6,24,23,45,Friday,544757.0758,4808022.103,-80.447079,43.423762,Intersection,2,P.D. only,On roadway,Rear end,Dark,Municipal,Signal Control,Functioning,FALSE,FALSE,FALSE,Clear,FALSE,TRAYNOR AVE; WILSON AVE; Near,3/4/2020 10:10:28 AM,544757.0758,4808022.103,Q2,Weekend,FALSE
1869,45350,16-139575,6/28/2016 12:45:00 PM,2016,6,28,12,45,Tuesday,540929.8856,4811193.807,-80.49412,43.452539,Non intersection,2,P.D. only,On roadway,Intersection,Daylight,Municipal,No control,Unknown,FALSE,FALSE,FALSE,Clear,FALSE,WATER ST N; DUKE ST W; Near; 25 M,3/4/2020 10:10:27 AM,540929.8856,4811193.807,Q2,Working,FALSE
1870,45351,16-140303,6/29/2016 10:57:00 AM,2016,6,29,10,57,Wednesday,542314.9442,4810287.434,-80.477072,43.444301,Private Drive,2,P.D. only,Off roadway,SMV,Daylight,Municipal,No control,Unknown,FALSE,FALSE,FALSE,Clear,FALSE,STIRLING AVE S; KING ST E; Near; 10 M,3/4/2020 10:10:27 AM,542314.9442,4810287.434,Q2,Working,FALSE
1871,45352,16-140384,6/27/2016 6:30:00 PM,2016,6,27,18,30,Monday,543819.1143,4811546.268,-80.458383,43.455549,Private Drive,2,P.D. only,On roadway,SMV,Daylight,Municipal,No control,Unknown,FALSE,FALSE,FALSE,Clear,FALSE,CHELSEA RD; CHELSEA RD; Near,3/4/2020 10:10:26 AM,543819.1143,4811546.268,Q2,Working,FALSE
1872,45353,16-140686,6/28/2016 12:00:00 PM,2016,6,28,12,0,Tuesday,540312.0861,4808114.914,-80.501983,43.42485,Private Drive,2,P.D. only,On roadway,SMV,Daylight,Municipal,No control,Unknown,FALSE,FALSE,FALSE,Clear,FALSE,GILMOUR CRES; GILMOUR CRES ; At,3/4/2020 10:10:25 AM,540312.0861,4808114.914,Q2,Working,FALSE
1873,45354,16-140703,6/29/2016 7:19:00 PM,2016,6,29,19,19,Wednesday,545828.3983,4802898.697,-80.434274,43.377566,Private Drive,1,Non-fatal injury,On roadway,SMV,Daylight,Municipal,No control,Unknown,TRUE,FALSE,FALSE,Clear,FALSE,STEEPLERIDGE ST; DOON SOUTH DR ; Near; 33 M,3/4/2020 10:10:25 AM,545828.3983,4802898.697,Q2,Working,FALSE
1874,45355,16-141117,6/30/2016 7:50:00 AM,2016,6,30,7,50,Thursday,539315.8587,4810615.011,-80.51411,43.447414,Intersection,2,P.D. only,On roadway,Other,Daylight,Municipal,Signal Control,Functioning,FALSE,FALSE,FALSE,Clear,FALSE,GAGE AVE; BELMONT AVE W; At,3/4/2020 10:10:24 AM,539315.8587,4810615.011,Q2,Weekend,FALSE
1875,45356,16-141196,6/30/2016 8:00:00 AM,2016,6,30,8,0,Thursday,547671.336,4804528.393,-80.411383,43.392125,Private Drive,2,P.D. only,On roadway,SMV,Daylight,Municipal,No control,Unknown,FALSE,FALSE,FALSE,Clear,FALSE,AMHERST DR; AMHERST DR ; Near,3/4/2020 10:10:23 AM,547671.336,4804528.393,Q2,Weekend,FALSE
1876,45357,16-141269,6/30/2016 1:30:00 PM,2016,6,30,13,30,Thursday,549387.8714,4806025.04,-80.390054,43.40549,Private Drive,2,P.D. only,On roadway,Intersection,Daylight,Regional,No control,Unknown,FALSE,FALSE,FALSE,Clear,FALSE,TU LANE ST ; KING ST E ; Near,3/4/2020 10:10:22 AM,549387.8714,4806025.04,Q2,Weekend,FALSE
1877,45358,16-141447,6/30/2016 5:40:00 PM,2016,6,30,17,40,Thursday,545021.2847,4810903.98,-80.443577,43.449695,Private Drive,2,P.D. only,On roadway,Intersection,Daylight,Regional,Sign Control,Functioning,FALSE,FALSE,FALSE,Clear,FALSE,RIVER RD E; OTTAWA ST N; At; 4 M,3/4/2020 10:10:22 AM,545021.2847,4810903.98,Q2,Weekend,FALSE
1878,45359,16-142932,7/2/2016 11:28:00 AM,2016,7,2,11,28,Saturday,540870.7278,4810266.528,-80.494921,43.444193,Non intersection,2,P.D. only,On roadway,Rear end,Daylight,Municipal,No control,Unknown,FALSE,FALSE,FALSE,Clear,FALSE,QUEEN ST S; MILL ST; Near; 1 K,3/4/2020 10:10:21 AM,540870.7278,4810266.528,Q3,Weekend,FALSE
1879,45360,16-143143,7/2/2016 7:01:00 PM,2016,7,2,19,1,Saturday,539060.1107,4809757.467,-80.517332,43.439706,Private Drive,2,P.D. only,On roadway,Intersection,Daylight,Municipal,No control,Unknown,FALSE,FALSE,FALSE,Clear,FALSE,PAULANDER DR; PAULANDER DR ; At; 2 M,3/4/2020 10:10:20 AM,539060.1107,4809757.467,Q3,Weekend,FALSE
1880,45361,16-143701,7/2/2016 11:00:00 PM,2016,7,2,23,0,Saturday,545630.4831,4807956.429,-80.436295,43.423118,Private Drive,2,P.D. only,Off roadway,Intersection,Daylight,Other,Sign Control,Functioning,FALSE,FALSE,FALSE,Clear,FALSE,WILSON AVE ; FAIRWAY RD S; At; 1 M,3/4/2020 10:10:20 AM,545630.4831,4807956.429,Q3,Weekend,FALSE
1881,45362,16-144320,6/29/2016 5:30:00 PM,2016,6,29,17,30,Wednesday,540576.3793,4807240.007,-80.498783,43.416958,Non intersection,2,P.D. only,On roadway,SMV,Daylight,Municipal,No control,Unknown,FALSE,FALSE,FALSE,Clear,FALSE,DARCY PL; DARCY PL; Near,3/4/2020 10:10:19 AM,540576.3793,4807240.007,Q2,Working,FALSE
1882,45363,16-144364,7/4/2016 8:00:00 AM,2016,7,4,8,0,Monday,541180.2969,4809393.251,-80.491161,43.436313,Non intersection,2,P.D. only,Other,SMV,Daylight,Regional,No control,Unknown,FALSE,FALSE,FALSE,Clear,FALSE,HIGHLAND RD E; STIRLING AVE S; Near,3/4/2020 10:10:18 AM,541180.2969,4809393.251,Q3,Working,FALSE