,OBJECTID,ACCIDENTNUM,ACCIDENTDATE,ACCIDENT_YEAR,ACCIDENT_MONTH,ACCIDENT_DAY,ACCIDENT_HOUR,ACCIDENT_MINUTE,Accident_Day,XCOORD,YCOORD,LONGITUDE,LATITUDE,Accident_Location,COLLISIONTYPE,Accident_Type,Impact_Location,Impact_Type,Light,Road_Jurisdication,Traffic_Control,Traffic_Control_Condition,Pedestrian_Involved,Cyclist_Involved,Motorcyclist_Involved,Environment_Condition,Self_Reported,XMLIMPORTNOTES,LASTEDITEDDATE,x,y,Quarter,Day_Type,Vulnerable_Involved
1883,45364,16-144395,7/4/2016 11:45:00 AM,2016,7,4,11,45,Monday,542932.5961,4807443.056,-80.469663,43.418655,Private Drive,2,P.D. only,On roadway,Intersection,Daylight,Regional,No control,Unknown,FALSE,FALSE,FALSE,Clear,FALSE,BLOCK LINE RD ; BLOCK LINE RD ; At; 2 M,3/4/2020 10:10:18 AM,542932.5961,4807443.057,Q3,Working,FALSE
1884,45365,16-144570,7/3/2016 3:30:00 PM,2016,7,3,15,30,Sunday,541555.7184,4811458.298,-80.486365,43.454886,Non intersection,2,P.D. only,Off roadway,SMV,Daylight,Municipal,No control,Unknown,FALSE,FALSE,FALSE,Clear,FALSE,MARGARET AVE; MARGARET AVE ; Near; 1 M,3/4/2020 10:10:17 AM,541555.7184,4811458.298,Q3,Weekend,FALSE
1885,45366,16-144601,7/3/2016 12:30:00 PM,2016,7,3,12,30,Sunday,540887.6608,4810525.072,-80.494692,43.44652,Non intersection,2,P.D. only,On roadway,SMV,Daylight,Municipal,No control,Unknown,FALSE,FALSE,FALSE,Clear,FALSE,DAVID ST; HILDA PL; Near,3/4/2020 10:10:16 AM,540887.6608,4810525.072,Q3,Weekend,FALSE
1886,45367,16-145083,7/5/2016 9:38:00 AM,2016,7,5,9,38,Tuesday,541466.2487,4810561.591,-80.487539,43.446817,Private Drive,2,P.D. only,On roadway,SMV,Daylight,Municipal,No control,Unknown,FALSE,FALSE,FALSE,Clear,FALSE,CHURCH STREET; CHURCH ST ; Near; 1 M,3/4/2020 10:10:16 AM,541466.2487,4810561.591,Q3,Working,FALSE
1887,45368,16-145475,7/5/2016 7:00:00 PM,2016,7,5,19,0,Tuesday,544266.9062,4808074.4,-80.45313,43.424262,Non intersection,2,P.D. only,Off roadway,SMV,Daylight,Municipal,No control,Unknown,FALSE,FALSE,FALSE,Clear,FALSE,MAYWOOD RD; MAYWOOD RD ; At; 3 M,3/4/2020 10:10:15 AM,544266.9062,4808074.4,Q3,Working,FALSE
1888,45369,16-145483,7/5/2016 7:26:00 PM,2016,7,5,19,26,Tuesday,541191.64,4808942.31,-80.491055,43.432252,Intersection,2,P.D. only,On roadway,Intersection,Daylight,Municipal,No control,Unknown,FALSE,FALSE,FALSE,Clear,FALSE,HEIMAN ST; LORNE AVE,3/4/2020 10:10:14 AM,541191.64,4808942.31,Q3,Working,FALSE
1889,45370,16-146012,7/6/2016 1:20:00 PM,2016,7,6,13,20,Wednesday,545363.6835,4811022.388,-80.439336,43.45074,Intersection,2,P.D. only,On roadway,SMV,Daylight,Municipal,Sign Control,Functioning,FALSE,FALSE,FALSE,Clear,FALSE,HOLBORN DR; OLD CHICOPEE DR,3/4/2020 10:10:13 AM,545363.6835,4811022.388,Q3,Working,FALSE
1890,45371,16-146596,7/7/2016 8:02:00 AM,2016,7,7,8,2,Thursday,542395.0756,4808250.182,-80.47624,43.425953,Non intersection,2,P.D. only,Off roadway,SMV,Daylight,Municipal,No control,Unknown,FALSE,FALSE,FALSE,Clear,FALSE,ARDELT AVE; ARDELT AVE ; At; 2 M,3/4/2020 10:10:13 AM,542395.0756,4808250.182,Q3,Weekend,FALSE
1891,45372,16-147129,7/7/2016 6:20:00 PM,2016,7,7,18,20,Thursday,542840.5935,4810354.281,-80.470571,43.444873,Private Drive,2,P.D. only,Off roadway,SMV,Daylight,Regional,No control,Unknown,FALSE,FALSE,FALSE,Clear,FALSE,ONWARD AVE ; ONWARD AVE ; At; 1 M,3/4/2020 10:10:12 AM,542840.5935,4810354.281,Q3,Weekend,FALSE
1892,45373,16-147473,7/8/2016 6:05:00 AM,2016,7,8,6,5,Friday,543095.366,4805507.855,-80.467805,43.401221,Private Drive,2,P.D. only,On roadway,Intersection,Daylight,Municipal,No control,Unknown,FALSE,FALSE,FALSE,Rain,FALSE,TRILLIUM DR; TRILLIUM DR ; Near; 0 M,3/4/2020 10:10:11 AM,543095.3659,4805507.855,Q3,Weekend,FALSE
1893,45374,16-147571,7/7/2016 5:00:00 PM,2016,7,7,17,0,Thursday,537923.941,4808942.239,-80.531428,43.432424,Non intersection,2,P.D. only,On roadway,SMV,Dark,Municipal,No control,Unknown,FALSE,FALSE,FALSE,Clear,FALSE,OPRINGTON CRT; OPRINGTON CT; At; 1 M,3/4/2020 10:10:11 AM,537923.941,4808942.239,Q3,Weekend,FALSE
1894,45375,16-147585,7/8/2016 10:07:00 AM,2016,7,8,10,7,Friday,542089.4836,4810431.1,-80.479847,43.445607,Intersection,2,P.D. only,On roadway,Intersection,Daylight,Regional,Sign Control,Functioning,FALSE,FALSE,FALSE,Clear,FALSE,KING ST E; BETZNER AVE N,3/4/2020 10:10:10 AM,542089.4836,4810431.1,Q3,Weekend,FALSE
1895,45376,16-147715,7/8/2016 12:59:00 PM,2016,7,8,12,59,Friday,542156.4445,4810710.252,-80.478998,43.448117,Non intersection,2,P.D. only,On roadway,SMV,Daylight,Regional,No control,Unknown,FALSE,FALSE,FALSE,Clear,FALSE,CAMERON ST N; WEBER ST E; 10 M,3/4/2020 10:10:09 AM,542156.4445,4810710.252,Q3,Weekend,FALSE
1896,45377,16-147750,7/8/2016 12:30:00 PM,2016,7,8,12,30,Friday,542583.0867,4810126.084,-80.473771,43.442833,Intersection,2,P.D. only,On roadway,Rear end,Daylight,Regional,Signal Control,Functioning,FALSE,FALSE,FALSE,Clear,FALSE,KING ST E; BORDEN AVE N; Near,3/4/2020 10:10:09 AM,542583.0867,4810126.084,Q3,Weekend,FALSE
1897,45378,16-147824,7/8/2016 3:29:00 PM,2016,7,8,15,29,Friday,541139.1456,4810792.039,-80.491564,43.44891,Private Drive,2,P.D. only,Off roadway,SMV,Daylight,Municipal,No control,Unknown,FALSE,FALSE,FALSE,Clear,FALSE,ONTARIO ST S; ONTARIO ST S; At; 1 M,3/4/2020 10:10:08 AM,541139.1456,4810792.039,Q3,Weekend,FALSE
1898,45379,16-147959,7/8/2016 6:00:00 PM,2016,7,8,18,0,Friday,540218.6765,4805818.18,-80.503306,43.404175,Intersection,2,P.D. only,On roadway,Intersection,Daylight,Regional,Sign Control,Functioning,FALSE,FALSE,FALSE,Clear,FALSE,COMMONWEALTH ST; MAX BECKER DR,3/4/2020 10:10:07 AM,540218.6765,4805818.18,Q3,Weekend,FALSE
1899,45380,16-147980,7/8/2016 4:45:00 PM,2016,7,8,16,45,Friday,539452.1573,4811397.233,-80.512369,43.45445,Private Drive,2,P.D. only,On roadway,Intersection,Daylight,Municipal,No control,Unknown,FALSE,FALSE,FALSE,Clear,FALSE,GILDNER ST; GILDNER ST ; Near,3/4/2020 10:10:07 AM,539452.1573,4811397.233,Q3,Weekend,FALSE
1900,45381,16-148481,7/9/2016 9:00:00 AM,2016,7,9,9,0,Saturday,538263.4735,4806758.045,-80.527386,43.41274,Other,2,P.D. only,Off roadway,SMV,Daylight,Other,No control,Unknown,FALSE,FALSE,FALSE,Clear,FALSE,INDIGO ST; INDIGO ST,3/4/2020 10:10:06 AM,538263.4735,4806758.046,Q3,Weekend,FALSE
1901,45382,16-148508,7/8/2016 4:45:00 PM,2016,7,8,16,45,Friday,540140.725,4806085.927,-80.504249,43.40659,Private Drive,2,P.D. only,On roadway,Other,Daylight,Municipal,No control,Unknown,FALSE,FALSE,FALSE,Clear,FALSE,COTTON GRASS ST; COMMONWEALTH ST; Near,3/4/2020 10:10:05 AM,540140.725,4806085.927,Q3,Weekend,FALSE
1902,45383,16-148546,7/9/2016 12:30:00 PM,2016,7,9,12,30,Saturday,542445.0603,4811611.996,-80.475361,43.45622,Private Drive,2,P.D. only,On roadway,SMV,Daylight,Municipal,No control,Unknown,FALSE,FALSE,FALSE,Clear,FALSE,EAST AVE; EAST AVE ; Near,3/4/2020 10:10:05 AM,542445.0603,4811611.996,Q3,Weekend,FALSE
1903,45384,16-148917,7/9/2016 10:20:00 PM,2016,7,9,22,20,Saturday,536610.0936,4808583.807,-80.547685,43.429262,Non intersection,2,P.D. only,On roadway,SMV,Dark,Municipal,No control,Unknown,FALSE,FALSE,FALSE,Clear,FALSE,WESTMEADOW DR; WESTMEADOW DR ; Near; 2 M,3/4/2020 10:10:04 AM,536610.0936,4808583.808,Q3,Weekend,FALSE
1904,45385,16-149007,7/10/2016 12:04:00 AM,2016,7,10,0,4,Sunday,541903.7562,4810551.635,-80.482133,43.446703,Intersection,1,Non-fatal injury,On roadway,Intersection,Dark,Regional,Sign Control,Functioning,FALSE,FALSE,FALSE,Clear,FALSE,MADISON AVE N; KING ST E,3/4/2020 10:10:03 AM,541903.7562,4810551.635,Q3,Weekend,FALSE
1905,45386,16-149735,7/10/2016 10:00:00 PM,2016,7,10,22,0,Sunday,541759.1306,4809973.704,-80.483965,43.441507,Non intersection,2,P.D. only,On roadway,Intersection,Dark,Regional,No control,Unknown,FALSE,FALSE,FALSE,Clear,FALSE,STIRLING AVE S; COURTLAND AVE E; Near,3/4/2020 10:10:02 AM,541759.1306,4809973.704,Q3,Weekend,FALSE
1906,45387,16-149805,7/4/2016 12:15:00 AM,2016,7,4,0,15,Monday,540115.6982,4810837.514,-80.504209,43.449375,Other,2,P.D. only,On roadway,SMV,Dark,Municipal,Other,Functioning,FALSE,FALSE,FALSE,Clear,FALSE,PARK ST; CHERRY ST; Near; 100 M,3/4/2020 10:10:02 AM,540115.6982,4810837.514,Q3,Working,FALSE
1907,45388,16-149923,7/10/2016 7:30:00 PM,2016,7,10,19,30,Sunday,545624.2516,4810600.221,-80.436151,43.446923,Private Drive,2,P.D. only,On roadway,SMV,Dusk,Municipal,No control,Unknown,FALSE,FALSE,FALSE,Clear,FALSE,KENORA DR; KENORA DR ; At; 1 M,3/4/2020 10:10:01 AM,545624.2516,4810600.221,Q3,Weekend,FALSE
1908,45389,16-149965,7/11/2016 10:00:00 AM,2016,7,11,10,0,Monday,539372.8072,4806429.801,-80.513708,43.409727,Private Drive,1,Non-fatal injury,Other,SMV,Daylight,Municipal,No control,Unknown,TRUE,FALSE,FALSE,Clear,FALSE,PINE MARTIN CRES; PINE MARTIN CRES ; At; 1 M,3/4/2020 10:10:00 AM,539372.8072,4806429.801,Q3,Working,FALSE
1909,45390,16-150188,7/8/2016 8:45:00 PM,2016,7,8,20,45,Friday,547904.7387,4811314.849,-80.407906,43.453215,Non intersection,2,P.D. only,On roadway,SMV,Dark,Municipal,No control,Unknown,FALSE,FALSE,FALSE,Rain,FALSE,OLD ZELLER DR; OLD ZELLER DR ; Near,3/4/2020 10:09:59 AM,547904.7387,4811314.849,Q3,Weekend,FALSE
1910,45391,16-150436,7/11/2016 8:14:00 PM,2016,7,11,20,14,Monday,539517.3805,4805555.735,-80.511986,43.401849,Private Drive,2,P.D. only,On roadway,Other,Daylight,Municipal,No control,Unknown,FALSE,FALSE,FALSE,Clear,FALSE,PERIWINKLE ST; PERIWINKLE ST ; Near; 5 M,3/4/2020 10:09:58 AM,539517.3805,4805555.735,Q3,Working,FALSE
1911,45392,16-150763,7/12/2016 9:00:00 AM,2016,7,12,9,0,Tuesday,542843.6758,4803952.475,-80.471035,43.387231,Private Drive,2,P.D. only,On roadway,Other,Daylight,Municipal,No control,Unknown,FALSE,FALSE,FALSE,Clear,FALSE,TUDOR ST; TUDOR ST; At; 1 M,3/4/2020 10:04:31 AM,542843.6758,4803952.475,Q3,Working,FALSE
1912,45393,16-150866,7/12/2016 12:18:00 PM,2016,7,12,12,18,Tuesday,539296.029,4811574.216,-80.514286,43.456052,Intersection,2,P.D. only,On roadway,Intersection,Daylight,Municipal,Sign Control,Functioning,FALSE,FALSE,FALSE,Clear,FALSE,PARK ST; MT HOPE ST,3/4/2020 10:09:58 AM,539296.029,4811574.216,Q3,Working,FALSE
1913,45394,16-151084,7/12/2016 5:50:00 PM,2016,7,12,17,50,Tuesday,537403.2866,4808443.447,-80.537895,43.427959,Non intersection,2,P.D. only,On roadway,Intersection,Daylight,Municipal,No control,Unknown,FALSE,FALSE,FALSE,Clear,FALSE,BANKSIDE DR ; WESTFOREST TRAIL ; Near; 600 M,3/4/2020 10:09:57 AM,537403.2866,4808443.447,Q3,Working,FALSE
1914,45395,16-151128,7/11/2016 11:30:00 PM,2016,7,11,23,30,Monday,537855.3981,4809041.253,-80.532268,43.433319,Non intersection,2,P.D. only,On roadway,SMV,Dark,Municipal,No control,Unknown,FALSE,FALSE,FALSE,Clear,FALSE,OPRINGTON DR; OPRINGTON DR ; Near,3/4/2020 10:09:56 AM,537855.3981,4809041.253,Q3,Working,FALSE
1915,45396,16-151621,7/13/2016 11:48:00 AM,2016,7,13,11,48,Wednesday,540506.5472,4812367.057,-80.499265,43.463126,Intersection,2,P.D. only,On roadway,SMV,Daylight,Municipal,No control,Unknown,FALSE,FALSE,FALSE,Clear,FALSE,RAITAR AVE; ELLIS AVE; Near; 24 M,3/4/2020 10:09:56 AM,540506.5472,4812367.057,Q3,Working,FALSE
1916,45397,16-151798,7/13/2016 4:11:00 PM,2016,7,13,16,11,Wednesday,540807.5214,4810877.539,-80.495656,43.449698,Intersection,2,P.D. only,On roadway,SMV,Daylight,Municipal,Signal Control,Functioning,FALSE,FALSE,FALSE,Clear,FALSE,JOSEPH ST; WATER ST S; At,3/4/2020 10:09:55 AM,540807.5214,4810877.539,Q3,Working,FALSE
1917,45398,16-152014,7/13/2016 4:30:00 PM,2016,7,13,16,30,Wednesday,544799.8429,4809261.392,-80.446449,43.434918,Non intersection,2,P.D. only,On roadway,SMV,Daylight,Municipal,No control,Unknown,FALSE,FALSE,FALSE,Clear,FALSE,PINECREST DR; PINECREST DR ; Near; 3 M,3/4/2020 10:09:54 AM,544799.8429,4809261.392,Q3,Working,FALSE
1918,45399,16-152469,7/13/2016 10:00:00 PM,2016,7,13,22,0,Wednesday,547124.5085,4808316.434,-80.417808,43.426267,Private Drive,2,P.D. only,On roadway,SMV,Dark,Municipal,No control,Unknown,FALSE,FALSE,FALSE,Clear,FALSE,MANOR DR; MANOR DR ; At,3/4/2020 10:09:54 AM,547124.5085,4808316.434,Q3,Working,FALSE
1919,45400,16-152694,7/14/2016 6:30:00 PM,2016,7,14,18,30,Thursday,540789.0019,4809069.906,-80.49602,43.433423,Private Drive,2,P.D. only,On roadway,Intersection,Daylight,Municipal,No control,Unknown,FALSE,FALSE,FALSE,Clear,FALSE,STIRLING AVE S; STIRLING AVE S; At; 5 M,3/4/2020 10:09:53 AM,540789.0019,4809069.906,Q3,Weekend,FALSE
1920,45401,16-153178,7/13/2016 4:00:00 PM,2016,7,13,16,0,Wednesday,538544.5769,4807793.061,-80.523841,43.422045,Private Drive,2,P.D. only,On roadway,SMV,Daylight,Regional,No control,Unknown,FALSE,FALSE,FALSE,Clear,FALSE,RAMBLEWOOD WAY; RAMBLEWOOD WAY ; Near,3/4/2020 10:09:52 AM,538544.5769,4807793.061,Q3,Working,FALSE
1921,45402,16-153467,7/15/2016 5:47:00 PM,2016,7,15,17,47,Friday,539118.2475,4810240.363,-80.516579,43.444051,Private Drive,1,Non-fatal injury,Off roadway,Intersection,Daylight,Other,Sign Control,Functioning,FALSE,FALSE,FALSE,Clear,FALSE,LAWRENCE AVE; HIGHLAND RD W; Near; 50 M,3/4/2020 10:09:52 AM,539118.2475,4810240.363,Q3,Weekend,FALSE
1922,45403,16-153519,7/15/2016 7:10:00 PM,2016,7,15,19,10,Friday,545392.6142,4812373.103,-80.438866,43.4629,Private Drive,2,Non-reportable,On roadway,SMV,Daylight,Municipal,No control,Unknown,FALSE,FALSE,FALSE,Clear,FALSE,WIMBLETON CRES; WIMBLETON CRES ; At; 1 M,3/4/2020 10:09:51 AM,545392.6142,4812373.103,Q3,Weekend,FALSE
1923,45404,16-153563,7/15/2016 8:28:00 PM,2016,7,15,20,28,Friday,542468.7371,4806347.553,-80.475478,43.408817,Private Drive,2,P.D. only,Off roadway,SMV,Daylight,Municipal,No control,Unknown,FALSE,FALSE,FALSE,Clear,FALSE,STRASBURG RD; STRASBURG RD; At; 3 M,3/4/2020 10:09:50 AM,542468.7371,4806347.554,Q3,Weekend,FALSE
1924,45405,16-153572,7/15/2016 8:37:00 PM,2016,7,15,20,37,Friday,546453.1569,4803558.89,-80.426506,43.383472,Non intersection,2,P.D. only,Off roadway,SMV,Dusk,Municipal,No control,Unknown,FALSE,FALSE,FALSE,Clear,FALSE,DOON SOUTH DR; DOON SOUTH DR ; Near; 3 M,3/4/2020 10:09:49 AM,546453.1569,4803558.89,Q3,Weekend,FALSE
1925,45406,16-153998,7/16/2016 9:45:00 AM,2016,7,16,9,45,Saturday,538608.2525,4808562.629,-80.523,43.428971,Private Drive,2,P.D. only,On roadway,Other,Daylight,Regional,No control,Unknown,FALSE,FALSE,FALSE,Clear,FALSE,QUEENS BLVD; QUEENS BLVD ; Near,3/4/2020 10:09:48 AM,538608.2525,4808562.629,Q3,Weekend,FALSE
1926,45407,16-154177,7/16/2016 4:00:00 PM,2016,7,16,16,0,Saturday,542651.1308,4807350.313,-80.473147,43.417836,Intersection,2,P.D. only,On roadway,Rear end,Daylight,Municipal,Signal Control,Functioning,FALSE,FALSE,FALSE,Clear,FALSE,BLOCK LINE RD; KINGSWOOD DR; 5 M,3/4/2020 10:09:48 AM,542651.1308,4807350.313,Q3,Weekend,FALSE
1927,45408,16-154232,7/16/2016 5:22:00 PM,2016,7,16,17,22,Saturday,541084.654,4810890.773,-80.49223,43.449802,Private Drive,2,P.D. only,Off roadway,Intersection,Daylight,Municipal,No control,Unknown,FALSE,FALSE,FALSE,Clear,FALSE,ONTARIO ST S; CHARLES ST W; Near; 5 M,3/4/2020 10:09:46 AM,541084.654,4810890.773,Q3,Weekend,FALSE
1928,45409,16-154392,7/16/2016 9:08:00 PM,2016,7,16,21,8,Saturday,540923.3174,4810568.878,-80.494248,43.446912,Non intersection,2,P.D. only,On roadway,SMV,Daylight,Municipal,No control,Unknown,FALSE,FALSE,FALSE,Clear,FALSE,DAVID ST ; JUBILEE DR ; Near; 20 M,3/4/2020 10:09:46 AM,540923.3174,4810568.878,Q3,Weekend,FALSE
1929,45410,16-154864,7/15/2016 10:00:00 PM,2016,7,15,22,0,Friday,543328.8572,4810115.978,-80.464556,43.442699,Private Drive,2,P.D. only,Off roadway,SMV,Dark,Municipal,No control,Unknown,FALSE,FALSE,FALSE,Clear,FALSE,SHELDON AVE N; SHELDON AVE N; At; 1 M,3/4/2020 10:09:45 AM,543328.8572,4810115.978,Q3,Weekend,FALSE
1930,45411,16-154892,7/17/2016 1:06:00 PM,2016,7,17,13,6,Sunday,545598.816,4804028.729,-80.437014,43.387755,Intersection,1,Non-fatal injury,On roadway,Other,Daylight,Municipal,Sign Control,Functioning,FALSE,FALSE,FALSE,Clear,FALSE,APPLE RIDGE DR ; TILT DR ; Near,3/4/2020 10:09:44 AM,545598.816,4804028.73,Q3,Weekend,FALSE
1931,45412,16-155011,7/17/2016 4:21:00 PM,2016,7,17,16,21,Sunday,539774.5036,4810230.098,-80.50847,43.443924,Non intersection,2,P.D. only,On roadway,SMV,Daylight,Regional,No control,Unknown,FALSE,FALSE,FALSE,Clear,FALSE,PATRICIA AVE; VICTORIA ST S; Near; 30 M,3/4/2020 10:09:44 AM,539774.5036,4810230.098,Q3,Weekend,FALSE
1932,45413,16-155047,7/17/2016 5:30:00 PM,2016,7,17,17,30,Sunday,542545.8101,4807457.234,-80.47444,43.418805,Non intersection,2,P.D. only,On roadway,Rear end,Daylight,Municipal,No control,Unknown,FALSE,FALSE,FALSE,Clear,FALSE,KINGSWOOD DR; SELKIRK DR ; 5 M,3/4/2020 10:09:43 AM,542545.8101,4807457.234,Q3,Weekend,FALSE
1933,45414,16-155380,7/18/2016 7:56:00 AM,2016,7,18,7,56,Monday,542313.0021,4810287.422,-80.477096,43.444301,Intersection,1,Non-fatal injury,On roadway,Intersection,Daylight,Regional,Signal Control,Functioning,TRUE,TRUE,FALSE,Clear,FALSE,KING ST E; STIRLING AVE N,3/4/2020 10:09:42 AM,542313.0021,4810287.422,Q3,Working,FALSE
1934,45415,16-155495,7/18/2016 10:59:00 AM,2016,7,18,10,59,Monday,539131.1456,4811001.65,-80.516365,43.450905,Private Drive,1,Non-fatal injury,On roadway,Rear end,Daylight,Regional,No control,Unknown,FALSE,FALSE,FALSE,Clear,FALSE,BELMONT AVE W; GLASGOW ST ; Near; 200 M,3/4/2020 10:09:42 AM,539131.1456,4811001.65,Q3,Working,FALSE
1935,45416,16-155532,7/17/2016 9:30:00 PM,2016,7,17,21,30,Sunday,543371.3526,4804724.755,-80.464459,43.394154,Non intersection,2,P.D. only,On roadway,Rear end,Dark,Regional,No control,Unknown,FALSE,FALSE,FALSE,Clear,FALSE,HURON RD; TEMPLEWOOD DR; Near,3/4/2020 10:09:41 AM,543371.3526,4804724.755,Q3,Weekend,FALSE
1936,45417,16-155772,7/18/2016 5:17:00 PM,2016,7,18,17,17,Monday,542088.5,4810433.95,-80.479859,43.445633,Intersection,1,Non-fatal injury,On roadway,Intersection,Daylight,Regional,Sign Control,Functioning,FALSE,FALSE,FALSE,Clear,FALSE,KING ST E; BETZNER AVE N,3/4/2020 10:09:40 AM,542088.5,4810433.95,Q3,Working,FALSE
1937,45418,16-156285,7/19/2016 12:19:00 PM,2016,7,19,12,19,Tuesday,544394.2461,4804465.743,-80.45185,43.391762,Non intersection,2,P.D. only,On roadway,SMV,Daylight,Municipal,No control,Unknown,FALSE,FALSE,FALSE,Clear,FALSE,BLACK WALNUT DR; BLACK WALNUT DR; Near; 2 M,3/4/2020 10:09:39 AM,544394.2461,4804465.743,Q3,Working,FALSE
1938,45419,16-156363,7/19/2016 1:45:00 PM,2016,7,19,13,45,Tuesday,539616.3728,4811374.429,-80.510341,43.454236,Intersection,1,Non-fatal injury,On roadway,Rear end,Daylight,Municipal,Signal Control,Functioning,FALSE,FALSE,FALSE,Clear,FALSE,PARK ST; GLASGOW ST ; Near; 50 M,3/4/2020 10:09:39 AM,539616.3728,4811374.429,Q3,Working,FALSE
1939,45420,16-156380,7/18/2016 12:15:00 PM,2016,7,18,12,15,Monday,536880.8128,4807789.537,-80.544394,43.422097,Private Drive,2,P.D. only,On roadway,SMV,Daylight,Municipal,No control,Unknown,FALSE,FALSE,FALSE,Clear,FALSE,PRIVATE DRIVE; WESTVIEW CRES; At; 2 M,3/4/2020 10:09:38 AM,536880.8128,4807789.537,Q3,Working,FALSE
1940,45421,16-156603,7/19/2016 7:58:00 PM,2016,7,19,19,58,Tuesday,546282.7384,4808580.4,-80.428185,43.428696,Non intersection,1,Non-fatal injury,On roadway,SMV,Dusk,Municipal,No control,Unknown,TRUE,FALSE,FALSE,Clear,FALSE,MORGAN AVE; SOUTHILL DR; 34 M,3/4/2020 10:09:37 AM,546282.7384,4808580.4,Q3,Working,FALSE
1941,45422,16-156619,7/19/2016 8:21:00 PM,2016,7,19,20,21,Tuesday,540984.9553,4810826.257,-80.493467,43.449227,Intersection,2,P.D. only,On roadway,Intersection,Dusk,Municipal,Sign Control,Functioning,FALSE,FALSE,FALSE,Clear,FALSE,GAUKEL ST; JOSEPH ST,3/4/2020 10:09:37 AM,540984.9553,4810826.257,Q3,Working,FALSE
1942,45423,16-156653,7/19/2016 9:00:00 PM,2016,7,19,21,0,Tuesday,538889.1355,4808656.296,-80.519523,43.4298,Intersection,1,Non-fatal injury,On roadway,Intersection,Daylight,Regional,Sign Control,Functioning,FALSE,TRUE,FALSE,Clear,FALSE,QUEENS BLVD; EAGEN DR,3/4/2020 10:09:36 AM,538889.1355,4808656.296,Q3,Working,FALSE
1943,45424,16-157004,7/20/2016 2:30:00 AM,2016,7,20,2,30,Wednesday,539062.819,4809018.796,-80.517351,43.433055,Intersection,2,P.D. only,On roadway,SMV,Dark,Regional,No control,Unknown,FALSE,FALSE,FALSE,Clear,FALSE,RALGREEN CRES; OVERLEA DR; Near; 20 M,3/4/2020 10:09:35 AM,539062.819,4809018.796,Q3,Working,FALSE
1944,45425,16-157123,7/20/2016 1:27:00 PM,2016,7,20,13,27,Wednesday,542641.6239,4813330.811,-80.472797,43.471685,Private Drive,1,Non-fatal injury,On roadway,Rear end,Daylight,Municipal,No control,Unknown,FALSE,FALSE,FALSE,Clear,FALSE,RIVERBEND DR; GUELPH ST ; 270 M,3/4/2020 10:09:35 AM,542641.6239,4813330.811,Q3,Working,FALSE
1945,45426,16-157470,7/20/2016 9:24:00 PM,2016,7,20,21,24,Wednesday,545275.1204,4806434.267,-80.440811,43.409434,Intersection,2,P.D. only,On roadway,Rear end,Dark,Municipal,Sign Control,Functioning,FALSE,FALSE,FALSE,Clear,FALSE,WILSON AVE; WABANAKI DR; 2 M,3/4/2020 10:09:34 AM,545275.1204,4806434.267,Q3,Working,FALSE
1946,45427,16-157942,7/21/2016 10:30:00 AM,2016,7,21,10,30,Thursday,545760.6685,4809528.283,-80.434555,43.437263,Non intersection,2,P.D. only,On roadway,SMV,Daylight,Municipal,Sign Control,Functioning,FALSE,FALSE,FALSE,Clear,FALSE,SCENIC WOOD CRES; THALER AVE; Near,3/4/2020 10:09:33 AM,545760.6685,4809528.283,Q3,Weekend,FALSE
1947,45428,16-158899,7/22/2016 3:14:00 PM,2016,7,22,15,14,Friday,542551.2059,4810145.101,-80.474163,43.443006,Private Drive,1,Non-fatal injury,Off roadway,Intersection,Daylight,Regional,Sign Control,Functioning,FALSE,TRUE,FALSE,Clear,FALSE,KING ST E; KING ST E; At; 9 M,3/4/2020 10:09:32 AM,542551.2059,4810145.101,Q3,Weekend,FALSE
1948,45429,16-158918,7/22/2016 3:39:00 PM,2016,7,22,15,39,Friday,541039.8626,4811177.372,-80.492762,43.452385,Intersection,1,Non-fatal injury,On roadway,SMV,Daylight,Municipal,Sign Control,Functioning,FALSE,TRUE,FALSE,Clear,FALSE,COLLEGE ST; DUKE ST W,3/4/2020 10:09:31 AM,541039.8626,4811177.372,Q3,Weekend,FALSE
1949,45430,16-158950,7/22/2016 4:15:00 AM,2016,7,22,4,15,Friday,540636.2885,4807374.418,-80.498033,43.418165,Non intersection,2,P.D. only,On roadway,SMV,Dark,Municipal,No control,Unknown,FALSE,FALSE,FALSE,Clear,FALSE,CARTIER DR; CARTIER DR,3/4/2020 10:09:31 AM,540636.2885,4807374.418,Q3,Weekend,FALSE
1950,45431,16-159025,7/22/2016 6:00:00 PM,2016,7,22,18,0,Friday,538544.434,4810154.985,-80.523676,43.443312,Non intersection,1,Non-fatal injury,On roadway,SMV,Daylight,Regional,No control,Unknown,TRUE,FALSE,TRUE,Clear,FALSE,CHOPIN DR; WESTMOUNT RD W; Near; 40 M,3/4/2020 10:09:30 AM,538544.434,4810154.985,Q3,Weekend,TRUE
1951,45432,16-159027,7/22/2016 6:04:00 PM,2016,7,22,18,4,Friday,539570.8132,4811425.59,-80.5109,43.454699,Non intersection,2,P.D. only,On roadway,Rear end,Daylight,Municipal,No control,Unknown,FALSE,FALSE,FALSE,Clear,FALSE,PARK ST; GREEN ST; Near; 15 M,3/4/2020 10:09:29 AM,539570.8132,4811425.59,Q3,Weekend,FALSE
1952,45433,16-159082,7/22/2016 7:00:00 PM,2016,7,22,19,0,Friday,542506.5991,4804055.9,-80.475188,43.388181,Private Drive,2,P.D. only,On roadway,SMV,Daylight,Municipal,No control,Unknown,FALSE,FALSE,FALSE,Clear,FALSE,FEATHERSTONE CRES; FEATHERSTONE CRES ; At; 6 M,3/4/2020 10:09:29 AM,542506.5991,4804055.9,Q3,Weekend,FALSE
1953,45434,16-159465,7/22/2016 5:25:00 PM,2016,7,22,17,25,Friday,543247.86,4804519.945,-80.466,43.392317,Intersection,2,P.D. only,On roadway,Intersection,Daylight,Regional,Sign Control,Functioning,FALSE,FALSE,FALSE,Clear,FALSE,HURON RD; STRASBURG RD,3/4/2020 10:09:28 AM,543247.86,4804519.945,Q3,Weekend,FALSE
1954,45435,16-159570,7/23/2016 10:50:00 AM,2016,7,23,10,50,Saturday,545037.8436,4813551.873,-80.443154,43.473535,Non intersection,2,P.D. only,On roadway,Intersection,Daylight,Municipal,No control,Unknown,FALSE,FALSE,FALSE,Clear,FALSE,BINGEMANS CENTRE DR ; SHIRLEY AVE ; Near; 50 M,3/4/2020 10:09:27 AM,545037.8436,4813551.874,Q3,Weekend,FALSE