,OBJECTID,ACCIDENTNUM,ACCIDENTDATE,ACCIDENT_YEAR,ACCIDENT_MONTH,ACCIDENT_DAY,ACCIDENT_HOUR,ACCIDENT_MINUTE,Accident_Day,XCOORD,YCOORD,LONGITUDE,LATITUDE,Accident_Location,COLLISIONTYPE,Accident_Type,Impact_Location,Impact_Type,Light,Road_Jurisdication,Traffic_Control,Traffic_Control_Condition,Pedestrian_Involved,Cyclist_Involved,Motorcyclist_Involved,Environment_Condition,Self_Reported,XMLIMPORTNOTES,LASTEDITEDDATE,x,y,Quarter,Day_Type,Vulnerable_Involved
1955,45436,16-159797,7/23/2016 5:00:00 PM,2016,7,23,17,0,Saturday,537199.9822,4808321.601,-80.540415,43.426872,Non intersection,2,P.D. only,On roadway,SMV,Daylight,Municipal,No control,Unknown,FALSE,FALSE,FALSE,Clear,FALSE,BANKSIDE DR; BANKSIDE DR ; At; 1 M,3/4/2020 10:09:27 AM,537199.9822,4808321.601,Q3,Weekend,FALSE
1956,45437,16-160476,7/24/2016 2:12:00 PM,2016,7,24,14,12,Sunday,540602.571,4809735.776,-80.498274,43.439429,Private Drive,2,P.D. only,On roadway,SMV,Daylight,Municipal,No control,Unknown,FALSE,FALSE,FALSE,Clear,FALSE,WINSLOW DR; WINSLOW DR ; Near; 7 M,3/4/2020 10:09:26 AM,540602.571,4809735.776,Q3,Weekend,FALSE
1957,45438,16-161058,7/25/2016 10:14:00 AM,2016,7,25,10,14,Monday,542008.4302,4810987.816,-80.480806,43.450625,Non intersection,2,P.D. only,On roadway,SMV,Daylight,Municipal,No control,Unknown,FALSE,FALSE,FALSE,Clear,FALSE,BRUBACHER ST; BRUBACHER ST ; Near; 10 M,3/4/2020 10:09:25 AM,542008.4302,4810987.816,Q3,Working,FALSE
1958,45439,16-161781,7/26/2016 6:30:00 AM,2016,7,26,6,30,Tuesday,546634.0194,4802739.949,-80.424343,43.376087,Intersection,2,P.D. only,Other,SMV,Daylight,Regional,Other,Functioning,FALSE,FALSE,FALSE,Clear,FALSE,ROBERT FERRIE DR; THOMAS SLEE DR; At,3/4/2020 10:09:25 AM,546634.0194,4802739.949,Q3,Working,FALSE
1959,45440,16-161799,7/26/2016 7:10:00 AM,2016,7,26,7,10,Tuesday,542966.963,4806355.543,-80.469324,43.408861,Intersection,2,P.D. only,On roadway,SMV,Daylight,Municipal,No control,Unknown,FALSE,FALSE,FALSE,Clear,FALSE,SOUTHWOOD DR; SANDSPRINGS CRES; 4 M,3/4/2020 10:09:24 AM,542966.9629,4806355.543,Q3,Working,FALSE
1960,45441,16-161882,7/26/2016 11:36:00 AM,2016,7,26,11,36,Tuesday,538898.5161,4811469.682,-80.519207,43.455131,Intersection,2,P.D. only,On roadway,Intersection,Daylight,Municipal,Signal Control,Functioning,FALSE,FALSE,FALSE,Clear,FALSE,UNION BLVD ; BELMONT AVE W; Near; 10 M,3/4/2020 10:09:23 AM,538898.5161,4811469.682,Q3,Working,FALSE
1961,45442,16-161990,7/25/2016 11:59:00 PM,2016,7,25,23,59,Monday,542515.8486,4809649.649,-80.474639,43.438547,Non intersection,2,P.D. only,On roadway,SMV,Dark,Municipal,No control,Unknown,FALSE,FALSE,FALSE,Clear,FALSE,NYBERG ST; NYBERG ST,3/4/2020 10:09:23 AM,542515.8486,4809649.65,Q3,Working,FALSE
1962,45443,16-162181,7/26/2016 7:30:00 AM,2016,7,26,7,30,Tuesday,542582.1157,4810126.077,-80.473783,43.442833,Intersection,2,P.D. only,On roadway,Intersection,Daylight,Regional,Signal Control,Functioning,FALSE,FALSE,FALSE,Clear,FALSE,KING ST E; BORDEN AVE N; At,3/4/2020 10:09:22 AM,542582.1157,4810126.077,Q3,Working,FALSE
1963,45444,16-162617,7/27/2016 7:43:00 AM,2016,7,27,7,43,Wednesday,541640.0999,4810375.396,-80.485405,43.445131,Private Drive,2,P.D. only,On roadway,Intersection,Daylight,Municipal,No control,Unknown,FALSE,FALSE,FALSE,Clear,FALSE,CEDAR ST S; CEDAR ST S; Near; 3 M,3/4/2020 10:09:21 AM,541640.0999,4810375.396,Q3,Working,FALSE
1964,45445,16-163012,7/27/2016 3:00:00 PM,2016,7,27,15,0,Wednesday,544563.0012,4809601.744,-80.449348,43.437997,Intersection,2,P.D. only,On roadway,SMV,Daylight,Municipal,Sign Control,Functioning,FALSE,FALSE,FALSE,Clear,FALSE,BROADVIEW CRT ; BROADVIEW AVE ; 100 M,3/7/2019 1:21:52 PM,544563.0012,4809601.744,Q3,Working,FALSE
1965,45446,16-163136,7/27/2016 6:48:00 PM,2016,7,27,18,48,Wednesday,539295.0732,4811573.252,-80.514298,43.456043,Intersection,2,P.D. only,On roadway,Intersection,Daylight,Municipal,Sign Control,Functioning,FALSE,FALSE,FALSE,Clear,FALSE,MT HOPE ST ; PARK ST,3/4/2020 10:09:21 AM,539295.0731,4811573.252,Q3,Working,FALSE
1966,45447,16-163661,7/27/2016 10:00:00 PM,2016,7,27,22,0,Wednesday,546600.3476,4808555.242,-80.424263,43.42845,Non intersection,2,P.D. only,On roadway,SMV,Dark,Municipal,No control,Unknown,FALSE,FALSE,FALSE,Clear,FALSE,GREENDALE CRES; GREENDALE CRES,3/4/2020 10:09:20 AM,546600.3476,4808555.242,Q3,Working,FALSE
1967,45448,16-163849,7/28/2016 3:45:00 PM,2016,7,28,15,45,Thursday,537521.6848,4808505.521,-80.536428,43.428512,Private Drive,1,Non-fatal injury,On roadway,Intersection,Daylight,Municipal,No control,Unknown,FALSE,FALSE,FALSE,Clear,FALSE,BANKSIDE DR; BANKSIDE DR ; Near; 3 M,3/4/2020 10:09:19 AM,537521.6848,4808505.521,Q3,Weekend,FALSE
1968,45449,16-163889,7/28/2016 4:43:00 PM,2016,7,28,16,43,Thursday,547576.1442,4803819.037,-80.41262,43.385744,Intersection,2,P.D. only,On roadway,Intersection,Daylight,Regional,No control,Unknown,FALSE,FALSE,FALSE,Clear,FALSE,CONESTOGA COLLEGE BLVD ; PINNACLE DR,3/4/2020 10:09:19 AM,547576.1442,4803819.037,Q3,Weekend,FALSE
1969,45450,16-163891,7/27/2016 2:00:00 AM,2016,7,27,2,0,Wednesday,536347.7277,4809694.313,-80.550852,43.439274,Non intersection,2,P.D. only,On roadway,SMV,Dark,Municipal,No control,Unknown,FALSE,FALSE,FALSE,Clear,FALSE,NORTHMANOR CRES; NORTHMANOR CRES ; Near,3/4/2020 10:09:18 AM,536347.7277,4809694.313,Q3,Working,FALSE
1970,45451,16-164344,7/28/2016 8:20:00 PM,2016,7,28,20,20,Thursday,541199.5473,4809540.858,-80.490912,43.437641,Intersection,2,P.D. only,On roadway,Intersection,Dark,Municipal,Sign Control,Functioning,FALSE,FALSE,FALSE,Rain,FALSE,RUSSEL ST; WOODLAND AVE,3/4/2020 10:09:17 AM,541199.5473,4809540.858,Q3,Weekend,FALSE
1971,45452,16-164811,7/29/2016 8:30:00 AM,2016,7,29,8,30,Friday,544102.8186,4805113.319,-80.455396,43.39761,Private Drive,2,P.D. only,On roadway,Intersection,Daylight,Municipal,No control,Unknown,FALSE,FALSE,FALSE,Clear,FALSE,OLD HURON PL; OLD HURON PL ; Near,3/4/2020 10:09:17 AM,544102.8186,4805113.319,Q3,Weekend,FALSE
1972,45453,16-165124,7/30/2016 3:22:00 AM,2016,7,30,3,22,Saturday,545274.2465,4809242.792,-80.440589,43.434722,Non intersection,2,P.D. only,On roadway,SMV,Dark,Regional,No control,Unknown,FALSE,FALSE,FALSE,Clear,FALSE,FERGUS AVE; FERGUS AVE ; At; 1 M,3/4/2020 10:09:16 AM,545274.2465,4809242.792,Q3,Weekend,FALSE
1973,45454,16-165434,7/30/2016 2:54:00 PM,2016,7,30,14,54,Saturday,545432.5485,4808342.588,-80.438708,43.426607,Intersection,2,P.D. only,On roadway,SMV,Daylight,Municipal,Sign Control,Functioning,FALSE,FALSE,FALSE,Clear,FALSE,KINGSWAY DR; CEDARWOODS CRES,3/4/2020 10:09:15 AM,545432.5485,4808342.588,Q3,Weekend,FALSE
1974,45455,16-165561,7/30/2016 6:10:00 PM,2016,7,30,18,10,Saturday,545028.02,4812003.162,-80.443403,43.459591,Intersection,1,Non-fatal injury,On roadway,Intersection,Daylight,Regional,Sign Control,Functioning,FALSE,TRUE,FALSE,Clear,FALSE,LORRAINE AVE ; MONTCALM DR,3/4/2020 10:09:15 AM,545028.02,4812003.162,Q3,Weekend,FALSE
1975,45456,16-166385,7/31/2016 7:22:00 PM,2016,7,31,19,22,Sunday,543586.1291,4804399.397,-80.461833,43.391212,Other,2,P.D. only,Off roadway,SMV,Daylight,Other,No control,Unknown,FALSE,FALSE,FALSE,Clear,FALSE,PRIVATE DRIVE; MARL MEADOW DR ; At,3/4/2020 10:09:14 AM,543586.1291,4804399.397,Q3,Weekend,FALSE
1976,45457,16-166706,7/31/2016 10:40:00 AM,2016,7,31,10,40,Sunday,546203.6464,4810896.476,-80.428966,43.449555,Non intersection,2,P.D. only,On roadway,SMV,Daylight,Municipal,No control,Unknown,FALSE,FALSE,FALSE,Clear,FALSE,FOXWOOD PL; OLDFIELD DR; Near; 15 M,3/4/2020 10:09:13 AM,546203.6464,4810896.476,Q3,Weekend,FALSE
1977,45458,16-166849,8/1/2016 12:34:00 PM,2016,8,1,12,34,Monday,540069.2129,4810885.105,-80.50478,43.449806,Intersection,2,P.D. only,Off roadway,SMV,Daylight,Municipal,Sign Control,Functioning,FALSE,FALSE,TRUE,Clear,FALSE,PARK ST; CHERRY ST,3/4/2020 10:09:13 AM,540069.2129,4810885.105,Q3,Working,TRUE
1978,45459,16-167465,8/1/2016 12:00:00 AM,2016,8,1,0,0,Monday,541068,4811108,0,0,Non intersection,2,P.D. only,Off roadway,SMV,Dark,Regional,No control,Unknown,FALSE,FALSE,FALSE,Clear,FALSE,AHRENS ST W; BLUCHER ST; Near; 100 M,3/4/2020 10:09:12 AM,541068,4811108,Q3,Working,FALSE
1979,45460,16-167493,8/2/2016 7:00:00 AM,2016,8,2,7,0,Tuesday,547643.1436,4811320.349,-80.411139,43.453281,Other,2,P.D. only,Off roadway,SMV,Other,Other,No control,Unknown,FALSE,FALSE,FALSE,Other,FALSE,PRIVATE DRIVE; ZELLER DR; At,3/4/2020 10:09:11 AM,547643.1436,4811320.349,Q3,Working,FALSE
1980,45461,16-168983,8/4/2016 7:51:00 AM,2016,8,4,7,51,Thursday,545917.1696,4805379.742,-80.43297,43.3999,Private Drive,1,Non-fatal injury,On roadway,Intersection,Daylight,Municipal,No control,Unknown,FALSE,TRUE,FALSE,Clear,FALSE,GREEN VALLEY DR; GREEN VALLEY DR ; At; 5 M,3/4/2020 10:09:10 AM,545917.1696,4805379.743,Q3,Weekend,FALSE
1981,45462,16-169356,8/4/2016 4:00:00 PM,2016,8,4,16,0,Thursday,540148.2909,4810120.031,-80.503859,43.442913,Intersection,2,P.D. only,On roadway,Rear end,Daylight,Regional,Signal Control,Functioning,FALSE,FALSE,FALSE,Clear,FALSE,WEST AVE; HOMEWOOD AVE; Near,3/4/2020 10:09:10 AM,540148.2909,4810120.031,Q3,Weekend,FALSE
1982,45463,16-169982,8/4/2016 4:00:00 PM,2016,8,4,16,0,Thursday,539992.1475,4810318.124,-80.505774,43.444705,Non intersection,2,P.D. only,On roadway,Intersection,Daylight,Regional,No control,Unknown,FALSE,TRUE,FALSE,Clear,FALSE,WEST AVE; VICTORIA ST S; 40 M,3/4/2020 10:09:09 AM,539992.1475,4810318.124,Q3,Weekend,FALSE
1983,45464,16-170155,8/5/2016 2:53:00 PM,2016,8,5,14,53,Friday,536864.9233,4808445.593,-80.544546,43.428005,Intersection,1,Non-fatal injury,On roadway,Intersection,Daylight,Municipal,Sign Control,Functioning,FALSE,FALSE,FALSE,Clear,FALSE,WESTFOREST TRAIL; WESTMEADOW DR,3/4/2020 10:09:08 AM,536864.9233,4808445.593,Q3,Weekend,FALSE
1984,45465,16-170875,8/6/2016 11:11:00 AM,2016,8,6,11,11,Saturday,544920.5668,4804865.828,-80.445319,43.395333,Private Drive,1,Non-fatal injury,On roadway,Intersection,Daylight,Municipal,No control,Unknown,FALSE,FALSE,FALSE,Clear,FALSE,PIONEER DR; DOON VILLAGE RD; Near; 75 M,3/4/2020 10:09:07 AM,544920.5668,4804865.828,Q3,Weekend,FALSE
1985,45466,16-171058,8/6/2016 10:00:00 AM,2016,8,6,10,0,Saturday,546866.5093,4811300.442,-80.420739,43.453151,Non intersection,2,P.D. only,Off roadway,SMV,Daylight,Municipal,No control,Unknown,FALSE,FALSE,FALSE,Clear,FALSE,JANET CRT; ZELLER DR ; At,3/4/2020 10:09:06 AM,546866.5093,4811300.442,Q3,Weekend,FALSE
1986,45467,16-171575,8/7/2016 8:17:00 AM,2016,8,7,8,17,Sunday,537831.3515,4808855.203,-80.532578,43.431645,Non intersection,2,P.D. only,Off roadway,SMV,Daylight,Municipal,No control,Unknown,FALSE,FALSE,FALSE,Clear,FALSE,BANKSIDE DR; 142 BANKSIDE DR; 1 M,3/4/2020 10:09:06 AM,537831.3515,4808855.203,Q3,Weekend,FALSE
1987,45468,16-171750,8/7/2016 1:50:00 PM,2016,8,7,13,50,Sunday,544235.0113,4808802.866,-80.453465,43.430823,Intersection,1,Non-fatal injury,On roadway,Intersection,Daylight,Municipal,Sign Control,Functioning,FALSE,TRUE,FALSE,Clear,FALSE,CONNAUGHT ST; FIFTH AVE,3/4/2020 10:09:05 AM,544235.0113,4808802.866,Q3,Weekend,FALSE
1988,45469,16-171820,8/7/2016 4:04:00 PM,2016,8,7,16,4,Sunday,539180.5441,4810270.489,-80.515807,43.444319,Non intersection,2,P.D. only,On roadway,SMV,Daylight,Municipal,No control,Unknown,FALSE,FALSE,FALSE,Clear,FALSE,KARN ST ; KARN ST ; Near; 1 M,3/4/2020 10:09:04 AM,539180.5441,4810270.489,Q3,Weekend,FALSE
1989,45470,16-171880,8/7/2016 6:10:00 PM,2016,8,7,18,10,Sunday,540791.838,4806194.217,-80.4962,43.40753,Non intersection,2,P.D. only,Off roadway,SMV,Daylight,Municipal,No control,Unknown,FALSE,FALSE,FALSE,Clear,FALSE,ERINBROOK DR ; ERINBROOK DR; At; 2 M,3/4/2020 10:09:04 AM,540791.838,4806194.217,Q3,Weekend,FALSE
1990,45471,16-172491,8/8/2016 2:34:00 PM,2016,8,8,14,34,Monday,537219.1399,4807577.937,-80.540229,43.420175,Intersection,1,Non-fatal injury,On roadway,Intersection,Daylight,Municipal,Sign Control,Functioning,FALSE,FALSE,FALSE,Clear,FALSE,WESTHEIGHTS DR; BROKEN OAK CRES,3/4/2020 10:09:03 AM,537219.1399,4807577.937,Q3,Working,FALSE
1991,45472,16-172511,8/8/2016 2:57:00 PM,2016,8,8,14,57,Monday,541172.4607,4812720.725,-80.491007,43.466274,Intersection,2,P.D. only,On roadway,Intersection,Daylight,Municipal,Sign Control,Functioning,FALSE,FALSE,FALSE,Clear,FALSE,FAIRFIELD AVE; ST LEGER ST,3/4/2020 10:09:02 AM,541172.4607,4812720.725,Q3,Working,FALSE
1992,45473,16-172629,8/8/2016 5:30:00 PM,2016,8,8,17,30,Monday,543246.8825,4804520.827,-80.466012,43.392325,Intersection,2,P.D. only,On roadway,Intersection,Daylight,Regional,Sign Control,Functioning,FALSE,FALSE,FALSE,Clear,FALSE,HURON RD; STRASBURG RD,3/4/2020 10:09:02 AM,543246.8825,4804520.827,Q3,Working,FALSE
1993,45474,16-173233,8/9/2016 12:10:00 PM,2016,8,9,12,10,Tuesday,544044.9154,4807706.777,-80.455902,43.420965,Non intersection,2,P.D. only,On roadway,SMV,Daylight,Regional,No control,Unknown,FALSE,FALSE,FALSE,Clear,FALSE,VANIER DR; VANIER DR ; Near; 1 M,3/4/2020 10:09:01 AM,544044.9154,4807706.777,Q3,Working,FALSE
1994,45475,16-173244,8/9/2016 12:23:00 PM,2016,8,9,12,23,Tuesday,541387.6049,4810984.929,-80.488479,43.450633,Non intersection,2,P.D. only,Off roadway,SMV,Daylight,Municipal,No control,Unknown,FALSE,FALSE,FALSE,Clear,FALSE,QUEEN ST N; DUKE ST W; 30 M,3/7/2019 1:21:50 PM,541387.6049,4810984.929,Q3,Working,FALSE
1995,45476,16-173454,8/9/2016 5:26:00 PM,2016,8,9,17,26,Tuesday,541181.4829,4809391.28,-80.491146,43.436295,Intersection,1,Non-fatal injury,On roadway,Rear end,Daylight,Regional,Signal Control,Functioning,FALSE,FALSE,FALSE,Clear,FALSE,STIRLING AVE S; HIGHLAND RD E; At,3/4/2020 10:09:00 AM,541181.4829,4809391.28,Q3,Working,FALSE
1996,45477,16-173628,8/9/2016 10:22:00 PM,2016,8,9,22,22,Tuesday,541645.8136,4810384.496,-80.485333,43.445212,Private Drive,2,P.D. only,On roadway,Intersection,Dark,Municipal,No control,Unknown,FALSE,FALSE,FALSE,Clear,FALSE,CEDAR ST S; CEDAR ST S; At; 3 M,3/4/2020 10:08:59 AM,541645.8136,4810384.496,Q3,Working,FALSE
1997,45478,16-173815,8/10/2016 7:35:00 AM,2016,8,10,7,35,Wednesday,543542.04,4805002.859,-80.462329,43.396648,Private Drive,1,Non-fatal injury,On roadway,Rear end,Daylight,Municipal,No control,Unknown,FALSE,FALSE,FALSE,Clear,FALSE,BATTLER RD; BATTLER RD ; 15 M,3/4/2020 10:08:59 AM,543542.04,4805002.859,Q3,Working,FALSE
1998,45479,16-174077,8/10/2016 8:20:00 AM,2016,8,10,8,20,Wednesday,543751.2484,4805553.388,-80.459702,43.401593,Intersection,2,P.D. only,On roadway,Rear end,Daylight,Municipal,Sign Control,Functioning,FALSE,FALSE,FALSE,Clear,FALSE,BEASLEY DR; TRILLIUM DR,3/4/2020 10:08:58 AM,543751.2484,4805553.388,Q3,Working,FALSE
1999,45480,16-175060,7/18/2016 7:00:00 PM,2016,7,18,19,0,Monday,548013.7556,4806394.246,-80.406991,43.408903,Non intersection,2,P.D. only,On roadway,SMV,Daylight,Municipal,No control,Unknown,FALSE,FALSE,FALSE,Clear,FALSE,LANTERN ST; WINIFRED ST; 12 M,3/4/2020 10:08:57 AM,548013.7556,4806394.246,Q3,Working,FALSE
2000,45481,16-175124,8/11/2016 5:31:00 PM,2016,8,11,17,31,Thursday,540749.1883,4809246.064,-80.496499,43.435011,Non intersection,2,P.D. only,On roadway,SMV,Daylight,Regional,No control,Unknown,FALSE,FALSE,FALSE,Clear,FALSE,PLEASANT AVE; PLEASANT AVE ; At; 4 M,3/4/2020 10:08:57 AM,540749.1883,4809246.064,Q3,Weekend,FALSE
2001,45482,16-175530,8/12/2016 6:15:00 AM,2016,8,12,6,15,Friday,540889.0227,4811282.502,-80.494618,43.45334,Non intersection,2,P.D. only,Off roadway,SMV,Dark,Municipal,No control,Unknown,FALSE,FALSE,FALSE,Clear,FALSE,FRANCIS ST N; WATER ST N; 110 M,3/4/2020 10:08:56 AM,540889.0227,4811282.502,Q3,Weekend,FALSE
2002,45483,16-175819,8/12/2016 2:18:00 PM,2016,8,12,14,18,Friday,547773.3841,4810987.436,-80.409558,43.450275,Intersection,2,P.D. only,On roadway,Intersection,Daylight,Municipal,Sign Control,Functioning,FALSE,FALSE,FALSE,Clear,FALSE,ZELLER DR; PEBBLECREEK DR,3/4/2020 10:08:55 AM,547773.3841,4810987.436,Q3,Weekend,FALSE
2003,45484,16-175988,8/12/2016 1:00:00 PM,2016,8,12,13,0,Friday,544958.9627,4808204.587,-80.44457,43.425393,Non intersection,2,P.D. only,Off roadway,SMV,Daylight,Municipal,No control,Unknown,FALSE,FALSE,FALSE,Clear,FALSE,GREENFIELD AVE; 565 GREENFIELD AVE,3/4/2020 10:08:55 AM,544958.9627,4808204.587,Q3,Weekend,FALSE
2004,45485,16-176120,8/12/2016 8:44:00 PM,2016,8,12,20,44,Friday,544282.8567,4808356.288,-80.45291,43.426799,Intersection,1,Non-fatal injury,Off roadway,SMV,Dark,Regional,Sign Control,Functioning,FALSE,FALSE,FALSE,Clear,FALSE,FRANKLIN ST S; WILSON AVE,3/4/2020 10:08:54 AM,544282.8567,4808356.288,Q3,Weekend,FALSE
2005,45486,16-177297,8/12/2016 8:30:00 PM,2016,8,12,20,30,Friday,538667.7866,4809218.894,-80.522218,43.434877,Private Drive,2,Other,On roadway,SMV,Daylight,Municipal,No control,Unknown,FALSE,FALSE,FALSE,Clear,FALSE,WYCLIFFE PL; WYCLIFFE PL; At; 1 M,3/4/2020 10:08:53 AM,538667.7866,4809218.894,Q3,Weekend,FALSE
2006,45487,16-177342,8/14/2016 11:41:00 AM,2016,8,14,11,41,Sunday,541076.9267,4809550.832,-80.492426,43.437738,Non intersection,2,P.D. only,On roadway,SMV,Daylight,Regional,No control,Unknown,FALSE,FALSE,FALSE,Clear,FALSE,HIGHLAND RD E; DELAWARE AVE ; Near; 20 M,3/4/2020 10:08:53 AM,541076.9267,4809550.832,Q3,Weekend,FALSE
2007,45488,16-177572,8/14/2016 5:00:00 PM,2016,8,14,17,0,Sunday,544970.5745,4811010,-80.444195,43.450652,Private Drive,1,Non-fatal injury,On roadway,Intersection,Daylight,Regional,No control,Unknown,FALSE,FALSE,FALSE,Clear,FALSE,RIVER RD E; OTTAWA ST N; At,3/4/2020 10:08:52 AM,544970.5745,4811010,Q3,Weekend,FALSE
2008,45489,16-177902,8/14/2016 4:00:00 PM,2016,8,14,16,0,Sunday,543921.9945,4805130.618,-80.457627,43.397776,Intersection,2,Other,On roadway,Rear end,Daylight,Municipal,Sign Control,Functioning,FALSE,FALSE,FALSE,Clear,FALSE,HURON RD; OLD HURON RD,3/4/2020 10:08:51 AM,543921.9945,4805130.618,Q3,Weekend,FALSE
2009,45490,16-178210,8/13/2016 7:00:00 PM,2016,8,13,19,0,Saturday,541914.3385,4810072.915,-80.482039,43.442392,Non intersection,2,P.D. only,On roadway,Intersection,Daylight,Municipal,No control,Unknown,FALSE,FALSE,FALSE,Rain,FALSE,STIRLING AVE S; STIRLING AVE S; Near,3/4/2020 10:08:51 AM,541914.3385,4810072.915,Q3,Weekend,FALSE
2010,45491,16-178985,8/13/2016 11:00:00 AM,2016,8,13,11,0,Saturday,541787.0747,4810799.134,-80.483556,43.448938,Intersection,2,P.D. only,On roadway,Other,Daylight,Municipal,Sign Control,Functioning,FALSE,FALSE,FALSE,Clear,FALSE,DUKE ST E; EBY ST N,3/4/2020 10:08:50 AM,541787.0747,4810799.134,Q3,Weekend,FALSE
2011,45492,16-179012,8/16/2016 5:13:00 PM,2016,8,16,17,13,Tuesday,541737.3565,4811592.901,-80.48411,43.456088,Private Drive,2,P.D. only,Off roadway,SMV,Daylight,Regional,No control,Unknown,FALSE,FALSE,FALSE,Clear,FALSE,QUEEN ST N; QUEEN ST N; 5 M,3/4/2020 10:08:49 AM,541737.3565,4811592.901,Q3,Working,FALSE
2012,45493,16-179059,8/16/2016 2:00:00 PM,2016,8,16,14,0,Tuesday,541317.1732,4810904.448,-80.489355,43.449912,Non intersection,2,P.D. only,On roadway,Intersection,Daylight,Regional,No control,Unknown,FALSE,FALSE,FALSE,Clear,FALSE,KING ST W; 10 KING ST W; 1 M,3/4/2020 10:08:49 AM,541317.1732,4810904.448,Q3,Working,FALSE
2013,45494,16-179322,8/17/2016 3:30:00 AM,2016,8,17,3,30,Wednesday,545273.9936,4811427.848,-80.440411,43.454396,Intersection,2,P.D. only,Off roadway,SMV,Dark,Municipal,No control,Unknown,FALSE,FALSE,FALSE,Clear,FALSE,INDIAN RD ; MONTCALM DR,3/4/2020 10:08:48 AM,545273.9936,4811427.848,Q3,Working,FALSE
2014,45495,16-179389,8/17/2016 1:51:00 AM,2016,8,17,1,51,Wednesday,545876.6456,4803393.135,-80.433637,43.382015,Non intersection,2,P.D. only,Off roadway,SMV,Dark,Municipal,No control,Unknown,FALSE,FALSE,FALSE,Clear,FALSE,PINE VALLEY DR ; PINE VALLEY DR ; At; 1 M,3/4/2020 10:08:47 AM,545876.6456,4803393.135,Q3,Working,FALSE
2015,45496,16-179888,8/17/2016 5:40:00 PM,2016,8,17,17,40,Wednesday,542254.0195,4807866.673,-80.478012,43.422508,Non intersection,1,Non-fatal injury,On roadway,Intersection,Daylight,Municipal,No control,Unknown,FALSE,FALSE,FALSE,Rain,FALSE,ALPINE RD; KINGSWOOD DR; 40 M,3/4/2020 10:08:47 AM,542254.0195,4807866.673,Q3,Working,FALSE
2016,45497,16-179982,8/17/2016 8:27:00 PM,2016,8,17,20,27,Wednesday,540172.5231,4809413.882,-80.503612,43.436553,Intersection,1,Non-fatal injury,On roadway,Intersection,Dusk,Regional,Signal Control,Functioning,FALSE,FALSE,FALSE,Rain,FALSE,BELMONT AVE E; QUEENS BLVD; 3 M,3/4/2020 10:08:46 AM,540172.5231,4809413.883,Q3,Working,FALSE
2017,45498,16-180133,8/18/2016 1:36:00 AM,2016,8,18,1,36,Thursday,541944.9076,4808933.985,-80.481749,43.432135,Non intersection,1,Non-fatal injury,On roadway,Intersection,Dark,Municipal,No control,Unknown,FALSE,FALSE,FALSE,Clear,FALSE,HOFFMAN ST; OLYMPIC DR; Near; 51 M,3/4/2020 10:08:45 AM,541944.9076,4808933.985,Q3,Weekend,FALSE
2018,45499,16-180243,8/17/2016 4:35:00 PM,2016,8,17,16,35,Wednesday,544377.5367,4806625.774,-80.451881,43.411212,Private Drive,2,P.D. only,On roadway,Intersection,Daylight,Municipal,No control,Unknown,FALSE,FALSE,FALSE,Clear,FALSE,OTONABEE DR; OTONABEE DR; At,3/4/2020 10:08:44 AM,544377.5367,4806625.774,Q3,Working,FALSE
2019,45500,16-180322,8/13/2016 5:00:00 PM,2016,8,13,17,0,Saturday,544457.2646,4810556.158,-80.450576,43.446596,Private Drive,2,P.D. only,On roadway,SMV,Daylight,Municipal,No control,Unknown,FALSE,FALSE,FALSE,Clear,FALSE,DREGER AVE; DREGER AVE ; Near,3/4/2020 10:08:44 AM,544457.2646,4810556.158,Q3,Weekend,FALSE
2020,45501,16-180629,8/18/2016 4:39:00 PM,2016,8,18,16,39,Thursday,542524.2279,4807123.017,-80.474732,43.415797,Intersection,1,Non-fatal injury,On roadway,Intersection,Daylight,Municipal,Sign Control,Functioning,FALSE,TRUE,FALSE,Clear,FALSE,COUNTRY HILL DR; CHERRY HILL DR,3/4/2020 10:08:43 AM,542524.2279,4807123.017,Q3,Weekend,FALSE
2021,45502,16-180996,8/18/2016 7:33:00 PM,2016,8,18,19,33,Thursday,543440.9812,4811727.243,-80.463042,43.457201,Private Drive,2,P.D. only,On roadway,SMV,Daylight,Municipal,No control,Unknown,FALSE,FALSE,FALSE,Clear,FALSE,ETON DR; ETON DR ; Near; 1 M,3/4/2020 10:08:42 AM,543440.9812,4811727.243,Q3,Weekend,FALSE
2022,45503,16-181084,8/18/2016 4:30:00 PM,2016,8,18,16,30,Thursday,544274.4923,4807720.163,-80.453065,43.421072,Private Drive,2,P.D. only,On roadway,Intersection,Daylight,Municipal,No control,Unknown,FALSE,FALSE,FALSE,Clear,FALSE,TRAYNOR AVE; TRAYNOR AVE ; Near,3/4/2020 10:08:42 AM,544274.4923,4807720.163,Q3,Weekend,FALSE
2023,45504,16-181133,8/19/2016 10:32:00 AM,2016,8,19,10,32,Friday,541201.8843,4810898.196,-80.490781,43.449862,Intersection,2,P.D. only,On roadway,Intersection,Daylight,Municipal,Sign Control,Functioning,FALSE,FALSE,FALSE,Clear,FALSE,HALLS LANE W; ONTARIO ST N,3/4/2020 10:08:41 AM,541201.8843,4810898.196,Q3,Weekend,FALSE
2024,45505,16-181456,8/19/2016 3:50:00 PM,2016,8,19,15,50,Friday,540794.6704,4811370.89,-80.495778,43.454141,Intersection,2,P.D. only,On roadway,Rear end,Daylight,Regional,Signal Control,Functioning,FALSE,FALSE,FALSE,Clear,FALSE,COURTLAND AVE E; QUEEN ST S; Near; 75 M,3/4/2020 10:08:40 AM,540794.6704,4811370.89,Q3,Weekend,FALSE
2025,45506,16-181825,8/20/2016 3:10:00 AM,2016,8,20,3,10,Saturday,541796.512,4808179.256,-80.48364,43.425348,Private Drive,2,P.D. only,On roadway,Intersection,Daylight,Regional,Sign Control,Functioning,FALSE,FALSE,FALSE,Clear,FALSE,ALPINE RD ; OTTAWA ST S; At; 1 M,3/4/2020 10:08:40 AM,541796.512,4808179.256,Q3,Weekend,FALSE