,OBJECTID,ACCIDENTNUM,ACCIDENTDATE,ACCIDENT_YEAR,ACCIDENT_MONTH,ACCIDENT_DAY,ACCIDENT_HOUR,ACCIDENT_MINUTE,Accident_Day,XCOORD,YCOORD,LONGITUDE,LATITUDE,Accident_Location,COLLISIONTYPE,Accident_Type,Impact_Location,Impact_Type,Light,Road_Jurisdication,Traffic_Control,Traffic_Control_Condition,Pedestrian_Involved,Cyclist_Involved,Motorcyclist_Involved,Environment_Condition,Self_Reported,XMLIMPORTNOTES,LASTEDITEDDATE,x,y,Quarter,Day_Type,Vulnerable_Involved
2168,45649,16-214194,9/28/2016 8:44:00 AM,2016,9,28,8,44,Wednesday,541956.1313,4810869.239,-80.481461,43.44956,Intersection,2,P.D. only,On roadway,Intersection,Daylight,Municipal,No control,Unknown,FALSE,FALSE,FALSE,Clear,FALSE,KRUG ST; LANCASTER ST E,3/7/2019 1:21:43 PM,541956.1313,4810869.239,Q3,Working,FALSE
2169,45650,16-214311,9/28/2016 11:21:00 AM,2016,9,28,11,21,Wednesday,540529.8885,4811652.573,-80.49903,43.456692,Private Drive,2,P.D. only,Off roadway,SMV,Daylight,Municipal,No control,Unknown,FALSE,FALSE,FALSE,Clear,FALSE,LOUISA ST; LOUISA ST ; Near; 1 M,3/4/2020 10:07:07 AM,540529.8885,4811652.573,Q3,Working,FALSE
2170,45651,16-214539,9/28/2016 4:11:00 PM,2016,9,28,16,11,Wednesday,542457.2328,4807255.01,-80.475549,43.416989,Private Drive,1,Non-fatal injury,On roadway,Intersection,Daylight,Municipal,No control,Unknown,FALSE,FALSE,FALSE,Clear,FALSE,COUNTRY HILL DR ; COUNTRY HILL DR ; Near; 8 M,3/4/2020 10:07:07 AM,542457.2328,4807255.01,Q3,Working,FALSE
2171,45652,16-214970,9/29/2016 8:42:00 AM,2016,9,29,8,42,Thursday,539405.016,4810383.186,-80.513025,43.445322,Intersection,1,Non-fatal injury,On roadway,Rear end,Daylight,Municipal,No control,Unknown,FALSE,FALSE,FALSE,Rain,FALSE,BELMONT AVE W; KARN ST ; At; 8 M,3/4/2020 10:07:06 AM,539405.016,4810383.186,Q3,Weekend,FALSE
2172,45653,16-214998,9/29/2016 9:16:00 AM,2016,9,29,9,16,Thursday,539050.8056,4811097.426,-80.517351,43.451772,Non intersection,1,Non-fatal injury,On roadway,Rear end,Daylight,Municipal,Signal Control,Functioning,FALSE,FALSE,FALSE,Rain,FALSE,GLASGOW ST; BELMONT AVE W; Near; 30 M,3/4/2020 10:07:05 AM,539050.8056,4811097.426,Q3,Weekend,FALSE
2173,45654,16-215040,9/28/2016 7:00:00 PM,2016,9,28,19,0,Wednesday,535891.8245,4809255.958,-80.556515,43.435349,Private Drive,2,P.D. only,On roadway,SMV,Daylight,Municipal,No control,Unknown,FALSE,FALSE,FALSE,Clear,FALSE,COUNTRYSTONE DR; COUNTRYSTONE DR; At,3/4/2020 10:07:05 AM,535891.8245,4809255.958,Q3,Working,FALSE
2174,45655,16-215289,9/29/2016 3:25:00 PM,2016,9,29,15,25,Thursday,544609.448,4809091.248,-80.448815,43.433397,Intersection,2,Non-reportable,On roadway,Intersection,Daylight,Municipal,Signal Control,Functioning,FALSE,FALSE,FALSE,Rain,FALSE,KINGSWAY DR; FRANKLIN ST S,3/4/2020 10:07:04 AM,544609.448,4809091.248,Q3,Weekend,FALSE
2175,45656,16-215367,9/29/2016 6:36:00 PM,2016,9,29,18,36,Thursday,545696.8719,4808780.761,-80.435406,43.430536,Private Drive,2,P.D. only,On roadway,Other,Dusk,Regional,No control,Unknown,FALSE,FALSE,FALSE,Rain,FALSE,HUBER ST ; JANSEN AVE ; Near; 1 M,3/4/2020 10:07:03 AM,545696.8719,4808780.761,Q3,Weekend,FALSE
2176,45657,16-215849,9/30/2016 9:30:00 AM,2016,9,30,9,30,Friday,541989.2005,4807423.893,-80.481318,43.418536,Non intersection,2,P.D. only,On roadway,Rear end,Daylight,Municipal,Other,Functioning,FALSE,FALSE,FALSE,Clear,FALSE,STRASBURG RD; SELKIRK DR; 100 M,3/4/2020 10:07:03 AM,541989.2005,4807423.893,Q3,Weekend,FALSE
2177,45658,16-216156,9/29/2016 6:00:00 PM,2016,9,29,18,0,Thursday,542100.9119,4804305.958,-80.480178,43.390455,Private Drive,2,P.D. only,On roadway,SMV,Daylight,Regional,No control,Unknown,FALSE,FALSE,FALSE,Rain,FALSE,BIANCA CRT; BIANCA CRT ; At,3/4/2020 10:07:02 AM,542100.9119,4804305.959,Q3,Weekend,FALSE
2178,45659,16-216991,10/1/2016 11:30:00 AM,2016,10,1,11,30,Saturday,541989.103,4810446.513,-80.481086,43.445752,Private Drive,2,P.D. only,Other,SMV,Daylight,Municipal,No control,Unknown,FALSE,FALSE,FALSE,Rain,FALSE,CAMERON ST S; CAMERON ST S; Near,3/4/2020 10:07:01 AM,541989.103,4810446.513,Q4,Weekend,FALSE
2179,45660,16-217220,10/1/2016 7:48:00 PM,2016,10,1,19,48,Saturday,541757.0776,4811625.743,-80.483863,43.456382,Intersection,1,Non-fatal injury,On roadway,SMV,Dark,Municipal,Sign Control,Functioning,TRUE,FALSE,FALSE,Clear,FALSE,QUEEN ST N; ST.LEGER ST,3/7/2019 1:21:42 PM,541757.0776,4811625.743,Q4,Weekend,FALSE
2180,45661,16-217599,10/1/2016 11:50:00 PM,2016,10,1,23,50,Saturday,541343.3591,4809061.644,-80.489171,43.433318,Intersection,2,P.D. only,On roadway,Intersection,Dark,Regional,No control,Unknown,FALSE,FALSE,FALSE,Rain,FALSE,HIGHLAND RD E; HEIMAN ST,3/7/2019 1:21:41 PM,541343.3591,4809061.644,Q4,Weekend,FALSE
2181,45662,16-217777,10/2/2016 2:00:00 PM,2016,10,2,14,0,Sunday,539882.1433,4805703.679,-80.50747,43.403162,Non intersection,1,Non-fatal injury,Off roadway,SMV,Daylight,Municipal,No control,Unknown,FALSE,FALSE,FALSE,Clear,FALSE,COPPER LEAF CRES; COPPER LEAF CRES; At; 3 M,3/4/2020 10:07:01 AM,539882.1433,4805703.679,Q4,Weekend,FALSE
2182,45663,16-217919,10/2/2016 5:49:00 PM,2016,10,2,17,49,Sunday,543911.7779,4811589.345,-80.457234,43.455931,Other,2,P.D. only,Off roadway,SMV,Daylight,Municipal,No control,Unknown,FALSE,FALSE,FALSE,Rain,FALSE,CHELSEA RD; At,3/4/2020 10:07:00 AM,543911.7779,4811589.345,Q4,Weekend,FALSE
2183,45664,16-218369,10/1/2016 6:00:00 AM,2016,10,1,6,0,Saturday,542314.6116,4806866.184,-80.477341,43.413496,Private Drive,2,P.D. only,On roadway,SMV,Dark,Regional,No control,Unknown,FALSE,FALSE,FALSE,Clear,FALSE,STRASBURG RD; STRASBURG RD ; Near,3/4/2020 10:06:59 AM,542314.6116,4806866.184,Q4,Weekend,FALSE
2184,45665,16-218373,10/3/2016 10:47:00 AM,2016,10,3,10,47,Monday,539451.5424,4807982.991,-80.512623,43.423708,Non intersection,1,Non-fatal injury,Off roadway,SMV,Daylight,Municipal,No control,Unknown,FALSE,FALSE,FALSE,Clear,FALSE,GREENBROOK DR; GREENBROOK DR ; 12 M,3/4/2020 10:06:59 AM,539451.5424,4807982.991,Q4,Working,FALSE
2185,45666,16-218379,10/3/2016 10:54:00 AM,2016,10,3,10,54,Monday,542405.6372,4806620.351,-80.476236,43.411277,Intersection,2,P.D. only,On roadway,Intersection,Daylight,Municipal,Sign Control,Functioning,FALSE,FALSE,FALSE,Clear,FALSE,STRASBURG RD; OLD COUNTRY DR,3/4/2020 10:06:58 AM,542405.6372,4806620.351,Q4,Working,FALSE
2186,45667,16-218415,10/2/2016 8:00:00 PM,2016,10,2,20,0,Sunday,542788.6806,4803737.06,-80.471731,43.385294,Non intersection,2,Non-reportable,On roadway,SMV,Dark,Municipal,No control,Unknown,FALSE,FALSE,FALSE,Clear,FALSE,BANFFSHIRE CRT; BANFFSHIRE CRT; At; 2 M,3/4/2020 10:06:57 AM,542788.6806,4803737.06,Q4,Weekend,FALSE
2187,45668,16-218609,10/3/2016 3:21:00 PM,2016,10,3,15,21,Monday,540973.0397,4809287.402,-80.49373,43.435371,Intersection,1,Non-fatal injury,On roadway,Rear end,Daylight,Municipal,Sign Control,Functioning,FALSE,FALSE,FALSE,Clear,FALSE,STIRLING AVE S; LORNE AVE; Near; 18.3 M,3/4/2020 10:06:57 AM,540973.0397,4809287.402,Q4,Working,FALSE
2188,45669,16-218671,10/3/2016 3:35:00 PM,2016,10,3,15,35,Monday,545539.9372,4803601.884,-80.437776,43.383915,Intersection,2,P.D. only,On roadway,Rear end,Daylight,Municipal,Sign Control,Functioning,FALSE,FALSE,FALSE,Clear,FALSE,APPLE RIDGE DR; WOODFIELD ST; At,3/4/2020 10:06:56 AM,545539.9372,4803601.884,Q4,Working,FALSE
2189,45670,16-218825,10/3/2016 2:00:00 AM,2016,10,3,2,0,Monday,545476.6758,4812485.115,-80.437818,43.463903,Private Drive,2,P.D. only,On roadway,SMV,Dusk,Municipal,No control,Unknown,FALSE,FALSE,FALSE,Rain,FALSE,WORDSWORTH PL; WORDSWORTH PL; Near,3/4/2020 10:06:55 AM,545476.6758,4812485.115,Q4,Working,FALSE
2190,45671,16-219563,10/4/2016 5:45:00 PM,2016,10,4,17,45,Tuesday,541253.5514,4809430.419,-80.490253,43.436644,Non intersection,2,P.D. only,On roadway,Rear end,Daylight,Municipal,No control,Unknown,FALSE,FALSE,FALSE,Clear,FALSE,STIRLING AVE S; RUSSEL ST; 19 M,3/4/2020 10:06:55 AM,541253.5514,4809430.419,Q4,Working,FALSE
2191,45672,16-219592,10/4/2016 2:15:00 PM,2016,10,4,14,15,Tuesday,541761.8796,4803536.769,-80.484422,43.383549,Intersection,2,P.D. only,On roadway,Intersection,Daylight,Municipal,Sign Control,Functioning,FALSE,FALSE,FALSE,Clear,FALSE,VERONA ST; SIENNA CRES,3/4/2020 10:06:54 AM,541761.8796,4803536.769,Q4,Working,FALSE
2192,45673,16-219640,10/4/2016 7:10:00 PM,2016,10,4,19,10,Tuesday,542239.3131,4806970.564,-80.478263,43.41444,Private Drive,2,P.D. only,On roadway,Intersection,Daylight,Municipal,Sign Control,Functioning,FALSE,FALSE,FALSE,Clear,FALSE,STRASBURG RD; STRASBURG RD ; At; 3 M,3/4/2020 10:06:53 AM,542239.3131,4806970.564,Q4,Working,FALSE
2193,45674,16-220049,10/5/2016 9:21:00 AM,2016,10,5,9,21,Wednesday,541876.1095,4811809.422,-80.482378,43.45803,Intersection,1,Non-fatal injury,On roadway,Intersection,Daylight,Regional,Sign Control,Functioning,FALSE,FALSE,TRUE,Clear,FALSE,LANCASTER ST E; QUEEN ST N,3/7/2019 1:21:39 PM,541876.1095,4811809.422,Q4,Working,TRUE
2194,45675,16-220094,10/5/2016 8:30:00 AM,2016,10,5,8,30,Wednesday,540310.4616,4811549.897,-80.501749,43.455779,Intersection,2,P.D. only,Off roadway,SMV,Daylight,Regional,Sign Control,Functioning,FALSE,FALSE,FALSE,Clear,FALSE,LOUISA ST; MOORE AVE; At,3/4/2020 10:06:52 AM,540310.4616,4811549.897,Q4,Working,FALSE
2195,45676,16-220299,10/5/2016 2:51:00 PM,2016,10,5,14,51,Wednesday,542904.6015,4805687.319,-80.470147,43.402848,Non intersection,1,Non-fatal injury,Off roadway,SMV,Daylight,Regional,No control,Unknown,FALSE,FALSE,TRUE,Clear,FALSE,STRASBURG RD; STRASBURG RD; At; 1 M,3/4/2020 10:06:51 AM,542904.6015,4805687.319,Q4,Working,TRUE
2196,45677,16-220347,10/5/2016 8:00:00 AM,2016,10,5,8,0,Wednesday,539478.0869,4805896.672,-80.512446,43.404921,Non intersection,2,P.D. only,On roadway,SMV,Dark,Municipal,No control,Unknown,FALSE,FALSE,FALSE,Clear,FALSE,MOUNTAIN LAUREL CRES; MOUNTAIN LAUREL CRES ; Near,3/4/2020 10:06:51 AM,539478.0869,4805896.672,Q4,Working,FALSE
2197,45678,16-220574,10/5/2016 8:32:00 PM,2016,10,5,20,32,Wednesday,542784.2818,4804145.006,-80.471753,43.388968,Intersection,2,P.D. only,On roadway,Rear end,Dark,Regional,Sign Control,Functioning,FALSE,FALSE,FALSE,Clear,FALSE,PARKVALE DR ; HURON RD,3/4/2020 10:06:50 AM,542784.2818,4804145.006,Q4,Working,FALSE
2198,45679,16-220996,10/6/2016 10:34:00 AM,2016,10,6,10,34,Thursday,542652.1132,4807352.656,-80.473135,43.417857,Intersection,1,Non-fatal injury,On roadway,SMV,Daylight,Regional,Signal Control,Functioning,TRUE,FALSE,FALSE,Clear,FALSE,BLOCK LINE RD; KINGSWOOD DR; 4 M,3/4/2020 10:06:49 AM,542652.1132,4807352.656,Q4,Weekend,FALSE
2199,45680,16-221233,10/6/2016 11:00:00 AM,2016,10,6,11,0,Thursday,540129.7288,4811572.645,-80.503982,43.455993,Intersection,2,P.D. only,On roadway,Intersection,Daylight,Municipal,Sign Control,Functioning,FALSE,FALSE,FALSE,Clear,FALSE,SHANLEY ST; BRAUN ST,3/4/2020 10:06:49 AM,540129.7288,4811572.645,Q4,Weekend,FALSE
2200,45681,16-221395,10/6/2016 7:18:00 PM,2016,10,6,19,18,Thursday,544116.8234,4811895.443,-80.454675,43.458675,Intersection,1,Non-fatal injury,On roadway,Intersection,Dark,Regional,No control,Unknown,FALSE,TRUE,FALSE,Clear,FALSE,RIVER RD E; MANCHESTER RD,3/4/2020 10:06:48 AM,544116.8234,4811895.443,Q4,Weekend,FALSE
2201,45682,16-221399,10/6/2016 7:00:00 PM,2016,10,6,19,0,Thursday,539048.8882,4811096.457,-80.517375,43.451763,Private Drive,2,P.D. only,On roadway,Other,Dark,Regional,No control,Unknown,FALSE,FALSE,FALSE,Clear,FALSE,GLASGOW ST; GLASGOW ST; At,3/4/2020 10:06:47 AM,539048.8882,4811096.457,Q4,Weekend,FALSE
2202,45683,16-221819,10/7/2016 8:40:00 AM,2016,10,7,8,40,Friday,546062.9774,4809493.93,-80.430823,43.436935,Intersection,1,Non-fatal injury,On roadway,Intersection,Daylight,Municipal,Signal Control,Functioning,FALSE,TRUE,FALSE,Clear,FALSE,KINZIE AVE; RIVER RD E,3/4/2020 10:06:46 AM,546062.9774,4809493.93,Q4,Weekend,FALSE
2203,45684,16-222113,10/7/2016 10:30:00 AM,2016,10,7,10,30,Friday,544347.1165,4805121.752,-80.452379,43.397672,Private Drive,2,P.D. only,Off roadway,SMV,Daylight,Other,No control,Unknown,FALSE,FALSE,FALSE,Clear,FALSE,CLUTHE CRES; CLUTHE CRES ; At; 1 M,3/4/2020 10:06:46 AM,544347.1165,4805121.752,Q4,Weekend,FALSE
2204,45685,16-222232,10/7/2016 4:40:00 PM,2016,10,7,16,40,Friday,539801.0451,4810739.46,-80.508105,43.448509,Intersection,1,Non-fatal injury,On roadway,Intersection,Daylight,Municipal,No control,Unknown,FALSE,FALSE,FALSE,Clear,FALSE,STRANGE ST ; WAVERLY RD,3/4/2020 10:06:45 AM,539801.0451,4810739.46,Q4,Weekend,FALSE
2205,45686,16-222349,10/7/2016 3:35:00 PM,2016,10,7,15,35,Friday,541980.5203,4808280.793,-80.481359,43.426252,Non intersection,2,P.D. only,On roadway,Intersection,Daylight,Regional,No control,Unknown,FALSE,FALSE,FALSE,Clear,FALSE,HOMER WATSON BLVD; OTTAWA ST S; Near; 100 M,3/7/2019 1:21:38 PM,541980.5203,4808280.793,Q4,Weekend,FALSE
2206,45687,16-222867,10/8/2016 10:31:00 AM,2016,10,8,10,31,Saturday,536285.0623,4809350.612,-80.55165,43.436182,Non intersection,2,P.D. only,Off roadway,SMV,Daylight,Municipal,No control,Unknown,FALSE,FALSE,FALSE,Clear,FALSE,RESURRECTION DR; RESURRECTION DR; Near; 2 M,3/4/2020 10:06:44 AM,536285.0623,4809350.612,Q4,Weekend,FALSE
2207,45688,16-223010,10/8/2016 2:21:00 PM,2016,10,8,14,21,Saturday,545387.9622,4808974.025,-80.439206,43.432295,Private Drive,2,P.D. only,On roadway,Rear end,Daylight,Regional,No control,Unknown,FALSE,FALSE,FALSE,Clear,FALSE,KINZIE AVE ; WEBER ST E; 2 M,3/4/2020 10:06:44 AM,545387.9622,4808974.025,Q4,Weekend,FALSE
2208,45689,16-223744,10/9/2016 3:25:00 PM,2016,10,9,15,25,Sunday,544503.2471,4804433.351,-80.450507,43.391464,Intersection,2,P.D. only,On roadway,Rear end,Daylight,Municipal,Sign Control,Functioning,FALSE,FALSE,FALSE,Clear,FALSE,PIONEER DR; BLACK WALNUT DR,3/4/2020 10:06:43 AM,544503.2471,4804433.351,Q4,Weekend,FALSE
2209,45690,16-223803,10/9/2016 1:00:00 AM,2016,10,9,1,0,Sunday,545667.7149,4812137.224,-80.435485,43.460759,Non intersection,2,P.D. only,On roadway,SMV,Dark,Municipal,No control,Unknown,FALSE,FALSE,FALSE,Clear,FALSE,WESTCHESTER DR; WESTCHESTER DR ; Near,3/4/2020 10:06:42 AM,545667.7149,4812137.224,Q4,Weekend,FALSE
2210,45691,16-223829,10/9/2016 6:09:00 PM,2016,10,9,18,9,Sunday,544622.4898,4808636.684,-80.448691,43.429304,Intersection,2,P.D. only,Off roadway,SMV,Daylight,Municipal,Sign Control,Functioning,FALSE,FALSE,FALSE,Clear,FALSE,CONNAUGHT ST; NINTH AVE; At,3/4/2020 10:06:42 AM,544622.4898,4808636.684,Q4,Weekend,FALSE
2211,45692,16-223872,10/9/2016 4:30:00 PM,2016,10,9,16,30,Sunday,537195.5702,4809381.232,-80.540397,43.436413,Private Drive,2,P.D. only,On roadway,SMV,Daylight,Municipal,No control,Unknown,FALSE,FALSE,FALSE,Clear,FALSE,LYNNVALLEY CRES; LYNNVALLEY CRES ; Near; 5 M,3/4/2020 10:06:41 AM,537195.5702,4809381.232,Q4,Weekend,FALSE
2212,45693,16-223875,10/9/2016 7:49:00 PM,2016,10,9,19,49,Sunday,542969.1429,4804299.903,-80.469459,43.390352,Non intersection,2,P.D. only,On roadway,SMV,Dark,Regional,No control,Unknown,FALSE,FALSE,FALSE,Clear,FALSE,HURON RD; STRASBURG RD; Near; 300 M,3/4/2020 10:06:40 AM,542969.1429,4804299.904,Q4,Weekend,FALSE
2213,45694,16-224166,10/10/2016 6:51:00 PM,2016,10,10,18,51,Monday,541974.6693,4815927.195,-80.480843,43.4951,Non intersection,2,P.D. only,On roadway,SMV,Daylight,Municipal,No control,Unknown,FALSE,FALSE,FALSE,Clear,FALSE,HAWKSWOOD DR; HAWKSWOOD DR ; Near; 30 M,3/4/2020 10:06:40 AM,541974.6693,4815927.195,Q4,Working,FALSE
2214,45695,16-224192,10/9/2016 12:45:00 PM,2016,10,9,12,45,Sunday,539129.8405,4809325.184,-80.516501,43.43581,Private Drive,2,P.D. only,On roadway,Intersection,Daylight,Municipal,No control,Unknown,FALSE,FALSE,FALSE,Clear,FALSE,HIGHLAND CRES; HIGHLAND CRES ; At,3/7/2019 1:21:36 PM,539129.8405,4809325.184,Q4,Weekend,FALSE
2215,45696,16-224723,10/11/2016 9:01:00 AM,2016,10,11,9,1,Tuesday,542435.5603,4812486.079,-80.47541,43.464091,Private Drive,2,P.D. only,On roadway,Intersection,Daylight,Regional,No control,Unknown,FALSE,FALSE,FALSE,Clear,FALSE,WELLINGTON ST N; WELLINGTON ST N; Near; 5 M,3/4/2020 10:06:39 AM,542435.5603,4812486.079,Q4,Working,FALSE
2216,45697,16-224772,10/11/2016 8:55:00 AM,2016,10,11,8,55,Tuesday,547783.7369,4804383.635,-80.410008,43.390814,Intersection,2,P.D. only,On roadway,Rear end,Daylight,Regional,No control,Unknown,FALSE,FALSE,FALSE,Clear,FALSE,CONESTOGA COLLEGE BLVD; DOON VALLEY DR; Near,3/4/2020 10:06:38 AM,547783.7369,4804383.635,Q4,Working,FALSE
2217,45698,16-224951,10/11/2016 1:15:00 PM,2016,10,11,13,15,Tuesday,541254.5249,4809428.508,-80.490241,43.436626,Non intersection,2,P.D. only,On roadway,Rear end,Daylight,Municipal,No control,Unknown,FALSE,FALSE,FALSE,Clear,FALSE,STIRLING AVE S; RUSSEL ST; Near,3/4/2020 10:06:38 AM,541254.5249,4809428.508,Q4,Working,FALSE
2218,45699,16-224972,10/11/2016 2:18:00 PM,2016,10,11,14,18,Tuesday,542581.1416,4810125.606,-80.473795,43.442829,Intersection,2,P.D. only,On roadway,Intersection,Daylight,Regional,Signal Control,Functioning,FALSE,FALSE,FALSE,Clear,FALSE,KING ST E; BORDEN AVE N; At; 50 M,3/4/2020 10:06:37 AM,542581.1416,4810125.607,Q4,Working,FALSE
2219,45700,16-225100,10/11/2016 3:20:00 PM,2016,10,11,15,20,Tuesday,544535.006,4804302.549,-80.450125,43.390284,Private Drive,2,P.D. only,On roadway,Other,Daylight,Municipal,No control,Unknown,FALSE,FALSE,FALSE,Clear,FALSE,BECHTEL DR; BECHTEL DR; At,3/4/2020 10:06:36 AM,544535.006,4804302.549,Q4,Working,FALSE
2220,45701,16-225143,10/11/2016 10:45:00 AM,2016,10,11,10,45,Tuesday,539590.4239,4811842.133,-80.510628,43.458449,Non intersection,2,P.D. only,On roadway,Intersection,Daylight,Municipal,No control,Unknown,FALSE,FALSE,FALSE,Clear,FALSE,PINE ST; PINE ST ; Near,3/4/2020 10:06:36 AM,539590.4239,4811842.133,Q4,Working,FALSE
2221,45702,16-225604,10/11/2016 4:45:00 PM,2016,10,11,16,45,Tuesday,540745.3213,4811482.673,-80.49638,43.45515,Private Drive,2,P.D. only,On roadway,Other,Daylight,Regional,No control,Unknown,FALSE,FALSE,FALSE,Clear,FALSE,DUKE ST W; DUKE ST W; Near,3/7/2019 1:21:35 PM,540745.3213,4811482.673,Q4,Working,FALSE
2222,45703,16-225632,10/12/2016 10:46:00 AM,2016,10,12,10,46,Wednesday,541466.7173,4809537.251,-80.487611,43.437594,Intersection,2,P.D. only,Off roadway,SMV,Daylight,Municipal,Signal Control,Functioning,FALSE,FALSE,FALSE,Clear,FALSE,STIRLING AVE S; MILL ST; 30 M,3/4/2020 10:06:35 AM,541466.7173,4809537.251,Q4,Working,FALSE
2223,45704,16-225778,10/12/2016 9:00:00 AM,2016,10,12,9,0,Wednesday,544328.2604,4809024.149,-80.452295,43.43281,Non intersection,2,P.D. only,On roadway,SMV,Daylight,Municipal,No control,Unknown,FALSE,FALSE,FALSE,Clear,FALSE,FIFTH AVE; FIFTH AVE ; Near,3/4/2020 10:06:34 AM,544328.2604,4809024.149,Q4,Working,FALSE
2224,45705,16-225803,10/12/2016 9:05:00 AM,2016,10,12,9,5,Wednesday,542217.9169,4810219.072,-80.478276,43.443691,Non intersection,2,P.D. only,On roadway,Rear end,Daylight,Regional,Signal Control,Functioning,FALSE,FALSE,FALSE,Clear,FALSE,STIRLING AVE S; CHARLES ST E; Near,3/4/2020 10:06:34 AM,542217.9169,4810219.072,Q4,Working,FALSE
2225,45706,16-225810,9/26/2016 8:30:00 PM,2016,9,26,20,30,Monday,542107.4492,4807132.724,-80.479879,43.415908,Intersection,1,Non-fatal injury,On roadway,Rear end,Dusk,Municipal,Signal Control,Functioning,FALSE,FALSE,FALSE,Clear,FALSE,STRASBURG RD; BLOCK LINE RD,3/4/2020 10:06:33 AM,542107.4492,4807132.724,Q3,Working,FALSE
2226,45707,16-225855,10/12/2016 3:52:00 PM,2016,10,12,15,52,Wednesday,543528.6532,4810060.927,-80.462092,43.442192,Non intersection,2,P.D. only,On roadway,SMV,Daylight,Municipal,No control,Unknown,FALSE,FALSE,FALSE,Clear,FALSE,CLIVE RD; CLIVE RD ; At; 2 M,3/4/2020 10:06:32 AM,543528.6532,4810060.927,Q4,Working,FALSE
2227,45708,16-225984,10/12/2016 7:05:00 PM,2016,10,12,19,5,Wednesday,542067.821,4810922.494,-80.480077,43.450033,Private Drive,2,P.D. only,On roadway,Intersection,Daylight,Municipal,No control,Unknown,FALSE,FALSE,FALSE,Clear,FALSE,KRUG ST; LANCASTER ST E; Near; 90 M,3/4/2020 10:06:32 AM,542067.821,4810922.494,Q4,Working,FALSE
2228,45709,16-226466,10/13/2016 11:15:00 AM,2016,10,13,11,15,Thursday,542187.2221,4810206.422,-80.478657,43.443579,Non intersection,1,Non-fatal injury,On roadway,SMV,Daylight,Regional,No control,Unknown,TRUE,FALSE,FALSE,Clear,FALSE,STIRLING AVE S; CHARLES ST E; 30 M,3/7/2019 1:21:34 PM,542187.2221,4810206.422,Q4,Weekend,FALSE
2229,45710,16-226585,10/13/2016 2:10:00 PM,2016,10,13,14,10,Thursday,538960.6788,4805651.482,-80.518854,43.40274,Intersection,2,P.D. only,On roadway,Intersection,Daylight,Regional,Signal Control,Functioning,FALSE,FALSE,FALSE,Clear,FALSE,ACTIVA AVE; SNOWDROP CRES,3/4/2020 10:06:31 AM,538960.6788,4805651.482,Q4,Weekend,FALSE
2230,45711,16-226890,10/13/2016 10:10:00 PM,2016,10,13,22,10,Thursday,539058.1692,4809764.634,-80.517355,43.439771,Non intersection,2,P.D. only,On roadway,SMV,Dark,Municipal,No control,Unknown,FALSE,FALSE,FALSE,Clear,FALSE,PAULANDER DR; PAULANDER DR ; Near; 5 M,3/4/2020 10:06:30 AM,539058.1692,4809764.634,Q4,Weekend,FALSE
2231,45712,16-227478,10/14/2016 3:14:00 PM,2016,10,14,15,14,Friday,544644.0984,4811820.238,-80.448164,43.457967,Intersection,1,Non-fatal injury,On roadway,Rear end,Daylight,Municipal,No control,Unknown,FALSE,FALSE,FALSE,Clear,FALSE,BIRKSHIRE CRT ; LORRAINE AVE; At; 10 M,3/4/2020 10:06:30 AM,544644.0984,4811820.238,Q4,Weekend,FALSE
2232,45713,16-227512,10/14/2016 4:03:00 PM,2016,10,14,16,3,Friday,544826.9735,4811310.885,-80.445945,43.45337,Non intersection,2,P.D. only,On roadway,Rear end,Daylight,Regional,No control,Unknown,FALSE,FALSE,FALSE,Clear,FALSE,RIVER RD E; HICKSON DR ; 150 M,3/4/2020 10:06:29 AM,544826.9735,4811310.885,Q4,Weekend,FALSE
2233,45714,16-227566,10/14/2016 4:00:00 PM,2016,10,14,16,0,Friday,539617.367,4811374.857,-80.510329,43.45424,Intersection,2,P.D. only,On roadway,Rear end,Daylight,Municipal,Signal Control,Functioning,FALSE,FALSE,FALSE,Clear,FALSE,GLASGOW ST; PARK ST,3/4/2020 10:06:28 AM,539617.367,4811374.857,Q4,Weekend,FALSE
2234,45715,16-227580,10/14/2016 5:23:00 PM,2016,10,14,17,23,Friday,540667.7053,4810971.977,-80.497377,43.450556,Private Drive,2,P.D. only,On roadway,Other,Daylight,Municipal,No control,Unknown,FALSE,FALSE,FALSE,Clear,FALSE,FRANCIS ST S; FRANCIS ST S; Near; 8 M,3/4/2020 10:06:27 AM,540667.7053,4810971.977,Q4,Weekend,FALSE
2235,45716,16-228038,10/12/2016 7:00:00 PM,2016,10,12,19,0,Wednesday,537382.4396,4807353.77,-80.538227,43.418148,Private Drive,2,P.D. only,On roadway,SMV,Daylight,Municipal,No control,Unknown,FALSE,FALSE,FALSE,Clear,FALSE,HOMESTEAD PL; HOMESTEAD PL ; At,3/4/2020 10:06:27 AM,537382.4396,4807353.77,Q4,Working,FALSE
2236,45717,16-228197,10/10/2016 5:30:00 PM,2016,10,10,17,30,Monday,541068,4811108,0,0,Other,2,P.D. only,Off roadway,SMV,Daylight,Municipal,No control,Unknown,FALSE,FALSE,TRUE,Clear,FALSE,PARK; GREEN VALLEY DR,3/4/2020 10:06:26 AM,541068,4811108,Q4,Working,TRUE
2237,45718,16-228241,10/15/2016 1:49:00 PM,2016,10,15,13,49,Saturday,547292.0879,4811519.422,-80.41546,43.455096,Non intersection,2,P.D. only,On roadway,SMV,Daylight,Municipal,No control,Unknown,FALSE,FALSE,FALSE,Clear,FALSE,DEER CREEK ST ; BROOKMEAD ST ; 25 M,3/4/2020 10:06:25 AM,547292.0879,4811519.422,Q4,Weekend,FALSE
2238,45719,16-228994,10/15/2016 7:02:00 PM,2016,10,15,19,2,Saturday,542011.0299,4810483.297,-80.480813,43.446082,Intersection,2,P.D. only,On roadway,Intersection,Dusk,Regional,Sign Control,Functioning,FALSE,FALSE,FALSE,Clear,FALSE,KING ST E; CAMERON ST N,3/7/2019 1:21:33 PM,542011.0299,4810483.297,Q4,Weekend,FALSE