,OBJECTID,ACCIDENTNUM,ACCIDENTDATE,ACCIDENT_YEAR,ACCIDENT_MONTH,ACCIDENT_DAY,ACCIDENT_HOUR,ACCIDENT_MINUTE,Accident_Day,XCOORD,YCOORD,LONGITUDE,LATITUDE,Accident_Location,COLLISIONTYPE,Accident_Type,Impact_Location,Impact_Type,Light,Road_Jurisdication,Traffic_Control,Traffic_Control_Condition,Pedestrian_Involved,Cyclist_Involved,Motorcyclist_Involved,Environment_Condition,Self_Reported,XMLIMPORTNOTES,LASTEDITEDDATE,x,y,Quarter,Day_Type,Vulnerable_Involved
2239,45720,16-229036,10/16/2016 1:05:00 PM,2016,10,16,13,5,Sunday,540271.6674,4806894.911,-80.502572,43.413867,Non intersection,2,P.D. only,On roadway,SMV,Daylight,Municipal,No control,Unknown,FALSE,FALSE,FALSE,Clear,FALSE,WILLIAMSBURG RD; MARCON CT; 3 M,3/4/2020 10:06:25 AM,540271.6674,4806894.911,Q4,Weekend,FALSE
2240,45721,16-229295,10/16/2016 8:00:00 PM,2016,10,16,20,0,Sunday,538126.9434,4809872.954,-80.528855,43.440794,Intersection,2,P.D. only,On roadway,Intersection,Dark,Municipal,Sign Control,Functioning,FALSE,TRUE,FALSE,Clear,FALSE,DALEGROVE DR; INGLESIDE DR,3/4/2020 10:06:24 AM,538126.9434,4809872.954,Q4,Weekend,FALSE
2241,45722,16-229810,10/15/2016 7:30:00 PM,2016,10,15,19,30,Saturday,538823.2426,4810734.236,-80.520189,43.448513,Non intersection,2,P.D. only,On roadway,SMV,Dark,Municipal,No control,Unknown,FALSE,FALSE,FALSE,Clear,FALSE,KATHERINE CRES; KATHERINE CRES; Near,3/4/2020 10:06:23 AM,538823.2426,4810734.236,Q4,Weekend,FALSE
2242,45723,16-229912,10/17/2016 3:16:00 PM,2016,10,17,15,16,Monday,541346.7473,4809686.321,-80.489082,43.438943,Non intersection,1,Non-fatal injury,On roadway,SMV,Daylight,Municipal,No control,Unknown,TRUE,FALSE,FALSE,Clear,FALSE,MILL ST; MADISON AVE S; 10 M,3/7/2019 1:21:32 PM,541346.7473,4809686.321,Q4,Working,FALSE
2243,45724,16-230073,10/15/2016 10:30:00 PM,2016,10,15,22,30,Saturday,547880.7172,4810713.186,-80.408256,43.447799,Non intersection,2,P.D. only,On roadway,SMV,Daylight,Municipal,No control,Unknown,FALSE,FALSE,FALSE,Clear,FALSE,COLTON CIR ; COLTON CIR ; Near,3/4/2020 10:06:23 AM,547880.7172,4810713.187,Q4,Weekend,FALSE
2244,45725,16-230098,10/17/2016 7:30:00 AM,2016,10,17,7,30,Monday,545512.662,4811465.198,-80.437458,43.454718,Non intersection,2,P.D. only,On roadway,SMV,Dark,Municipal,No control,Unknown,FALSE,FALSE,FALSE,Rain,FALSE,MCGEE AVE; MCGEE AVE; Near,3/4/2020 10:06:22 AM,545512.662,4811465.198,Q4,Working,FALSE
2245,45726,16-230113,10/17/2016 4:30:00 PM,2016,10,17,16,30,Monday,536402.4754,4806758.345,-80.550372,43.412835,Private Drive,2,P.D. only,On roadway,Rear end,Daylight,Municipal,No control,Unknown,FALSE,FALSE,FALSE,Clear,FALSE,GOLDEN MEADOW CRES ; GOLDEN MEADOW CRES ; Near; 10 M,3/4/2020 10:06:21 AM,536402.4754,4806758.345,Q4,Working,FALSE
2246,45727,16-230421,10/18/2016 8:40:00 AM,2016,10,18,8,40,Tuesday,541763.6802,4804152.158,-80.484353,43.38909,Private Drive,2,P.D. only,On roadway,SMV,Daylight,Municipal,No control,Unknown,FALSE,FALSE,FALSE,Clear,FALSE,PARKVALE DR; PARKVALE DR ; Near; 5 M,3/4/2020 10:06:21 AM,541763.6802,4804152.158,Q4,Working,FALSE
2247,45728,16-230745,10/18/2016 3:10:00 PM,2016,10,18,15,10,Tuesday,540769.2724,4809834.647,-80.496207,43.44031,Intersection,1,Non-fatal injury,On roadway,Intersection,Daylight,Municipal,Sign Control,Functioning,FALSE,FALSE,FALSE,Clear,FALSE,HIGHLAND RD E; RUBY ST,3/7/2019 1:21:30 PM,540769.2724,4809834.647,Q4,Working,FALSE
2248,45729,16-230804,10/18/2016 4:40:00 PM,2016,10,18,16,40,Tuesday,540796.109,4809181.404,-80.495924,43.434427,Non intersection,2,P.D. only,On roadway,Rear end,Daylight,Municipal,Sign Control,Functioning,FALSE,FALSE,FALSE,Clear,FALSE,STIRLING AVE S; PLEASANT AVE ; Near; 550 M,3/4/2020 10:06:20 AM,540796.109,4809181.404,Q4,Working,FALSE
2249,45730,16-231341,10/19/2016 10:45:00 AM,2016,10,19,10,45,Wednesday,540537.1796,4811416.176,-80.498957,43.454563,Private Drive,2,P.D. only,On roadway,SMV,Daylight,Municipal,No control,Unknown,FALSE,FALSE,FALSE,Clear,FALSE,BREITHAUPT ST; BREITHAUPT ST ; 20 M,3/4/2020 10:06:19 AM,540537.1796,4811416.176,Q4,Working,FALSE
2250,45731,16-231515,10/19/2016 3:07:00 PM,2016,10,19,15,7,Wednesday,542399.4048,4811080.609,-80.475967,43.451438,Intersection,1,Non-fatal injury,On roadway,Intersection,Daylight,Municipal,Sign Control,Functioning,FALSE,FALSE,FALSE,Clear,FALSE,KRUG ST; SIMEON ST,3/7/2019 1:21:29 PM,542399.4048,4811080.609,Q4,Working,FALSE
2251,45732,16-231611,10/19/2016 5:22:00 PM,2016,10,19,17,22,Wednesday,545518.002,4811115.496,-80.437421,43.451569,Intersection,1,Non-fatal injury,On roadway,Intersection,Daylight,Municipal,Sign Control,Functioning,FALSE,FALSE,FALSE,Clear,FALSE,HOLBORN DR; CARNABY CRES ; 2 M,3/4/2020 10:06:19 AM,545518.002,4811115.496,Q4,Working,FALSE
2252,45733,16-231711,10/19/2016 4:00:00 PM,2016,10,19,16,0,Wednesday,539545.8277,4811741.276,-80.511186,43.457543,Non intersection,2,P.D. only,On roadway,Intersection,Daylight,Municipal,No control,Unknown,FALSE,FALSE,FALSE,Clear,FALSE,PINE ST; DODDS LANE; Near,3/4/2020 10:06:18 AM,539545.8277,4811741.276,Q4,Working,FALSE
2253,45734,16-232232,10/20/2016 2:40:00 PM,2016,10,20,14,40,Thursday,544116.8234,4811895.443,-80.454675,43.458675,Intersection,1,Non-fatal injury,On roadway,Intersection,Daylight,Municipal,Sign Control,Functioning,FALSE,FALSE,FALSE,Rain,FALSE,RIVER RD E; MANCHESTER RD,3/4/2020 10:06:17 AM,544116.8234,4811895.443,Q4,Weekend,FALSE
2254,45735,16-232350,10/20/2016 5:18:00 PM,2016,10,20,17,18,Thursday,541180.3073,4809392.771,-80.491161,43.436309,Intersection,1,Non-fatal injury,On roadway,SMV,Daylight,Regional,Signal Control,Functioning,TRUE,FALSE,FALSE,Rain,FALSE,HIGHLAND RD E; STIRLING AVE S,3/4/2020 10:06:17 AM,541180.3073,4809392.771,Q4,Weekend,FALSE
2255,45736,16-232366,10/20/2016 4:45:00 PM,2016,10,20,16,45,Thursday,541219.6731,4809312.199,-80.490681,43.435581,Private Drive,2,P.D. only,On roadway,Intersection,Daylight,Regional,No control,Unknown,FALSE,FALSE,FALSE,Rain,FALSE,HIGHLAND RD E; HIGHLAND RD E,3/7/2019 1:21:28 PM,541219.6731,4809312.199,Q4,Weekend,FALSE
2256,45737,16-232387,10/20/2016 6:21:00 PM,2016,10,20,18,21,Thursday,542323.6151,4811046.898,-80.476906,43.451139,Private Drive,2,P.D. only,On roadway,SMV,Daylight,Municipal,No control,Unknown,FALSE,FALSE,FALSE,Clear,FALSE,SAMUEL ST ; SAMUEL ST; Near; 3 M,3/7/2019 1:21:27 PM,542323.6151,4811046.898,Q4,Weekend,FALSE
2257,45738,16-232430,10/20/2016 7:23:00 PM,2016,10,20,19,23,Thursday,546993.2629,4808376.027,-80.419424,43.426812,Intersection,2,P.D. only,On roadway,Rear end,Dark,Municipal,Sign Control,Functioning,FALSE,FALSE,FALSE,Rain,FALSE,GRAND RIVER BLVD; RIVER RD E,3/7/2019 1:21:25 PM,546993.2629,4808376.027,Q4,Weekend,FALSE
2258,45739,16-232690,10/21/2016 7:45:00 AM,2016,10,21,7,45,Friday,540279.5906,4811619.214,-80.502126,43.456405,Non intersection,2,P.D. only,On roadway,SMV,Dark,Municipal,No control,Unknown,FALSE,FALSE,FALSE,Rain,FALSE,MOORE AVE; SHANLEY ST ; 20 M,3/4/2020 10:06:16 AM,540279.5906,4811619.214,Q4,Weekend,FALSE
2259,45740,16-232783,10/21/2016 7:20:00 AM,2016,10,21,7,20,Friday,545349.6856,4812160.319,-80.439414,43.460987,Intersection,1,Non-fatal injury,On roadway,SMV,Daylight,Regional,Sign Control,Functioning,TRUE,FALSE,FALSE,Rain,FALSE,HERITAGE DR; LORRAINE AVE,3/4/2020 10:06:15 AM,545349.6856,4812160.319,Q4,Weekend,FALSE
2260,45741,16-233648,10/22/2016 12:20:00 PM,2016,10,22,12,20,Saturday,541956.1373,4810868.281,-80.481461,43.449551,Intersection,2,P.D. only,On roadway,Intersection,Daylight,Regional,Sign Control,Functioning,FALSE,FALSE,FALSE,Clear,FALSE,KRUG ST; CEDAR ST N,3/4/2020 10:06:15 AM,541956.1373,4810868.281,Q4,Weekend,FALSE
2261,45742,16-233746,10/22/2016 3:06:00 PM,2016,10,22,15,6,Saturday,543708.5533,4812433.742,-80.459678,43.463546,Intersection,1,Non-fatal injury,On roadway,Rear end,Daylight,Regional,No control,Unknown,FALSE,FALSE,FALSE,Clear,FALSE,FREDERICK ST; TURNER AVE ; At,3/7/2019 1:21:24 PM,543708.5533,4812433.742,Q4,Weekend,FALSE
2262,45743,16-233807,10/22/2016 4:27:00 PM,2016,10,22,16,27,Saturday,544958.8635,4811035.793,-80.444338,43.450885,Private Drive,2,P.D. only,On roadway,Intersection,Daylight,Municipal,Sign Control,Functioning,FALSE,FALSE,FALSE,Clear,FALSE,RIVER RD E; OTTAWA ST N; Near; 89 M,3/7/2019 1:21:23 PM,544958.8635,4811035.793,Q4,Weekend,FALSE
2263,45744,16-234058,10/22/2016 11:00:00 PM,2016,10,22,23,0,Saturday,540219.8769,4809731.22,-80.503003,43.439408,Non intersection,2,P.D. only,On roadway,SMV,Dark,Municipal,No control,Unknown,FALSE,FALSE,FALSE,Clear,FALSE,PATRICIA AVE; PATRICIA AVE ; Near,3/4/2020 10:06:14 AM,540219.8769,4809731.22,Q4,Weekend,FALSE
2264,45745,16-234343,10/21/2016 8:00:00 PM,2016,10,21,20,0,Friday,541068,4811108,0,0,Non intersection,2,P.D. only,On roadway,SMV,Dark,Municipal,No control,Unknown,FALSE,FALSE,FALSE,Clear,FALSE,SPRING CREEK ST; SPRING CREEK ST ; Near,3/4/2020 10:06:13 AM,541068,4811108,Q4,Weekend,FALSE
2265,45746,16-234483,10/23/2016 2:00:00 PM,2016,10,23,14,0,Sunday,538626.1504,4806622.419,-80.522916,43.4115,Private Drive,2,P.D. only,On roadway,Other,Daylight,Municipal,No control,Unknown,FALSE,FALSE,FALSE,Clear,FALSE,WINDFLOWER DR; WINDFLOWER DR,3/4/2020 10:06:13 AM,538626.1504,4806622.419,Q4,Weekend,FALSE
2266,45747,16-235284,10/24/2016 4:30:00 PM,2016,10,24,16,30,Monday,543986.9784,4803428.081,-80.456962,43.382443,Private Drive,2,P.D. only,On roadway,SMV,Daylight,Municipal,No control,Unknown,FALSE,FALSE,FALSE,Clear,FALSE,HEARTHBRIDGE ST; HEARTHBRIDGE ST; At,3/4/2020 10:06:12 AM,543986.9784,4803428.081,Q4,Working,FALSE
2267,45748,16-235735,10/23/2016 6:30:00 PM,2016,10,23,18,30,Sunday,547570.0823,4810720.847,-80.412094,43.447888,Non intersection,2,P.D. only,On roadway,SMV,Dark,Municipal,No control,Unknown,FALSE,FALSE,FALSE,Clear,FALSE,COUNTRY CLAIR ST; COUNTRY CLAIR ST; Near,3/4/2020 10:06:11 AM,547570.0823,4810720.847,Q4,Weekend,FALSE
2268,45749,16-235830,10/25/2016 6:30:00 AM,2016,10,25,6,30,Tuesday,540779.0256,4812291.63,-80.495902,43.462432,Intersection,2,P.D. only,On roadway,Intersection,Dawn,Municipal,Sign Control,Functioning,FALSE,FALSE,FALSE,Clear,FALSE,GUELPH ST; BRUNSWICK AVE,3/4/2020 10:06:11 AM,540779.0256,4812291.63,Q4,Working,FALSE
2269,45750,16-235915,10/25/2016 3:28:00 PM,2016,10,25,15,28,Tuesday,545850.517,4809418.241,-80.433454,43.436267,Intersection,2,P.D. only,On roadway,SMV,Daylight,Municipal,Sign Control,Functioning,FALSE,FALSE,FALSE,Clear,FALSE,BURGETZ AVE; THALER AVE,3/4/2020 10:06:10 AM,545850.517,4809418.241,Q4,Working,FALSE
2270,45751,16-236303,10/26/2016 7:48:00 AM,2016,10,26,7,48,Wednesday,539568.2253,4805926.029,-80.511331,43.405181,Private Drive,2,P.D. only,On roadway,Intersection,Daylight,Municipal,No control,Unknown,FALSE,FALSE,FALSE,Clear,FALSE,MAX BECKER DR; MAX BECKER DR ; 3 M,3/4/2020 10:06:09 AM,539568.2253,4805926.029,Q4,Working,FALSE
2271,45752,16-236341,10/26/2016 8:25:00 AM,2016,10,26,8,25,Wednesday,543854.9871,4809807.961,-80.458079,43.439895,Other,1,Non-fatal injury,Off roadway,SMV,Daylight,Municipal,No control,Unknown,FALSE,FALSE,FALSE,Clear,FALSE,MONTGOMERY RD,3/4/2020 10:06:08 AM,543854.9871,4809807.961,Q4,Working,FALSE
2272,45753,16-236432,10/26/2016 10:02:00 AM,2016,10,26,10,2,Wednesday,538930.8071,4807955.252,-80.519058,43.423485,Non intersection,2,P.D. only,On roadway,Rear end,Daylight,Regional,No control,Unknown,FALSE,FALSE,FALSE,Clear,FALSE,MCGARRY DR; FISCHER HALLMAN RD; Near; 15 M,3/4/2020 10:06:08 AM,538930.8071,4807955.252,Q4,Working,FALSE
2273,45754,16-236513,10/26/2016 12:10:00 PM,2016,10,26,12,10,Wednesday,541556.3214,4811282.459,-80.486371,43.453303,Intersection,2,P.D. only,On roadway,Intersection,Daylight,Municipal,Sign Control,Functioning,FALSE,FALSE,FALSE,Clear,FALSE,QUEEN ST N; AHRENS ST E,3/7/2019 1:21:22 PM,541556.3214,4811282.459,Q4,Working,FALSE
2274,45755,16-236677,10/25/2016 8:30:00 PM,2016,10,25,20,30,Tuesday,546685.8521,4802328.384,-80.423738,43.372378,Non intersection,2,P.D. only,Off roadway,SMV,Dark,Regional,No control,Unknown,FALSE,FALSE,FALSE,Clear,FALSE,REICHERT RD; NEW DUNDEE RD ; 56 M,3/4/2020 10:06:07 AM,546685.8521,4802328.384,Q4,Working,FALSE
2275,45756,16-236698,10/26/2016 7:30:00 AM,2016,10,26,7,30,Wednesday,546563.5189,4810878.373,-80.42452,43.44937,Non intersection,2,P.D. only,On roadway,SMV,Daylight,Municipal,No control,Unknown,FALSE,FALSE,FALSE,Clear,FALSE,MICHENER CRES; MICHENER CRES ; At,3/4/2020 10:06:06 AM,546563.5189,4810878.373,Q4,Working,FALSE
2276,45757,16-237093,10/27/2016 8:34:00 AM,2016,10,27,8,34,Thursday,540918.0908,4813201.901,-80.494115,43.470621,Private Drive,2,P.D. only,Off roadway,SMV,Dark,Municipal,No control,Unknown,FALSE,FALSE,FALSE,Rain,FALSE,MAPLEWOOD PL; MAPLEWOOD PL ; Near; 10 M,3/4/2020 10:06:06 AM,540918.0908,4813201.901,Q4,Weekend,FALSE
2277,45758,16-237094,10/27/2016 8:14:00 AM,2016,10,27,8,14,Thursday,541492.4994,4806415.317,-80.48753,43.409482,Intersection,1,Non-fatal injury,On roadway,Intersection,Daylight,Municipal,Sign Control,Functioning,FALSE,FALSE,FALSE,Rain,FALSE,RITTENHOUSE RD ; ERINBROOK DR ; 2 M,3/4/2020 10:06:05 AM,541492.4994,4806415.317,Q4,Weekend,FALSE
2278,45759,16-237270,10/25/2016 7:00:00 PM,2016,10,25,19,0,Tuesday,536631.6118,4808196.261,-80.547445,43.425771,Non intersection,2,P.D. only,On roadway,SMV,Dark,Municipal,No control,Unknown,FALSE,FALSE,FALSE,Clear,FALSE,WESTMEADOW DR; WESTMEADOW DR ; Near,3/4/2020 10:06:04 AM,536631.6118,4808196.261,Q4,Working,FALSE
2279,45760,16-237274,10/26/2016 8:30:00 AM,2016,10,26,8,30,Wednesday,542562.6402,4815861.169,-80.473576,43.494473,Private Drive,2,P.D. only,On roadway,SMV,Daylight,Regional,No control,Unknown,FALSE,FALSE,FALSE,Clear,FALSE,KESTREL ST; KESTREL ST; At,3/4/2020 10:06:04 AM,542562.6402,4815861.169,Q4,Working,FALSE
2280,45761,16-237290,10/27/2016 12:51:00 PM,2016,10,27,12,51,Thursday,544035.6564,4802430.501,-80.456441,43.373458,Intersection,1,Non-fatal injury,Off roadway,SMV,Daylight,Municipal,No control,Unknown,FALSE,FALSE,FALSE,Rain,FALSE,REIDEL DR ; STAUFFER DR; Near; 20.5 M,3/4/2020 10:06:03 AM,544035.6564,4802430.501,Q4,Weekend,FALSE
2281,45762,16-237451,10/27/2016 1:45:00 PM,2016,10,27,13,45,Thursday,542406.1447,4811681.159,-80.475837,43.456845,Non intersection,2,P.D. only,On roadway,Intersection,Daylight,Regional,No control,Unknown,FALSE,FALSE,FALSE,Clear,FALSE,EAST AVE; FREDERICK ST; Near,3/4/2020 10:06:02 AM,542406.1447,4811681.159,Q4,Weekend,FALSE
2282,45763,16-237457,10/27/2016 8:30:00 AM,2016,10,27,8,30,Thursday,542581.1416,4810125.606,-80.473795,43.442829,Non intersection,2,P.D. only,On roadway,Rear end,Daylight,Regional,No control,Unknown,FALSE,FALSE,FALSE,Rain,FALSE,KING ST E; BORDEN AVE N; Near,3/4/2020 10:06:02 AM,542581.1416,4810125.607,Q4,Weekend,FALSE
2283,45764,16-237869,10/28/2016 7:14:00 AM,2016,10,28,7,14,Friday,542183.4997,4812361.876,-80.478536,43.462987,Non intersection,2,P.D. only,Off roadway,SMV,Dark,Regional,No control,Unknown,FALSE,FALSE,FALSE,Clear,FALSE,WELLINGTON ST N; WELLINGTON ST N; Near; 1 M,3/4/2020 10:06:01 AM,542183.4997,4812361.876,Q4,Weekend,FALSE
2284,45765,16-238030,10/28/2016 10:47:00 AM,2016,10,28,10,47,Friday,545171.6858,4804734.195,-80.442229,43.394133,Non intersection,1,Non-fatal injury,On roadway,Intersection,Daylight,Regional,No control,Unknown,FALSE,FALSE,FALSE,Clear,FALSE,PIONEER DR; PIONEER DR; At; 0 M,3/4/2020 10:06:00 AM,545171.6858,4804734.195,Q4,Weekend,FALSE
2285,45766,16-238167,10/28/2016 2:27:00 PM,2016,10,28,14,27,Friday,543731.669,4808096.513,-80.45974,43.424493,Intersection,0,Fatal injury,On roadway,SMV,Daylight,Municipal,Sign Control,Functioning,TRUE,FALSE,FALSE,Clear,FALSE,VANIER DR ; SHELLEY DR,3/4/2020 10:06:00 AM,543731.669,4808096.513,Q4,Weekend,FALSE
2286,45767,16-238319,10/28/2016 6:07:00 PM,2016,10,28,18,7,Friday,549348.5333,4806281.775,-80.390517,43.407804,Non intersection,1,Non-fatal injury,On roadway,SMV,Dark,Municipal,No control,Unknown,TRUE,FALSE,FALSE,Clear,FALSE,GATEWAY PARK DR ; GATEWAY PARK DR ; Near; 8 M,3/4/2020 10:05:59 AM,549348.5333,4806281.775,Q4,Weekend,FALSE
2287,45768,16-238321,10/28/2016 5:00:00 PM,2016,10,28,17,0,Friday,544957.8955,4811036.744,-80.44435,43.450894,Private Drive,2,Non-reportable,On roadway,Intersection,Daylight,Regional,Signal Control,Functioning,FALSE,FALSE,FALSE,Clear,FALSE,RIVER RD E; OTTAWA ST N; At,3/7/2019 1:21:21 PM,544957.8955,4811036.744,Q4,Weekend,FALSE
2288,45769,16-238330,10/28/2016 9:10:00 AM,2016,10,28,9,10,Friday,537692.8224,4807041.364,-80.534415,43.41532,Intersection,2,P.D. only,On roadway,Rear end,Daylight,Municipal,Sign Control,Functioning,FALSE,FALSE,FALSE,Clear,FALSE,PARKLAND CRES; DRIFTWOOD DR; At,3/4/2020 10:05:58 AM,537692.8224,4807041.364,Q4,Weekend,FALSE
2289,45770,16-238449,10/28/2016 9:14:00 AM,2016,10,28,9,14,Friday,544752.8898,4809031.71,-80.447048,43.432853,Non intersection,1,Non-fatal injury,On roadway,Rear end,Dusk,Municipal,No control,Unknown,FALSE,FALSE,FALSE,Clear,FALSE,KINGSWAY DR; NINTH AVE ; Near; 0 M,3/4/2020 10:05:57 AM,544752.8898,4809031.71,Q4,Weekend,FALSE
2290,45771,16-239072,10/29/2016 2:00:00 PM,2016,10,29,14,0,Saturday,545792.9216,4808624.466,-80.434232,43.429123,Intersection,2,P.D. only,On roadway,Intersection,Daylight,Regional,Sign Control,Functioning,FALSE,FALSE,FALSE,Clear,FALSE,KING ST E; MORGAN AVE,3/4/2020 10:05:57 AM,545792.9216,4808624.466,Q4,Weekend,FALSE
2291,45772,16-239719,10/29/2016 3:40:00 PM,2016,10,29,15,40,Saturday,544530.7955,4808032.014,-80.449874,43.423865,Private Drive,2,P.D. only,On roadway,SMV,Daylight,Municipal,No control,Unknown,FALSE,FALSE,FALSE,Clear,FALSE,WOODHAVEN RD; WOODHAVEN RD ; Near,3/4/2020 10:05:56 AM,544530.7955,4808032.015,Q4,Weekend,FALSE
2292,45773,16-240358,10/31/2016 7:34:00 AM,2016,10,31,7,34,Monday,543099.8517,4811870.047,-80.467247,43.458506,Non intersection,2,P.D. only,On roadway,SMV,Dawn,Municipal,No control,Unknown,FALSE,FALSE,FALSE,Clear,FALSE,FIFE AVE; BRUCE ST; Near; 40 M,3/4/2020 10:05:55 AM,543099.8517,4811870.047,Q4,Working,FALSE
2293,45774,16-240413,10/31/2016 8:30:00 AM,2016,10,31,8,30,Monday,540130.6845,4811573.608,-80.50397,43.456002,Non intersection,2,P.D. only,On roadway,SMV,Daylight,Municipal,No control,Unknown,FALSE,FALSE,FALSE,Clear,FALSE,SHANLEY ST; BRAUN ST; Near,3/4/2020 10:05:55 AM,540130.6845,4811573.608,Q4,Working,FALSE
2294,45775,16-240806,10/31/2016 6:06:00 PM,2016,10,31,18,6,Monday,541030.9932,4810484.963,-80.492924,43.446151,Non intersection,1,Non-fatal injury,On roadway,Intersection,Daylight,Regional,Signal Control,Functioning,FALSE,TRUE,FALSE,Clear,FALSE,COURTLAND AVE E; QUEEN ST S; 38 M,3/7/2019 1:21:20 PM,541030.9931,4810484.963,Q4,Working,FALSE
2295,45776,16-240893,10/31/2016 8:40:00 PM,2016,10,31,20,40,Monday,536067.4406,4806982.898,-80.554495,43.414873,Non intersection,2,P.D. only,Off roadway,SMV,Dark,Municipal,No control,Unknown,FALSE,FALSE,FALSE,Clear,FALSE,TRUSSLER RD; COSTAIN CRT; 20 M,3/7/2019 1:21:19 PM,536067.4406,4806982.898,Q4,Working,FALSE
2296,45777,16-241420,11/1/2016 2:10:00 PM,2016,11,1,14,10,Tuesday,536943.5133,4808259.231,-80.543588,43.426323,Non intersection,2,P.D. only,Off roadway,SMV,Daylight,Municipal,No control,Unknown,FALSE,FALSE,FALSE,Clear,FALSE,BANKSIDE DR; WESTFOREST TRAIL ; Near; 90 M,3/4/2020 10:05:54 AM,536943.5133,4808259.231,Q4,Working,FALSE
2297,45778,16-241833,11/2/2016 1:00:00 AM,2016,11,2,1,0,Wednesday,544126.1716,4808551.405,-80.45483,43.428565,Non intersection,2,P.D. only,Off roadway,SMV,Dark,Municipal,No control,Unknown,FALSE,FALSE,FALSE,Clear,FALSE,FIFTH AVE ; FIFTH AVE ; 5 M,3/4/2020 10:05:53 AM,544126.1716,4808551.405,Q4,Working,FALSE
2298,45779,16-242014,11/2/2016 9:25:00 AM,2016,11,2,9,25,Wednesday,539296.9793,4811576.137,-80.514274,43.456069,Intersection,1,Non-fatal injury,On roadway,Intersection,Daylight,Municipal,Sign Control,Functioning,FALSE,FALSE,FALSE,Clear,FALSE,PARK ST; MT HOPE ST,3/4/2020 10:05:53 AM,539296.9793,4811576.137,Q4,Working,FALSE
2299,45780,16-242066,11/1/2016 9:00:00 PM,2016,11,1,21,0,Tuesday,539513.7612,4806796.754,-80.511941,43.413024,Private Drive,2,P.D. only,On roadway,SMV,Dark,Municipal,No control,Unknown,FALSE,FALSE,FALSE,Clear,FALSE,GREY FOX DR; GREY FOX DR ; At,3/4/2020 10:05:52 AM,539513.7612,4806796.754,Q4,Working,FALSE
2300,45781,16-242240,10/28/2016 11:05:00 PM,2016,10,28,23,5,Friday,545152.884,4804924.262,-80.442445,43.395845,Private Drive,2,P.D. only,On roadway,SMV,Dark,Municipal,No control,Unknown,FALSE,FALSE,FALSE,Clear,FALSE,LOWER CANADA CRES; LOWER CANADA CRES; At,3/4/2020 10:05:51 AM,545152.884,4804924.262,Q4,Weekend,FALSE
2301,45782,16-242415,11/2/2016 3:45:00 PM,2016,11,2,15,45,Wednesday,544729.6584,4811860.338,-80.447103,43.458323,Intersection,1,Non-fatal injury,On roadway,Rear end,Daylight,Municipal,Sign Control,Functioning,FALSE,FALSE,FALSE,Rain,FALSE,CARSON DR; LORRAINE AVE; Near,3/4/2020 10:05:50 AM,544729.6584,4811860.338,Q4,Working,FALSE
2302,45783,16-243002,11/2/2016 4:04:00 PM,2016,11,2,16,4,Wednesday,540640.8332,4812200.141,-80.497617,43.461616,Private Drive,2,P.D. only,On roadway,SMV,Daylight,Municipal,No control,Unknown,FALSE,FALSE,FALSE,Clear,FALSE,ELLIS AVE ; ELLIS AVE ; Near; 5 M,3/4/2020 10:05:50 AM,540640.8332,4812200.141,Q4,Working,FALSE
2303,45784,16-243179,11/3/2016 3:30:00 PM,2016,11,3,15,30,Thursday,540178.979,4811335.254,-80.50339,43.453853,Non intersection,2,P.D. only,On roadway,SMV,Daylight,Municipal,No control,Unknown,FALSE,FALSE,FALSE,Clear,FALSE,WALTER ST; WELLINGTON ST N; Near; 50 M,3/4/2020 10:05:49 AM,540178.979,4811335.254,Q4,Weekend,FALSE
2304,45785,16-243228,11/3/2016 6:17:00 PM,2016,11,3,18,17,Thursday,542033.0188,4816302.094,-80.480092,43.498473,Non intersection,2,P.D. only,On roadway,Intersection,Daylight,Municipal,No control,Unknown,FALSE,FALSE,FALSE,Clear,FALSE,FALCONRIDGE DR ; FIELD SPARROW CRES ; Near; 30 M,3/4/2020 10:05:48 AM,542033.0188,4816302.094,Q4,Weekend,FALSE
2305,45786,16-243699,11/4/2016 8:30:00 AM,2016,11,4,8,30,Friday,536839.6959,4807844.007,-80.544898,43.422589,Non intersection,2,P.D. only,On roadway,SMV,Daylight,Municipal,No control,Unknown,FALSE,FALSE,FALSE,Clear,FALSE,ROLLING MEADOWS DR; CONNELLY DR; Near,3/4/2020 10:05:48 AM,536839.6959,4807844.007,Q4,Weekend,FALSE
2306,45787,16-243885,11/3/2016 10:30:00 PM,2016,11,3,22,30,Thursday,544072.8708,4807675.327,-80.455559,43.42068,Non intersection,2,P.D. only,On roadway,SMV,Dark,Municipal,No control,Unknown,FALSE,FALSE,FALSE,Clear,FALSE,VANIER DR; VANIER DR; At,3/4/2020 10:05:47 AM,544072.8708,4807675.327,Q4,Weekend,FALSE
2307,45788,16-244051,11/4/2016 4:40:00 PM,2016,11,4,16,40,Friday,540525.9633,4809290.717,-80.499254,43.435425,Private Drive,2,P.D. only,On roadway,SMV,Daylight,Municipal,No control,Unknown,FALSE,FALSE,FALSE,Clear,FALSE,PERTH RD; PERTH RD ; At; 9 M,3/4/2020 10:05:46 AM,540525.9633,4809290.717,Q4,Weekend,FALSE
2308,45789,16-244089,11/4/2016 5:48:00 PM,2016,11,4,17,48,Friday,538711.9658,4806646.184,-80.521854,43.41171,Non intersection,2,P.D. only,Off roadway,SMV,Daylight,Municipal,No control,Unknown,FALSE,FALSE,FALSE,Clear,FALSE,WAKE ROBIN DR; WAKE ROBIN CRES ; Near; 18 M,3/4/2020 10:05:46 AM,538711.9658,4806646.184,Q4,Weekend,FALSE
2309,45790,16-244136,11/4/2016 7:10:00 PM,2016,11,4,19,10,Friday,540898.161,4813159.634,-80.494365,43.470241,Private Drive,2,P.D. only,Off roadway,SMV,Dark,Municipal,No control,Unknown,FALSE,FALSE,FALSE,Clear,FALSE,MAPLEWOOD PL ; MAPLEWOOD PL ; At; 5 M,3/7/2019 1:21:18 PM,540898.161,4813159.634,Q4,Weekend,FALSE