,OBJECTID,ACCIDENTNUM,ACCIDENTDATE,ACCIDENT_YEAR,ACCIDENT_MONTH,ACCIDENT_DAY,ACCIDENT_HOUR,ACCIDENT_MINUTE,Accident_Day,XCOORD,YCOORD,LONGITUDE,LATITUDE,Accident_Location,COLLISIONTYPE,Accident_Type,Impact_Location,Impact_Type,Light,Road_Jurisdication,Traffic_Control,Traffic_Control_Condition,Pedestrian_Involved,Cyclist_Involved,Motorcyclist_Involved,Environment_Condition,Self_Reported,XMLIMPORTNOTES,LASTEDITEDDATE,x,y,Quarter,Day_Type,Vulnerable_Involved
2310,45791,16-244152,11/4/2016 7:27:00 PM,2016,11,4,19,27,Friday,543773.9351,4809347.079,-80.459118,43.43575,Intersection,1,Non-fatal injury,On roadway,Rear end,Dark,Municipal,No control,Unknown,FALSE,FALSE,FALSE,Clear,FALSE,DIXON ST; ROCKWAY DR,3/7/2019 1:21:17 PM,543773.9351,4809347.079,Q4,Weekend,FALSE
2311,45792,16-244167,11/4/2016 8:10:00 PM,2016,11,4,20,10,Friday,542052.4028,4810139.416,-80.480328,43.442983,Non intersection,1,Non-fatal injury,On roadway,Intersection,Dark,Regional,No control,Unknown,FALSE,TRUE,FALSE,Clear,FALSE,STIRLING AVE S; STIRLING AVE S; Near; 1 M,3/4/2020 10:05:45 AM,542052.4028,4810139.416,Q4,Weekend,FALSE
2312,45793,16-244570,11/5/2016 9:50:00 AM,2016,11,5,9,50,Saturday,539285.6249,4810352.756,-80.514503,43.445054,Private Drive,1,Non-fatal injury,On roadway,Intersection,Daylight,Municipal,No control,Unknown,FALSE,TRUE,FALSE,Clear,FALSE,BRYBECK CRES; BRYBECK CRES ; At; 1 M,3/4/2020 10:05:44 AM,539285.6249,4810352.756,Q4,Weekend,FALSE
2313,45794,16-244760,11/5/2016 12:45:00 PM,2016,11,5,12,45,Saturday,537916.3031,4808412.77,-80.531559,43.427657,Private Drive,2,P.D. only,On roadway,Other,Daylight,Regional,No control,Unknown,FALSE,FALSE,FALSE,Clear,FALSE,BLACKWELL DR; BLACKWELL DR ; Near,3/4/2020 10:05:44 AM,537916.3031,4808412.77,Q4,Weekend,FALSE
2314,45795,16-244819,11/5/2016 2:57:00 PM,2016,11,5,14,57,Saturday,541003.7959,4811765.905,-80.493164,43.457686,Intersection,2,P.D. only,On roadway,Intersection,Daylight,Municipal,Sign Control,Functioning,FALSE,FALSE,FALSE,Clear,FALSE,AHRENS ST W; WELLINGTON ST N,3/7/2019 1:21:16 PM,541003.7959,4811765.905,Q4,Weekend,FALSE
2315,45796,16-244833,11/5/2016 1:00:00 AM,2016,11,5,1,0,Saturday,547244.2238,4805998.734,-80.416529,43.405391,Non intersection,2,P.D. only,On roadway,SMV,Dark,Municipal,No control,Unknown,FALSE,FALSE,FALSE,Clear,FALSE,DEER RIDGE DR; DEER RIDGE DR,3/4/2020 10:05:43 AM,547244.2238,4805998.734,Q4,Weekend,FALSE
2316,45797,16-244897,11/5/2016 5:32:00 PM,2016,11,5,17,32,Saturday,541490.4246,4810727.244,-80.487228,43.448307,Non intersection,2,P.D. only,On roadway,SMV,Daylight,Municipal,No control,Unknown,FALSE,FALSE,FALSE,Clear,FALSE,HALLS LANE E; BENTON ST ; Near; 80 M,3/4/2020 10:05:42 AM,541490.4246,4810727.244,Q4,Weekend,FALSE
2317,45798,16-245073,11/5/2016 10:40:00 PM,2016,11,5,22,40,Saturday,539207.0797,4807925.396,-80.515648,43.423202,Private Drive,2,P.D. only,On roadway,SMV,Dark,Municipal,No control,Unknown,FALSE,FALSE,FALSE,Clear,FALSE,CLOVERDALE CRES; CLOVERDALE CRES ; Near; 3 M,3/4/2020 10:05:42 AM,539207.0797,4807925.396,Q4,Weekend,FALSE
2318,45799,16-245100,11/5/2016 11:23:00 PM,2016,11,5,23,23,Saturday,541474.0124,4812643.953,-80.487285,43.465566,Non intersection,2,P.D. only,Off roadway,SMV,Dark,Municipal,No control,Unknown,FALSE,FALSE,FALSE,Clear,FALSE,GUELPH ST; ARNOLD ST ; Near; 25 M,3/4/2020 10:05:41 AM,541474.0124,4812643.953,Q4,Weekend,FALSE
2319,45800,16-245284,11/6/2016 5:20:00 AM,2016,11,6,5,20,Sunday,543021.4921,4808228.97,-80.468503,43.425726,Other,2,P.D. only,On roadway,SMV,Dark,Municipal,No control,Unknown,FALSE,FALSE,FALSE,Clear,FALSE,HAYWARD AVE; COURTLAND AVE E; 500 M,3/7/2019 1:21:15 PM,543021.4921,4808228.97,Q4,Weekend,FALSE
2320,45801,16-245428,11/6/2016 10:40:00 AM,2016,11,6,10,40,Sunday,547830.2817,4810675.076,-80.408882,43.447459,Intersection,2,P.D. only,On roadway,Intersection,Daylight,Municipal,Sign Control,Functioning,FALSE,FALSE,FALSE,Clear,FALSE,COLTON CIR; COLTON CIR,3/4/2020 10:05:40 AM,547830.2817,4810675.076,Q4,Weekend,FALSE
2321,45802,16-245543,11/6/2016 3:05:00 PM,2016,11,6,15,5,Sunday,538558.5244,4808536.168,-80.523616,43.428735,Non intersection,1,Non-fatal injury,Off roadway,SMV,Daylight,Regional,No control,Unknown,FALSE,FALSE,FALSE,Clear,FALSE,QUEENS BLVD; FISCHER HALLMAN RD; Near; 20 M,3/4/2020 10:05:39 AM,538558.5244,4808536.168,Q4,Weekend,FALSE
2322,45803,16-245595,11/6/2016 4:50:00 PM,2016,11,6,16,50,Sunday,541068,4811108,0,0,Non intersection,2,P.D. only,On roadway,SMV,Daylight,Municipal,No control,Unknown,FALSE,FALSE,FALSE,Clear,FALSE,SANDYBAY AVE; SANDYBAY AVE ; Near; 15 M,3/4/2020 10:05:39 AM,541068,4811108,Q4,Weekend,FALSE
2323,45804,16-245989,11/6/2016 1:30:00 PM,2016,11,6,13,30,Sunday,546062.984,4809492.972,-80.430823,43.436927,Intersection,1,Non-fatal injury,On roadway,Rear end,Daylight,Regional,Signal Control,Functioning,FALSE,FALSE,FALSE,Clear,FALSE,RIVER RD E; KINZIE AVE,3/4/2020 10:05:38 AM,546062.984,4809492.972,Q4,Weekend,FALSE
2324,45805,16-246087,11/7/2016 11:40:00 AM,2016,11,7,11,40,Monday,538873.095,4806724.102,-80.519859,43.412403,Non intersection,2,P.D. only,On roadway,SMV,Other,Municipal,No control,Unknown,FALSE,FALSE,FALSE,Clear,FALSE,WAKE ROBIN CRES; WAKE ROBIN DR ; Near; 30 M,3/4/2020 10:05:37 AM,538873.095,4806724.102,Q4,Working,FALSE
2325,45806,16-246120,11/7/2016 8:10:00 AM,2016,11,7,8,10,Monday,538233.9816,4808329.212,-80.52764,43.426888,Non intersection,2,P.D. only,On roadway,Rear end,Daylight,Municipal,No control,Unknown,FALSE,FALSE,FALSE,Clear,FALSE,ELM RIDGE DR; QUEENS BLVD; Near,3/4/2020 10:05:37 AM,538233.9816,4808329.212,Q4,Working,FALSE
2326,45807,16-246150,11/7/2016 8:45:00 AM,2016,11,7,8,45,Monday,540258.353,4811633.458,-80.502387,43.456534,Non intersection,2,P.D. only,On roadway,SMV,Daylight,Municipal,No control,Unknown,FALSE,FALSE,FALSE,Clear,FALSE,SHANLEY ST; SHANLEY ST ; Near,3/4/2020 10:05:36 AM,540258.353,4811633.458,Q4,Working,FALSE
2327,45808,16-246698,11/7/2016 8:45:00 AM,2016,11,7,8,45,Monday,540568.8188,4812710.736,-80.49847,43.466217,Intersection,1,Non-fatal injury,On roadway,Intersection,Daylight,Municipal,Sign Control,Functioning,FALSE,TRUE,FALSE,Clear,FALSE,MARGARET AVE S; UNION ST E,3/4/2020 10:04:28 AM,540568.8188,4812710.736,Q4,Working,FALSE
2328,45809,16-246727,11/8/2016 8:00:00 AM,2016,11,8,8,0,Tuesday,542581.1477,4810124.648,-80.473795,43.44282,Intersection,2,Non-reportable,On roadway,Intersection,Daylight,Regional,Signal Control,Functioning,FALSE,FALSE,FALSE,Clear,FALSE,KING ST E; BORDEN AVE N,3/7/2019 1:21:14 PM,542581.1477,4810124.648,Q4,Working,FALSE
2329,45810,16-247183,11/8/2016 5:45:00 PM,2016,11,8,17,45,Tuesday,543229.7867,4804481.878,-80.466226,43.391975,Intersection,2,P.D. only,On roadway,Intersection,Dark,Regional,Sign Control,Functioning,FALSE,FALSE,FALSE,Rain,FALSE,STRASBURG RD; HURON RD,3/4/2020 10:05:35 AM,543229.7867,4804481.878,Q4,Working,FALSE
2330,45811,16-247188,11/8/2016 6:06:00 PM,2016,11,8,18,6,Tuesday,549487.7426,4806209.88,-80.388804,43.407147,Private Drive,2,P.D. only,On roadway,Intersection,Dark,Municipal,Sign Control,Functioning,FALSE,FALSE,FALSE,Rain,FALSE,GATEWAY PARK DR; KING ST E; At; 5 M,3/4/2020 10:05:35 AM,549487.7426,4806209.88,Q4,Working,FALSE
2331,45812,16-247195,11/8/2016 6:13:00 PM,2016,11,8,18,13,Tuesday,543073.9013,4812799.869,-80.467495,43.46688,Intersection,2,P.D. only,On roadway,Intersection,Dark,Municipal,Signal Control,Functioning,FALSE,FALSE,FALSE,Rain,FALSE,WELLINGTON ST N; RIVERBEND DR; 0.11 K,3/4/2020 10:05:34 AM,543073.9013,4812799.869,Q4,Working,FALSE
2332,45813,16-247259,11/8/2016 7:49:00 PM,2016,11,8,19,49,Tuesday,544609.4289,4809094.123,-80.448815,43.433423,Intersection,2,P.D. only,On roadway,Intersection,Dark,Municipal,Signal Control,Functioning,FALSE,FALSE,FALSE,Other,FALSE,FRANKLIN ST S; KINGSWAY DR,3/4/2020 10:05:33 AM,544609.4289,4809094.123,Q4,Working,FALSE
2333,45814,16-247935,11/9/2016 5:36:00 PM,2016,11,9,17,36,Wednesday,545078.3459,4813536.339,-80.442655,43.473393,Intersection,2,P.D. only,On roadway,Intersection,Dark,Municipal,Sign Control,Functioning,FALSE,FALSE,FALSE,Clear,FALSE,BINGEMANS CENTRE DR ; SHIRLEY DR,3/4/2020 10:05:33 AM,545078.3459,4813536.339,Q4,Working,FALSE
2334,45815,16-248322,11/10/2016 8:56:00 AM,2016,11,10,8,56,Thursday,542352.8421,4810262.161,-80.476606,43.444071,Private Drive,1,Non-fatal injury,On roadway,Intersection,Daylight,Regional,No control,Unknown,FALSE,FALSE,FALSE,Clear,FALSE,KING ST E; KING ST E; 2 M,3/7/2019 1:21:13 PM,542352.8421,4810262.162,Q4,Weekend,FALSE
2335,45816,16-248574,11/10/2016 2:23:00 PM,2016,11,10,14,23,Thursday,539977.7267,4805644.59,-80.506294,43.402625,Non intersection,2,P.D. only,On roadway,SMV,Daylight,Municipal,No control,Unknown,FALSE,FALSE,FALSE,Clear,FALSE,COMMONWEALTH CRES; COMMONWEALTH CRES ; At; 1 M,3/4/2020 10:05:32 AM,539977.7267,4805644.59,Q4,Weekend,FALSE
2336,45817,16-248596,11/10/2016 2:53:00 PM,2016,11,10,14,53,Thursday,543797.9035,4812590.47,-80.458561,43.464952,Intersection,1,Non-fatal injury,On roadway,Rear end,Daylight,Regional,Sign Control,Functioning,FALSE,FALSE,FALSE,Clear,FALSE,FREDERICK ST; AVON RD,3/7/2019 1:21:12 PM,543797.9035,4812590.47,Q4,Weekend,FALSE
2337,45818,16-248629,11/10/2016 3:43:00 PM,2016,11,10,15,43,Thursday,541661.0457,4810409.505,-80.485143,43.445437,Intersection,2,P.D. only,On roadway,Intersection,Daylight,Regional,Sign Control,Functioning,FALSE,FALSE,FALSE,Clear,FALSE,CEDAR ST S; CHURCH ST,3/4/2020 10:05:31 AM,541661.0457,4810409.505,Q4,Weekend,FALSE
2338,45819,16-248734,11/8/2016 3:45:00 PM,2016,11,8,15,45,Tuesday,545345.2646,4806453.359,-80.439943,43.409602,Non intersection,2,P.D. only,On roadway,Rear end,Daylight,Regional,No control,Unknown,FALSE,FALSE,FALSE,Rain,FALSE,WABANAKI DR; WILSON AVE; Near,3/4/2020 10:05:30 AM,545345.2646,4806453.359,Q4,Working,FALSE
2339,45820,16-249007,11/11/2016 3:39:00 AM,2016,11,11,3,39,Friday,542440.599,4804142.767,-80.475997,43.388967,Non intersection,1,Non-fatal injury,On roadway,Other,Dark,Municipal,No control,Unknown,FALSE,FALSE,FALSE,Clear,FALSE,PARKVALE DR; FEATHERSTONE ST; Near; 2 M,3/4/2020 10:05:30 AM,542440.599,4804142.767,Q4,Weekend,FALSE
2340,45821,16-249129,11/10/2016 5:20:00 PM,2016,11,10,17,20,Thursday,541819.6628,4808166.393,-80.483355,43.425231,Private Drive,2,P.D. only,On roadway,Intersection,Daylight,Regional,No control,Unknown,FALSE,FALSE,FALSE,Clear,FALSE,ALPINE RD ; OTTAWA ST S ; Near,3/4/2020 10:05:29 AM,541819.6628,4808166.393,Q4,Weekend,FALSE
2341,45822,16-249138,11/11/2016 9:41:00 AM,2016,11,11,9,41,Friday,541057.5634,4811035.096,-80.492554,43.451103,Intersection,2,Non-reportable,On roadway,SMV,Daylight,Regional,Other,Functioning,FALSE,FALSE,FALSE,Clear,FALSE,KING ST W; GAUKEL ST ; Near,3/7/2019 1:21:11 PM,541057.5634,4811035.096,Q4,Weekend,FALSE
2342,45823,16-249555,11/11/2016 9:00:00 PM,2016,11,11,21,0,Friday,541808.8411,4804164.906,-80.483795,43.389202,Private Drive,2,P.D. only,On roadway,Intersection,Dark,Municipal,No control,Unknown,FALSE,FALSE,FALSE,Clear,FALSE,PARKVALE DR ; PARKVALE DR ; At; 20 M,3/4/2020 10:05:28 AM,541808.8411,4804164.906,Q4,Weekend,FALSE
2343,45824,16-249705,11/12/2016 1:22:00 AM,2016,11,12,1,22,Saturday,540350.0159,4811463.305,-80.501267,43.454997,Intersection,1,Non-fatal injury,On roadway,SMV,Dark,Municipal,Signal Control,Functioning,TRUE,FALSE,FALSE,Clear,FALSE,MOORE AVE ; WELLINGTON ST N,3/4/2020 10:05:28 AM,540350.0159,4811463.305,Q4,Weekend,FALSE
2344,45825,16-249899,11/12/2016 10:07:00 AM,2016,11,12,10,7,Saturday,539623.1489,4806363.397,-80.510621,43.409116,Private Drive,1,Non-fatal injury,On roadway,SMV,Daylight,Municipal,No control,Unknown,TRUE,FALSE,FALSE,Clear,FALSE,ACTIVA AVE; ACTIVA AVE ; At; 1 M,3/7/2019 1:21:08 PM,539623.1489,4806363.397,Q4,Weekend,FALSE
2345,45826,16-250012,11/12/2016 11:00:00 AM,2016,11,12,11,0,Saturday,536419.6457,4809156.026,-80.55,43.434424,Non intersection,2,P.D. only,On roadway,SMV,Daylight,Municipal,No control,Unknown,FALSE,FALSE,FALSE,Clear,FALSE,WINDWARD PL; WINDWARD PL; Near,3/4/2020 10:05:27 AM,536419.6457,4809156.027,Q4,Weekend,FALSE
2346,45827,16-250031,11/12/2016 1:54:00 PM,2016,11,12,13,54,Saturday,539078.6175,4811110.043,-80.517006,43.451884,Intersection,1,Non-fatal injury,On roadway,Intersection,Daylight,Municipal,Signal Control,Functioning,FALSE,FALSE,FALSE,Clear,FALSE,GLASGOW ST; BELMONT AVE W; 1.5 M,3/4/2020 10:05:26 AM,539078.6175,4811110.043,Q4,Weekend,FALSE
2347,45828,16-250137,11/12/2016 4:52:00 PM,2016,11,12,16,52,Saturday,541358.9837,4808644.222,-80.48901,43.429559,Intersection,2,P.D. only,On roadway,Rear end,Dark,Regional,Signal Control,Functioning,FALSE,FALSE,FALSE,Clear,FALSE,HOMER WATSON BLVD; HOFFMAN ST; Near; 100 M,3/4/2020 10:05:26 AM,541358.9837,4808644.222,Q4,Weekend,FALSE
2348,45829,16-250483,11/12/2016 6:00:00 PM,2016,11,12,18,0,Saturday,543568.2011,4804975.657,-80.462008,43.396402,Intersection,2,P.D. only,On roadway,Intersection,Dark,Regional,Signal Control,Functioning,FALSE,FALSE,FALSE,Clear,FALSE,HURON RD; BATTLER RD,3/4/2020 10:05:25 AM,543568.2011,4804975.657,Q4,Weekend,FALSE
2349,45830,16-250857,11/13/2016 6:11:00 PM,2016,11,13,18,11,Sunday,541125.8356,4809687.074,-80.491812,43.438962,Non intersection,2,P.D. only,On roadway,SMV,Dark,Regional,Sign Control,Functioning,FALSE,FALSE,FALSE,Clear,FALSE,SPADINA RD E; RUSSEL ST ; 10 M,3/4/2020 10:05:24 AM,541125.8356,4809687.074,Q4,Weekend,FALSE
2350,45831,16-251130,11/14/2016 7:40:00 AM,2016,11,14,7,40,Monday,541543.0307,4808435.627,-80.486752,43.42767,Intersection,1,Non-fatal injury,On roadway,Rear end,Daylight,Regional,Signal Control,Functioning,FALSE,FALSE,FALSE,Clear,FALSE,HOMER WATSON BLVD; HWY 8  ; 100 M,3/4/2020 10:05:24 AM,541543.0307,4808435.627,Q4,Working,FALSE
2351,45832,16-251181,11/14/2016 7:45:00 AM,2016,11,14,7,45,Monday,538627.9238,4805657.626,-80.522962,43.402813,Private Drive,2,Non-reportable,On roadway,Other,Daylight,Municipal,No control,Unknown,FALSE,FALSE,FALSE,Clear,FALSE,GRAVEL RIDGE TRAIL; GRAVEL RIDGE TRAIL ; At,3/4/2020 10:05:23 AM,538627.9238,4805657.626,Q4,Working,FALSE
2352,45833,16-251570,11/14/2016 5:39:00 PM,2016,11,14,17,39,Monday,542818.9951,4814598.123,-80.470505,43.483086,Non intersection,1,Non-fatal injury,On roadway,SMV,Dawn,Regional,No control,Unknown,FALSE,FALSE,FALSE,Clear,FALSE,BLOOMINGDALE RD N; STANLEY AVE ; 40 M,3/7/2019 1:21:07 PM,542818.9951,4814598.123,Q4,Working,FALSE
2353,45834,16-251655,11/14/2016 5:50:00 PM,2016,11,14,17,50,Monday,540680.0144,4811003.67,-80.497222,43.450841,Non intersection,2,P.D. only,On roadway,Intersection,Dark,Municipal,No control,Unknown,FALSE,FALSE,FALSE,Clear,FALSE,FRANCIS ST S; FRANCIS ST S; Near,3/4/2020 10:05:22 AM,540680.0144,4811003.67,Q4,Working,FALSE
2354,45835,16-251884,11/15/2016 8:05:00 AM,2016,11,15,8,5,Tuesday,540640.2359,4811703.505,-80.497662,43.457144,Intersection,2,P.D. only,On roadway,Intersection,Daylight,Municipal,Sign Control,Functioning,FALSE,FALSE,FALSE,Clear,FALSE,DUKE ST W; LOUISA ST,3/4/2020 10:05:22 AM,540640.2359,4811703.505,Q4,Working,FALSE
2355,45836,16-252065,11/15/2016 11:42:00 AM,2016,11,15,11,42,Tuesday,539336.2741,4806637.204,-80.514144,43.411596,Private Drive,2,Non-reportable,Off roadway,SMV,Daylight,Other,No control,Unknown,FALSE,FALSE,FALSE,Clear,FALSE,WATERWILLOW CRT; WATERWILLOW CRT ; At; 5 M,3/4/2020 10:05:21 AM,539336.2741,4806637.204,Q4,Working,FALSE
2356,45837,16-252227,11/15/2016 12:01:00 PM,2016,11,15,12,1,Tuesday,541068,4811108,0,0,Non intersection,2,P.D. only,Off roadway,SMV,Daylight,Municipal,No control,Unknown,FALSE,FALSE,FALSE,Clear,FALSE,SIENNA ST ; RACHEL CRES ; Near; 40 M,3/7/2019 1:21:06 PM,541068,4811108,Q4,Working,FALSE
2357,45838,16-252491,11/14/2016 4:10:00 PM,2016,11,14,16,10,Monday,538889.1385,4808655.778,-80.519523,43.429795,Intersection,2,P.D. only,On roadway,Intersection,Daylight,Regional,Sign Control,Functioning,FALSE,FALSE,FALSE,Clear,FALSE,QUEENS BLVD; EAGEN DR,3/4/2020 10:05:20 AM,538889.1385,4808655.778,Q4,Working,FALSE
2358,45839,16-253273,11/16/2016 10:00:00 PM,2016,11,16,22,0,Wednesday,544194.5725,4812386.832,-80.453674,43.463095,Private Drive,2,P.D. only,On roadway,SMV,Dark,Regional,No control,Unknown,FALSE,FALSE,FALSE,Clear,FALSE,PRIVATE DRIVE; MANCHESTER RD ; At; 2 M,3/7/2019 1:21:05 PM,544194.5725,4812386.832,Q4,Working,FALSE
2359,45840,16-253500,11/17/2016 8:00:00 AM,2016,11,17,8,0,Thursday,546232.5297,4808771.721,-80.428789,43.430422,Non intersection,2,P.D. only,Off roadway,SMV,Dark,Municipal,No control,Unknown,FALSE,FALSE,FALSE,Clear,FALSE,WINDOM RD; WINDOM RD ; Near; 1 M,3/7/2019 1:21:04 PM,546232.5297,4808771.721,Q4,Weekend,FALSE
2360,45841,16-253520,11/17/2016 8:15:00 AM,2016,11,17,8,15,Thursday,538909.5353,4805672.42,-80.519484,43.402932,Non intersection,2,P.D. only,Off roadway,SMV,Daylight,Municipal,No control,Unknown,FALSE,FALSE,FALSE,Clear,FALSE,ACTIVA AVE; ACTIVA AVE ; Near,3/4/2020 10:05:19 AM,538909.5353,4805672.42,Q4,Weekend,FALSE
2361,45842,16-253757,11/17/2016 2:36:00 PM,2016,11,17,14,36,Thursday,546772.3447,4804111.228,-80.422518,43.388425,Non intersection,2,P.D. only,On roadway,Other,Daylight,Municipal,No control,Unknown,FALSE,FALSE,FALSE,Clear,FALSE,DOON SOUTH DR; DOON VILLAGE RD; 5 M,3/4/2020 10:05:18 AM,546772.3447,4804111.228,Q4,Weekend,FALSE
2362,45843,16-253806,11/17/2016 1:30:00 PM,2016,11,17,13,30,Thursday,539568.283,4811424.828,-80.510932,43.454692,Intersection,2,P.D. only,On roadway,Intersection,Daylight,Municipal,No control,Unknown,FALSE,FALSE,FALSE,Clear,FALSE,PARK ST; GREEN ST,3/4/2020 10:05:18 AM,539568.283,4811424.828,Q4,Weekend,FALSE
2363,45844,16-253814,11/17/2016 3:39:00 PM,2016,11,17,15,39,Thursday,538823.8639,4808632.398,-80.520331,43.429588,Non intersection,2,P.D. only,On roadway,SMV,Daylight,Municipal,No control,Unknown,FALSE,FALSE,TRUE,Clear,FALSE,QUEENS BLVD; EAGEN DR ; 68 M,3/4/2020 10:05:17 AM,538823.8639,4808632.398,Q4,Weekend,TRUE
2364,45845,16-255201,11/18/2016 4:30:00 PM,2016,11,18,16,30,Friday,544617.4954,4804655.97,-80.449078,43.393462,Non intersection,1,Non-fatal injury,On roadway,Rear end,Daylight,Municipal,No control,Unknown,FALSE,FALSE,FALSE,Clear,FALSE,PIONEER DR; PIONEER DR; At,3/4/2020 10:05:16 AM,544617.4954,4804655.97,Q4,Weekend,FALSE
2365,45846,16-255218,11/19/2016 11:30:00 AM,2016,11,19,11,30,Saturday,541788.0532,4810798.633,-80.483544,43.448933,Non intersection,2,P.D. only,On roadway,SMV,Daylight,Municipal,No control,Unknown,FALSE,FALSE,FALSE,Snow,FALSE,EBY ST N; DUKE ST E; Near,3/4/2020 10:05:16 AM,541788.0532,4810798.633,Q4,Weekend,FALSE
2366,45847,16-255414,11/19/2016 5:56:00 PM,2016,11,19,17,56,Saturday,541125.8414,4809686.116,-80.491812,43.438953,Non intersection,2,P.D. only,On roadway,SMV,Dark,Regional,No control,Unknown,FALSE,FALSE,FALSE,Rain,FALSE,SPADINA RD E; RUSSEL ST; 2 M,3/7/2019 1:21:03 PM,541125.8414,4809686.116,Q4,Weekend,FALSE
2367,45848,16-255422,11/19/2016 6:12:00 PM,2016,11,19,18,12,Saturday,539583.0595,4809547.735,-80.510885,43.43779,Private Drive,2,P.D. only,On roadway,Intersection,Dark,Regional,No control,Unknown,FALSE,FALSE,FALSE,Clear,FALSE,LAWRENCE AVE; HIGHLAND RD W; At; 2 M,3/4/2020 10:05:15 AM,539583.0595,4809547.735,Q4,Weekend,FALSE
2368,45849,16-255468,11/19/2016 7:47:00 PM,2016,11,19,19,47,Saturday,540682.8189,4811614.265,-80.497142,43.456338,Intersection,2,P.D. only,On roadway,SMV,Dark,Municipal,Sign Control,Functioning,FALSE,FALSE,FALSE,Rain,FALSE,WELLINGTON ST N; DUKE ST W,3/4/2020 10:05:14 AM,540682.8189,4811614.265,Q4,Weekend,FALSE
2369,45850,16-255886,11/20/2016 9:30:00 AM,2016,11,20,9,30,Sunday,546771.8031,4809892.508,-80.42203,43.44048,Private Drive,2,P.D. only,Off roadway,SMV,Daylight,Municipal,No control,Unknown,FALSE,FALSE,FALSE,Clear,FALSE,BRIARMEADOW DR; BRIARMEADOW DR ; Near; 4 M,3/7/2019 1:21:02 PM,546771.8031,4809892.508,Q4,Weekend,FALSE
2370,45851,16-255942,11/20/2016 11:30:00 AM,2016,11,20,11,30,Sunday,543389.4159,4804756.972,-80.464233,43.394443,Non intersection,1,Non-fatal injury,On roadway,Rear end,Daylight,Regional,No control,Unknown,FALSE,FALSE,FALSE,Clear,FALSE,HURON RD; TEMPLEWOOD DR; Near; 24 M,3/4/2020 10:05:13 AM,543389.4159,4804756.972,Q4,Weekend,FALSE
2371,45852,16-256509,11/21/2016 9:16:00 AM,2016,11,21,9,16,Monday,539162.4478,4805962.247,-80.51634,43.405528,Non intersection,2,P.D. only,Off roadway,SMV,Daylight,Municipal,No control,Unknown,FALSE,FALSE,FALSE,Clear,FALSE,BERRY MOSS ST ; ACTIVA AVE ; Near; 33 M,3/4/2020 10:05:12 AM,539162.4478,4805962.247,Q4,Working,FALSE
2372,45853,16-256571,11/21/2016 10:30:00 AM,2016,11,21,10,30,Monday,543363.9543,4807652.851,-80.464318,43.420519,Intersection,2,P.D. only,On roadway,Intersection,Daylight,Regional,Sign Control,Functioning,FALSE,FALSE,FALSE,Clear,FALSE,BLOCK LINE RD; LENNOX LEWIS WAY,3/4/2020 10:05:11 AM,543363.9543,4807652.851,Q4,Working,FALSE
2373,45854,16-256625,11/21/2016 1:00:00 AM,2016,11,21,1,0,Monday,542064.3078,4809879.512,-80.480201,43.440642,Private Drive,2,P.D. only,On roadway,SMV,Dark,Municipal,No control,Unknown,FALSE,FALSE,FALSE,Clear,FALSE,HURST AVE; HURST AVE; At,3/4/2020 10:05:11 AM,542064.3078,4809879.512,Q4,Working,FALSE
2374,45855,16-256668,11/21/2016 12:09:00 PM,2016,11,21,12,9,Monday,545847.86,4813959.472,-80.433105,43.477156,Private Drive,2,P.D. only,On roadway,Intersection,Daylight,Municipal,No control,Unknown,FALSE,FALSE,FALSE,Clear,FALSE,SHIRLEY DR; SHIRLEY DR ; At; 0 M,3/4/2020 10:05:10 AM,545847.86,4813959.472,Q4,Working,FALSE
2375,45856,16-256790,11/21/2016 2:31:00 PM,2016,11,21,14,31,Monday,545221.0865,4802988.04,-80.441763,43.378407,Private Drive,1,Non-fatal injury,On roadway,Other,Daylight,Municipal,No control,Unknown,FALSE,FALSE,FALSE,Clear,FALSE,ROBERT FERRIE DR ; ROBERT FERRIE DR ; At; 1 M,3/4/2020 10:05:09 AM,545221.0865,4802988.04,Q4,Working,FALSE
2376,45857,16-257465,11/22/2016 11:37:00 AM,2016,11,22,11,37,Tuesday,541817.2308,4810608.775,-80.483198,43.447222,Private Drive,2,P.D. only,On roadway,Intersection,Daylight,Regional,No control,Unknown,FALSE,FALSE,FALSE,Clear,FALSE,KING ST E; KING ST E; Near; 20 M,3/7/2019 1:21:01 PM,541817.2308,4810608.775,Q4,Working,FALSE
2377,45858,16-257687,11/22/2016 5:12:00 PM,2016,11,22,17,12,Tuesday,539316.8006,4810614.452,-80.514098,43.447409,Intersection,2,P.D. only,On roadway,Intersection,Dark,Regional,Signal Control,Functioning,FALSE,FALSE,FALSE,Clear,FALSE,BELMONT AVE W; GAGE AVE; Near; 10 M,3/4/2020 10:05:09 AM,539316.8006,4810614.452,Q4,Working,FALSE
2378,45859,16-257898,11/23/2016 12:57:00 AM,2016,11,23,0,57,Wednesday,545083.8289,4811675.154,-80.442741,43.456634,Other,1,Non-fatal injury,Off roadway,SMV,Dark,Municipal,Sign Control,Functioning,FALSE,FALSE,FALSE,Clear,FALSE,MONTCALM DR; MONTCALM DR ; At,3/7/2019 1:21:00 PM,545083.8289,4811675.154,Q4,Working,FALSE
2379,45860,16-258320,11/23/2016 8:00:00 AM,2016,11,23,8,0,Wednesday,539368.9877,4811741.818,-80.513372,43.457557,Non intersection,2,P.D. only,Off roadway,SMV,Daylight,Regional,No control,Unknown,FALSE,FALSE,FALSE,Clear,FALSE,MT HOPE ST ; KING ST W; Near; 20 M,3/4/2020 10:05:08 AM,539368.9877,4811741.818,Q4,Working,FALSE
2380,45861,16-258580,11/24/2016 12:01:00 AM,2016,11,24,0,1,Thursday,545848.5918,4802800.282,-80.434033,43.376679,Private Drive,2,P.D. only,On roadway,SMV,Dark,Municipal,No control,Unknown,FALSE,FALSE,FALSE,Snow,FALSE,CRANBROOK ST; CRANBROOK ST ; At; 1 M,3/4/2020 10:05:07 AM,545848.5918,4802800.282,Q4,Weekend,FALSE