,OBJECTID,ACCIDENTNUM,ACCIDENTDATE,ACCIDENT_YEAR,ACCIDENT_MONTH,ACCIDENT_DAY,ACCIDENT_HOUR,ACCIDENT_MINUTE,Accident_Day,XCOORD,YCOORD,LONGITUDE,LATITUDE,Accident_Location,COLLISIONTYPE,Accident_Type,Impact_Location,Impact_Type,Light,Road_Jurisdication,Traffic_Control,Traffic_Control_Condition,Pedestrian_Involved,Cyclist_Involved,Motorcyclist_Involved,Environment_Condition,Self_Reported,XMLIMPORTNOTES,LASTEDITEDDATE,x,y,Quarter,Day_Type,Vulnerable_Involved
2381,45862,16-258714,11/24/2016 7:35:00 AM,2016,11,24,7,35,Thursday,541854.891,4806096.666,-80.483078,43.406593,Non intersection,2,P.D. only,On roadway,SMV,Daylight,Municipal,No control,Unknown,FALSE,FALSE,FALSE,Clear,FALSE,NICHOLE CRES; THE COUNTRY WAY; Near; 15 M,3/4/2020 10:05:07 AM,541854.891,4806096.666,Q4,Weekend,FALSE
2382,45863,16-258720,11/23/2016 10:20:00 PM,2016,11,23,22,20,Wednesday,544883.1474,4804848.317,-80.445782,43.395178,Intersection,2,P.D. only,On roadway,Intersection,Dark,Municipal,Signal Control,Functioning,FALSE,FALSE,FALSE,Rain,FALSE,DOON VILLAGE RD; PIONEER DR; At,3/4/2020 10:05:06 AM,544883.1474,4804848.317,Q4,Working,FALSE
2383,45864,16-258752,11/23/2016 9:00:00 PM,2016,11,23,21,0,Wednesday,544713.6852,4809277.873,-80.447512,43.435072,Private Drive,2,P.D. only,On roadway,Other,Dark,Regional,No control,Unknown,FALSE,FALSE,FALSE,Rain,FALSE,FRANKLIN ST N; FRANKLIN ST N; Near,3/4/2020 10:05:05 AM,544713.6852,4809277.873,Q4,Working,FALSE
2384,45865,16-258965,11/24/2016 12:35:00 PM,2016,11,24,12,35,Thursday,543732.6434,4808094.602,-80.459728,43.424475,Intersection,2,P.D. only,On roadway,Rear end,Daylight,Municipal,Sign Control,Functioning,FALSE,FALSE,FALSE,Clear,FALSE,SHELLEY DR; VANIER DR,3/4/2020 10:05:05 AM,543732.6434,4808094.602,Q4,Weekend,FALSE
2385,45866,16-259036,11/19/2016 2:00:00 PM,2016,11,19,14,0,Saturday,542136.8256,4803706.175,-80.479781,43.385053,Private Drive,2,P.D. only,Off roadway,Other,Daylight,Municipal,No control,Unknown,FALSE,FALSE,FALSE,Clear,FALSE,MADELEINE ST; MADELEINE ST ; Near; 1 M,3/4/2020 10:05:04 AM,542136.8256,4803706.175,Q4,Weekend,FALSE
2386,45867,16-259199,11/24/2016 5:00:00 PM,2016,11,24,17,0,Thursday,540682.8131,4811615.223,-80.497142,43.456347,Intersection,2,P.D. only,On roadway,Intersection,Dark,Regional,Sign Control,Functioning,FALSE,FALSE,FALSE,Rain,FALSE,WELLINGTON ST N; DUKE ST W,3/4/2020 10:05:03 AM,540682.8131,4811615.223,Q4,Weekend,FALSE
2387,45868,16-259651,11/24/2016 8:00:00 PM,2016,11,24,20,0,Thursday,539155.1202,4811749.352,-80.516015,43.457636,Other,2,P.D. only,On roadway,Rear end,Dark,Regional,Other,Functioning,FALSE,FALSE,FALSE,Other,FALSE,UNION ST E; KING ST W; Near,3/4/2020 10:04:27 AM,539155.1202,4811749.352,Q4,Weekend,FALSE
2388,45869,16-259842,11/24/2016 5:30:00 PM,2016,11,24,17,30,Thursday,541965.5762,4808045.212,-80.481562,43.424132,Non intersection,2,P.D. only,On roadway,Intersection,Dark,Municipal,No control,Unknown,FALSE,FALSE,FALSE,Rain,FALSE,ALPINE RD; ALPINE RD,3/4/2020 10:05:03 AM,541965.5762,4808045.212,Q4,Weekend,FALSE
2389,45870,16-259906,11/25/2016 5:18:00 PM,2016,11,25,17,18,Friday,541359.9632,4808641.352,-80.488998,43.429533,Intersection,2,P.D. only,On roadway,Rear end,Daylight,Regional,Signal Control,Functioning,FALSE,FALSE,FALSE,Rain,FALSE,HOMER WATSON BLVD; HOFFMAN ST; Near,3/4/2020 10:05:02 AM,541359.9632,4808641.352,Q4,Weekend,FALSE
2390,45871,16-260075,11/25/2016 9:16:00 PM,2016,11,25,21,16,Friday,545274.7398,4806432.631,-80.440816,43.409419,Intersection,2,P.D. only,Off roadway,SMV,Dark,Municipal,Sign Control,Functioning,FALSE,FALSE,FALSE,Rain,FALSE,WILSON AVE; WABANAKI DR,3/7/2019 1:20:59 PM,545274.7398,4806432.631,Q4,Weekend,FALSE
2391,45872,16-260487,11/26/2016 11:46:00 AM,2016,11,26,11,46,Saturday,538682.9164,4810030.193,-80.521974,43.442181,Private Drive,2,P.D. only,On roadway,SMV,Other,Municipal,No control,Unknown,FALSE,FALSE,FALSE,Clear,FALSE,KARN ST; KARN ST ; 1 M,3/7/2019 1:20:57 PM,538682.9164,4810030.193,Q4,Weekend,FALSE
2392,45873,16-261211,11/27/2016 10:00:00 AM,2016,11,27,10,0,Sunday,543525.5705,4804241.215,-80.462593,43.389791,Private Drive,2,P.D. only,On roadway,SMV,Daylight,Municipal,No control,Unknown,FALSE,FALSE,FALSE,Clear,FALSE,TEMPLEWOOD DR; TEMPLEWOOD DR,3/4/2020 10:05:01 AM,543525.5705,4804241.215,Q4,Weekend,FALSE
2393,45874,16-261364,11/27/2016 6:14:00 PM,2016,11,27,18,14,Sunday,541183.3173,4810692.251,-80.491026,43.448009,Intersection,2,P.D. only,On roadway,Intersection,Dark,Municipal,Signal Control,Functioning,FALSE,FALSE,FALSE,Clear,FALSE,QUEEN ST S; JOSEPH ST,3/4/2020 10:05:01 AM,541183.3173,4810692.251,Q4,Weekend,FALSE
2394,45875,16-261996,11/28/2016 7:05:00 AM,2016,11,28,7,5,Monday,538895.2564,4807803.298,-80.519508,43.422119,Private Drive,2,P.D. only,On roadway,Other,Daylight,Municipal,No control,Unknown,FALSE,FALSE,FALSE,Clear,FALSE,FOREST GLEN CRES; FOREST GLEN CRES ; Near; 10 M,3/4/2020 10:05:00 AM,538895.2564,4807803.298,Q4,Working,FALSE
2395,45876,16-262538,11/29/2016 6:30:00 AM,2016,11,29,6,30,Tuesday,541030.552,4810707.019,-80.492912,43.44815,Non intersection,2,P.D. only,Off roadway,SMV,Daylight,Municipal,No control,Unknown,FALSE,FALSE,FALSE,Clear,FALSE,DAVID ST; DAVID ST,3/4/2020 10:04:59 AM,541030.552,4810707.019,Q4,Working,FALSE
2396,45877,16-262807,11/27/2016 6:30:00 PM,2016,11,27,18,30,Sunday,540695.0354,4812154.227,-80.496951,43.461199,Non intersection,2,P.D. only,On roadway,SMV,Dark,Municipal,No control,Unknown,FALSE,FALSE,FALSE,Rain,FALSE,BLUCHER ST; BLUCHER ST,3/4/2020 10:04:58 AM,540695.0354,4812154.227,Q4,Weekend,FALSE
2397,45878,16-262904,11/29/2016 6:10:00 PM,2016,11,29,18,10,Tuesday,543531.3385,4804487.679,-80.462502,43.39201,Private Drive,1,Non-fatal injury,On roadway,Intersection,Dark,Municipal,No control,Unknown,FALSE,FALSE,FALSE,Clear,FALSE,TEMPLEWOOD DR; TEMPLEWOOD DR ; 2 M,3/4/2020 10:04:58 AM,543531.3385,4804487.679,Q4,Working,FALSE
2398,45879,16-263238,11/30/2016 7:50:00 AM,2016,11,30,7,50,Wednesday,539080.5405,4811110.054,-80.516983,43.451884,Intersection,2,Non-reportable,On roadway,Intersection,Daylight,Municipal,Signal Control,Functioning,FALSE,FALSE,FALSE,Rain,FALSE,BELMONT AVE W; GLASGOW ST; Near,3/4/2020 10:04:57 AM,539080.5405,4811110.054,Q4,Working,FALSE
2399,45880,16-263286,11/30/2016 9:26:00 AM,2016,11,30,9,26,Wednesday,544559.2947,4811737.44,-80.449219,43.457227,Intersection,2,P.D. only,On roadway,Intersection,Daylight,Municipal,Signal Control,Functioning,FALSE,FALSE,FALSE,Clear,FALSE,LORRAINE AVE; RIVER RD E,3/7/2019 1:20:56 PM,544559.2947,4811737.44,Q4,Working,FALSE
2400,45881,16-263475,11/30/2016 2:00:00 PM,2016,11,30,14,0,Wednesday,542842.1855,4809870.926,-80.470589,43.440521,Intersection,2,P.D. only,On roadway,Intersection,Daylight,Regional,Sign Control,Functioning,FALSE,FALSE,FALSE,Rain,FALSE,SYDNEY ST S; CHARLES ST E,3/7/2019 1:20:54 PM,542842.1855,4809870.926,Q4,Working,FALSE
2401,45882,16-263552,11/30/2016 3:57:00 PM,2016,11,30,15,57,Wednesday,544610.8794,4810392.629,-80.448691,43.445115,Intersection,2,P.D. only,On roadway,Intersection,Dusk,Regional,Sign Control,Functioning,FALSE,FALSE,FALSE,Clear,FALSE,FRANKLIN ST N; BRADLEY DR,3/7/2019 1:20:53 PM,544610.8794,4810392.629,Q4,Working,FALSE
2402,45883,16-263932,12/1/2016 5:50:00 AM,2016,12,1,5,50,Thursday,544601.111,4810415.562,-80.44881,43.445322,Non intersection,2,P.D. only,Off roadway,SMV,Dawn,Municipal,No control,Unknown,FALSE,FALSE,FALSE,Clear,FALSE,FRANKLIN ST N; PENROSE AVE ; Near; 70 M,3/7/2019 1:20:51 PM,544601.111,4810415.562,Q4,Weekend,FALSE
2403,45884,16-264097,12/1/2016 10:23:00 AM,2016,12,1,10,23,Thursday,545048.3003,4810837.34,-80.443249,43.449093,Intersection,1,Non-fatal injury,On roadway,Rear end,Daylight,Municipal,Signal Control,Functioning,FALSE,FALSE,FALSE,Rain,FALSE,HOLBORN DR; RIVER RD E; Near; 60 M,3/7/2019 1:20:49 PM,545048.3003,4810837.34,Q4,Weekend,FALSE
2404,45885,16-264449,12/1/2016 5:30:00 PM,2016,12,1,17,30,Thursday,541322.6821,4811654.186,-80.48923,43.456663,Private Drive,2,Non-reportable,On roadway,Intersection,Dusk,Municipal,No control,Unknown,FALSE,FALSE,FALSE,Clear,FALSE,MARGARET AV; MARGARET AVE ; At,3/4/2020 10:04:56 AM,541322.6821,4811654.186,Q4,Weekend,FALSE
2405,45886,16-264867,12/2/2016 8:40:00 AM,2016,12,2,8,40,Friday,542405.6372,4806620.351,-80.476236,43.411277,Intersection,1,Non-fatal injury,On roadway,Rear end,Daylight,Municipal,Sign Control,Functioning,FALSE,FALSE,FALSE,Clear,FALSE,STRASBURG RD; OLD COUNTRY DR,3/4/2020 10:04:56 AM,542405.6372,4806620.351,Q4,Weekend,FALSE
2406,45887,16-264961,11/28/2016 3:30:00 PM,2016,11,28,15,30,Monday,539044.2345,4811195.625,-80.517425,43.452656,Intersection,2,P.D. only,On roadway,Intersection,Daylight,Municipal,Sign Control,Functioning,FALSE,FALSE,FALSE,Clear,FALSE,BELMONT AVE W; ROCK AVE,3/4/2020 10:04:55 AM,539044.2345,4811195.625,Q4,Working,FALSE
2407,45888,16-265004,12/1/2016 3:00:00 PM,2016,12,1,15,0,Thursday,541068,4811108,0,0,Non intersection,2,P.D. only,On roadway,SMV,Daylight,Municipal,No control,Unknown,FALSE,FALSE,FALSE,Clear,FALSE,GREENWATER PL; GREENWATER PL,3/4/2020 10:04:54 AM,541068,4811108,Q4,Weekend,FALSE
2408,45889,16-265118,11/29/2016 9:30:00 AM,2016,11,29,9,30,Tuesday,541552.7215,4810006.92,-80.486513,43.441818,Private Drive,2,P.D. only,On roadway,SMV,Daylight,Municipal,No control,Unknown,FALSE,FALSE,FALSE,Clear,FALSE,MADISON AVE S; MADISON AVE S; Near,3/4/2020 10:04:54 AM,541552.7215,4810006.92,Q4,Working,FALSE
2409,45890,16-265168,12/2/2016 2:10:00 PM,2016,12,2,14,10,Friday,540171.6031,4810793.035,-80.503521,43.448972,Private Drive,2,P.D. only,On roadway,Other,Daylight,Municipal,No control,Unknown,FALSE,FALSE,FALSE,Clear,FALSE,PARK ST; PARK ST ; Near,3/4/2020 10:04:53 AM,540171.6031,4810793.035,Q4,Weekend,FALSE
2410,45891,16-265330,12/2/2016 7:15:00 PM,2016,12,2,19,15,Friday,541499.8073,4811996.571,-80.487015,43.459736,Non intersection,2,P.D. only,On roadway,Rear end,Dark,Municipal,No control,Functioning,FALSE,FALSE,FALSE,Rain,FALSE,WELLINGTON ST N; ST LEGER ST; Near; 15 M,3/7/2019 1:20:48 PM,541499.8073,4811996.571,Q4,Weekend,FALSE
2411,45892,16-266392,12/4/2016 6:12:00 AM,2016,12,4,6,12,Sunday,540833.6418,4809798.485,-80.495414,43.439981,Non intersection,1,Non-fatal injury,Off roadway,SMV,Dark,Municipal,No control,Unknown,FALSE,FALSE,FALSE,Clear,FALSE,HIGHLAND RD E; RUBY ST; 73 M,3/7/2019 1:20:47 PM,540833.6418,4809798.485,Q4,Weekend,FALSE
2412,45893,16-266453,12/4/2016 8:50:00 AM,2016,12,4,8,50,Sunday,544067.6442,4805165.229,-80.455826,43.398079,Non intersection,2,P.D. only,Off roadway,SMV,Daylight,Regional,No control,Unknown,FALSE,FALSE,FALSE,Clear,FALSE,HURON RD; HOMER WATSON BLVD; 98 M,3/7/2019 1:20:46 PM,544067.6442,4805165.229,Q4,Weekend,FALSE
2413,45894,16-266889,12/5/2016 12:00:00 AM,2016,12,5,0,0,Monday,544519.6722,4807140.57,-80.450084,43.415839,Non intersection,2,P.D. only,On roadway,SMV,Dark,Regional,No control,Unknown,FALSE,FALSE,FALSE,Snow,FALSE,WEBSTER RD; MANITOU DR ; Near; 100 M,3/4/2020 10:04:52 AM,544519.6722,4807140.57,Q4,Working,FALSE
2414,45895,16-267184,12/3/2016 3:30:00 AM,2016,12,3,3,30,Saturday,544042.9222,4809124.918,-80.455812,43.433734,Private Drive,2,P.D. only,On roadway,SMV,Dark,Regional,No control,Unknown,FALSE,FALSE,FALSE,Rain,FALSE,SECORD AVE; SECORD AVE,3/4/2020 10:04:52 AM,544042.9222,4809124.918,Q4,Weekend,FALSE
2415,45896,16-267346,12/5/2016 5:01:00 PM,2016,12,5,17,1,Monday,541692.6839,4811509.27,-80.484668,43.455337,Intersection,1,Non-fatal injury,On roadway,Intersection,Dark,Municipal,Sign Control,Functioning,FALSE,FALSE,FALSE,Clear,FALSE,QUEEN ST N; ELLEN ST E,3/7/2019 1:20:45 PM,541692.6839,4811509.27,Q4,Working,FALSE
2416,45897,16-267358,12/1/2016 7:00:00 PM,2016,12,1,19,0,Thursday,540605.7661,4810689.423,-80.498163,43.448015,Private Drive,2,P.D. only,On roadway,SMV,Dark,Municipal,No control,Unknown,FALSE,FALSE,FALSE,Clear,FALSE,HEINS AVE; HEINS AVE,3/4/2020 10:04:51 AM,540605.7661,4810689.423,Q4,Weekend,FALSE
2417,45898,16-267774,11/29/2016 10:30:00 AM,2016,11,29,10,30,Tuesday,542670.2574,4816461.145,-80.472198,43.499869,Non intersection,2,P.D. only,On roadway,SMV,Daylight,Municipal,No control,Unknown,FALSE,FALSE,FALSE,Clear,FALSE,EAGLECREST ST; EAGLECREST CRT ; Near,3/7/2019 1:20:43 PM,542670.2574,4816461.145,Q4,Working,FALSE
2418,45899,16-267898,12/6/2016 11:48:00 AM,2016,12,6,11,48,Tuesday,541863.6426,4812694.011,-80.482464,43.465995,Non intersection,2,Non-reportable,On roadway,Intersection,Daylight,Municipal,No control,Unknown,FALSE,FALSE,FALSE,Clear,FALSE,GUELPH ST; GUELPH ST; Near,3/4/2020 10:04:50 AM,541863.6426,4812694.011,Q4,Working,FALSE
2419,45900,16-268192,12/6/2016 6:47:00 PM,2016,12,6,18,47,Tuesday,545622.537,4810703.511,-80.436164,43.447853,Intersection,1,Non-fatal injury,On roadway,SMV,Dark,Regional,Sign Control,Functioning,TRUE,FALSE,FALSE,Rain,FALSE,OLD CHICOPEE DR; EDENBRIDGE DR,3/4/2020 10:04:50 AM,545622.537,4810703.511,Q4,Working,FALSE
2420,45901,16-268212,12/6/2016 10:40:00 AM,2016,12,6,10,40,Tuesday,541601.6371,4809725.543,-80.48593,43.439282,Non intersection,2,P.D. only,On roadway,Rear end,Daylight,Municipal,No control,Unknown,FALSE,FALSE,FALSE,Clear,FALSE,STIRLING AVE S; STIRLING AVE S,3/7/2019 1:20:42 PM,541601.6371,4809725.543,Q4,Working,FALSE
2421,45902,16-268315,12/6/2016 11:38:00 PM,2016,12,6,23,38,Tuesday,538884.1303,4811463.333,-80.519385,43.455075,Non intersection,2,P.D. only,Off roadway,SMV,Dark,Regional,No control,Unknown,FALSE,FALSE,FALSE,Rain,FALSE,UNION BLVD; BELMONT AVE W; Near; 18 M,3/7/2019 1:20:41 PM,538884.1303,4811463.333,Q4,Working,FALSE
2422,45903,16-268633,12/7/2016 1:20:00 PM,2016,12,7,13,20,Wednesday,541581.4273,4810751.871,-80.486101,43.448524,Intersection,1,Non-fatal injury,On roadway,Intersection,Daylight,Regional,Sign Control,Functioning,FALSE,FALSE,FALSE,Clear,FALSE,SCOTT ST; KING ST E,3/7/2019 1:20:40 PM,541581.4273,4810751.871,Q4,Working,FALSE
2423,45904,16-268750,12/7/2016 3:10:00 PM,2016,12,7,15,10,Wednesday,542166.822,4806039.319,-80.47923,43.406059,Private Drive,2,P.D. only,On roadway,Other,Daylight,Municipal,No control,Unknown,FALSE,FALSE,FALSE,Clear,FALSE,COLONY DR; COLONY DR ; At,3/4/2020 10:04:49 AM,542166.822,4806039.319,Q4,Working,FALSE
2424,45905,16-268833,12/6/2016 5:50:00 PM,2016,12,6,17,50,Tuesday,543565.4806,4812258.462,-80.461461,43.461976,Non intersection,2,P.D. only,On roadway,Intersection,Dark,Regional,No control,Unknown,FALSE,FALSE,FALSE,Rain,FALSE,FREDERICK ST; RIVER RD E; Near,3/7/2019 1:20:39 PM,543565.4806,4812258.462,Q4,Working,FALSE
2425,45906,16-269300,12/8/2016 11:15:00 AM,2016,12,8,11,15,Thursday,546754.4832,4808393.768,-80.422373,43.426986,Non intersection,2,P.D. only,On roadway,Rear end,Daylight,Municipal,No control,Unknown,FALSE,FALSE,FALSE,Snow,FALSE,MORGAN AVE; MORGAN AVE ; At; 20 M,3/4/2020 10:04:48 AM,546754.4832,4808393.768,Q4,Weekend,FALSE
2426,45907,16-269421,12/8/2016 11:50:00 AM,2016,12,8,11,50,Thursday,537037.8426,4807886.504,-80.542448,43.422962,Intersection,2,P.D. only,On roadway,Intersection,Daylight,Municipal,Sign Control,Functioning,FALSE,FALSE,FALSE,Clear,FALSE,ROLLING MEADOWS DR ; WESTHEIGHTS DR,3/4/2020 10:04:48 AM,537037.8426,4807886.504,Q4,Weekend,FALSE
2427,45908,16-269435,12/8/2016 1:30:00 PM,2016,12,8,13,30,Thursday,539522.3082,4809739.05,-80.511622,43.439516,Private Drive,2,P.D. only,On roadway,Rear end,Daylight,Municipal,No control,Unknown,FALSE,FALSE,FALSE,Snow,FALSE,LAWRENCE AVE; LAWRENCE AVE ; Near; 10 M,3/7/2019 1:20:38 PM,539522.3082,4809739.05,Q4,Weekend,FALSE
2428,45909,16-269444,12/8/2016 11:30:00 AM,2016,12,8,11,30,Thursday,544755.1671,4808023.501,-80.447102,43.423775,Intersection,2,P.D. only,On roadway,Rear end,Daylight,Municipal,Signal Control,Functioning,FALSE,FALSE,FALSE,Snow,FALSE,TRAYNOR AVE; WILSON AVE; At,3/4/2020 10:04:47 AM,544755.1671,4808023.501,Q4,Weekend,FALSE
2429,45910,16-269466,12/8/2016 12:25:00 PM,2016,12,8,12,25,Thursday,544025.2971,4808010.301,-80.45612,43.423699,Intersection,2,P.D. only,On roadway,Intersection,Daylight,Municipal,Sign Control,Functioning,FALSE,FALSE,FALSE,Clear,FALSE,SIEBERT AVE; WOODHAVEN RD,3/4/2020 10:04:46 AM,544025.2971,4808010.301,Q4,Weekend,FALSE
2430,45911,16-269583,12/8/2016 5:21:00 PM,2016,12,8,17,21,Thursday,547902.8249,4811319.084,-80.407929,43.453253,Private Drive,2,P.D. only,On roadway,Other,Dark,Municipal,No control,Unknown,FALSE,FALSE,FALSE,Snow,FALSE,OLD ZELLER DR; OLD ZELLER DR ; At; 3 M,3/7/2019 1:20:37 PM,547902.8249,4811319.084,Q4,Weekend,FALSE
2431,45912,16-269586,12/8/2016 5:21:00 PM,2016,12,8,17,21,Thursday,542724.4947,4810040.266,-80.47203,43.442052,Non intersection,2,P.D. only,On roadway,Rear end,Dark,Regional,No control,Unknown,FALSE,FALSE,FALSE,Snow,FALSE,KING ST E; OTTAWA ST N; Near; 30 M,3/7/2019 1:20:36 PM,542724.4947,4810040.266,Q4,Weekend,FALSE
2432,45913,16-269603,12/8/2016 5:56:00 PM,2016,12,8,17,56,Thursday,542216.9077,4810993.138,-80.478229,43.450661,Intersection,2,P.D. only,Off roadway,SMV,Dark,Municipal,No control,Unknown,FALSE,FALSE,FALSE,Snow,FALSE,TROY ST; KRUG ST,3/7/2019 1:20:35 PM,542216.9077,4810993.138,Q4,Weekend,FALSE
2433,45914,16-269666,12/8/2016 6:30:00 PM,2016,12,8,18,30,Thursday,546163.7488,4812312.159,-80.429339,43.462304,Intersection,2,P.D. only,On roadway,Intersection,Dark,Municipal,Sign Control,Functioning,FALSE,FALSE,FALSE,Clear,FALSE,KEEWATIN AVE; DENLOW ST,3/4/2020 10:04:45 AM,546163.7488,4812312.159,Q4,Weekend,FALSE
2434,45915,16-269721,12/8/2016 9:00:00 PM,2016,12,8,21,0,Thursday,536491.3669,4809853.265,-80.549067,43.440698,Non intersection,2,P.D. only,On roadway,SMV,Dusk,Regional,No control,Unknown,FALSE,FALSE,FALSE,Snow,FALSE,WESTVALE GATE; UNIVERSITY AVE W; 20 M,3/7/2019 1:20:34 PM,536491.3669,4809853.265,Q4,Weekend,FALSE
2435,45916,16-269944,12/9/2016 8:22:00 AM,2016,12,9,8,22,Friday,542570.4933,4805979.302,-80.47425,43.405496,Intersection,2,P.D. only,On roadway,Rear end,Daylight,Municipal,No control,Unknown,FALSE,FALSE,FALSE,Clear,FALSE,STRASBURG RD; SHOEMAKER ST; 10 M,3/4/2020 10:04:45 AM,542570.4933,4805979.302,Q4,Weekend,FALSE
2436,45917,16-269950,12/9/2016 8:30:00 AM,2016,12,9,8,30,Friday,539486.2438,4811487.928,-80.511941,43.455265,Non intersection,2,P.D. only,On roadway,Rear end,Daylight,Municipal,No control,Unknown,FALSE,FALSE,FALSE,Clear,FALSE,PARK ST; GILDNER ST; Near; 50 M,3/7/2019 1:20:33 PM,539486.2438,4811487.928,Q4,Weekend,FALSE
2437,45918,16-270114,12/8/2016 8:00:00 PM,2016,12,8,20,0,Thursday,542306.3437,4811041.041,-80.47712,43.451087,Intersection,2,P.D. only,Off roadway,SMV,Dark,Regional,Sign Control,Functioning,FALSE,FALSE,FALSE,Snow,FALSE,KRUG ST; SAMUEL ST,3/4/2020 10:04:44 AM,542306.3437,4811041.041,Q4,Weekend,FALSE
2438,45919,16-270236,12/9/2016 2:20:00 PM,2016,12,9,14,20,Friday,540359.1068,4806989.74,-80.501485,43.414716,Private Drive,2,P.D. only,Off roadway,SMV,Daylight,Municipal,No control,Unknown,FALSE,FALSE,FALSE,Snow,FALSE,LITTLEFIELD CRES; LITTLEFIELD CRES ; At; 2 M,3/4/2020 10:04:43 AM,540359.1068,4806989.74,Q4,Weekend,FALSE
2439,45920,16-270281,12/9/2016 3:54:00 PM,2016,12,9,15,54,Friday,538550.4633,4805359.209,-80.52394,43.40013,Private Drive,1,Non-fatal injury,On roadway,Rear end,Daylight,Municipal,No control,Unknown,FALSE,FALSE,FALSE,Snow,FALSE,GRAVEL RIDGE TRAIL; GRAVEL RIDGE TRAIL ; 0 M,3/7/2019 1:20:31 PM,538550.4633,4805359.209,Q4,Weekend,FALSE
2440,45921,16-270349,12/9/2016 5:41:00 PM,2016,12,9,17,41,Friday,541455.7775,4813276.423,-80.487462,43.471262,Private Drive,2,P.D. only,On roadway,SMV,Dark,Municipal,No control,Unknown,FALSE,FALSE,FALSE,Snow,FALSE,UNION ST; UNION ST; 1 M,3/4/2020 10:04:43 AM,541455.7775,4813276.423,Q4,Weekend,FALSE
2441,45922,16-270380,12/9/2016 6:29:00 PM,2016,12,9,18,29,Friday,541194.3287,4808244.391,-80.491074,43.425968,Non intersection,2,P.D. only,On roadway,Intersection,Dark,Municipal,No control,Unknown,FALSE,FALSE,FALSE,Snow,FALSE,CHANDLER DR ; STRASBURG RD ; 20 M,3/7/2019 1:20:30 PM,541194.3287,4808244.391,Q4,Weekend,FALSE
2442,45923,16-270658,12/10/2016 6:00:00 AM,2016,12,10,6,0,Saturday,543403.7167,4804778.163,-80.464055,43.394633,Other,2,P.D. only,Off roadway,SMV,Dark,Other,No control,Unknown,FALSE,FALSE,FALSE,Snow,FALSE,OLD HURON RD ; OLD HURON RD; At; 0 M,3/7/2019 1:20:28 PM,543403.7167,4804778.163,Q4,Weekend,FALSE
2443,45924,16-270773,12/9/2016 9:30:00 PM,2016,12,9,21,30,Friday,538893.973,4810244.616,-80.51935,43.444101,Private Drive,2,P.D. only,Off roadway,SMV,Dark,Other,No control,Unknown,FALSE,FALSE,FALSE,Snow,FALSE,BRYBECK CRES; BRYBECK CRES; At; 7 M,3/4/2020 10:04:42 AM,538893.973,4810244.616,Q4,Weekend,FALSE
2444,45925,16-270837,12/10/2016 12:02:00 PM,2016,12,10,12,2,Saturday,539239.642,4811190.953,-80.51501,43.452604,Non intersection,2,P.D. only,Off roadway,SMV,Daylight,Municipal,No control,Unknown,FALSE,FALSE,FALSE,Snow,FALSE,GLASGOW ST ; GLASGOW ST ; At; 1 M,3/7/2019 1:20:28 PM,539239.642,4811190.953,Q4,Weekend,FALSE
2445,45926,16-271102,12/10/2016 8:30:00 PM,2016,12,10,20,30,Saturday,540681.8575,4811614.259,-80.497154,43.456338,Intersection,2,P.D. only,On roadway,Rear end,Dark,Regional,Sign Control,Functioning,FALSE,FALSE,FALSE,Snow,FALSE,WELLINGTON ST N; DUKE ST W; At,3/4/2020 10:04:41 AM,540681.8575,4811614.259,Q4,Weekend,FALSE
2446,45927,16-271386,12/11/2016 7:11:00 AM,2016,12,11,7,11,Sunday,542471.625,4812921.949,-80.474931,43.468013,Other,2,P.D. only,Off roadway,SMV,Dawn,Regional,Sign Control,Functioning,FALSE,FALSE,FALSE,Snow,FALSE,SEREDA RD; GUELPH ST; 5 M,3/4/2020 10:04:41 AM,542471.625,4812921.949,Q4,Weekend,FALSE
2447,45928,16-271532,12/11/2016 9:00:00 AM,2016,12,11,9,0,Sunday,541558.6794,4803723.348,-80.486917,43.38524,Non intersection,2,P.D. only,On roadway,Intersection,Daylight,Municipal,No control,Unknown,FALSE,FALSE,FALSE,Snow,FALSE,SIENNA CRES; WOODBINE AVE; Near,3/4/2020 10:04:40 AM,541558.6794,4803723.348,Q4,Weekend,FALSE
2448,45929,16-271609,12/11/2016 3:57:00 PM,2016,12,11,15,57,Sunday,542865.2462,4814065.987,-80.469974,43.478292,Private Drive,2,P.D. only,On roadway,SMV,Daylight,Municipal,No control,Unknown,FALSE,FALSE,FALSE,Snow,FALSE,INGE CRT; INGE CRT ; 1 M,3/7/2019 1:20:26 PM,542865.2462,4814065.987,Q4,Weekend,FALSE
2449,45930,16-271680,12/11/2016 5:02:00 PM,2016,12,11,17,2,Sunday,543215.0641,4808985.161,-80.466052,43.432524,Non intersection,2,P.D. only,Off roadway,SMV,Dark,Municipal,No control,Unknown,FALSE,FALSE,FALSE,Snow,FALSE,CARWOOD AVE; DIXON ST ; Near; 100 M,3/7/2019 1:20:25 PM,543215.0641,4808985.161,Q4,Weekend,FALSE
2450,45931,16-272449,12/12/2016 6:38:00 PM,2016,12,12,18,38,Monday,540544.8252,4811765.773,-80.498837,43.45771,Non intersection,2,P.D. only,Off roadway,SMV,Daylight,Municipal,No control,Unknown,FALSE,FALSE,FALSE,Clear,FALSE,SHANLEY ST; SHANLEY ST ; Near; 6 M,3/4/2020 10:04:39 AM,540544.8252,4811765.773,Q4,Working,FALSE
2451,45932,16-272998,12/13/2016 1:30:00 PM,2016,12,13,13,30,Tuesday,538629.2978,4809779.585,-80.522654,43.439927,Private Drive,2,P.D. only,On roadway,SMV,Daylight,Municipal,No control,Unknown,FALSE,FALSE,FALSE,Clear,FALSE,MOOREGATE CRES; MOOREGATE CRES ; Near; 60 M,3/7/2019 1:20:24 PM,538629.2978,4809779.585,Q4,Working,FALSE