,OBJECTID,ACCIDENTNUM,ACCIDENTDATE,ACCIDENT_YEAR,ACCIDENT_MONTH,ACCIDENT_DAY,ACCIDENT_HOUR,ACCIDENT_MINUTE,Accident_Day,XCOORD,YCOORD,LONGITUDE,LATITUDE,Accident_Location,COLLISIONTYPE,Accident_Type,Impact_Location,Impact_Type,Light,Road_Jurisdication,Traffic_Control,Traffic_Control_Condition,Pedestrian_Involved,Cyclist_Involved,Motorcyclist_Involved,Environment_Condition,Self_Reported,XMLIMPORTNOTES,LASTEDITEDDATE,x,y,Quarter,Day_Type,Vulnerable_Involved
2452,45933,16-273053,12/13/2016 2:53:00 PM,2016,12,13,14,53,Tuesday,541797.6528,4810620.914,-80.483439,43.447333,Intersection,2,P.D. only,On roadway,Intersection,Daylight,Regional,Signal Control,Functioning,FALSE,FALSE,FALSE,Clear,FALSE,KING ST E; CEDAR ST N; Near; 5 M,3/7/2019 1:20:23 PM,541797.6528,4810620.915,Q4,Working,FALSE
2453,45934,16-273149,12/13/2016 5:25:00 PM,2016,12,13,17,25,Tuesday,540334.4095,4805885.785,-80.501872,43.404778,Intersection,1,Non-fatal injury,On roadway,Other,Dark,Municipal,Sign Control,Functioning,FALSE,FALSE,FALSE,Clear,FALSE,MAX BECKER DR; HELENA FEASBY ST,3/7/2019 1:20:21 PM,540334.4095,4805885.785,Q4,Working,FALSE
2454,45935,16-273495,12/13/2016 6:00:00 PM,2016,12,13,18,0,Tuesday,536593.7999,4808573.64,-80.547887,43.429171,Private Drive,2,P.D. only,On roadway,SMV,Dusk,Municipal,No control,Unknown,FALSE,FALSE,FALSE,Clear,FALSE,WESTMEADOW DR; WESTMEADOW DR,3/4/2020 10:04:38 AM,536593.7999,4808573.64,Q4,Working,FALSE
2455,45936,16-273525,12/14/2016 8:18:00 AM,2016,12,14,8,18,Wednesday,537539.9116,4808514.658,-80.536202,43.428593,Non intersection,2,P.D. only,On roadway,Rear end,Daylight,Municipal,No control,Unknown,FALSE,FALSE,FALSE,Clear,FALSE,BANKSIDE DR; BANKSIDE DR ; At; 1 M,3/7/2019 1:20:20 PM,537539.9116,4808514.658,Q4,Working,FALSE
2456,45937,16-273863,12/14/2016 3:57:00 PM,2016,12,14,15,57,Wednesday,544687.851,4809225.874,-80.447836,43.434605,Intersection,2,P.D. only,On roadway,Rear end,Dusk,Regional,Signal Control,Functioning,FALSE,FALSE,FALSE,Clear,FALSE,FRANKLIN ST N; WEBER ST E; Near; 8 M,3/7/2019 1:20:19 PM,544687.851,4809225.874,Q4,Working,FALSE
2457,45938,16-274004,12/14/2016 7:41:00 PM,2016,12,14,19,41,Wednesday,545168.9151,4804441.308,-80.442287,43.391496,Non intersection,2,P.D. only,On roadway,SMV,Dark,Municipal,No control,Unknown,FALSE,FALSE,FALSE,Snow,FALSE,HARVEST CRT; HARVEST CRT ; Near; 8 M,3/7/2019 1:20:19 PM,545168.9151,4804441.308,Q4,Working,FALSE
2458,45939,16-274026,12/14/2016 8:12:00 PM,2016,12,14,20,12,Wednesday,545543.4987,4811126.206,-80.437105,43.451664,Private Drive,2,P.D. only,On roadway,Other,Dark,Municipal,No control,Unknown,FALSE,FALSE,FALSE,Snow,FALSE,HOLBORN DR ; LAMBERT PL ; 6 M,3/7/2019 1:20:17 PM,545543.4987,4811126.206,Q4,Working,FALSE
2459,45940,16-274035,12/14/2016 8:36:00 PM,2016,12,14,20,36,Wednesday,541466.7055,4809539.168,-80.487611,43.437611,Non intersection,2,P.D. only,On roadway,Rear end,Dark,Municipal,Signal Control,Functioning,FALSE,FALSE,FALSE,Snow,FALSE,MILL ST; STIRLING AVE S; 5 M,3/7/2019 1:20:16 PM,541466.7055,4809539.168,Q4,Working,FALSE
2460,45941,16-274084,12/14/2016 10:09:00 PM,2016,12,14,22,9,Wednesday,546725.4618,4811016.796,-80.422507,43.450606,Non intersection,2,P.D. only,On roadway,SMV,Dark,Municipal,No control,Unknown,FALSE,FALSE,FALSE,Snow,FALSE,ZELLER DR; SUSAN CRES; At; 14 M,3/7/2019 1:20:15 PM,546725.4618,4811016.796,Q4,Working,FALSE
2461,45942,16-274098,12/14/2016 10:31:00 PM,2016,12,14,22,31,Wednesday,547661.3309,4810735.865,-80.410965,43.448017,Private Drive,2,P.D. only,Off roadway,SMV,Dark,Municipal,No control,Unknown,FALSE,FALSE,FALSE,Snow,FALSE,COUNTRY CLAIR ST; COUNTRY CLAIR ST ; 4 M,3/7/2019 1:20:13 PM,547661.3309,4810735.865,Q4,Working,FALSE
2462,45943,16-274277,12/14/2016 4:15:00 PM,2016,12,14,16,15,Wednesday,542982.1396,4806164.095,-80.469152,43.407136,Private Drive,2,P.D. only,On roadway,Intersection,Daylight,Municipal,No control,Unknown,FALSE,FALSE,FALSE,Clear,FALSE,SHOEMAKER ST; SHOEMAKER ST,3/4/2020 10:04:38 AM,542982.1396,4806164.095,Q4,Working,FALSE
2463,45944,16-274290,12/15/2016 8:55:00 AM,2016,12,15,8,55,Thursday,539950.1498,4811016.271,-80.506242,43.450993,Other,2,P.D. only,On roadway,SMV,Daylight,Municipal,No control,Unknown,FALSE,FALSE,FALSE,Snow,FALSE,PARK ST; CN RAIL; At; 0 M,3/7/2019 1:20:12 PM,539950.1498,4811016.271,Q4,Weekend,FALSE
2464,45945,16-274338,12/15/2016 9:35:00 AM,2016,12,15,9,35,Thursday,539909.2452,4808493.676,-80.506932,43.428282,Intersection,2,P.D. only,On roadway,SMV,Daylight,Regional,Signal Control,Functioning,FALSE,FALSE,FALSE,Snow,FALSE,GREENBROOK DR ; WESTMOUNT RD E; 10 M,3/7/2019 1:20:11 PM,539909.2452,4808493.676,Q4,Weekend,FALSE
2465,45946,16-274351,12/15/2016 9:48:00 AM,2016,12,15,9,48,Thursday,546792.1466,4804935.407,-80.422203,43.395845,Non intersection,2,P.D. only,On roadway,Intersection,Daylight,Municipal,No control,Unknown,FALSE,FALSE,FALSE,Snow,FALSE,MILL PARK DR; MILL PARK DR ; Near; 10 M,3/7/2019 1:20:10 PM,546792.1466,4804935.407,Q4,Weekend,FALSE
2466,45947,16-274498,12/15/2016 11:35:00 AM,2016,12,15,11,35,Thursday,538952.5014,4811050.496,-80.518569,43.451354,Intersection,2,P.D. only,On roadway,Intersection,Daylight,Municipal,Sign Control,Functioning,FALSE,FALSE,FALSE,Other,FALSE,GLASGOW ST ; EARL ST,3/4/2020 10:04:37 AM,538952.5014,4811050.496,Q4,Weekend,FALSE
2467,45948,16-274612,12/14/2016 3:10:00 PM,2016,12,14,15,10,Wednesday,544154.3544,4801936.221,-80.455016,43.369,Non intersection,2,P.D. only,On roadway,Rear end,Daylight,Municipal,No control,Unknown,FALSE,FALSE,FALSE,Snow,FALSE,REIDEL DR; REIDEL DR; Near,3/4/2020 10:04:36 AM,544154.3544,4801936.221,Q4,Working,FALSE
2468,45949,16-274791,12/15/2016 6:47:00 PM,2016,12,15,18,47,Thursday,538915.9522,4810254.786,-80.519078,43.444191,Private Drive,1,Non-fatal injury,On roadway,Intersection,Dark,Municipal,No control,Unknown,FALSE,FALSE,FALSE,Snow,FALSE,BRYBECK CRES ; BRYBECK CRES ; Near; 2 M,3/7/2019 1:20:09 PM,538915.9522,4810254.787,Q4,Weekend,FALSE
2469,45950,16-274795,12/15/2016 5:45:00 PM,2016,12,15,17,45,Thursday,540964.2431,4811859.323,-80.493645,43.458529,Intersection,2,P.D. only,On roadway,Intersection,Daylight,Municipal,Sign Control,Functioning,FALSE,FALSE,FALSE,Snow,FALSE,AHRENS ST W; LOUISA ST,3/4/2020 10:04:36 AM,540964.2431,4811859.323,Q4,Weekend,FALSE
2470,45951,16-275092,12/16/2016 9:33:00 AM,2016,12,16,9,33,Friday,542473.2846,4812921.48,-80.47491,43.468009,Intersection,2,P.D. only,On roadway,Intersection,Daylight,Municipal,Sign Control,Improper,FALSE,FALSE,FALSE,Clear,FALSE,GUELPH ST; SPRING VALLEY RD,3/7/2019 1:20:07 PM,542473.2846,4812921.48,Q4,Weekend,FALSE
2471,45952,16-275766,12/16/2016 5:00:00 PM,2016,12,16,17,0,Friday,544110.2117,4803343.397,-80.455447,43.381673,Private Drive,2,P.D. only,On roadway,SMV,Dark,Municipal,No control,Unknown,FALSE,FALSE,FALSE,Other,FALSE,HEARTHWOOD CRES; HEARTHWOOD CRES ; Near,3/7/2019 1:20:06 PM,544110.2117,4803343.397,Q4,Weekend,FALSE
2472,45953,16-275777,12/17/2016 9:20:00 AM,2016,12,17,9,20,Saturday,545062.4683,4807900.782,-80.443316,43.422651,Non intersection,2,P.D. only,On roadway,Intersection,Daylight,Municipal,No control,Unknown,FALSE,FALSE,FALSE,Snow,FALSE,KINGSWAY DR; WILSON AVE ; 40 M,3/7/2019 1:20:05 PM,545062.4683,4807900.782,Q4,Weekend,FALSE
2473,45954,16-275917,12/17/2016 12:14:00 PM,2016,12,17,12,14,Saturday,545973.9191,4803905.21,-80.432393,43.38662,Private Drive,2,P.D. only,Off roadway,SMV,Daylight,Municipal,No control,Unknown,FALSE,FALSE,FALSE,Snow,FALSE,DOON MILLS DR; DOON MILLS DR ; 2 M,3/7/2019 1:20:04 PM,545973.9191,4803905.21,Q4,Weekend,FALSE
2474,45955,16-275941,12/15/2016 5:45:00 PM,2016,12,15,17,45,Thursday,540252.2601,4810732.647,-80.502529,43.448423,Non intersection,2,Non-reportable,On roadway,Rear end,Daylight,Municipal,No control,Unknown,FALSE,FALSE,FALSE,Snow,FALSE,PARK ST; VICTORIA ST S; Near,3/7/2019 1:20:03 PM,540252.2601,4810732.647,Q4,Weekend,FALSE
2475,45956,16-276042,12/17/2016 2:49:00 PM,2016,12,17,14,49,Saturday,539551.8002,4811758.932,-80.511111,43.457701,Private Drive,2,P.D. only,On roadway,Intersection,Daylight,Municipal,No control,Unknown,FALSE,FALSE,FALSE,Clear,FALSE,PINE ST; PINE ST ; At; 4 M,3/7/2019 1:20:02 PM,539551.8002,4811758.932,Q4,Weekend,FALSE
2476,45957,16-276148,12/17/2016 5:03:00 PM,2016,12,17,17,3,Saturday,545414.8953,4813760.658,-80.438475,43.475392,Non intersection,2,P.D. only,Off roadway,SMV,Dark,Municipal,No control,Unknown,FALSE,FALSE,FALSE,Rain,FALSE,SHIRLEY DR; SHIRLEY DR ; Near; 30 M,3/7/2019 1:20:01 PM,545414.8953,4813760.658,Q4,Weekend,FALSE
2477,45958,16-276188,12/17/2016 6:05:00 PM,2016,12,17,18,5,Saturday,545433.5464,4808341.125,-80.438696,43.426594,Intersection,1,Non-fatal injury,On roadway,SMV,Dark,Municipal,Sign Control,Functioning,TRUE,FALSE,FALSE,Clear,FALSE,CEDARWOODS CRES; KINGSWAY DR,3/7/2019 1:20:00 PM,545433.5464,4808341.125,Q4,Weekend,FALSE
2478,45959,16-276202,12/17/2016 6:44:00 PM,2016,12,17,18,44,Saturday,542388.1769,4812462.271,-80.475998,43.463879,Non intersection,1,Non-fatal injury,On roadway,Intersection,Dark,Municipal,No control,Unknown,FALSE,FALSE,FALSE,Rain,FALSE,WELLINGTON ST N; WELLINGTON ST N; At; 20 M,3/7/2019 1:19:59 PM,542388.1769,4812462.271,Q4,Weekend,FALSE
2479,45960,16-276280,12/17/2016 9:29:00 PM,2016,12,17,21,29,Saturday,543959.9142,4813146.107,-80.456514,43.469946,Non intersection,2,P.D. only,Off roadway,SMV,Daylight,Municipal,No control,Unknown,FALSE,FALSE,FALSE,Snow,FALSE,SHIRLEY AVE; SHIRLEY AVE ; Near; 40 M,3/7/2019 1:19:58 PM,543959.9142,4813146.107,Q4,Weekend,FALSE
2480,45961,16-276410,12/18/2016 12:54:00 AM,2016,12,18,0,54,Sunday,539700.8002,4808251.306,-80.509525,43.426111,Private Drive,2,P.D. only,Off roadway,SMV,Dark,Municipal,No control,Unknown,FALSE,FALSE,FALSE,Snow,FALSE,VILLAGE RD; VILLAGE RD ; At; 1 M,3/7/2019 1:19:57 PM,539700.8002,4808251.306,Q4,Weekend,FALSE
2481,45962,16-276555,12/18/2016 10:09:00 AM,2016,12,18,10,9,Sunday,545293.7781,4803388.787,-80.440833,43.382011,Non intersection,1,Non-fatal injury,On roadway,Other,Daylight,Municipal,No control,Unknown,FALSE,FALSE,FALSE,Snow,FALSE,FOREST CREEK DR ; CREEK RIDGE ST ; 45 M,3/7/2019 1:19:56 PM,545293.7781,4803388.787,Q4,Weekend,FALSE
2482,45963,16-276640,12/18/2016 12:44:00 PM,2016,12,18,12,44,Sunday,545146.9266,4804206.246,-80.442578,43.389381,Private Drive,2,P.D. only,On roadway,Other,Daylight,Municipal,No control,Unknown,FALSE,FALSE,FALSE,Clear,FALSE,ANVIL ST; ANVIL ST ; At; 10 M,3/7/2019 1:19:54 PM,545146.9266,4804206.246,Q4,Weekend,FALSE
2483,45964,16-276663,12/17/2016 12:40:00 PM,2016,12,17,12,40,Saturday,536005.8496,4809171.754,-80.555111,43.434585,Private Drive,2,P.D. only,On roadway,SMV,Daylight,Municipal,No control,Unknown,FALSE,FALSE,FALSE,Rain,FALSE,SASSAFRAS ST; SASSAFRAS ST,3/7/2019 1:19:53 PM,536005.8496,4809171.754,Q4,Weekend,FALSE
2484,45965,16-276708,12/17/2016 5:13:00 PM,2016,12,17,17,13,Saturday,539234.8001,4808859.366,-80.515238,43.43161,Non intersection,2,P.D. only,Off roadway,SMV,Dark,Municipal,No control,Unknown,FALSE,FALSE,FALSE,Clear,FALSE,QUEENS BLVD; QUEENS BLVD ; Near,3/7/2019 1:19:52 PM,539234.8001,4808859.366,Q4,Weekend,FALSE
2485,45966,16-276723,12/18/2016 11:30:00 AM,2016,12,18,11,30,Sunday,542107.4671,4807129.848,-80.479879,43.415882,Intersection,2,P.D. only,On roadway,Rear end,Daylight,Regional,Signal Control,Functioning,FALSE,FALSE,FALSE,Clear,FALSE,STRASBURG RD ; BLOCK LINE RD,3/7/2019 1:19:50 PM,542107.4671,4807129.848,Q4,Weekend,FALSE
2486,45967,16-277185,12/19/2016 9:00:00 AM,2016,12,19,9,0,Monday,539572.8214,4806249.002,-80.511251,43.408089,Non intersection,2,P.D. only,On roadway,Intersection,Daylight,Municipal,No control,Unknown,FALSE,FALSE,FALSE,Clear,FALSE,ACTIVA AVE; COPPER LEAF ST; Near,3/7/2019 1:19:49 PM,539572.8214,4806249.002,Q4,Working,FALSE
2487,45968,16-277266,12/19/2016 10:30:00 AM,2016,12,19,10,30,Monday,545923.4996,4804797.501,-80.432941,43.394657,Other,2,P.D. only,On roadway,Intersection,Daylight,Other,Sign Control,Functioning,FALSE,FALSE,FALSE,Clear,FALSE,PIONEER DR; PIONEER DR ; At,3/7/2019 1:19:48 PM,545923.4996,4804797.502,Q4,Working,FALSE
2488,45969,16-277302,12/19/2016 12:39:00 PM,2016,12,19,12,39,Monday,547727.3214,4806119.607,-80.410553,43.406449,Intersection,2,P.D. only,On roadway,Intersection,Daylight,Municipal,Sign Control,Functioning,FALSE,FALSE,FALSE,Clear,FALSE,DEER RIDGE DR; FALL HARVEST DR ; At,3/7/2019 1:19:47 PM,547727.3214,4806119.607,Q4,Working,FALSE
2489,45970,16-277429,12/19/2016 3:47:00 PM,2016,12,19,15,47,Monday,545950.6485,4809734.341,-80.43219,43.439107,Private Drive,2,P.D. only,On roadway,Intersection,Daylight,Municipal,No control,Unknown,FALSE,FALSE,FALSE,Clear,FALSE,VERONICA DR; VERONICA DR ; Near; 1 M,3/7/2019 1:19:46 PM,545950.6485,4809734.341,Q4,Working,FALSE
2490,45971,16-277516,12/18/2016 11:00:00 AM,2016,12,18,11,0,Sunday,542138.3406,4810684.722,-80.479224,43.447888,Non intersection,2,P.D. only,Other,SMV,Daylight,Municipal,No control,Unknown,FALSE,FALSE,FALSE,Clear,FALSE,CAMERON ST N; CAMERON ST N,3/7/2019 1:19:45 PM,542138.3406,4810684.722,Q4,Weekend,FALSE
2491,45972,16-277575,12/19/2016 7:20:00 PM,2016,12,19,19,20,Monday,540796.0973,4809183.321,-80.495924,43.434444,Intersection,1,Non-fatal injury,On roadway,SMV,Dark,Municipal,Sign Control,Functioning,TRUE,FALSE,FALSE,Clear,FALSE,PLEASANT AVE; STIRLING AVE S,3/7/2019 1:19:44 PM,540796.0973,4809183.321,Q4,Working,FALSE
2492,45973,16-277673,12/19/2016 11:10:00 PM,2016,12,19,23,10,Monday,541794.5658,4814999.299,-80.483141,43.486756,Private Drive,2,P.D. only,Other,SMV,Dark,Municipal,No control,Unknown,FALSE,FALSE,FALSE,Clear,FALSE,WOOLWICH ST; WOOLWICH ST ; At; 0 M,3/7/2019 1:19:42 PM,541794.5658,4814999.299,Q4,Working,FALSE
2493,45974,16-277674,12/19/2016 11:16:00 PM,2016,12,19,23,16,Monday,544755.1607,4808024.459,-80.447102,43.423783,Intersection,2,Non-reportable,Off roadway,SMV,Dark,Municipal,Signal Control,Functioning,FALSE,FALSE,FALSE,Snow,FALSE,WILSON AVE; TRAYNOR AVE; 60 M,3/7/2019 1:19:42 PM,544755.1607,4808024.46,Q4,Working,FALSE
2494,45975,16-277833,12/19/2016 5:45:00 PM,2016,12,19,17,45,Monday,542239.1256,4810335.935,-80.478005,43.444742,Intersection,1,Non-fatal injury,On roadway,Rear end,Dark,Regional,Signal Control,Functioning,FALSE,FALSE,FALSE,Clear,FALSE,FAIRVIEW AVE; KING ST E,3/7/2019 1:19:40 PM,542239.1256,4810335.935,Q4,Working,FALSE
2495,45976,16-277922,12/19/2016 3:10:00 PM,2016,12,19,15,10,Monday,543248.548,4804519.26,-80.465992,43.392311,Intersection,2,P.D. only,On roadway,Intersection,Daylight,Regional,Sign Control,Functioning,FALSE,FALSE,FALSE,Clear,FALSE,STRASBURG RD; HURON RD,3/7/2019 1:19:39 PM,543248.548,4804519.26,Q4,Working,FALSE
2496,45977,16-278026,12/20/2016 11:30:00 AM,2016,12,20,11,30,Tuesday,540743.3752,4811486.493,-80.496403,43.455185,Non intersection,2,P.D. only,On roadway,Other,Daylight,Municipal,No control,Unknown,FALSE,FALSE,FALSE,Clear,FALSE,DUKE ST W; DUKE ST W,3/7/2019 1:19:38 PM,540743.3752,4811486.493,Q4,Working,FALSE
2497,45978,16-278671,12/21/2016 9:35:00 AM,2016,12,21,9,35,Wednesday,541183.548,4810690.704,-80.491023,43.447995,Intersection,2,P.D. only,On roadway,SMV,Daylight,Municipal,Signal Control,Functioning,FALSE,FALSE,FALSE,Clear,FALSE,JOSEPH ST; QUEEN ST S,3/7/2019 1:19:37 PM,541183.548,4810690.704,Q4,Working,FALSE
2498,45979,16-278682,12/21/2016 9:48:00 AM,2016,12,21,9,48,Wednesday,540205.0344,4809445.703,-80.503207,43.436838,Non intersection,2,P.D. only,On roadway,Intersection,Daylight,Municipal,No control,Unknown,FALSE,FALSE,FALSE,Clear,FALSE,QUEENS BLVD ; BELMONT AVE E; Near; 45 M,3/7/2019 1:19:36 PM,540205.0344,4809445.703,Q4,Working,FALSE
2499,45980,16-278738,12/21/2016 9:45:00 AM,2016,12,21,9,45,Wednesday,541343.3532,4809062.602,-80.489171,43.433327,Intersection,2,P.D. only,On roadway,Intersection,Daylight,Municipal,Sign Control,Functioning,FALSE,FALSE,FALSE,Clear,FALSE,HIGHLAND RD E; HEIMAN ST,3/7/2019 1:19:35 PM,541343.3532,4809062.603,Q4,Working,FALSE
2500,45981,16-278931,12/21/2016 12:25:00 PM,2016,12,21,12,25,Wednesday,547165.965,4808352.089,-80.417293,43.426585,Private Drive,2,P.D. only,On roadway,SMV,Daylight,Municipal,No control,Unknown,FALSE,FALSE,FALSE,Clear,FALSE,LEWIS CRES; LEWIS CRES,3/7/2019 1:19:34 PM,547165.965,4808352.089,Q4,Working,FALSE
2501,45982,16-279132,12/21/2016 10:08:00 PM,2016,12,21,22,8,Wednesday,542237.4932,4806972.471,-80.478286,43.414457,Private Drive,2,P.D. only,On roadway,Rear end,Daylight,Municipal,Signal Control,Functioning,FALSE,FALSE,FALSE,Clear,FALSE,STRASBURG RD; STRASBURG RD ; At; 6 M,3/7/2019 1:19:33 PM,542237.4932,4806972.471,Q4,Working,FALSE
2502,45983,16-279339,12/19/2016 5:00:00 PM,2016,12,19,17,0,Monday,544843.4941,4809685.978,-80.445875,43.438738,Non intersection,2,P.D. only,On roadway,Rear end,Dusk,Municipal,No control,Unknown,FALSE,FALSE,FALSE,Clear,FALSE,FRANKLIN ST N; FRANKLIN ST N,3/7/2019 1:19:32 PM,544843.4941,4809685.978,Q4,Working,FALSE
2503,45984,16-279611,12/22/2016 3:00:00 PM,2016,12,22,15,0,Thursday,545135.6911,4804515.896,-80.442691,43.392169,Non intersection,2,P.D. only,On roadway,SMV,Daylight,Municipal,No control,Unknown,FALSE,FALSE,FALSE,Clear,FALSE,HARVEST CRT; HARVEST CRT ; Near; 1 M,3/7/2019 1:19:31 PM,545135.6911,4804515.896,Q4,Weekend,FALSE
2504,45985,16-279646,12/22/2016 2:45:00 PM,2016,12,22,14,45,Thursday,539296.0346,4811573.258,-80.514286,43.456043,Non intersection,2,P.D. only,On roadway,Rear end,Daylight,Municipal,No control,Unknown,FALSE,FALSE,FALSE,Clear,FALSE,PARK ST; MT HOPE ST; Near,3/7/2019 1:19:30 PM,539296.0346,4811573.258,Q4,Weekend,FALSE
2505,45986,16-279754,12/22/2016 9:30:00 AM,2016,12,22,9,30,Thursday,538405.449,4805239.446,-80.525739,43.399059,Private Drive,2,P.D. only,Off roadway,SMV,Daylight,Municipal,No control,Unknown,FALSE,FALSE,FALSE,Clear,FALSE,ELIZA AVE; ELIZA AVE,3/7/2019 1:19:29 PM,538405.449,4805239.446,Q4,Weekend,FALSE
2506,45987,16-279881,12/22/2016 11:50:00 PM,2016,12,22,23,50,Thursday,544069.8964,4804132.567,-80.455882,43.388781,Non intersection,2,P.D. only,Off roadway,SMV,Dark,Municipal,No control,Unknown,FALSE,FALSE,FALSE,Clear,FALSE,BIEHN DR; BIEHN DR ; At; 1 M,3/7/2019 1:19:28 PM,544069.8964,4804132.567,Q4,Weekend,FALSE
2507,45988,16-280003,12/23/2016 8:01:00 AM,2016,12,23,8,1,Friday,543752.2371,4805552.861,-80.45969,43.401588,Intersection,2,P.D. only,Off roadway,SMV,Daylight,Municipal,Sign Control,Functioning,FALSE,FALSE,FALSE,Clear,FALSE,TRILLIUM DR ; BEASLEY DR,3/7/2019 1:19:27 PM,543752.2371,4805552.861,Q4,Weekend,FALSE
2508,45989,16-280036,12/22/2016 8:15:00 AM,2016,12,22,8,15,Thursday,544681.8863,4808320.494,-80.447983,43.426453,Intersection,2,P.D. only,On roadway,Intersection,Daylight,Municipal,Sign Control,Functioning,FALSE,FALSE,FALSE,Clear,FALSE,GREENFIELD AVE; WOODHAVEN RD,3/7/2019 1:19:26 PM,544681.8863,4808320.494,Q4,Weekend,FALSE
2509,45990,16-280065,12/23/2016 9:45:00 AM,2016,12,23,9,45,Friday,537229.7877,4807562.565,-80.540099,43.420036,Other,2,P.D. only,Off roadway,SMV,Daylight,Other,No control,Unknown,FALSE,FALSE,FALSE,Snow,FALSE,WESTHEIGHTS DR ; BROKEN OAK CRES,3/7/2019 1:19:25 PM,537229.7877,4807562.565,Q4,Weekend,FALSE
2510,45991,16-280216,12/23/2016 6:30:00 AM,2016,12,23,6,30,Friday,545944.6744,4809298.889,-80.432301,43.435186,Private Drive,2,Non-reportable,On roadway,SMV,Dark,Regional,No control,Unknown,FALSE,FALSE,FALSE,Clear,FALSE,THALER AVE; THALER AVE,3/7/2019 1:19:24 PM,545944.6744,4809298.889,Q4,Weekend,FALSE
2511,45992,16-280345,12/23/2016 3:39:00 PM,2016,12,23,15,39,Friday,539593.6007,4810040.972,-80.510719,43.442231,Private Drive,2,P.D. only,On roadway,Intersection,Daylight,Regional,No control,Unknown,FALSE,FALSE,FALSE,Clear,FALSE,BELMONT AVE E; HIGHLAND RD W; Near,3/7/2019 1:19:23 PM,539593.6007,4810040.972,Q4,Weekend,FALSE
2512,45993,16-280675,12/24/2016 2:30:00 AM,2016,12,24,2,30,Saturday,540381.3671,4809536.496,-80.501022,43.437646,Non intersection,2,P.D. only,On roadway,SMV,Dark,Municipal,No control,Unknown,FALSE,FALSE,FALSE,Rain,FALSE,QUEENS BLVD; QUEENS BLVD ; Near; 8 M,3/7/2019 1:19:22 PM,540381.3671,4809536.497,Q4,Weekend,FALSE
2513,45994,16-280872,12/24/2016 12:17:00 PM,2016,12,24,12,17,Saturday,539983.4825,4810977.301,-80.505833,43.450641,Private Drive,1,Non-fatal injury,On roadway,Intersection,Daylight,Municipal,No control,Unknown,FALSE,FALSE,FALSE,Clear,FALSE,PARK ST; PARK ST ; 3 M,3/7/2019 1:19:21 PM,539983.4825,4810977.301,Q4,Weekend,FALSE
2514,45995,16-280980,12/24/2016 3:40:00 PM,2016,12,24,15,40,Saturday,542582.1033,4810125.613,-80.473783,43.442829,Intersection,2,P.D. only,On roadway,Intersection,Daylight,Regional,Signal Control,Functioning,FALSE,FALSE,FALSE,Rain,FALSE,KING ST E; BORDEN AVE N,3/7/2019 1:19:20 PM,542582.1033,4810125.613,Q4,Weekend,FALSE
2515,45996,16-281367,12/24/2016 8:00:00 PM,2016,12,24,20,0,Saturday,540123.3602,4811462.434,-80.504068,43.455001,Private Drive,2,P.D. only,On roadway,SMV,Dark,Municipal,No control,Unknown,FALSE,FALSE,FALSE,Clear,FALSE,LOUISA ST; LOUISA ST ; Near; 3 M,3/7/2019 1:19:19 PM,540123.3602,4811462.434,Q4,Weekend,FALSE
2516,45997,16-281570,12/25/2016 8:11:00 PM,2016,12,25,20,11,Sunday,544903.3802,4808965.618,-80.445194,43.432249,Non intersection,1,Non-fatal injury,On roadway,SMV,Dark,Municipal,No control,Unknown,TRUE,FALSE,FALSE,Clear,FALSE,KINGSWAY DR; NINTH AVE ; 127 M,3/7/2019 1:19:17 PM,544903.3802,4808965.618,Q4,Weekend,FALSE
2517,45998,16-281578,12/25/2016 8:00:00 PM,2016,12,25,20,0,Sunday,538904.4597,4810135.921,-80.519228,43.443122,Private Drive,2,P.D. only,On roadway,SMV,Dark,Municipal,No control,Unknown,FALSE,FALSE,FALSE,Clear,FALSE,KARN ST; KARN ST ; 5 M,3/7/2019 1:19:16 PM,538904.4597,4810135.922,Q4,Weekend,FALSE
2518,45999,16-281759,12/26/2016 7:07:00 AM,2016,12,26,7,7,Monday,540807.5403,4809199.683,-80.495781,43.434591,Intersection,2,P.D. only,Off roadway,SMV,Daylight,Municipal,No control,Unknown,FALSE,FALSE,FALSE,Rain,FALSE,STIRLING AVE S; PLEASANT AVE; Near; 10 M,3/7/2019 1:19:15 PM,540807.5403,4809199.683,Q4,Working,FALSE
2519,46000,16-281794,12/26/2016 8:10:00 AM,2016,12,26,8,10,Monday,542106.4751,4807134.635,-80.479891,43.415925,Intersection,2,P.D. only,Off roadway,SMV,Daylight,Regional,Signal Control,Functioning,FALSE,FALSE,FALSE,Rain,FALSE,STRASBURG RD; BLOCK LINE RD,3/7/2019 1:19:14 PM,542106.4751,4807134.635,Q4,Working,FALSE
2520,46001,16-281799,12/26/2016 8:26:00 AM,2016,12,26,8,26,Monday,538969.6115,4805583.092,-80.518748,43.402124,Non intersection,2,P.D. only,Off roadway,SMV,Daylight,Municipal,No control,Unknown,FALSE,FALSE,FALSE,Rain,FALSE,SNOWDROP CRES; ACTIVA AVE ; 65 M,3/7/2019 1:19:13 PM,538969.6115,4805583.092,Q4,Working,FALSE
2521,46002,16-281808,12/25/2016 3:00:00 PM,2016,12,25,15,0,Sunday,543703.4114,4811268.511,-80.459835,43.453055,Private Drive,2,P.D. only,On roadway,SMV,Daylight,Municipal,No control,Unknown,FALSE,FALSE,FALSE,Clear,FALSE,DONALD ST; DONALD ST; At,3/7/2019 1:19:11 PM,543703.4114,4811268.511,Q4,Weekend,FALSE
2522,46003,16-281825,12/26/2016 8:29:00 AM,2016,12,26,8,29,Monday,539558.5336,4807770.767,-80.511317,43.421791,Non intersection,2,P.D. only,On roadway,SMV,Daylight,Municipal,No control,Unknown,FALSE,FALSE,FALSE,Rain,FALSE,GREENBROOK DR; SWEERBRIAR DR; Near; 20 M,3/7/2019 1:19:10 PM,539558.5336,4807770.767,Q4,Working,FALSE
2523,46004,16-281831,12/24/2016 11:45:00 PM,2016,12,24,23,45,Saturday,543522.9191,4808055.255,-80.462322,43.424133,Non intersection,2,P.D. only,On roadway,SMV,Dark,Municipal,No control,Unknown,FALSE,FALSE,FALSE,Clear,FALSE,HILLMOUNT ST; HILLMOUNT ST ; Near,3/7/2019 1:19:09 PM,543522.9191,4808055.255,Q4,Weekend,FALSE