,OBJECTID,ACCIDENTNUM,ACCIDENTDATE,ACCIDENT_YEAR,ACCIDENT_MONTH,ACCIDENT_DAY,ACCIDENT_HOUR,ACCIDENT_MINUTE,Accident_Day,XCOORD,YCOORD,LONGITUDE,LATITUDE,Accident_Location,COLLISIONTYPE,Accident_Type,Impact_Location,Impact_Type,Light,Road_Jurisdication,Traffic_Control,Traffic_Control_Condition,Pedestrian_Involved,Cyclist_Involved,Motorcyclist_Involved,Environment_Condition,Self_Reported,XMLIMPORTNOTES,LASTEDITEDDATE,x,y,Quarter,Day_Type,Vulnerable_Involved
2524,46005,16-281844,12/26/2016 7:55:00 AM,2016,12,26,7,55,Monday,544091.3416,4804625.499,-80.455577,43.393218,Intersection,1,Non-fatal injury,On roadway,Intersection,Daylight,Municipal,Sign Control,Functioning,FALSE,FALSE,FALSE,Rain,FALSE,BLACK WALNUT DR; BIEHN DR,3/7/2019 1:19:08 PM,544091.3416,4804625.499,Q4,Working,FALSE
2525,46006,16-281860,12/24/2016 8:45:00 PM,2016,12,24,20,45,Saturday,547183.9607,4809028.512,-80.417012,43.432675,Private Drive,2,Non-reportable,On roadway,SMV,Dark,Municipal,No control,Unknown,FALSE,FALSE,FALSE,Clear,FALSE,QUINTE CRES; QUINTE CRES; At,3/7/2019 1:19:07 PM,547183.9607,4809028.512,Q4,Weekend,FALSE
2526,46007,16-281939,12/26/2016 10:15:00 AM,2016,12,26,10,15,Monday,540670.2714,4809993.447,-80.497418,43.441745,Intersection,2,P.D. only,On roadway,Intersection,Daylight,Regional,Sign Control,Functioning,FALSE,FALSE,FALSE,Clear,FALSE,BROCK ST; QUEEN ST S,3/7/2019 1:19:06 PM,540670.2714,4809993.447,Q4,Working,FALSE
2527,46008,16-281971,12/26/2016 7:45:00 AM,2016,12,26,7,45,Monday,548019.6133,4810813.529,-80.40653,43.448694,Non intersection,2,P.D. only,On roadway,SMV,Daylight,Municipal,No control,Unknown,FALSE,FALSE,FALSE,Rain,FALSE,COLTON CIR; COLTON CIR ; 1 M,3/7/2019 1:19:05 PM,548019.6133,4810813.529,Q4,Working,FALSE
2528,46009,16-281988,12/26/2016 2:28:00 PM,2016,12,26,14,28,Monday,543986.5769,4807778.297,-80.456617,43.421612,Intersection,2,P.D. only,On roadway,Intersection,Daylight,Municipal,Sign Control,Functioning,FALSE,FALSE,FALSE,Rain,FALSE,SIEBERT AVE ; VANIER DR,3/7/2019 1:19:04 PM,543986.5769,4807778.297,Q4,Working,FALSE
2529,46010,16-282090,12/26/2016 8:00:00 AM,2016,12,26,8,0,Monday,542381.7267,4810822.313,-80.476205,43.449113,Private Drive,2,P.D. only,On roadway,SMV,Dark,Regional,No control,Unknown,FALSE,FALSE,FALSE,Rain,FALSE,CAMERON ST N; WEBER ST E; Near,3/7/2019 1:19:02 PM,542381.7267,4810822.313,Q4,Working,FALSE
2530,46011,16-282388,12/24/2016 3:30:00 PM,2016,12,24,15,30,Saturday,541141.9359,4805827.646,-80.491904,43.40421,Private Drive,2,P.D. only,On roadway,SMV,Daylight,Municipal,No control,Unknown,FALSE,FALSE,FALSE,Clear,FALSE,MARLIS CRES; MARLIS CRES; At,3/7/2019 1:19:01 PM,541141.9359,4805827.646,Q4,Weekend,FALSE
2531,46012,16-282421,12/26/2016 2:00:00 PM,2016,12,26,14,0,Monday,539986.7281,4809727.454,-80.505884,43.439387,Private Drive,2,P.D. only,On roadway,SMV,Daylight,Municipal,No control,Unknown,FALSE,FALSE,FALSE,Clear,FALSE,NORTH DR; NORTH DR; At,3/7/2019 1:19:00 PM,539986.7281,4809727.454,Q4,Working,FALSE
2532,46013,16-282552,12/26/2016 8:15:00 AM,2016,12,26,8,15,Monday,540279.3676,4808057.669,-80.502391,43.424336,Non intersection,2,P.D. only,On roadway,Intersection,Daylight,Municipal,No control,Unknown,FALSE,FALSE,FALSE,Clear,FALSE,GILMOUR CRES; GILMOUR CRES; Near,3/7/2019 1:18:59 PM,540279.3676,4808057.669,Q4,Working,FALSE
2533,46014,16-282868,12/27/2016 11:12:00 PM,2016,12,27,23,12,Tuesday,539715.9795,4805903.934,-80.509508,43.404974,Private Drive,2,P.D. only,Off roadway,SMV,Dark,Municipal,No control,Unknown,FALSE,FALSE,FALSE,Clear,FALSE,BRIDLEWREATH CRT; BRIDLEWREATH CRT ; 12 M,3/7/2019 1:18:58 PM,539715.9795,4805903.934,Q4,Working,FALSE
2534,46015,16-283166,12/28/2016 12:44:00 PM,2016,12,28,12,44,Wednesday,544132.2834,4809670.893,-80.454664,43.438645,Intersection,2,P.D. only,On roadway,Other,Daylight,Municipal,Sign Control,Functioning,FALSE,FALSE,FALSE,Snow,FALSE,ROSS AVE; PROSPECT AVE,3/7/2019 1:18:57 PM,544132.2834,4809670.893,Q4,Working,FALSE
2535,46016,16-283251,12/28/2016 11:30:00 AM,2016,12,28,11,30,Wednesday,537548.6641,4806774.8,-80.536214,43.412927,Private Drive,2,P.D. only,On roadway,Other,Daylight,Municipal,No control,Unknown,FALSE,FALSE,FALSE,Clear,FALSE,DRIFTWOOD DR; DRIFTWOOD DR ; At,3/7/2019 1:18:55 PM,537548.6641,4806774.8,Q4,Working,FALSE
2536,46017,16-283407,12/28/2016 3:00:00 PM,2016,12,28,15,0,Wednesday,540171.567,4809412.918,-80.503623,43.436545,Non intersection,2,P.D. only,On roadway,Intersection,Daylight,Municipal,No control,Unknown,FALSE,FALSE,FALSE,Clear,FALSE,QUEENS BLVD; BELMONT AVE E; Near,3/7/2019 1:18:53 PM,540171.567,4809412.918,Q4,Working,FALSE
2537,46018,16-283689,12/29/2016 7:56:00 AM,2016,12,29,7,56,Thursday,538899.4695,4811471.086,-80.519195,43.455144,Intersection,2,P.D. only,On roadway,Intersection,Daylight,Municipal,Signal Control,Functioning,FALSE,FALSE,FALSE,Snow,FALSE,UNION BLVD; BELMONT AVE W,3/7/2019 1:18:52 PM,538899.4695,4811471.086,Q4,Weekend,FALSE
2538,46019,16-283946,12/29/2016 2:32:00 PM,2016,12,29,14,32,Thursday,542281.7486,4806407.721,-80.477783,43.40937,Non intersection,2,P.D. only,Off roadway,SMV,Daylight,Municipal,No control,Unknown,FALSE,FALSE,FALSE,Snow,FALSE,TUERR DR; TUERR DR ; At; 0 M,3/7/2019 1:18:51 PM,542281.7486,4806407.721,Q4,Weekend,FALSE
2539,46020,16-283997,12/29/2016 2:45:00 PM,2016,12,29,14,45,Thursday,538774.8975,4808892.333,-80.520918,43.431931,Intersection,1,Non-fatal injury,On roadway,Intersection,Daylight,Municipal,Sign Control,Functioning,FALSE,FALSE,FALSE,Clear,FALSE,OVERLEA DR; EAGEN DR,3/7/2019 1:18:49 PM,538774.8975,4808892.333,Q4,Weekend,FALSE
2540,46021,16-284003,12/29/2016 2:00:00 PM,2016,12,29,14,0,Thursday,541641.6423,4803508.85,-80.485909,43.383304,Non intersection,2,P.D. only,On roadway,SMV,Daylight,Regional,No control,Unknown,FALSE,FALSE,FALSE,Snow,FALSE,SIENNA CRES; SIENNA CRES; Near,3/7/2019 1:18:48 PM,541641.6422,4803508.85,Q4,Weekend,FALSE
2541,46022,16-284068,12/29/2016 5:34:00 PM,2016,12,29,17,34,Thursday,542487.2227,4812887.563,-80.47474,43.467703,Non intersection,2,P.D. only,Off roadway,SMV,Dark,Municipal,No control,Unknown,FALSE,FALSE,FALSE,Snow,FALSE,SPRING VALLEY RD ; GUELPH ST ; Near; 30 M,3/7/2019 1:18:47 PM,542487.2227,4812887.563,Q4,Weekend,FALSE
2542,46023,16-284094,12/29/2016 6:17:00 PM,2016,12,29,18,17,Thursday,542105.276,4804223.501,-80.48013,43.389713,Non intersection,2,P.D. only,On roadway,Other,Daylight,Municipal,No control,Unknown,FALSE,FALSE,FALSE,Snow,FALSE,PARKVALE DR; BIANCA CRT; Near; 6 M,3/7/2019 1:18:46 PM,542105.276,4804223.501,Q4,Weekend,FALSE
2543,46024,16-284142,12/29/2016 6:30:00 PM,2016,12,29,18,30,Thursday,543248.5541,4804518.301,-80.465992,43.392302,Intersection,2,P.D. only,On roadway,Intersection,Dark,Municipal,Sign Control,Functioning,FALSE,FALSE,FALSE,Snow,FALSE,STRASBURG RD; HURON RD,3/7/2019 1:18:45 PM,543248.5541,4804518.301,Q4,Weekend,FALSE
2544,46025,16-284171,12/29/2016 7:52:00 PM,2016,12,29,19,52,Thursday,545159.1255,4807239.799,-80.442177,43.416694,Intersection,2,P.D. only,On roadway,Intersection,Daylight,Municipal,Sign Control,Functioning,FALSE,FALSE,FALSE,Snow,FALSE,WILSON AVE; WEBSTER RD,3/7/2019 1:18:43 PM,545159.1255,4807239.799,Q4,Weekend,FALSE
2545,46026,16-284194,12/29/2016 8:24:00 PM,2016,12,29,20,24,Thursday,543230.8512,4804485.133,-80.466213,43.392005,Intersection,1,Non-fatal injury,On roadway,Rear end,Dark,Regional,Sign Control,Functioning,FALSE,FALSE,FALSE,Snow,FALSE,HURON RD; STRASBURG RD; At,3/7/2019 1:18:42 PM,543230.8512,4804485.133,Q4,Weekend,FALSE
2546,46027,16-284209,12/29/2016 8:35:00 PM,2016,12,29,20,35,Thursday,541176.192,4808252.309,-80.491298,43.42604,Intersection,2,P.D. only,On roadway,Intersection,Dark,Municipal,No control,Unknown,FALSE,FALSE,FALSE,Snow,FALSE,CHANDLER DR; STRASBURG RD; 2 M,3/7/2019 1:18:41 PM,541176.192,4808252.309,Q4,Weekend,FALSE
2547,46028,16-284354,12/30/2016 1:25:00 AM,2016,12,30,1,25,Friday,542785.2383,4804145.971,-80.471741,43.388976,Non intersection,2,P.D. only,Off roadway,SMV,Dark,Regional,Sign Control,Functioning,FALSE,FALSE,FALSE,Snow,FALSE,HURON RD; PARKVALE DR; Near; 20 M,3/7/2019 1:18:39 PM,542785.2383,4804145.971,Q4,Weekend,FALSE
2548,46029,16-284596,12/30/2016 12:21:00 PM,2016,12,30,12,21,Friday,538901.3759,4811473.971,-80.519171,43.45517,Intersection,1,Non-fatal injury,On roadway,Intersection,Daylight,Regional,Signal Control,Functioning,FALSE,FALSE,FALSE,Clear,FALSE,UNION BLVD; BELMONT AVE W,3/7/2019 1:18:37 PM,538901.3759,4811473.971,Q4,Weekend,FALSE
2549,46030,16-284726,12/29/2016 5:30:00 PM,2016,12,29,17,30,Thursday,544097.7781,4804671.576,-80.455494,43.393633,Non intersection,2,P.D. only,On roadway,Rear end,Dusk,Municipal,No control,Unknown,FALSE,FALSE,FALSE,Clear,FALSE,BIEHN DR; BIEHN DR; Near,3/7/2019 1:18:36 PM,544097.7781,4804671.576,Q4,Weekend,FALSE
2550,46031,16-284820,11/17/2016 2:20:00 PM,2016,11,17,14,20,Thursday,549120.174,4806323.258,-80.393333,43.408192,Non intersection,2,Non-reportable,On roadway,Intersection,Daylight,Regional,No control,Unknown,FALSE,FALSE,FALSE,Clear,FALSE,GATEWAY PARK DR; SPORTSWORLD DR; Near,3/7/2019 1:18:34 PM,549120.174,4806323.258,Q4,Weekend,FALSE
2551,46032,16-284842,12/30/2016 8:00:00 PM,2016,12,30,20,0,Friday,539588.7836,4805905.954,-80.511078,43.404999,Non intersection,2,P.D. only,On roadway,Other,Daylight,Regional,No control,Unknown,FALSE,FALSE,FALSE,Snow,FALSE,MAX BECKER DR; MAX BECKER DR ; At; 3 M,3/7/2019 1:18:33 PM,539588.7836,4805905.954,Q4,Weekend,FALSE
2552,46033,16-284891,12/30/2016 9:47:00 PM,2016,12,30,21,47,Friday,545843.0609,4813958.482,-80.433165,43.477147,Non intersection,2,P.D. only,Off roadway,SMV,Dark,Municipal,No control,Unknown,FALSE,FALSE,FALSE,Clear,FALSE,SHIRLEY DR; SHIRLEY DR ; At; 6 M,3/7/2019 1:18:32 PM,545843.0609,4813958.482,Q4,Weekend,FALSE
2553,46034,16-285117,12/31/2016 7:00:00 AM,2016,12,31,7,0,Saturday,541610.9107,4810804.754,-80.485733,43.448998,Non intersection,2,P.D. only,Off roadway,SMV,Dawn,Municipal,No control,Unknown,FALSE,FALSE,FALSE,Clear,FALSE,SCOTT ST; SCOTT ST ; Near,3/7/2019 1:18:31 PM,541610.9107,4810804.754,Q4,Weekend,FALSE
2554,46035,16-285152,12/30/2016 10:40:00 AM,2016,12,30,10,40,Friday,540218.6498,4805817.623,-80.503306,43.40417,Intersection,2,Non-reportable,On roadway,Rear end,Daylight,Municipal,Sign Control,Functioning,FALSE,FALSE,FALSE,Snow,FALSE,MAX BECKER DR; COMMONWEALTH ST; At,3/7/2019 1:18:29 PM,540218.6498,4805817.623,Q4,Weekend,FALSE
2555,46036,16-285333,12/31/2016 3:50:00 PM,2016,12,31,15,50,Saturday,545552.0022,4809015.269,-80.437176,43.432657,Private Drive,2,P.D. only,On roadway,Other,Daylight,Municipal,No control,Unknown,FALSE,FALSE,FALSE,Other,FALSE,KINZIE AVE; KINZIE AVE ; At; 1 M,3/7/2019 1:18:28 PM,545552.0022,4809015.27,Q4,Weekend,FALSE
2556,46037,17-000048,1/1/2017 1:10:00 AM,2017,1,1,1,10,Sunday,545627.6156,4803990.122,-80.436661,43.387405,Non intersection,2,P.D. only,On roadway,Intersection,Dark,Municipal,No control,Unknown,FALSE,FALSE,FALSE,Clear,FALSE,DOON MILLS DR; DOON MILLS DR ; Near; 1 M,3/7/2019 1:18:27 PM,545627.6156,4803990.122,Q1,Weekend,FALSE
2557,46038,17-000228,1/1/2017 9:06:00 AM,2017,1,1,9,6,Sunday,544066.9534,4808510.712,-80.455565,43.428202,Intersection,2,P.D. only,On roadway,SMV,Daylight,Regional,Sign Control,Functioning,FALSE,FALSE,FALSE,Snow,FALSE,CLARK AVE ; WILSON AVE,3/7/2019 1:18:26 PM,544066.9534,4808510.712,Q1,Weekend,FALSE
2558,46039,17-000231,1/1/2017 9:13:00 AM,2017,1,1,9,13,Sunday,543062.4272,4809705.892,-80.467881,43.439022,Non intersection,2,P.D. only,Off roadway,SMV,Daylight,Municipal,No control,Unknown,FALSE,FALSE,FALSE,Clear,FALSE,PRESTON ST ; FLORAL CRES ; Near; 50 M,3/7/2019 1:18:25 PM,543062.4272,4809705.892,Q1,Weekend,FALSE
2559,46040,17-000249,1/1/2017 9:53:00 AM,2017,1,1,9,53,Sunday,539370.3872,4809174.126,-80.51354,43.434437,Non intersection,2,Non-reportable,Off roadway,SMV,Daylight,Municipal,No control,Unknown,FALSE,FALSE,FALSE,Clear,FALSE,OVERLEA DR; WESTMOUNT RD W ; Near; 100 M,3/7/2019 1:18:24 PM,539370.3872,4809174.126,Q1,Weekend,FALSE
2560,46041,17-000413,1/1/2017 4:09:00 PM,2017,1,1,16,9,Sunday,543247.8403,4804518.439,-80.466,43.392303,Intersection,2,P.D. only,On roadway,Intersection,Daylight,Regional,Sign Control,Functioning,FALSE,FALSE,FALSE,Clear,FALSE,HURON RD; STRASBURG RD,3/7/2019 1:18:23 PM,543247.8403,4804518.439,Q1,Weekend,FALSE
2561,46042,17-000620,1/1/2017 10:03:00 PM,2017,1,1,22,3,Sunday,543956.034,4808921.809,-80.456902,43.43191,Intersection,2,P.D. only,On roadway,SMV,Dark,Municipal,Sign Control,Functioning,FALSE,FALSE,FALSE,Clear,FALSE,CONNAUGHT ST; SECOND AVE,3/7/2019 1:18:21 PM,543956.034,4808921.809,Q1,Weekend,FALSE
2562,46043,17-000826,1/1/2017 6:00:00 PM,2017,1,1,18,0,Sunday,539569.9482,4805806.051,-80.511318,43.4041,Intersection,2,P.D. only,On roadway,Rear end,Dark,Municipal,Sign Control,Functioning,FALSE,FALSE,FALSE,Clear,FALSE,DONNENWERTH DR; BRIDLEWREATH ST,3/7/2019 1:18:20 PM,539569.9482,4805806.051,Q1,Weekend,FALSE
2563,46044,17-000900,1/1/2017 8:30:00 AM,2017,1,1,8,30,Sunday,544036.0391,4807717.267,-80.456011,43.42106,Non intersection,2,P.D. only,On roadway,SMV,Dark,Municipal,No control,Unknown,FALSE,FALSE,FALSE,Clear,FALSE,VANIER DR; VANIER DR,3/7/2019 1:18:19 PM,544036.0391,4807717.267,Q1,Weekend,FALSE
2564,46045,17-001024,1/2/2017 3:13:00 PM,2017,1,2,15,13,Monday,542313.9633,4810286.933,-80.477084,43.444297,Non intersection,2,P.D. only,On roadway,Rear end,Daylight,Regional,No control,Unknown,FALSE,FALSE,FALSE,Clear,FALSE,KING ST E; STIRLING AVE N; Near; 10 M,3/7/2019 1:18:18 PM,542313.9633,4810286.933,Q1,Working,FALSE
2565,46046,17-001562,12/26/2016 9:00:00 PM,2016,12,26,21,0,Monday,541068,4811108,0,0,Non intersection,2,P.D. only,On roadway,SMV,Dark,Municipal,No control,Unknown,FALSE,FALSE,FALSE,Snow,FALSE,GREENWATER PL; GREENWATER PL,3/7/2019 1:18:17 PM,541068,4811108,Q4,Working,FALSE
2566,46047,17-001576,1/3/2017 11:44:00 AM,2017,1,3,11,44,Tuesday,541068,4811108,0,0,Intersection,2,P.D. only,On roadway,Intersection,Daylight,Municipal,Sign Control,Functioning,FALSE,FALSE,FALSE,Rain,FALSE,SEABROOK DR; APPLEBY ST,3/7/2019 1:18:16 PM,541068,4811108,Q1,Working,FALSE
2567,46048,17-001622,1/3/2017 12:43:00 PM,2017,1,3,12,43,Tuesday,537354.9037,4808200.832,-80.538509,43.425777,Private Drive,2,P.D. only,On roadway,SMV,Daylight,Municipal,No control,Unknown,FALSE,FALSE,FALSE,Rain,FALSE,MONTANA CRES; MONTANA CRES ; Near; 8 M,3/7/2019 1:18:15 PM,537354.9037,4808200.832,Q1,Working,FALSE
2568,46049,17-001647,1/3/2017 1:19:00 PM,2017,1,3,13,19,Tuesday,540171.5499,4809415.793,-80.503623,43.436571,Intersection,2,P.D. only,On roadway,Intersection,Daylight,Municipal,Signal Control,Functioning,FALSE,FALSE,FALSE,Rain,FALSE,QUEENS BLVD; BELMONT AVE E,3/7/2019 1:18:14 PM,540171.5499,4809415.794,Q1,Working,FALSE
2569,46050,17-002402,1/4/2017 12:43:00 PM,2017,1,4,12,43,Wednesday,544116.8046,4811898.317,-80.454675,43.458701,Intersection,2,P.D. only,On roadway,Intersection,Daylight,Municipal,Sign Control,Functioning,FALSE,FALSE,FALSE,Snow,FALSE,MANCHESTER RD; RIVER RD E,3/7/2019 1:18:13 PM,544116.8046,4811898.317,Q1,Working,FALSE
2570,46051,17-002561,1/4/2017 4:30:00 PM,2017,1,4,16,30,Wednesday,542581.1416,4810125.606,-80.473795,43.442829,Intersection,2,P.D. only,On roadway,Intersection,Dusk,Regional,Signal Control,Functioning,FALSE,FALSE,FALSE,Snow,FALSE,BORDEN AVE N; KING ST E,3/7/2019 1:18:12 PM,542581.1416,4810125.607,Q1,Working,FALSE
2571,46052,17-002849,1/5/2017 2:00:00 AM,2017,1,5,2,0,Thursday,547716.5929,4804214.353,-80.410852,43.389295,Other,2,P.D. only,Off roadway,SMV,Dark,Municipal,No control,Unknown,FALSE,FALSE,FALSE,Snow,FALSE,CONESTOGA COLLEGE BLVD; DOON VALLEY DR; 180 M,3/7/2019 1:18:11 PM,547716.5929,4804214.353,Q1,Weekend,FALSE
2572,46053,17-002918,1/5/2017 7:48:00 AM,2017,1,5,7,48,Thursday,543534.3625,4812950.347,-80.46179,43.468208,Non intersection,1,Non-fatal injury,On roadway,Other,Daylight,Municipal,No control,Unknown,FALSE,FALSE,FALSE,Clear,FALSE,SHIRLEY AVE; SHIRLEY AVE ; Near; 3 M,3/7/2019 1:18:10 PM,543534.3625,4812950.347,Q1,Weekend,FALSE
2573,46054,17-003124,1/4/2017 9:00:00 PM,2017,1,4,21,0,Wednesday,543323.8254,4809048.612,-80.464703,43.433089,Private Drive,2,Non-reportable,On roadway,Other,Dark,Municipal,No control,Unknown,FALSE,FALSE,FALSE,Snow,FALSE,CORNELL AVE; CORNELL AVE; At,3/7/2019 1:18:09 PM,543323.8254,4809048.612,Q1,Working,FALSE
2574,46055,17-003261,1/3/2017 3:00:00 PM,2017,1,3,15,0,Tuesday,540074.5831,4809904.772,-80.504786,43.440979,Non intersection,2,P.D. only,On roadway,SMV,Daylight,Municipal,No control,Unknown,FALSE,FALSE,FALSE,Rain,FALSE,PATRICIA AVE; PATRICIA AVE; Near,3/7/2019 1:18:07 PM,540074.5831,4809904.772,Q1,Working,FALSE
2575,46056,17-003368,1/2/2017 7:30:00 PM,2017,1,2,19,30,Monday,545806.0904,4803954.906,-80.434461,43.387078,Private Drive,2,Non-reportable,Off roadway,SMV,Dark,Municipal,No control,Unknown,FALSE,FALSE,FALSE,Clear,FALSE,DOON MILLS DR; DOON MILLS DR ; Near,3/7/2019 1:18:06 PM,545806.0904,4803954.906,Q1,Working,FALSE
2576,46057,17-003404,1/4/2017 8:20:00 PM,2017,1,4,20,20,Wednesday,542062.2723,4807847.216,-80.480382,43.422343,Private Drive,2,Non-reportable,Off roadway,SMV,Dark,Municipal,No control,Unknown,FALSE,FALSE,FALSE,Clear,FALSE,APPALACHIAN CRES; APPALACHIAN CRES; At,3/7/2019 1:18:05 PM,542062.2723,4807847.216,Q1,Working,FALSE
2577,46058,17-003689,12/31/2016 1:30:00 PM,2016,12,31,13,30,Saturday,541068,4811108,0,0,Intersection,2,Non-reportable,On roadway,Intersection,Daylight,Municipal,Sign Control,Functioning,FALSE,FALSE,FALSE,Clear,FALSE,SANDYBAY AVE; GRAND FLATS TRAIL; At,3/7/2019 1:18:04 PM,541068,4811108,Q4,Weekend,FALSE
2578,46059,17-003916,1/5/2017 7:30:00 PM,2017,1,5,19,30,Thursday,539153.795,4805773.656,-80.51646,43.40383,Non intersection,2,P.D. only,On roadway,SMV,Dark,Municipal,No control,Unknown,FALSE,FALSE,FALSE,Clear,FALSE,MOUNTAIN LAUREL CRES; MOUNTAIN LAUREL CRES; At,3/7/2019 1:18:03 PM,539153.795,4805773.656,Q1,Weekend,FALSE
2579,46060,17-003957,1/6/2017 1:15:00 PM,2017,1,6,13,15,Friday,541015.8783,4809676.785,-80.493171,43.438875,Intersection,2,Non-reportable,On roadway,Intersection,Daylight,Municipal,Signal Control,Functioning,FALSE,FALSE,FALSE,Clear,FALSE,HIGHLAND RD E; SPADINA RD E,3/7/2019 1:18:02 PM,541015.8783,4809676.785,Q1,Weekend,FALSE
2580,46061,17-004094,1/6/2017 3:10:00 PM,2017,1,6,15,10,Friday,537971.7815,4808415.897,-80.530874,43.427682,Private Drive,2,P.D. only,On roadway,Other,Daylight,Municipal,No control,Unknown,FALSE,FALSE,FALSE,Clear,FALSE,BLACKWELL DR; BLACKWELL DR,3/7/2019 1:18:01 PM,537971.7815,4808415.897,Q1,Weekend,FALSE
2581,46062,17-004160,1/6/2017 4:15:00 PM,2017,1,6,16,15,Friday,541205.6777,4813199.436,-80.49056,43.470583,Private Drive,2,P.D. only,On roadway,SMV,Daylight,Municipal,No control,Unknown,FALSE,FALSE,FALSE,Clear,FALSE,UNION ST; UNION ST,3/7/2019 1:18:00 PM,541205.6777,4813199.436,Q1,Weekend,FALSE
2582,46063,17-004267,1/6/2017 9:39:00 PM,2017,1,6,21,39,Friday,542841.2116,4809872.836,-80.470601,43.440538,Intersection,1,Non-fatal injury,On roadway,Intersection,Dark,Municipal,Sign Control,Functioning,FALSE,FALSE,FALSE,Clear,FALSE,CHARLES ST E; SYDNEY ST S,3/7/2019 1:17:58 PM,542841.2116,4809872.836,Q1,Weekend,FALSE
2583,46064,17-004300,1/6/2017 10:22:00 PM,2017,1,6,22,22,Friday,545050.2171,4810838.311,-80.443225,43.449102,Intersection,1,Non-fatal injury,On roadway,Rear end,Dark,Municipal,Signal Control,Functioning,FALSE,FALSE,FALSE,Clear,FALSE,RIVER RD E; HOLBORN DR,3/7/2019 1:17:57 PM,545050.2171,4810838.311,Q1,Weekend,FALSE
2584,46065,17-004390,1/7/2017 12:40:00 AM,2017,1,7,0,40,Saturday,544800.255,4809824.652,-80.446398,43.43999,Non intersection,2,P.D. only,Off roadway,SMV,Dark,Municipal,Other,Functioning,FALSE,FALSE,FALSE,Clear,FALSE,247 FRANKLIN ST N; TRAFALGAR AVE ; 50 M,3/7/2019 1:17:56 PM,544800.255,4809824.652,Q1,Weekend,FALSE
2585,46066,17-004724,1/7/2017 2:13:00 PM,2017,1,7,14,13,Saturday,542842.1672,4809873.801,-80.470589,43.440547,Intersection,1,Non-fatal injury,On roadway,Intersection,Daylight,Municipal,Sign Control,Functioning,FALSE,FALSE,FALSE,Clear,FALSE,CHARLES ST E; SYDNEY ST S,3/7/2019 1:17:55 PM,542842.1672,4809873.801,Q1,Weekend,FALSE
2586,46067,17-004770,1/7/2017 3:28:00 PM,2017,1,7,15,28,Saturday,538900.4144,4811473.966,-80.519183,43.45517,Intersection,2,P.D. only,On roadway,Intersection,Daylight,Regional,Signal Control,Functioning,FALSE,FALSE,FALSE,Clear,FALSE,UNION BLVD ; BELMONT AVE W,3/7/2019 1:17:54 PM,538900.4144,4811473.966,Q1,Weekend,FALSE
2587,46068,17-005188,1/8/2017 3:49:00 AM,2017,1,8,3,49,Sunday,537334.3969,4808649.48,-80.538732,43.429818,Private Drive,2,P.D. only,Off roadway,SMV,Daylight,Municipal,No control,Unknown,FALSE,FALSE,FALSE,Snow,FALSE,HIDDEN CREEK DR; HIDDEN CREEK DR ; At; 0 M,3/7/2019 1:17:53 PM,537334.3969,4808649.48,Q1,Weekend,FALSE
2588,46069,17-005329,1/8/2017 10:30:00 AM,2017,1,8,10,30,Sunday,539003.2179,4811280.452,-80.517926,43.453422,Intersection,2,P.D. only,On roadway,Intersection,Daylight,Municipal,Sign Control,Functioning,FALSE,FALSE,FALSE,Clear,FALSE,BELMONT AVE W; CLAREMONT AVE,3/7/2019 1:17:52 PM,539003.2179,4811280.452,Q1,Weekend,FALSE
2589,46070,17-005423,1/8/2017 1:45:00 PM,2017,1,8,13,45,Sunday,540151.601,4809559.095,-80.503859,43.437862,Intersection,2,Non-reportable,On roadway,Intersection,Daylight,Municipal,Sign Control,Functioning,FALSE,FALSE,FALSE,Clear,FALSE,SPADINA RD W; NORTH DR,3/7/2019 1:17:51 PM,540151.601,4809559.095,Q1,Weekend,FALSE
2590,46071,17-005430,1/8/2017 1:10:00 PM,2017,1,8,13,10,Sunday,537277.1386,4807524.48,-80.539516,43.419691,Non intersection,2,P.D. only,On roadway,Intersection,Daylight,Municipal,No control,Unknown,FALSE,FALSE,FALSE,Clear,FALSE,WESTHEIGHTS DR ; WESTHEIGHTS DR ; At; 6 M,3/7/2019 1:17:50 PM,537277.1386,4807524.481,Q1,Weekend,FALSE
2591,46072,17-005500,1/8/2017 4:12:00 PM,2017,1,8,16,12,Sunday,545274.563,4808149.714,-80.440676,43.42488,Non intersection,2,P.D. only,On roadway,Rear end,Daylight,Municipal,Other,Functioning,FALSE,FALSE,FALSE,Clear,FALSE,KINGSWAY DR ; KINGSWAY DR ; Near; 5 M,3/7/2019 1:17:49 PM,545274.563,4808149.714,Q1,Weekend,FALSE
2592,46073,17-005514,1/8/2017 4:23:00 PM,2017,1,8,16,23,Sunday,545034.6387,4807870.163,-80.443663,43.422377,Private Drive,2,P.D. only,On roadway,Intersection,Dusk,Municipal,No control,Unknown,FALSE,FALSE,FALSE,Clear,FALSE,WILSON AVE; KINGSWAY DR ; At; 1 M,3/7/2019 1:17:47 PM,545034.6387,4807870.163,Q1,Weekend,FALSE
2593,46074,17-005519,1/8/2017 3:30:00 PM,2017,1,8,15,30,Sunday,540353.9489,4806573.746,-80.50158,43.410971,Intersection,2,P.D. only,On roadway,Other,Daylight,Regional,No control,Unknown,FALSE,FALSE,FALSE,Clear,FALSE,HIGHBROOK ST; BLOCK LINE RD; At,3/7/2019 1:17:45 PM,540353.9489,4806573.746,Q1,Weekend,FALSE
2594,46075,17-005560,1/8/2017 5:58:00 PM,2017,1,8,17,58,Sunday,539404.06,4810382.223,-80.513037,43.445313,Private Drive,2,P.D. only,On roadway,Intersection,Dark,Municipal,Sign Control,Functioning,FALSE,FALSE,FALSE,Clear,FALSE,KARN ST ; BELMONT AVE W; 10 M,3/7/2019 1:17:44 PM,539404.06,4810382.223,Q1,Weekend,FALSE
2595,46076,17-005626,1/8/2017 8:20:00 PM,2017,1,8,20,20,Sunday,541016.8517,4809674.874,-80.493159,43.438858,Intersection,1,Non-fatal injury,On roadway,Intersection,Dark,Municipal,Signal Control,Functioning,FALSE,FALSE,FALSE,Clear,FALSE,HIGHLAND RD E; SPADINA RD E,3/7/2019 1:17:43 PM,541016.8517,4809674.874,Q1,Weekend,FALSE