,OBJECTID,ACCIDENTNUM,ACCIDENTDATE,ACCIDENT_YEAR,ACCIDENT_MONTH,ACCIDENT_DAY,ACCIDENT_HOUR,ACCIDENT_MINUTE,Accident_Day,XCOORD,YCOORD,LONGITUDE,LATITUDE,Accident_Location,COLLISIONTYPE,Accident_Type,Impact_Location,Impact_Type,Light,Road_Jurisdication,Traffic_Control,Traffic_Control_Condition,Pedestrian_Involved,Cyclist_Involved,Motorcyclist_Involved,Environment_Condition,Self_Reported,XMLIMPORTNOTES,LASTEDITEDDATE,x,y,Quarter,Day_Type,Vulnerable_Involved
2596,46077,17-005775,1/9/2017 1:47:00 AM,2017,1,9,1,47,Monday,545678.9917,4809117.676,-80.435599,43.433571,Intersection,2,P.D. only,On roadway,Other,Dark,Municipal,Sign Control,Functioning,FALSE,FALSE,FALSE,Clear,FALSE,HAROLD AVE; KINZIE AVE,3/7/2019 1:17:41 PM,545678.9917,4809117.676,Q1,Working,FALSE
2597,46078,17-005827,1/9/2017 8:17:00 AM,2017,1,9,8,17,Monday,542071.1289,4807094.148,-80.480331,43.415562,Other,2,P.D. only,Off roadway,SMV,Daylight,Municipal,No control,Unknown,FALSE,FALSE,FALSE,Snow,FALSE,BLOCK LINE RD ; FALLOWFIELD DR ; At; 16 M,3/7/2019 1:17:40 PM,542071.1289,4807094.148,Q1,Working,FALSE
2598,46079,17-005879,12/28/2016 8:00:00 PM,2016,12,28,20,0,Wednesday,541068,4811108,0,0,Intersection,2,P.D. only,On roadway,Rear end,Dark,Regional,Sign Control,Functioning,FALSE,FALSE,FALSE,Snow,FALSE,HOMER WATSON BLVD; FOUNTAIN ST S,3/7/2019 1:17:39 PM,541068,4811108,Q4,Working,FALSE
2599,46080,17-005893,1/9/2017 6:30:00 AM,2017,1,9,6,30,Monday,544486.0336,4810658.196,-80.450212,43.447513,Private Drive,2,P.D. only,On roadway,Rear end,Dark,Municipal,No control,Unknown,FALSE,FALSE,FALSE,Snow,FALSE,FRANKLIN ST N; FRANKLIN ST N; At,3/7/2019 1:17:38 PM,544486.0336,4810658.196,Q1,Working,FALSE
2600,46081,17-005913,1/9/2017 10:28:00 AM,2017,1,9,10,28,Monday,539872.9412,4810630.015,-80.507224,43.44752,Intersection,2,P.D. only,On roadway,Intersection,Daylight,Municipal,Sign Control,Functioning,FALSE,FALSE,FALSE,Clear,FALSE,STRANGE ST; CHERRY ST,3/7/2019 1:17:37 PM,539872.9412,4810630.015,Q1,Working,FALSE
2601,46082,17-005941,1/9/2017 11:05:00 AM,2017,1,9,11,5,Monday,542764.3472,4811565.311,-80.471418,43.455781,Non intersection,2,P.D. only,On roadway,Other,Daylight,Municipal,No control,Unknown,FALSE,FALSE,FALSE,Clear,FALSE,DUMFRIES AVE ; CHAPEL ST ; Near; 1 M,3/7/2019 1:17:36 PM,542764.3472,4811565.311,Q1,Working,FALSE
2602,46083,17-006006,1/7/2017 11:30:00 PM,2017,1,7,23,30,Saturday,536670.9416,4808216.604,-80.546958,43.425953,Private Drive,2,P.D. only,On roadway,SMV,Dark,Municipal,No control,Unknown,FALSE,FALSE,FALSE,Snow,FALSE,WESTMEADOW DR; WESTMEADOW DR ; Near,3/7/2019 1:17:35 PM,536670.9416,4808216.604,Q1,Weekend,FALSE
2603,46084,17-006096,1/9/2017 8:45:00 AM,2017,1,9,8,45,Monday,540510.8754,4806034.09,-80.499681,43.406103,Non intersection,2,P.D. only,On roadway,Rear end,Daylight,Municipal,Signal Control,Functioning,FALSE,FALSE,FALSE,Snow,FALSE,MAX BECKER DR; FISCHER HALLMAN RD; Near,3/7/2019 1:17:34 PM,540510.8754,4806034.09,Q1,Working,FALSE
2604,46085,17-006112,1/9/2017 1:30:00 PM,2017,1,9,13,30,Monday,539667.9858,4811321.326,-80.509707,43.453755,Private Drive,2,P.D. only,On roadway,Intersection,Daylight,Municipal,No control,Unknown,FALSE,FALSE,FALSE,Clear,FALSE,PARK ST; PARK ST,3/7/2019 1:17:33 PM,539667.9858,4811321.326,Q1,Working,FALSE
2605,46086,17-006156,1/9/2017 4:31:00 PM,2017,1,9,16,31,Monday,541768.894,4811294.395,-80.483743,43.453398,Private Drive,2,P.D. only,On roadway,SMV,Daylight,Municipal,No control,Unknown,FALSE,FALSE,FALSE,Snow,FALSE,OTTO ST; FREDERICK ST; 60 M,3/7/2019 1:17:32 PM,541768.894,4811294.395,Q1,Working,FALSE
2606,46087,17-006165,1/8/2017 7:30:00 PM,2017,1,8,19,30,Sunday,546821.9113,4809878.481,-80.421412,43.440351,Private Drive,2,P.D. only,On roadway,SMV,Dark,Municipal,No control,Unknown,FALSE,FALSE,FALSE,Clear,FALSE,BRIARFIELD ST; BRIARFIELD ST,3/7/2019 1:17:31 PM,546821.9113,4809878.481,Q1,Weekend,FALSE
2607,46088,17-006206,1/8/2017 3:40:00 PM,2017,1,8,15,40,Sunday,541068,4811108,0,0,Private Drive,2,P.D. only,On roadway,Other,Daylight,Municipal,No control,Unknown,FALSE,FALSE,FALSE,Snow,FALSE,NETHERWOOD CRES; NETHERWOOD CRES ; Near,3/7/2019 1:17:30 PM,541068,4811108,Q1,Weekend,FALSE
2608,46089,17-006218,1/9/2017 4:00:00 PM,2017,1,9,16,0,Monday,546443.2327,4811230.606,-80.425976,43.452549,Non intersection,2,P.D. only,On roadway,SMV,Daylight,Municipal,No control,Unknown,FALSE,FALSE,FALSE,Clear,FALSE,GRAY ST; GRAY ST ; 2 M,3/7/2019 1:17:29 PM,546443.2327,4811230.606,Q1,Working,FALSE
2609,46090,17-006476,1/10/2017 6:20:00 AM,2017,1,10,6,20,Tuesday,543073.8952,4812800.827,-80.467495,43.466888,Intersection,2,P.D. only,On roadway,Rear end,Dark,Municipal,Sign Control,Functioning,FALSE,FALSE,FALSE,Snow,FALSE,RIVERBEND DR; WELLINGTON ST N; At,3/7/2019 1:17:28 PM,543073.8952,4812800.827,Q1,Working,FALSE
2610,46091,17-006595,1/10/2017 8:00:00 AM,2017,1,10,8,0,Tuesday,539617.8648,4810015.033,-80.510421,43.441996,Non intersection,2,P.D. only,Off roadway,SMV,Daylight,Municipal,No control,Unknown,FALSE,FALSE,FALSE,Snow,FALSE,BELMONT AVE W; EDGEWOOD DR ; 21 M,3/7/2019 1:17:27 PM,539617.8648,4810015.033,Q1,Working,FALSE
2611,46092,17-006624,1/10/2017 10:50:00 AM,2017,1,10,10,50,Tuesday,541284.0524,4811046.827,-80.489754,43.451196,Non intersection,2,P.D. only,On roadway,Rear end,Daylight,Municipal,No control,Unknown,FALSE,FALSE,FALSE,Snow,FALSE,ONTARIO ST N; DUKE ST W; 40 M,3/7/2019 1:17:26 PM,541284.0524,4811046.827,Q1,Working,FALSE
2612,46093,17-006625,1/9/2017 10:15:00 AM,2017,1,9,10,15,Monday,541796.9497,4810622.783,-80.483447,43.44735,Non intersection,2,Non-reportable,On roadway,Rear end,Daylight,Regional,No control,Unknown,FALSE,FALSE,FALSE,Snow,FALSE,CEDAR ST N; KING ST E,3/7/2019 1:17:24 PM,541796.9497,4810622.783,Q1,Working,FALSE
2613,46094,17-006695,1/10/2017 12:32:00 PM,2017,1,10,12,32,Tuesday,545132.8911,4804744.982,-80.442707,43.394232,Private Drive,2,P.D. only,Off roadway,Intersection,Daylight,Municipal,No control,Unknown,FALSE,FALSE,FALSE,Snow,FALSE,PIONEER DR; PIONEER DR; At; 0 M,3/7/2019 1:17:22 PM,545132.8911,4804744.982,Q1,Working,FALSE
2614,46095,17-006776,1/10/2017 2:00:00 PM,2017,1,10,14,0,Tuesday,545134.9334,4808170.826,-80.442399,43.425078,Private Drive,1,Non-fatal injury,On roadway,Intersection,Daylight,Municipal,No control,Unknown,FALSE,FALSE,FALSE,Snow,FALSE,GREENFIELD AVE; GREENFIELD AVE; At,3/7/2019 1:17:21 PM,545134.9333,4808170.826,Q1,Working,FALSE
2615,46096,17-006821,1/10/2017 10:00:00 AM,2017,1,10,10,0,Tuesday,542841.2116,4809872.836,-80.470601,43.440538,Intersection,2,P.D. only,On roadway,Intersection,Daylight,Municipal,Sign Control,Functioning,FALSE,FALSE,FALSE,Snow,FALSE,CHARLES ST E; SYDNEY ST S,3/7/2019 1:17:20 PM,542841.2116,4809872.836,Q1,Working,FALSE
2616,46097,17-006832,1/10/2017 1:30:00 PM,2017,1,10,13,30,Tuesday,541632.4243,4811415.149,-80.48542,43.454493,Intersection,2,P.D. only,On roadway,Intersection,Daylight,Regional,Signal Control,Functioning,FALSE,FALSE,FALSE,Snow,FALSE,QUEEN ST N; MARGARET AVE,3/7/2019 1:17:19 PM,541632.4243,4811415.149,Q1,Working,FALSE
2617,46098,17-006922,1/10/2017 8:45:00 AM,2017,1,10,8,45,Tuesday,541742.8658,4810532.208,-80.484123,43.446537,Non intersection,2,P.D. only,On roadway,Rear end,Daylight,Municipal,No control,Unknown,FALSE,FALSE,FALSE,Snow,FALSE,CEDAR ST S; CHARLES ST E; Near,3/7/2019 1:17:18 PM,541742.8658,4810532.208,Q1,Working,FALSE
2618,46099,17-006931,1/10/2017 5:37:00 PM,2017,1,10,17,37,Tuesday,540145.3741,4810120.459,-80.503895,43.442917,Non intersection,2,P.D. only,On roadway,Rear end,Dark,Regional,No control,Unknown,FALSE,FALSE,FALSE,Snow,FALSE,WEST AVE; HOMEWOOD AVE; Near; 8 M,3/7/2019 1:17:17 PM,540145.3741,4810120.459,Q1,Working,FALSE
2619,46100,17-006959,1/10/2017 6:45:00 PM,2017,1,10,18,45,Tuesday,546128.2795,4804999.141,-80.430395,43.39646,Intersection,1,Non-fatal injury,On roadway,Intersection,Dusk,Regional,Sign Control,Functioning,FALSE,FALSE,FALSE,Rain,FALSE,GREEN VALLEY DR; PIONEER DR,3/7/2019 1:17:16 PM,546128.2795,4804999.141,Q1,Working,FALSE
2620,46101,17-007622,1/9/2017 6:00:00 PM,2017,1,9,18,0,Monday,538229.5192,4809653.501,-80.527603,43.438813,Private Drive,2,P.D. only,On roadway,SMV,Dusk,Municipal,No control,Unknown,FALSE,FALSE,FALSE,Clear,FALSE,LYNNHAVEN CRT; LYNNHAVEN CRT ; At,3/7/2019 1:17:15 PM,538229.5192,4809653.501,Q1,Working,FALSE
2621,46102,17-008058,1/12/2017 7:45:00 AM,2017,1,12,7,45,Thursday,541357.2308,4808643.035,-80.489032,43.429548,Intersection,2,P.D. only,On roadway,Intersection,Daylight,Regional,Signal Control,Functioning,FALSE,FALSE,FALSE,Clear,FALSE,HOMER WATSON BLVD; HOFFMAN ST,3/7/2019 1:17:14 PM,541357.2308,4808643.035,Q1,Weekend,FALSE
2622,46103,17-008415,1/12/2017 1:00:00 PM,2017,1,12,13,0,Thursday,541476.147,4811236.212,-80.487365,43.452891,Private Drive,2,P.D. only,Off roadway,SMV,Daylight,Municipal,No control,Unknown,FALSE,FALSE,FALSE,Clear,FALSE,ROY ST ; ROY ST; Near,3/7/2019 1:17:13 PM,541476.147,4811236.213,Q1,Weekend,FALSE
2623,46104,17-008622,1/12/2017 8:26:00 PM,2017,1,12,20,26,Thursday,539053.1456,4808726.99,-80.517492,43.430428,Private Drive,2,P.D. only,On roadway,SMV,Dark,Municipal,No control,Unknown,FALSE,FALSE,FALSE,Clear,FALSE,SILVERSPRING CRES; SILVERSPRING CRES ; Near; 8 M,3/7/2019 1:17:12 PM,539053.1456,4808726.991,Q1,Weekend,FALSE
2624,46105,17-009859,1/13/2017 11:45:00 AM,2017,1,13,11,45,Friday,541880.2943,4804182.778,-80.482911,43.389359,Private Drive,2,P.D. only,On roadway,SMV,Dark,Municipal,No control,Unknown,FALSE,FALSE,FALSE,Clear,FALSE,PARKVALE DR; PARKVALE DR; Near,3/7/2019 1:17:11 PM,541880.2943,4804182.779,Q1,Weekend,FALSE
2625,46106,17-009939,1/13/2017 4:20:00 PM,2017,1,13,16,20,Friday,547675.0947,4804094.391,-80.411374,43.388217,Non intersection,2,P.D. only,On roadway,Intersection,Daylight,Regional,No control,Unknown,FALSE,FALSE,FALSE,Clear,FALSE,CONESTOGA COLLEGE BLVD; HOMER WATSON BLVD; Near; 150 M,3/7/2019 1:17:10 PM,547675.0947,4804094.391,Q1,Weekend,FALSE
2626,46107,17-009986,1/14/2017 12:30:00 PM,2017,1,14,12,30,Saturday,541149.3532,4811150.063,-80.491411,43.452133,Intersection,2,P.D. only,On roadway,Rear end,Daylight,Municipal,Signal Control,Functioning,FALSE,FALSE,FALSE,Clear,FALSE,YOUNG ST; DUKE ST W,3/7/2019 1:17:09 PM,541149.3532,4811150.063,Q1,Weekend,FALSE
2627,46108,17-009994,1/14/2017 3:00:00 PM,2017,1,14,15,0,Saturday,539003.7193,4811281.367,-80.51792,43.45343,Non intersection,2,P.D. only,On roadway,Rear end,Daylight,Municipal,Signal Control,Functioning,FALSE,FALSE,FALSE,Clear,FALSE,BELMONT AVE W; CLAREMONT AVE; Near; 10 M,3/7/2019 1:17:08 PM,539003.7193,4811281.367,Q1,Weekend,FALSE
2628,46109,17-011438,1/14/2017 10:00:00 PM,2017,1,14,22,0,Saturday,544577.0101,4808531.905,-80.449262,43.428363,Private Drive,2,P.D. only,On roadway,SMV,Dark,Municipal,No control,Unknown,FALSE,FALSE,FALSE,Clear,FALSE,NINTH AVE; NINTH AVE; At,3/7/2019 1:17:07 PM,544577.0101,4808531.905,Q1,Weekend,FALSE
2629,46110,17-011504,1/16/2017 7:55:00 AM,2017,1,16,7,55,Monday,545852.8756,4807128.422,-80.433617,43.415649,Non intersection,2,P.D. only,On roadway,Rear end,Daylight,Municipal,Sign Control,Functioning,FALSE,FALSE,FALSE,Clear,FALSE,WABANAKI DR; HIDDEN VALLEY RD; Near,3/7/2019 1:17:06 PM,545852.8756,4807128.422,Q1,Working,FALSE
2630,46111,17-011550,1/16/2017 5:30:00 PM,2017,1,16,17,30,Monday,539338.4611,4807831.259,-80.514031,43.422348,Private Drive,2,P.D. only,On roadway,SMV,Dark,Municipal,No control,Unknown,FALSE,FALSE,FALSE,Clear,FALSE,UPLANDS DR; UPLANDS DR,3/7/2019 1:17:05 PM,539338.4611,4807831.259,Q1,Working,FALSE
2631,46112,17-011718,1/17/2017 2:00:00 AM,2017,1,17,2,0,Tuesday,543795.129,4805040.14,-80.459201,43.396969,Non intersection,2,P.D. only,On roadway,SMV,Dark,Municipal,No control,Unknown,FALSE,FALSE,FALSE,Rain,FALSE,OLD HURON RD; MAXWELL DR ; Near; 85 M,3/7/2019 1:17:04 PM,543795.129,4805040.14,Q1,Working,FALSE
2632,46113,17-011980,1/17/2017 12:08:00 PM,2017,1,17,12,8,Tuesday,541357.2543,4808639.201,-80.489032,43.429514,Intersection,2,P.D. only,On roadway,SMV,Daylight,Regional,Signal Control,Functioning,FALSE,FALSE,FALSE,Rain,FALSE,HOMER WATSON BLVD; HOFFMAN ST,3/7/2019 1:17:03 PM,541357.2543,4808639.201,Q1,Working,FALSE
2633,46114,17-012209,1/17/2017 5:38:00 PM,2017,1,17,17,38,Tuesday,540587.479,4812804.724,-80.498232,43.467062,Non intersection,2,P.D. only,On roadway,Other,Dusk,Municipal,No control,Unknown,FALSE,FALSE,FALSE,Rain,FALSE,UNION ST; MARGARET AVE; Near; 100 M,3/7/2019 1:17:02 PM,540587.479,4812804.724,Q1,Working,FALSE
2634,46115,17-012588,1/18/2017 9:59:00 AM,2017,1,18,9,59,Wednesday,539751.2129,4810710.42,-80.508723,43.44825,Private Drive,2,P.D. only,On roadway,Intersection,Daylight,Municipal,No control,Unknown,FALSE,FALSE,FALSE,Clear,FALSE,WAVERLY RD ; STRANGE ST ; Near; 15 M,3/7/2019 1:17:01 PM,539751.2129,4810710.42,Q1,Working,FALSE
2635,46116,17-012605,1/18/2017 7:45:00 AM,2017,1,18,7,45,Wednesday,538822.762,4811434.236,-80.520146,43.454816,Intersection,1,Non-fatal injury,On roadway,Intersection,Dark,Municipal,Sign Control,Functioning,FALSE,FALSE,FALSE,Clear,FALSE,UNION BLVD; SEVERN AVE,3/7/2019 1:17:00 PM,538822.762,4811434.236,Q1,Working,FALSE
2636,46117,17-012646,1/18/2017 10:56:00 AM,2017,1,18,10,56,Wednesday,540172.5288,4809412.924,-80.503612,43.436545,Intersection,1,Non-fatal injury,On roadway,Intersection,Daylight,Municipal,Signal Control,Functioning,TRUE,FALSE,FALSE,Clear,FALSE,BELMONT AVE E; QUEENS BLVD,3/7/2019 1:16:58 PM,540172.5288,4809412.924,Q1,Working,FALSE
2637,46118,17-012828,1/15/2017 2:00:00 PM,2017,1,15,14,0,Sunday,536983.1842,4807308.911,-80.543162,43.417764,Non intersection,2,P.D. only,On roadway,SMV,Daylight,Municipal,No control,Unknown,FALSE,FALSE,FALSE,Clear,FALSE,ROLLING MEADOWS DR; MEADOW WOODS CRES; Near,3/7/2019 1:16:57 PM,536983.1842,4807308.911,Q1,Weekend,FALSE
2638,46119,17-012903,12/21/2016 7:00:00 PM,2016,12,21,19,0,Wednesday,537224.7586,4808803.506,-80.540076,43.43121,Private Drive,2,Non-reportable,Off roadway,SMV,Dark,Municipal,No control,Unknown,FALSE,FALSE,FALSE,Clear,FALSE,HIDDEN CREEK DR; HIDDEN CREEK DR ; Near,3/7/2019 1:16:54 PM,537224.7586,4808803.506,Q4,Working,FALSE
2639,46120,17-013401,1/19/2017 10:00:00 AM,2017,1,19,10,0,Thursday,541662.8433,4810410.016,-80.485121,43.445441,Intersection,2,P.D. only,On roadway,Intersection,Daylight,Municipal,Sign Control,Functioning,FALSE,FALSE,FALSE,Clear,FALSE,CEDAR ST S; CHURCH ST,3/7/2019 1:16:52 PM,541662.8433,4810410.016,Q1,Weekend,FALSE
2640,46121,17-013477,1/19/2017 12:40:00 PM,2017,1,19,12,40,Thursday,545907.8135,4809344.642,-80.432752,43.4356,Intersection,2,P.D. only,On roadway,Intersection,Daylight,Municipal,No control,Unknown,FALSE,FALSE,FALSE,Clear,FALSE,KINZIE AVE; THALER AVE,3/7/2019 1:16:51 PM,545907.8135,4809344.643,Q1,Weekend,FALSE
2641,46122,17-013528,1/19/2017 2:21:00 PM,2017,1,19,14,21,Thursday,540749.7558,4811166.305,-80.496348,43.452301,Private Drive,2,P.D. only,Off roadway,SMV,Daylight,Regional,No control,Unknown,FALSE,FALSE,FALSE,Clear,FALSE,KING ST W; FRANCIS ST S; Near; 15 M,3/7/2019 1:16:50 PM,540749.7558,4811166.305,Q1,Weekend,FALSE
2642,46123,17-013593,1/19/2017 3:32:00 PM,2017,1,19,15,32,Thursday,545854.7998,4807128.435,-80.433593,43.415649,Intersection,2,P.D. only,On roadway,Intersection,Daylight,Municipal,Sign Control,Functioning,FALSE,FALSE,FALSE,Clear,FALSE,WABANAKI DR ; GOODRICH DR,3/7/2019 1:16:48 PM,545854.7998,4807128.435,Q1,Weekend,FALSE
2643,46124,17-013881,1/19/2017 11:54:00 PM,2017,1,19,23,54,Thursday,542225.7552,4806732.345,-80.478449,43.412296,Private Drive,1,Non-fatal injury,Off roadway,SMV,Dark,Municipal,No control,Unknown,FALSE,FALSE,FALSE,Other,FALSE,THE COUNTRY WAY; THE COUNTRY WAY ; At; 9 M,3/7/2019 1:16:46 PM,542225.7552,4806732.345,Q1,Weekend,FALSE
2644,46125,17-013882,1/19/2017 11:56:00 PM,2017,1,19,23,56,Thursday,547463.2681,4802947.803,-80.414089,43.377907,Non intersection,2,P.D. only,Off roadway,SMV,Daylight,Other,Sign Control,Functioning,FALSE,FALSE,FALSE,Clear,FALSE,PINNACLE DR ; THOMAS SLEE DR ; Near; 30 M,3/7/2019 1:16:45 PM,547463.2681,4802947.803,Q1,Weekend,FALSE
2645,46126,17-014098,1/20/2017 9:08:00 AM,2017,1,20,9,8,Friday,538518.946,4805739.693,-80.524302,43.403558,Non intersection,1,Non-fatal injury,On roadway,SMV,Daylight,Municipal,No control,Unknown,FALSE,FALSE,FALSE,Other,FALSE,GRAVEL RIDGE TRAIL; MELINDA ST ; Near; 200 M,3/7/2019 1:16:44 PM,538518.946,4805739.693,Q1,Weekend,FALSE
2646,46127,17-014435,1/20/2017 4:00:00 PM,2017,1,20,16,0,Friday,545316.5859,4804468.839,-80.440462,43.391735,Intersection,2,P.D. only,On roadway,Intersection,Daylight,Municipal,Sign Control,Functioning,FALSE,FALSE,FALSE,Other,FALSE,DOON VILLAGE RD; BECHTEL DR; At,3/7/2019 1:16:43 PM,545316.5859,4804468.839,Q1,Weekend,FALSE
2647,46128,17-014463,1/19/2017 2:20:00 PM,2017,1,19,14,20,Thursday,543800.7937,4812589.531,-80.458526,43.464944,Intersection,2,P.D. only,On roadway,Intersection,Daylight,Regional,No control,Unknown,FALSE,FALSE,FALSE,Clear,FALSE,FREDERICK ST; AVON RD,3/7/2019 1:16:42 PM,543800.7937,4812589.531,Q1,Weekend,FALSE
2648,46129,17-014848,1/20/2017 8:00:00 AM,2017,1,20,8,0,Friday,541068,4811108,0,0,Other,2,Non-reportable,Off roadway,SMV,Daylight,Other,No control,Unknown,FALSE,FALSE,FALSE,Rain,FALSE,WINDFLOWER DR ; WINDFLOWER PL; At,3/7/2019 1:16:41 PM,541068,4811108,Q1,Weekend,FALSE
2649,46130,17-015209,1/21/2017 6:00:00 PM,2017,1,21,18,0,Saturday,545034.6579,4807867.287,-80.443663,43.422351,Intersection,1,Non-fatal injury,On roadway,SMV,Dark,Municipal,Signal Control,Functioning,TRUE,FALSE,FALSE,Other,FALSE,WILSON AVE ; KINGSWAY DR,3/7/2019 1:16:39 PM,545034.6579,4807867.287,Q1,Weekend,FALSE
2650,46131,17-015541,1/22/2017 4:37:00 AM,2017,1,22,4,37,Sunday,546128.273,4805000.1,-80.430395,43.396469,Intersection,2,P.D. only,Off roadway,SMV,Dark,Regional,Sign Control,Functioning,FALSE,FALSE,FALSE,Other,FALSE,PIONEER DR; GREEN VALLEY DR; At,3/7/2019 1:16:38 PM,546128.273,4805000.1,Q1,Weekend,FALSE
2651,46132,17-015632,1/21/2017 1:50:00 PM,2017,1,21,13,50,Saturday,542632.6037,4806560.337,-80.473437,43.410724,Non intersection,2,P.D. only,On roadway,SMV,Daylight,Municipal,No control,Unknown,FALSE,FALSE,FALSE,Other,FALSE,DEVONGLEN CRT; DEVONGLEN CRT,3/7/2019 1:16:37 PM,542632.6037,4806560.337,Q1,Weekend,FALSE
2652,46133,17-016066,1/22/2017 10:48:00 PM,2017,1,22,22,48,Sunday,546002.1285,4804474.187,-80.431997,43.391741,Private Drive,2,P.D. only,On roadway,Other,Daylight,Municipal,No control,Unknown,FALSE,FALSE,FALSE,Clear,FALSE,OLD CARRIAGE DR; OLD CARRIAGE DR ; At; 0 M,3/7/2019 1:16:36 PM,546002.1285,4804474.187,Q1,Weekend,FALSE
2653,46134,17-016445,12/23/2016 5:30:00 PM,2016,12,23,17,30,Friday,539210.9833,4810214.754,-80.515435,43.443816,Private Drive,2,Non-reportable,On roadway,SMV,Dark,Municipal,No control,Unknown,FALSE,FALSE,FALSE,Clear,FALSE,ADELAIDE ST; ADELAIDE ST,3/7/2019 1:16:35 PM,539210.9833,4810214.754,Q4,Weekend,FALSE
2654,46135,17-016493,1/21/2017 5:00:00 PM,2017,1,21,17,0,Saturday,541327.672,4811642.985,-80.48917,43.456562,Non intersection,2,P.D. only,On roadway,SMV,Dusk,Regional,No control,Unknown,FALSE,FALSE,FALSE,Clear,FALSE,MARGARET AVE; VICTORIA ST N; Near,3/7/2019 1:16:33 PM,541327.672,4811642.985,Q1,Weekend,FALSE
2655,46136,17-016628,1/22/2017 4:30:00 PM,2017,1,22,16,30,Sunday,539655.2449,4806849.392,-80.510189,43.41349,Private Drive,2,Non-reportable,On roadway,SMV,Daylight,Municipal,No control,Unknown,FALSE,FALSE,FALSE,Clear,FALSE,WOODPOPPY CRT; WOODPOPPY CRT ; Near,3/7/2019 1:16:32 PM,539655.2449,4806849.392,Q1,Weekend,FALSE
2656,46137,17-016711,1/23/2017 5:45:00 PM,2017,1,23,17,45,Monday,537567.0161,4808763.316,-80.53585,43.430831,Private Drive,2,P.D. only,On roadway,SMV,Dusk,Municipal,No control,Unknown,FALSE,FALSE,FALSE,Clear,FALSE,OLIVER CRT; OLIVER CRT,3/7/2019 1:16:31 PM,537567.0161,4808763.316,Q1,Working,FALSE
2657,46138,17-017121,1/24/2017 10:06:00 AM,2017,1,24,10,6,Tuesday,545159.1384,4807237.881,-80.442177,43.416677,Intersection,2,P.D. only,On roadway,Intersection,Daylight,Regional,Sign Control,Functioning,FALSE,FALSE,FALSE,Clear,FALSE,WILSON AVE; WEBSTER RD,3/7/2019 1:16:30 PM,545159.1384,4807237.881,Q1,Working,FALSE
2658,46139,17-017294,1/21/2017 2:00:00 PM,2017,1,21,14,0,Saturday,544806.5658,4805155.675,-80.446703,43.39795,Intersection,2,P.D. only,On roadway,Other,Daylight,Municipal,Sign Control,Functioning,FALSE,FALSE,FALSE,Other,FALSE,MILLWOOD CRES; DOON VILLAGE RD,3/7/2019 1:16:29 PM,544806.5658,4805155.675,Q1,Weekend,FALSE
2659,46140,17-018028,1/25/2017 1:20:00 PM,2017,1,25,13,20,Wednesday,540106.0157,4810846.486,-80.504328,43.449456,Other,2,P.D. only,On roadway,SMV,Daylight,Municipal,No control,Unknown,FALSE,FALSE,FALSE,Clear,FALSE,PARK ST; CHERRY ST ; At; 55 M,3/7/2019 1:16:28 PM,540106.0157,4810846.486,Q1,Working,FALSE
2660,46141,17-018281,1/25/2017 7:50:00 PM,2017,1,25,19,50,Wednesday,544653.0615,4811661.415,-80.448066,43.456536,Non intersection,2,P.D. only,Other,SMV,Dark,Regional,No control,Unknown,FALSE,FALSE,FALSE,Rain,FALSE,RIVER RD E; LORRAINE AVE; Near; 120 M,3/7/2019 1:16:27 PM,544653.0615,4811661.415,Q1,Working,FALSE
2661,46142,17-018298,1/23/2017 12:30:00 PM,2017,1,23,12,30,Monday,547377.5407,4804409.594,-80.415021,43.391074,Other,2,Non-reportable,Off roadway,SMV,Daylight,Other,No control,Unknown,FALSE,FALSE,FALSE,Clear,FALSE,PRIVATE DRIVEWAY; PINNACLE DR,3/7/2019 1:16:26 PM,547377.5407,4804409.594,Q1,Working,FALSE
2662,46143,17-018533,1/26/2017 7:29:00 AM,2017,1,26,7,29,Thursday,541226.2987,4811868.467,-80.490406,43.458597,Intersection,1,Non-fatal injury,On roadway,SMV,Dawn,Municipal,Signal Control,Functioning,TRUE,FALSE,FALSE,Rain,FALSE,MARGARET AVE ; WELLINGTON ST N,3/7/2019 1:16:25 PM,541226.2987,4811868.467,Q1,Weekend,FALSE
2663,46144,17-018649,1/25/2017 11:00:00 AM,2017,1,25,11,0,Wednesday,541529.0414,4811234.622,-80.486712,43.452874,Private Drive,2,Non-reportable,On roadway,Other,Daylight,Municipal,No control,Unknown,FALSE,FALSE,FALSE,Clear,FALSE,AHRENS ST E; QUEEN ST N,3/7/2019 1:16:24 PM,541529.0414,4811234.622,Q1,Working,FALSE
2664,46145,17-018843,1/26/2017 1:47:00 PM,2017,1,26,13,47,Thursday,541649.7657,4810880.575,-80.485247,43.449679,Intersection,2,P.D. only,On roadway,Intersection,Daylight,Municipal,Signal Control,Functioning,FALSE,FALSE,FALSE,Rain,FALSE,DUKE ST E; SCOTT ST,3/7/2019 1:16:22 PM,541649.7657,4810880.575,Q1,Weekend,FALSE
2665,46146,17-018943,1/24/2017 2:45:00 PM,2017,1,24,14,45,Tuesday,541093.1559,4811495.349,-80.492079,43.455245,Private Drive,2,P.D. only,On roadway,Other,Daylight,Regional,Sign Control,Functioning,FALSE,FALSE,FALSE,Rain,FALSE,WATER ST N; WATER ST N; Near,3/7/2019 1:16:21 PM,541093.1559,4811495.35,Q1,Working,FALSE
2666,46147,17-019012,1/26/2017 6:56:00 PM,2017,1,26,18,56,Thursday,543713.0971,4805683.911,-80.460163,43.40277,Non intersection,1,Non-fatal injury,On roadway,Intersection,Dark,Municipal,No control,Unknown,FALSE,FALSE,FALSE,Rain,FALSE,TRILLIUM DR ; STECKLE PL ; 10 M,3/7/2019 1:16:20 PM,543713.0971,4805683.911,Q1,Weekend,FALSE
2667,46148,17-019344,1/27/2017 8:20:00 AM,2017,1,27,8,20,Friday,539574.7459,4806249.013,-80.511227,43.408089,Intersection,1,Non-fatal injury,On roadway,Intersection,Daylight,Municipal,Sign Control,Functioning,FALSE,FALSE,FALSE,Rain,FALSE,ACTIVA AVE; COPPER LEAF ST,3/7/2019 1:16:18 PM,539574.7459,4806249.013,Q1,Weekend,FALSE