,OBJECTID,ACCIDENTNUM,ACCIDENTDATE,ACCIDENT_YEAR,ACCIDENT_MONTH,ACCIDENT_DAY,ACCIDENT_HOUR,ACCIDENT_MINUTE,Accident_Day,XCOORD,YCOORD,LONGITUDE,LATITUDE,Accident_Location,COLLISIONTYPE,Accident_Type,Impact_Location,Impact_Type,Light,Road_Jurisdication,Traffic_Control,Traffic_Control_Condition,Pedestrian_Involved,Cyclist_Involved,Motorcyclist_Involved,Environment_Condition,Self_Reported,XMLIMPORTNOTES,LASTEDITEDDATE,x,y,Quarter,Day_Type,Vulnerable_Involved
2668,46149,17-019551,1/27/2017 12:30:00 PM,2017,1,27,12,30,Friday,546223.2949,4803620.524,-80.429338,43.384041,Non intersection,2,P.D. only,Off roadway,SMV,Daylight,Municipal,No control,Unknown,FALSE,FALSE,FALSE,Snow,FALSE,DOON MILLS DR; DOON MILLS DR ; At; 2 M,3/7/2019 1:16:17 PM,546223.2949,4803620.524,Q1,Weekend,FALSE
2669,46150,17-019573,1/27/2017 1:05:00 PM,2017,1,27,13,5,Friday,539859.4435,4809172.424,-80.507498,43.434396,Non intersection,2,P.D. only,Off roadway,SMV,Daylight,Municipal,No control,Unknown,FALSE,FALSE,FALSE,Snow,FALSE,QUEENS BLVD; QUEENS BLVD ; At; 1 M,3/7/2019 1:16:16 PM,539859.4435,4809172.424,Q1,Weekend,FALSE
2670,46151,17-019595,1/27/2017 1:44:00 PM,2017,1,27,13,44,Friday,544608.4057,4809092.287,-80.448828,43.433407,Intersection,2,P.D. only,On roadway,Intersection,Daylight,Municipal,Signal Control,Functioning,FALSE,FALSE,FALSE,Snow,FALSE,KINGSWAY DR; FRANKLIN ST S,3/7/2019 1:16:15 PM,544608.4057,4809092.288,Q1,Weekend,FALSE
2671,46152,17-019605,1/27/2017 9:00:00 AM,2017,1,27,9,0,Friday,540901.2076,4811120.514,-80.49448,43.451881,Non intersection,2,P.D. only,Off roadway,SMV,Daylight,Regional,No control,Unknown,FALSE,FALSE,FALSE,Snow,FALSE,WATER ST N; WATER ST N,3/7/2019 1:16:14 PM,540901.2076,4811120.514,Q1,Weekend,FALSE
2672,46153,17-019622,1/27/2017 12:54:00 PM,2017,1,27,12,54,Friday,541454.4177,4811102.941,-80.487644,43.451692,Non intersection,2,P.D. only,On roadway,Intersection,Daylight,Municipal,No control,Unknown,FALSE,FALSE,FALSE,Snow,FALSE,QUEEN ST N; QUEEN ST N; Near,3/7/2019 1:16:13 PM,541454.4177,4811102.941,Q1,Weekend,FALSE
2673,46154,17-019668,1/27/2017 6:50:00 AM,2017,1,27,6,50,Friday,543569.3281,4804976.04,-80.461995,43.396405,Intersection,2,P.D. only,On roadway,Rear end,Dark,Regional,Sign Control,Functioning,FALSE,FALSE,FALSE,Snow,FALSE,HURON RD; OLD HURON RD OFF TO HURON RD,3/7/2019 1:16:12 PM,543569.3281,4804976.04,Q1,Weekend,FALSE
2674,46155,17-019976,1/27/2017 11:54:00 PM,2017,1,27,23,54,Friday,540065.2626,4810220.06,-80.504878,43.443818,Non intersection,2,P.D. only,On roadway,Intersection,Dark,Municipal,Signal Control,Functioning,FALSE,FALSE,FALSE,Snow,FALSE,WEST AVE; VICTORIA ST S; Near; 200 M,3/7/2019 1:16:10 PM,540065.2626,4810220.06,Q1,Weekend,FALSE
2675,46156,17-020014,1/28/2017 12:57:00 AM,2017,1,28,0,57,Saturday,535817.3346,4808941.286,-80.557456,43.432519,Private Drive,2,P.D. only,Off roadway,SMV,Dark,Municipal,Sign Control,Functioning,FALSE,FALSE,FALSE,Clear,FALSE,GLASGOW ST ;  THE BOARDWALK ; Near; 8 M,3/7/2019 1:16:09 PM,535817.3346,4808941.286,Q1,Weekend,FALSE
2676,46157,17-020248,1/28/2017 10:05:00 AM,2017,1,28,10,5,Saturday,541343.4991,4810659.034,-80.489049,43.447701,Intersection,2,P.D. only,On roadway,Intersection,Daylight,Municipal,Sign Control,Functioning,FALSE,FALSE,FALSE,Snow,FALSE,BENTON ST; CHURCH ST,3/7/2019 1:16:08 PM,541343.4991,4810659.034,Q1,Weekend,FALSE
2677,46158,17-020252,1/27/2017 8:00:00 PM,2017,1,27,20,0,Friday,547461.023,4810625.372,-80.41345,43.447035,Non intersection,2,P.D. only,On roadway,SMV,Dark,Municipal,No control,Unknown,FALSE,FALSE,FALSE,Other,FALSE,COUNTRY CLAIR ST; COUNTRY CLAIR ST ; Near,3/7/2019 1:16:07 PM,547461.023,4810625.372,Q1,Weekend,FALSE
2678,46159,17-020400,1/28/2017 1:40:00 PM,2017,1,28,13,40,Saturday,537215.7681,4810170.313,-80.540094,43.443517,Non intersection,2,P.D. only,Off roadway,SMV,Daylight,Municipal,No control,Unknown,FALSE,FALSE,FALSE,Other,FALSE,WESTWOOD DR; GLASGOW ST; At; 30 M,3/7/2019 1:16:06 PM,537215.7681,4810170.313,Q1,Weekend,FALSE
2679,46160,17-020433,1/28/2017 1:38:00 PM,2017,1,28,13,38,Saturday,545467.6406,4810897.129,-80.438062,43.449606,Non intersection,2,Non-reportable,Off roadway,SMV,Daylight,Municipal,No control,Unknown,FALSE,FALSE,FALSE,Clear,FALSE,OLD CHICOPEE DR; CONWAY DR; Near,3/7/2019 1:16:05 PM,545467.6406,4810897.129,Q1,Weekend,FALSE
2680,46161,17-020608,1/23/2017 7:28:00 PM,2017,1,23,19,28,Monday,545760.479,4803958.446,-80.435024,43.387112,Non intersection,2,P.D. only,Off roadway,SMV,Dark,Municipal,No control,Unknown,FALSE,FALSE,FALSE,Snow,FALSE,APPLE RIDGE DR; DOON MILLS DR; Near; 20 M,3/7/2019 1:16:04 PM,545760.479,4803958.446,Q1,Working,FALSE
2681,46162,17-020688,1/28/2017 10:00:00 PM,2017,1,28,22,0,Saturday,539594.8669,4806501.052,-80.51096,43.410357,Non intersection,2,P.D. only,On roadway,SMV,Dark,Municipal,No control,Unknown,FALSE,FALSE,FALSE,Snow,FALSE,WILDERNESS DR ; ACTIVA AVE ; Near; 200 M,3/7/2019 1:16:03 PM,539594.8669,4806501.053,Q1,Weekend,FALSE
2682,46163,17-020843,1/29/2017 1:55:00 AM,2017,1,29,1,55,Sunday,545445.72,4811769.205,-80.43826,43.457459,Intersection,1,Non-fatal injury,On roadway,Rear end,Dark,Regional,Sign Control,Functioning,FALSE,FALSE,FALSE,Snow,FALSE,INDIAN RD; QUEENSTON DR ; At; 10 M,3/7/2019 1:16:02 PM,545445.72,4811769.205,Q1,Weekend,FALSE
2683,46164,17-021025,1/28/2017 7:00:00 PM,2017,1,28,19,0,Saturday,542989.281,4807933.185,-80.468924,43.423065,Private Drive,2,Non-reportable,On roadway,Intersection,Dark,Municipal,Sign Control,Functioning,FALSE,FALSE,FALSE,Snow,FALSE,LENNOX LEWIS WAY; LENNOX LEWIS WAY ; Near,3/7/2019 1:16:01 PM,542989.281,4807933.185,Q1,Weekend,FALSE
2684,46165,17-021067,1/29/2017 12:09:00 PM,2017,1,29,12,9,Sunday,539863.2449,4809735.029,-80.50741,43.439462,Private Drive,2,P.D. only,On roadway,Intersection,Daylight,Regional,No control,Unknown,FALSE,FALSE,FALSE,Clear,FALSE,BELMONT AVE W; HIGHLAND RD W; 10 M,3/7/2019 1:15:58 PM,539863.2449,4809735.029,Q1,Weekend,FALSE
2685,46166,17-021208,1/29/2017 3:30:00 PM,2017,1,29,15,30,Sunday,540487.0262,4809734.899,-80.499702,43.439427,Intersection,2,P.D. only,On roadway,Intersection,Daylight,Municipal,Sign Control,Functioning,FALSE,FALSE,FALSE,Clear,FALSE,QUEENS BLVD; SPADINA RD E,3/7/2019 1:15:57 PM,540487.0262,4809734.899,Q1,Weekend,FALSE
2686,46167,17-021559,1/30/2017 6:25:00 AM,2017,1,30,6,25,Monday,543089.6811,4805505.377,-80.467875,43.401199,Private Drive,2,P.D. only,On roadway,Intersection,Dark,Municipal,No control,Unknown,FALSE,FALSE,FALSE,Clear,FALSE,TRILLIUM DR; TRILLIUM DR ; Near,3/7/2019 1:15:56 PM,543089.6811,4805505.378,Q1,Working,FALSE
2687,46168,17-021694,1/29/2017 7:45:00 PM,2017,1,29,19,45,Sunday,545750.3717,4803887.398,-80.435155,43.386473,Non intersection,2,P.D. only,On roadway,SMV,Dark,Municipal,No control,Unknown,FALSE,FALSE,FALSE,Clear,FALSE,APPLE RIDGE DR; APPLE RIDGE DR; Near,3/7/2019 1:15:55 PM,545750.3717,4803887.398,Q1,Weekend,FALSE
2688,46169,17-021738,1/30/2017 11:46:00 AM,2017,1,30,11,46,Monday,539317.6316,4810611.526,-80.514088,43.447383,Intersection,1,Non-fatal injury,On roadway,Intersection,Daylight,Municipal,Signal Control,Functioning,FALSE,FALSE,FALSE,Clear,FALSE,BELMONT AVE W; GAGE AVE,3/7/2019 1:15:54 PM,539317.6316,4810611.526,Q1,Working,FALSE
2689,46170,17-021958,1/27/2017 7:00:00 PM,2017,1,27,19,0,Friday,542635.7193,4806745.024,-80.473385,43.412387,Intersection,2,Non-reportable,On roadway,Intersection,Dark,Municipal,Sign Control,Functioning,FALSE,FALSE,FALSE,Snow,FALSE,CEDARHILL CRES; OLD COUNTRY DR,3/7/2019 1:15:53 PM,542635.7193,4806745.024,Q1,Weekend,FALSE
2690,46171,17-022419,1/31/2017 10:00:00 AM,2017,1,31,10,0,Tuesday,539733.5788,4808386.334,-80.50911,43.427325,Private Drive,2,P.D. only,On roadway,Other,Daylight,Municipal,No control,Unknown,FALSE,FALSE,FALSE,Clear,FALSE,GREENBROOK DR; GREENBROOK DR ; At; 4 M,3/7/2019 1:15:51 PM,539733.5788,4808386.334,Q1,Working,FALSE
2691,46172,17-023061,2/1/2017 8:39:00 AM,2017,2,1,8,39,Wednesday,544078.6554,4807673.448,-80.455488,43.420663,Non intersection,2,P.D. only,Off roadway,SMV,Daylight,Municipal,No control,Unknown,FALSE,FALSE,FALSE,Snow,FALSE,VANIER DR; VANIER DR ; 4 M,3/7/2019 1:15:50 PM,544078.6554,4807673.448,Q1,Working,FALSE
2692,46173,17-023220,2/1/2017 9:30:00 AM,2017,2,1,9,30,Wednesday,537217.1953,4807578.316,-80.540253,43.420179,Non intersection,2,P.D. only,Off roadway,SMV,Daylight,Municipal,Sign Control,Functioning,FALSE,FALSE,FALSE,Clear,FALSE,WESTHEIGHTS DR ; BROKEN OAK CRES ; 2 M,3/7/2019 1:15:49 PM,537217.1953,4807578.316,Q1,Working,FALSE
2693,46174,17-023290,2/1/2017 2:32:00 PM,2017,2,1,14,32,Wednesday,541762.8363,4803537.734,-80.484411,43.383557,Intersection,2,P.D. only,On roadway,SMV,Daylight,Municipal,Sign Control,Functioning,FALSE,FALSE,FALSE,Clear,FALSE,VERONA ST; SIENNA CRES,3/7/2019 1:15:48 PM,541762.8363,4803537.734,Q1,Working,FALSE
2694,46175,17-023803,2/1/2017 5:30:00 PM,2017,2,1,17,30,Wednesday,545546.2772,4809452.765,-80.43721,43.436596,Private Drive,2,P.D. only,On roadway,Other,Daylight,Municipal,No control,Unknown,FALSE,FALSE,FALSE,Clear,FALSE,FERGUS AVE; FERGUS AVE; At,3/7/2019 1:15:47 PM,545546.2772,4809452.765,Q1,Working,FALSE
2695,46176,17-023836,2/1/2017 8:30:00 PM,2017,2,1,20,30,Wednesday,541160.632,4808248.978,-80.49149,43.426011,Non intersection,2,P.D. only,On roadway,Intersection,Dark,Municipal,No control,Unknown,FALSE,FALSE,FALSE,Snow,FALSE,CHANDLER DR; CHANDLER DR; Near,3/7/2019 1:15:46 PM,541160.632,4808248.978,Q1,Working,FALSE
2696,46177,17-023877,2/1/2017 7:30:00 PM,2017,2,1,19,30,Wednesday,545036.5882,4807866.342,-80.443639,43.422343,Private Drive,2,P.D. only,On roadway,Rear end,Dark,Municipal,No control,Unknown,FALSE,FALSE,FALSE,Snow,FALSE,WILSON AVE; FAIRWAY RD S; Near,3/7/2019 1:15:45 PM,545036.5882,4807866.342,Q1,Working,FALSE
2697,46178,17-023963,1/31/2017 12:30:00 PM,2017,1,31,12,30,Tuesday,540922.9793,4811177.176,-80.494207,43.45239,Non intersection,2,P.D. only,Off roadway,SMV,Daylight,Municipal,No control,Unknown,FALSE,FALSE,FALSE,Clear,FALSE,WATER ST N; WATER ST N; Near,3/7/2019 1:15:44 PM,540922.9793,4811177.177,Q1,Working,FALSE
2698,46179,17-023972,2/2/2017 1:17:00 PM,2017,2,2,13,17,Thursday,543188.5196,4808924.608,-80.466385,43.43198,Non intersection,2,P.D. only,On roadway,Other,Daylight,Municipal,No control,Unknown,FALSE,FALSE,FALSE,Clear,FALSE,DIXON ST; CARWOOD AVE; 25 M,3/7/2019 1:15:43 PM,543188.5196,4808924.608,Q1,Weekend,FALSE
2699,46180,17-024110,2/2/2017 7:55:00 AM,2017,2,2,7,55,Thursday,544702.3089,4809252.878,-80.447655,43.434847,Private Drive,2,P.D. only,On roadway,Other,Daylight,Municipal,No control,Unknown,FALSE,FALSE,FALSE,Clear,FALSE,FRANKLIN ST N; FRANKLIN ST N; Near,3/7/2019 1:15:42 PM,544702.3089,4809252.878,Q1,Weekend,FALSE
2700,46181,17-024544,2/2/2017 6:45:00 PM,2017,2,2,18,45,Thursday,538381.1137,4809968.991,-80.525707,43.441646,Private Drive,2,P.D. only,On roadway,SMV,Dark,Municipal,No control,Unknown,FALSE,FALSE,FALSE,Snow,FALSE,CHOPIN DR; CHOPIN DR; Near,3/7/2019 1:15:41 PM,538381.1137,4809968.991,Q1,Weekend,FALSE
2701,46182,17-024754,2/3/2017 1:17:00 PM,2017,2,3,13,17,Friday,541500.8492,4811992.119,-80.487003,43.459696,Intersection,2,P.D. only,On roadway,Intersection,Daylight,Municipal,Sign Control,Functioning,FALSE,FALSE,FALSE,Clear,FALSE,WELLINGTON ST N; ST LEGER ST,3/7/2019 1:15:38 PM,541500.8492,4811992.119,Q1,Weekend,FALSE
2702,46183,17-025404,2/2/2017 12:43:00 PM,2017,2,2,12,43,Thursday,544186.3143,4809878.87,-80.45398,43.440514,Private Drive,2,P.D. only,On roadway,Other,Daylight,Municipal,No control,Unknown,FALSE,FALSE,FALSE,Clear,FALSE,ROSS AVE; ROSS AVE ; At,3/7/2019 1:15:37 PM,544186.3143,4809878.87,Q1,Weekend,FALSE
2703,46184,17-025480,2/3/2017 4:00:00 PM,2017,2,3,16,0,Friday,541433.1681,4809518.835,-80.488027,43.43743,Private Drive,2,P.D. only,On roadway,Other,Daylight,Municipal,No control,Unknown,FALSE,FALSE,FALSE,Clear,FALSE,STIRLING AVE S; STIRLING AVE S; At,3/7/2019 1:15:36 PM,541433.1681,4809518.836,Q1,Weekend,FALSE
2704,46185,17-026111,2/5/2017 9:37:00 AM,2017,2,5,9,37,Sunday,540382.4198,4809536.85,-80.501009,43.437649,Private Drive,2,P.D. only,On roadway,Intersection,Daylight,Municipal,No control,Unknown,FALSE,FALSE,FALSE,Snow,FALSE,QUEENS BLVD; QUEENS BLVD ; Near; 1 M,3/7/2019 1:15:34 PM,540382.4198,4809536.85,Q1,Weekend,FALSE
2705,46186,17-026238,2/5/2017 11:45:00 AM,2017,2,5,11,45,Sunday,544510.116,4811759.151,-80.449825,43.457425,Non intersection,2,P.D. only,On roadway,Intersection,Daylight,Regional,Signal Control,Functioning,FALSE,FALSE,FALSE,Clear,FALSE,RIVER RD E; LORRAINE AVE; Near; 50 M,3/7/2019 1:15:33 PM,544510.116,4811759.151,Q1,Weekend,FALSE
2706,46187,17-026787,2/3/2017 10:30:00 PM,2017,2,3,22,30,Friday,541962.2745,4815628.552,-80.481019,43.492412,Private Drive,2,P.D. only,On roadway,SMV,Dark,Other,No control,Unknown,FALSE,FALSE,FALSE,Clear,FALSE,WOOLWICH ST; WOOLWICH ST,3/7/2019 1:15:32 PM,541962.2745,4815628.552,Q1,Weekend,FALSE
2707,46188,17-026981,2/6/2017 1:00:00 PM,2017,2,6,13,0,Monday,540891.553,4812353.216,-80.494507,43.46298,Private Drive,2,P.D. only,On roadway,SMV,Daylight,Municipal,No control,Unknown,FALSE,FALSE,FALSE,Clear,FALSE,GUELPH ST; At,3/7/2019 1:15:31 PM,540891.553,4812353.216,Q1,Working,FALSE
2708,46189,17-027203,2/6/2017 7:20:00 PM,2017,2,6,19,20,Monday,545284.0922,4811130.602,-80.440311,43.451719,Private Drive,1,Non-fatal injury,On roadway,SMV,Dark,Municipal,No control,Unknown,FALSE,FALSE,FALSE,Clear,FALSE,HOLBORN DR; 25 OLD CHICOPEE DR ; Near; 25 M,3/7/2019 1:15:29 PM,545284.0922,4811130.602,Q1,Working,FALSE
2709,46190,17-027730,2/7/2017 11:30:00 AM,2017,2,7,11,30,Tuesday,541466.498,4810887.016,-80.487511,43.449747,Non intersection,2,P.D. only,On roadway,SMV,Daylight,Municipal,No control,Unknown,FALSE,FALSE,FALSE,Rain,FALSE,GOUDIES LANE; GOUDIES LANE,3/7/2019 1:15:28 PM,541466.498,4810887.016,Q1,Working,FALSE
2710,46191,17-027932,2/7/2017 5:37:00 PM,2017,2,7,17,37,Tuesday,541135.1059,4811121.231,-80.491589,43.451874,Private Drive,1,Non-fatal injury,On roadway,Intersection,Dark,Municipal,No control,Unknown,FALSE,TRUE,FALSE,Rain,FALSE,YOUNG ST ; DUKE ST W; Near; 50 M,3/7/2019 1:15:26 PM,541135.1059,4811121.231,Q1,Working,FALSE
2711,46192,17-028391,2/8/2017 7:30:00 AM,2017,2,8,7,30,Wednesday,547269.14,4803091.86,-80.416473,43.379216,Non intersection,2,P.D. only,Off roadway,SMV,Daylight,Municipal,No control,Unknown,FALSE,FALSE,FALSE,Clear,FALSE,SADDLEWOOD DR; SADDLEWOOD DR; Near,3/7/2019 1:15:25 PM,547269.14,4803091.86,Q1,Working,FALSE
2712,46193,17-028583,2/8/2017 11:30:00 AM,2017,2,8,11,30,Wednesday,545087.0086,4807807.244,-80.443021,43.421808,Private Drive,2,Non-reportable,On roadway,Other,Daylight,Municipal,Other,Unknown,FALSE,FALSE,FALSE,Clear,FALSE,WILSON AVE; WILSON AVE,3/7/2019 1:15:24 PM,545087.0086,4807807.244,Q1,Working,FALSE
2713,46194,17-028605,2/8/2017 2:25:00 PM,2017,2,8,14,25,Wednesday,541082.08,4810772.491,-80.492271,43.448737,Non intersection,2,P.D. only,Off roadway,Rear end,Daylight,Municipal,No control,Unknown,FALSE,FALSE,FALSE,Clear,FALSE,JOSEPH ST; DAVID ST; Near,3/7/2019 1:15:23 PM,541082.08,4810772.491,Q1,Working,FALSE
2714,46195,17-028610,1/28/2017 9:30:00 AM,2017,1,28,9,30,Saturday,544297.1554,4804832.801,-80.453019,43.395073,Other,2,P.D. only,Off roadway,SMV,Daylight,Other,No control,Unknown,FALSE,FALSE,FALSE,Clear,FALSE,PRIVATE DRIVEWAY; CARLYLE DR ; At,3/7/2019 1:15:22 PM,544297.1554,4804832.801,Q1,Weekend,FALSE
2715,46196,17-028716,2/5/2017 5:30:00 PM,2017,2,5,17,30,Sunday,540138.9257,4805889.77,-80.504286,43.404824,Private Drive,2,P.D. only,Off roadway,SMV,Dark,Municipal,No control,Unknown,FALSE,FALSE,FALSE,Snow,FALSE,DUBRICK CRES; DUBRICK CRES,3/7/2019 1:15:20 PM,540138.9257,4805889.77,Q1,Weekend,FALSE
2716,46197,17-029249,2/9/2017 12:20:00 PM,2017,2,9,12,20,Thursday,542140.7459,4810181.594,-80.479233,43.443358,Private Drive,2,P.D. only,On roadway,Rear end,Daylight,Regional,No control,Unknown,FALSE,FALSE,FALSE,Clear,FALSE,STIRLING AVE S; STIRLING AVE S; 7 M,3/7/2019 1:15:19 PM,542140.7459,4810181.594,Q1,Weekend,FALSE
2717,46198,17-029509,2/9/2017 3:45:00 PM,2017,2,9,15,45,Thursday,544716.889,4810080.676,-80.447407,43.4423,Private Drive,2,P.D. only,On roadway,Intersection,Daylight,Municipal,No control,Unknown,FALSE,FALSE,FALSE,Clear,FALSE,FRANKLIN ST N; FRANKLIN ST N; Near,3/7/2019 1:15:18 PM,544716.889,4810080.676,Q1,Weekend,FALSE
2718,46199,17-030011,2/10/2017 11:00:00 AM,2017,2,10,11,0,Friday,538253.8677,4808375.26,-80.527391,43.427302,Non intersection,2,P.D. only,On roadway,Intersection,Daylight,Municipal,No control,Unknown,FALSE,FALSE,FALSE,Clear,FALSE,QUEENS BLVD; WESTHEIGHTS DR; Near; 200 M,3/7/2019 1:15:17 PM,538253.8677,4808375.26,Q1,Weekend,FALSE
2719,46200,17-030126,2/10/2017 2:33:00 PM,2017,2,10,14,33,Friday,541798.0077,4812134.785,-80.483319,43.460964,Non intersection,2,P.D. only,On roadway,SMV,Daylight,Municipal,Signal Control,Functioning,FALSE,FALSE,FALSE,Snow,FALSE,WELLINGTON ST N; LANCASTER ST W; 5 M,3/7/2019 1:15:16 PM,541798.0077,4812134.785,Q1,Weekend,FALSE
2720,46201,17-030169,2/10/2017 3:29:00 PM,2017,2,10,15,29,Friday,540051.8878,4805780.46,-80.505369,43.403844,Non intersection,1,Non-fatal injury,On roadway,SMV,Daylight,Municipal,No control,Unknown,TRUE,FALSE,FALSE,Snow,FALSE,MAX BECKER DR; ISABELLA ST ; 29 M,3/7/2019 1:15:15 PM,540051.8878,4805780.46,Q1,Weekend,FALSE
2721,46202,17-030461,2/10/2017 11:37:00 PM,2017,2,10,23,37,Friday,544057.8204,4811655.54,-80.455424,43.456519,Non intersection,2,P.D. only,On roadway,SMV,Dark,Municipal,No control,Unknown,FALSE,FALSE,FALSE,Clear,FALSE,MANCHESTER RD; RIVER RD E; Near; 250 M,3/7/2019 1:15:14 PM,544057.8204,4811655.54,Q1,Weekend,FALSE
2722,46203,17-031351,2/12/2017 1:02:00 AM,2017,2,12,1,2,Sunday,545706.6419,4808714.365,-80.435291,43.429938,Private Drive,2,P.D. only,On roadway,Intersection,Dark,Municipal,No control,Unknown,FALSE,FALSE,FALSE,Clear,FALSE,CENTREVILLE ST; 28 CENTREVILLE ST; 1 M,3/7/2019 1:15:12 PM,545706.6419,4808714.365,Q1,Weekend,FALSE
2723,46204,17-031352,2/12/2017 1:07:00 AM,2017,2,12,1,7,Sunday,543792.9572,4809205.717,-80.458894,43.434476,Non intersection,2,P.D. only,Off roadway,Intersection,Dark,Municipal,Sign Control,Functioning,FALSE,FALSE,FALSE,Snow,FALSE,ECKERT ST; DIXON ST ; 40 M,3/7/2019 1:15:11 PM,543792.9572,4809205.717,Q1,Weekend,FALSE
2724,46205,17-031457,2/12/2017 9:08:00 AM,2017,2,12,9,8,Sunday,542965.3252,4806592.169,-80.469326,43.410992,Non intersection,2,P.D. only,Off roadway,SMV,Daylight,Regional,No control,Unknown,FALSE,FALSE,FALSE,Snow,FALSE,CENTURY HILL DR; CENTURY HILL DR ; At; 14 M,3/7/2019 1:15:10 PM,542965.3252,4806592.169,Q1,Weekend,FALSE
2725,46206,17-031526,2/12/2017 11:41:00 AM,2017,2,12,11,41,Sunday,543568.1826,4804978.534,-80.462008,43.396428,Intersection,2,P.D. only,On roadway,Intersection,Daylight,Municipal,Signal Control,Functioning,FALSE,FALSE,FALSE,Snow,FALSE,BATTLER RD; HURON RD,3/7/2019 1:15:09 PM,543568.1826,4804978.534,Q1,Weekend,FALSE
2726,46207,17-031527,2/12/2017 11:43:00 AM,2017,2,12,11,43,Sunday,540917.4278,4812366.785,-80.494186,43.463101,Intersection,2,P.D. only,On roadway,Intersection,Daylight,Municipal,Signal Control,Functioning,FALSE,FALSE,FALSE,Snow,FALSE,MARGARET AVE; GUELPH ST,3/7/2019 1:15:07 PM,540917.4278,4812366.785,Q1,Weekend,FALSE
2727,46208,17-031551,2/11/2017 4:30:00 AM,2017,2,11,4,30,Saturday,540746.4173,4808830.251,-80.496564,43.431267,Intersection,2,P.D. only,Off roadway,SMV,Dark,Regional,Signal Control,Functioning,FALSE,FALSE,FALSE,Snow,FALSE,HOMER WATSON BLVD ; STIRLING AVE S,3/7/2019 1:15:06 PM,540746.4173,4808830.251,Q1,Weekend,FALSE
2728,46209,17-031558,2/12/2017 12:40:00 PM,2017,2,12,12,40,Sunday,546062.9905,4809492.013,-80.430823,43.436918,Intersection,1,Non-fatal injury,On roadway,Rear end,Daylight,Regional,Signal Control,Functioning,FALSE,FALSE,FALSE,Snow,FALSE,KINZIE AVE; RIVER RD E,3/7/2019 1:15:04 PM,546062.9905,4809492.014,Q1,Weekend,FALSE
2729,46210,17-031568,2/12/2017 12:56:00 PM,2017,2,12,12,56,Sunday,538376.1329,4807993.028,-80.525908,43.423854,Non intersection,2,P.D. only,On roadway,Other,Daylight,Municipal,No control,Unknown,FALSE,FALSE,FALSE,Clear,FALSE,SILVER ASPEN CRES; ELM RIDGE DR ; Near; 100 M,3/7/2019 1:15:02 PM,538376.1329,4807993.028,Q1,Weekend,FALSE
2730,46211,17-031706,2/12/2017 4:36:00 PM,2017,2,12,16,36,Sunday,542918.8755,4803828.382,-80.470116,43.386109,Non intersection,2,P.D. only,Off roadway,SMV,Daylight,Municipal,No control,Unknown,FALSE,FALSE,FALSE,Snow,FALSE,150  NEWCASTLE DR; ROCKCLIFFE DR ; Near; 5 M,3/7/2019 1:15:01 PM,542918.8755,4803828.382,Q1,Weekend,FALSE
2731,46212,17-031880,2/12/2017 9:25:00 PM,2017,2,12,21,25,Sunday,544611.3716,4809091.26,-80.448792,43.433397,Non intersection,2,P.D. only,On roadway,Intersection,Dark,Municipal,Signal Control,Functioning,FALSE,FALSE,FALSE,Snow,FALSE,KINGSWAY DR; FRANKLIN ST S; Near; 75 M,3/7/2019 1:15:00 PM,544611.3716,4809091.26,Q1,Weekend,FALSE
2732,46213,17-031906,2/12/2017 10:02:00 PM,2017,2,12,22,2,Sunday,543230.8635,4804483.214,-80.466213,43.391987,Intersection,2,P.D. only,On roadway,SMV,Dark,Regional,Sign Control,Functioning,FALSE,FALSE,FALSE,Rain,FALSE,HURON RD; STRASBURG RD; 1 M,3/7/2019 1:14:59 PM,543230.8635,4804483.215,Q1,Weekend,FALSE
2733,46214,17-031950,2/12/2017 11:46:00 PM,2017,2,12,23,46,Sunday,542045.4281,4807994.263,-80.480579,43.423668,Non intersection,2,P.D. only,On roadway,Other,Dark,Municipal,No control,Unknown,FALSE,FALSE,FALSE,Other,FALSE,ALPINE RD; KINGSWOOD DR; Near; 253 M,3/7/2019 1:14:57 PM,542045.4281,4807994.264,Q1,Weekend,FALSE
2734,46215,17-032073,2/12/2017 10:00:00 PM,2017,2,12,22,0,Sunday,541496.7773,4808743.721,-80.4873,43.430447,Intersection,2,P.D. only,On roadway,Rear end,Dark,Municipal,Sign Control,Functioning,FALSE,FALSE,FALSE,Rain,FALSE,HIGHLAND RD E; HOFFMAN ST,3/7/2019 1:14:54 PM,541496.7773,4808743.721,Q1,Weekend,FALSE
2735,46216,17-032175,2/13/2017 7:50:00 AM,2017,2,13,7,50,Monday,541853.7542,4803513.466,-80.48329,43.383334,Intersection,2,P.D. only,On roadway,SMV,Daylight,Regional,Sign Control,Functioning,FALSE,FALSE,FALSE,Clear,FALSE,HURON RD; WOODBINE AVE,3/7/2019 1:14:52 PM,541853.7542,4803513.466,Q1,Working,FALSE
2736,46217,17-032242,2/11/2017 3:00:00 PM,2017,2,11,15,0,Saturday,542040.448,4807810.521,-80.480655,43.422014,Private Drive,2,P.D. only,On roadway,Intersection,Daylight,Municipal,No control,Unknown,FALSE,FALSE,FALSE,Clear,FALSE,APPALACHIAN CRES; APPALACHIAN CRES; Near,3/7/2019 1:14:51 PM,542040.448,4807810.522,Q1,Weekend,FALSE
2737,46218,17-032403,2/13/2017 3:01:00 PM,2017,2,13,15,1,Monday,545348.7436,4812157.438,-80.439426,43.460961,Intersection,2,P.D. only,On roadway,Rear end,Daylight,Municipal,Sign Control,Functioning,FALSE,FALSE,FALSE,Clear,FALSE,LORRAINE AVE; HERITAGE DR,3/7/2019 1:14:50 PM,545348.7436,4812157.438,Q1,Working,FALSE
2738,46219,17-032429,2/13/2017 3:30:00 PM,2017,2,13,15,30,Monday,541068,4811108,0,0,Non intersection,2,P.D. only,On roadway,SMV,Daylight,Municipal,No control,Unknown,FALSE,FALSE,FALSE,Clear,FALSE,WILLOWRUN DR; GRAND FLATS TRAIL ; 50 M,3/7/2019 1:14:47 PM,541068,4811108,Q1,Working,FALSE
2739,46220,17-032448,2/13/2017 7:45:00 AM,2017,2,13,7,45,Monday,544090.1709,4804624.836,-80.455592,43.393212,Intersection,2,P.D. only,On roadway,Rear end,Dawn,Municipal,Sign Control,Functioning,FALSE,FALSE,FALSE,Clear,FALSE,BLACK WALNUT DR; BIEHN DR,3/7/2019 1:14:46 PM,544090.1709,4804624.836,Q1,Working,FALSE