,OBJECTID,ACCIDENTNUM,ACCIDENTDATE,ACCIDENT_YEAR,ACCIDENT_MONTH,ACCIDENT_DAY,ACCIDENT_HOUR,ACCIDENT_MINUTE,Accident_Day,XCOORD,YCOORD,LONGITUDE,LATITUDE,Accident_Location,COLLISIONTYPE,Accident_Type,Impact_Location,Impact_Type,Light,Road_Jurisdication,Traffic_Control,Traffic_Control_Condition,Pedestrian_Involved,Cyclist_Involved,Motorcyclist_Involved,Environment_Condition,Self_Reported,XMLIMPORTNOTES,LASTEDITEDDATE,x,y,Quarter,Day_Type,Vulnerable_Involved
2740,46221,17-032883,2/14/2017 7:50:00 AM,2017,2,14,7,50,Tuesday,539187.333,4810387.64,-80.515715,43.445373,Non intersection,2,P.D. only,Off roadway,SMV,Daylight,Municipal,No control,Unknown,FALSE,FALSE,FALSE,Clear,FALSE,BRYBECK CRES; BRYBECK CRES ; At; 3 M,3/7/2019 1:14:45 PM,539187.333,4810387.64,Q1,Working,FALSE
2741,46222,17-032901,2/13/2017 5:50:00 PM,2017,2,13,17,50,Monday,537150.1318,4806819.246,-80.541133,43.413347,Private Drive,2,P.D. only,On roadway,Other,Dusk,Municipal,No control,Unknown,FALSE,FALSE,FALSE,Clear,FALSE,CEDAR CREST ST; CEDAR CREST ST,3/7/2019 1:14:42 PM,537150.1318,4806819.246,Q1,Working,FALSE
2742,46223,17-033090,2/14/2017 11:00:00 AM,2017,2,14,11,0,Tuesday,539204.6942,4810850.418,-80.515467,43.449539,Private Drive,2,P.D. only,On roadway,Other,Daylight,Municipal,No control,Unknown,FALSE,FALSE,FALSE,Clear,FALSE,BELMONT AVE W; BELMONT AVE W,3/7/2019 1:14:41 PM,539204.6942,4810850.418,Q1,Working,FALSE
2743,46224,17-033104,2/14/2017 1:07:00 PM,2017,2,14,13,7,Tuesday,548328.1005,4804578.37,-80.40327,43.392533,Private Drive,1,Non-fatal injury,On roadway,Intersection,Daylight,Regional,No control,Unknown,FALSE,FALSE,FALSE,Clear,FALSE,CONESTOGA COLLEGE BLVD; DOON VALLEY DR; Near; 5 M,3/7/2019 1:14:40 PM,548328.1005,4804578.37,Q1,Working,FALSE
2744,46225,17-033443,2/14/2017 10:45:00 PM,2017,2,14,22,45,Tuesday,539250.7833,4810390.884,-80.51493,43.445399,Non intersection,2,P.D. only,On roadway,Intersection,Dark,Municipal,No control,Unknown,FALSE,FALSE,FALSE,Clear,FALSE,BRYBECK CRES; KARN ST ; Near; 75 M,3/7/2019 1:14:39 PM,539250.7833,4810390.884,Q1,Working,FALSE
2745,46226,17-033458,2/14/2017 11:19:00 PM,2017,2,14,23,19,Tuesday,541874.1795,4813339.052,-80.482284,43.471803,Intersection,2,P.D. only,Off roadway,SMV,Daylight,Municipal,Sign Control,Functioning,FALSE,FALSE,FALSE,Snow,FALSE,UNION ST; MAPLE AVE ; 5 M,3/7/2019 1:14:38 PM,541874.1795,4813339.052,Q1,Working,FALSE
2746,46227,17-033656,2/15/2017 8:29:00 AM,2017,2,15,8,29,Wednesday,538165.3928,4807507.343,-80.528545,43.419492,Non intersection,2,P.D. only,On roadway,SMV,Daylight,Municipal,No control,Unknown,FALSE,FALSE,FALSE,Clear,FALSE,MCGARRY DR; MCGARRY DR; At; 5 M,3/7/2019 1:14:37 PM,538165.3928,4807507.343,Q1,Working,FALSE
2747,46228,17-033854,2/12/2017 1:00:00 PM,2017,2,12,13,0,Sunday,542449.9087,4815826.716,-80.474973,43.494169,Intersection,2,P.D. only,On roadway,SMV,Daylight,Municipal,Sign Control,Functioning,FALSE,FALSE,FALSE,Clear,FALSE,KESTREL ST; FALCONRIDGE DR; Near; 10 M,3/7/2019 1:14:36 PM,542449.9087,4815826.716,Q1,Weekend,FALSE
2748,46229,17-034041,2/14/2017 3:45:00 PM,2017,2,14,15,45,Tuesday,539655.8176,4810324.179,-80.50993,43.444777,Non intersection,2,P.D. only,On roadway,SMV,Daylight,Municipal,No control,Unknown,FALSE,FALSE,FALSE,Clear,FALSE,TALBOT ST; TALBOT ST; Near,3/7/2019 1:14:35 PM,539655.8176,4810324.179,Q1,Working,FALSE
2749,46230,17-034093,2/14/2017 5:00:00 PM,2017,2,14,17,0,Tuesday,543043.2399,4809760.02,-80.468114,43.439511,Intersection,2,P.D. only,On roadway,Intersection,Daylight,Regional,Sign Control,Functioning,FALSE,FALSE,FALSE,Clear,FALSE,CHARLES ST E; PRESTON ST,3/7/2019 1:14:34 PM,543043.2399,4809760.02,Q1,Working,FALSE
2750,46231,17-034163,2/15/2017 6:47:00 PM,2017,2,15,18,47,Wednesday,541371.882,4810467.712,-80.488712,43.445977,Private Drive,2,P.D. only,On roadway,SMV,Dark,Municipal,No control,Unknown,FALSE,FALSE,FALSE,Clear,FALSE,ST GEORGE ST ; ST GEORGE ST ; At,3/7/2019 1:14:33 PM,541371.882,4810467.712,Q1,Working,FALSE
2751,46232,17-034195,2/15/2017 7:44:00 PM,2017,2,15,19,44,Wednesday,541833.9208,4810034.022,-80.483036,43.442046,Non intersection,1,Non-fatal injury,On roadway,SMV,Dark,Regional,No control,Unknown,TRUE,FALSE,FALSE,Clear,FALSE,STIRLING AVE S; STIRLING AVE S; Near; 1 M,3/7/2019 1:14:32 PM,541833.9208,4810034.022,Q1,Working,FALSE
2752,46233,17-034434,2/15/2017 7:45:00 AM,2017,2,15,7,45,Wednesday,543479.9582,4812347.65,-80.462511,43.462784,Intersection,1,Non-fatal injury,On roadway,Rear end,Daylight,Municipal,Sign Control,Functioning,FALSE,FALSE,FALSE,Clear,FALSE,EPHRAIM ST; RIVER RD E,3/7/2019 1:14:31 PM,543479.9582,4812347.65,Q1,Working,FALSE
2753,46234,17-034849,2/16/2017 4:09:00 PM,2017,2,16,16,9,Thursday,547745.4206,4804289.37,-80.410489,43.389968,Non intersection,2,P.D. only,On roadway,Intersection,Daylight,Municipal,No control,Unknown,FALSE,FALSE,FALSE,Clear,FALSE,CONESTOGA COLLEGE BLVD; DOON VALLEY DR; Near; 100 M,3/7/2019 1:14:30 PM,547745.4206,4804289.37,Q1,Weekend,FALSE
2754,46235,17-034979,2/16/2017 7:43:00 PM,2017,2,16,19,43,Thursday,545275.147,4806434.671,-80.440811,43.409438,Intersection,2,P.D. only,On roadway,Intersection,Dark,Municipal,Sign Control,Functioning,FALSE,FALSE,FALSE,Clear,FALSE,WABANAKI DR ; WILSON AVE,3/7/2019 1:14:29 PM,545275.147,4806434.671,Q1,Weekend,FALSE
2755,46236,17-035070,2/16/2017 10:31:00 PM,2017,2,16,22,31,Thursday,540807.6951,4810880.239,-80.495654,43.449722,Intersection,1,Non-fatal injury,Off roadway,SMV,Dark,Municipal,Signal Control,Functioning,FALSE,FALSE,FALSE,Clear,FALSE,JOSEPH ST ; WATER ST S; Near; 16 M,3/7/2019 1:14:28 PM,540807.6951,4810880.239,Q1,Weekend,FALSE
2756,46237,17-035522,2/17/2017 10:45:00 AM,2017,2,17,10,45,Friday,545988.1135,4809427.102,-80.431753,43.436338,Non intersection,2,P.D. only,On roadway,Intersection,Daylight,Municipal,No control,Unknown,FALSE,FALSE,FALSE,Clear,FALSE,KINZIE AVE; GRULKE ST; Near,3/7/2019 1:14:27 PM,545988.1135,4809427.103,Q1,Weekend,FALSE
2757,46238,17-035930,2/17/2017 10:26:00 PM,2017,2,17,22,26,Friday,545582.6298,4809481.763,-80.436759,43.436855,Non intersection,2,P.D. only,On roadway,SMV,Dark,Municipal,No control,Unknown,FALSE,FALSE,FALSE,Clear,FALSE,FERGUS AVE; RUTHERFORD DR; Near; 25 M,3/7/2019 1:14:26 PM,545582.6298,4809481.763,Q1,Weekend,FALSE
2758,46239,17-036037,2/18/2017 1:30:00 AM,2017,2,18,1,30,Saturday,541496.7304,4808743.35,-80.487301,43.430444,Intersection,2,P.D. only,On roadway,Intersection,Dark,Municipal,Sign Control,Functioning,FALSE,FALSE,FALSE,Clear,FALSE,HOFFMAN ST; HIGHLAND RD E; 5 M,3/7/2019 1:14:25 PM,541496.7304,4808743.35,Q1,Weekend,FALSE
2759,46240,17-036342,2/18/2017 10:30:00 AM,2017,2,18,10,30,Saturday,541014.9224,4809675.821,-80.493183,43.438866,Intersection,2,P.D. only,On roadway,Rear end,Daylight,Municipal,Signal Control,Functioning,FALSE,FALSE,FALSE,Clear,FALSE,HIGHLAND RD E; SPADINA RD E; At,3/7/2019 1:14:24 PM,541014.9224,4809675.821,Q1,Weekend,FALSE
2760,46241,17-036524,2/18/2017 4:42:00 PM,2017,2,18,16,42,Saturday,547288.0497,4808889.916,-80.415738,43.43142,Other,2,P.D. only,Off roadway,Other,Daylight,Other,No control,Unknown,FALSE,FALSE,FALSE,Clear,FALSE,MORRISON RD; MORRISON RD ; At,3/7/2019 1:14:23 PM,547288.0497,4808889.916,Q1,Weekend,FALSE
2761,46242,17-036541,2/18/2017 5:15:00 PM,2017,2,18,17,15,Saturday,536283.7144,4808644.807,-80.551713,43.429827,Non intersection,2,P.D. only,Off roadway,SMV,Daylight,Municipal,No control,Unknown,FALSE,FALSE,FALSE,Clear,FALSE,HUCK CRES; HUCK CRES ; Near; 0 M,3/7/2019 1:14:22 PM,536283.7144,4808644.807,Q1,Weekend,FALSE
2762,46243,17-037217,2/17/2017 9:00:00 AM,2017,2,17,9,0,Friday,543241.5639,4811821.449,-80.4655,43.45806,Non intersection,2,P.D. only,On roadway,SMV,Daylight,Municipal,No control,Unknown,FALSE,FALSE,FALSE,Clear,FALSE,CAMBRIDGE AVE; CAMBRIDGE AVE,3/7/2019 1:14:21 PM,543241.5639,4811821.449,Q1,Weekend,FALSE
2763,46244,17-037229,2/17/2017 6:00:00 PM,2017,2,17,18,0,Friday,539821.7327,4807595.714,-80.508079,43.420201,Private Drive,2,P.D. only,Off roadway,SMV,Dusk,Municipal,No control,Unknown,FALSE,FALSE,FALSE,Clear,FALSE,WINDALE CRES; WINDALE CRES ; Near; 6 M,3/7/2019 1:14:19 PM,539821.7327,4807595.714,Q1,Weekend,FALSE
2764,46245,17-037719,2/20/2017 9:50:00 AM,2017,2,20,9,50,Monday,537406.5398,4809599.148,-80.537776,43.438365,Private Drive,2,P.D. only,On roadway,Other,Daylight,Municipal,No control,Unknown,FALSE,FALSE,FALSE,Clear,FALSE,STOKE DR; STOKE DR ; At; 10 M,3/7/2019 1:14:18 PM,537406.5398,4809599.148,Q1,Working,FALSE
2765,46246,17-037816,2/18/2017 8:00:00 PM,2017,2,18,20,0,Saturday,545573.7192,4808932.988,-80.436915,43.431914,Non intersection,2,P.D. only,On roadway,SMV,Dark,Municipal,No control,Unknown,FALSE,FALSE,FALSE,Clear,FALSE,HUBER ST; HUBER ST ; Near,3/7/2019 1:14:17 PM,545573.7192,4808932.988,Q1,Weekend,FALSE
2766,46247,17-037847,2/20/2017 11:50:00 AM,2017,2,20,11,50,Monday,540918.3891,4812366.791,-80.494174,43.463101,Intersection,2,P.D. only,On roadway,Rear end,Daylight,Municipal,Signal Control,Functioning,FALSE,FALSE,FALSE,Clear,FALSE,MARGARET AVE; GUELPH ST; At,3/7/2019 1:14:16 PM,540918.3891,4812366.791,Q1,Working,FALSE
2767,46248,17-037879,2/20/2017 1:33:00 PM,2017,2,20,13,33,Monday,540042.4216,4806044.916,-80.505466,43.406226,Non intersection,2,P.D. only,On roadway,SMV,Daylight,Municipal,No control,Unknown,FALSE,FALSE,FALSE,Clear,FALSE,COTTON GRASS ST ; COTTON GRASS ST ; Near; 1 M,3/7/2019 1:14:14 PM,540042.4216,4806044.916,Q1,Working,FALSE
2768,46249,17-038748,2/18/2017 7:00:00 PM,2017,2,18,19,0,Saturday,536401.4669,4808436.7,-80.550272,43.427948,Private Drive,2,P.D. only,On roadway,SMV,Dusk,Municipal,No control,Unknown,FALSE,FALSE,FALSE,Clear,FALSE,WESTMEADOW DR; WESTMEADOW DR,3/7/2019 1:14:13 PM,536401.4668,4808436.7,Q1,Weekend,FALSE
2769,46250,17-039596,2/19/2017 11:30:00 PM,2017,2,19,23,30,Sunday,541672.7812,4810787.225,-80.484969,43.448837,Other,2,P.D. only,Off roadway,SMV,Dark,Other,No control,Unknown,FALSE,FALSE,FALSE,Clear,FALSE,DRIVEWAY; KING ST E; At,3/7/2019 1:14:12 PM,541672.7812,4810787.225,Q1,Weekend,FALSE
2770,46251,17-039774,2/22/2017 8:15:00 AM,2017,2,22,8,15,Wednesday,544699.4923,4811914.747,-80.447471,43.458815,Private Drive,2,P.D. only,Off roadway,SMV,Daylight,Municipal,No control,Unknown,FALSE,FALSE,FALSE,Clear,FALSE,CARSON DR; CARSON DR ; Near,3/7/2019 1:14:11 PM,544699.4923,4811914.747,Q1,Working,FALSE
2771,46252,17-039867,2/22/2017 10:00:00 PM,2017,2,22,22,0,Wednesday,540984.9526,4810826.698,-80.493467,43.449231,Intersection,1,Non-fatal injury,On roadway,SMV,Dark,Municipal,Sign Control,Functioning,TRUE,FALSE,FALSE,Clear,FALSE,JOSEPH ST ; GAUKEL ST,3/7/2019 1:14:10 PM,540984.9526,4810826.698,Q1,Working,FALSE
2772,46253,17-040056,2/23/2017 8:15:00 AM,2017,2,23,8,15,Thursday,545315.617,4804469.791,-80.440474,43.391743,Intersection,2,P.D. only,On roadway,Intersection,Daylight,Municipal,Sign Control,Functioning,FALSE,FALSE,FALSE,Clear,FALSE,DOON VILLAGE RD; BECHTEL DR,3/7/2019 1:14:08 PM,545315.617,4804469.791,Q1,Weekend,FALSE
2773,46254,17-040091,2/22/2017 6:35:00 PM,2017,2,22,18,35,Wednesday,539494.7129,4810246.572,-80.511926,43.444087,Private Drive,2,P.D. only,On roadway,SMV,Dark,Municipal,No control,Unknown,FALSE,FALSE,FALSE,Clear,FALSE,TALBOT ST; TALBOT ST; Near,3/7/2019 1:14:07 PM,539494.7129,4810246.572,Q1,Working,FALSE
2774,46255,17-040106,2/23/2017 8:45:00 AM,2017,2,23,8,45,Thursday,546066.2041,4810463.654,-80.430701,43.445666,Private Drive,2,Non-reportable,Off roadway,Other,Daylight,Municipal,No control,Unknown,FALSE,FALSE,FALSE,Clear,FALSE,HUNTINGDALE DR; HUNTINGDALE DR; At,3/7/2019 1:14:06 PM,546066.2041,4810463.654,Q1,Weekend,FALSE
2775,46256,17-040190,2/22/2017 2:00:00 PM,2017,2,22,14,0,Wednesday,541818.1968,4810608.062,-80.483186,43.447216,Private Drive,2,P.D. only,On roadway,Rear end,Daylight,Regional,No control,Unknown,FALSE,FALSE,FALSE,Clear,FALSE,KING ST E; KING ST E; At,3/7/2019 1:14:05 PM,541818.1968,4810608.062,Q1,Working,FALSE
2776,46257,17-040376,2/23/2017 12:30:00 PM,2017,2,23,12,30,Thursday,541972.2827,4810659.863,-80.481278,43.447674,Private Drive,2,Non-reportable,On roadway,Other,Daylight,Municipal,No control,Unknown,FALSE,FALSE,FALSE,Clear,FALSE,MADISON AVE N; KING ST E; At,3/7/2019 1:14:04 PM,541972.2827,4810659.863,Q1,Weekend,FALSE
2777,46258,17-040413,2/23/2017 3:15:00 PM,2017,2,23,15,15,Thursday,543067.5548,4807477.165,-80.467993,43.418954,Intersection,2,P.D. only,On roadway,Rear end,Daylight,Municipal,Sign Control,Functioning,FALSE,FALSE,FALSE,Clear,FALSE,BLOCK LINE RD; HANOVER ST ; At,3/7/2019 1:14:02 PM,543067.5548,4807477.166,Q1,Weekend,FALSE
2778,46259,17-040497,2/23/2017 4:00:00 PM,2017,2,23,16,0,Thursday,539502.0696,4806103.426,-80.512135,43.406781,Intersection,1,Non-fatal injury,On roadway,SMV,Daylight,Municipal,Sign Control,Functioning,TRUE,FALSE,FALSE,Clear,FALSE,ACTIVA AVE ; BRIDLEWREATH ST,3/7/2019 1:14:01 PM,539502.0696,4806103.426,Q1,Weekend,FALSE
2779,46260,17-040758,2/24/2017 3:46:00 AM,2017,2,24,3,46,Friday,540451.6436,4806280.396,-80.500395,43.408324,Non intersection,1,Non-fatal injury,Off roadway,SMV,Dark,Municipal,No control,Unknown,FALSE,FALSE,FALSE,Clear,FALSE,HIGHBROOK CRES ; HIGHBROOK CRES ; 1 M,3/7/2019 1:14:00 PM,540451.6436,4806280.396,Q1,Weekend,FALSE
2780,46261,17-040921,2/24/2017 4:30:00 AM,2017,2,24,4,30,Friday,539617.3101,4811374.41,-80.510329,43.454236,Intersection,1,Non-fatal injury,On roadway,SMV,Dark,Municipal,Signal Control,Functioning,TRUE,FALSE,FALSE,Clear,FALSE,PARK ST; GLASGOW ST,3/7/2019 1:13:59 PM,539617.3101,4811374.41,Q1,Weekend,FALSE
2781,46262,17-040984,2/24/2017 11:15:00 AM,2017,2,24,11,15,Friday,537450.5049,4808201.373,-80.537328,43.425777,Non intersection,2,P.D. only,On roadway,Rear end,Daylight,Municipal,No control,Unknown,FALSE,FALSE,FALSE,Other,FALSE,BLACKWELL DR; BLACKWELL DR ; At; 2 M,3/7/2019 1:13:58 PM,537450.5049,4808201.374,Q1,Weekend,FALSE
2782,46263,17-041054,2/24/2017 11:15:00 AM,2017,2,24,11,15,Friday,541869.6296,4811041.568,-80.482517,43.451116,Non intersection,2,P.D. only,Off roadway,SMV,Daylight,Municipal,No control,Unknown,FALSE,FALSE,FALSE,Clear,FALSE,IRVIN ST; IRVIN ST ; Near,3/7/2019 1:13:55 PM,541869.6296,4811041.568,Q1,Weekend,FALSE
2783,46264,17-041286,2/23/2017 11:00:00 PM,2017,2,23,23,0,Thursday,540410.22,4811765.922,-80.5005,43.457719,Non intersection,2,P.D. only,Off roadway,SMV,Dark,Municipal,No control,Unknown,FALSE,FALSE,FALSE,Clear,FALSE,WATERLOO ST; WATERLOO ST ; Near,3/7/2019 1:13:54 PM,540410.22,4811765.922,Q1,Weekend,FALSE
2784,46265,17-041347,2/24/2017 7:10:00 PM,2017,2,24,19,10,Friday,542218.8188,4810995.067,-80.478205,43.450678,Intersection,2,P.D. only,On roadway,Intersection,Dark,Regional,Sign Control,Functioning,FALSE,FALSE,FALSE,Rain,FALSE,TUERR DR; RITTENHOUSE RD,3/7/2019 1:13:52 PM,542218.8188,4810995.067,Q1,Weekend,FALSE
2785,46266,17-041933,2/25/2017 3:00:00 PM,2017,2,25,15,0,Saturday,543554.0175,4808319.012,-80.461917,43.426506,Non intersection,2,P.D. only,On roadway,SMV,Daylight,Regional,No control,Unknown,FALSE,FALSE,FALSE,Clear,FALSE,VANIER DR; VANIER DR ; At; 2 M,3/7/2019 1:13:51 PM,543554.0175,4808319.012,Q1,Weekend,FALSE
2786,46267,17-041937,2/25/2017 3:04:00 PM,2017,2,25,15,4,Saturday,537503.7282,4808317.653,-80.536663,43.426821,Other,2,P.D. only,Off roadway,SMV,Daylight,Other,No control,Unknown,FALSE,FALSE,FALSE,Clear,FALSE,PRIVATE DRIVE; MONTANA CRES,3/7/2019 1:13:50 PM,537503.7282,4808317.653,Q1,Weekend,FALSE
2787,46268,17-042058,2/25/2017 6:57:00 PM,2017,2,25,18,57,Saturday,540217.6876,4805817.617,-80.503318,43.40417,Intersection,1,Non-fatal injury,On roadway,SMV,Dark,Municipal,Sign Control,Functioning,TRUE,FALSE,FALSE,Clear,FALSE,COMMONWEALTH ST; MAX BECKER DR,3/7/2019 1:13:49 PM,540217.6876,4805817.617,Q1,Weekend,FALSE
2788,46269,17-042102,2/25/2017 8:33:00 PM,2017,2,25,20,33,Saturday,542108.4292,4807129.854,-80.479868,43.415882,Intersection,2,P.D. only,On roadway,Intersection,Dark,Regional,Signal Control,Functioning,FALSE,FALSE,FALSE,Snow,FALSE,STRASBURG RD ; BLOCK LINE RD,3/7/2019 1:13:48 PM,542108.4292,4807129.854,Q1,Weekend,FALSE
2789,46270,17-042245,2/26/2017 12:05:00 AM,2017,2,26,0,5,Sunday,543230.8758,4804481.296,-80.466213,43.39197,Intersection,2,P.D. only,On roadway,SMV,Dark,Regional,Sign Control,Functioning,FALSE,FALSE,FALSE,Clear,FALSE,HURON RD; STRASBURG RD,3/7/2019 1:13:46 PM,543230.8758,4804481.296,Q1,Weekend,FALSE
2790,46271,17-042738,2/26/2017 3:30:00 AM,2017,2,26,3,30,Sunday,541854.734,4803510.594,-80.483278,43.383308,Intersection,2,P.D. only,On roadway,SMV,Dark,Regional,Sign Control,Functioning,FALSE,FALSE,FALSE,Snow,FALSE,HURON RD ; WOODBINE AVE,3/7/2019 1:13:46 PM,541854.734,4803510.594,Q1,Weekend,FALSE
2791,46272,17-042915,2/26/2017 6:00:00 PM,2017,2,26,18,0,Sunday,536039.8244,4807468.562,-80.554804,43.419248,Private Drive,2,P.D. only,Off roadway,SMV,Daylight,Municipal,No control,Unknown,FALSE,FALSE,FALSE,Clear,FALSE,PENELOPE DR; PENELOPE DR ; At; 6 M,3/7/2019 1:13:45 PM,536039.8244,4807468.562,Q1,Weekend,FALSE
2792,46273,17-043622,2/27/2017 3:45:00 PM,2017,2,27,15,45,Monday,544171.7605,4807684.943,-80.454337,43.420761,Non intersection,2,P.D. only,On roadway,SMV,Daylight,Regional,No control,Unknown,FALSE,FALSE,FALSE,Clear,FALSE,TRAYNOR AVE; TRAYNOR AVE ; Near,3/7/2019 1:13:43 PM,544171.7605,4807684.943,Q1,Working,FALSE
2793,46274,17-043832,2/28/2017 6:35:00 AM,2017,2,28,6,35,Tuesday,542516.9164,4806126.646,-80.4749,43.406826,Non intersection,2,P.D. only,On roadway,Intersection,Dawn,Regional,No control,Unknown,FALSE,FALSE,FALSE,Clear,FALSE,STRASBURG RD; BLEAMS RD,3/7/2019 1:13:42 PM,542516.9164,4806126.646,Q1,Working,FALSE
2794,46275,17-043851,2/28/2017 8:06:00 AM,2017,2,28,8,6,Tuesday,536230.0409,4809387.694,-80.552327,43.436519,Non intersection,2,P.D. only,On roadway,Rear end,Daylight,Municipal,No control,Unknown,FALSE,FALSE,FALSE,Clear,FALSE,RESURRECTION DR; BEECHMANOR CRES ; Near; 100 M,3/7/2019 1:13:41 PM,536230.0409,4809387.694,Q1,Working,FALSE
2795,46276,17-044308,2/20/2017 1:00:00 PM,2017,2,20,13,0,Monday,537716.8511,4809944.363,-80.533917,43.441458,Private Drive,2,P.D. only,On roadway,SMV,Daylight,Municipal,No control,Unknown,FALSE,FALSE,FALSE,Clear,FALSE,SHADELAND CRES; SHADELAND CRES; Near,3/7/2019 1:13:40 PM,537716.8511,4809944.363,Q1,Working,FALSE
2796,46277,17-044312,2/28/2017 5:11:00 PM,2017,2,28,17,11,Tuesday,544344.8571,4808758.281,-80.452111,43.430415,Intersection,1,Non-fatal injury,On roadway,Rear end,Daylight,Municipal,No control,Unknown,FALSE,TRUE,FALSE,Clear,FALSE,SIXTH AVE ; CONNAUGHT ST ; Near,3/7/2019 1:13:39 PM,544344.8571,4808758.281,Q1,Working,FALSE
2797,46278,17-044727,2/28/2017 4:00:00 PM,2017,2,28,16,0,Tuesday,541582.6289,4811443.474,-80.486034,43.454751,Non intersection,2,P.D. only,Off roadway,SMV,Daylight,Municipal,No control,Unknown,FALSE,FALSE,FALSE,Clear,FALSE,MARGARET AVE; MARGARET AVE ; Near,3/7/2019 1:13:38 PM,541582.6289,4811443.474,Q1,Working,FALSE
2798,46279,17-044969,3/1/2017 1:33:00 PM,2017,3,1,13,33,Wednesday,538983.8265,4811319.023,-80.518163,43.45377,Non intersection,2,P.D. only,On roadway,Intersection,Daylight,Municipal,No control,Unknown,FALSE,FALSE,FALSE,Rain,FALSE,BELMONT AVE W; ARGYLE ST ; Near; 50 M,3/7/2019 1:13:37 PM,538983.8265,4811319.023,Q1,Working,FALSE
2799,46280,17-045127,3/1/2017 4:55:00 PM,2017,3,1,16,55,Wednesday,537413.1607,4810298.855,-80.537646,43.444665,Other,2,P.D. only,Off roadway,SMV,Daylight,Municipal,No control,Unknown,FALSE,FALSE,FALSE,Clear,FALSE,GLASGOW ST ; 728 GLASGOW ST; 9 M,3/7/2019 1:13:36 PM,537413.1607,4810298.855,Q1,Working,FALSE
2800,46281,17-045700,3/2/2017 10:45:00 AM,2017,3,2,10,45,Thursday,543704.6187,4812051.489,-80.459758,43.460105,Non intersection,2,P.D. only,On roadway,Intersection,Daylight,Regional,No control,Unknown,FALSE,FALSE,FALSE,Clear,FALSE,RIVER RD E; RIVER RD E,3/7/2019 1:13:35 PM,543704.6187,4812051.489,Q1,Weekend,FALSE
2801,46282,17-045826,3/1/2017 2:20:00 PM,2017,3,1,14,20,Wednesday,539617.2932,4811377.284,-80.510329,43.454262,Intersection,2,Non-reportable,On roadway,Rear end,Daylight,Municipal,Signal Control,Functioning,FALSE,FALSE,FALSE,Rain,FALSE,PARK ST; GLASGOW ST,3/7/2019 1:13:34 PM,539617.2932,4811377.284,Q1,Working,FALSE
2802,46283,17-046282,2/18/2017 8:00:00 PM,2017,2,18,20,0,Saturday,545365.595,4811021.919,-80.439312,43.450736,Non intersection,2,P.D. only,On roadway,SMV,Dark,Municipal,No control,Unknown,FALSE,FALSE,FALSE,Clear,FALSE,HOLBORN DR; OLD CHICOPEE DR; Near,3/7/2019 1:13:33 PM,545365.595,4811021.919,Q1,Weekend,FALSE
2803,46284,17-046315,3/3/2017 9:13:00 AM,2017,3,3,9,13,Friday,539052.3434,4809774.184,-80.517427,43.439857,Non intersection,1,Non-fatal injury,On roadway,SMV,Daylight,Municipal,No control,Unknown,FALSE,FALSE,FALSE,Snow,FALSE,PAULANDER DR; VICTORIA ST S; 80 M,3/7/2019 1:13:32 PM,539052.3434,4809774.184,Q1,Weekend,FALSE
2804,46285,17-046373,3/3/2017 11:45:00 AM,2017,3,3,11,45,Friday,542074.7992,4806108.643,-80.480362,43.406689,Private Drive,2,P.D. only,On roadway,Other,Daylight,Municipal,Sign Control,Functioning,FALSE,FALSE,FALSE,Clear,FALSE,SPRING HILL PL; THE COUNTRY WAY ; At; 5 M,3/7/2019 1:13:31 PM,542074.7992,4806108.643,Q1,Weekend,FALSE
2805,46286,17-046495,3/3/2017 11:55:00 AM,2017,3,3,11,55,Friday,541174.4439,4812378.838,-80.491008,43.463196,Private Drive,2,P.D. only,On roadway,Intersection,Daylight,Municipal,No control,Unknown,FALSE,FALSE,FALSE,Snow,FALSE,BLUCHER ST; BLUCHER ST,3/7/2019 1:13:30 PM,541174.4439,4812378.839,Q1,Weekend,FALSE
2806,46287,17-046499,3/3/2017 12:51:00 PM,2017,3,3,12,51,Friday,539604.7023,4806711.957,-80.510824,43.412255,Non intersection,2,P.D. only,On roadway,SMV,Daylight,Municipal,No control,Unknown,FALSE,FALSE,FALSE,Clear,FALSE,QUEEN CHARLOTTE CRES; QUEEN CHARLOTTE CRES ; At; 2 M,3/7/2019 1:13:29 PM,539604.7023,4806711.957,Q1,Weekend,FALSE
2807,46288,17-046653,3/3/2017 2:00:00 PM,2017,3,3,14,0,Friday,547678.5851,4810743.653,-80.410751,43.448086,Intersection,2,Non-reportable,On roadway,Intersection,Daylight,Municipal,Sign Control,Functioning,FALSE,FALSE,FALSE,Clear,FALSE,COUNTRY CLAIR ST; PEBBLECREEK DR; At,3/7/2019 1:13:28 PM,547678.5851,4810743.653,Q1,Weekend,FALSE
2808,46289,17-046657,3/3/2017 4:03:00 PM,2017,3,3,16,3,Friday,541068,4811108,0,0,Intersection,2,P.D. only,On roadway,Intersection,Daylight,Municipal,Sign Control,Functioning,FALSE,FALSE,FALSE,Clear,FALSE,SALTSMAN DR; BARNES RD,3/7/2019 1:13:27 PM,541068,4811108,Q1,Weekend,FALSE
2809,46290,17-046687,3/3/2017 3:42:00 PM,2017,3,3,15,42,Friday,544561.928,4807298.077,-80.449549,43.417254,Non intersection,2,P.D. only,Off roadway,Intersection,Daylight,Municipal,No control,Unknown,FALSE,FALSE,FALSE,Clear,FALSE,WEBSTER RD; MANITOU DR; Near,3/7/2019 1:13:25 PM,544561.928,4807298.077,Q1,Weekend,FALSE
2810,46291,17-046692,3/3/2017 3:30:00 PM,2017,3,3,15,30,Friday,541892.8807,4807548.294,-80.482498,43.419661,Private Drive,2,P.D. only,On roadway,Other,Daylight,Municipal,No control,Unknown,FALSE,FALSE,FALSE,Clear,FALSE,LUCERNE DR; LUCERNE DR,3/7/2019 1:13:24 PM,541892.8807,4807548.294,Q1,Weekend,FALSE
2811,46292,17-046771,3/3/2017 5:00:00 PM,2017,3,3,17,0,Friday,543489.8016,4809521.396,-80.462615,43.437336,Intersection,2,P.D. only,On roadway,Intersection,Daylight,Municipal,Sign Control,Functioning,FALSE,FALSE,FALSE,Clear,FALSE,DOON RD; ROCKWAY DR,3/7/2019 1:13:23 PM,543489.8016,4809521.396,Q1,Weekend,FALSE