,OBJECTID,ACCIDENTNUM,ACCIDENTDATE,ACCIDENT_YEAR,ACCIDENT_MONTH,ACCIDENT_DAY,ACCIDENT_HOUR,ACCIDENT_MINUTE,Accident_Day,XCOORD,YCOORD,LONGITUDE,LATITUDE,Accident_Location,COLLISIONTYPE,Accident_Type,Impact_Location,Impact_Type,Light,Road_Jurisdication,Traffic_Control,Traffic_Control_Condition,Pedestrian_Involved,Cyclist_Involved,Motorcyclist_Involved,Environment_Condition,Self_Reported,XMLIMPORTNOTES,LASTEDITEDDATE,x,y,Quarter,Day_Type,Vulnerable_Involved
2812,46293,17-046833,3/3/2017 6:00:00 PM,2017,3,3,18,0,Friday,544884.0971,4804850.241,-80.44577,43.395195,Intersection,2,Non-reportable,On roadway,Rear end,Daylight,Municipal,Signal Control,Functioning,FALSE,FALSE,FALSE,Clear,FALSE,DOON VILLAGE RD; PIONEER DR,3/7/2019 1:13:22 PM,544884.0971,4804850.241,Q1,Weekend,FALSE
2813,46294,17-047207,3/3/2017 10:30:00 AM,2017,3,3,10,30,Friday,539328.8636,4807827.369,-80.51415,43.422313,Private Drive,2,P.D. only,Off roadway,SMV,Daylight,Municipal,No control,Unknown,FALSE,FALSE,FALSE,Clear,FALSE,UPLANDS DR; UPLANDS DR ; 1 M,3/7/2019 1:13:21 PM,539328.8636,4807827.369,Q1,Weekend,FALSE
2814,46295,17-047595,3/4/2017 5:50:00 PM,2017,3,4,17,50,Saturday,544910.1738,4810046.569,-80.445021,43.441981,Non intersection,2,P.D. only,On roadway,SMV,Daylight,Municipal,No control,Unknown,FALSE,FALSE,FALSE,Clear,FALSE,KENNETH AVE; RENNIE DR; 20 M,3/7/2019 1:13:20 PM,544910.1738,4810046.569,Q1,Weekend,FALSE
2815,46296,17-048172,3/4/2017 8:30:00 PM,2017,3,4,20,30,Saturday,547283.976,4803035.365,-80.416295,43.378706,Non intersection,2,P.D. only,Off roadway,SMV,Dark,Municipal,No control,Unknown,FALSE,FALSE,FALSE,Clear,FALSE,SADDLEWOOD DR; SADDLEWOOD DR ; Near,3/7/2019 1:13:19 PM,547283.976,4803035.365,Q1,Weekend,FALSE
2816,46297,17-048702,3/6/2017 8:35:00 AM,2017,3,6,8,35,Monday,540486.8089,4809734.414,-80.499704,43.439423,Intersection,2,P.D. only,On roadway,Intersection,Daylight,Municipal,Sign Control,Functioning,FALSE,FALSE,FALSE,Clear,FALSE,SPADINA RD E; QUEENS BLVD,3/7/2019 1:13:17 PM,540486.8089,4809734.414,Q1,Working,FALSE
2817,46298,17-048765,3/5/2017 12:30:00 PM,2017,3,5,12,30,Sunday,543374.9065,4807670.177,-80.464181,43.420675,Non intersection,2,P.D. only,On roadway,Intersection,Daylight,Municipal,Sign Control,Functioning,FALSE,FALSE,FALSE,Clear,FALSE,BLOCK LINE RD; LENNOX LEWIS WAY ; Near; 20 M,3/7/2019 1:13:16 PM,543374.9065,4807670.177,Q1,Weekend,FALSE
2818,46299,17-049033,3/6/2017 3:15:00 PM,2017,3,6,15,15,Monday,544230.5515,4808181.606,-80.45357,43.425229,Non intersection,2,P.D. only,On roadway,Intersection,Daylight,Municipal,No control,Unknown,FALSE,FALSE,FALSE,Clear,FALSE,BYRON AVE; MAYWOOD RD; Near,3/7/2019 1:13:15 PM,544230.5515,4808181.606,Q1,Working,FALSE
2819,46300,17-049711,3/6/2017 9:15:00 PM,2017,3,6,21,15,Monday,543173.0015,4808944.636,-80.466575,43.432161,Intersection,2,P.D. only,On roadway,Rear end,Dark,Municipal,Sign Control,Functioning,FALSE,FALSE,FALSE,Rain,FALSE,CARWOOD AVE; DIXON ST,3/7/2019 1:13:14 PM,543173.0015,4808944.636,Q1,Working,FALSE
2820,46301,17-049943,3/7/2017 7:19:00 PM,2017,3,7,19,19,Tuesday,540647.8393,4807972.077,-80.497846,43.423546,Intersection,1,Non-fatal injury,On roadway,SMV,Dark,Municipal,No control,Unknown,TRUE,FALSE,FALSE,Clear,FALSE,CHANDLER DR; LEACREST CRT,3/7/2019 1:13:13 PM,540647.8393,4807972.077,Q1,Working,FALSE
2821,46302,17-050255,3/8/2017 8:37:00 AM,2017,3,8,8,37,Wednesday,540525.532,4811868.161,-80.499067,43.458633,Intersection,2,P.D. only,On roadway,Other,Daylight,Municipal,Sign Control,Functioning,FALSE,FALSE,FALSE,Clear,FALSE,DUKE ST W; STAHL AVE,3/7/2019 1:13:12 PM,540525.532,4811868.161,Q1,Working,FALSE
2822,46303,17-050432,3/8/2017 9:20:00 AM,2017,3,8,9,20,Wednesday,541956.2556,4803586.026,-80.482019,43.383981,Private Drive,2,P.D. only,On roadway,Other,Daylight,Municipal,No control,Unknown,FALSE,FALSE,FALSE,Clear,FALSE,ROCHEFORT ST; ROCHEFORT ST ; At,3/7/2019 1:13:11 PM,541956.2556,4803586.026,Q1,Working,FALSE
2823,46304,17-050770,3/8/2017 7:43:00 PM,2017,3,8,19,43,Wednesday,544117.418,4811894.678,-80.454668,43.458669,Intersection,1,Non-fatal injury,On roadway,SMV,Dark,Municipal,Sign Control,Functioning,TRUE,FALSE,FALSE,Clear,FALSE,RIVER RD E; MANCHESTER RD,3/7/2019 1:13:10 PM,544117.418,4811894.678,Q1,Working,FALSE
2824,46305,17-051001,3/8/2017 7:20:00 PM,2017,3,8,19,20,Wednesday,539569.2445,4811424.833,-80.51092,43.454692,Intersection,2,P.D. only,On roadway,Rear end,Daylight,Municipal,Sign Control,Functioning,FALSE,FALSE,FALSE,Clear,FALSE,GREEN ST; PARK ST,3/7/2019 1:13:09 PM,539569.2445,4811424.833,Q1,Working,FALSE
2825,46306,17-051104,3/9/2017 9:22:00 AM,2017,3,9,9,22,Thursday,540252.5912,4808336.127,-80.502702,43.426845,Non intersection,2,P.D. only,Off roadway,SMV,Daylight,Municipal,No control,Unknown,FALSE,FALSE,FALSE,Clear,FALSE,VILLAGE RD; WESTMOUNT RD E; 300 M,3/7/2019 1:13:07 PM,540252.5912,4808336.127,Q1,Weekend,FALSE
2826,46307,17-051165,3/9/2017 10:28:00 AM,2017,3,9,10,28,Thursday,541585.3737,4811329.623,-80.486008,43.453726,Non intersection,2,P.D. only,On roadway,Rear end,Daylight,Regional,No control,Unknown,FALSE,FALSE,FALSE,Clear,FALSE,QUEEN ST N; QUEEN ST N; Near; 10 M,3/7/2019 1:13:06 PM,541585.3737,4811329.623,Q1,Weekend,FALSE
2827,46308,17-051322,3/9/2017 1:43:00 PM,2017,3,9,13,43,Thursday,541068,4811108,0,0,Non intersection,2,P.D. only,Off roadway,SMV,Daylight,Municipal,No control,Unknown,FALSE,FALSE,FALSE,Clear,FALSE,SPRING CREEK ST; SPRING CREEK ST ; At; 4 M,3/7/2019 1:13:05 PM,541068,4811108,Q1,Weekend,FALSE
2828,46309,17-052074,3/10/2017 11:52:00 AM,2017,3,10,11,52,Friday,542612.5315,4806684.243,-80.473676,43.411841,Intersection,1,Non-fatal injury,Off roadway,SMV,Daylight,Municipal,No control,Unknown,FALSE,FALSE,FALSE,Clear,FALSE,OLD COUNTRY DR; CENTURY HILL DR,3/7/2019 1:13:04 PM,542612.5315,4806684.243,Q1,Weekend,FALSE
2829,46310,17-052262,3/10/2017 4:09:00 PM,2017,3,10,16,9,Friday,543045.1694,4809759.074,-80.46809,43.439502,Intersection,2,P.D. only,On roadway,Intersection,Daylight,Municipal,Sign Control,Functioning,FALSE,FALSE,FALSE,Snow,FALSE,CHARLES ST E; PRESTON ST ; Near,3/7/2019 1:13:03 PM,543045.1694,4809759.074,Q1,Weekend,FALSE
2830,46311,17-052279,3/10/2017 3:50:00 PM,2017,3,10,15,50,Friday,543598.587,4812978.541,-80.460994,43.468458,Non intersection,2,P.D. only,On roadway,Rear end,Daylight,Municipal,No control,Unknown,FALSE,FALSE,FALSE,Clear,FALSE,SHIRLEY AVE; SHIRLEY AVE ; Near,3/7/2019 1:13:02 PM,543598.587,4812978.541,Q1,Weekend,FALSE
2831,46312,17-052493,3/10/2017 9:34:00 PM,2017,3,10,21,34,Friday,543561.9446,4812259.411,-80.461505,43.461985,Non intersection,2,P.D. only,On roadway,Other,Dark,Regional,No control,Unknown,FALSE,FALSE,FALSE,Snow,FALSE,RIVER RD E; FREDERICK ST; 23 M,3/7/2019 1:13:01 PM,543561.9446,4812259.411,Q1,Weekend,FALSE
2832,46313,17-052544,3/10/2017 10:32:00 PM,2017,3,10,22,32,Friday,539079.5734,4811111.007,-80.516995,43.451892,Intersection,2,P.D. only,On roadway,Intersection,Dark,Regional,Signal Control,Functioning,FALSE,FALSE,FALSE,Snow,FALSE,GLASGOW ST; BELMONT AVE W,3/7/2019 1:13:00 PM,539079.5734,4811111.007,Q1,Weekend,FALSE
2833,46314,17-052693,3/10/2017 8:00:00 PM,2017,3,10,20,0,Friday,544325.8167,4802522.827,-80.452852,43.374272,Non intersection,2,P.D. only,Off roadway,SMV,Dark,Municipal,No control,Unknown,FALSE,FALSE,FALSE,Snow,FALSE,REIDEL DR ; STAUFFER DR ; 300 M,3/7/2019 1:12:59 PM,544325.8167,4802522.827,Q1,Weekend,FALSE
2834,46315,17-052720,3/11/2017 7:34:00 AM,2017,3,11,7,34,Saturday,541466.9415,4810853.625,-80.487508,43.449446,Non intersection,2,P.D. only,Off roadway,SMV,Daylight,Municipal,No control,Unknown,FALSE,FALSE,FALSE,Snow,FALSE,KING ST E; QUEEN ST N; 30 M,3/7/2019 1:12:57 PM,541466.9415,4810853.625,Q1,Weekend,FALSE
2835,46316,17-052767,3/10/2017 5:20:00 PM,2017,3,10,17,20,Friday,543534.7976,4812294.682,-80.461837,43.462304,Non intersection,2,P.D. only,On roadway,Intersection,Daylight,Regional,No control,Unknown,FALSE,FALSE,FALSE,Snow,FALSE,FREDERICK ST ; RIVER RD E; Near,3/7/2019 1:12:55 PM,543534.7976,4812294.682,Q1,Weekend,FALSE
2836,46317,17-053040,3/11/2017 3:00:00 PM,2017,3,11,15,0,Saturday,539999.3021,4810409.645,-80.505679,43.445529,Intersection,2,P.D. only,On roadway,Rear end,Daylight,Municipal,Signal Control,Functioning,FALSE,FALSE,FALSE,Clear,FALSE,WEST AVE; STRANGE ST,3/7/2019 1:12:53 PM,539999.3021,4810409.645,Q1,Weekend,FALSE
2837,46318,17-053647,3/11/2017 12:10:00 PM,2017,3,11,12,10,Saturday,541482.1608,4808774.302,-80.487478,43.430723,Private Drive,2,P.D. only,On roadway,Other,Daylight,Regional,No control,Unknown,FALSE,FALSE,FALSE,Clear,FALSE,HIGHLAND RD E; HIGHLAND RD E; Near,3/7/2019 1:12:51 PM,541482.1608,4808774.303,Q1,Weekend,FALSE
2838,46319,17-053666,3/12/2017 2:20:00 PM,2017,3,12,14,20,Sunday,543106.05,4811416.902,-80.467207,43.454426,Private Drive,2,P.D. only,On roadway,SMV,Daylight,Municipal,No control,Unknown,FALSE,FALSE,FALSE,Clear,FALSE,KRUG ST; KRUG ST ; At,3/7/2019 1:12:50 PM,543106.05,4811416.902,Q1,Weekend,FALSE
2839,46320,17-053932,3/12/2017 10:56:00 PM,2017,3,12,22,56,Sunday,541150.3088,4811151.027,-80.491399,43.452142,Intersection,2,P.D. only,Off roadway,SMV,Dark,Municipal,Signal Control,Functioning,FALSE,FALSE,FALSE,Clear,FALSE,DUKE ST W; YOUNG ST; Near; 9.6 M,3/7/2019 1:12:49 PM,541150.3088,4811151.027,Q1,Weekend,FALSE
2840,46321,17-054145,3/13/2017 9:14:00 AM,2017,3,13,9,14,Monday,541631.9658,4811414.225,-80.485426,43.454485,Intersection,2,P.D. only,On roadway,Intersection,Daylight,Regional,Signal Control,Functioning,FALSE,FALSE,FALSE,Clear,FALSE,QUEEN ST N; OTTO ST,3/7/2019 1:12:47 PM,541631.9658,4811414.225,Q1,Working,FALSE
2841,46322,17-054226,3/13/2017 11:21:00 AM,2017,3,13,11,21,Monday,541074.5454,4808737.303,-80.492517,43.430413,Non intersection,2,P.D. only,On roadway,SMV,Daylight,Regional,No control,Unknown,FALSE,FALSE,FALSE,Snow,FALSE,HOMER WATSON BLVD; HOFFMAN ST; Near; 300 M,3/7/2019 1:12:46 PM,541074.5454,4808737.303,Q1,Working,FALSE
2842,46323,17-054302,3/13/2017 1:04:00 PM,2017,3,13,13,4,Monday,543997.7038,4809274.137,-80.456359,43.43508,Non intersection,2,P.D. only,Off roadway,SMV,Daylight,Municipal,No control,Unknown,FALSE,FALSE,FALSE,Snow,FALSE,FIRST AVE; FIRST AVE ; 10 M,3/7/2019 1:12:44 PM,543997.7038,4809274.138,Q1,Working,FALSE
2843,46324,17-054363,3/13/2017 11:00:00 AM,2017,3,13,11,0,Monday,540734.6004,4811506.56,-80.49651,43.455366,Intersection,2,P.D. only,On roadway,Other,Daylight,Municipal,Sign Control,Functioning,FALSE,FALSE,FALSE,Snow,FALSE,DUKE ST W; BREITHAUPT ST,3/7/2019 1:12:43 PM,540734.6004,4811506.56,Q1,Working,FALSE
2844,46325,17-054384,3/12/2017 1:00:00 PM,2017,3,12,13,0,Sunday,545960.4956,4803094.677,-80.432627,43.379323,Private Drive,2,P.D. only,On roadway,SMV,Daylight,Municipal,No control,Unknown,FALSE,FALSE,FALSE,Clear,FALSE,DOON SOUTH DR; DOON SOUTH DR,3/7/2019 1:12:41 PM,545960.4956,4803094.677,Q1,Weekend,FALSE
2845,46326,17-054428,3/10/2017 5:30:00 PM,2017,3,10,17,30,Friday,541834.2027,4810441.485,-80.483001,43.445715,Non intersection,2,P.D. only,On roadway,SMV,Daylight,Municipal,No control,Unknown,FALSE,FALSE,FALSE,Snow,FALSE,MADISON AVE S; MADISON AVE S,3/7/2019 1:12:40 PM,541834.2027,4810441.486,Q1,Weekend,FALSE
2846,46327,17-054431,3/13/2017 3:44:00 PM,2017,3,13,15,44,Monday,539407.8564,4810311.166,-80.512995,43.444673,Non intersection,2,P.D. only,On roadway,Rear end,Daylight,Regional,No control,Unknown,FALSE,FALSE,FALSE,Snow,FALSE,BELMONT AVE W; ADELAIDE ST; Near; 20 M,3/7/2019 1:12:39 PM,539407.8564,4810311.166,Q1,Working,FALSE
2847,46328,17-054463,3/13/2017 4:35:00 PM,2017,3,13,16,35,Monday,542476.8058,4812862.591,-80.474871,43.467479,Non intersection,2,P.D. only,Off roadway,SMV,Daylight,Municipal,Sign Control,Functioning,FALSE,FALSE,FALSE,Snow,FALSE,SPRING VALLEY RD ; GUELPH ST ; 60 M,3/7/2019 1:12:38 PM,542476.8058,4812862.591,Q1,Working,FALSE
2848,46329,17-054464,3/13/2017 4:36:00 PM,2017,3,13,16,36,Monday,547758.2136,4811475.505,-80.409703,43.454671,Non intersection,2,P.D. only,Off roadway,SMV,Daylight,Regional,No control,Unknown,FALSE,FALSE,FALSE,Snow,FALSE,OLD ZELLER DR ; VALEBROOK ST ; 27 M,3/7/2019 1:12:37 PM,547758.2136,4811475.505,Q1,Working,FALSE
2849,46330,17-054469,3/13/2017 4:40:00 PM,2017,3,13,16,40,Monday,541900.493,4813861.607,-80.481919,43.476506,Non intersection,2,P.D. only,Off roadway,SMV,Daylight,Municipal,No control,Unknown,FALSE,FALSE,FALSE,Snow,FALSE,RIVERBEND DR ; LANCASTER ST W; 300 M,3/7/2019 1:12:36 PM,541900.493,4813861.607,Q1,Working,FALSE
2850,46331,17-054529,3/13/2017 6:18:00 PM,2017,3,13,18,18,Monday,540578.7389,4809700.614,-80.498571,43.439113,Intersection,2,P.D. only,On roadway,SMV,Dusk,Regional,No control,Unknown,FALSE,FALSE,FALSE,Snow,FALSE,SPADINA RD E; WINSLOW DR,3/7/2019 1:12:35 PM,540578.7389,4809700.614,Q1,Working,FALSE
2851,46332,17-054532,3/13/2017 6:23:00 PM,2017,3,13,18,23,Monday,544611.3565,4813366.567,-80.448442,43.471892,Non intersection,2,P.D. only,On roadway,Intersection,Daylight,Municipal,No control,Unknown,FALSE,FALSE,FALSE,Snow,FALSE,BINGEMANS CENTRE DR; SHIRLEY DR ; 500 M,3/7/2019 1:12:34 PM,544611.3565,4813366.567,Q1,Working,FALSE
2852,46333,17-054544,3/12/2017 3:00:00 PM,2017,3,12,15,0,Sunday,543488.9292,4808433.297,-80.462712,43.427539,Non intersection,2,P.D. only,On roadway,SMV,Daylight,Municipal,No control,Unknown,FALSE,FALSE,FALSE,Clear,FALSE,ERIE AVE; VANIER DR; Near,3/7/2019 1:12:33 PM,543488.9292,4808433.297,Q1,Weekend,FALSE
2853,46334,17-054547,3/13/2017 7:02:00 PM,2017,3,13,19,2,Monday,541896.6246,4813865.414,-80.481966,43.476541,Non intersection,2,P.D. only,Off roadway,SMV,Daylight,Municipal,No control,Unknown,FALSE,FALSE,FALSE,Clear,FALSE,RIVERBEND DR; LANCASTER ST W; 300 M,3/7/2019 1:12:32 PM,541896.6246,4813865.414,Q1,Working,FALSE
2854,46335,17-054864,3/13/2017 10:30:00 PM,2017,3,13,22,30,Monday,540660.612,4809405.697,-80.497581,43.436453,Non intersection,2,P.D. only,On roadway,SMV,Dark,Municipal,No control,Unknown,FALSE,FALSE,FALSE,Snow,FALSE,PLEASANT AVE; PLEASANT AVE,3/7/2019 1:12:31 PM,540660.612,4809405.697,Q1,Working,FALSE
2855,46336,17-054878,3/14/2017 9:05:00 AM,2017,3,14,9,5,Tuesday,541589.4866,4809246.196,-80.486116,43.434966,Private Drive,2,P.D. only,On roadway,Other,Daylight,Municipal,No control,Unknown,FALSE,FALSE,FALSE,Snow,FALSE,TAMROTH CLOSE ; TAMROTH CLOSE,3/7/2019 1:12:30 PM,541589.4866,4809246.196,Q1,Working,FALSE
2856,46337,17-054968,3/14/2017 12:39:00 PM,2017,3,14,12,39,Tuesday,540579.4815,4810631.307,-80.498493,43.447493,Intersection,2,P.D. only,Off roadway,SMV,Daylight,Municipal,Sign Control,Functioning,FALSE,FALSE,FALSE,Clear,FALSE,JUBILEE DR; HEINS AVE,3/7/2019 1:12:29 PM,540579.4815,4810631.307,Q1,Working,FALSE
2857,46338,17-055053,3/14/2017 2:53:00 PM,2017,3,14,14,53,Tuesday,539395.8716,4808377.435,-80.513283,43.427262,Non intersection,2,P.D. only,Off roadway,SMV,Daylight,Municipal,No control,Unknown,FALSE,FALSE,FALSE,Snow,FALSE,CYPRUS DR; RUSSET PL ; 5 M,3/7/2019 1:12:28 PM,539395.8716,4808377.435,Q1,Working,FALSE
2858,46339,17-055092,3/14/2017 2:30:00 PM,2017,3,14,14,30,Tuesday,542078.7812,4809219.757,-80.480073,43.434701,Non intersection,2,P.D. only,On roadway,Intersection,Daylight,Municipal,No control,Unknown,FALSE,FALSE,FALSE,Clear,FALSE,MILL ST; MILL ST ; Near,3/7/2019 1:12:26 PM,542078.7812,4809219.758,Q1,Working,FALSE
2859,46340,17-055095,3/14/2017 3:37:00 PM,2017,3,14,15,37,Tuesday,545144.3153,4806971.049,-80.442382,43.414275,Non intersection,2,P.D. only,On roadway,Intersection,Daylight,Municipal,No control,Unknown,FALSE,FALSE,FALSE,Clear,FALSE,WILSON AVE ; WILSON AVE ; At; 5 M,3/7/2019 1:12:25 PM,545144.3153,4806971.049,Q1,Working,FALSE
2860,46341,17-055166,3/14/2017 5:25:00 PM,2017,3,14,17,25,Tuesday,540171.8601,4803090.626,-80.504084,43.379618,Non intersection,1,Non-fatal injury,Off roadway,SMV,Daylight,Municipal,No control,Unknown,FALSE,FALSE,FALSE,Snow,FALSE,HURON RD; TRUSSLER RD ; 950 M,3/7/2019 1:12:24 PM,540171.8601,4803090.626,Q1,Working,FALSE
2861,46342,17-055615,3/15/2017 7:50:00 AM,2017,3,15,7,50,Wednesday,540806.7451,4810878.317,-80.495666,43.449705,Non intersection,2,P.D. only,On roadway,Other,Daylight,Municipal,Signal Control,Functioning,FALSE,FALSE,FALSE,Clear,FALSE,JOSEPH ST; WATER ST S; Near,3/7/2019 1:12:21 PM,540806.7451,4810878.317,Q1,Working,FALSE
2862,46343,17-055788,3/15/2017 2:49:00 PM,2017,3,15,14,49,Wednesday,545858.131,4806921.369,-80.43357,43.413784,Private Drive,2,P.D. only,Off roadway,SMV,Daylight,Regional,No control,Unknown,FALSE,FALSE,FALSE,Clear,FALSE,WABANAKI DR; MANITOU DR; At; 0 M,3/7/2019 1:12:20 PM,545858.131,4806921.369,Q1,Working,FALSE
2863,46344,17-055885,3/15/2017 5:00:00 PM,2017,3,15,17,0,Wednesday,543068.523,4807435.505,-80.467985,43.418579,Intersection,2,Non-reportable,On roadway,Rear end,Daylight,Regional,Sign Control,Functioning,FALSE,FALSE,FALSE,Clear,FALSE,FALLOWFIELD DR; BLOCK LINE RD,3/7/2019 1:12:19 PM,543068.523,4807435.505,Q1,Working,FALSE
2864,46345,17-055979,3/15/2017 8:07:00 PM,2017,3,15,20,7,Wednesday,539317.6092,4810615.359,-80.514088,43.447417,Intersection,2,P.D. only,On roadway,Intersection,Daylight,Regional,Signal Control,Functioning,FALSE,FALSE,FALSE,Clear,FALSE,BELMONT AVE W; GAGE AVE,3/7/2019 1:12:18 PM,539317.6092,4810615.359,Q1,Working,FALSE
2865,46346,17-056338,3/16/2017 11:15:00 AM,2017,3,16,11,15,Thursday,541422.2939,4810842.811,-80.488061,43.449352,Non intersection,2,P.D. only,On roadway,SMV,Daylight,Regional,No control,Unknown,FALSE,FALSE,FALSE,Clear,FALSE,KING ST E; KING ST E; Near,3/7/2019 1:12:17 PM,541422.2939,4810842.811,Q1,Weekend,FALSE
2866,46347,17-056346,3/15/2017 1:55:00 PM,2017,3,15,13,55,Wednesday,542390.2104,4806689.635,-80.476421,43.411902,Private Drive,2,P.D. only,On roadway,Other,Daylight,Regional,No control,Unknown,FALSE,FALSE,FALSE,Clear,FALSE,STRASBURG RD; STRASBURG RD,3/7/2019 1:12:16 PM,542390.2104,4806689.635,Q1,Working,FALSE
2867,46348,17-056781,3/16/2017 11:00:00 PM,2017,3,16,23,0,Thursday,546034.659,4803840.869,-80.431649,43.386037,Intersection,2,P.D. only,On roadway,SMV,Dark,Municipal,Sign Control,Functioning,FALSE,FALSE,FALSE,Clear,FALSE,PINE VALLEY DR; DOON MILLS DR,3/7/2019 1:12:15 PM,546034.659,4803840.869,Q1,Weekend,FALSE
2868,46349,17-057042,3/17/2017 9:59:00 AM,2017,3,17,9,59,Friday,540925.1012,4808233.219,-80.494401,43.425882,Other,2,P.D. only,Off roadway,Intersection,Daylight,Other,Sign Control,Functioning,FALSE,FALSE,FALSE,Clear,FALSE,PRIVATE DRIVE; CONESTOGA COLLEGE; At; 120 M,3/7/2019 1:12:13 PM,540925.1012,4808233.219,Q1,Weekend,FALSE
2869,46350,17-057319,3/17/2017 2:05:00 PM,2017,3,17,14,5,Friday,542028.4818,4810472.858,-80.480598,43.445987,Private Drive,1,Non-fatal injury,On roadway,Intersection,Daylight,Regional,No control,Unknown,FALSE,FALSE,FALSE,Clear,FALSE,KING ST E; KING ST E; Near,3/7/2019 1:12:12 PM,542028.4818,4810472.858,Q1,Weekend,FALSE
2870,46351,17-057491,3/17/2017 8:50:00 AM,2017,3,17,8,50,Friday,547337.8323,4811442.201,-80.414901,43.454398,Private Drive,2,P.D. only,On roadway,Other,Daylight,Municipal,No control,Unknown,FALSE,FALSE,FALSE,Clear,FALSE,BROOKMEAD ST; BROOKMEAD ST,3/7/2019 1:12:11 PM,547337.8323,4811442.201,Q1,Weekend,FALSE
2871,46352,17-057534,3/16/2017 4:20:00 PM,2017,3,16,16,20,Thursday,540171.567,4809412.918,-80.503623,43.436545,Intersection,2,P.D. only,On roadway,Intersection,Daylight,Municipal,No control,Unknown,FALSE,FALSE,FALSE,Clear,FALSE,QUEENS BLVD; BELMONT AVE W,3/7/2019 1:12:10 PM,540171.567,4809412.918,Q1,Weekend,FALSE
2872,46353,17-057655,3/17/2017 8:35:00 PM,2017,3,17,20,35,Friday,544790.8328,4805227.773,-80.446891,43.3986,Private Drive,1,Non-fatal injury,On roadway,Intersection,Dark,Municipal,No control,Unknown,FALSE,FALSE,FALSE,Clear,FALSE,DOON VILLAGE RD; DOON VILLAGE RD ; At; 5 M,3/7/2019 1:12:09 PM,544790.8328,4805227.773,Q1,Weekend,FALSE
2873,46354,17-058221,3/18/2017 9:41:00 AM,2017,3,18,9,41,Saturday,539021.1615,4811243.155,-80.517707,43.453085,Non intersection,2,P.D. only,On roadway,Intersection,Daylight,Municipal,No control,Unknown,FALSE,FALSE,FALSE,Snow,FALSE,BELMONT AVE W; ROCK AVE; 50 M,3/7/2019 1:12:08 PM,539021.1615,4811243.155,Q1,Weekend,FALSE
2874,46355,17-058266,3/18/2017 10:26:00 AM,2017,3,18,10,26,Saturday,541222.8069,4811865.868,-80.490449,43.458574,Intersection,2,P.D. only,On roadway,Intersection,Daylight,Regional,Signal Control,Functioning,FALSE,FALSE,FALSE,Clear,FALSE,WELLINGTON ST N; MARGARET AVE,3/7/2019 1:12:07 PM,541222.8069,4811865.868,Q1,Weekend,FALSE
2875,46356,17-058344,3/18/2017 8:45:00 AM,2017,3,18,8,45,Saturday,539839.9978,4811424.262,-80.507573,43.454673,Private Drive,2,P.D. only,On roadway,Intersection,Daylight,Municipal,No control,Unknown,FALSE,FALSE,FALSE,Snow,FALSE,WALTER ST; GREEN ST ; Near,3/7/2019 1:12:06 PM,539839.9978,4811424.262,Q1,Weekend,FALSE
2876,46357,17-058907,3/19/2017 1:12:00 AM,2017,3,19,1,12,Sunday,542942.4757,4811340.125,-80.469234,43.453744,Intersection,2,P.D. only,On roadway,SMV,Dark,Municipal,Sign Control,Functioning,FALSE,FALSE,FALSE,Clear,FALSE,KRUG ST; DUMFRIES AVE,3/7/2019 1:12:05 PM,542942.4757,4811340.125,Q1,Weekend,FALSE
2877,46358,17-059243,3/19/2017 3:20:00 PM,2017,3,19,15,20,Sunday,539802.1118,4810736.916,-80.508092,43.448486,Intersection,2,P.D. only,On roadway,Intersection,Daylight,Municipal,No control,Unknown,FALSE,FALSE,FALSE,Clear,FALSE,STRANGE ST; WAVERLY RD; 0 K,3/7/2019 1:12:04 PM,539802.1118,4810736.916,Q1,Weekend,FALSE
2878,46359,17-059672,3/20/2017 8:54:00 AM,2017,3,20,8,54,Monday,542785.419,4804148.525,-80.471739,43.388999,Intersection,2,P.D. only,On roadway,Intersection,Daylight,Regional,Sign Control,Functioning,FALSE,FALSE,FALSE,Clear,FALSE,HURON RD; PARKVALE DR,3/7/2019 1:12:02 PM,542785.419,4804148.525,Q1,Working,FALSE
2879,46360,17-060590,3/20/2017 5:10:00 PM,2017,3,20,17,10,Monday,541465.7556,4809537.245,-80.487623,43.437594,Intersection,2,P.D. only,On roadway,Rear end,Daylight,Municipal,Signal Control,Functioning,FALSE,FALSE,FALSE,Clear,FALSE,STIRLING AVE S; MILL ST; At,3/7/2019 1:12:01 PM,541465.7556,4809537.245,Q1,Working,FALSE
2880,46361,17-060613,3/21/2017 8:00:00 AM,2017,3,21,8,0,Tuesday,545089.0683,4807930.919,-80.442985,43.422921,Private Drive,2,P.D. only,On roadway,Intersection,Daylight,Municipal,No control,Unknown,FALSE,FALSE,FALSE,Clear,FALSE,KINGSWAY DR; KINGSWAY DR; Near,3/7/2019 1:12:00 PM,545089.0683,4807930.919,Q1,Working,FALSE
2881,46362,17-060799,3/21/2017 4:50:00 PM,2017,3,21,16,50,Tuesday,542380.1175,4807651.926,-80.476471,43.420567,Private Drive,2,P.D. only,On roadway,Intersection,Daylight,Municipal,No control,Unknown,FALSE,FALSE,FALSE,Clear,FALSE,GRACEFIELD CRES; GRACEFIELD CRES; At,3/7/2019 1:11:59 PM,542380.1175,4807651.927,Q1,Working,FALSE
2882,46363,17-061270,3/21/2017 4:45:00 PM,2017,3,21,16,45,Tuesday,541508.8533,4814112.051,-80.486742,43.478783,Private Drive,2,P.D. only,Off roadway,SMV,Daylight,Municipal,No control,Unknown,FALSE,FALSE,FALSE,Clear,FALSE,GENERAL DR; GENERAL DR; Near,3/7/2019 1:11:58 PM,541508.8533,4814112.051,Q1,Working,FALSE
2883,46364,17-061634,3/22/2017 4:30:00 PM,2017,3,22,16,30,Wednesday,542581.1356,4810126.565,-80.473795,43.442837,Intersection,2,P.D. only,On roadway,Intersection,Daylight,Regional,Signal Control,Functioning,FALSE,FALSE,FALSE,Clear,FALSE,KING ST E; BORDEN AVE N,3/7/2019 1:11:57 PM,542581.1356,4810126.565,Q1,Working,FALSE