,OBJECTID,ACCIDENTNUM,ACCIDENTDATE,ACCIDENT_YEAR,ACCIDENT_MONTH,ACCIDENT_DAY,ACCIDENT_HOUR,ACCIDENT_MINUTE,Accident_Day,XCOORD,YCOORD,LONGITUDE,LATITUDE,Accident_Location,COLLISIONTYPE,Accident_Type,Impact_Location,Impact_Type,Light,Road_Jurisdication,Traffic_Control,Traffic_Control_Condition,Pedestrian_Involved,Cyclist_Involved,Motorcyclist_Involved,Environment_Condition,Self_Reported,XMLIMPORTNOTES,LASTEDITEDDATE,x,y,Quarter,Day_Type,Vulnerable_Involved
3028,46509,17-101430,5/11/2017 11:59:00 AM,2017,5,11,11,59,Thursday,539655.8671,4809037.757,-80.510023,43.433194,Non intersection,1,Non-fatal injury,On roadway,SMV,Daylight,Regional,No control,Unknown,TRUE,FALSE,FALSE,Clear,FALSE,QUEENS BLVD ; WESTMOUNT RD W; 30 M,3/7/2019 1:09:09 PM,539655.8671,4809037.757,Q2,Weekend,FALSE
3029,46510,17-101568,5/10/2017 9:20:00 PM,2017,5,10,21,20,Wednesday,543881.3405,4811418.609,-80.457624,43.454396,Private Drive,2,P.D. only,On roadway,SMV,Dark,Municipal,No control,Unknown,FALSE,FALSE,FALSE,Clear,FALSE,KENWOOD DR; KENWOOD DR,3/7/2019 1:09:08 PM,543881.3405,4811418.609,Q2,Working,FALSE
3030,46511,17-101625,5/10/2017 12:00:00 PM,2017,5,10,12,0,Wednesday,540689.0256,4809320.296,-80.497237,43.435683,Private Drive,2,P.D. only,On roadway,SMV,Daylight,Municipal,No control,Unknown,FALSE,FALSE,FALSE,Clear,FALSE,PLEASANT AVE; PLEASANT AVE ; Near,3/7/2019 1:09:07 PM,540689.0256,4809320.296,Q2,Working,FALSE
3031,46512,17-101690,5/11/2017 5:15:00 PM,2017,5,11,17,15,Thursday,543988.5196,4807775.434,-80.456593,43.421587,Intersection,1,Non-fatal injury,On roadway,SMV,Daylight,Municipal,Sign Control,Functioning,TRUE,FALSE,FALSE,Clear,FALSE,SIEBERT AVE ; VANIER DR,3/7/2019 1:09:06 PM,543988.5196,4807775.434,Q2,Weekend,FALSE
3032,46513,17-101717,5/11/2017 2:18:00 PM,2017,5,11,14,18,Thursday,544097.8347,4804996.729,-80.455467,43.396561,Private Drive,2,P.D. only,Off roadway,SMV,Daylight,Municipal,No control,Unknown,FALSE,FALSE,FALSE,Clear,FALSE,BIEHN DR; BIEHN DR,3/7/2019 1:09:05 PM,544097.8347,4804996.729,Q2,Weekend,FALSE
3033,46514,17-101724,5/11/2017 5:49:00 PM,2017,5,11,17,49,Thursday,538629.0605,4806784.278,-80.522869,43.412957,Private Drive,2,P.D. only,Off roadway,SMV,Daylight,Regional,No control,Unknown,FALSE,FALSE,FALSE,Clear,FALSE,WINDFLOWER DR; WINDFLOWER DR; At; 11 M,3/7/2019 1:09:02 PM,538629.0605,4806784.278,Q2,Weekend,FALSE
3034,46515,17-102333,5/12/2017 10:30:00 AM,2017,5,12,10,30,Friday,544729.574,4811859.987,-80.447104,43.45832,Intersection,2,P.D. only,On roadway,Other,Daylight,Municipal,Sign Control,Functioning,FALSE,FALSE,FALSE,Clear,FALSE,CARSON DR; LORRAINE AVE,3/7/2019 1:09:01 PM,544729.574,4811859.987,Q2,Weekend,FALSE
3035,46516,17-102348,5/11/2017 2:30:00 PM,2017,5,11,14,30,Thursday,542650.1588,4811481.347,-80.472836,43.455032,Private Drive,2,P.D. only,Off roadway,SMV,Daylight,Municipal,No control,Unknown,FALSE,FALSE,FALSE,Clear,FALSE,CHAPEL ST; CHAPEL ST ; At,3/7/2019 1:09:00 PM,542650.1588,4811481.347,Q2,Weekend,FALSE
3036,46517,17-102417,5/12/2017 1:04:00 PM,2017,5,12,13,4,Friday,546775.688,4810137.363,-80.421961,43.442684,Non intersection,1,Non-fatal injury,Off roadway,SMV,Daylight,Municipal,No control,Unknown,FALSE,FALSE,FALSE,Clear,FALSE,IDLE CREEK DR ; ARDWOOD PLACE; 15 M,3/7/2019 1:08:59 PM,546775.688,4810137.364,Q2,Weekend,FALSE
3037,46518,17-102773,5/12/2017 9:40:00 PM,2017,5,12,21,40,Friday,543794.1666,4805040.134,-80.459213,43.396969,Private Drive,2,P.D. only,Off roadway,SMV,Dark,Regional,No control,Unknown,FALSE,FALSE,FALSE,Clear,FALSE,OLD HURON RD; OLD HURON RD ; 1 M,3/7/2019 1:08:58 PM,543794.1666,4805040.134,Q2,Weekend,FALSE
3038,46519,17-103172,5/13/2017 10:31:00 AM,2017,5,13,10,31,Saturday,540495.856,4809749.323,-80.499592,43.439556,Non intersection,1,Non-fatal injury,On roadway,SMV,Daylight,Regional,No control,Unknown,FALSE,FALSE,FALSE,Clear,FALSE,QUEENS BLVD; SPADINA RD E; Near; 15 M,3/7/2019 1:08:56 PM,540495.856,4809749.323,Q2,Weekend,FALSE
3039,46520,17-103278,5/13/2017 1:39:00 PM,2017,5,13,13,39,Saturday,539404.6989,4810383.073,-80.513029,43.445321,Intersection,2,P.D. only,On roadway,Intersection,Daylight,Municipal,Sign Control,Functioning,FALSE,FALSE,FALSE,Clear,FALSE,BELMONT AVE W; KARN ST,3/7/2019 1:08:54 PM,539404.6989,4810383.073,Q2,Weekend,FALSE
3040,46521,17-104218,5/14/2017 11:54:00 AM,2017,5,14,11,54,Sunday,542107.4671,4807129.848,-80.479879,43.415882,Private Drive,2,P.D. only,Other,Intersection,Daylight,Other,No control,Unknown,FALSE,FALSE,FALSE,Clear,FALSE,BLOCK LINE RD ; STRASBURG RD ; Near; 5 M,3/7/2019 1:08:52 PM,542107.4671,4807129.848,Q2,Weekend,FALSE
3041,46522,17-104444,5/13/2017 10:42:00 AM,2017,5,13,10,42,Saturday,542784.2636,4804147.883,-80.471753,43.388994,Intersection,2,P.D. only,On roadway,SMV,Daylight,Regional,Sign Control,Functioning,FALSE,FALSE,FALSE,Clear,FALSE,HURON RD; NEWCASTLE DR,3/7/2019 1:08:51 PM,542784.2636,4804147.883,Q2,Weekend,FALSE
3042,46523,17-104453,5/14/2017 5:37:00 PM,2017,5,14,17,37,Sunday,538680.6602,4806516.709,-80.52225,43.410546,Non intersection,1,Non-fatal injury,On roadway,SMV,Daylight,Regional,No control,Unknown,TRUE,FALSE,FALSE,Clear,FALSE,DAVID BERGEY DR; OTTAWA ST S; 30 M,3/7/2019 1:08:50 PM,538680.6602,4806516.71,Q2,Weekend,FALSE
3043,46524,17-104906,5/15/2017 9:45:00 AM,2017,5,15,9,45,Monday,540954.2577,4810610.982,-80.493863,43.44729,Private Drive,2,P.D. only,On roadway,Rear end,Daylight,Municipal,No control,Unknown,FALSE,FALSE,FALSE,Clear,FALSE,DAVID ST ; QUEEN ST S; At,3/7/2019 1:08:46 PM,540954.2577,4810610.983,Q2,Working,FALSE
3044,46525,17-105007,5/15/2017 11:30:00 AM,2017,5,15,11,30,Monday,545829.9626,4811565.692,-80.433528,43.455603,Private Drive,2,Non-reportable,On roadway,Intersection,Daylight,Municipal,No control,Unknown,FALSE,FALSE,FALSE,Clear,FALSE,HERITAGE DR; HERITAGE DR ; At,3/7/2019 1:08:45 PM,545829.9626,4811565.692,Q2,Working,FALSE
3045,46526,17-105136,5/14/2017 8:05:00 AM,2017,5,14,8,5,Sunday,541094.7026,4807199.787,-80.492384,43.416568,Private Drive,2,P.D. only,On roadway,SMV,Daylight,Municipal,No control,Unknown,FALSE,FALSE,FALSE,Clear,FALSE,ROSENEATH CRES; ROSENEATH CRES; At,3/7/2019 1:08:44 PM,541094.7026,4807199.787,Q2,Weekend,FALSE
3046,46527,17-105159,5/15/2017 2:30:00 PM,2017,5,15,14,30,Monday,539615.4385,4811375.803,-80.510352,43.454248,Intersection,2,P.D. only,On roadway,Intersection,Daylight,Municipal,Signal Control,Functioning,FALSE,FALSE,FALSE,Clear,FALSE,GLASGOW ST; PARK ST,3/7/2019 1:08:43 PM,539615.4385,4811375.803,Q2,Working,FALSE
3047,46528,17-105314,5/15/2017 7:45:00 AM,2017,5,15,7,45,Monday,540153.2871,4811290.069,-80.503711,43.453448,Intersection,1,Non-fatal injury,On roadway,Rear end,Daylight,Regional,Sign Control,Functioning,FALSE,FALSE,FALSE,Clear,FALSE,WELLINGTON ST S; WALTER ST; At,3/7/2019 1:08:41 PM,540153.2871,4811290.069,Q2,Working,FALSE
3048,46529,17-105656,5/16/2017 8:30:00 AM,2017,5,16,8,30,Tuesday,545978.8313,4813442.441,-80.431529,43.472492,Non intersection,2,P.D. only,On roadway,Other,Daylight,Municipal,No control,Unknown,FALSE,FALSE,FALSE,Clear,FALSE,CENTENNIAL RD; CENTENNIAL RD; Near,3/7/2019 1:08:40 PM,545978.8313,4813442.441,Q2,Working,FALSE
3049,46530,17-106601,5/17/2017 12:46:00 PM,2017,5,17,12,46,Wednesday,548677.6152,4806493.226,-80.398784,43.409752,Private Drive,2,P.D. only,On roadway,Rear end,Daylight,Municipal,No control,Unknown,FALSE,FALSE,FALSE,Clear,FALSE,DEER RIDGE DR; KING ST E; At; 2 M,3/7/2019 1:08:39 PM,548677.6152,4806493.227,Q2,Working,FALSE
3050,46531,17-106641,5/17/2017 11:49:00 AM,2017,5,17,11,49,Wednesday,541776.3785,4809034.213,-80.483823,43.433047,Private Drive,1,Non-fatal injury,On roadway,Intersection,Daylight,Municipal,No control,Unknown,FALSE,TRUE,FALSE,Clear,FALSE,MEINZINGER AVE ; MEINZINGER AVE ; 1 M,3/7/2019 1:08:37 PM,541776.3785,4809034.213,Q2,Working,FALSE
3051,46532,17-106667,5/15/2017 12:00:00 PM,2017,5,15,12,0,Monday,537375.3458,4807462.466,-80.538307,43.419128,Private Drive,2,Non-reportable,On roadway,SMV,Daylight,Municipal,No control,Unknown,FALSE,FALSE,FALSE,Clear,FALSE,WESTHEIGHTS DR; WESTHEIGHTS DR,3/7/2019 1:08:36 PM,537375.3458,4807462.466,Q2,Working,FALSE
3052,46533,17-106771,5/16/2017 4:00:00 PM,2017,5,16,16,0,Tuesday,547772.4059,4810989.786,-80.40957,43.450297,Intersection,2,Non-reportable,On roadway,Rear end,Daylight,Municipal,Sign Control,Functioning,FALSE,FALSE,FALSE,Clear,FALSE,ZELLER DR; PEBBLECREEK DR,3/7/2019 1:08:35 PM,547772.4059,4810989.786,Q2,Working,FALSE
3053,46534,17-107029,5/17/2017 7:15:00 PM,2017,5,17,19,15,Wednesday,540131.3445,4806734.304,-80.504317,43.412429,Private Drive,2,P.D. only,On roadway,SMV,Daylight,Municipal,No control,Unknown,FALSE,FALSE,FALSE,Clear,FALSE,ALBION ST; ALBION ST,3/7/2019 1:08:34 PM,540131.3445,4806734.304,Q2,Working,FALSE
3054,46535,17-107601,5/10/2017 6:30:00 PM,2017,5,10,18,30,Wednesday,539371.4096,4810294.662,-80.513447,43.444527,Private Drive,2,Non-reportable,Off roadway,SMV,Daylight,Municipal,No control,Unknown,FALSE,FALSE,FALSE,Clear,FALSE,ADELAIDE ST; ADELAIDE ST; Near,3/7/2019 1:08:33 PM,539371.4096,4810294.663,Q2,Working,FALSE
3055,46536,17-107789,5/18/2017 4:08:00 PM,2017,5,18,16,8,Thursday,544884.1034,4804849.282,-80.44577,43.395186,Intersection,2,P.D. only,On roadway,Intersection,Daylight,Municipal,Signal Control,Functioning,FALSE,FALSE,FALSE,Clear,FALSE,PIONEER DR; DOON VILLAGE RD,3/7/2019 1:08:32 PM,544884.1034,4804849.282,Q2,Weekend,FALSE
3056,46537,17-107843,5/12/2017 11:50:00 PM,2017,5,12,23,50,Friday,546417.0931,4808550.833,-80.426527,43.428422,Private Drive,2,P.D. only,Off roadway,SMV,Dark,Municipal,No control,Unknown,FALSE,FALSE,FALSE,Clear,FALSE,PEPPERWOOD CRES; PEPPERWOOD CRES ; Near,3/7/2019 1:08:32 PM,546417.0931,4808550.833,Q2,Weekend,FALSE
3057,46538,17-108385,5/18/2017 4:15:00 PM,2017,5,18,16,15,Thursday,535736.7756,4809247.282,-80.558431,43.435278,Intersection,2,P.D. only,On roadway,Rear end,Daylight,Regional,Sign Control,Functioning,FALSE,FALSE,FALSE,Clear,FALSE,THE BOARDWALK; IRA NEEDLES BLVD,3/7/2019 1:08:30 PM,535736.7756,4809247.282,Q2,Weekend,FALSE
3058,46539,17-108778,5/14/2017 5:00:00 PM,2017,5,14,17,0,Sunday,538804.4616,4809208.295,-80.52053,43.434775,Non intersection,2,P.D. only,Off roadway,Other,Daylight,Municipal,No control,Unknown,FALSE,FALSE,FALSE,Clear,FALSE,CAMROSE CRT; HIGHLAND CRES; Near,3/7/2019 1:08:29 PM,538804.4616,4809208.295,Q2,Weekend,FALSE
3059,46540,17-109716,5/20/2017 9:58:00 PM,2017,5,20,21,58,Saturday,542060.515,4806672.253,-80.480495,43.411764,Private Drive,2,P.D. only,Off roadway,SMV,Daylight,Regional,No control,Unknown,FALSE,FALSE,FALSE,Clear,FALSE,THE COUNTRY WAY ; THE COUNTRY WAY ; At; 9 M,3/7/2019 1:08:28 PM,542060.515,4806672.253,Q2,Weekend,FALSE
3060,46541,17-109986,5/21/2017 9:45:00 AM,2017,5,21,9,45,Sunday,544488.0577,4808400.625,-80.450371,43.427186,Non intersection,2,P.D. only,On roadway,SMV,Daylight,Municipal,No control,Unknown,FALSE,FALSE,FALSE,Rain,FALSE,GREENFIELD AVE; NINTH AVE; Near; 17 M,3/7/2019 1:08:27 PM,544488.0577,4808400.625,Q2,Weekend,FALSE
3061,46542,17-110724,5/22/2017 11:05:00 AM,2017,5,22,11,5,Monday,546472.0389,4812522.603,-80.42551,43.46418,Private Drive,2,P.D. only,Off roadway,SMV,Dark,Municipal,No control,Unknown,FALSE,FALSE,FALSE,Clear,FALSE,OTTERBEIN RD; OTTERBEIN RD ; At; 1 M,3/7/2019 1:08:26 PM,546472.0389,4812522.603,Q2,Working,FALSE
3062,46543,17-111358,5/23/2017 8:07:00 AM,2017,5,23,8,7,Tuesday,541739.963,4812239.826,-80.484028,43.461913,Non intersection,2,P.D. only,On roadway,Intersection,Daylight,Municipal,No control,Unknown,FALSE,FALSE,FALSE,Clear,FALSE,LOUISA ST; LANCASTER ST W; 30 M,3/7/2019 1:08:25 PM,541739.963,4812239.826,Q2,Working,FALSE
3063,46544,17-111766,5/23/2017 5:10:00 PM,2017,5,23,17,10,Tuesday,549260.9086,4806289.765,-80.391598,43.407882,Private Drive,2,P.D. only,On roadway,Intersection,Daylight,Municipal,Sign Control,Functioning,FALSE,FALSE,FALSE,Clear,FALSE,GATEWAY PARK DR ; KING ST E; Near,3/7/2019 1:08:24 PM,549260.9086,4806289.765,Q2,Working,FALSE
3064,46545,17-111775,5/23/2017 5:57:00 PM,2017,5,23,17,57,Tuesday,539316.8006,4810614.452,-80.514098,43.447409,Intersection,2,P.D. only,On roadway,SMV,Daylight,Regional,Signal Control,Functioning,FALSE,FALSE,FALSE,Clear,FALSE,GAGE AVE; BELMONT AVE W,3/7/2019 1:08:23 PM,539316.8006,4810614.452,Q2,Working,FALSE
3065,46546,17-111787,5/23/2017 6:08:00 PM,2017,5,23,18,8,Tuesday,542581.1295,4810127.523,-80.473795,43.442846,Intersection,2,P.D. only,On roadway,Intersection,Daylight,Regional,Signal Control,Functioning,FALSE,FALSE,FALSE,Clear,FALSE,KING ST E; BORDEN AVE S,3/7/2019 1:08:22 PM,542581.1295,4810127.523,Q2,Working,FALSE
3066,46547,17-112456,5/24/2017 3:34:00 PM,2017,5,24,15,34,Wednesday,541548.8232,4811885.653,-80.486418,43.458734,Intersection,1,Non-fatal injury,On roadway,Intersection,Daylight,Municipal,Sign Control,Functioning,FALSE,FALSE,FALSE,Clear,FALSE,ST LEGER ST; BREITHAUPT ST,3/7/2019 1:08:21 PM,541548.8232,4811885.653,Q2,Working,FALSE
3067,46548,17-112475,5/24/2017 8:00:00 AM,2017,5,24,8,0,Wednesday,545840.4222,4803951.315,-80.434037,43.387043,Private Drive,2,P.D. only,On roadway,Other,Daylight,Municipal,No control,Unknown,FALSE,FALSE,FALSE,Clear,FALSE,DOON MILLS DR; DOON MILLS DR; At,3/7/2019 1:08:20 PM,545840.4222,4803951.315,Q2,Working,FALSE
3068,46549,17-113151,5/25/2017 12:00:00 PM,2017,5,25,12,0,Thursday,549444.7848,4806006.278,-80.389353,43.405317,Non intersection,2,P.D. only,On roadway,Intersection,Daylight,Regional,No control,Unknown,FALSE,FALSE,FALSE,Rain,FALSE,TU LANE ST; KING ST E,3/7/2019 1:08:19 PM,549444.7848,4806006.278,Q2,Weekend,FALSE
3069,46550,17-113581,5/26/2017 1:17:00 AM,2017,5,26,1,17,Friday,539736.2232,4811099.177,-80.50888,43.451751,Non intersection,2,P.D. only,On roadway,Other,Dark,Municipal,No control,Unknown,FALSE,FALSE,FALSE,Clear,FALSE,STRANGE ST; DOMINION ST; Near; 40 M,3/7/2019 1:08:18 PM,539736.2232,4811099.177,Q2,Weekend,FALSE
3070,46551,17-113611,5/26/2017 2:30:00 AM,2017,5,26,2,30,Friday,544136.4361,4812617.457,-80.454374,43.465175,Non intersection,2,P.D. only,On roadway,SMV,Dark,Municipal,No control,Unknown,FALSE,FALSE,FALSE,Rain,FALSE,FORFAR AVE; FORFAR AVE ; 1 M,3/7/2019 1:08:17 PM,544136.4361,4812617.457,Q2,Weekend,FALSE
3071,46552,17-113945,5/26/2017 1:00:00 PM,2017,5,26,13,0,Friday,544318.6083,4808441.122,-80.452462,43.427561,Private Drive,2,P.D. only,On roadway,SMV,Daylight,Municipal,No control,Unknown,FALSE,FALSE,FALSE,Clear,FALSE,FRANKLIN ST S; FRANKLIN ST S; 0 M,3/7/2019 1:08:16 PM,544318.6083,4808441.122,Q2,Weekend,FALSE
3072,46553,17-113955,5/24/2017 3:00:00 PM,2017,5,24,15,0,Wednesday,541068,4811108,0,0,Non intersection,2,P.D. only,Off roadway,Intersection,Daylight,Municipal,No control,Unknown,FALSE,FALSE,FALSE,Clear,FALSE,GROVEHILL CRES; GROVEHILL CRES,3/7/2019 1:08:14 PM,541068,4811108,Q2,Working,FALSE
3073,46554,17-113995,5/26/2017 2:17:00 PM,2017,5,26,14,17,Friday,540938.4373,4811217.261,-80.494013,43.45275,Intersection,1,Non-fatal injury,On roadway,Intersection,Daylight,Municipal,Signal Control,Functioning,FALSE,FALSE,FALSE,Clear,FALSE,WATER ST N; DUKE ST W,3/7/2019 1:08:13 PM,540938.4373,4811217.261,Q2,Weekend,FALSE
3074,46555,17-114823,5/22/2017 8:30:00 PM,2017,5,22,20,30,Monday,540613.6712,4812641.142,-80.49792,43.465588,Non intersection,2,Non-reportable,On roadway,SMV,Dusk,Municipal,No control,Unknown,FALSE,FALSE,FALSE,Clear,FALSE,HARTWOOD AVE; HARTWOOD AVE,3/7/2019 1:08:12 PM,540613.6712,4812641.142,Q2,Working,FALSE
3075,46556,17-116188,5/28/2017 11:30:00 AM,2017,5,28,11,30,Sunday,541838.0981,4811084,-80.482904,43.4515,Non intersection,2,P.D. only,On roadway,SMV,Daylight,Municipal,No control,Unknown,FALSE,FALSE,FALSE,Clear,FALSE,IRVIN ST; IRVIN ST,3/7/2019 1:08:11 PM,541838.0981,4811084,Q2,Weekend,FALSE
3076,46557,17-116404,5/29/2017 12:52:00 PM,2017,5,29,12,52,Monday,538079.8877,4809832.389,-80.529439,43.440431,Non intersection,1,Non-fatal injury,Off roadway,SMV,Daylight,Municipal,No control,Unknown,FALSE,FALSE,FALSE,Clear,FALSE,INGELSIDE DRIVE; DALEGROVE DR ; Near; 75 M,3/7/2019 1:08:10 PM,538079.8877,4809832.39,Q2,Working,FALSE
3077,46558,17-116438,5/24/2017 11:30:00 AM,2017,5,24,11,30,Wednesday,541047.4703,4813265.906,-80.492511,43.47119,Private Drive,2,P.D. only,On roadway,SMV,Daylight,Municipal,No control,Unknown,FALSE,FALSE,FALSE,Clear,FALSE,MAPLEWOOD PL; MAPLEWOOD PL,3/7/2019 1:08:09 PM,541047.4703,4813265.906,Q2,Working,FALSE
3078,46559,17-116610,5/29/2017 4:30:00 PM,2017,5,29,16,30,Monday,537344.2284,4809752.612,-80.538535,43.43975,Private Drive,2,P.D. only,On roadway,SMV,Daylight,Municipal,No control,Unknown,FALSE,FALSE,FALSE,Clear,FALSE,LENNOX CRES; LENNOX CRES ; At; 3 M,3/7/2019 1:08:08 PM,537344.2284,4809752.612,Q2,Working,FALSE
3079,46560,17-116616,5/29/2017 5:20:00 PM,2017,5,29,17,20,Monday,543206.9718,4805547.739,-80.466424,43.401574,Intersection,2,P.D. only,On roadway,Intersection,Daylight,Municipal,No control,Unknown,FALSE,FALSE,FALSE,Clear,FALSE,TRILLIUM DR; SHOEMAKER ST; Near; 10 M,3/7/2019 1:08:07 PM,543206.9718,4805547.739,Q2,Working,FALSE
3080,46561,17-116681,5/29/2017 5:15:00 PM,2017,5,29,17,15,Monday,537302.7769,4807693.635,-80.539188,43.421213,Private Drive,2,P.D. only,Off roadway,SMV,Daylight,Municipal,No control,Unknown,FALSE,FALSE,FALSE,Clear,FALSE,CHERRYTREE CRT; CHERRYTREE CRT ; Near,3/7/2019 1:08:06 PM,537302.7769,4807693.635,Q2,Working,FALSE
3081,46562,17-117281,5/22/2017 8:30:00 AM,2017,5,22,8,30,Monday,540293.9271,4811755.451,-80.501939,43.457631,Non intersection,2,P.D. only,Off roadway,SMV,Daylight,Municipal,No control,Unknown,FALSE,FALSE,FALSE,Clear,FALSE,BRIAR AVE; BRIAR AVE ; Near,3/7/2019 1:08:05 PM,540293.9271,4811755.451,Q2,Working,FALSE
3082,46563,17-117318,5/30/2017 12:30:00 AM,2017,5,30,0,30,Tuesday,547600.0326,4811434.062,-80.411662,43.454308,Private Drive,2,P.D. only,On roadway,SMV,Dark,Municipal,No control,Unknown,FALSE,FALSE,FALSE,Rain,FALSE,OLD ZELLER DR; OLD ZELLER DR,3/7/2019 1:08:04 PM,547600.0326,4811434.062,Q2,Working,FALSE
3083,46564,17-117380,5/28/2017 3:30:00 PM,2017,5,28,15,30,Sunday,543800.7937,4812589.531,-80.458526,43.464944,Intersection,2,Non-reportable,On roadway,Rear end,Daylight,Municipal,Sign Control,Functioning,FALSE,FALSE,FALSE,Clear,FALSE,AVON RD; FREDERICK ST,3/7/2019 1:08:03 PM,543800.7937,4812589.531,Q2,Weekend,FALSE
3084,46565,17-117433,5/30/2017 4:16:00 PM,2017,5,30,16,16,Tuesday,542557.8033,4812550.754,-80.473894,43.464666,Intersection,2,P.D. only,On roadway,Intersection,Daylight,Regional,Sign Control,Functioning,FALSE,FALSE,FALSE,Clear,FALSE,85 S OFF TO WELLINGTON ST N; WELLINGTON ST N,3/7/2019 1:08:02 PM,542557.8033,4812550.754,Q2,Working,FALSE
3085,46566,17-117973,5/30/2017 4:45:00 PM,2017,5,30,16,45,Tuesday,545276.562,4808153.629,-80.440651,43.424915,Non intersection,2,P.D. only,On roadway,Rear end,Daylight,Municipal,Other,Functioning,FALSE,FALSE,FALSE,Clear,FALSE,KINGSWAY DR; KINGSWAY DR,3/7/2019 1:08:01 PM,545276.562,4808153.629,Q2,Working,FALSE
3086,46567,17-118102,5/31/2017 12:15:00 PM,2017,5,31,12,15,Wednesday,542248.0097,4806962.258,-80.478156,43.414365,Non intersection,1,Non-fatal injury,On roadway,Intersection,Daylight,Regional,No control,Unknown,FALSE,FALSE,TRUE,Clear,FALSE,STRASBURG RD; STRASBURG RD ; At; 5 M,3/7/2019 1:08:00 PM,542248.0097,4806962.258,Q2,Working,TRUE
3087,46568,17-118157,5/31/2017 12:50:00 PM,2017,5,31,12,50,Wednesday,542577.3994,4809496.063,-80.47389,43.437161,Intersection,2,P.D. only,On roadway,Intersection,Daylight,Municipal,Sign Control,Functioning,FALSE,FALSE,FALSE,Clear,FALSE,SYDNEY ST S; DUNDAS AVE,3/7/2019 1:07:59 PM,542577.3994,4809496.063,Q2,Working,FALSE
3088,46569,17-118173,5/31/2017 1:44:00 PM,2017,5,31,13,44,Wednesday,542108.4232,4807130.812,-80.479868,43.41589,Intersection,1,Non-fatal injury,On roadway,Intersection,Daylight,Regional,Signal Control,Functioning,FALSE,FALSE,FALSE,Clear,FALSE,BLOCK LINE RD; STRASBURG RD,3/7/2019 1:07:58 PM,542108.4232,4807130.812,Q2,Working,FALSE
3089,46570,17-118359,5/31/2017 3:08:00 PM,2017,5,31,15,8,Wednesday,544984.2197,4806342.431,-80.444411,43.408625,Private Drive,1,Non-fatal injury,On roadway,Intersection,Daylight,Regional,No control,Unknown,FALSE,TRUE,FALSE,Clear,FALSE,WABANAKI DR; MANITOU DR; Near; 7 M,3/7/2019 1:07:56 PM,544984.2197,4806342.431,Q2,Working,FALSE
3090,46571,17-118532,5/31/2017 9:35:00 PM,2017,5,31,21,35,Wednesday,546316.7138,4803417.404,-80.428202,43.382206,Intersection,1,Non-fatal injury,On roadway,SMV,Daylight,Municipal,Sign Control,Functioning,FALSE,FALSE,TRUE,Clear,FALSE,DOON SOUTH DR; DOON MILLS DR,3/7/2019 1:07:55 PM,546316.7138,4803417.404,Q2,Working,TRUE
3091,46572,17-118749,6/1/2017 6:16:00 AM,2017,6,1,6,16,Thursday,546786.1406,4804933.461,-80.422278,43.395828,Non intersection,2,P.D. only,Off roadway,SMV,Daylight,Municipal,No control,Unknown,FALSE,FALSE,FALSE,Clear,FALSE,MILL PARK DR ; GREEN VALLEY DR ; Near; 300 M,3/7/2019 1:07:54 PM,546786.1406,4804933.461,Q2,Weekend,FALSE
3092,46573,17-119144,6/1/2017 4:00:00 PM,2017,6,1,16,0,Thursday,538700.8243,4809334.209,-80.521802,43.435914,Non intersection,2,P.D. only,Off roadway,SMV,Daylight,Municipal,No control,Unknown,FALSE,FALSE,FALSE,Clear,FALSE,CAMROSE CRT; CAMROSE CRT ; At; 1 M,3/7/2019 1:07:53 PM,538700.8243,4809334.209,Q2,Weekend,FALSE
3093,46574,17-119168,6/1/2017 4:30:00 PM,2017,6,1,16,30,Thursday,543073.3984,4812803.094,-80.467501,43.466909,Non intersection,2,Non-reportable,On roadway,Intersection,Daylight,Municipal,No control,Unknown,FALSE,FALSE,FALSE,Clear,FALSE,WELLINGTON ST N; RIVERBEND DR; Near,3/7/2019 1:07:52 PM,543073.3984,4812803.094,Q2,Weekend,FALSE
3094,46575,17-119630,6/2/2017 7:55:00 AM,2017,6,2,7,55,Friday,544429.2303,4807759.978,-80.45115,43.421421,Private Drive,2,Non-reportable,On roadway,Intersection,Daylight,Municipal,No control,Unknown,FALSE,FALSE,FALSE,Clear,FALSE,TRAYNOR AVE; TRAYNOR AVE ; At,3/7/2019 1:07:51 PM,544429.2303,4807759.978,Q2,Weekend,FALSE
3095,46576,17-119649,6/2/2017 8:54:00 AM,2017,6,2,8,54,Friday,540269.8559,4811639.275,-80.502245,43.456586,Intersection,2,P.D. only,On roadway,SMV,Daylight,Municipal,No control,Unknown,FALSE,FALSE,FALSE,Clear,FALSE,MOORE AVE; SHANLEY ST; At,3/7/2019 1:07:50 PM,540269.8559,4811639.275,Q2,Weekend,FALSE
3096,46577,17-119913,6/2/2017 2:26:00 PM,2017,6,2,14,26,Friday,540289.7063,4809598.69,-80.50215,43.438211,Private Drive,2,P.D. only,Off roadway,SMV,Daylight,Municipal,No control,Unknown,FALSE,FALSE,FALSE,Clear,FALSE,QUEENS BLVD; QUEENS BLVD; At; 5 M,3/7/2019 1:07:49 PM,540289.7063,4809598.69,Q2,Weekend,FALSE
3097,46578,17-120128,6/1/2017 6:40:00 PM,2017,6,1,18,40,Thursday,539701.1268,4810315.391,-80.509371,43.444696,Private Drive,2,P.D. only,On roadway,Other,Daylight,Regional,No control,Unknown,FALSE,FALSE,FALSE,Clear,FALSE,PATRICIA AVE; PATRICIA AVE,3/7/2019 1:07:48 PM,539701.1268,4810315.391,Q2,Weekend,FALSE
3098,46579,17-120150,6/2/2017 6:50:00 PM,2017,6,2,18,50,Friday,542850.8509,4811294.071,-80.47037,43.453334,Intersection,2,P.D. only,On roadway,SMV,Daylight,Municipal,No control,Unknown,FALSE,FALSE,FALSE,Clear,FALSE,MELROSE AVE; KRUG ST; Near; 5 M,3/7/2019 1:07:47 PM,542850.8509,4811294.071,Q2,Weekend,FALSE