,OBJECTID,ACCIDENTNUM,ACCIDENTDATE,ACCIDENT_YEAR,ACCIDENT_MONTH,ACCIDENT_DAY,ACCIDENT_HOUR,ACCIDENT_MINUTE,Accident_Day,XCOORD,YCOORD,LONGITUDE,LATITUDE,Accident_Location,COLLISIONTYPE,Accident_Type,Impact_Location,Impact_Type,Light,Road_Jurisdication,Traffic_Control,Traffic_Control_Condition,Pedestrian_Involved,Cyclist_Involved,Motorcyclist_Involved,Environment_Condition,Self_Reported,XMLIMPORTNOTES,LASTEDITEDDATE,x,y,Quarter,Day_Type,Vulnerable_Involved
3099,46580,17-120343,6/2/2017 9:35:00 PM,2017,6,2,21,35,Friday,538333.7414,4807581.491,-80.52646,43.420151,Non intersection,2,P.D. only,On roadway,SMV,Dark,Municipal,No control,Unknown,FALSE,FALSE,FALSE,Clear,FALSE,MCGARRY DR; FORESTWOOD DR ; Near; 32 M,3/7/2019 1:07:46 PM,538333.7414,4807581.491,Q2,Weekend,FALSE
3100,46581,17-120810,6/3/2017 10:30:00 AM,2017,6,3,10,30,Saturday,544609.4685,4809092.361,-80.448815,43.433407,Intersection,2,P.D. only,On roadway,Rear end,Daylight,Municipal,Signal Control,Functioning,FALSE,FALSE,FALSE,Clear,FALSE,KINGSWAY DR; FRANKLIN ST S; At,3/7/2019 1:07:45 PM,544609.4685,4809092.361,Q2,Weekend,FALSE
3101,46582,17-121030,6/3/2017 4:30:00 PM,2017,6,3,16,30,Saturday,543980.2137,4804157.879,-80.456987,43.389014,Non intersection,1,Non-fatal injury,Off roadway,SMV,Daylight,Municipal,No control,Unknown,FALSE,FALSE,FALSE,Clear,FALSE,KILKERRAN CRES; BIEHN DR ; Near; 90 M,3/7/2019 1:07:44 PM,543980.2137,4804157.879,Q2,Weekend,FALSE
3102,46583,17-121069,6/3/2017 6:01:00 PM,2017,6,3,18,1,Saturday,539298.4089,4809791.471,-80.514385,43.44,Private Drive,1,Non-fatal injury,On roadway,Intersection,Daylight,Municipal,No control,Unknown,FALSE,FALSE,FALSE,Clear,FALSE,PAULANDER DR; PAULANDER DR ; 1 M,3/7/2019 1:07:43 PM,539298.4089,4809791.471,Q2,Weekend,FALSE
3103,46584,17-121252,6/3/2017 9:00:00 PM,2017,6,3,21,0,Saturday,537912.329,4808859.209,-80.531577,43.431677,Non intersection,2,P.D. only,Off roadway,SMV,Dark,Municipal,No control,Unknown,FALSE,FALSE,FALSE,Clear,FALSE,BANKSIDE DR ; BANKSIDE DR ; 10 M,3/7/2019 1:07:42 PM,537912.329,4808859.209,Q2,Weekend,FALSE
3104,46585,17-121366,6/3/2017 11:19:00 PM,2017,6,3,23,19,Saturday,544295.2746,4813256.303,-80.452359,43.470918,Non intersection,1,Non-fatal injury,Off roadway,SMV,Dark,Municipal,No control,Unknown,TRUE,FALSE,FALSE,Clear,FALSE,BINGEMANS CENTRE DR; SHIRLEY AVE; Near; 100 M,3/7/2019 1:07:41 PM,544295.2746,4813256.303,Q2,Weekend,FALSE
3105,46586,17-121619,6/3/2017 7:45:00 PM,2017,6,3,19,45,Saturday,540749.8452,4810631.51,-80.496387,43.447486,Non intersection,2,Non-reportable,On roadway,Rear end,Daylight,Municipal,No control,Unknown,FALSE,FALSE,FALSE,Clear,FALSE,JUBILEE DR; WATER ST S; Near,3/7/2019 1:07:40 PM,540749.8452,4810631.51,Q2,Weekend,FALSE
3106,46587,17-121788,6/4/2017 10:30:00 AM,2017,6,4,10,30,Sunday,544211.1225,4809260.339,-80.453723,43.434943,Non intersection,2,P.D. only,On roadway,Rear end,Daylight,Municipal,No control,Unknown,FALSE,FALSE,FALSE,Clear,FALSE,KINGSWAY DR; THIRD AVE; At,3/7/2019 1:07:38 PM,544211.1225,4809260.339,Q2,Weekend,FALSE
3107,46588,17-122036,6/4/2017 5:55:00 PM,2017,6,4,17,55,Sunday,545971.9874,4803906.156,-80.432417,43.386628,Intersection,2,P.D. only,On roadway,Intersection,Daylight,Municipal,No control,Unknown,FALSE,FALSE,FALSE,Clear,FALSE,DOON MILLS DR; BUERKLE CRT; Near; 14.6 M,3/7/2019 1:07:37 PM,545971.9874,4803906.156,Q2,Weekend,FALSE
3108,46589,17-122532,6/4/2017 7:30:00 PM,2017,6,4,19,30,Sunday,545049.3767,4804501.041,-80.443758,43.392041,Private Drive,2,P.D. only,Off roadway,SMV,Daylight,Municipal,No control,Unknown,FALSE,FALSE,FALSE,Clear,FALSE,PATHFINDER CRES; PATHFINDER CRES ; Near,3/7/2019 1:07:36 PM,545049.3767,4804501.041,Q2,Weekend,FALSE
3109,46590,17-122578,6/5/2017 8:46:00 AM,2017,6,5,8,46,Monday,542312.7655,4810288.742,-80.477099,43.444313,Intersection,2,P.D. only,On roadway,Rear end,Daylight,Regional,Signal Control,Functioning,FALSE,FALSE,FALSE,Clear,FALSE,KING ST E; STIRLING AVE N; 12 M,3/7/2019 1:07:35 PM,542312.7655,4810288.742,Q2,Working,FALSE
3110,46591,17-122664,6/4/2017 10:19:00 PM,2017,6,4,22,19,Sunday,538641.7996,4808747.247,-80.522572,43.430632,Private Drive,2,P.D. only,Off roadway,SMV,Dark,Municipal,No control,Unknown,FALSE,FALSE,FALSE,Clear,FALSE,OVERLEA DR; OVERLEA DR ; Near,3/7/2019 1:07:34 PM,538641.7996,4808747.247,Q2,Weekend,FALSE
3111,46592,17-122840,6/5/2017 2:01:00 PM,2017,6,5,14,1,Monday,545367.8253,4803558.556,-80.439905,43.383535,Non intersection,2,P.D. only,On roadway,Other,Daylight,Municipal,No control,Unknown,FALSE,FALSE,FALSE,Rain,FALSE,APPLE RIDGE DR; PINE VALLEY DR; Near; 20 M,3/7/2019 1:07:33 PM,545367.8253,4803558.556,Q2,Working,FALSE
3112,46593,17-123060,6/4/2017 2:00:00 PM,2017,6,4,14,0,Sunday,540989.4233,4805719.831,-80.493795,43.403248,Non intersection,2,P.D. only,On roadway,SMV,Daylight,Municipal,No control,Unknown,FALSE,FALSE,FALSE,Clear,FALSE,TAMVALE CRES; TAMVALE CRES ; Near,3/7/2019 1:07:32 PM,540989.4233,4805719.831,Q2,Weekend,FALSE
3113,46594,17-123235,6/5/2017 10:50:00 PM,2017,6,5,22,50,Monday,542279.3537,4803915.28,-80.478005,43.386928,Private Drive,2,P.D. only,Off roadway,SMV,Dark,Regional,No control,Unknown,FALSE,FALSE,FALSE,Clear,FALSE,MAITLAND ST; MAITLAND ST ; Near; 0 M,3/7/2019 1:07:31 PM,542279.3537,4803915.28,Q2,Working,FALSE
3114,46595,17-123518,6/2/2017 3:00:00 PM,2017,6,2,15,0,Friday,545252.6365,4803020.868,-80.441371,43.378701,Private Drive,2,P.D. only,On roadway,Other,Daylight,Municipal,No control,Unknown,FALSE,FALSE,FALSE,Clear,FALSE,FOREST CREEK DR; FOREST CREEK DR ; Near,3/7/2019 1:07:30 PM,545252.6365,4803020.868,Q2,Weekend,FALSE
3115,46596,17-123569,6/6/2017 11:09:00 AM,2017,6,6,11,9,Tuesday,545908.7623,4809346.566,-80.43274,43.435618,Intersection,1,Non-fatal injury,On roadway,Intersection,Daylight,Municipal,Sign Control,Functioning,FALSE,FALSE,FALSE,Clear,FALSE,KINZIE AVE; THALER AVE; 5 M,3/7/2019 1:07:29 PM,545908.7623,4809346.566,Q2,Working,FALSE
3116,46597,17-123737,5/28/2017 9:00:00 PM,2017,5,28,21,0,Sunday,540331.2526,4811455.129,-80.501499,43.454924,Private Drive,2,P.D. only,On roadway,SMV,Daylight,Municipal,No control,Unknown,FALSE,FALSE,FALSE,Clear,FALSE,MOORE AVE ; WELLINGTON ST N; At,3/7/2019 1:07:27 PM,540331.2526,4811455.13,Q2,Weekend,FALSE
3117,46598,17-123867,6/6/2017 4:58:00 PM,2017,6,6,16,58,Tuesday,539157.9422,4805686.685,-80.516415,43.403047,Non intersection,2,P.D. only,Off roadway,SMV,Daylight,Municipal,No control,Unknown,FALSE,FALSE,FALSE,Clear,FALSE,ACTIVA AVE; ACTIVA AVE ; Near; 1 M,3/7/2019 1:07:26 PM,539157.9422,4805686.685,Q2,Working,FALSE
3118,46599,17-124507,6/7/2017 1:50:00 PM,2017,6,7,13,50,Wednesday,539675.8138,4806482.856,-80.509962,43.410189,Intersection,1,Non-fatal injury,On roadway,Intersection,Daylight,Municipal,Sign Control,Functioning,FALSE,FALSE,FALSE,Clear,FALSE,BUSH CLOVER CRES; ACTIVA AVE,3/7/2019 1:07:25 PM,539675.8138,4806482.856,Q2,Working,FALSE
3119,46600,17-124706,6/7/2017 5:00:00 PM,2017,6,7,17,0,Wednesday,545405.6637,4804533.696,-80.439357,43.392313,Non intersection,1,Non-fatal injury,On roadway,Intersection,Daylight,Municipal,No control,Unknown,FALSE,FALSE,FALSE,Clear,FALSE,DOON VILLAGE RD; BECHTEL DR; Near; 110 M,3/7/2019 1:07:24 PM,545405.6637,4804533.696,Q2,Working,FALSE
3120,46601,17-125072,6/8/2017 8:06:00 AM,2017,6,8,8,6,Thursday,541661.4057,4810409.485,-80.485139,43.445437,Intersection,1,Non-fatal injury,On roadway,Intersection,Daylight,Municipal,Sign Control,Functioning,FALSE,FALSE,FALSE,Clear,FALSE,CEDAR ST S; CHURCH ST,3/7/2019 1:07:22 PM,541661.4057,4810409.485,Q2,Weekend,FALSE
3121,46602,17-125128,6/8/2017 8:59:00 AM,2017,6,8,8,59,Thursday,540644.004,4810645.315,-80.497694,43.447616,Non intersection,1,Non-fatal injury,Off roadway,SMV,Daylight,Municipal,No control,Unknown,FALSE,FALSE,FALSE,Clear,FALSE,WATER ST S; JUBILEE DR; Near; 40 M,3/7/2019 1:07:21 PM,540644.004,4810645.315,Q2,Weekend,FALSE
3122,46603,17-125268,6/7/2017 6:30:00 PM,2017,6,7,18,30,Wednesday,536607.4708,4807597.529,-80.547784,43.420382,Private Drive,1,Non-fatal injury,Off roadway,Intersection,Daylight,Municipal,No control,Unknown,FALSE,TRUE,FALSE,Clear,FALSE,ROLLING MEADOWS DR; ROLLING MEADOWS DR ; 5 M,3/7/2019 1:07:19 PM,536607.4708,4807597.529,Q2,Working,FALSE
3123,46604,17-125306,6/7/2017 2:30:00 PM,2017,6,7,14,30,Wednesday,540205.6431,4811396.893,-80.503056,43.454407,Intersection,1,Non-fatal injury,On roadway,Rear end,Daylight,Regional,Signal Control,Functioning,FALSE,FALSE,FALSE,Clear,FALSE,KING ST W; WELLINGTON ST N; At,3/7/2019 1:07:18 PM,540205.6431,4811396.893,Q2,Working,FALSE
3124,46605,17-125594,6/8/2017 6:05:00 PM,2017,6,8,18,5,Thursday,540296.547,4806993.201,-80.502258,43.414751,Private Drive,2,P.D. only,On roadway,Other,Daylight,Municipal,No control,Unknown,FALSE,FALSE,FALSE,Clear,FALSE,LITTLEFIELD CRES; LITTLEFIELD CRES; Near,3/7/2019 1:07:17 PM,540296.547,4806993.201,Q2,Weekend,FALSE
3125,46606,17-126043,6/9/2017 10:00:00 AM,2017,6,9,10,0,Friday,539079.5734,4811111.007,-80.516995,43.451892,Intersection,2,P.D. only,On roadway,Intersection,Daylight,Municipal,Signal Control,Functioning,FALSE,FALSE,FALSE,Clear,FALSE,BELMONT AVE W; GLASGOW ST,3/7/2019 1:07:16 PM,539079.5734,4811111.007,Q2,Weekend,FALSE
3126,46607,17-127197,6/10/2017 1:30:00 PM,2017,6,10,13,30,Saturday,537975.5201,4808515.466,-80.53082,43.428579,Private Drive,2,P.D. only,On roadway,SMV,Daylight,Municipal,No control,Unknown,FALSE,FALSE,FALSE,Clear,FALSE,WESTCHESTER DR; WESTCHESTER DR; Near,3/7/2019 1:07:15 PM,537975.5201,4808515.466,Q2,Weekend,FALSE
3127,46608,17-127800,6/10/2017 5:00:00 PM,2017,6,10,17,0,Saturday,543146.8172,4813797.84,-80.466514,43.475861,Non intersection,2,P.D. only,On roadway,SMV,Daylight,Municipal,No control,Unknown,FALSE,FALSE,FALSE,Clear,FALSE,PAIGE ST; PAIGE ST; Near,3/7/2019 1:07:14 PM,543146.8172,4813797.84,Q2,Weekend,FALSE
3128,46609,17-127997,6/11/2017 3:11:00 PM,2017,6,11,15,11,Sunday,541176.9672,4808251.954,-80.491288,43.426037,Non intersection,2,P.D. only,Off roadway,SMV,Daylight,Municipal,No control,Unknown,FALSE,FALSE,FALSE,Clear,FALSE,STRASBURG RD; CHANDLER DR ; Near; 1 M,3/7/2019 1:07:13 PM,541176.9672,4808251.954,Q2,Weekend,FALSE
3129,46610,17-128136,6/11/2017 6:30:00 PM,2017,6,11,18,30,Sunday,536565.1533,4807503.767,-80.548313,43.419539,Non intersection,2,P.D. only,Off roadway,SMV,Daylight,Municipal,No control,Unknown,FALSE,FALSE,FALSE,Clear,FALSE,ROLLING MEADOWS DR; TRADEWINDS PL ; Near; 30 M,3/7/2019 1:07:12 PM,536565.1533,4807503.767,Q2,Weekend,FALSE
3130,46611,17-128554,6/12/2017 9:13:00 AM,2017,6,12,9,13,Monday,540486.7974,4809736.331,-80.499704,43.43944,Intersection,1,Non-fatal injury,On roadway,SMV,Daylight,Municipal,Sign Control,Functioning,TRUE,FALSE,FALSE,Clear,FALSE,SPADINA RD E; QUEENS BLVD,3/7/2019 1:07:11 PM,540486.7974,4809736.331,Q2,Working,FALSE
3131,46612,17-128787,6/11/2017 4:39:00 PM,2017,6,11,16,39,Sunday,541930.7067,4807809.97,-80.482011,43.422015,Private Drive,2,P.D. only,On roadway,SMV,Daylight,Municipal,No control,Unknown,FALSE,FALSE,FALSE,Clear,FALSE,APPALACHIAN CRES; APPALACHIAN CRES,3/7/2019 1:07:10 PM,541930.7067,4807809.97,Q2,Weekend,FALSE
3132,46613,17-128804,5/28/2017 5:00:00 PM,2017,5,28,17,0,Sunday,541068,4811108,0,0,Other,2,P.D. only,Off roadway,SMV,Daylight,Other,No control,Unknown,FALSE,FALSE,FALSE,Clear,FALSE,PRIVATE DRIVE; INGE CRT ; At,3/7/2019 1:07:09 PM,541068,4811108,Q2,Weekend,FALSE
3133,46614,17-128931,6/5/2017 3:10:00 PM,2017,6,5,15,10,Monday,545145.2135,4807124.452,-80.442358,43.415656,Intersection,2,P.D. only,On roadway,Rear end,Daylight,Municipal,Sign Control,Functioning,FALSE,FALSE,FALSE,Clear,FALSE,GOODRICH DR; WILSON AVE,3/7/2019 1:07:08 PM,545145.2135,4807124.452,Q2,Working,FALSE
3134,46615,17-129741,6/13/2017 3:25:00 PM,2017,6,13,15,25,Tuesday,544560.2561,4811737.447,-80.449207,43.457227,Intersection,1,Non-fatal injury,On roadway,SMV,Daylight,Municipal,Signal Control,Functioning,TRUE,FALSE,FALSE,Clear,FALSE,LORRAINE AVE; RIVER RD E,3/7/2019 1:07:07 PM,544560.2561,4811737.447,Q2,Working,FALSE
3135,46616,17-129768,6/13/2017 3:56:00 PM,2017,6,13,15,56,Tuesday,545324.2761,4808210.984,-80.440057,43.425429,Private Drive,2,P.D. only,On roadway,Intersection,Daylight,Regional,Sign Control,Functioning,FALSE,FALSE,FALSE,Clear,FALSE,KINGSWAY DR ; KINGSWAY DR ; Near,3/7/2019 1:07:06 PM,545324.2761,4808210.984,Q2,Working,FALSE
3136,46617,17-129820,6/13/2017 4:30:00 PM,2017,6,13,16,30,Tuesday,544029.8712,4813179.132,-80.455646,43.470239,Non intersection,2,P.D. only,On roadway,Rear end,Daylight,Municipal,No control,Unknown,FALSE,FALSE,FALSE,Clear,FALSE,SHIRLEY AVE ; SHIRLEY AVE ; Near; 100 M,3/7/2019 1:07:05 PM,544029.8712,4813179.132,Q2,Working,FALSE
3137,46618,17-129985,6/12/2017 11:00:00 AM,2017,6,12,11,0,Monday,538611.5315,4810348.778,-80.522833,43.445053,Non intersection,2,P.D. only,On roadway,Intersection,Daylight,Regional,Signal Control,Functioning,FALSE,FALSE,FALSE,Clear,FALSE,GAGE AVE; WESTMOUNT RD W; Near,3/7/2019 1:07:04 PM,538611.5315,4810348.778,Q2,Working,FALSE
3138,46619,17-130171,6/14/2017 6:18:00 AM,2017,6,14,6,18,Wednesday,543722.2354,4814441.18,-80.459348,43.48162,Non intersection,2,P.D. only,On roadway,Rear end,Daylight,Municipal,No control,Unknown,FALSE,FALSE,FALSE,Clear,FALSE,DUMART PL; DUMART PL ; At; 100 M,3/7/2019 1:07:03 PM,543722.2354,4814441.18,Q2,Working,FALSE
3139,46620,17-130212,6/14/2017 7:58:00 AM,2017,6,14,7,58,Wednesday,546014.121,4812242.946,-80.431194,43.46169,Non intersection,2,P.D. only,Off roadway,SMV,Daylight,Municipal,No control,Unknown,FALSE,FALSE,FALSE,Clear,FALSE,BREMBEL ST ; DENLOW ST ; Near; 5 M,3/7/2019 1:07:02 PM,546014.121,4812242.946,Q2,Working,FALSE
3140,46621,17-130254,6/14/2017 8:45:00 AM,2017,6,14,8,45,Wednesday,545053.1017,4810838.33,-80.44319,43.449102,Intersection,2,Other,On roadway,SMV,Daylight,Regional,Signal Control,Functioning,TRUE,FALSE,FALSE,Clear,FALSE,RIVER RD E; HOLBORN DR,3/7/2019 1:07:01 PM,545053.1017,4810838.33,Q2,Working,FALSE
3141,46622,17-130607,6/14/2017 2:59:00 PM,2017,6,14,14,59,Wednesday,542560.0363,4812549.25,-80.473867,43.464652,Intersection,2,P.D. only,On roadway,Intersection,Daylight,Municipal,Sign Control,Functioning,FALSE,FALSE,FALSE,Clear,FALSE,WELLINGTON ST N; CONESTOGA PARKWAY  HWY 85,3/7/2019 1:07:00 PM,542560.0363,4812549.25,Q2,Working,FALSE
3142,46623,17-130662,6/14/2017 3:57:00 PM,2017,6,14,15,57,Wednesday,541874.7432,4810743.313,-80.482477,43.44843,Intersection,2,P.D. only,On roadway,Intersection,Daylight,Regional,Sign Control,Functioning,FALSE,FALSE,FALSE,Clear,FALSE,CEDAR ST N; DUKE ST E; 5 M,3/7/2019 1:06:58 PM,541874.7432,4810743.313,Q2,Working,FALSE
3143,46624,17-130739,6/14/2017 8:10:00 AM,2017,6,14,8,10,Wednesday,543068.1291,4805500.214,-80.468142,43.401154,Intersection,2,Non-reportable,On roadway,Intersection,Daylight,Municipal,Sign Control,Functioning,FALSE,TRUE,FALSE,Clear,FALSE,TRILLIUM DR ; STRASBURG RD,3/7/2019 1:06:57 PM,543068.1291,4805500.214,Q2,Working,FALSE
3144,46625,17-130793,6/14/2017 5:00:00 PM,2017,6,14,17,0,Wednesday,543160.6182,4812082.055,-80.466479,43.460411,Non intersection,1,Non-fatal injury,On roadway,Rear end,Daylight,Regional,No control,Unknown,FALSE,FALSE,FALSE,Clear,FALSE,FREDERICK ST; ETHEL ST; Near; 5 M,3/7/2019 1:06:55 PM,543160.6182,4812082.055,Q2,Working,FALSE
3145,46626,17-131162,6/15/2017 8:00:00 AM,2017,6,15,8,0,Thursday,542551.1648,4806034.345,-80.474484,43.405993,Private Drive,2,P.D. only,On roadway,Rear end,Daylight,Regional,No control,Unknown,FALSE,FALSE,FALSE,Clear,FALSE,STRASBURG RD; STRASBURG RD,3/7/2019 1:06:54 PM,542551.1648,4806034.345,Q2,Weekend,FALSE
3146,46627,17-131340,6/15/2017 11:00:00 AM,2017,6,15,11,0,Thursday,536706.8565,4807084.432,-80.54659,43.415757,Private Drive,2,P.D. only,Off roadway,SMV,Daylight,Municipal,No control,Unknown,FALSE,FALSE,FALSE,Clear,FALSE,SUGAR MAPLE ST; SUGAR MAPLE ST; Near,3/7/2019 1:06:52 PM,536706.8565,4807084.432,Q2,Weekend,FALSE
3147,46628,17-131559,6/15/2017 5:10:00 PM,2017,6,15,17,10,Thursday,542113.1423,4812325.712,-80.479408,43.462665,Intersection,1,Non-fatal injury,On roadway,Intersection,Daylight,Municipal,Sign Control,Functioning,FALSE,FALSE,FALSE,Clear,FALSE,WELLINGTON ST N; SPRING VALLEY RD,3/7/2019 1:06:50 PM,542113.1423,4812325.712,Q2,Weekend,FALSE
3148,46629,17-132125,6/15/2017 4:40:00 PM,2017,6,15,16,40,Thursday,542561.6607,4812548.863,-80.473847,43.464649,Intersection,2,Non-reportable,On roadway,Rear end,Daylight,Regional,Signal Control,Functioning,FALSE,FALSE,FALSE,Clear,FALSE,WELLINGTON ST N; 85 N OFF TO WELLINGTON ST N N; At,3/7/2019 1:06:49 PM,542561.6607,4812548.863,Q2,Weekend,FALSE
3149,46630,17-132578,6/16/2017 4:35:00 PM,2017,6,16,16,35,Friday,540027.474,4810267.749,-80.505341,43.44425,Non intersection,2,P.D. only,On roadway,SMV,Daylight,Municipal,No control,Unknown,FALSE,FALSE,FALSE,Clear,FALSE,WEST AVE; WEST AVE,3/7/2019 1:06:48 PM,540027.474,4810267.749,Q2,Weekend,FALSE
3150,46631,17-133115,6/16/2017 6:00:00 PM,2017,6,16,18,0,Friday,542847.9934,4813074.881,-80.470266,43.469369,Intersection,2,P.D. only,On roadway,Rear end,Daylight,Regional,Sign Control,Functioning,FALSE,FALSE,FALSE,Clear,FALSE,GUELPH ST; RIVERBEND DR; At,3/7/2019 1:06:46 PM,542847.9934,4813074.881,Q2,Weekend,FALSE
3151,46632,17-133358,6/17/2017 7:20:00 PM,2017,6,17,19,20,Saturday,544842.2815,4808247.356,-80.446008,43.425785,Intersection,1,Non-fatal injury,On roadway,Intersection,Daylight,Municipal,Sign Control,Functioning,FALSE,FALSE,FALSE,Clear,FALSE,GREENFIELD AVE ; TRAYNOR AVE,3/7/2019 1:06:44 PM,544842.2815,4808247.356,Q2,Weekend,FALSE
3152,46633,17-134494,6/18/2017 4:15:00 PM,2017,6,18,16,15,Sunday,537317.3862,4807463.365,-80.539023,43.419138,Non intersection,2,P.D. only,On roadway,Intersection,Daylight,Municipal,No control,Unknown,FALSE,FALSE,FALSE,Clear,FALSE,DRIFTWOOD DR; DRIFTWOOD DR; Near,3/7/2019 1:06:43 PM,537317.3862,4807463.365,Q2,Weekend,FALSE
3153,46634,17-134498,6/18/2017 8:30:00 PM,2017,6,18,20,30,Sunday,542478.0789,4807021.299,-80.47531,43.414883,Private Drive,2,P.D. only,Off roadway,SMV,Dark,Municipal,No control,Unknown,FALSE,FALSE,FALSE,Clear,FALSE,CEDARHILL CRES; CEDARHILL CRES; At; 2 M,3/7/2019 1:06:42 PM,542478.0789,4807021.299,Q2,Weekend,FALSE
3154,46635,17-134561,6/19/2017 9:28:00 AM,2017,6,19,9,28,Monday,539404.8191,4807758.281,-80.513217,43.421687,Non intersection,1,Non-fatal injury,Off roadway,SMV,Daylight,Municipal,No control,Unknown,FALSE,FALSE,FALSE,Clear,FALSE,GREENBROOK DR; GREENBROOK DR ; At; 1 M,3/7/2019 1:06:40 PM,539404.8191,4807758.281,Q2,Working,FALSE
3155,46636,17-134745,6/19/2017 1:26:00 PM,2017,6,19,13,26,Monday,537239.4109,4807342.296,-80.539995,43.418052,Intersection,2,P.D. only,Off roadway,SMV,Daylight,Municipal,No control,Unknown,FALSE,FALSE,FALSE,Clear,FALSE,MEADOW WOODS CRES ; DRIFTWOOD DR ; Near; 15 M,3/7/2019 1:06:39 PM,537239.4109,4807342.296,Q2,Working,FALSE
3156,46637,17-135951,6/20/2017 8:28:00 PM,2017,6,20,20,28,Tuesday,541876.2524,4811809.05,-80.482376,43.458026,Intersection,2,P.D. only,On roadway,Intersection,Daylight,Municipal,Sign Control,Functioning,FALSE,FALSE,FALSE,Clear,FALSE,QUEEN ST N; LANCASTER ST W,3/7/2019 1:06:37 PM,541876.2524,4811809.05,Q2,Working,FALSE
3157,46638,17-136641,6/21/2017 4:30:00 PM,2017,6,21,16,30,Wednesday,545233.5335,4808099.592,-80.441187,43.424431,Non intersection,2,P.D. only,On roadway,SMV,Daylight,Municipal,No control,Unknown,FALSE,FALSE,FALSE,Clear,FALSE,KINGSWAY DR ; GREENFIELD AVE ; Near; 24 M,3/7/2019 1:06:36 PM,545233.5335,4808099.592,Q2,Working,FALSE
3158,46639,17-136652,6/21/2017 4:40:00 PM,2017,6,21,16,40,Wednesday,544094.4046,4813211.252,-80.454846,43.470524,Private Drive,2,P.D. only,On roadway,Intersection,Daylight,Municipal,Sign Control,Functioning,FALSE,FALSE,FALSE,Clear,FALSE,BINGEMANS CENTRE DR; BINGEMANS CENTRE DR ; At; 4 M,3/7/2019 1:06:35 PM,544094.4046,4813211.252,Q2,Working,FALSE
3159,46640,17-136662,6/21/2017 3:35:00 PM,2017,6,21,15,35,Wednesday,542107.4611,4807130.806,-80.479879,43.41589,Intersection,2,P.D. only,On roadway,Intersection,Daylight,Municipal,Signal Control,Functioning,FALSE,FALSE,FALSE,Clear,FALSE,BLOCK LINE RD; STRASBURG RD,3/7/2019 1:06:34 PM,542107.4611,4807130.806,Q2,Working,FALSE
3160,46641,17-136761,6/21/2017 4:00:00 PM,2017,6,21,16,0,Wednesday,543360.7207,4807654.62,-80.464358,43.420535,Intersection,2,P.D. only,On roadway,Intersection,Daylight,Regional,Sign Control,Functioning,FALSE,FALSE,FALSE,Clear,FALSE,BLOCK LINE RD; LENNOX LEWIS WAY,3/7/2019 1:06:33 PM,543360.7207,4807654.62,Q2,Working,FALSE
3161,46642,17-137122,6/22/2017 8:16:00 AM,2017,6,22,8,16,Thursday,541068,4811108,0,0,Other,2,P.D. only,Off roadway,SMV,Daylight,Other,No control,Unknown,FALSE,FALSE,FALSE,Clear,FALSE,BUILDING LOT; WILLOWRUN DR,3/7/2019 1:06:32 PM,541068,4811108,Q2,Weekend,FALSE
3162,46643,17-137123,6/22/2017 8:10:00 AM,2017,6,22,8,10,Thursday,544448.6183,4810737.12,-80.450668,43.448226,Private Drive,2,P.D. only,On roadway,Intersection,Daylight,Regional,No control,Unknown,FALSE,FALSE,FALSE,Clear,FALSE,FRANKLIN ST N; FRANKLIN ST N; At,3/7/2019 1:06:31 PM,544448.6183,4810737.12,Q2,Weekend,FALSE
3163,46644,17-137200,6/22/2017 8:30:00 AM,2017,6,22,8,30,Thursday,539772.6001,4805453.123,-80.508841,43.400912,Intersection,1,Non-fatal injury,On roadway,Intersection,Daylight,Municipal,Sign Control,Functioning,FALSE,TRUE,FALSE,Clear,FALSE,DONNENWERTH DR ; PERIWINKLE ST ; At; 40 M,3/7/2019 1:06:30 PM,539772.6001,4805453.123,Q2,Weekend,FALSE
3164,46645,17-137577,6/22/2017 4:00:00 PM,2017,6,22,16,0,Thursday,540535.2624,4811415.206,-80.498981,43.454554,Private Drive,2,P.D. only,On roadway,Other,Daylight,Municipal,No control,Unknown,FALSE,FALSE,FALSE,Clear,FALSE,BREITHAUPT ST; BREITHAUPT ST,3/7/2019 1:06:29 PM,540535.2624,4811415.207,Q2,Weekend,FALSE
3165,46646,17-137776,6/22/2017 10:18:00 PM,2017,6,22,22,18,Thursday,542313.3418,4810285.863,-80.477092,43.444287,Intersection,1,Non-fatal injury,On roadway,Intersection,Dark,Regional,Signal Control,Functioning,FALSE,TRUE,FALSE,Clear,FALSE,KING ST E; STIRLING AVE N,3/7/2019 1:06:28 PM,542313.3418,4810285.863,Q2,Weekend,FALSE
3166,46647,17-137959,6/23/2017 7:35:00 AM,2017,6,23,7,35,Friday,545855.7554,4807129.4,-80.433582,43.415658,Intersection,2,P.D. only,On roadway,Other,Daylight,Municipal,Sign Control,Functioning,FALSE,FALSE,FALSE,Rain,FALSE,WABANAKI DR; GOODRICH DR,3/7/2019 1:06:27 PM,545855.7554,4807129.4,Q2,Weekend,FALSE
3167,46648,17-138199,6/23/2017 11:00:00 AM,2017,6,23,11,0,Friday,540270.1577,4810714.092,-80.502309,43.448255,Private Drive,2,P.D. only,On roadway,Rear end,Daylight,Regional,No control,Unknown,FALSE,FALSE,FALSE,Clear,FALSE,PARK ST; BRAMM ST,3/7/2019 1:06:26 PM,540270.1577,4810714.093,Q2,Weekend,FALSE
3168,46649,17-138653,6/23/2017 11:55:00 PM,2017,6,23,23,55,Friday,545780.4907,4809828.622,-80.434285,43.439966,Non intersection,1,Non-fatal injury,Off roadway,SMV,Dark,Regional,No control,Unknown,FALSE,FALSE,FALSE,Clear,FALSE,RIVER RD E; OLD CHICOPEE DR ; 100 M,3/7/2019 1:06:25 PM,545780.4907,4809828.622,Q2,Weekend,FALSE
3169,46650,17-140625,6/26/2017 10:30:00 AM,2017,6,26,10,30,Monday,541851.9946,4810041.803,-80.482812,43.442115,Non intersection,2,P.D. only,On roadway,Intersection,Daylight,Municipal,No control,Unknown,FALSE,FALSE,FALSE,Clear,FALSE,STIRLING AVE S; STIRLING AVE S; Near,3/7/2019 1:06:24 PM,541851.9946,4810041.803,Q2,Working,FALSE