,OBJECTID,ACCIDENTNUM,ACCIDENTDATE,ACCIDENT_YEAR,ACCIDENT_MONTH,ACCIDENT_DAY,ACCIDENT_HOUR,ACCIDENT_MINUTE,Accident_Day,XCOORD,YCOORD,LONGITUDE,LATITUDE,Accident_Location,COLLISIONTYPE,Accident_Type,Impact_Location,Impact_Type,Light,Road_Jurisdication,Traffic_Control,Traffic_Control_Condition,Pedestrian_Involved,Cyclist_Involved,Motorcyclist_Involved,Environment_Condition,Self_Reported,XMLIMPORTNOTES,LASTEDITEDDATE,x,y,Quarter,Day_Type,Vulnerable_Involved
3170,46651,17-140720,6/26/2017 12:45:00 PM,2017,6,26,12,45,Monday,539043.2618,4811197.535,-80.517437,43.452673,Intersection,2,P.D. only,On roadway,Intersection,Daylight,Municipal,Sign Control,Functioning,FALSE,FALSE,FALSE,Clear,FALSE,BELMONT AVE W; ROCK AVE; At,3/7/2019 1:06:22 PM,539043.2618,4811197.535,Q2,Working,FALSE
3171,46652,17-140802,6/26/2017 3:00:00 PM,2017,6,26,15,0,Monday,544718.9023,4810542.499,-80.447344,43.446458,Private Drive,2,P.D. only,Off roadway,SMV,Daylight,Municipal,No control,Unknown,FALSE,FALSE,FALSE,Clear,FALSE,ASKIN PL; ASKIN PL ; At; 2 M,3/7/2019 1:06:21 PM,544718.9023,4810542.499,Q2,Working,FALSE
3172,46653,17-140991,6/26/2017 2:15:00 PM,2017,6,26,14,15,Monday,543598.1491,4808403.153,-80.461365,43.427261,Intersection,2,P.D. only,On roadway,Intersection,Daylight,Municipal,Sign Control,Functioning,FALSE,FALSE,FALSE,Clear,FALSE,MASSEY AVE; BONIFACE AVE; At,3/7/2019 1:06:20 PM,543598.1491,4808403.153,Q2,Working,FALSE
3173,46654,17-141366,6/27/2017 10:04:00 AM,2017,6,27,10,4,Tuesday,543086.6794,4807454.794,-80.467759,43.418752,Intersection,2,P.D. only,On roadway,Rear end,Daylight,Municipal,Sign Control,Functioning,FALSE,FALSE,FALSE,Rain,FALSE,FALLOWFIELD DR; BLOCK LINE RD,3/7/2019 1:06:19 PM,543086.6794,4807454.794,Q2,Working,FALSE
3174,46655,17-141540,6/27/2017 2:07:00 PM,2017,6,27,14,7,Tuesday,546774.704,4804112.164,-80.422489,43.388434,Intersection,1,Non-fatal injury,On roadway,Intersection,Daylight,Municipal,Sign Control,Functioning,FALSE,TRUE,FALSE,Clear,FALSE,DOON VILLAGE RD; DOON SOUTH DR,3/7/2019 1:06:18 PM,546774.704,4804112.164,Q2,Working,FALSE
3175,46656,17-141586,6/26/2017 5:10:00 PM,2017,6,26,17,10,Monday,539832.0221,4811141.71,-80.507693,43.452129,Intersection,2,P.D. only,On roadway,Rear end,Daylight,Municipal,Signal Control,Functioning,FALSE,FALSE,FALSE,Clear,FALSE,PARK ST; DOMINION ST ; Near; 85 M,3/7/2019 1:06:17 PM,539832.0221,4811141.71,Q2,Working,FALSE
3176,46657,17-141709,6/27/2017 6:10:00 PM,2017,6,27,18,10,Tuesday,545545.284,4805410.102,-80.43756,43.400196,Non intersection,2,P.D. only,On roadway,SMV,Daylight,Municipal,No control,Unknown,FALSE,FALSE,FALSE,Clear,FALSE,HURON RD; HURON RD ; 10 M,3/7/2019 1:06:16 PM,545545.284,4805410.102,Q2,Working,FALSE
3177,46658,17-142029,6/28/2017 7:24:00 AM,2017,6,28,7,24,Wednesday,541139.9679,4806763.502,-80.491857,43.412637,Intersection,2,P.D. only,On roadway,SMV,Daylight,Regional,Sign Control,Functioning,FALSE,FALSE,FALSE,Clear,FALSE,BLOCK LINE RD; LAURENTIAN DR; 3 M,3/7/2019 1:06:15 PM,541139.9679,4806763.502,Q2,Working,FALSE
3178,46659,17-142207,6/28/2017 9:30:00 AM,2017,6,28,9,30,Wednesday,541372.2951,4812798.223,-80.48853,43.466961,Private Drive,2,Non-reportable,On roadway,Other,Daylight,Municipal,No control,Unknown,FALSE,FALSE,FALSE,Clear,FALSE,EDWIN ST; EDWIN ST,3/7/2019 1:06:14 PM,541372.2951,4812798.223,Q2,Working,FALSE
3179,46660,17-142532,6/28/2017 5:55:00 PM,2017,6,28,17,55,Wednesday,539111.8576,4811656.153,-80.516556,43.456799,Intersection,2,P.D. only,On roadway,Intersection,Daylight,Municipal,Signal Control,Functioning,FALSE,FALSE,FALSE,Clear,FALSE,PARK ST; UNION BLVD,3/7/2019 1:06:12 PM,539111.8576,4811656.153,Q2,Working,FALSE
3180,46661,17-143275,6/29/2017 1:00:00 PM,2017,6,29,13,0,Thursday,540921.3857,4810570.265,-80.494272,43.446925,Intersection,2,P.D. only,On roadway,Rear end,Daylight,Municipal,Sign Control,Functioning,FALSE,FALSE,FALSE,Rain,FALSE,JUBILEE DR; DAVID ST; Near,3/7/2019 1:06:11 PM,540921.3857,4810570.265,Q2,Weekend,FALSE
3181,46662,17-144022,6/30/2017 1:34:00 PM,2017,6,30,13,34,Friday,544311.6826,4808987.811,-80.452503,43.432484,Non intersection,2,P.D. only,On roadway,Other,Daylight,Municipal,No control,Unknown,FALSE,FALSE,FALSE,Clear,FALSE,FIFTH AVE; CONNAUGHT ST ; Near; 200 M,3/7/2019 1:06:10 PM,544311.6826,4808987.811,Q2,Weekend,FALSE
3182,46663,17-144116,6/30/2017 3:14:00 PM,2017,6,30,15,14,Friday,544448.473,4811317.729,-80.450623,43.453454,Non intersection,2,P.D. only,On roadway,Rear end,Daylight,Municipal,No control,Unknown,FALSE,FALSE,FALSE,Clear,FALSE,HICKSON DR; HALLIWELL DR ; Near; 50 M,3/7/2019 1:06:09 PM,544448.473,4811317.729,Q2,Weekend,FALSE
3183,46664,17-144308,6/30/2017 6:00:00 PM,2017,6,30,18,0,Friday,540115.5588,4810838.694,-80.504211,43.449386,Private Drive,2,P.D. only,Off roadway,SMV,Daylight,Municipal,Sign Control,Functioning,FALSE,FALSE,FALSE,Clear,FALSE,PARK ST; PARK ST ; At; 1 M,3/7/2019 1:06:08 PM,540115.5588,4810838.694,Q2,Weekend,FALSE
3184,46665,17-144646,7/1/2017 3:47:00 AM,2017,7,1,3,47,Saturday,541710.0025,4810677.261,-80.484518,43.447845,Private Drive,2,P.D. only,Off roadway,SMV,Dawn,Municipal,No control,Unknown,FALSE,FALSE,FALSE,Clear,FALSE,EBY ST N; KING ST E; 1 M,3/7/2019 1:06:07 PM,541710.0025,4810677.261,Q3,Weekend,FALSE
3185,46666,17-145287,7/1/2017 11:02:00 PM,2017,7,1,23,2,Saturday,541583.8385,4812033.984,-80.485974,43.460068,Non intersection,2,P.D. only,On roadway,SMV,Dark,Municipal,No control,Unknown,FALSE,FALSE,FALSE,Clear,FALSE,WELLINGTON ST N; WELLINGTON ST N; Near; 1 M,3/7/2019 1:06:06 PM,541583.8385,4812033.984,Q3,Weekend,FALSE
3186,46667,17-145494,7/2/2017 6:32:00 AM,2017,7,2,6,32,Sunday,544436.1789,4808718.483,-80.450986,43.430051,Intersection,2,P.D. only,Off roadway,SMV,Daylight,Municipal,Sign Control,Functioning,FALSE,FALSE,FALSE,Clear,FALSE,CONNAUGHT ST; FRANKLIN ST S; Near; 1 M,3/7/2019 1:06:05 PM,544436.1789,4808718.483,Q3,Weekend,FALSE
3187,46668,17-145596,7/1/2017 6:00:00 PM,2017,7,1,18,0,Saturday,543636.5408,4808688.188,-80.460868,43.429826,Other,2,P.D. only,Off roadway,SMV,Daylight,Other,No control,Unknown,FALSE,FALSE,FALSE,Clear,FALSE,PRIVATE DRIVE; BONIFACE AVE E; Near,3/7/2019 1:06:04 PM,543636.5408,4808688.188,Q3,Weekend,FALSE
3188,46669,17-145687,7/2/2017 1:51:00 PM,2017,7,2,13,51,Sunday,541068,4811108,0,0,Other,1,Non-fatal injury,Off roadway,SMV,Daylight,Municipal,No control,Unknown,FALSE,FALSE,FALSE,Clear,FALSE,GOODRICH DR; WABANAKI DR; At,3/7/2019 1:06:03 PM,541068,4811108,Q3,Weekend,FALSE
3189,46670,17-146357,7/3/2017 11:00:00 AM,2017,7,3,11,0,Monday,544501.6561,4811064.821,-80.449986,43.451174,Private Drive,2,P.D. only,On roadway,Other,Daylight,Municipal,No control,Unknown,FALSE,FALSE,FALSE,Clear,FALSE,CHARLOTTE CRES; CHARLOTTE CRES,3/7/2019 1:06:02 PM,544501.6561,4811064.821,Q3,Working,FALSE
3190,46671,17-147044,7/4/2017 10:05:00 AM,2017,7,4,10,5,Tuesday,538755.7157,4807833.241,-80.52123,43.422396,Non intersection,2,P.D. only,Off roadway,SMV,Daylight,Municipal,No control,Unknown,FALSE,FALSE,FALSE,Clear,FALSE,ELM RIDGE DR ; MCGARRY DR ; At; 75 M,3/7/2019 1:06:01 PM,538755.7157,4807833.241,Q3,Working,FALSE
3191,46672,17-147159,7/4/2017 11:45:00 AM,2017,7,4,11,45,Tuesday,543074.2731,4812796.59,-80.46749,43.46685,Intersection,2,P.D. only,On roadway,Rear end,Daylight,Regional,Signal Control,Functioning,FALSE,FALSE,FALSE,Clear,FALSE,BINGEMANS CENTRE DR ; RIVERBEND DR,3/7/2019 1:05:59 PM,543074.2731,4812796.59,Q3,Working,FALSE
3192,46673,17-147278,7/3/2017 8:00:00 AM,2017,7,3,8,0,Monday,546397.6008,4802847.463,-80.427252,43.37707,Non intersection,2,P.D. only,On roadway,SMV,Daylight,Municipal,No control,Unknown,FALSE,FALSE,FALSE,Clear,FALSE,ROBERT FERRIE DR; ROBERT FERRIE DR; Near,3/7/2019 1:05:58 PM,546397.6008,4802847.463,Q3,Working,FALSE
3193,46674,17-147333,6/30/2017 10:30:00 PM,2017,6,30,22,30,Friday,538123.3572,4809070.161,-80.528955,43.433566,Intersection,2,P.D. only,On roadway,SMV,Dark,Municipal,Sign Control,Functioning,FALSE,FALSE,FALSE,Clear,FALSE,BENESFORT CRES; BENESFORT DR,3/7/2019 1:05:57 PM,538123.3571,4809070.162,Q2,Weekend,FALSE
3194,46675,17-147491,7/4/2017 7:20:00 PM,2017,7,4,19,20,Tuesday,547729.1771,4804246.873,-80.410693,43.389587,Non intersection,1,Non-fatal injury,On roadway,SMV,Daylight,Municipal,No control,Unknown,FALSE,FALSE,TRUE,Clear,FALSE,CONESTOGA COLLEGE BLVD ; DOON VALLEY DR ; Near; 149 M,3/7/2019 1:05:55 PM,547729.1771,4804246.873,Q3,Working,TRUE
3195,46676,17-147504,7/4/2017 5:35:00 PM,2017,7,4,17,35,Tuesday,536970.7723,4807160.377,-80.543325,43.416428,Non intersection,2,P.D. only,On roadway,Intersection,Daylight,Municipal,No control,Unknown,FALSE,FALSE,FALSE,Clear,FALSE,HIGHVIEW DR; HIGHVIEW DR; Near,3/7/2019 1:05:54 PM,536970.7723,4807160.378,Q3,Working,FALSE
3196,46677,17-147856,7/4/2017 2:45:00 PM,2017,7,4,14,45,Tuesday,537053.2705,4807471.48,-80.542285,43.419225,Private Drive,2,P.D. only,Off roadway,SMV,Daylight,Municipal,No control,Unknown,FALSE,FALSE,FALSE,Clear,FALSE,BROKEN OAK CRES; BROKEN OAK CRES; Near,3/7/2019 1:05:52 PM,537053.2705,4807471.48,Q3,Working,FALSE
3197,46678,17-147895,7/4/2017 12:30:00 PM,2017,7,4,12,30,Tuesday,541967.9027,4810650.796,-80.481333,43.447592,Private Drive,2,P.D. only,Off roadway,SMV,Daylight,Municipal,No control,Unknown,FALSE,FALSE,FALSE,Clear,FALSE,MADISON AVE N; MADISON AVE N,3/7/2019 1:05:51 PM,541967.9026,4810650.796,Q3,Working,FALSE
3198,46679,17-147955,7/5/2017 12:07:00 PM,2017,7,5,12,7,Wednesday,540269.8674,4811637.359,-80.502245,43.456569,Intersection,1,Non-fatal injury,On roadway,Intersection,Daylight,Municipal,Sign Control,Functioning,FALSE,FALSE,FALSE,Clear,FALSE,MOORE AVE; SHANLEY ST,3/7/2019 1:05:50 PM,540269.8674,4811637.359,Q3,Working,FALSE
3199,46680,17-148089,7/4/2017 7:15:00 PM,2017,7,4,19,15,Tuesday,539524.339,4806797.774,-80.51181,43.413032,Non intersection,2,P.D. only,On roadway,SMV,Daylight,Municipal,No control,Unknown,FALSE,FALSE,FALSE,Clear,FALSE,GREY FOX DR; GREY FOX DR ; Near,3/7/2019 1:05:49 PM,539524.339,4806797.774,Q3,Working,FALSE
3200,46681,17-148145,7/5/2017 11:30:00 AM,2017,7,5,11,30,Wednesday,540128.1275,4810827.271,-80.504056,43.449282,Non intersection,2,P.D. only,On roadway,Rear end,Daylight,Municipal,No control,Unknown,FALSE,FALSE,FALSE,Clear,FALSE,PARK ST; PARK ST ; Near,3/7/2019 1:05:48 PM,540128.1275,4810827.271,Q3,Working,FALSE
3201,46682,17-148939,7/6/2017 12:46:00 PM,2017,7,6,12,46,Thursday,546536.8863,4805000.31,-80.42535,43.396445,Non intersection,1,Non-fatal injury,On roadway,SMV,Daylight,Municipal,No control,Unknown,FALSE,FALSE,TRUE,Clear,FALSE,MILL PARK DR ; GREEN VALLEY DR ; Near; 42 M,3/7/2019 1:05:47 PM,546536.8863,4805000.31,Q3,Weekend,TRUE
3202,46683,17-149049,7/6/2017 12:30:00 PM,2017,7,6,12,30,Thursday,544610.3971,4809093.171,-80.448803,43.433415,Intersection,2,P.D. only,On roadway,Rear end,Daylight,Regional,Signal Control,Functioning,FALSE,FALSE,FALSE,Clear,FALSE,KINGSWAY DR; FRANKLIN ST S,3/7/2019 1:05:46 PM,544610.3971,4809093.171,Q3,Weekend,FALSE
3203,46684,17-149164,7/6/2017 4:20:00 PM,2017,7,6,16,20,Thursday,545084.2509,4811726.538,-80.442731,43.457097,Intersection,2,P.D. only,On roadway,Intersection,Daylight,Municipal,Sign Control,Functioning,FALSE,FALSE,FALSE,Clear,FALSE,HUDSON CRES; MONTCALM DR,3/7/2019 1:05:45 PM,545084.2509,4811726.538,Q3,Weekend,FALSE
3204,46685,17-149614,7/7/2017 7:20:00 AM,2017,7,7,7,20,Friday,549518.6534,4806193.806,-80.388424,43.407001,Private Drive,2,P.D. only,On roadway,Intersection,Daylight,Municipal,No control,Unknown,FALSE,FALSE,FALSE,Clear,FALSE,GATEWAY PARK DR; GATEWAY PARK DR ; Near,3/7/2019 1:05:44 PM,549518.6534,4806193.806,Q3,Weekend,FALSE
3205,46686,17-150047,7/7/2017 3:00:00 AM,2017,7,7,3,0,Friday,539880.1847,4805709.421,-80.507494,43.403214,Private Drive,2,P.D. only,Off roadway,SMV,Dark,Municipal,No control,Unknown,FALSE,FALSE,FALSE,Clear,FALSE,COPPER LEAF CRES; COPPER LEAF CRES ; At; 8 M,3/7/2019 1:05:43 PM,539880.1847,4805709.421,Q3,Weekend,FALSE
3206,46687,17-150057,7/7/2017 10:15:00 AM,2017,7,7,10,15,Friday,546252.5316,4808800.613,-80.428539,43.430681,Private Drive,2,P.D. only,On roadway,SMV,Daylight,Municipal,No control,Unknown,FALSE,FALSE,FALSE,Clear,FALSE,WINDOM RD; WINDOM RD ; Near,3/7/2019 1:05:42 PM,546252.5315,4808800.613,Q3,Weekend,FALSE
3207,46688,17-150788,7/8/2017 1:36:00 PM,2017,7,8,13,36,Saturday,541151.6067,4810169.215,-80.491457,43.443301,Private Drive,2,P.D. only,On roadway,SMV,Daylight,Municipal,No control,Unknown,FALSE,FALSE,FALSE,Clear,FALSE,WHITNEY PL; 31 WHITNEY PL; Near; 100 M,3/7/2019 1:05:41 PM,541151.6067,4810169.215,Q3,Weekend,FALSE
3208,46689,17-150848,7/8/2017 1:50:00 PM,2017,7,8,13,50,Saturday,541181.3942,4810692.239,-80.491049,43.448009,Intersection,2,P.D. only,On roadway,Intersection,Daylight,Regional,Signal Control,Functioning,FALSE,FALSE,FALSE,Clear,FALSE,QUEEN ST S; JOSEPH ST,3/7/2019 1:05:40 PM,541181.3942,4810692.239,Q3,Weekend,FALSE
3209,46690,17-150913,7/8/2017 3:00:00 PM,2017,7,8,15,0,Saturday,541266.5726,4812423.329,-80.489866,43.463591,Private Drive,2,P.D. only,Off roadway,SMV,Daylight,Municipal,No control,Unknown,FALSE,FALSE,FALSE,Clear,FALSE,BLUCHER ST; BLUCHER ST; Near,3/7/2019 1:05:39 PM,541266.5726,4812423.329,Q3,Weekend,FALSE
3210,46691,17-150927,7/8/2017 4:50:00 PM,2017,7,8,16,50,Saturday,541113.4892,4810747.507,-80.491884,43.44851,Intersection,1,Non-fatal injury,On roadway,SMV,Daylight,Regional,Sign Control,Functioning,TRUE,FALSE,FALSE,Clear,FALSE,JOSEPH ST; ONTARIO ST S,3/7/2019 1:05:38 PM,541113.4892,4810747.508,Q3,Weekend,FALSE
3211,46692,17-151637,7/8/2017 5:30:00 PM,2017,7,8,17,30,Saturday,540796.8323,4806153.565,-80.496141,43.407164,Non intersection,2,P.D. only,Off roadway,SMV,Daylight,Municipal,No control,Unknown,FALSE,FALSE,FALSE,Clear,FALSE,ERINBROOK DR; ERINBROOK DR ; Near,3/7/2019 1:05:37 PM,540796.8323,4806153.565,Q3,Weekend,FALSE
3212,46693,17-152369,7/10/2017 12:23:00 PM,2017,7,10,12,23,Monday,541448.8218,4812106.011,-80.487637,43.460724,Intersection,1,Non-fatal injury,On roadway,Intersection,Daylight,Municipal,Sign Control,Functioning,FALSE,FALSE,FALSE,Clear,FALSE,ST LEGER ST; LOUISA ST,3/7/2019 1:05:36 PM,541448.8218,4812106.011,Q3,Working,FALSE
3213,46694,17-152566,7/10/2017 4:17:00 PM,2017,7,10,16,17,Monday,541175.0492,4808250.983,-80.491312,43.426028,Non intersection,2,P.D. only,On roadway,Rear end,Daylight,Municipal,No control,Unknown,FALSE,FALSE,FALSE,Rain,FALSE,STRASBURG RD ; CHANDLER DR ; 10 M,3/7/2019 1:05:35 PM,541175.0492,4808250.983,Q3,Working,FALSE
3214,46695,17-153545,7/11/2017 3:05:00 PM,2017,7,11,15,5,Tuesday,539316.8006,4810614.452,-80.514098,43.447409,Intersection,2,P.D. only,On roadway,Rear end,Daylight,Regional,Signal Control,Functioning,FALSE,FALSE,FALSE,Clear,FALSE,GAGE AVE; BELMONT AVE W,3/7/2019 1:05:34 PM,539316.8006,4810614.452,Q3,Working,FALSE
3215,46696,17-153965,7/12/2017 8:00:00 AM,2017,7,12,8,0,Wednesday,546873.3561,4811282.713,-80.420656,43.452991,Private Drive,2,P.D. only,On roadway,Other,Daylight,Municipal,No control,Unknown,FALSE,FALSE,FALSE,Clear,FALSE,JANET CRT; JANET CRT; At,3/7/2019 1:05:33 PM,546873.3561,4811282.713,Q3,Working,FALSE
3216,46697,17-154239,6/29/2017 5:15:00 PM,2017,6,29,17,15,Thursday,543070.371,4805497.546,-80.468114,43.40113,Intersection,2,P.D. only,On roadway,Rear end,Daylight,Municipal,Sign Control,Functioning,FALSE,FALSE,FALSE,Clear,FALSE,TRILLIUM DR; STRASBURG RD,3/7/2019 1:05:32 PM,543070.371,4805497.546,Q2,Weekend,FALSE
3217,46698,17-154375,7/12/2017 6:00:00 PM,2017,7,12,18,0,Wednesday,541182.3674,4810690.329,-80.491038,43.447992,Intersection,1,Non-fatal injury,On roadway,Rear end,Daylight,Municipal,Signal Control,Functioning,FALSE,FALSE,FALSE,Clear,FALSE,QUEEN ST S; JOSEPH ST; At,3/7/2019 1:05:31 PM,541182.3674,4810690.329,Q3,Working,FALSE
3218,46699,17-154574,7/12/2017 11:14:00 PM,2017,7,12,23,14,Wednesday,542010.1455,4810483.284,-80.480823,43.446082,Intersection,2,P.D. only,On roadway,Intersection,Dark,Regional,Sign Control,Functioning,FALSE,FALSE,FALSE,Clear,FALSE,KING ST E; CAMERON ST N,3/7/2019 1:05:30 PM,542010.1455,4810483.284,Q3,Working,FALSE
3219,46700,17-154861,7/12/2017 4:10:00 PM,2017,7,12,16,10,Wednesday,542089.2812,4811447.398,-80.479771,43.454758,Intersection,2,P.D. only,On roadway,Rear end,Daylight,Regional,Sign Control,Functioning,FALSE,FALSE,FALSE,Clear,FALSE,FREDERICK ST; SAMUEL ST; At,3/7/2019 1:05:28 PM,542089.2812,4811447.398,Q3,Working,FALSE
3220,46701,17-154906,7/13/2017 8:15:00 AM,2017,7,13,8,15,Thursday,540936.8469,4810557.902,-80.494082,43.446813,Non intersection,2,P.D. only,On roadway,Intersection,Daylight,Regional,No control,Unknown,FALSE,FALSE,FALSE,Clear,FALSE,COURTLAND AVE W; DAVID ST; Near,3/7/2019 1:05:27 PM,540936.8469,4810557.902,Q3,Weekend,FALSE
3221,46702,17-155170,7/13/2017 4:45:00 PM,2017,7,13,16,45,Thursday,539832.0221,4811141.71,-80.507693,43.452129,Intersection,2,P.D. only,On roadway,Rear end,Daylight,Municipal,Signal Control,Functioning,FALSE,FALSE,FALSE,Rain,FALSE,PARK ST; DOMINION ST; Near,3/7/2019 1:05:26 PM,539832.0221,4811141.71,Q3,Weekend,FALSE
3222,46703,17-155956,7/12/2017 7:40:00 PM,2017,7,12,19,40,Wednesday,542048.4002,4812925.411,-80.480162,43.468068,Private Drive,2,P.D. only,On roadway,SMV,Daylight,Municipal,No control,Unknown,FALSE,FALSE,FALSE,Clear,FALSE,MAPLE AVE; MAPLE AVE ; Near,3/7/2019 1:05:25 PM,542048.4002,4812925.411,Q3,Working,FALSE
3223,46704,17-155962,7/10/2017 9:00:00 PM,2017,7,10,21,0,Monday,541068,4811108,0,0,Non intersection,2,P.D. only,On roadway,SMV,Dark,Municipal,No control,Unknown,FALSE,FALSE,FALSE,Clear,FALSE,ARBOURVIEW CRES; ARBOURVIEW CRES; At,3/7/2019 1:05:24 PM,541068,4811108,Q3,Working,FALSE
3224,46705,17-156004,7/14/2017 4:54:00 PM,2017,7,14,16,54,Friday,542108.4248,4807128.204,-80.479868,43.415867,Intersection,2,P.D. only,On roadway,Rear end,Daylight,Regional,Signal Control,Functioning,FALSE,FALSE,FALSE,Clear,FALSE,STRASBURG RD ; BLOCK LINE RD ; At; 20 M,3/7/2019 1:05:22 PM,542108.4248,4807128.204,Q3,Weekend,FALSE
3225,46706,17-156642,7/14/2017 10:30:00 PM,2017,7,14,22,30,Friday,546043.8509,4809621.793,-80.431048,43.438088,Private Drive,2,P.D. only,On roadway,SMV,Dark,Municipal,No control,Unknown,FALSE,FALSE,FALSE,Clear,FALSE,VERONICA DR; VERONICA DR,3/7/2019 1:05:21 PM,546043.8509,4809621.793,Q3,Weekend,FALSE
3226,46707,17-156734,7/15/2017 12:13:00 PM,2017,7,15,12,13,Saturday,541068,4811108,0,0,Private Drive,2,P.D. only,Off roadway,SMV,Daylight,Other,No control,Unknown,FALSE,FALSE,FALSE,Clear,FALSE,DRIVEWAY; OLIVIA ST ; At; 8 M,3/7/2019 1:05:20 PM,541068,4811108,Q3,Weekend,FALSE
3227,46708,17-156902,7/15/2017 11:15:00 AM,2017,7,15,11,15,Saturday,536585.8539,4806744.889,-80.548108,43.412705,Non intersection,2,P.D. only,On roadway,SMV,Daylight,Municipal,No control,Unknown,FALSE,FALSE,FALSE,Clear,FALSE,HODDLE CRES; HODDLE CRES; At; 4 M,3/7/2019 1:05:18 PM,536585.8539,4806744.889,Q3,Weekend,FALSE
3228,46709,17-156917,7/15/2017 3:30:00 PM,2017,7,15,15,30,Saturday,544845.9019,4810495.771,-80.445778,43.44603,Private Drive,2,P.D. only,Off roadway,SMV,Daylight,Municipal,No control,Unknown,FALSE,FALSE,FALSE,Clear,FALSE,MIDLAND DR; MIDLAND DR ; At,3/7/2019 1:05:17 PM,544845.9019,4810495.771,Q3,Weekend,FALSE
3229,46710,17-157597,7/15/2017 2:30:00 PM,2017,7,15,14,30,Saturday,541266.1665,4810180.574,-80.49004,43.443397,Private Drive,2,P.D. only,On roadway,Other,Daylight,Municipal,Sign Control,Functioning,FALSE,FALSE,FALSE,Clear,FALSE,PETER ST; PETER ST ; At,3/7/2019 1:05:16 PM,541266.1665,4810180.574,Q3,Weekend,FALSE
3230,46711,17-157672,7/14/2017 5:20:00 PM,2017,7,14,17,20,Friday,540618.9216,4810957.227,-80.497981,43.450426,Intersection,2,P.D. only,On roadway,Intersection,Daylight,Municipal,Sign Control,Functioning,FALSE,FALSE,FALSE,Clear,FALSE,JOSEPH ST; LINDEN AVE,3/7/2019 1:05:15 PM,540618.9216,4810957.227,Q3,Weekend,FALSE
3231,46712,17-157692,7/16/2017 1:15:00 PM,2017,7,16,13,15,Sunday,540588.2138,4810381.081,-80.498403,43.44524,Non intersection,2,P.D. only,On roadway,Other,Daylight,Municipal,No control,Unknown,FALSE,FALSE,FALSE,Clear,FALSE,SCHNEIDER AVE; DAVID ST; Near,3/7/2019 1:05:14 PM,540588.2138,4810381.081,Q3,Weekend,FALSE
3232,46713,17-158209,7/17/2017 9:05:00 AM,2017,7,17,9,5,Monday,542982.8547,4812756.181,-80.468624,43.466492,Non intersection,2,P.D. only,On roadway,Rear end,Daylight,Municipal,No control,Unknown,FALSE,FALSE,FALSE,Clear,FALSE,SHIRLEY AVE; WELLINGTON RD; 100 M,3/7/2019 1:05:13 PM,542982.8547,4812756.181,Q3,Working,FALSE
3233,46714,17-158692,7/17/2017 8:10:00 PM,2017,7,17,20,10,Monday,539216.8756,4805534.858,-80.515698,43.401677,Private Drive,1,Non-fatal injury,On roadway,SMV,Dusk,Regional,No control,Unknown,FALSE,FALSE,FALSE,Clear,FALSE,HENHOEFFER CRES; HENHOEFFER CRES ; Near; 0 M,3/7/2019 1:05:12 PM,539216.8756,4805534.858,Q3,Working,FALSE
3234,46715,17-158711,7/17/2017 9:15:00 PM,2017,7,17,21,15,Monday,544884.1098,4804848.323,-80.44577,43.395178,Intersection,1,Non-fatal injury,On roadway,Intersection,Dark,Municipal,Signal Control,Functioning,FALSE,FALSE,FALSE,Clear,FALSE,PIONEER DR; DOON VILLAGE RD,3/7/2019 1:05:11 PM,544884.1098,4804848.323,Q3,Working,FALSE
3235,46716,17-159165,7/18/2017 11:30:00 AM,2017,7,18,11,30,Tuesday,545107.6451,4807726.635,-80.442773,43.421081,Non intersection,2,P.D. only,On roadway,Intersection,Daylight,Municipal,No control,Unknown,FALSE,FALSE,FALSE,Clear,FALSE,WILSON AVE; FAIRWAY RD S; Near,3/7/2019 1:05:09 PM,545107.6451,4807726.635,Q3,Working,FALSE
3236,46717,17-159314,7/18/2017 3:00:00 PM,2017,7,18,15,0,Tuesday,540928.7282,4806983.777,-80.49445,43.414632,Non intersection,2,P.D. only,On roadway,SMV,Daylight,Municipal,No control,Unknown,FALSE,FALSE,FALSE,Clear,FALSE,BRIARGATE DR; BRIARGATE DR; At,3/7/2019 1:05:07 PM,540928.7282,4806983.777,Q3,Working,FALSE
3237,46718,17-159429,7/6/2017 6:00:00 AM,2017,7,6,6,0,Thursday,541852.7476,4803513.072,-80.483302,43.38333,Intersection,2,P.D. only,On roadway,Intersection,Daylight,Regional,Sign Control,Functioning,FALSE,FALSE,FALSE,Clear,FALSE,HURON RD; WOODBINE AVE,3/7/2019 1:05:06 PM,541852.7476,4803513.072,Q3,Weekend,FALSE
3238,46719,17-160025,7/19/2017 1:02:00 PM,2017,7,19,13,2,Wednesday,547122.5158,4808324.184,-80.417832,43.426337,Private Drive,2,P.D. only,On roadway,SMV,Daylight,Regional,No control,Unknown,FALSE,FALSE,FALSE,Clear,FALSE,PRIVATE DRIVE; MANOR DR; At; 5 M,3/7/2019 1:05:04 PM,547122.5158,4808324.184,Q3,Working,FALSE
3239,46720,17-160744,7/20/2017 9:30:00 AM,2017,7,20,9,30,Thursday,539577.912,4811443.705,-80.510811,43.454862,Private Drive,2,Non-reportable,On roadway,Intersection,Daylight,Municipal,No control,Unknown,FALSE,FALSE,FALSE,Clear,FALSE,GREEN ST; GREEN ST,3/7/2019 1:05:03 PM,539577.912,4811443.705,Q3,Weekend,FALSE
3240,46721,17-160814,7/20/2017 5:30:00 AM,2017,7,20,5,30,Thursday,538348.274,4808176.721,-80.526239,43.42551,Non intersection,2,P.D. only,On roadway,SMV,Dark,Municipal,No control,Unknown,FALSE,FALSE,FALSE,Clear,FALSE,ELM RIDGE DR; ELM RIDGE DR,3/7/2019 1:05:02 PM,538348.274,4808176.721,Q3,Weekend,FALSE
3241,46722,17-160844,7/20/2017 1:20:00 PM,2017,7,20,13,20,Thursday,538374.6082,4807497.788,-80.525961,43.419395,Private Drive,2,P.D. only,On roadway,Other,Daylight,Municipal,No control,Unknown,FALSE,FALSE,FALSE,Clear,FALSE,MEADOWLANE DR; MEADOWLANE DR,3/7/2019 1:05:01 PM,538374.6082,4807497.788,Q3,Weekend,FALSE