,OBJECTID,ACCIDENTNUM,ACCIDENTDATE,ACCIDENT_YEAR,ACCIDENT_MONTH,ACCIDENT_DAY,ACCIDENT_HOUR,ACCIDENT_MINUTE,Accident_Day,XCOORD,YCOORD,LONGITUDE,LATITUDE,Accident_Location,COLLISIONTYPE,Accident_Type,Impact_Location,Impact_Type,Light,Road_Jurisdication,Traffic_Control,Traffic_Control_Condition,Pedestrian_Involved,Cyclist_Involved,Motorcyclist_Involved,Environment_Condition,Self_Reported,XMLIMPORTNOTES,LASTEDITEDDATE,x,y,Quarter,Day_Type,Vulnerable_Involved
3242,46723,17-160910,7/20/2017 2:45:00 PM,2017,7,20,14,45,Thursday,541913.128,4811654.446,-80.481932,43.456632,Private Drive,2,P.D. only,On roadway,Intersection,Daylight,Regional,No control,Unknown,FALSE,FALSE,FALSE,Clear,FALSE,LANCASTER ST E; LANCASTER ST E,3/7/2019 1:05:00 PM,541913.128,4811654.446,Q3,Weekend,FALSE
3243,46724,17-161133,7/19/2017 2:50:00 PM,2017,7,19,14,50,Wednesday,540923.5474,4809519.022,-80.494324,43.43746,Private Drive,2,P.D. only,On roadway,SMV,Daylight,Municipal,No control,Unknown,FALSE,FALSE,FALSE,Clear,FALSE,LORNE CRES; LORNE CRES; At,3/7/2019 1:04:59 PM,540923.5474,4809519.022,Q3,Working,FALSE
3244,46725,17-161725,7/21/2017 1:18:00 PM,2017,7,21,13,18,Friday,539607.5582,4809634.131,-80.510576,43.438567,Non intersection,2,P.D. only,On roadway,Intersection,Daylight,Municipal,No control,Unknown,FALSE,FALSE,FALSE,Clear,FALSE,LAWRENCE AVE; HIGHLAND RD W; 50 M,3/7/2019 1:04:58 PM,539607.5582,4809634.131,Q3,Weekend,FALSE
3245,46726,17-161940,7/21/2017 6:18:00 PM,2017,7,21,18,18,Friday,544152.5139,4808046.817,-80.454545,43.42402,Non intersection,1,Non-fatal injury,Off roadway,SMV,Daylight,Municipal,No control,Unknown,FALSE,FALSE,FALSE,Clear,FALSE,WOODHAVEN RD; REYBURN AVE ; 75 M,3/7/2019 1:04:55 PM,544152.5139,4808046.818,Q3,Weekend,FALSE
3246,46727,17-162747,7/22/2017 6:30:00 PM,2017,7,22,18,30,Saturday,542560.3912,4812549.819,-80.473862,43.464658,Intersection,2,P.D. only,On roadway,Rear end,Daylight,Regional,Signal Control,Functioning,FALSE,FALSE,FALSE,Clear,FALSE,85 S OFF TO WELLINGTON ST N; WELLINGTON ST N,3/7/2019 1:04:54 PM,542560.3912,4812549.819,Q3,Weekend,FALSE
3247,46728,17-162819,7/22/2017 8:45:00 PM,2017,7,22,20,45,Saturday,541499.3319,4811995.502,-80.487021,43.459726,Intersection,2,P.D. only,On roadway,Rear end,Dusk,Municipal,Sign Control,Functioning,FALSE,FALSE,FALSE,Rain,FALSE,WELLINGTON ST N; ST LEGER ST ; 4 M,3/7/2019 1:04:53 PM,541499.3319,4811995.502,Q3,Weekend,FALSE
3248,46729,17-163343,7/22/2017 1:30:00 PM,2017,7,22,13,30,Saturday,536762.3184,4810020.442,-80.545708,43.44219,Non intersection,2,P.D. only,Off roadway,SMV,Daylight,Municipal,No control,Unknown,FALSE,FALSE,FALSE,Clear,FALSE,GLASGOW ST; UNIVERSITY AVE W; Near,3/7/2019 1:04:51 PM,536762.3184,4810020.442,Q3,Weekend,FALSE
3249,46730,17-164339,7/24/2017 6:00:00 PM,2017,7,24,18,0,Monday,541141.319,4806763.254,-80.491841,43.412634,Intersection,2,P.D. only,On roadway,Intersection,Daylight,Municipal,Sign Control,Functioning,FALSE,FALSE,FALSE,Clear,FALSE,BLOCK LINE RD ; LAURENTIAN DR,3/7/2019 1:04:50 PM,541141.319,4806763.254,Q3,Working,FALSE
3250,46731,17-164929,7/25/2017 1:00:00 PM,2017,7,25,13,0,Tuesday,544069.9723,4807677.226,-80.455595,43.420697,Private Drive,2,P.D. only,On roadway,SMV,Daylight,Municipal,No control,Unknown,FALSE,FALSE,FALSE,Clear,FALSE,VANIER DR; VANIER DR; Near,3/7/2019 1:04:48 PM,544069.9723,4807677.226,Q3,Working,FALSE
3251,46732,17-165193,7/25/2017 7:26:00 PM,2017,7,25,19,26,Tuesday,546465.532,4803579.597,-80.426351,43.383658,Private Drive,2,P.D. only,On roadway,Intersection,Daylight,Municipal,No control,Unknown,FALSE,FALSE,FALSE,Clear,FALSE,DOON SOUTH DR; DOON SOUTH DR ; Near; 20 M,3/7/2019 1:04:45 PM,546465.532,4803579.597,Q3,Working,FALSE
3252,46733,17-165632,7/25/2017 2:30:00 PM,2017,7,25,14,30,Tuesday,541824.3828,4812013.216,-80.483002,43.459868,Non intersection,2,P.D. only,On roadway,SMV,Daylight,Regional,No control,Unknown,FALSE,FALSE,FALSE,Clear,FALSE,BREITHAUPT ST; LANCASTER ST W,3/7/2019 1:04:44 PM,541824.3828,4812013.216,Q3,Working,FALSE
3253,46734,17-165829,7/25/2017 5:30:00 PM,2017,7,25,17,30,Tuesday,540722.7044,4811107.488,-80.496687,43.451773,Intersection,2,P.D. only,On roadway,Intersection,Daylight,Municipal,Sign Control,Functioning,FALSE,FALSE,FALSE,Clear,FALSE,HALLS LANE W; FRANCIS ST S,3/7/2019 1:04:43 PM,540722.7044,4811107.488,Q3,Working,FALSE
3254,46735,17-166074,7/26/2017 7:42:00 PM,2017,7,26,19,42,Wednesday,539298.5512,4810660.02,-80.514321,43.44782,Non intersection,2,P.D. only,On roadway,Rear end,Dusk,Municipal,No control,Unknown,FALSE,FALSE,FALSE,Rain,FALSE,BELMONT AVE W; GLASGOW ST ; 500 M,3/7/2019 1:04:42 PM,539298.5512,4810660.02,Q3,Working,FALSE
3255,46736,17-166851,7/27/2017 6:41:00 PM,2017,7,27,18,41,Thursday,540203.3674,4812018.857,-80.503038,43.460007,Non intersection,2,P.D. only,Off roadway,SMV,Daylight,Municipal,No control,Unknown,FALSE,FALSE,FALSE,Clear,FALSE,WATERLOO ST; DUKE ST W; Near; 75 M,3/7/2019 1:04:40 PM,540203.3674,4812018.857,Q3,Weekend,FALSE
3256,46737,17-167356,7/28/2017 12:30:00 PM,2017,7,28,12,30,Friday,541572.7336,4810036.751,-80.486263,43.442085,Private Drive,2,P.D. only,On roadway,Other,Daylight,Municipal,Signal Control,Functioning,FALSE,FALSE,FALSE,Clear,FALSE,MADISON AVE S; MADISON AVE S; At; 5 M,3/7/2019 1:04:39 PM,541572.7336,4810036.751,Q3,Weekend,FALSE
3257,46738,17-167396,7/28/2017 1:00:00 PM,2017,7,28,13,0,Friday,542127.8047,4807106.5,-80.47963,43.41567,Private Drive,2,P.D. only,On roadway,Rear end,Daylight,Municipal,No control,Unknown,FALSE,FALSE,FALSE,Clear,FALSE,STRASBURG RD ; STRASBURG RD ; Near,3/7/2019 1:04:38 PM,542127.8047,4807106.5,Q3,Weekend,FALSE
3258,46739,17-167643,7/28/2017 7:06:00 PM,2017,7,28,19,6,Friday,543855.49,4805114.308,-80.45845,43.397633,Intersection,1,Non-fatal injury,On roadway,Intersection,Daylight,Municipal,Signal Control,Functioning,FALSE,FALSE,FALSE,Clear,FALSE,HURON RD; TRILLIUM DR,3/7/2019 1:04:37 PM,543855.49,4805114.308,Q3,Weekend,FALSE
3259,46740,17-167657,7/28/2017 7:27:00 PM,2017,7,28,19,27,Friday,544883.1884,4804847.428,-80.445782,43.39517,Intersection,2,P.D. only,On roadway,Intersection,Daylight,Municipal,Signal Control,Functioning,FALSE,FALSE,FALSE,Clear,FALSE,DOON VILLAGE RD; PIONEER DR,3/7/2019 1:04:36 PM,544883.1884,4804847.428,Q3,Weekend,FALSE
3260,46741,17-169510,7/31/2017 8:01:00 AM,2017,7,31,8,1,Monday,539990.4939,4811358.642,-80.505718,43.454074,Intersection,2,P.D. only,On roadway,Rear end,Daylight,Municipal,Sign Control,Functioning,FALSE,FALSE,FALSE,Clear,FALSE,WALTER ST; AGNES ST; Near; 50 M,3/7/2019 1:04:34 PM,539990.4939,4811358.642,Q3,Working,FALSE
3261,46742,17-169744,7/31/2017 12:09:00 PM,2017,7,31,12,9,Monday,543230.1221,4804481.139,-80.466222,43.391969,Intersection,2,P.D. only,On roadway,SMV,Daylight,Regional,Sign Control,Functioning,FALSE,FALSE,FALSE,Clear,FALSE,HURON RD; STRASBURG RD,3/7/2019 1:04:33 PM,543230.1221,4804481.14,Q3,Working,FALSE
3262,46743,17-169901,7/31/2017 1:35:00 PM,2017,7,31,13,35,Monday,542107.4611,4807130.806,-80.479879,43.41589,Intersection,2,P.D. only,On roadway,Rear end,Daylight,Regional,Signal Control,Functioning,FALSE,FALSE,FALSE,Clear,FALSE,STRASBURG RD; BLOCK LINE RD,3/7/2019 1:04:32 PM,542107.4611,4807130.806,Q3,Working,FALSE
3263,46744,17-169918,7/31/2017 3:28:00 PM,2017,7,31,15,28,Monday,542317.5164,4806862.158,-80.477306,43.41346,Private Drive,1,Non-fatal injury,On roadway,Intersection,Daylight,Municipal,No control,Unknown,FALSE,FALSE,FALSE,Clear,FALSE,STRASBURG RD; OTTAWA ST S; At; 1 M,3/7/2019 1:04:31 PM,542317.5164,4806862.158,Q3,Working,FALSE
3264,46745,17-169973,7/31/2017 4:45:00 PM,2017,7,31,16,45,Monday,544866.5138,4804329.388,-80.44603,43.390506,Private Drive,2,P.D. only,Off roadway,SMV,Daylight,Municipal,No control,Unknown,FALSE,FALSE,FALSE,Clear,FALSE,WHEATFIELD CRES; WHEATFIELD CRES ; At; 1 M,3/7/2019 1:04:30 PM,544866.5138,4804329.388,Q3,Working,FALSE
3265,46746,17-170078,7/31/2017 3:45:00 PM,2017,7,31,15,45,Monday,542404.5314,4805692.68,-80.476322,43.402925,Non intersection,2,P.D. only,On roadway,Intersection,Daylight,Municipal,No control,Unknown,FALSE,FALSE,FALSE,Clear,FALSE,MCBRINE DR; MCBRINE DR ; Near,3/7/2019 1:04:29 PM,542404.5314,4805692.68,Q3,Working,FALSE
3266,46747,17-170792,8/1/2017 5:00:00 PM,2017,8,1,17,0,Tuesday,537423.9906,4807484.269,-80.537705,43.419321,Non intersection,2,P.D. only,On roadway,SMV,Daylight,Municipal,No control,Unknown,FALSE,FALSE,TRUE,Clear,FALSE,WINDING WAY; WINDING WAY,3/7/2019 1:04:28 PM,537423.9906,4807484.269,Q3,Working,TRUE
3267,46748,17-170892,8/1/2017 7:46:00 PM,2017,8,1,19,46,Tuesday,543303.2847,4804588.989,-80.46531,43.392935,Non intersection,2,P.D. only,Off roadway,SMV,Daylight,Municipal,No control,Unknown,FALSE,FALSE,FALSE,Clear,FALSE,HURON RD; STRASBURG RD; 89 M,3/7/2019 1:04:27 PM,543303.2847,4804588.989,Q3,Working,FALSE
3268,46749,17-171653,8/2/2017 2:00:00 PM,2017,8,2,14,0,Wednesday,541068,4811108,0,0,Non intersection,2,P.D. only,On roadway,SMV,Daylight,Municipal,No control,Unknown,FALSE,FALSE,FALSE,Clear,FALSE,ORR CRT; ORR CRT; Near,3/7/2019 1:04:26 PM,541068,4811108,Q3,Working,FALSE
3269,46750,17-172430,8/3/2017 3:48:00 PM,2017,8,3,15,48,Thursday,543070.9991,4812802.724,-80.46753,43.466906,Intersection,2,P.D. only,On roadway,Intersection,Daylight,Regional,Signal Control,Functioning,FALSE,FALSE,FALSE,Clear,FALSE,RIVERBEND DR; WELLINGTON ST N,3/7/2019 1:04:25 PM,543070.9991,4812802.724,Q3,Weekend,FALSE
3270,46751,17-172517,8/3/2017 4:18:00 PM,2017,8,3,16,18,Thursday,543444.5446,4805629.206,-80.463483,43.402294,Non intersection,2,P.D. only,On roadway,Rear end,Daylight,Municipal,No control,Unknown,FALSE,FALSE,FALSE,Rain,FALSE,TRILLIUM DR; TRILLIUM DR ; Near,3/7/2019 1:04:24 PM,543444.5446,4805629.206,Q3,Weekend,FALSE
3271,46752,17-172533,8/2/2017 3:45:00 PM,2017,8,2,15,45,Wednesday,541667.1329,4810871.1,-80.485033,43.449593,Non intersection,2,P.D. only,On roadway,SMV,Daylight,Regional,No control,Unknown,FALSE,FALSE,FALSE,Clear,FALSE,SCOTT ST; SCOTT ST ; At,3/7/2019 1:04:23 PM,541667.1329,4810871.1,Q3,Working,FALSE
3272,46753,17-172915,8/4/2017 7:41:00 AM,2017,8,4,7,41,Friday,543900.6334,4805125.353,-80.457892,43.39773,Non intersection,2,P.D. only,On roadway,Intersection,Daylight,Regional,No control,Unknown,FALSE,FALSE,FALSE,Clear,FALSE,HURON RD; TRILLIUM DR ; Near; 47 M,3/7/2019 1:04:21 PM,543900.6334,4805125.353,Q3,Weekend,FALSE
3273,46754,17-173090,8/4/2017 11:00:00 AM,2017,8,4,11,0,Friday,543138.3171,4812723.647,-80.466704,43.46619,Non intersection,2,P.D. only,On roadway,Rear end,Daylight,Regional,No control,Unknown,FALSE,FALSE,FALSE,Clear,FALSE,SHIRLEY AVE; WELLINGTON ST N; Near; 100 M,3/7/2019 1:04:20 PM,543138.3171,4812723.647,Q3,Weekend,FALSE
3274,46755,17-173347,8/4/2017 5:39:00 PM,2017,8,4,17,39,Friday,543311.202,4808446.106,-80.464907,43.427665,Intersection,1,Non-fatal injury,Off roadway,SMV,Daylight,Municipal,No control,Unknown,FALSE,FALSE,FALSE,Clear,FALSE,KIPLING AVE; WALTON AVE ; At; 50 M,3/7/2019 1:04:19 PM,543311.202,4808446.107,Q3,Weekend,FALSE
3275,46756,17-173351,8/1/2017 6:20:00 AM,2017,8,1,6,20,Tuesday,539441.8975,4809839.204,-80.512608,43.440422,Non intersection,2,P.D. only,Off roadway,SMV,Daylight,Regional,No control,Unknown,FALSE,FALSE,FALSE,Clear,FALSE,LAWRENCE AVE; LAWRENCE AVE; 1 M,3/7/2019 1:04:18 PM,539441.8975,4809839.204,Q3,Working,FALSE
3276,46757,17-174153,8/5/2017 6:29:00 PM,2017,8,5,18,29,Saturday,539697.2503,4806600.913,-80.509688,43.411251,Private Drive,1,Non-fatal injury,Off roadway,SMV,Daylight,Municipal,No control,Unknown,FALSE,FALSE,FALSE,Clear,FALSE,ACTIVA AVE; ACTIVA AVE ; At; 2 M,3/7/2019 1:04:17 PM,539697.2503,4806600.913,Q3,Weekend,FALSE
3277,46758,17-174675,8/6/2017 12:00:00 PM,2017,8,6,12,0,Sunday,543086.6672,4807456.712,-80.467759,43.418769,Intersection,2,Non-reportable,On roadway,Intersection,Daylight,Regional,Sign Control,Functioning,FALSE,FALSE,FALSE,Clear,FALSE,FALLOWFIELD DR; BLOCK LINE RD,3/7/2019 1:04:16 PM,543086.6672,4807456.712,Q3,Weekend,FALSE
3278,46759,17-175164,8/7/2017 3:05:00 AM,2017,8,7,3,5,Monday,538069.9794,4810011.042,-80.529549,43.44204,Private Drive,1,Non-fatal injury,Off roadway,SMV,Daylight,Other,No control,Unknown,FALSE,FALSE,FALSE,Clear,FALSE,HAZELGLEN DR; HAZELGLEN DR; At; 0 M,3/7/2019 1:04:15 PM,538069.9794,4810011.042,Q3,Working,FALSE
3279,46760,17-175937,8/8/2017 12:30:00 AM,2017,8,8,0,30,Tuesday,544572.9577,4812075.039,-80.449022,43.460266,Intersection,2,P.D. only,Off roadway,SMV,Dark,Municipal,Sign Control,Functioning,FALSE,FALSE,FALSE,Clear,FALSE,CARSON DR; CONFEDERATION DR,1/30/2020 12:00:09 PM,544572.9577,4812075.039,Q3,Working,FALSE
3280,46761,17-175973,8/8/2017 9:40:00 AM,2017,8,8,9,40,Tuesday,544280.7855,4810875.288,-80.452731,43.44948,Other,2,P.D. only,Off roadway,SMV,Daylight,Other,No control,Unknown,FALSE,FALSE,FALSE,Clear,FALSE,PRIVATE DRIVE; CRAIG DR,3/7/2019 1:04:14 PM,544280.7855,4810875.288,Q3,Working,FALSE
3281,46762,17-176352,8/8/2017 5:45:00 PM,2017,8,8,17,45,Tuesday,543391.3408,4804756.984,-80.46421,43.394443,Intersection,2,P.D. only,On roadway,Intersection,Daylight,Regional,Signal Control,Functioning,FALSE,FALSE,FALSE,Clear,FALSE,HURON RD ; TEMPLEWOOD DR ; Near; 15 M,3/7/2019 1:04:13 PM,543391.3407,4804756.984,Q3,Working,FALSE
3282,46763,17-176363,8/8/2017 6:00:00 PM,2017,8,8,18,0,Tuesday,543563.6651,4812259.079,-80.461483,43.461982,Intersection,1,Non-fatal injury,On roadway,Intersection,Daylight,Regional,Signal Control,Functioning,FALSE,FALSE,TRUE,Clear,FALSE,RIVER RD E; FREDERICK ST,3/7/2019 1:04:12 PM,543563.6651,4812259.079,Q3,Working,TRUE
3283,46764,17-176586,8/8/2017 11:44:00 PM,2017,8,8,23,44,Tuesday,544930.1005,4811023.145,-80.444695,43.450773,Private Drive,1,Non-fatal injury,On roadway,Intersection,Dark,Regional,No control,Unknown,FALSE,FALSE,TRUE,Clear,FALSE,RIVER RD E; OTTAWA ST N; 1 M,3/7/2019 1:04:10 PM,544930.1005,4811023.145,Q3,Working,TRUE
3284,46765,17-176779,8/9/2017 8:47:00 AM,2017,8,9,8,47,Wednesday,541182.5806,4810691.657,-80.491035,43.448004,Intersection,1,Non-fatal injury,On roadway,SMV,Daylight,Regional,Signal Control,Functioning,TRUE,FALSE,FALSE,Clear,FALSE,JOSEPH ST; QUEEN ST S,3/7/2019 1:04:09 PM,541182.5806,4810691.657,Q3,Working,FALSE
3285,46766,17-177188,8/9/2017 5:00:00 PM,2017,8,9,17,0,Wednesday,543296.7559,4812141.846,-80.464792,43.460942,Non intersection,2,P.D. only,On roadway,Intersection,Daylight,Regional,No control,Unknown,FALSE,FALSE,FALSE,Clear,FALSE,FREDERICK ST; ETHEL ST; Near; 150 M,3/7/2019 1:04:08 PM,543296.7559,4812141.846,Q3,Working,FALSE
3286,46767,17-177930,8/10/2017 3:47:00 PM,2017,8,10,15,47,Thursday,544368.8201,4808558.393,-80.451832,43.428614,Private Drive,2,P.D. only,On roadway,SMV,Daylight,Municipal,No control,Unknown,FALSE,FALSE,FALSE,Clear,FALSE,FRANKLIN ST S; FRANKLIN ST S; 3 M,3/7/2019 1:04:07 PM,544368.8201,4808558.393,Q3,Weekend,FALSE
3287,46768,17-178113,8/10/2017 10:00:00 AM,2017,8,10,10,0,Thursday,539027.0735,4810159.389,-80.517711,43.443327,Non intersection,2,P.D. only,On roadway,SMV,Daylight,Regional,No control,Unknown,FALSE,FALSE,FALSE,Clear,FALSE,KARN ST; ALICE AVE; Near,3/7/2019 1:04:06 PM,539027.0735,4810159.389,Q3,Weekend,FALSE
3288,46769,17-178595,8/11/2017 12:45:00 PM,2017,8,11,12,45,Friday,542405.6317,4806620.142,-80.476236,43.411275,Intersection,2,P.D. only,Off roadway,SMV,Daylight,Municipal,Sign Control,Functioning,FALSE,FALSE,FALSE,Rain,FALSE,STRASBURG RD; OLD COUNTRY DR; 10 M,3/7/2019 1:04:05 PM,542405.6317,4806620.142,Q3,Weekend,FALSE
3289,46770,17-178651,8/11/2017 12:45:00 PM,2017,8,11,12,45,Friday,538900.5585,4811473.099,-80.519181,43.455162,Intersection,2,P.D. only,On roadway,Intersection,Daylight,Municipal,Signal Control,Functioning,FALSE,FALSE,FALSE,Rain,FALSE,BELMONT AVE W; UNION BLVD; 2 M,1/30/2020 12:00:09 PM,538900.5585,4811473.099,Q3,Weekend,FALSE
3290,46771,17-178797,8/11/2017 3:55:00 PM,2017,8,11,15,55,Friday,540472.5781,4809716.79,-80.499882,43.439265,Private Drive,1,Non-fatal injury,On roadway,Intersection,Daylight,Regional,Sign Control,Functioning,FALSE,FALSE,FALSE,Clear,FALSE,QUEENS BLVD; FISCHER HALLMAN RD; At; 4 M,3/7/2019 1:04:04 PM,540472.5781,4809716.79,Q3,Weekend,FALSE
3291,46772,17-179662,8/12/2017 6:41:00 PM,2017,8,12,18,41,Saturday,544210.3957,4811863.794,-80.453521,43.458385,Intersection,2,P.D. only,On roadway,SMV,Daylight,Regional,Sign Control,Functioning,FALSE,FALSE,FALSE,Clear,FALSE,RIVER RD E; NIAGARA RD ; 2 M,3/7/2019 1:04:03 PM,544210.3957,4811863.794,Q3,Weekend,FALSE
3292,46773,17-180156,8/13/2017 7:00:00 AM,2017,8,13,7,0,Sunday,545983.3376,4809238.945,-80.431828,43.434644,Private Drive,2,P.D. only,On roadway,SMV,Dark,Municipal,No control,Unknown,FALSE,FALSE,FALSE,Clear,FALSE,THALER AVE; THALER AVE ; 6 M,3/7/2019 1:04:02 PM,545983.3376,4809238.946,Q3,Weekend,FALSE
3293,46774,17-180375,8/11/2017 1:00:00 AM,2017,8,11,1,0,Friday,540948.8665,4810548.665,-80.493934,43.446729,Non intersection,2,P.D. only,Off roadway,SMV,Daylight,Regional,No control,Unknown,FALSE,FALSE,FALSE,Clear,FALSE,COURTLAND AVE W; COURTLAND AVE W; At; 2 M,3/7/2019 1:04:01 PM,540948.8665,4810548.665,Q3,Weekend,FALSE
3294,46775,17-180797,8/14/2017 8:15:00 AM,2017,8,14,8,15,Monday,543572.5504,4808932.268,-80.461639,43.432027,Non intersection,2,P.D. only,On roadway,Rear end,Daylight,Municipal,No control,Unknown,FALSE,FALSE,FALSE,Clear,FALSE,DIXON ST; PLYMOUTH RD ; Near; 100 M,3/7/2019 1:03:59 PM,543572.5504,4808932.268,Q3,Working,FALSE
3295,46776,17-180956,8/7/2017 3:00:00 PM,2017,8,7,15,0,Monday,540886.7579,4812351.271,-80.494566,43.462963,Private Drive,2,P.D. only,On roadway,SMV,Daylight,Municipal,No control,Unknown,FALSE,FALSE,FALSE,Clear,FALSE,GUELPH ST; GUELPH ST; At,3/7/2019 1:03:58 PM,540886.7579,4812351.271,Q3,Working,FALSE
3296,46777,17-180980,8/14/2017 12:04:00 PM,2017,8,14,12,4,Monday,539576.5866,4810752.996,-80.510878,43.448643,Non intersection,1,Non-fatal injury,Off roadway,SMV,Daylight,Regional,No control,Unknown,FALSE,FALSE,FALSE,Clear,FALSE,GAGE AVE; GAGE AVE ; At; 2 M,3/7/2019 1:03:57 PM,539576.5866,4810752.996,Q3,Working,FALSE
3297,46778,17-181258,8/14/2017 4:45:00 PM,2017,8,14,16,45,Monday,543489.7954,4809522.355,-80.462615,43.437345,Intersection,1,Non-fatal injury,On roadway,Intersection,Daylight,Municipal,Sign Control,Functioning,FALSE,TRUE,FALSE,Clear,FALSE,ROCKWAY DR; DOON RD,3/7/2019 1:03:55 PM,543489.7954,4809522.355,Q3,Working,FALSE
3298,46779,17-181878,8/15/2017 10:50:00 AM,2017,8,15,10,50,Tuesday,541068,4811108,0,0,Private Drive,2,P.D. only,On roadway,SMV,Daylight,Municipal,No control,Unknown,FALSE,FALSE,FALSE,Clear,FALSE,FALL HARVEST CRT; FALL HARVEST CRT ; 2 M,3/7/2019 1:03:54 PM,541068,4811108,Q3,Working,FALSE
3299,46780,17-181910,8/15/2017 11:43:00 AM,2017,8,15,11,43,Tuesday,539044.24,4811194.667,-80.517425,43.452647,Intersection,2,P.D. only,On roadway,Intersection,Daylight,Regional,Sign Control,Functioning,FALSE,FALSE,FALSE,Clear,FALSE,BELMONT AVE W; ROCK AVE,3/7/2019 1:03:53 PM,539044.24,4811194.667,Q3,Working,FALSE
3300,46781,17-181953,8/15/2017 10:30:00 AM,2017,8,15,10,30,Tuesday,541068,4811108,0,0,Private Drive,2,P.D. only,Off roadway,SMV,Daylight,Municipal,No control,Unknown,FALSE,FALSE,FALSE,Clear,FALSE,OXFORDSHIRE LANE; OXFORDSHIRE LANE; At; 30 M,3/7/2019 1:03:52 PM,541068,4811108,Q3,Working,FALSE
3301,46782,17-182202,8/15/2017 5:34:00 PM,2017,8,15,17,34,Tuesday,540779.0082,4812294.504,-80.495902,43.462458,Intersection,2,P.D. only,Off roadway,SMV,Daylight,Municipal,No control,Unknown,FALSE,FALSE,FALSE,Clear,FALSE,BRUNSWICK AVE; GUELPH ST ; Near; 10 M,3/7/2019 1:03:51 PM,540779.0082,4812294.504,Q3,Working,FALSE
3302,46783,17-182255,8/15/2017 6:42:00 PM,2017,8,15,18,42,Tuesday,539002.9555,4811280.246,-80.517929,43.45342,Intersection,1,Non-fatal injury,On roadway,Intersection,Daylight,Regional,Sign Control,Functioning,FALSE,FALSE,TRUE,Clear,FALSE,BELMONT AVE W; CLAREMONT AVE,3/7/2019 1:03:49 PM,539002.9555,4811280.247,Q3,Working,TRUE
3303,46784,17-182627,8/16/2017 7:36:00 AM,2017,8,16,7,36,Wednesday,545258.5732,4802996.925,-80.4413,43.378485,Intersection,2,P.D. only,On roadway,SMV,Daylight,Municipal,Sign Control,Functioning,FALSE,FALSE,FALSE,Clear,FALSE,FOREST CREEK DR; ROBERT FERRIE DR; 100 M,3/7/2019 1:03:48 PM,545258.5732,4802996.925,Q3,Working,FALSE
3304,46785,17-182922,8/16/2017 2:23:00 PM,2017,8,16,14,23,Wednesday,545933.9504,4804807.429,-80.432811,43.394746,Private Drive,1,Non-fatal injury,Off roadway,Intersection,Daylight,Other,Sign Control,Functioning,FALSE,TRUE,FALSE,Clear,FALSE,PIONEER DR; PIONEER DR ; At; 3 M,3/7/2019 1:03:47 PM,545933.9504,4804807.429,Q3,Working,FALSE
3305,46786,17-183030,8/16/2017 11:20:00 AM,2017,8,16,11,20,Wednesday,540018.0402,4811653.163,-80.505356,43.456724,Non intersection,2,P.D. only,On roadway,SMV,Daylight,Municipal,No control,Unknown,FALSE,FALSE,FALSE,Clear,FALSE,BRAUN ST; BRAUN ST ; Near,3/7/2019 1:03:46 PM,540018.0402,4811653.163,Q3,Working,FALSE
3306,46787,17-183220,8/16/2017 8:39:00 PM,2017,8,16,20,39,Wednesday,545142.5678,4806923.296,-80.442408,43.413845,Non intersection,2,P.D. only,Off roadway,SMV,Dark,Municipal,No control,Unknown,FALSE,FALSE,FALSE,Clear,FALSE,WILSON AVE; GOODRICH DR ; 200 M,3/7/2019 1:03:45 PM,545142.5678,4806923.296,Q3,Working,FALSE
3307,46788,17-183669,8/16/2017 2:40:00 PM,2017,8,16,14,40,Wednesday,540796.1031,4809182.362,-80.495924,43.434435,Intersection,2,P.D. only,On roadway,Rear end,Daylight,Municipal,Sign Control,Functioning,FALSE,FALSE,FALSE,Clear,FALSE,STIRLING AVE S; PLEASANT AVE,3/7/2019 1:03:44 PM,540796.1031,4809182.363,Q3,Working,FALSE
3308,46789,17-184851,8/18/2017 9:03:00 PM,2017,8,18,21,3,Friday,539871.0011,4810632.879,-80.507248,43.447546,Intersection,1,Non-fatal injury,On roadway,Intersection,Dusk,Municipal,Sign Control,Functioning,FALSE,FALSE,FALSE,Clear,FALSE,CHERRY ST; STRANGE ST,3/7/2019 1:03:43 PM,539871.0011,4810632.879,Q3,Weekend,FALSE
3309,46790,17-185163,8/18/2017 8:30:00 PM,2017,8,18,20,30,Friday,541685.5705,4810390.918,-80.484842,43.445268,Non intersection,2,P.D. only,Off roadway,SMV,Dark,Municipal,No control,Unknown,FALSE,FALSE,FALSE,Clear,FALSE,CHURCH ST; CHURCH ST,3/7/2019 1:03:42 PM,541685.5705,4810390.919,Q3,Weekend,FALSE
3310,46791,17-185174,8/19/2017 8:40:00 AM,2017,8,19,8,40,Saturday,539631.06,4805862.442,-80.51056,43.404605,Intersection,1,Non-fatal injury,On roadway,Intersection,Daylight,Municipal,Sign Control,Functioning,FALSE,FALSE,FALSE,Other,FALSE,MAX BECKER DR ; BRIDLEWREATH ST,3/7/2019 1:03:41 PM,539631.06,4805862.442,Q3,Weekend,FALSE
3311,46792,17-185607,8/19/2017 6:53:00 PM,2017,8,19,18,53,Saturday,537489.5898,4808488.456,-80.536826,43.42836,Private Drive,2,P.D. only,Off roadway,SMV,Daylight,Municipal,No control,Unknown,FALSE,FALSE,FALSE,Clear,FALSE,BANKSIDE DR; BANKSIDE DR ; Near; 1 M,3/7/2019 1:03:40 PM,537489.5898,4808488.456,Q3,Weekend,FALSE
3312,46793,17-186452,8/20/2017 10:00:00 PM,2017,8,20,22,0,Sunday,540026.719,4807193.826,-80.505576,43.416572,Private Drive,2,Non-reportable,On roadway,SMV,Daylight,Municipal,No control,Unknown,FALSE,FALSE,FALSE,Clear,FALSE,WILLIAMSBURG RD; PINEDALE DR ; 47 M,3/7/2019 1:03:39 PM,540026.719,4807193.827,Q3,Weekend,FALSE
3313,46794,17-186624,8/20/2017 4:30:00 PM,2017,8,20,16,30,Sunday,540597.8473,4810378.264,-80.498284,43.445214,Non intersection,2,P.D. only,On roadway,SMV,Daylight,Municipal,No control,Unknown,FALSE,FALSE,FALSE,Clear,FALSE,SCHNEIDER AVE; SCHNEIDER AVE; Near,3/7/2019 1:03:38 PM,540597.8473,4810378.264,Q3,Weekend,FALSE