,OBJECTID,ACCIDENTNUM,ACCIDENTDATE,ACCIDENT_YEAR,ACCIDENT_MONTH,ACCIDENT_DAY,ACCIDENT_HOUR,ACCIDENT_MINUTE,Accident_Day,XCOORD,YCOORD,LONGITUDE,LATITUDE,Accident_Location,COLLISIONTYPE,Accident_Type,Impact_Location,Impact_Type,Light,Road_Jurisdication,Traffic_Control,Traffic_Control_Condition,Pedestrian_Involved,Cyclist_Involved,Motorcyclist_Involved,Environment_Condition,Self_Reported,XMLIMPORTNOTES,LASTEDITEDDATE,x,y,Quarter,Day_Type,Vulnerable_Involved
3314,46795,17-186995,8/21/2017 1:45:00 PM,2017,8,21,13,45,Monday,541068,4811108,0,0,Other,2,P.D. only,Off roadway,Other,Daylight,Other,No control,Unknown,FALSE,FALSE,FALSE,Clear,FALSE,DOON SOUTH DR; THOMAS SLEE DR; Near; 500 M,3/7/2019 1:03:37 PM,541068,4811108,Q3,Working,FALSE
3315,46796,17-187706,8/22/2017 12:26:00 PM,2017,8,22,12,26,Tuesday,542108.9845,4807129.299,-80.479861,43.415877,Intersection,2,P.D. only,On roadway,Rear end,Daylight,Regional,Signal Control,Functioning,FALSE,FALSE,FALSE,Rain,FALSE,STRASBURG RD; BLOCK LINE RD; At; 20 M,3/7/2019 1:03:35 PM,542108.9845,4807129.299,Q3,Working,FALSE
3316,46797,17-188444,8/23/2017 11:02:00 AM,2017,8,23,11,2,Wednesday,544729.4403,4804180.066,-80.447735,43.38917,Non intersection,2,P.D. only,On roadway,SMV,Daylight,Municipal,No control,Unknown,FALSE,FALSE,FALSE,Clear,FALSE,BECHTEL DR; BECHTEL DR ; Near; 2 M,3/7/2019 1:03:34 PM,544729.4403,4804180.066,Q3,Working,FALSE
3317,46798,17-188717,8/21/2017 7:30:00 PM,2017,8,21,19,30,Monday,541332.3756,4810895.402,-80.489168,43.44983,Non intersection,2,P.D. only,On roadway,SMV,Dark,Regional,Signal Control,Functioning,FALSE,FALSE,FALSE,Clear,FALSE,KING ST W; KING ST W; At,3/7/2019 1:03:33 PM,541332.3756,4810895.402,Q3,Working,FALSE
3318,46799,17-189200,8/23/2017 8:30:00 AM,2017,8,23,8,30,Wednesday,543250.6162,4814796.864,-80.465152,43.48485,Private Drive,2,P.D. only,On roadway,SMV,Daylight,Municipal,No control,Unknown,FALSE,FALSE,FALSE,Clear,FALSE,DANIEL AVE; DANIEL AVE,3/7/2019 1:03:32 PM,543250.6162,4814796.864,Q3,Working,FALSE
3319,46800,17-189258,8/24/2017 11:41:00 AM,2017,8,24,11,41,Thursday,539639.5849,4811583.948,-80.510039,43.456121,Non intersection,2,P.D. only,Off roadway,SMV,Daylight,Municipal,No control,Unknown,FALSE,FALSE,FALSE,Clear,FALSE,GREEN ST; KING ST W; 50 M,1/30/2020 12:00:08 PM,539639.5849,4811583.948,Q3,Weekend,FALSE
3320,46801,17-189515,8/24/2017 5:21:00 PM,2017,8,24,17,21,Thursday,541559.3537,4807796.001,-80.486599,43.42191,Private Drive,2,P.D. only,On roadway,Intersection,Daylight,Municipal,No control,Unknown,FALSE,FALSE,FALSE,Clear,FALSE,STRASBURG RD; STRASBURG RD ; Near; 25 M,3/7/2019 1:03:31 PM,541559.3537,4807796.001,Q3,Weekend,FALSE
3321,46802,17-189568,8/17/2017 3:30:00 PM,2017,8,17,15,30,Thursday,541068,4811108,0,0,Non intersection,2,P.D. only,On roadway,Other,Daylight,Municipal,No control,Unknown,FALSE,FALSE,FALSE,Rain,FALSE,BLAIR CREEK DR; WETLAND WAY; Near,3/7/2019 1:03:30 PM,541068,4811108,Q3,Weekend,FALSE
3322,46803,17-189625,8/24/2017 7:41:00 PM,2017,8,24,19,41,Thursday,543165.9471,4812687.423,-80.466366,43.465862,Non intersection,1,Non-fatal injury,On roadway,Intersection,Dusk,Municipal,No control,Unknown,FALSE,FALSE,FALSE,Other,FALSE,RIVERBEND DR ; GUELPH ST ; 500 M,3/7/2019 1:03:29 PM,543165.9471,4812687.423,Q3,Weekend,FALSE
3323,46804,17-189703,8/24/2017 9:33:00 PM,2017,8,24,21,33,Thursday,540985.6029,4810824.604,-80.493459,43.449212,Intersection,1,Non-fatal injury,On roadway,Intersection,Daylight,Municipal,Sign Control,Functioning,FALSE,TRUE,FALSE,Clear,FALSE,JOSEPH ST; GAUKEL ST,3/7/2019 1:03:28 PM,540985.6029,4810824.604,Q3,Weekend,FALSE
3324,46805,17-189927,8/25/2017 8:25:00 AM,2017,8,25,8,25,Friday,539618.3229,4811375.82,-80.510317,43.454248,Intersection,2,P.D. only,On roadway,Intersection,Daylight,Municipal,Signal Control,Functioning,FALSE,FALSE,FALSE,Clear,FALSE,GLASGOW ST; PARK ST; At; 40 M,1/30/2020 12:00:07 PM,539618.3229,4811375.82,Q3,Weekend,FALSE
3325,46806,17-190271,8/25/2017 2:50:00 PM,2017,8,25,14,50,Friday,543073.9136,4812797.953,-80.467495,43.466862,Intersection,2,P.D. only,On roadway,Intersection,Daylight,Municipal,Signal Control,Functioning,FALSE,FALSE,FALSE,Clear,FALSE,RIVERBEND DR; SHIRLEY AVE,3/7/2019 1:03:27 PM,543073.9136,4812797.953,Q3,Weekend,FALSE
3326,46807,17-190381,8/25/2017 6:30:00 PM,2017,8,25,18,30,Friday,538786.542,4810965.712,-80.520627,43.450599,Intersection,2,P.D. only,On roadway,Intersection,Daylight,Municipal,Sign Control,Functioning,FALSE,FALSE,FALSE,Clear,FALSE,GLASGOW ST; DUNBAR RD,3/7/2019 1:03:26 PM,538786.542,4810965.712,Q3,Weekend,FALSE
3327,46808,17-190386,8/21/2017 3:00:00 PM,2017,8,21,15,0,Monday,540721.6372,4810062.573,-80.496778,43.442365,Intersection,2,P.D. only,On roadway,Rear end,Daylight,Regional,Sign Control,Functioning,FALSE,FALSE,FALSE,Clear,FALSE,QUEEN ST S; HOMEWOOD AVE; Near; 20 M,3/7/2019 1:03:25 PM,540721.6372,4810062.573,Q3,Working,FALSE
3328,46809,17-190615,8/26/2017 12:27:00 AM,2017,8,26,0,27,Saturday,541068,4811108,0,0,Non intersection,2,P.D. only,Off roadway,SMV,Dark,Municipal,No control,Unknown,FALSE,FALSE,FALSE,Clear,FALSE,BETHEL RD; TRUSSLER RD; Near; 3 K,3/7/2019 1:03:24 PM,541068,4811108,Q3,Weekend,FALSE
3329,46810,17-190876,8/26/2017 10:30:00 AM,2017,8,26,10,30,Saturday,545146.2822,4804340.968,-80.442575,43.390594,Non intersection,2,P.D. only,On roadway,SMV,Dark,Municipal,No control,Unknown,FALSE,FALSE,FALSE,Clear,FALSE,BECHTEL DR; BECHTEL DR ; At; 2 M,3/7/2019 1:03:21 PM,545146.2822,4804340.968,Q3,Weekend,FALSE
3330,46811,17-190894,8/26/2017 11:10:00 AM,2017,8,26,11,10,Saturday,539563.0049,4806050.087,-80.511386,43.406298,Private Drive,2,P.D. only,Off roadway,SMV,Daylight,Regional,No control,Unknown,FALSE,FALSE,FALSE,Clear,FALSE,BRIDLEWREATH ST; BRIDLEWREATH ST ; At; 2 M,1/30/2020 12:00:06 PM,539563.0049,4806050.087,Q3,Weekend,FALSE
3331,46812,17-191468,8/27/2017 2:10:00 AM,2017,8,27,2,10,Sunday,540471.429,4808744.734,-80.499968,43.430512,Non intersection,1,Non-fatal injury,On roadway,Other,Dark,Municipal,No control,Unknown,FALSE,FALSE,FALSE,Clear,FALSE,LAKESIDE DR; GREENBROOK DR ; 196 M,3/7/2019 1:03:17 PM,540471.429,4808744.734,Q3,Weekend,FALSE
3332,46813,17-191566,8/27/2017 8:18:00 AM,2017,8,27,8,18,Sunday,541101.8952,4807109.647,-80.492302,43.415756,Private Drive,2,P.D. only,Off roadway,SMV,Dark,Regional,No control,Unknown,FALSE,FALSE,FALSE,Clear,FALSE,BLACKHORNE DR; BLACKHORNE DR ; At; 1 M,3/7/2019 1:03:16 PM,541101.8952,4807109.647,Q3,Weekend,FALSE
3333,46814,17-191813,8/27/2017 3:26:00 PM,2017,8,27,15,26,Sunday,541068,4811108,0,0,Other,2,P.D. only,Off roadway,Other,Daylight,Other,No control,Unknown,FALSE,FALSE,FALSE,Clear,FALSE,TRAILER PARK DRIVEWAY; BINGEMANS CENTRE DR ; At,3/7/2019 1:03:15 PM,541068,4811108,Q3,Weekend,FALSE
3334,46815,17-191940,8/27/2017 7:04:00 PM,2017,8,27,19,4,Sunday,537432.1959,4809980.893,-80.537432,43.441801,Intersection,1,Non-fatal injury,Off roadway,SMV,Daylight,Municipal,Sign Control,Functioning,FALSE,FALSE,FALSE,Clear,FALSE,WESTWOOD DR ; DAYMAN CRT ; 15 M,3/7/2019 1:03:14 PM,537432.1959,4809980.894,Q3,Weekend,FALSE
3335,46816,17-192442,8/28/2017 12:25:00 PM,2017,8,28,12,25,Monday,545720.1793,4803041.244,-80.435598,43.378856,Non intersection,1,Non-fatal injury,On roadway,Intersection,Daylight,Municipal,No control,Unknown,FALSE,FALSE,FALSE,Clear,FALSE,ROBERT FERRIE DR; DOON SOUTH DR ; Near; 210 M,3/7/2019 1:03:13 PM,545720.1793,4803041.244,Q3,Working,FALSE
3336,46817,17-192704,8/28/2017 5:00:00 PM,2017,8,28,17,0,Monday,542455.2725,4807260.75,-80.475573,43.417041,Private Drive,2,P.D. only,On roadway,Intersection,Daylight,Municipal,No control,Unknown,FALSE,FALSE,FALSE,Clear,FALSE,COUNTRY HILL DR; COUNTRY HILL DR ; Near,3/7/2019 1:03:12 PM,542455.2725,4807260.75,Q3,Working,FALSE
3337,46818,17-193398,8/29/2017 3:23:00 PM,2017,8,29,15,23,Tuesday,538308.5863,4808404.4,-80.526713,43.427562,Non intersection,1,Non-fatal injury,On roadway,Other,Daylight,Municipal,No control,Unknown,FALSE,FALSE,FALSE,Clear,FALSE,QUEENS BLVD; ELM RIDGE DR; Near; 100 M,3/7/2019 1:03:11 PM,538308.5863,4808404.4,Q3,Working,FALSE
3338,46819,17-194025,8/30/2017 9:30:00 AM,2017,8,30,9,30,Wednesday,543336.7478,4809752.82,-80.464487,43.439429,Non intersection,2,P.D. only,On roadway,SMV,Daylight,Municipal,No control,Unknown,FALSE,FALSE,FALSE,Clear,FALSE,JACKSON AVE; KING ST E; Near,3/7/2019 1:03:10 PM,543336.7478,4809752.82,Q3,Working,FALSE
3339,46820,17-194272,8/30/2017 2:15:00 PM,2017,8,30,14,15,Wednesday,541068,4811108,0,0,Non intersection,2,P.D. only,On roadway,SMV,Daylight,Municipal,No control,Unknown,FALSE,FALSE,FALSE,Clear,FALSE,SHADY GLEN CRES; SHADY GLEN CRES,3/7/2019 1:03:09 PM,541068,4811108,Q3,Working,FALSE
3340,46821,17-194283,8/29/2017 9:00:00 PM,2017,8,29,21,0,Tuesday,537921.0987,4808319.967,-80.531506,43.426821,Non intersection,2,P.D. only,Off roadway,SMV,Other,Regional,No control,Unknown,FALSE,FALSE,FALSE,Clear,FALSE,RIPLEY CRES; RIPLEY CRES ; 1 M,3/7/2019 1:03:08 PM,537921.0987,4808319.967,Q3,Working,FALSE
3341,46822,17-194314,8/30/2017 4:49:00 PM,2017,8,30,16,49,Wednesday,541854.1977,4803511.12,-80.483285,43.383312,Intersection,2,P.D. only,On roadway,Intersection,Daylight,Regional,Sign Control,Functioning,FALSE,FALSE,FALSE,Clear,FALSE,HURON RD; WOODBINE AVE,3/7/2019 1:03:07 PM,541854.1977,4803511.12,Q3,Working,FALSE
3342,46823,17-194337,8/30/2017 5:14:00 PM,2017,8,30,17,14,Wednesday,540437.2048,4811502.905,-80.500186,43.455349,Non intersection,2,P.D. only,On roadway,Intersection,Daylight,Municipal,No control,Unknown,FALSE,FALSE,FALSE,Clear,FALSE,WELLINGTON ST N; 85 N OFF TO WELLINGTON ST N N; Near; 153 M,3/7/2019 1:03:05 PM,540437.2048,4811502.905,Q3,Working,FALSE
3343,46824,17-194358,8/30/2017 5:46:00 PM,2017,8,30,17,46,Wednesday,542111.6266,4812325.023,-80.479427,43.462659,Intersection,1,Non-fatal injury,On roadway,Intersection,Daylight,Municipal,Sign Control,Functioning,FALSE,FALSE,FALSE,Clear,FALSE,WELLINGTON ST N; SPRING VALLEY RD,3/7/2019 1:03:04 PM,542111.6266,4812325.023,Q3,Working,FALSE
3344,46825,17-194422,8/30/2017 7:13:00 PM,2017,8,30,19,13,Wednesday,547643.358,4811536.969,-80.411117,43.455232,Non intersection,2,P.D. only,On roadway,SMV,Daylight,Municipal,No control,Unknown,FALSE,FALSE,FALSE,Clear,FALSE,VALEBROOK ST; VALEBROOK ST ; Near; 1 M,3/7/2019 1:03:03 PM,547643.358,4811536.969,Q3,Working,FALSE
3345,46826,17-194798,8/31/2017 10:04:00 AM,2017,8,31,10,4,Thursday,544754.2624,4808022.228,-80.447114,43.423763,Intersection,1,Non-fatal injury,On roadway,Intersection,Daylight,Municipal,Signal Control,Improper,FALSE,FALSE,FALSE,Clear,FALSE,WILSON AVE; TRAYNOR AVE,3/7/2019 1:03:02 PM,544754.2624,4808022.228,Q3,Weekend,FALSE
3346,46827,17-195144,8/31/2017 5:20:00 PM,2017,8,31,17,20,Thursday,538218.4389,4808355.962,-80.52783,43.42713,Intersection,2,P.D. only,On roadway,Intersection,Daylight,Municipal,Signal Control,Functioning,FALSE,FALSE,FALSE,Clear,FALSE,QUEENS BLVD; ELM RIDGE DR,3/7/2019 1:03:01 PM,538218.4389,4808355.962,Q3,Weekend,FALSE
3347,46828,17-195210,8/29/2017 5:30:00 PM,2017,8,29,17,30,Tuesday,540611.94,4809913.373,-80.498145,43.441027,Intersection,2,P.D. only,On roadway,Rear end,Daylight,Regional,Signal Control,Functioning,FALSE,FALSE,FALSE,Clear,FALSE,QUEEN ST S; HIGHLAND RD E; At,3/7/2019 1:03:00 PM,540611.94,4809913.373,Q3,Working,FALSE
3348,46829,17-195474,9/1/2017 8:18:00 AM,2017,9,1,8,18,Friday,540172.5345,4809411.966,-80.503612,43.436536,Intersection,2,P.D. only,On roadway,SMV,Daylight,Regional,Signal Control,Functioning,FALSE,FALSE,FALSE,Clear,FALSE,QUEENS BLVD ; BELMONT AVE W,3/7/2019 1:02:58 PM,540172.5345,4809411.966,Q3,Weekend,FALSE
3349,46830,17-196528,9/2/2017 2:25:00 PM,2017,9,2,14,25,Saturday,540515.8374,4811537.869,-80.499212,43.455659,Intersection,1,Non-fatal injury,On roadway,Intersection,Daylight,Regional,Signal Control,Functioning,FALSE,FALSE,FALSE,Clear,FALSE,WELLINGTON ST N; 85 N OFF TO WELLINGTON ST N N,3/7/2019 1:02:57 PM,540515.8374,4811537.869,Q3,Weekend,FALSE
3350,46831,17-197499,9/3/2017 10:15:00 PM,2017,9,3,22,15,Sunday,540749.7674,4811164.389,-80.496348,43.452284,Intersection,2,P.D. only,On roadway,Other,Daylight,Regional,Signal Control,Functioning,FALSE,FALSE,FALSE,Clear,FALSE,KING ST W; FRANCIS ST N; At,3/7/2019 1:02:54 PM,540749.7674,4811164.389,Q3,Weekend,FALSE
3351,46832,17-197690,9/4/2017 8:00:00 AM,2017,9,4,8,0,Monday,538947.525,4805743.926,-80.519009,43.403574,Non intersection,2,P.D. only,On roadway,SMV,Daylight,Municipal,No control,Unknown,FALSE,FALSE,FALSE,Clear,FALSE,MOUNTAIN LAUREL CRES; MOUNTAIN LAUREL CRES ; At; 3 M,3/7/2019 1:02:52 PM,538947.525,4805743.926,Q3,Working,FALSE
3352,46833,17-198197,9/4/2017 8:32:00 PM,2017,9,4,20,32,Monday,541582.1498,4811324.831,-80.486048,43.453683,Private Drive,2,P.D. only,On roadway,Intersection,Dark,Municipal,No control,Unknown,FALSE,FALSE,FALSE,Rain,FALSE,QUEEN ST N; QUEEN ST N; 10 M,3/7/2019 1:02:51 PM,541582.1498,4811324.831,Q3,Working,FALSE
3353,46834,17-198634,9/5/2017 11:17:00 AM,2017,9,5,11,17,Tuesday,545364.627,4811022.871,-80.439324,43.450744,Intersection,2,P.D. only,On roadway,Intersection,Daylight,Municipal,Sign Control,Functioning,FALSE,FALSE,FALSE,Clear,FALSE,OLD CHICOPEE DR ; HOLBORN DR,3/7/2019 1:02:49 PM,545364.627,4811022.871,Q3,Working,FALSE
3354,46835,17-198749,9/5/2017 12:00:00 PM,2017,9,5,12,0,Tuesday,541253.8796,4810779.704,-80.490147,43.448793,Non intersection,2,P.D. only,On roadway,Rear end,Daylight,Regional,No control,Unknown,FALSE,FALSE,FALSE,Clear,FALSE,QUEEN ST S; QUEEN ST S; Near,3/7/2019 1:02:47 PM,541253.8796,4810779.704,Q3,Working,FALSE
3355,46836,17-198773,9/5/2017 2:10:00 PM,2017,9,5,14,10,Tuesday,542154.9508,4807075.497,-80.479297,43.41539,Private Drive,2,P.D. only,On roadway,Intersection,Daylight,Regional,Signal Control,Functioning,FALSE,FALSE,FALSE,Clear,FALSE,STRASBURG RD ; STRASBURG RD ; 11 M,3/7/2019 1:02:45 PM,542154.9508,4807075.497,Q3,Working,FALSE
3356,46837,17-198922,9/5/2017 1:00:00 AM,2017,9,5,1,0,Tuesday,539128.1994,4808948.139,-80.516549,43.432415,Non intersection,2,P.D. only,On roadway,SMV,Dark,Municipal,No control,Unknown,FALSE,FALSE,FALSE,Rain,FALSE,OVERLEA CRT; OVERLEA DR; Near; 65 M,3/7/2019 1:02:44 PM,539128.1994,4808948.139,Q3,Working,FALSE
3357,46838,17-199015,9/5/2017 5:30:00 PM,2017,9,5,17,30,Tuesday,546019.0951,4804893.098,-80.431752,43.395512,Other,2,P.D. only,Off roadway,Other,Daylight,Other,No control,Unknown,FALSE,FALSE,FALSE,Clear,FALSE,PRIVATE DRIVE; PIONEER DR ; At,3/7/2019 1:02:43 PM,546019.0951,4804893.098,Q3,Working,FALSE
3358,46839,17-199060,9/5/2017 6:00:00 PM,2017,9,5,18,0,Tuesday,541083.0474,4810771.539,-80.492259,43.448728,Intersection,2,P.D. only,On roadway,Intersection,Daylight,Municipal,Sign Control,Functioning,FALSE,FALSE,FALSE,Clear,FALSE,JOSEPH ST; DAVID ST,3/7/2019 1:02:42 PM,541083.0474,4810771.539,Q3,Working,FALSE
3359,46840,17-199084,9/5/2017 4:50:00 PM,2017,9,5,16,50,Tuesday,543465.1438,4804693.013,-80.463303,43.393863,Intersection,2,P.D. only,On roadway,Intersection,Daylight,Regional,Sign Control,Functioning,FALSE,TRUE,FALSE,Clear,FALSE,OLD HURON RD; TEMPLEWOOD DR,3/7/2019 1:02:39 PM,543465.1438,4804693.014,Q3,Working,FALSE
3360,46841,17-200014,9/6/2017 7:44:00 PM,2017,9,6,19,44,Wednesday,541068,4811108,0,0,Other,2,P.D. only,Off roadway,SMV,Dusk,Other,No control,Unknown,FALSE,FALSE,FALSE,Clear,FALSE,DRIVEWAY; CHERRY ST,3/7/2019 1:02:38 PM,541068,4811108,Q3,Working,FALSE
3361,46842,17-200024,9/6/2017 8:10:00 AM,2017,9,6,8,10,Wednesday,536581.0891,4809629.588,-80.547973,43.43868,Intersection,2,P.D. only,On roadway,Intersection,Daylight,Municipal,Sign Control,Functioning,FALSE,FALSE,FALSE,Clear,FALSE,RESURRECTION DR; NORTHMANOR CRES,3/7/2019 1:02:37 PM,536581.0891,4809629.588,Q3,Working,FALSE
3362,46843,17-200331,9/7/2017 6:15:00 AM,2017,9,7,6,15,Thursday,546592.933,4812418.06,-80.424025,43.463231,Non intersection,2,P.D. only,On roadway,SMV,Dark,Regional,No control,Unknown,FALSE,FALSE,FALSE,Clear,FALSE,OTTERBEIN RD; OTTERBEIN RD ; Near; 20 M,3/7/2019 1:02:36 PM,546592.933,4812418.06,Q3,Weekend,FALSE
3363,46844,17-200467,9/7/2017 9:31:00 AM,2017,9,7,9,31,Thursday,540807.3721,4810880.056,-80.495658,43.449721,Intersection,1,Non-fatal injury,On roadway,SMV,Daylight,Municipal,Signal Control,Functioning,TRUE,FALSE,FALSE,Clear,FALSE,JOSEPH ST; WATER ST S,3/7/2019 1:02:35 PM,540807.3721,4810880.056,Q3,Weekend,FALSE
3364,46845,17-200966,9/7/2017 7:00:00 PM,2017,9,7,19,0,Thursday,541321.9998,4812728.373,-80.489157,43.466335,Private Drive,2,P.D. only,On roadway,SMV,Daylight,Municipal,No control,Unknown,FALSE,FALSE,FALSE,Clear,FALSE,FAIRFIELD AVE; FAIRFIELD AVE ; At; 10 M,3/7/2019 1:02:34 PM,541321.9998,4812728.373,Q3,Weekend,FALSE
3365,46846,17-201366,9/8/2017 8:08:00 AM,2017,9,8,8,8,Friday,540520.1046,4812071.371,-80.499119,43.460463,Non intersection,2,Non-reportable,On roadway,SMV,Daylight,Municipal,No control,Unknown,FALSE,FALSE,FALSE,Clear,FALSE,BLUCHER ST; BLUCHER ST ; Near; 1 M,3/7/2019 1:02:33 PM,540520.1046,4812071.371,Q3,Weekend,FALSE
3366,46847,17-201391,9/7/2017 1:00:00 AM,2017,9,7,1,0,Thursday,544383.0963,4809549.158,-80.451575,43.437534,Non intersection,2,P.D. only,Off roadway,SMV,Dark,Municipal,No control,Unknown,FALSE,FALSE,FALSE,Clear,FALSE,PROSPECT AVE; EMERALD AVE; Near; 5 M,3/7/2019 1:02:32 PM,544383.0963,4809549.158,Q3,Weekend,FALSE
3367,46848,17-201720,9/8/2017 3:21:00 PM,2017,9,8,15,21,Friday,542548.3146,4810070.497,-80.474205,43.442334,Private Drive,1,Non-fatal injury,On roadway,Intersection,Daylight,Regional,No control,Unknown,FALSE,TRUE,FALSE,Clear,FALSE,BORDEN AVE N; KING ST E; At; 2 M,3/7/2019 1:02:31 PM,542548.3146,4810070.497,Q3,Weekend,FALSE
3368,46849,17-201751,9/8/2017 3:55:00 PM,2017,9,8,15,55,Friday,542842.1733,4809872.843,-80.470589,43.440538,Intersection,2,P.D. only,On roadway,Intersection,Daylight,Municipal,Sign Control,Functioning,FALSE,FALSE,FALSE,Clear,FALSE,SYDNEY ST S; CHARLES ST E,3/7/2019 1:02:30 PM,542842.1733,4809872.843,Q3,Weekend,FALSE
3369,46850,17-202123,9/8/2017 10:55:00 PM,2017,9,8,22,55,Friday,546218.6459,4805093.067,-80.429271,43.3973,Non intersection,2,P.D. only,Off roadway,SMV,Dark,Municipal,No control,Unknown,FALSE,FALSE,FALSE,Clear,FALSE,MILL PARK DR ; GREEN VALLEY DR ; Near; 300 M,3/7/2019 1:02:29 PM,546218.6459,4805093.068,Q3,Weekend,FALSE
3370,46851,17-203383,9/10/2017 12:03:00 PM,2017,9,10,12,3,Sunday,540007.683,4810293.745,-80.505584,43.444485,Non intersection,1,Non-fatal injury,On roadway,SMV,Daylight,Municipal,No control,Unknown,TRUE,FALSE,FALSE,Clear,FALSE,WEST AVE ; VICTORIA ST S; 150 M,3/7/2019 1:02:27 PM,540007.683,4810293.745,Q3,Weekend,FALSE
3371,46852,17-203416,9/10/2017 11:30:00 AM,2017,9,10,11,30,Sunday,541875.8706,4811809.181,-80.482381,43.458028,Intersection,2,P.D. only,On roadway,Intersection,Daylight,Municipal,Sign Control,Functioning,FALSE,FALSE,FALSE,Clear,FALSE,LANCASTER ST E; QUEEN ST N,3/7/2019 1:02:26 PM,541875.8706,4811809.182,Q3,Weekend,FALSE
3372,46853,17-203490,9/10/2017 2:45:00 PM,2017,9,10,14,45,Sunday,540734.6583,4810335.967,-80.496597,43.444826,Intersection,2,P.D. only,Off roadway,SMV,Daylight,Municipal,Sign Control,Functioning,FALSE,FALSE,FALSE,Clear,FALSE,DAVID ST; SCHNEIDER AVE; At,3/7/2019 1:02:25 PM,540734.6583,4810335.967,Q3,Weekend,FALSE
3373,46854,17-204052,9/11/2017 8:53:00 AM,2017,9,11,8,53,Monday,540141.8903,4809827.351,-80.50396,43.440278,Non intersection,2,P.D. only,On roadway,SMV,Daylight,Regional,No control,Unknown,FALSE,FALSE,FALSE,Clear,FALSE,PATRICIA AVE; PATRICIA AVE ; 1 M,1/30/2020 12:00:05 PM,540141.8903,4809827.351,Q3,Working,FALSE
3374,46855,17-204332,9/11/2017 4:51:00 PM,2017,9,11,16,51,Monday,545072.6606,4811907.411,-80.44286,43.458726,Non intersection,2,P.D. only,On roadway,SMV,Daylight,Regional,No control,Unknown,FALSE,FALSE,FALSE,Clear,FALSE,MONTCALM DR; MONTCALM DR ; Near; 2 M,3/7/2019 1:02:24 PM,545072.6606,4811907.411,Q3,Working,FALSE
3375,46856,17-204384,9/11/2017 6:13:00 PM,2017,9,11,18,13,Monday,541509.2142,4809197.42,-80.487112,43.434532,Intersection,2,P.D. only,On roadway,Intersection,Daylight,Municipal,Sign Control,Functioning,FALSE,FALSE,FALSE,Clear,FALSE,HEIMAN ST; KEHL ST ; Near; 7 M,3/7/2019 1:02:23 PM,541509.2142,4809197.42,Q3,Working,FALSE
3376,46857,17-204414,9/10/2017 5:25:00 PM,2017,9,10,17,25,Sunday,543924.269,4805133.303,-80.457599,43.3978,Intersection,2,P.D. only,On roadway,Rear end,Daylight,Regional,Sign Control,Functioning,FALSE,FALSE,FALSE,Clear,FALSE,OLD HURON RD OFF TO HURON RD; HURON RD,3/7/2019 1:02:21 PM,543924.269,4805133.303,Q3,Weekend,FALSE
3377,46858,17-204696,9/12/2017 8:00:00 AM,2017,9,12,8,0,Tuesday,542405.8873,4806617.792,-80.476233,43.411254,Intersection,1,Non-fatal injury,On roadway,Intersection,Daylight,Municipal,Sign Control,Functioning,FALSE,TRUE,FALSE,Clear,FALSE,STRASBURG RD; OLD COUNTRY DR,3/7/2019 1:02:19 PM,542405.8873,4806617.792,Q3,Working,FALSE
3378,46859,17-204804,9/12/2017 10:47:00 AM,2017,9,12,10,47,Tuesday,542842.1733,4809872.843,-80.470589,43.440538,Intersection,1,Non-fatal injury,On roadway,Intersection,Daylight,Municipal,Sign Control,Functioning,FALSE,FALSE,FALSE,Clear,FALSE,CHARLES ST E; SYDNEY ST S,3/7/2019 1:02:18 PM,542842.1733,4809872.843,Q3,Working,FALSE
3379,46860,17-205087,9/12/2017 4:45:00 PM,2017,9,12,16,45,Tuesday,542441.228,4806467.916,-80.475808,43.409903,Non intersection,1,Non-fatal injury,On roadway,Rear end,Daylight,Municipal,No control,Unknown,FALSE,FALSE,FALSE,Clear,FALSE,STRASBURG RD; STRASBURG RD ; At; 2 M,3/7/2019 1:02:17 PM,542441.228,4806467.916,Q3,Working,FALSE
3380,46861,17-205145,9/12/2017 4:20:00 PM,2017,9,12,16,20,Tuesday,543851.1524,4813098,-80.457862,43.469519,Non intersection,2,P.D. only,On roadway,Rear end,Daylight,Municipal,No control,Unknown,FALSE,FALSE,FALSE,Clear,FALSE,SHIRLEY AVE; SHIRLEY AVE,3/7/2019 1:02:16 PM,543851.1524,4813098,Q3,Working,FALSE
3381,46862,17-205531,9/13/2017 7:00:00 AM,2017,9,13,7,0,Wednesday,544871.2828,4805170.69,-80.445902,43.398081,Private Drive,2,P.D. only,On roadway,SMV,Daylight,Municipal,No control,Unknown,FALSE,FALSE,FALSE,Clear,FALSE,FARRIER DR; FARRIER DR ; Near,3/7/2019 1:02:15 PM,544871.2828,4805170.69,Q3,Working,FALSE
3382,46863,17-205847,9/13/2017 3:21:00 PM,2017,9,13,15,21,Wednesday,543789.6478,4809472.888,-80.458914,43.436882,Private Drive,2,P.D. only,On roadway,Intersection,Daylight,Municipal,No control,Unknown,FALSE,FALSE,FALSE,Clear,FALSE,MONTGOMERY RD; KING ST E; At; 5 M,3/7/2019 1:02:14 PM,543789.6478,4809472.888,Q3,Working,FALSE
3383,46864,17-205862,9/13/2017 3:37:00 PM,2017,9,13,15,37,Wednesday,541226.3046,4811867.509,-80.490406,43.458589,Intersection,2,P.D. only,On roadway,Intersection,Daylight,Municipal,Signal Control,Functioning,FALSE,FALSE,FALSE,Clear,FALSE,MARGARET AVE; WELLINGTON ST N,3/7/2019 1:02:12 PM,541226.3046,4811867.509,Q3,Working,FALSE
3384,46865,17-206625,9/14/2017 12:50:00 PM,2017,9,14,12,50,Thursday,540730.8748,4807611.875,-80.496847,43.420298,Private Drive,1,Non-fatal injury,On roadway,Rear end,Daylight,Municipal,No control,Unknown,FALSE,FALSE,FALSE,Clear,FALSE,HOWLAND DR; HOWLAND DR ; At; 1 M,3/7/2019 1:02:11 PM,540730.8748,4807611.875,Q3,Weekend,FALSE
3385,46866,17-206652,9/14/2017 11:00:00 AM,2017,9,14,11,0,Thursday,539831.9347,4811141.599,-80.507694,43.452128,Intersection,2,P.D. only,On roadway,Intersection,Daylight,Municipal,Signal Control,Functioning,FALSE,FALSE,FALSE,Clear,FALSE,DOMINION ST; PARK ST,3/7/2019 1:02:10 PM,539831.9347,4811141.599,Q3,Weekend,FALSE