,OBJECTID,ACCIDENTNUM,ACCIDENTDATE,ACCIDENT_YEAR,ACCIDENT_MONTH,ACCIDENT_DAY,ACCIDENT_HOUR,ACCIDENT_MINUTE,Accident_Day,XCOORD,YCOORD,LONGITUDE,LATITUDE,Accident_Location,COLLISIONTYPE,Accident_Type,Impact_Location,Impact_Type,Light,Road_Jurisdication,Traffic_Control,Traffic_Control_Condition,Pedestrian_Involved,Cyclist_Involved,Motorcyclist_Involved,Environment_Condition,Self_Reported,XMLIMPORTNOTES,LASTEDITEDDATE,x,y,Quarter,Day_Type,Vulnerable_Involved
3458,46939,17-222323,10/1/2017 3:10:00 PM,2017,10,1,15,10,Sunday,544663.3856,4809164.314,-80.448143,43.434052,Private Drive,2,P.D. only,On roadway,Intersection,Daylight,Municipal,Sign Control,Functioning,FALSE,FALSE,FALSE,Clear,FALSE,FRANKLIN ST N; WEBER ST E; 0 M,3/7/2019 1:00:42 PM,544663.3856,4809164.314,Q4,Weekend,FALSE
3459,46940,17-222354,10/1/2017 4:10:00 PM,2017,10,1,16,10,Sunday,539615.4385,4811375.803,-80.510352,43.454248,Intersection,2,P.D. only,Off roadway,SMV,Daylight,Municipal,Signal Control,Functioning,FALSE,FALSE,FALSE,Clear,FALSE,GLASGOW ST ; PARK ST ; Near; 12.6 M,3/7/2019 1:00:41 PM,539615.4385,4811375.803,Q4,Weekend,FALSE
3460,46941,17-222778,10/2/2017 7:52:00 AM,2017,10,2,7,52,Monday,539037.4916,4805660.198,-80.517904,43.402815,Intersection,1,Non-fatal injury,On roadway,Intersection,Daylight,Municipal,Sign Control,Functioning,FALSE,FALSE,FALSE,Clear,FALSE,ACTIVA AVE ; SNOWDROP CRES,1/30/2020 12:00:00 PM,539037.4916,4805660.198,Q4,Working,FALSE
3461,46942,17-223012,9/29/2017 5:00:00 PM,2017,9,29,17,0,Friday,545476.0556,4811496.603,-80.437908,43.455003,Private Drive,2,P.D. only,On roadway,Intersection,Daylight,Municipal,No control,Unknown,FALSE,FALSE,FALSE,Clear,FALSE,MCGEE AVE; MCGEE AVE ; Near,3/7/2019 1:00:40 PM,545476.0556,4811496.603,Q3,Weekend,FALSE
3462,46943,17-223100,10/2/2017 2:16:00 PM,2017,10,2,14,16,Monday,539889.0921,4808583.456,-80.507174,43.429091,Private Drive,2,Non-reportable,Off roadway,SMV,Daylight,Municipal,No control,Unknown,FALSE,FALSE,FALSE,Clear,FALSE,EVERGREEN CRES; EVERGREEN CRES ; Near; 2 M,3/7/2019 1:00:39 PM,539889.0921,4808583.456,Q4,Working,FALSE
3463,46944,17-223101,10/2/2017 2:16:00 PM,2017,10,2,14,16,Monday,543072.94,4812799.863,-80.467507,43.46688,Intersection,1,Non-fatal injury,On roadway,Rear end,Daylight,Municipal,Signal Control,Functioning,FALSE,FALSE,FALSE,Clear,FALSE,WELLINGTON ST N; RIVER BEND DR,3/7/2019 1:00:38 PM,543072.94,4812799.863,Q4,Working,FALSE
3464,46945,17-223246,9/30/2017 4:50:00 PM,2017,9,30,16,50,Saturday,541068,4811108,0,0,Private Drive,2,P.D. only,On roadway,Other,Daylight,Municipal,No control,Unknown,FALSE,FALSE,FALSE,Clear,FALSE,GOLDENROD LANE; GOLDENROD LANE; Near,3/7/2019 1:00:37 PM,541068,4811108,Q3,Weekend,FALSE
3465,46946,17-223737,10/2/2017 6:45:00 PM,2017,10,2,18,45,Monday,536227.2684,4809391.833,-80.552361,43.436556,Private Drive,2,P.D. only,On roadway,SMV,Daylight,Municipal,No control,Unknown,FALSE,FALSE,FALSE,Clear,FALSE,RESURRECTION DR; RESURRECTION DR ; Near; 5 M,3/7/2019 1:00:36 PM,536227.2684,4809391.833,Q4,Working,FALSE
3466,46947,17-223864,10/3/2017 11:00:00 AM,2017,10,3,11,0,Tuesday,540472.1059,4809715.349,-80.499888,43.439252,Private Drive,2,P.D. only,On roadway,Intersection,Daylight,Regional,No control,Unknown,FALSE,FALSE,FALSE,Clear,FALSE,QUEENS BLVD ; HIGHLAND RD W; Near,3/7/2019 1:00:34 PM,540472.1059,4809715.349,Q4,Working,FALSE
3467,46948,17-223866,10/3/2017 12:30:00 PM,2017,10,3,12,30,Tuesday,545115.2859,4807693.908,-80.442681,43.420785,Private Drive,2,P.D. only,On roadway,Intersection,Daylight,Regional,No control,Unknown,FALSE,FALSE,FALSE,Clear,FALSE,WILSON AVE ; FAIRWAY RD S,3/7/2019 1:00:33 PM,545115.2859,4807693.908,Q4,Working,FALSE
3468,46949,17-223957,10/3/2017 2:44:00 PM,2017,10,3,14,44,Tuesday,542067.231,4810446.836,-80.480121,43.44575,Private Drive,2,P.D. only,On roadway,Intersection,Daylight,Regional,No control,Unknown,FALSE,FALSE,FALSE,Clear,FALSE,KING ST E; KING ST E; At; 0 M,3/7/2019 1:00:31 PM,542067.231,4810446.836,Q4,Working,FALSE
3469,46950,17-224055,10/3/2017 4:55:00 PM,2017,10,3,16,55,Tuesday,541322.0965,4811115.09,-80.489279,43.451809,Non intersection,2,P.D. only,On roadway,Other,Daylight,Municipal,Signal Control,Functioning,FALSE,FALSE,FALSE,Clear,FALSE,ONTARIO ST N; DUKE ST W; Near; 50 M,3/7/2019 1:00:30 PM,541322.0965,4811115.09,Q4,Working,FALSE
3470,46951,17-224613,10/4/2017 11:08:00 AM,2017,10,4,11,8,Wednesday,537815.673,4809207.267,-80.532747,43.434816,Private Drive,1,Non-fatal injury,On roadway,Intersection,Daylight,Municipal,No control,Unknown,FALSE,FALSE,FALSE,Rain,FALSE,OPRINGTON DR; OPRINGTON DR ; At; 15 M,3/7/2019 1:00:29 PM,537815.673,4809207.267,Q4,Working,FALSE
3471,46952,17-224665,9/30/2017 8:30:00 PM,2017,9,30,20,30,Saturday,543475.842,4804120.381,-80.463217,43.388706,Private Drive,2,P.D. only,Off roadway,SMV,Dark,Regional,No control,Unknown,FALSE,FALSE,FALSE,Clear,FALSE,RUSH MEADOW CRES; RUSH MEADOW CRES ; Near,3/7/2019 1:00:28 PM,543475.842,4804120.381,Q3,Weekend,FALSE
3472,46953,17-224719,10/4/2017 1:17:00 PM,2017,10,4,13,17,Wednesday,544322.3331,4809575.114,-80.452323,43.437771,Private Drive,1,Non-fatal injury,Off roadway,SMV,Daylight,Municipal,No control,Unknown,TRUE,FALSE,FALSE,Rain,FALSE,PROSPECT AVE ; PROSPECT AVE ; 1 M,3/7/2019 1:00:27 PM,544322.3331,4809575.114,Q4,Working,FALSE
3473,46954,17-224869,10/4/2017 2:50:00 PM,2017,10,4,14,50,Wednesday,541648.09,4804107.594,-80.485784,43.388695,Non intersection,2,P.D. only,On roadway,Intersection,Daylight,Municipal,No control,Unknown,FALSE,FALSE,FALSE,Clear,FALSE,WOODBINE AVE; WOODBINE AVE,3/7/2019 1:00:26 PM,541648.09,4804107.594,Q4,Working,FALSE
3474,46955,17-225658,10/5/2017 3:17:00 PM,2017,10,5,15,17,Thursday,541230.2842,4810949.999,-80.490426,43.450327,Intersection,1,Non-fatal injury,On roadway,SMV,Daylight,Regional,Signal Control,Functioning,TRUE,FALSE,FALSE,Clear,FALSE,ONTARIO ST N; KING ST W,1/30/2020 12:00:00 PM,541230.2842,4810949.999,Q4,Weekend,FALSE
3475,46956,17-225791,10/5/2017 10:00:00 AM,2017,10,5,10,0,Thursday,540959.9727,4811315.949,-80.493739,43.453637,Private Drive,2,P.D. only,On roadway,SMV,Daylight,Municipal,No control,Unknown,FALSE,FALSE,FALSE,Clear,FALSE,FRANCIS ST N; FRANCIS ST N; Near,3/7/2019 1:00:24 PM,540959.9727,4811315.949,Q4,Weekend,FALSE
3476,46957,17-226144,10/5/2017 6:30:00 PM,2017,10,5,18,30,Thursday,544197.3237,4803336.815,-80.454373,43.381609,Non intersection,2,P.D. only,On roadway,Intersection,Dusk,Municipal,No control,Unknown,FALSE,FALSE,FALSE,Clear,FALSE,HEARTHWOOD DR; HEARTHWOOD DR ; Near,3/7/2019 1:00:23 PM,544197.3237,4803336.815,Q4,Weekend,FALSE
3477,46958,17-226157,10/6/2017 8:15:00 AM,2017,10,6,8,15,Friday,547747.5143,4810974.278,-80.409879,43.450159,Non intersection,2,P.D. only,On roadway,SMV,Daylight,Municipal,No control,Unknown,FALSE,FALSE,FALSE,Clear,FALSE,PEBBLECREEK DR; PEBBLECREEK DR ; Near,3/7/2019 1:00:22 PM,547747.5143,4810974.278,Q4,Weekend,FALSE
3478,46959,17-226173,10/6/2017 9:22:00 AM,2017,10,6,9,22,Friday,537867.1315,4808946.243,-80.53213,43.432463,Intersection,2,P.D. only,Off roadway,SMV,Daylight,Municipal,Sign Control,Functioning,FALSE,FALSE,FALSE,Clear,FALSE,OPRINGTON DR ; OPRINGTON PL ; Near; 12 M,3/7/2019 1:00:21 PM,537867.1315,4808946.243,Q4,Weekend,FALSE
3479,46960,17-226237,10/6/2017 10:42:00 AM,2017,10,6,10,42,Friday,540123.1605,4808512.677,-80.504288,43.428442,Private Drive,2,P.D. only,On roadway,Other,Daylight,Municipal,No control,Unknown,FALSE,FALSE,FALSE,Clear,FALSE,GREENBROOK DR; GREENBROOK DR; At; 18 M,3/7/2019 1:00:20 PM,540123.1605,4808512.677,Q4,Weekend,FALSE
3480,46961,17-226388,10/6/2017 2:20:00 PM,2017,10,6,14,20,Friday,539404.3956,4810384.01,-80.513033,43.445329,Intersection,2,P.D. only,On roadway,Intersection,Daylight,Municipal,Sign Control,Functioning,FALSE,FALSE,FALSE,Clear,FALSE,BELMONT AVE W; KARN ST,3/7/2019 1:00:18 PM,539404.3956,4810384.01,Q4,Weekend,FALSE
3481,46962,17-226889,10/7/2017 12:34:00 AM,2017,10,7,0,34,Saturday,543569.145,4804978.54,-80.461997,43.396428,Intersection,2,P.D. only,On roadway,Intersection,Dark,Regional,Signal Control,Functioning,FALSE,FALSE,FALSE,Rain,FALSE,BATTLER RD ; HURON RD,3/7/2019 1:00:16 PM,543569.145,4804978.54,Q4,Weekend,FALSE
3482,46963,17-227133,10/7/2017 10:03:00 AM,2017,10,7,10,3,Saturday,547909.4285,4810732.555,-80.407899,43.447972,Non intersection,2,P.D. only,Off roadway,SMV,Other,Municipal,No control,Unknown,FALSE,FALSE,FALSE,Other,FALSE,COLTON CIR; COLTON CIR ; Near; 10 M,3/7/2019 1:00:15 PM,547909.4285,4810732.555,Q4,Weekend,FALSE
3483,46964,17-227345,10/7/2017 10:50:00 AM,2017,10,7,10,50,Saturday,544847.052,4805069.375,-80.44621,43.39717,Non intersection,2,P.D. only,On roadway,Rear end,Daylight,Municipal,No control,Unknown,FALSE,FALSE,FALSE,Clear,FALSE,DOON VILLAGE RD; UPPER CANADA DR; Near,3/7/2019 1:00:14 PM,544847.052,4805069.375,Q4,Weekend,FALSE
3484,46965,17-227350,10/7/2017 4:00:00 AM,2017,10,7,4,0,Saturday,541647.807,4808931.559,-80.48542,43.43213,Private Drive,2,Non-reportable,Off roadway,SMV,Daylight,Municipal,No control,Unknown,FALSE,FALSE,FALSE,Clear,FALSE,KEHL ST; KEHL ST ; At,3/7/2019 1:00:13 PM,541647.807,4808931.559,Q4,Weekend,FALSE
3485,46966,17-227374,10/7/2017 4:23:00 PM,2017,10,7,16,23,Saturday,536246.2892,4808628.311,-80.552177,43.42968,Private Drive,2,P.D. only,Off roadway,SMV,Daylight,Municipal,No control,Unknown,FALSE,FALSE,FALSE,Clear,FALSE,PRIVATE DRIVE; HUCK CRES ; At; 1 M,3/7/2019 1:00:12 PM,536246.2892,4808628.311,Q4,Weekend,FALSE
3486,46967,17-228033,10/8/2017 12:08:00 PM,2017,10,8,12,8,Sunday,541228.4428,4809294.932,-80.490574,43.435425,Intersection,2,P.D. only,On roadway,Intersection,Daylight,Regional,Sign Control,Functioning,FALSE,FALSE,FALSE,Clear,FALSE,HIGHLAND RD E; MAUSSER AVE,3/7/2019 1:00:11 PM,541228.4428,4809294.932,Q4,Weekend,FALSE
3487,46968,17-228771,10/8/2017 11:30:00 PM,2017,10,8,23,30,Sunday,538633.2602,4808823.71,-80.522673,43.431321,Non intersection,2,P.D. only,Off roadway,SMV,Dark,Municipal,No control,Unknown,FALSE,FALSE,FALSE,Clear,FALSE,OVERLEA DR; OVERLEA DR ; Near; 10 M,3/7/2019 1:00:09 PM,538633.2602,4808823.71,Q4,Weekend,FALSE
3488,46969,17-229341,10/10/2017 9:05:00 AM,2017,10,10,9,5,Tuesday,542966.7433,4809803.403,-80.469055,43.439906,Intersection,2,P.D. only,On roadway,Intersection,Daylight,Municipal,Sign Control,Functioning,FALSE,FALSE,FALSE,Clear,FALSE,SHELDON AVE S; CHARLES ST E,1/30/2020 11:59:59 AM,542966.7433,4809803.403,Q4,Working,FALSE
3489,46970,17-229456,10/10/2017 8:35:00 AM,2017,10,10,8,35,Tuesday,546351.9791,4804407.523,-80.427683,43.391119,Private Drive,2,Non-reportable,On roadway,Intersection,Daylight,Municipal,No control,Unknown,FALSE,FALSE,FALSE,Clear,FALSE,OLD CARRIAGE DR; OLD CARRIAGE DR ; Near,3/7/2019 1:00:08 PM,546351.9791,4804407.523,Q4,Working,FALSE
3490,46971,17-229474,10/10/2017 11:26:00 AM,2017,10,10,11,26,Tuesday,541814.1841,4807489,-80.483475,43.419132,Non intersection,2,P.D. only,On roadway,Rear end,Daylight,Municipal,No control,Unknown,FALSE,FALSE,FALSE,Clear,FALSE,STRASBURG RD; STRASBURG RD ; Near; 100 M,3/7/2019 1:00:07 PM,541814.1841,4807489,Q4,Working,FALSE
3491,46972,17-229645,10/7/2017 10:00:00 PM,2017,10,7,22,0,Saturday,539547.2324,4808366.103,-80.511414,43.427152,Private Drive,2,P.D. only,On roadway,SMV,Daylight,Municipal,No control,Unknown,FALSE,FALSE,FALSE,Clear,FALSE,RIPPLEWOOD CRES; RIPPLEWOOD CRES ; At,3/7/2019 1:00:06 PM,539547.2324,4808366.103,Q4,Weekend,FALSE
3492,46973,17-229671,10/10/2017 3:13:00 PM,2017,10,10,15,13,Tuesday,541774.0506,4812122.182,-80.483616,43.460851,Private Drive,2,P.D. only,On roadway,Other,Daylight,Municipal,No control,Unknown,FALSE,FALSE,FALSE,Clear,FALSE,WELLINGTON ST N; WELLINGTON ST N; Near; 3 M,3/7/2019 1:00:05 PM,541774.0506,4812122.182,Q4,Working,FALSE
3493,46974,17-230434,10/11/2017 1:16:00 PM,2017,10,11,13,16,Wednesday,541265.4623,4810792.304,-80.490003,43.448905,Intersection,1,Non-fatal injury,On roadway,Intersection,Daylight,Regional,Signal Control,Functioning,FALSE,FALSE,FALSE,Rain,FALSE,QUEEN ST S; CHARLES ST E,3/7/2019 1:00:04 PM,541265.4623,4810792.304,Q4,Working,FALSE
3494,46975,17-230538,10/11/2017 1:55:00 PM,2017,10,11,13,55,Wednesday,543735.9307,4808329.473,-80.459669,43.42659,Private Drive,2,P.D. only,Off roadway,Intersection,Daylight,Municipal,No control,Unknown,FALSE,FALSE,FALSE,Rain,FALSE,REAR ENTRANCE ON SHELLY DR; COURTLAND AVE E,3/7/2019 1:00:03 PM,543735.9307,4808329.473,Q4,Working,FALSE
3495,46976,17-230647,10/11/2017 3:45:00 PM,2017,10,11,15,45,Wednesday,540975.3955,4808892.047,-80.49373,43.431811,Private Drive,2,P.D. only,On roadway,Other,Daylight,Municipal,No control,Unknown,FALSE,FALSE,FALSE,Clear,FALSE,GOTTSCHEER CRT; GOTTSCHEER CRT ; At; 1 M,3/7/2019 1:00:00 PM,540975.3955,4808892.047,Q4,Working,FALSE
3496,46977,17-230656,10/11/2017 5:51:00 PM,2017,10,11,17,51,Wednesday,545081.5504,4811872.022,-80.442753,43.458407,Non intersection,1,Non-fatal injury,On roadway,Other,Dusk,Regional,No control,Unknown,FALSE,FALSE,FALSE,Clear,FALSE,MONTCALM DR; MONTCALM DR ; Near; 12 M,3/7/2019 12:59:59 PM,545081.5504,4811872.023,Q4,Working,FALSE
3497,46978,17-230727,10/11/2017 7:30:00 PM,2017,10,11,19,30,Wednesday,539972.068,4810990,-80.505973,43.450756,Intersection,2,P.D. only,On roadway,Rear end,Dark,Municipal,Sign Control,Functioning,FALSE,FALSE,FALSE,Clear,FALSE,PARK ST; STEWART ST ; 20 M,3/7/2019 12:59:58 PM,539972.068,4810990,Q4,Working,FALSE
3498,46979,17-231957,10/13/2017 10:32:00 AM,2017,10,13,10,32,Friday,541354.5662,4808050.33,-80.489109,43.424212,Private Drive,2,P.D. only,On roadway,Intersection,Daylight,Regional,No control,Unknown,FALSE,FALSE,FALSE,Other,FALSE,STRASBURG RD; OTTAWA ST S; 203 M,3/7/2019 12:59:57 PM,541354.5662,4808050.33,Q4,Weekend,FALSE
3499,46980,17-232120,10/13/2017 1:35:00 PM,2017,10,13,13,35,Friday,542185.2734,4815970.46,-80.478234,43.495478,Non intersection,2,P.D. only,On roadway,SMV,Daylight,Municipal,No control,Unknown,FALSE,FALSE,FALSE,Clear,FALSE,HAWKSWOOD DR ; REDTAIL ST ; Near; 5 M,3/7/2019 12:59:55 PM,542185.2734,4815970.46,Q4,Weekend,FALSE
3500,46981,17-232261,10/12/2017 8:30:00 PM,2017,10,12,20,30,Thursday,540673.6372,4810071.878,-80.497371,43.442451,Private Drive,2,P.D. only,Off roadway,SMV,Dark,Regional,No control,Unknown,FALSE,FALSE,FALSE,Clear,FALSE,HOMEWOOD AVE; HOMEWOOD AVE,3/7/2019 12:59:54 PM,540673.6372,4810071.878,Q4,Weekend,FALSE
3501,46982,17-232356,10/13/2017 7:16:00 PM,2017,10,13,19,16,Friday,545018.726,4812563.259,-80.443472,43.464635,Intersection,2,P.D. only,On roadway,SMV,Dark,Municipal,No control,Unknown,FALSE,FALSE,FALSE,Clear,FALSE,HALIFAX DR; HERITAGE DR,3/7/2019 12:59:51 PM,545018.726,4812563.259,Q4,Weekend,FALSE
3502,46983,17-232824,10/14/2017 9:46:00 AM,2017,10,14,9,46,Saturday,538218.7294,4808357.034,-80.527827,43.42714,Intersection,1,Non-fatal injury,On roadway,SMV,Daylight,Regional,Signal Control,Functioning,TRUE,FALSE,FALSE,Clear,FALSE,QUEENS BLVD; ELM RIDGE DR,3/7/2019 12:59:50 PM,538218.7294,4808357.034,Q4,Weekend,FALSE
3503,46984,17-232834,10/13/2017 10:30:00 AM,2017,10,13,10,30,Friday,541452.027,4811249.478,-80.487662,43.453012,Private Drive,2,P.D. only,Off roadway,SMV,Daylight,Other,No control,Unknown,FALSE,FALSE,FALSE,Rain,FALSE,ROY ST ; ROY ST ; At; 1 M,1/30/2020 11:59:58 AM,541452.027,4811249.478,Q4,Weekend,FALSE
3504,46985,17-232987,10/14/2017 1:12:00 PM,2017,10,14,13,12,Saturday,543219.326,4811847.996,-80.465772,43.458301,Private Drive,2,P.D. only,On roadway,Other,Daylight,Municipal,No control,Unknown,FALSE,FALSE,FALSE,Clear,FALSE,CAMBRIDGE AVE; CAMBRIDGE AVE ; 0 M,3/7/2019 12:59:49 PM,543219.326,4811847.996,Q4,Weekend,FALSE
3505,46986,17-233200,10/14/2017 6:05:00 PM,2017,10,14,18,5,Saturday,545233.527,4808100.551,-80.441187,43.42444,Intersection,1,Non-fatal injury,On roadway,Intersection,Dusk,Municipal,Sign Control,Functioning,FALSE,FALSE,FALSE,Rain,FALSE,KINGSWAY DR ; GREENFIELD AVE,3/7/2019 12:59:46 PM,545233.527,4808100.551,Q4,Weekend,FALSE
3506,46987,17-233205,10/14/2017 6:20:00 PM,2017,10,14,18,20,Saturday,546710.063,4810985.345,-80.4227,43.450324,Non intersection,2,P.D. only,On roadway,Rear end,Dusk,Municipal,No control,Unknown,FALSE,FALSE,FALSE,Rain,FALSE,ZELLER DR; LACKNER BLVD ; 100 M,3/7/2019 12:59:44 PM,546710.063,4810985.345,Q4,Weekend,FALSE
3507,46988,17-233533,10/15/2017 2:20:00 AM,2017,10,15,2,20,Sunday,540957.47,4809727.426,-80.493889,43.439334,Non intersection,1,Non-fatal injury,On roadway,Other,Dark,Regional,Other,Unknown,FALSE,FALSE,FALSE,Rain,FALSE,HIGHLAND RD E; HIGHLAND RD E; Near; 1 M,3/7/2019 12:59:42 PM,540957.47,4809727.426,Q4,Weekend,FALSE
3508,46989,17-233721,10/15/2017 11:25:00 AM,2017,10,15,11,25,Sunday,540171.9134,4809413.585,-80.503619,43.436551,Intersection,2,P.D. only,On roadway,SMV,Daylight,Municipal,Signal Control,Functioning,FALSE,FALSE,FALSE,Rain,FALSE,QUEENS BLVD; BELMONT AVE E; 25 M,3/7/2019 12:59:41 PM,540171.9134,4809413.585,Q4,Weekend,FALSE
3509,46990,17-233874,10/15/2017 12:45:00 PM,2017,10,15,12,45,Sunday,541157.4759,4809438.258,-80.49144,43.43672,Private Drive,2,P.D. only,On roadway,Other,Daylight,Municipal,Signal Control,Functioning,FALSE,FALSE,FALSE,Clear,FALSE,HIGHLAND RD E; HIGHLAND RD E,3/7/2019 12:59:39 PM,541157.4759,4809438.258,Q4,Weekend,FALSE
3510,46991,17-234331,10/16/2017 5:58:00 AM,2017,10,16,5,58,Monday,541341.4413,4809060.674,-80.489195,43.43331,Intersection,1,Non-fatal injury,On roadway,Intersection,Dark,Regional,Sign Control,Functioning,FALSE,TRUE,FALSE,Clear,FALSE,HIGHLAND RD E; HEIMAN ST,3/7/2019 12:59:38 PM,541341.4413,4809060.674,Q4,Working,FALSE
3511,46992,17-234396,10/16/2017 7:15:00 AM,2017,10,16,7,15,Monday,544884.1098,4804848.323,-80.44577,43.395178,Intersection,2,P.D. only,On roadway,Rear end,Daylight,Municipal,Signal Control,Functioning,FALSE,FALSE,FALSE,Clear,FALSE,DOON VILLAGE RD; PIONEER DR,3/7/2019 12:59:37 PM,544884.1098,4804848.323,Q4,Working,FALSE
3512,46993,17-234612,10/15/2017 7:00:00 PM,2017,10,15,19,0,Sunday,545461.5029,4804681.832,-80.438655,43.393644,Private Drive,2,P.D. only,Off roadway,SMV,Other,Regional,No control,Unknown,FALSE,FALSE,FALSE,Rain,FALSE,PIONEER DR; PIONEER DR ; At; 5 M,3/7/2019 12:59:36 PM,545461.5029,4804681.832,Q4,Weekend,FALSE
3513,46994,17-234750,10/16/2017 3:11:00 PM,2017,10,16,15,11,Monday,540627.9152,4806358.181,-80.498212,43.409015,Private Drive,2,P.D. only,On roadway,Rear end,Daylight,Regional,No control,Unknown,FALSE,FALSE,FALSE,Clear,FALSE,TILLSLEY DR ; TILLSLEY DR ; At; 0 M,3/7/2019 12:59:35 PM,540627.9152,4806358.181,Q4,Working,FALSE
3514,46995,17-234823,10/13/2017 8:40:00 AM,2017,10,13,8,40,Friday,542608.7642,4805878.844,-80.473785,43.404589,Intersection,2,P.D. only,On roadway,Rear end,Daylight,Municipal,Sign Control,Functioning,FALSE,FALSE,FALSE,Rain,FALSE,STRASBURG RD; MCINTYRE DR,3/7/2019 12:59:34 PM,542608.7642,4805878.844,Q4,Weekend,FALSE
3515,46996,17-234888,10/16/2017 4:25:00 PM,2017,10,16,16,25,Monday,543074.8748,4812797.959,-80.467483,43.466862,Intersection,2,Non-reportable,On roadway,Intersection,Daylight,Municipal,Signal Control,Functioning,FALSE,FALSE,FALSE,Clear,FALSE,SHIRLEY AVE; WELLINGTON ST N; Near,3/7/2019 12:59:33 PM,543074.8748,4812797.959,Q4,Working,FALSE
3516,46997,17-235276,10/17/2017 8:10:00 AM,2017,10,17,8,10,Tuesday,540293.959,4809416.9,-80.502111,43.436574,Non intersection,2,P.D. only,On roadway,Intersection,Daylight,Municipal,No control,Unknown,FALSE,FALSE,FALSE,Clear,FALSE,SOUTH DR; SOUTH DR; 10 M,3/7/2019 12:59:31 PM,540293.959,4809416.901,Q4,Working,FALSE
3517,46998,17-235664,10/17/2017 4:30:00 PM,2017,10,17,16,30,Tuesday,544366.0134,4808298.392,-80.451887,43.426273,Intersection,2,P.D. only,Off roadway,SMV,Daylight,Municipal,Sign Control,Functioning,FALSE,FALSE,FALSE,Clear,FALSE,EIGHTH AVE; WILSON AVE,3/7/2019 12:59:30 PM,544366.0134,4808298.392,Q4,Working,FALSE
3518,46999,17-235688,10/16/2017 5:00:00 PM,2017,10,16,17,0,Monday,541068,4811108,0,0,Private Drive,2,P.D. only,On roadway,SMV,Daylight,Municipal,No control,Unknown,FALSE,FALSE,FALSE,Clear,FALSE,ELMBANK TRAIL; ELMBANK TRAIL; Near,3/7/2019 12:59:29 PM,541068,4811108,Q4,Working,FALSE
3519,47000,17-235799,10/17/2017 7:26:00 PM,2017,10,17,19,26,Tuesday,543811.4223,4811002.564,-80.458522,43.450654,Private Drive,1,Non-fatal injury,Off roadway,SMV,Dark,Municipal,No control,Unknown,FALSE,FALSE,FALSE,Clear,FALSE,LYNDHURST DR; LYNDHURST DR ; 0 M,1/30/2020 11:59:57 AM,543811.4223,4811002.564,Q4,Working,FALSE
3520,47001,17-236178,10/18/2017 9:40:00 AM,2017,10,18,9,40,Wednesday,543420.065,4812196.225,-80.463263,43.461424,Private Drive,2,P.D. only,On roadway,Other,Daylight,Regional,No control,Unknown,FALSE,FALSE,FALSE,Clear,FALSE,FREDERICK ST; FREDERICK ST ; Near; 15 M,3/7/2019 12:59:27 PM,543420.065,4812196.226,Q4,Working,FALSE
3521,47002,17-237219,10/18/2017 11:00:00 AM,2017,10,18,11,0,Wednesday,541609.6857,4810092.591,-80.485802,43.442586,Private Drive,2,P.D. only,Off roadway,SMV,Daylight,Municipal,No control,Unknown,FALSE,FALSE,FALSE,Clear,FALSE,MADISON AVE S; MADISON AVE S; At; 5 M,3/7/2019 12:59:26 PM,541609.6857,4810092.591,Q4,Working,FALSE
3522,47003,17-237223,10/12/2017 3:30:00 PM,2017,10,12,15,30,Thursday,543451.3715,4814741.503,-80.462673,43.48434,Private Drive,2,P.D. only,On roadway,SMV,Daylight,Regional,No control,Unknown,FALSE,FALSE,FALSE,Clear,FALSE,SCHOFIELD DR; SCHOFIELD DR,3/7/2019 12:59:25 PM,543451.3715,4814741.503,Q4,Weekend,FALSE
3523,47004,17-237253,10/19/2017 7:00:00 AM,2017,10,19,7,0,Thursday,544525.0012,4813327.829,-80.449513,43.471548,Non intersection,2,P.D. only,On roadway,Rear end,Dawn,Regional,No control,Unknown,FALSE,FALSE,FALSE,Clear,FALSE,BINGEMANS CENTRE DR; BINGEMANS CENTRE DR ; Near,3/7/2019 12:59:24 PM,544525.0012,4813327.829,Q4,Weekend,FALSE
3524,47005,17-237343,10/19/2017 3:00:00 PM,2017,10,19,15,0,Thursday,538231.2016,4808362.856,-80.527672,43.427192,Non intersection,2,P.D. only,On roadway,Intersection,Daylight,Regional,No control,Unknown,FALSE,FALSE,FALSE,Clear,FALSE,QUEENS BLVD; ELM RIDGE DR; Near,3/7/2019 12:59:22 PM,538231.2016,4808362.856,Q4,Weekend,FALSE
3525,47006,17-237418,10/19/2017 4:30:00 PM,2017,10,19,16,30,Thursday,543724.6229,4811801.244,-80.45953,43.45785,Intersection,1,Non-fatal injury,On roadway,SMV,Daylight,Municipal,Sign Control,Functioning,TRUE,FALSE,FALSE,Clear,FALSE,KRUG ST; KENSINGTON AVE,3/7/2019 12:59:21 PM,543724.6229,4811801.244,Q4,Weekend,FALSE
3526,47007,17-237478,10/19/2017 8:35:00 PM,2017,10,19,20,35,Thursday,539803.7363,4808840.771,-80.50821,43.431413,Other,2,P.D. only,Off roadway,SMV,Dark,Municipal,No control,Unknown,FALSE,FALSE,FALSE,Clear,FALSE,FOREST HILL DR; FOREST HILL DR ; Near,1/30/2020 11:59:56 AM,539803.7363,4808840.771,Q4,Weekend,FALSE
3527,47008,17-238166,10/20/2017 5:00:00 PM,2017,10,20,17,0,Friday,536577.4597,4806695.947,-80.548215,43.412265,Intersection,1,Non-fatal injury,On roadway,Intersection,Daylight,Municipal,No control,Unknown,FALSE,TRUE,FALSE,Clear,FALSE,YELLOW BIRCH DR; HODDLE CRES,3/7/2019 12:59:19 PM,536577.4597,4806695.947,Q4,Weekend,FALSE
3528,47009,17-238201,10/20/2017 4:35:00 PM,2017,10,20,16,35,Friday,541448.4893,4811091.659,-80.487718,43.451591,Private Drive,2,P.D. only,On roadway,Intersection,Daylight,Regional,No control,Unknown,FALSE,FALSE,FALSE,Clear,FALSE,QUEEN ST N; QUEEN ST N; At; 1 M,3/7/2019 12:59:18 PM,541448.4893,4811091.659,Q4,Weekend,FALSE