,OBJECTID,ACCIDENTNUM,ACCIDENTDATE,ACCIDENT_YEAR,ACCIDENT_MONTH,ACCIDENT_DAY,ACCIDENT_HOUR,ACCIDENT_MINUTE,Accident_Day,XCOORD,YCOORD,LONGITUDE,LATITUDE,Accident_Location,COLLISIONTYPE,Accident_Type,Impact_Location,Impact_Type,Light,Road_Jurisdication,Traffic_Control,Traffic_Control_Condition,Pedestrian_Involved,Cyclist_Involved,Motorcyclist_Involved,Environment_Condition,Self_Reported,XMLIMPORTNOTES,LASTEDITEDDATE,x,y,Quarter,Day_Type,Vulnerable_Involved
3529,47010,17-238341,10/20/2017 8:50:00 PM,2017,10,20,20,50,Friday,544064.0156,4809172.019,-80.455548,43.434157,Private Drive,2,P.D. only,On roadway,Intersection,Dark,Municipal,No control,Unknown,FALSE,FALSE,FALSE,Clear,FALSE,SECORD AVE; SECORD AVE ; Near; 5 M,3/7/2019 12:59:16 PM,544064.0156,4809172.019,Q4,Weekend,FALSE
3530,47011,17-239047,10/21/2017 5:46:00 PM,2017,10,21,17,46,Saturday,543006.4409,4807456.32,-80.46875,43.41877,Non intersection,2,P.D. only,Other,SMV,Other,Municipal,No control,Unknown,FALSE,FALSE,FALSE,Other,FALSE,BLOCK LINE RD; BLOCK LINE RD ; At; 30 M,3/7/2019 12:59:15 PM,543006.4409,4807456.32,Q4,Weekend,FALSE
3531,47012,17-239451,10/22/2017 2:30:00 AM,2017,10,22,2,30,Sunday,540168.5765,4807822.04,-80.503777,43.422221,Private Drive,2,P.D. only,Off roadway,SMV,Dark,Municipal,No control,Unknown,FALSE,FALSE,FALSE,Clear,FALSE,HOWE DR; HOWE DR ; 4 M,3/7/2019 12:59:14 PM,540168.5765,4807822.04,Q4,Weekend,FALSE
3532,47013,17-239512,10/22/2017 6:10:00 AM,2017,10,22,6,10,Sunday,541112.9784,4810746.88,-80.491891,43.448505,Intersection,2,P.D. only,On roadway,Intersection,Dark,Municipal,Sign Control,Functioning,FALSE,FALSE,FALSE,Clear,FALSE,ONTARIO ST S; JOSEPH ST ; At,3/7/2019 12:59:13 PM,541112.9784,4810746.88,Q4,Weekend,FALSE
3533,47014,17-239781,10/22/2017 1:15:00 PM,2017,10,22,13,15,Sunday,536464.6196,4808487.39,-80.549489,43.428401,Non intersection,2,P.D. only,Off roadway,SMV,Daylight,Municipal,No control,Unknown,FALSE,FALSE,FALSE,Clear,FALSE,WESTMEADOW DR; WESTMEADOW DR ; Near,3/7/2019 12:59:12 PM,536464.6196,4808487.39,Q4,Weekend,FALSE
3534,47015,17-239900,10/22/2017 6:00:00 PM,2017,10,22,18,0,Sunday,541359.0013,4808641.347,-80.48901,43.429533,Non intersection,2,P.D. only,On roadway,Rear end,Daylight,Regional,Signal Control,Functioning,FALSE,FALSE,FALSE,Clear,FALSE,HOMER WATSON BLVD; HOFFMAN ST ; Near,3/7/2019 12:59:11 PM,541359.0013,4808641.347,Q4,Weekend,FALSE
3535,47016,17-240804,10/23/2017 5:10:00 PM,2017,10,23,17,10,Monday,541899.1532,4810064.848,-80.482227,43.44232,Non intersection,1,Non-fatal injury,On roadway,Rear end,Dark,Regional,No control,Unknown,FALSE,TRUE,FALSE,Rain,FALSE,STIRLING AVE S; STIRLING AVE S; At; 12 M,3/7/2019 12:59:10 PM,541899.1532,4810064.848,Q4,Working,FALSE
3536,47017,17-241031,10/23/2017 9:15:00 PM,2017,10,23,21,15,Monday,543229.7867,4804481.878,-80.466226,43.391975,Intersection,2,P.D. only,On roadway,Intersection,Dark,Municipal,Sign Control,Functioning,FALSE,FALSE,FALSE,Clear,FALSE,HURON RD; STRASBURG RD,3/7/2019 12:59:09 PM,543229.7867,4804481.878,Q4,Working,FALSE
3537,47018,17-241133,10/24/2017 10:17:00 AM,2017,10,24,10,17,Tuesday,538774.892,4808893.291,-80.520918,43.43194,Intersection,1,Non-fatal injury,On roadway,Intersection,Daylight,Municipal,Sign Control,Functioning,FALSE,FALSE,FALSE,Clear,FALSE,EAGEN DR; OVERLEA DR,1/30/2020 11:59:55 AM,538774.892,4808893.291,Q4,Working,FALSE
3538,47019,17-241203,10/23/2017 8:00:00 PM,2017,10,23,20,0,Monday,541695.7591,4808841.707,-80.484834,43.431318,Non intersection,2,P.D. only,On roadway,SMV,Dark,Regional,No control,Unknown,FALSE,FALSE,FALSE,Rain,FALSE,HOFFMAN ST; KEHL ST,3/7/2019 12:59:08 PM,541695.7591,4808841.707,Q4,Working,FALSE
3539,47020,17-241231,10/23/2017 3:30:00 PM,2017,10,23,15,30,Monday,539315.127,4810614.207,-80.514119,43.447407,Intersection,2,P.D. only,On roadway,Intersection,Daylight,Regional,Signal Control,Functioning,FALSE,FALSE,FALSE,Rain,FALSE,BELMONT AVE W; GAGE AVE,3/7/2019 12:59:07 PM,539315.127,4810614.207,Q4,Working,FALSE
3540,47021,17-241456,10/24/2017 9:00:00 AM,2017,10,24,9,0,Tuesday,537290.1276,4806951.27,-80.539395,43.414529,Non intersection,2,P.D. only,On roadway,Intersection,Daylight,Municipal,No control,Unknown,FALSE,FALSE,FALSE,Clear,FALSE,DRIFTWOOD PL; DRIFTWOOD PL ; Near,3/7/2019 12:59:06 PM,537290.1276,4806951.27,Q4,Working,FALSE
3541,47022,17-241506,10/24/2017 7:43:00 PM,2017,10,24,19,43,Tuesday,540025.4579,4805773.637,-80.505695,43.403784,Intersection,1,Non-fatal injury,On roadway,SMV,Dark,Regional,Sign Control,Functioning,TRUE,FALSE,FALSE,Rain,FALSE,MAX BECKER DR; ISABELLA ST,3/7/2019 12:59:05 PM,540025.4579,4805773.637,Q4,Working,FALSE
3542,47023,17-241867,10/24/2017 3:00:00 PM,2017,10,24,15,0,Tuesday,542108.2598,4807129.82,-80.47987,43.415881,Intersection,2,P.D. only,On roadway,Rear end,Daylight,Regional,Signal Control,Functioning,FALSE,FALSE,FALSE,Rain,FALSE,STRASBURG RD; BLOCK LINE RD; At,3/7/2019 12:59:04 PM,542108.2598,4807129.82,Q4,Working,FALSE
3543,47024,17-242805,10/26/2017 10:55:00 AM,2017,10,26,10,55,Thursday,539910.2071,4808493.681,-80.50692,43.428282,Private Drive,1,Non-fatal injury,On roadway,Other,Daylight,Regional,Signal Control,Functioning,FALSE,FALSE,FALSE,Clear,FALSE,GREENBROOK DR ; WESTMOUNT RD E; Near,3/7/2019 12:59:03 PM,539910.2071,4808493.681,Q4,Weekend,FALSE
3544,47025,17-243046,10/26/2017 5:53:00 PM,2017,10,26,17,53,Thursday,540975.0448,4812285.657,-80.49348,43.462368,Intersection,2,P.D. only,On roadway,Rear end,Dusk,Municipal,Sign Control,Functioning,FALSE,FALSE,FALSE,Clear,FALSE,MARGARET AVE; BLUCHER ST,3/7/2019 12:59:01 PM,540975.0448,4812285.657,Q4,Weekend,FALSE
3545,47026,17-244212,10/28/2017 1:04:00 AM,2017,10,28,1,4,Saturday,543931.4096,4809144.792,-80.457188,43.43392,Intersection,2,P.D. only,Off roadway,SMV,Daylight,Municipal,No control,Unknown,FALSE,FALSE,FALSE,Rain,FALSE,FIRST AVE ; ECKERT ST ; 0 M,1/30/2020 11:59:54 AM,543931.4096,4809144.792,Q4,Weekend,FALSE
3546,47027,17-244493,10/27/2017 10:15:00 PM,2017,10,27,22,15,Friday,545384.8138,4810182.944,-80.439145,43.44318,Non intersection,2,P.D. only,On roadway,SMV,Dark,Municipal,No control,Unknown,FALSE,FALSE,FALSE,Other,FALSE,RIVER RD E; RENNIE DR; Near,3/7/2019 12:59:00 PM,545384.8138,4810182.944,Q4,Weekend,FALSE
3547,47028,17-244646,10/28/2017 2:50:00 PM,2017,10,28,14,50,Saturday,545049.628,4807857.344,-80.443479,43.422261,Private Drive,2,P.D. only,On roadway,Intersection,Daylight,Municipal,Sign Control,Functioning,FALSE,FALSE,FALSE,Clear,FALSE,WILSON AVE ; WILSON AVE; At; 1 M,3/7/2019 12:58:58 PM,545049.628,4807857.344,Q4,Weekend,FALSE
3548,47029,17-244656,10/28/2017 3:18:00 PM,2017,10,28,15,18,Saturday,538983.0833,4806005.323,-80.518552,43.405925,Non intersection,2,Non-reportable,On roadway,SMV,Daylight,Municipal,No control,Unknown,FALSE,FALSE,FALSE,Rain,FALSE,DAVID BERGEY DR; DAVID BERGEY DR ; Near; 6 M,3/7/2019 12:58:57 PM,538983.0833,4806005.323,Q4,Weekend,FALSE
3549,47030,17-244795,10/28/2017 6:57:00 PM,2017,10,28,18,57,Saturday,542880.4406,4811418.295,-80.469995,43.454451,Private Drive,2,P.D. only,On roadway,SMV,Dark,Municipal,No control,Unknown,FALSE,FALSE,FALSE,Clear,FALSE,DUMFRIES AVE; DUMFRIES AVE ; Near; 4 M,1/30/2020 11:59:53 AM,542880.4406,4811418.295,Q4,Weekend,FALSE
3550,47031,17-245455,10/28/2017 10:10:00 PM,2017,10,28,22,10,Saturday,538780.0584,4806946.858,-80.520992,43.414414,Non intersection,2,P.D. only,On roadway,SMV,Dark,Regional,No control,Unknown,FALSE,FALSE,FALSE,Clear,FALSE,WINDFLOWER CRES; WINDFLOWER CRES ; Near,3/7/2019 12:58:56 PM,538780.0584,4806946.858,Q4,Weekend,FALSE
3551,47032,17-245553,10/28/2017 2:30:00 PM,2017,10,28,14,30,Saturday,543130.6089,4814365.847,-80.46667,43.480976,Private Drive,2,P.D. only,On roadway,SMV,Daylight,Municipal,No control,Unknown,FALSE,FALSE,FALSE,Clear,FALSE,NELSON AVE; NELSON AVE,3/7/2019 12:58:54 PM,543130.6089,4814365.847,Q4,Weekend,FALSE
3552,47033,17-245767,10/29/2017 9:58:00 PM,2017,10,29,21,58,Sunday,543740.9373,4809123.709,-80.459543,43.433741,Non intersection,2,P.D. only,On roadway,SMV,Daylight,Municipal,No control,Unknown,FALSE,FALSE,FALSE,Clear,FALSE,DIXON ST; DIXON ST ; At; 6 M,1/30/2020 11:59:52 AM,543740.9372,4809123.709,Q4,Weekend,FALSE
3553,47034,17-245968,10/30/2017 8:15:00 AM,2017,10,30,8,15,Monday,547220.9074,4808794.076,-80.416576,43.430562,Private Drive,2,P.D. only,Off roadway,SMV,Dawn,Municipal,No control,Unknown,FALSE,FALSE,FALSE,Clear,FALSE,MORRISON RD; MORRISON RD,3/7/2019 12:58:53 PM,547220.9074,4808794.076,Q4,Working,FALSE
3554,47035,17-245972,10/30/2017 9:07:00 AM,2017,10,30,9,7,Monday,541589.0371,4810765.333,-80.486006,43.448645,Non intersection,2,P.D. only,Off roadway,Intersection,Daylight,Municipal,No control,Unknown,FALSE,FALSE,FALSE,Clear,FALSE,SCOTT ST ; KING ST E; Near,3/7/2019 12:58:51 PM,541589.0371,4810765.333,Q4,Working,FALSE
3555,47036,17-245975,10/30/2017 9:10:00 AM,2017,10,30,9,10,Monday,546022.9274,4803257.221,-80.431843,43.380782,Non intersection,1,Non-fatal injury,On roadway,SMV,Daylight,Municipal,No control,Unknown,FALSE,FALSE,FALSE,Clear,FALSE,DOON SOUTH DR; DOON SOUTH DR ; Near; 7 M,1/30/2020 11:59:51 AM,546022.9274,4803257.221,Q4,Working,FALSE
3556,47037,17-245983,10/30/2017 9:27:00 AM,2017,10,30,9,27,Monday,542314.9309,4810285.98,-80.477072,43.444288,Intersection,1,Non-fatal injury,On roadway,Intersection,Daylight,Regional,Signal Control,Functioning,FALSE,FALSE,FALSE,Clear,FALSE,KING ST E; STIRLING AVE N,3/7/2019 12:58:49 PM,542314.9309,4810285.98,Q4,Working,FALSE
3557,47038,17-246159,10/30/2017 1:07:00 PM,2017,10,30,13,7,Monday,541090.0945,4811023.041,-80.492153,43.450993,Intersection,1,Non-fatal injury,On roadway,Intersection,Daylight,Municipal,Sign Control,Functioning,FALSE,FALSE,FALSE,Clear,FALSE,YOUNG ST; KING ST W; Near; 40 M,3/7/2019 12:58:48 PM,541090.0945,4811023.041,Q4,Working,FALSE
3558,47039,17-246281,10/30/2017 3:35:00 PM,2017,10,30,15,35,Monday,546613.6168,4808585.991,-80.424096,43.428726,Private Drive,2,P.D. only,Off roadway,SMV,Daylight,Regional,No control,Unknown,FALSE,FALSE,FALSE,Other,FALSE,GREENDALE CRES; GREENDALE CRES,3/7/2019 12:58:47 PM,546613.6168,4808585.991,Q4,Working,FALSE
3559,47040,17-246351,10/30/2017 5:28:00 PM,2017,10,30,17,28,Monday,545085.8992,4811653.132,-80.442717,43.456436,Intersection,1,Non-fatal injury,On roadway,Intersection,Dark,Municipal,Sign Control,Functioning,FALSE,FALSE,FALSE,Rain,FALSE,MONTCALM DR; GIBSON DR,3/7/2019 12:58:46 PM,545085.8992,4811653.132,Q4,Working,FALSE
3560,47041,17-246746,10/31/2017 9:00:00 AM,2017,10,31,9,0,Tuesday,544912.1984,4805084.549,-80.445404,43.397303,Private Drive,2,P.D. only,On roadway,Intersection,Daylight,Municipal,No control,Unknown,FALSE,FALSE,FALSE,Clear,FALSE,UPPER CANADA DR; UPPER CANADA DR,3/7/2019 12:58:45 PM,544912.1984,4805084.549,Q4,Working,FALSE
3561,47042,17-247097,10/30/2017 5:30:00 PM,2017,10,30,17,30,Monday,549118.2566,4806322.285,-80.393357,43.408184,Intersection,2,Non-reportable,On roadway,Rear end,Daylight,Municipal,Signal Control,Functioning,FALSE,FALSE,FALSE,Clear,FALSE,GATEWAY PARK DR; SPORTSWORLD DR; At,3/7/2019 12:58:44 PM,549118.2566,4806322.285,Q4,Working,FALSE
3562,47043,17-247908,11/1/2017 2:50:00 PM,2017,11,1,14,50,Wednesday,545299.7322,4808735.072,-80.440316,43.430149,Private Drive,2,P.D. only,On roadway,Intersection,Daylight,Municipal,Sign Control,Functioning,FALSE,FALSE,FALSE,Rain,FALSE,KINGSWAY DR; KINGSWAY DR,3/7/2019 12:58:43 PM,545299.7322,4808735.072,Q4,Working,FALSE
3563,47044,17-248057,11/1/2017 4:30:00 PM,2017,11,1,16,30,Wednesday,538978.6674,4806025.51,-80.518605,43.406107,Other,1,Non-fatal injury,Off roadway,Rear end,Daylight,Other,No control,Unknown,FALSE,FALSE,FALSE,Rain,FALSE,LANE WAY; DAVID BERGEY DR,3/7/2019 12:58:42 PM,538978.6674,4806025.51,Q4,Working,FALSE
3564,47045,17-248086,11/1/2017 7:06:00 PM,2017,11,1,19,6,Wednesday,539871.0011,4810632.879,-80.507248,43.447546,Intersection,2,P.D. only,On roadway,Intersection,Dark,Municipal,Sign Control,Functioning,FALSE,FALSE,FALSE,Rain,FALSE,CHERRY ST; STRANGE ST,3/7/2019 12:58:41 PM,539871.0011,4810632.879,Q4,Working,FALSE
3565,47046,17-248112,11/1/2017 7:53:00 PM,2017,11,1,19,53,Wednesday,539898.4332,4805633.495,-80.507274,43.402529,Non intersection,1,Non-fatal injury,On roadway,SMV,Dark,Municipal,No control,Unknown,FALSE,FALSE,FALSE,Clear,FALSE,COPPER LEAF CRES; COPPER LEAF CRES ; At; 0 M,3/7/2019 12:58:40 PM,539898.4332,4805633.495,Q4,Working,FALSE
3566,47047,17-248357,11/2/2017 8:12:00 AM,2017,11,2,8,12,Thursday,542651.1815,4807347.856,-80.473147,43.417814,Intersection,2,P.D. only,On roadway,Other,Daylight,Municipal,Signal Control,Functioning,FALSE,FALSE,FALSE,Rain,FALSE,KINGSWOOD DR; BLOCK LINE RD; At; 7 M,1/30/2020 11:59:50 AM,542651.1815,4807347.856,Q4,Weekend,FALSE
3567,47048,17-248426,10/31/2017 8:00:00 AM,2017,10,31,8,0,Tuesday,540701.8958,4812256.374,-80.496858,43.462119,Intersection,2,P.D. only,Off roadway,SMV,Daylight,Municipal,Sign Control,Functioning,FALSE,FALSE,FALSE,Clear,FALSE,GUELPH ST; AHRENS ST W; 7 M,3/7/2019 12:58:39 PM,540701.8958,4812256.374,Q4,Working,FALSE
3568,47049,17-248504,11/2/2017 11:12:00 AM,2017,11,2,11,12,Thursday,549512.8519,4806197.599,-80.388495,43.407035,Private Drive,2,P.D. only,On roadway,Intersection,Daylight,Regional,No control,Unknown,FALSE,FALSE,FALSE,Clear,FALSE,GATEWAY PARK DR; GATEWAY PARK DR ; At; 0 M,1/30/2020 11:59:49 AM,549512.8519,4806197.599,Q4,Weekend,FALSE
3569,47050,17-248616,10/30/2017 2:00:00 PM,2017,10,30,14,0,Monday,541559.5201,4810763.849,-80.486371,43.448633,Non intersection,2,P.D. only,Off roadway,SMV,Daylight,Regional,No control,Unknown,FALSE,FALSE,FALSE,Clear,FALSE,KING ST E; KING ST E; Near,3/7/2019 12:58:38 PM,541559.5201,4810763.849,Q4,Working,FALSE
3570,47051,17-248619,10/20/2017 2:30:00 PM,2017,10,20,14,30,Friday,540701.8289,4811053.627,-80.496949,43.451289,Intersection,2,P.D. only,On roadway,Intersection,Daylight,Regional,Signal Control,Functioning,FALSE,FALSE,FALSE,Clear,FALSE,FRANCIS ST S; CHARLES ST W,3/7/2019 12:58:37 PM,540701.8289,4811053.627,Q4,Weekend,FALSE
3571,47052,17-249639,11/1/2017 3:30:00 PM,2017,11,1,15,30,Wednesday,538956.0935,4811256.972,-80.51851,43.453213,Intersection,2,P.D. only,On roadway,Intersection,Daylight,Regional,Sign Control,Functioning,FALSE,FALSE,FALSE,Clear,FALSE,BELMONT AVE W; CLAREMONT AVE,3/7/2019 12:58:36 PM,538956.0935,4811256.972,Q4,Working,FALSE
3572,47053,17-249753,11/3/2017 4:00:00 PM,2017,11,3,16,0,Friday,543930.4478,4809144.786,-80.4572,43.43392,Intersection,2,P.D. only,On roadway,SMV,Daylight,Municipal,No control,Unknown,FALSE,FALSE,FALSE,Clear,FALSE,ECKERT ST ; FIRST AVE,1/30/2020 11:59:48 AM,543930.4478,4809144.786,Q4,Weekend,FALSE
3573,47054,17-249777,11/3/2017 4:16:00 PM,2017,11,3,16,16,Friday,536919.1344,4808656.66,-80.543862,43.429903,Private Drive,2,P.D. only,On roadway,Rear end,Daylight,Municipal,No control,Unknown,FALSE,FALSE,FALSE,Clear,FALSE,WESTFOREST TRAIL; WESTFOREST TRAIL; At; 8 M,3/7/2019 12:58:35 PM,536919.1344,4808656.66,Q4,Weekend,FALSE
3574,47055,17-249843,11/3/2017 3:00:00 AM,2017,11,3,3,0,Friday,543103.5362,4812213.176,-80.467175,43.461595,Non intersection,2,P.D. only,On roadway,SMV,Dark,Regional,No control,Unknown,FALSE,FALSE,FALSE,Clear,FALSE,ETHEL ST; ETHEL ST,3/7/2019 12:58:34 PM,543103.5362,4812213.176,Q4,Weekend,FALSE
3575,47056,17-250477,10/31/2017 6:00:00 PM,2017,10,31,18,0,Tuesday,537409.368,4809599.054,-80.537741,43.438364,Non intersection,2,P.D. only,On roadway,SMV,Dark,Municipal,No control,Unknown,FALSE,FALSE,FALSE,Clear,FALSE,STOKE DR; STOKE DR,3/7/2019 12:58:32 PM,537409.368,4809599.054,Q4,Working,FALSE
3576,47057,17-250688,11/4/2017 2:00:00 PM,2017,11,4,14,0,Saturday,542371.2727,4806359.688,-80.476681,43.408932,Private Drive,2,P.D. only,On roadway,SMV,Daylight,Municipal,No control,Unknown,FALSE,FALSE,FALSE,Clear,FALSE,THE COUNTRY WAY; THE COUNTRY WAY,3/7/2019 12:58:31 PM,542371.2727,4806359.688,Q4,Weekend,FALSE
3577,47058,17-250965,10/29/2017 11:07:00 PM,2017,10,29,23,7,Sunday,544611.8987,4809092.824,-80.448785,43.433411,Intersection,2,P.D. only,On roadway,Intersection,Dusk,Municipal,Signal Control,Functioning,FALSE,FALSE,FALSE,Rain,FALSE,FRANKLIN ST S; KINGSWAY DR,1/30/2020 11:59:47 AM,544611.8987,4809092.824,Q4,Weekend,FALSE
3578,47059,17-251355,11/5/2017 12:33:00 PM,2017,11,5,12,33,Sunday,543067.1734,4807437.294,-80.468001,43.418595,Intersection,2,P.D. only,On roadway,Intersection,Daylight,Municipal,Sign Control,Functioning,FALSE,FALSE,FALSE,Rain,FALSE,BLOCK LINE RD; FALLOWFIELD DR,3/7/2019 12:58:30 PM,543067.1734,4807437.294,Q4,Weekend,FALSE
3579,47060,17-251471,11/5/2017 2:00:00 PM,2017,11,5,14,0,Sunday,549161.1483,4806312.529,-80.392828,43.408093,Private Drive,2,P.D. only,On roadway,Intersection,Daylight,Municipal,No control,Unknown,FALSE,FALSE,FALSE,Rain,FALSE,GATEWAY PARK DR; GATEWAY PARK DR ; At,3/7/2019 12:58:29 PM,549161.1483,4806312.529,Q4,Weekend,FALSE
3580,47061,17-252090,11/6/2017 11:20:00 AM,2017,11,6,11,20,Monday,541010.0145,4810229.411,-80.493202,43.443851,Non intersection,2,P.D. only,On roadway,Other,Daylight,Municipal,No control,Unknown,FALSE,FALSE,FALSE,Clear,FALSE,BENTON ST; BENTON ST ; At; 1 M,1/30/2020 11:59:46 AM,541010.0145,4810229.411,Q4,Working,FALSE
3581,47062,17-252190,11/6/2017 10:15:00 AM,2017,11,6,10,15,Monday,543422.4506,4811749.261,-80.46327,43.4574,Private Drive,2,P.D. only,On roadway,Other,Daylight,Municipal,No control,Unknown,FALSE,FALSE,FALSE,Clear,FALSE,ETON DR; ETON DR,3/7/2019 12:58:28 PM,543422.4506,4811749.261,Q4,Working,FALSE
3582,47063,17-252351,11/5/2017 6:10:00 PM,2017,11,5,18,10,Sunday,540388.0115,4812515.035,-80.500719,43.464465,Intersection,1,Non-fatal injury,On roadway,Intersection,Dusk,Municipal,Sign Control,Functioning,FALSE,TRUE,FALSE,Clear,FALSE,ELLIS AVE; HARTWOOD AVE,1/30/2020 11:59:45 AM,540388.0115,4812515.035,Q4,Weekend,FALSE
3583,47064,17-252879,11/7/2017 11:28:00 AM,2017,11,7,11,28,Tuesday,539564.5341,4811785.54,-80.510952,43.45794,Intersection,2,P.D. only,On roadway,Intersection,Daylight,Municipal,Sign Control,Functioning,FALSE,FALSE,FALSE,Clear,FALSE,PINE ST; MARY ST,3/7/2019 12:58:27 PM,539564.5341,4811785.54,Q4,Working,FALSE
3584,47065,17-253050,11/6/2017 9:15:00 PM,2017,11,6,21,15,Monday,545077.5384,4812495.581,-80.442751,43.464022,Private Drive,2,P.D. only,On roadway,Other,Dark,Municipal,No control,Unknown,FALSE,FALSE,FALSE,Clear,FALSE,HERITAGE DR; HERITAGE DR; Near,3/7/2019 12:58:26 PM,545077.5384,4812495.581,Q4,Working,FALSE
3585,47066,17-253108,11/7/2017 4:15:00 PM,2017,11,7,16,15,Tuesday,541053.6208,4810518.25,-80.492642,43.446449,Non intersection,2,P.D. only,On roadway,Rear end,Daylight,Municipal,No control,Unknown,FALSE,FALSE,FALSE,Clear,FALSE,QUEEN ST S; QUEEN ST S; At; 1 M,1/30/2020 11:59:44 AM,541053.6208,4810518.25,Q4,Working,FALSE
3586,47067,17-253502,11/8/2017 7:43:00 AM,2017,11,8,7,43,Wednesday,547734.8131,4804400.901,-80.41061,43.390973,Intersection,2,P.D. only,On roadway,Intersection,Daylight,Municipal,Sign Control,Functioning,FALSE,FALSE,FALSE,Clear,FALSE,DOON VALLEY DR; DURHAM ST,1/30/2020 11:59:44 AM,547734.8131,4804400.901,Q4,Working,FALSE
3587,47068,17-253704,11/8/2017 11:41:00 AM,2017,11,8,11,41,Wednesday,541458.2566,4811515.404,-80.487565,43.455406,Non intersection,2,P.D. only,On roadway,Other,Daylight,Municipal,No control,Unknown,FALSE,FALSE,FALSE,Clear,FALSE,MARGARET AVE; QUEEN ST N; 200 M,1/30/2020 11:59:42 AM,541458.2566,4811515.404,Q4,Working,FALSE
3588,47069,17-253956,11/8/2017 4:28:00 PM,2017,11,8,16,28,Wednesday,541303.986,4803364.089,-80.490088,43.382019,Private Drive,2,P.D. only,On roadway,Intersection,Daylight,Regional,No control,Unknown,FALSE,FALSE,FALSE,Clear,FALSE,HURON RD; HURON RD ; 8 M,1/30/2020 11:59:42 AM,541303.986,4803364.09,Q4,Working,FALSE
3589,47070,17-254055,11/8/2017 6:39:00 PM,2017,11,8,18,39,Wednesday,542659.8096,4811209.013,-80.472738,43.452579,Intersection,2,P.D. only,On roadway,Rear end,Dark,Municipal,Signal Control,Functioning,FALSE,FALSE,FALSE,Rain,FALSE,EAST AVE; KRUG ST,1/30/2020 11:59:41 AM,542659.8096,4811209.013,Q4,Working,FALSE
3590,47071,17-254803,11/9/2017 2:30:00 PM,2017,11,9,14,30,Thursday,544918.9032,4813539.492,-80.444626,43.473431,Private Drive,2,P.D. only,On roadway,Intersection,Daylight,Municipal,No control,Unknown,FALSE,FALSE,FALSE,Clear,FALSE,BINGEMANS CENTRE DR; BINGEMANS CENTRE DR,1/30/2020 11:59:40 AM,544918.9032,4813539.492,Q4,Weekend,FALSE
3591,47072,17-254812,11/9/2017 3:46:00 PM,2017,11,9,15,46,Thursday,544388.5963,4808604.442,-80.451584,43.429027,Non intersection,2,P.D. only,On roadway,SMV,Dusk,Municipal,No control,Unknown,FALSE,FALSE,FALSE,Rain,FALSE,FRANKLIN ST S; CONNAUGHT ST 120; 120 M,1/30/2020 11:59:40 AM,544388.5963,4808604.443,Q4,Weekend,FALSE
3592,47073,17-254925,11/9/2017 6:00:00 PM,2017,11,9,18,0,Thursday,544884.1098,4804848.323,-80.44577,43.395178,Intersection,2,P.D. only,On roadway,Intersection,Daylight,Municipal,Signal Control,Functioning,FALSE,FALSE,FALSE,Snow,FALSE,DOON VILLAGE RD; PIONEER DR,1/30/2020 11:59:39 AM,544884.1098,4804848.323,Q4,Weekend,FALSE
3593,47074,17-254945,11/9/2017 6:50:00 PM,2017,11,9,18,50,Thursday,542920.7702,4803833.19,-80.470092,43.386152,Intersection,2,P.D. only,On roadway,SMV,Dark,Municipal,Sign Control,Functioning,FALSE,FALSE,FALSE,Snow,FALSE,NEWCASTLE DR; TUDOR ST ; Near; 15 M,1/30/2020 11:59:38 AM,542920.7702,4803833.19,Q4,Weekend,FALSE
3594,47075,17-254960,11/9/2017 6:15:00 PM,2017,11,9,18,15,Thursday,549327.5733,4806728.291,-80.390735,43.411826,Intersection,2,P.D. only,On roadway,Rear end,Dark,Regional,Signal Control,Functioning,FALSE,FALSE,FALSE,Rain,FALSE,SPORTSWORLD DR TO 8 N ON; HWY 8,3/7/2019 12:58:25 PM,549327.5733,4806728.291,Q4,Weekend,FALSE
3595,47076,17-255216,11/10/2017 6:52:00 AM,2017,11,10,6,52,Friday,544481.9123,4805113.048,-80.450715,43.397585,Intersection,2,P.D. only,On roadway,Other,Dark,Municipal,No control,Unknown,FALSE,FALSE,FALSE,Snow,FALSE,MILLWOOD CRES; CLUTHE CRES; 25 M,1/30/2020 11:59:38 AM,544481.9123,4805113.048,Q4,Weekend,FALSE
3596,47077,17-255218,11/10/2017 6:56:00 AM,2017,11,10,6,56,Friday,543666.1444,4804887.476,-80.460806,43.395602,Intersection,2,P.D. only,On roadway,Intersection,Daylight,Municipal,Sign Control,Functioning,FALSE,FALSE,FALSE,Clear,FALSE,OLD HURON RD; BATTLER RD,1/30/2020 11:59:37 AM,543666.1444,4804887.476,Q4,Weekend,FALSE
3597,47078,17-255288,11/10/2017 8:15:00 AM,2017,11,10,8,15,Friday,547755.3256,4809869.09,-80.409879,43.440207,Private Drive,2,P.D. only,On roadway,Intersection,Daylight,Municipal,No control,Unknown,FALSE,FALSE,FALSE,Clear,FALSE,SIMS ESTATE DR; SIMS ESTATE DR; Near,3/7/2019 12:58:24 PM,547755.3256,4809869.09,Q4,Weekend,FALSE
3598,47079,17-255456,11/10/2017 8:00:00 AM,2017,11,10,8,0,Friday,536450.2802,4807893.752,-80.549705,43.423056,Private Drive,1,Non-fatal injury,On roadway,Other,Daylight,Municipal,No control,Unknown,FALSE,FALSE,FALSE,Clear,FALSE,NEWBURY DR; NEWBURY DR; Near,3/7/2019 12:58:22 PM,536450.2802,4807893.752,Q4,Weekend,FALSE
3599,47080,17-255531,11/10/2017 11:45:00 AM,2017,11,10,11,45,Friday,543229.7929,4804480.919,-80.466226,43.391967,Intersection,2,P.D. only,On roadway,Intersection,Daylight,Regional,Sign Control,Functioning,FALSE,FALSE,FALSE,Clear,FALSE,HURON RD; STRASBURG RD,3/7/2019 12:58:21 PM,543229.7929,4804480.919,Q4,Weekend,FALSE