,OBJECTID,ACCIDENTNUM,ACCIDENTDATE,ACCIDENT_YEAR,ACCIDENT_MONTH,ACCIDENT_DAY,ACCIDENT_HOUR,ACCIDENT_MINUTE,Accident_Day,XCOORD,YCOORD,LONGITUDE,LATITUDE,Accident_Location,COLLISIONTYPE,Accident_Type,Impact_Location,Impact_Type,Light,Road_Jurisdication,Traffic_Control,Traffic_Control_Condition,Pedestrian_Involved,Cyclist_Involved,Motorcyclist_Involved,Environment_Condition,Self_Reported,XMLIMPORTNOTES,LASTEDITEDDATE,x,y,Quarter,Day_Type,Vulnerable_Involved
3600,47081,17-255596,11/10/2017 3:32:00 PM,2017,11,10,15,32,Friday,540792.5715,4812277.342,-80.495736,43.462303,Private Drive,2,P.D. only,On roadway,Other,Daylight,Municipal,No control,Unknown,FALSE,FALSE,FALSE,Clear,FALSE,BRUNSWICK AVE; BRUNSWICK AVE ; At; 3 M,1/30/2020 11:59:36 AM,540792.5715,4812277.342,Q4,Weekend,FALSE
3601,47082,17-255712,11/9/2017 11:30:00 PM,2017,11,9,23,30,Thursday,542713.4571,4807105.049,-80.472396,43.415624,Non intersection,2,P.D. only,On roadway,SMV,Daylight,Other,No control,Unknown,FALSE,FALSE,FALSE,Clear,FALSE,MURRAYHILL CRT; MURRAYHILL CRT; At; 10 M,3/7/2019 12:58:20 PM,542713.4571,4807105.049,Q4,Weekend,FALSE
3602,47083,17-256081,11/11/2017 8:49:00 AM,2017,11,11,8,49,Saturday,545304.8404,4812419.843,-80.439947,43.463326,Private Drive,2,P.D. only,On roadway,Other,Daylight,Municipal,No control,Unknown,FALSE,FALSE,FALSE,Clear,FALSE,WIMBLETON CRES; WIMBLETON CRES ; Near; 500 M,1/30/2020 11:59:35 AM,545304.8404,4812419.843,Q4,Weekend,FALSE
3603,47084,17-256163,11/11/2017 11:09:00 AM,2017,11,11,11,9,Saturday,541633.8947,4811413.279,-80.485402,43.454476,Intersection,2,P.D. only,On roadway,Intersection,Daylight,Regional,Signal Control,Functioning,FALSE,FALSE,FALSE,Clear,FALSE,MARGARET AVE ; QUEEN ST N,1/30/2020 11:59:34 AM,541633.8947,4811413.279,Q4,Weekend,FALSE
3604,47085,17-256184,11/11/2017 3:40:00 AM,2017,11,11,3,40,Saturday,541465.3863,4810434.983,-80.487559,43.445677,Non intersection,2,P.D. only,Off roadway,SMV,Dark,Municipal,No control,Unknown,FALSE,FALSE,FALSE,Clear,FALSE,CHURCH ST; PETER ST ; Near; 100 M,1/30/2020 11:59:33 AM,541465.3863,4810434.983,Q4,Weekend,FALSE
3605,47086,17-256188,11/11/2017 12:09:00 PM,2017,11,11,12,9,Saturday,544731.3288,4811507.853,-80.447111,43.455149,Non intersection,2,P.D. only,Off roadway,SMV,Daylight,Municipal,No control,Unknown,FALSE,FALSE,FALSE,Clear,FALSE,RIVER RD E; GIBSON DR; 1 M,1/30/2020 11:59:33 AM,544731.3288,4811507.853,Q4,Weekend,FALSE
3606,47087,17-256570,11/11/2017 7:57:00 PM,2017,11,11,19,57,Saturday,539631.0544,4805863.401,-80.51056,43.404613,Intersection,1,Non-fatal injury,On roadway,Intersection,Dark,Municipal,Sign Control,Functioning,FALSE,FALSE,FALSE,Clear,FALSE,MAX BECKER DR ; BRIDLEWREATH ST ; 2 M,1/30/2020 11:59:31 AM,539631.0544,4805863.401,Q4,Weekend,FALSE
3607,47088,17-256790,11/12/2017 2:34:00 AM,2017,11,12,2,34,Sunday,538866.6195,4811498.681,-80.519599,43.455394,Non intersection,2,P.D. only,On roadway,SMV,Dark,Municipal,No control,Unknown,FALSE,FALSE,FALSE,Clear,FALSE,BELMONT AVE W; BELMONT AVE W; At; 1 M,1/30/2020 11:59:31 AM,538866.6195,4811498.681,Q4,Weekend,FALSE
3608,47089,17-256900,11/12/2017 9:04:00 AM,2017,11,12,9,4,Sunday,539405.3328,4810382.187,-80.513021,43.445313,Intersection,2,P.D. only,Off roadway,SMV,Daylight,Municipal,Sign Control,Functioning,FALSE,FALSE,FALSE,Clear,FALSE,BELMONT AVE W; KARN ST ; Near,1/30/2020 11:59:30 AM,539405.3328,4810382.187,Q4,Weekend,FALSE
3609,47090,17-256933,11/11/2017 2:30:00 PM,2017,11,11,14,30,Saturday,537543.0469,4806941.301,-80.536272,43.414426,Private Drive,2,P.D. only,Off roadway,SMV,Daylight,Municipal,No control,Unknown,FALSE,FALSE,FALSE,Clear,FALSE,PARKLAND CRES; PARKLAND CRES; Near,3/7/2019 12:58:18 PM,537543.0469,4806941.301,Q4,Weekend,FALSE
3610,47091,17-257026,11/12/2017 12:48:00 PM,2017,11,12,12,48,Sunday,544838.9909,4804830.761,-80.446329,43.395022,Non intersection,2,P.D. only,On roadway,Rear end,Daylight,Municipal,No control,Unknown,FALSE,FALSE,FALSE,Clear,FALSE,PIONEER DR; PIONEER DR ; 20 M,1/30/2020 11:59:28 AM,544838.9909,4804830.761,Q4,Weekend,FALSE
3611,47092,17-257441,11/13/2017 2:27:00 AM,2017,11,13,2,27,Monday,540486.8089,4809734.414,-80.499704,43.439423,Intersection,2,P.D. only,Off roadway,SMV,Dark,Regional,Sign Control,Functioning,FALSE,FALSE,FALSE,Rain,FALSE,QUEENS BLVD; SPADINA RD E; At; 3 M,1/30/2020 11:59:27 AM,540486.8089,4809734.414,Q4,Working,FALSE
3612,47093,17-257572,11/11/2017 2:00:00 PM,2017,11,11,14,0,Saturday,537010.5622,4808656.525,-80.542732,43.429897,Private Drive,2,P.D. only,On roadway,SMV,Daylight,Municipal,No control,Unknown,FALSE,FALSE,FALSE,Rain,FALSE,HOLLYRIDGE CRES; HOLLYRIDGE CRES; Near,3/7/2019 12:58:17 PM,537010.5622,4808656.525,Q4,Weekend,FALSE
3613,47094,17-257691,11/13/2017 11:38:00 AM,2017,11,13,11,38,Monday,536508.6257,4809513.234,-80.548876,43.437636,Non intersection,2,P.D. only,Off roadway,SMV,Daylight,Municipal,No control,Unknown,FALSE,FALSE,FALSE,Clear,FALSE,RESURRECTION DR ; NORTHMANOR CRES ; Near; 7 M,1/30/2020 11:59:26 AM,536508.6257,4809513.234,Q4,Working,FALSE
3614,47095,17-257764,11/13/2017 11:45:00 AM,2017,11,13,11,45,Monday,544141.3234,4808843.612,-80.454619,43.431195,Intersection,2,P.D. only,On roadway,Intersection,Daylight,Municipal,Sign Control,Functioning,FALSE,FALSE,FALSE,Clear,FALSE,FOURTH AVE ; CONNAUGHT ST,3/7/2019 12:58:16 PM,544141.3234,4808843.612,Q4,Working,FALSE
3615,47096,17-257810,11/13/2017 2:16:00 PM,2017,11,13,14,16,Monday,537376.5865,4809957.504,-80.538121,43.441593,Private Drive,2,P.D. only,On roadway,Other,Daylight,Municipal,No control,Unknown,FALSE,FALSE,FALSE,Clear,FALSE,WESTWOOD DR; WESTWOOD DR ; At; 5 M,1/30/2020 11:59:26 AM,537376.5865,4809957.504,Q4,Working,FALSE
3616,47097,17-257902,11/11/2017 5:30:00 PM,2017,11,11,17,30,Saturday,544796.0101,4809470.449,-80.446479,43.436801,Private Drive,2,P.D. only,On roadway,Other,Dusk,Regional,No control,Unknown,FALSE,FALSE,FALSE,Clear,FALSE,FRANKLIN ST N; FRANKLIN ST N,3/7/2019 12:58:15 PM,544796.0101,4809470.449,Q4,Weekend,FALSE
3617,47098,17-257982,11/13/2017 5:00:00 PM,2017,11,13,17,0,Monday,541954.8262,4815744.364,-80.481102,43.493455,Intersection,2,P.D. only,On roadway,Intersection,Dark,Municipal,No control,Unknown,FALSE,FALSE,FALSE,Clear,FALSE,FALCONRIDGE DR ; WOOLWICH ST,3/7/2019 12:58:14 PM,541954.8262,4815744.364,Q4,Working,FALSE
3618,47099,17-258111,11/13/2017 10:20:00 PM,2017,11,13,22,20,Monday,540533.1686,4806805.656,-80.499349,43.413049,Private Drive,2,P.D. only,On roadway,SMV,Dark,Municipal,No control,Unknown,FALSE,FALSE,FALSE,Clear,FALSE,BOSWORTH CRES; BOSWORTH CRES; Near; 5 M,1/30/2020 11:59:24 AM,540533.1686,4806805.656,Q4,Working,FALSE
3619,47100,17-258204,11/14/2017 3:09:00 AM,2017,11,14,3,9,Tuesday,538070.6833,4807546.803,-80.529712,43.419852,Intersection,2,P.D. only,Off roadway,SMV,Dark,Municipal,Sign Control,Functioning,FALSE,FALSE,FALSE,Clear,FALSE,MCGARRY DR; WESTHEIGHTS DR,1/30/2020 11:59:24 AM,538070.6833,4807546.803,Q4,Working,FALSE
3620,47101,17-258390,11/13/2017 3:45:00 PM,2017,11,13,15,45,Monday,544116.8171,4811896.401,-80.454675,43.458684,Intersection,2,P.D. only,On roadway,Rear end,Daylight,Municipal,Sign Control,Functioning,FALSE,FALSE,FALSE,Clear,FALSE,MANCHESTER RD; RIVER RD E,3/7/2019 12:58:13 PM,544116.8171,4811896.401,Q4,Working,FALSE
3621,47102,17-258776,11/14/2017 5:59:00 PM,2017,11,14,17,59,Tuesday,545107.6451,4807726.635,-80.442773,43.421081,Private Drive,2,P.D. only,On roadway,Intersection,Dark,Regional,Signal Control,Functioning,FALSE,FALSE,FALSE,Clear,FALSE,WILSON AVE ; FAIRWAY RD S; Near; 8 M,1/30/2020 11:59:23 AM,545107.6451,4807726.635,Q4,Working,FALSE
3622,47103,17-259175,11/15/2017 9:55:00 AM,2017,11,15,9,55,Wednesday,538119.1084,4810121.924,-80.528934,43.443036,Non intersection,2,P.D. only,Off roadway,SMV,Daylight,Municipal,No control,Unknown,FALSE,FALSE,FALSE,Clear,FALSE,MARKWOOD DR; ROSSFORD CRES ; Near; 120 M,1/30/2020 11:59:22 AM,538119.1084,4810121.924,Q4,Working,FALSE
3623,47104,17-259244,11/14/2017 9:50:00 PM,2017,11,14,21,50,Tuesday,542763.8473,4810432.173,-80.471513,43.445579,Non intersection,2,P.D. only,On roadway,SMV,Daylight,Municipal,No control,Unknown,FALSE,FALSE,FALSE,Clear,FALSE,BORDEN AVE N; WEBER ST E; Near,3/7/2019 12:58:12 PM,542763.8473,4810432.173,Q4,Working,FALSE
3624,47105,17-259385,11/15/2017 1:00:00 PM,2017,11,15,13,0,Wednesday,541942.4992,4806733.949,-80.481947,43.412326,Non intersection,2,P.D. only,On roadway,SMV,Daylight,Municipal,No control,Unknown,FALSE,FALSE,FALSE,Clear,FALSE,BROOKFIELD CRES; BROOKFIELD CRES,3/7/2019 12:58:11 PM,541942.4992,4806733.949,Q4,Working,FALSE
3625,47106,17-259667,11/15/2017 9:11:00 PM,2017,11,15,21,11,Wednesday,541517.6549,4811213.861,-80.486854,43.452687,Intersection,2,P.D. only,On roadway,Intersection,Dark,Municipal,Sign Control,Functioning,FALSE,FALSE,FALSE,Rain,FALSE,QUEEN ST N; ROY ST,1/30/2020 11:59:21 AM,541517.6549,4811213.861,Q4,Working,FALSE
3626,47107,17-259817,11/16/2017 5:48:00 AM,2017,11,16,5,48,Thursday,542743.2283,4811246.19,-80.471704,43.452909,Non intersection,2,P.D. only,On roadway,SMV,Dark,Municipal,No control,Unknown,FALSE,FALSE,FALSE,Rain,FALSE,KRUG ST; KRUG ST ; 1 M,1/30/2020 11:59:20 AM,542743.2283,4811246.19,Q4,Weekend,FALSE
3627,47108,17-259912,11/16/2017 9:10:00 AM,2017,11,16,9,10,Thursday,541068,4811108,0,0,Intersection,2,P.D. only,On roadway,Intersection,Daylight,Municipal,Signal Control,Functioning,FALSE,FALSE,FALSE,Rain,FALSE,GAGE AVE; BELMONT AVE W,3/7/2019 12:58:10 PM,541068,4811108,Q4,Weekend,FALSE
3628,47109,17-259975,11/15/2017 8:30:00 PM,2017,11,15,20,30,Wednesday,537684.3707,4808951.59,-80.534387,43.43252,Private Drive,2,P.D. only,On roadway,SMV,Dark,Municipal,No control,Unknown,FALSE,FALSE,FALSE,Rain,FALSE,OPRINGTON PL; OPRINGTON PL ; Near,3/7/2019 12:58:09 PM,537684.3707,4808951.59,Q4,Working,FALSE
3629,47110,17-260110,11/14/2017 6:30:00 PM,2017,11,14,18,30,Tuesday,539746.2355,4805758.562,-80.509145,43.403663,Intersection,2,P.D. only,On roadway,Intersection,Dark,Municipal,Sign Control,Functioning,FALSE,FALSE,FALSE,Clear,FALSE,MAX BECKER DR; ACTIVA AVE; Near,3/7/2019 12:58:08 PM,539746.2355,4805758.562,Q4,Working,FALSE
3630,47111,17-260194,11/16/2017 1:00:00 PM,2017,11,16,13,0,Thursday,539577.5309,4809670.372,-80.510945,43.438895,Private Drive,2,P.D. only,Off roadway,Intersection,Daylight,Municipal,No control,Unknown,FALSE,FALSE,FALSE,Clear,FALSE,LAWRENCE AVE; 324 HIGHLAND RD W; Near,3/7/2019 12:58:06 PM,539577.5309,4809670.373,Q4,Weekend,FALSE
3631,47112,17-260204,11/16/2017 2:12:00 PM,2017,11,16,14,12,Thursday,541182.9003,4810974.304,-80.491009,43.450549,Non intersection,2,P.D. only,Off roadway,SMV,Daylight,Regional,No control,Unknown,FALSE,FALSE,FALSE,Rain,FALSE,KING ST W; KING ST W; At; 0 M,1/30/2020 11:59:19 AM,541182.9003,4810974.304,Q4,Weekend,FALSE
3632,47113,17-261013,11/16/2017 12:45:00 PM,2017,11,16,12,45,Thursday,541749.3361,4810652.078,-80.484034,43.447616,Non intersection,2,P.D. only,On roadway,Rear end,Daylight,Regional,No control,Unknown,FALSE,FALSE,FALSE,Clear,FALSE,KING ST E; KING ST E; 20 M,3/7/2019 12:58:05 PM,541749.3361,4810652.078,Q4,Weekend,FALSE
3633,47114,17-261072,11/17/2017 3:00:00 PM,2017,11,17,15,0,Friday,541535.2751,4807825.677,-80.486894,43.422179,Non intersection,2,P.D. only,On roadway,Intersection,Daylight,Municipal,No control,Unknown,FALSE,FALSE,FALSE,Clear,FALSE,STRASBURG RD; STRASBURG RD; Near,3/7/2019 12:58:04 PM,541535.2751,4807825.677,Q4,Weekend,FALSE
3634,47115,17-261402,11/17/2017 11:38:00 PM,2017,11,17,23,38,Friday,539475.6032,4802920.528,-80.512692,43.378124,Non intersection,2,P.D. only,Off roadway,SMV,Dark,Regional,No control,Unknown,FALSE,FALSE,FALSE,Clear,FALSE,HURON RD; HURON RD ; Near; 2 M,1/30/2020 11:59:18 AM,539475.6032,4802920.528,Q4,Weekend,FALSE
3635,47116,17-262581,11/19/2017 1:00:00 PM,2017,11,19,13,0,Sunday,546074.5271,4811152.25,-80.43054,43.451866,Private Drive,2,P.D. only,On roadway,SMV,Daylight,Municipal,No control,Unknown,FALSE,FALSE,FALSE,Snow,FALSE,OLDFIELD DR; OLDFIELD DR,3/7/2019 12:58:03 PM,546074.5271,4811152.25,Q4,Weekend,FALSE
3636,47117,17-262592,11/19/2017 1:30:00 PM,2017,11,19,13,30,Sunday,544248.9177,4805069.168,-80.453596,43.397204,Private Drive,2,P.D. only,Off roadway,SMV,Daylight,Municipal,No control,Unknown,FALSE,FALSE,FALSE,Clear,FALSE,OLD HURON CRT; OLD HURON CRT ; At,3/7/2019 12:58:02 PM,544248.9177,4805069.168,Q4,Weekend,FALSE
3637,47118,17-262644,11/18/2017 9:25:00 AM,2017,11,18,9,25,Saturday,545458.6422,4808940.954,-80.438336,43.431993,Private Drive,2,Non-reportable,On roadway,Intersection,Daylight,Municipal,No control,Unknown,FALSE,FALSE,FALSE,Clear,FALSE,KINZIE AVE ; WEBER ST E; At,3/7/2019 12:58:01 PM,545458.6422,4808940.954,Q4,Weekend,FALSE
3638,47119,17-262679,11/18/2017 10:00:00 PM,2017,11,18,22,0,Saturday,539159.4671,4805572.978,-80.516404,43.402023,Private Drive,2,P.D. only,On roadway,SMV,Dark,Municipal,No control,Unknown,FALSE,FALSE,FALSE,Rain,FALSE,HENHOEFFER CRT; HENHOEFFER CRT ; Near,3/7/2019 12:58:00 PM,539159.4671,4805572.978,Q4,Weekend,FALSE
3639,47120,17-262919,11/19/2017 10:37:00 PM,2017,11,19,22,37,Sunday,540377.5465,4805920.273,-80.501336,43.405086,Intersection,2,P.D. only,On roadway,SMV,Dark,Regional,Sign Control,Functioning,FALSE,FALSE,FALSE,Rain,FALSE,MAX BECKER DR ; MAX BECKER DR 4; 4 M,1/30/2020 11:59:17 AM,540377.5465,4805920.273,Q4,Weekend,FALSE
3640,47121,17-263001,11/20/2017 1:30:00 AM,2017,11,20,1,30,Monday,541068,4811108,0,0,Non intersection,2,P.D. only,Off roadway,SMV,Dark,Municipal,No control,Unknown,FALSE,FALSE,FALSE,Snow,FALSE,THOMAS SLEE DR; THOMAS SLEE DR ; At; 10 M,3/7/2019 12:57:59 PM,541068,4811108,Q4,Working,FALSE
3641,47122,17-263075,11/20/2017 7:20:00 AM,2017,11,20,7,20,Monday,536568.9452,4809563.396,-80.548128,43.438084,Non intersection,2,P.D. only,Off roadway,SMV,Daylight,Municipal,No control,Unknown,FALSE,FALSE,FALSE,Snow,FALSE,RESURRECTION DR; NORTHMANOR CRES ; 25 M,1/30/2020 11:59:16 AM,536568.9452,4809563.396,Q4,Working,FALSE
3642,47123,17-263089,11/20/2017 7:40:00 AM,2017,11,20,7,40,Monday,536841.6198,4807844.017,-80.544874,43.422589,Intersection,2,P.D. only,On roadway,Other,Daylight,Municipal,Sign Control,Functioning,FALSE,FALSE,FALSE,Snow,FALSE,ROLLING MEADOWS DR; CONNELLY DR; Near; 10 M,1/30/2020 11:59:15 AM,536841.6198,4807844.017,Q4,Working,FALSE
3643,47124,17-263096,11/20/2017 7:53:00 AM,2017,11,20,7,53,Monday,538629.2707,4805377.879,-80.522965,43.400294,Non intersection,2,P.D. only,On roadway,SMV,Daylight,Municipal,No control,Unknown,FALSE,FALSE,FALSE,Clear,FALSE,GRAVEL RIDGE TRAIL; GRAVEL RIDGE TRAIL ; Near; 2 M,1/30/2020 11:59:14 AM,538629.2707,4805377.879,Q4,Working,FALSE
3644,47125,17-263128,11/20/2017 8:30:00 AM,2017,11,20,8,30,Monday,536534.1851,4809760.539,-80.548544,43.439861,Non intersection,2,P.D. only,On roadway,Other,Daylight,Municipal,No control,Unknown,FALSE,FALSE,FALSE,Clear,FALSE,RESURRECTION DR; UNIVERSITY AVE; Near; 100 M,1/30/2020 11:59:13 AM,536534.1851,4809760.539,Q4,Working,FALSE
3645,47126,17-263144,11/20/2017 7:40:00 AM,2017,11,20,7,40,Monday,536842.5818,4807844.023,-80.544863,43.422589,Non intersection,2,P.D. only,On roadway,SMV,Daylight,Municipal,No control,Unknown,FALSE,FALSE,FALSE,Snow,FALSE,ROLLING MEADOWS DR; CONNELLY DR; Near; 10 M,1/30/2020 11:59:12 AM,536842.5818,4807844.023,Q4,Working,FALSE
3646,47127,17-263482,11/20/2017 2:40:00 PM,2017,11,20,14,40,Monday,546295.48,4809961.962,-80.42791,43.441135,Non intersection,1,Non-fatal injury,Off roadway,SMV,Daylight,Municipal,No control,Unknown,FALSE,FALSE,FALSE,Clear,FALSE,OLD CHICOPEE TRAIL; OLD CHICOPEE TRAIL ; 0 M,1/30/2020 11:59:11 AM,546295.48,4809961.962,Q4,Working,FALSE
3647,47128,17-263576,11/19/2017 7:00:00 AM,2017,11,19,7,0,Sunday,543143.216,4814133.822,-80.466532,43.478887,Non intersection,2,P.D. only,On roadway,SMV,Daylight,Municipal,No control,Unknown,FALSE,FALSE,FALSE,Clear,FALSE,SCHUELLER ST; SCHUELLER ST ; Near,3/7/2019 12:57:58 PM,543143.216,4814133.822,Q4,Weekend,FALSE
3648,47129,17-263711,11/20/2017 7:19:00 PM,2017,11,20,19,19,Monday,540797.0475,4809185.243,-80.495912,43.434461,Intersection,1,Non-fatal injury,On roadway,SMV,Dark,Municipal,Sign Control,Functioning,FALSE,FALSE,FALSE,Clear,FALSE,PLEASANT AVE; STIRLING AVE S; Near; 20 M,1/30/2020 11:59:10 AM,540797.0475,4809185.243,Q4,Working,FALSE
3649,47130,17-263927,11/21/2017 5:52:00 AM,2017,11,21,5,52,Tuesday,544343.9015,4808757.316,-80.452123,43.430406,Intersection,2,P.D. only,Off roadway,SMV,Dark,Municipal,Sign Control,Functioning,FALSE,FALSE,FALSE,Clear,FALSE,SIXTH AVE; CONNAUGHT ST ; Near; 3 M,1/30/2020 11:59:09 AM,544343.9015,4808757.316,Q4,Working,FALSE
3650,47131,17-263991,11/18/2017 3:00:00 PM,2017,11,18,15,0,Saturday,540899.9589,4809443.177,-80.494621,43.436778,Non intersection,2,P.D. only,Off roadway,SMV,Daylight,Municipal,No control,Unknown,FALSE,FALSE,FALSE,Rain,FALSE,LORNE CRES; LORNE CRES ; Near,3/7/2019 12:57:55 PM,540899.9589,4809443.177,Q4,Weekend,FALSE
3651,47132,17-264265,11/20/2017 11:00:00 AM,2017,11,20,11,0,Monday,539972.6004,4807578.438,-80.506216,43.420038,Non intersection,2,P.D. only,On roadway,SMV,Daylight,Municipal,No control,Unknown,FALSE,FALSE,FALSE,Clear,FALSE,HOWE DR; WINDALE CRES; Near,3/7/2019 12:57:54 PM,539972.6004,4807578.438,Q4,Working,FALSE
3652,47133,17-264345,11/21/2017 2:30:00 PM,2017,11,21,14,30,Tuesday,544605.991,4804925.646,-80.449198,43.39589,Private Drive,2,P.D. only,On roadway,SMV,Daylight,Municipal,No control,Unknown,FALSE,FALSE,FALSE,Clear,FALSE,HARCOURT CRES; MILLWOOD CRES; Near,3/7/2019 12:57:53 PM,544605.991,4804925.646,Q4,Working,FALSE
3653,47134,17-264505,11/21/2017 5:35:00 PM,2017,11,21,17,35,Tuesday,541980.1336,4808699.511,-80.481332,43.430022,Non intersection,2,P.D. only,On roadway,Intersection,Dark,Municipal,No control,Unknown,FALSE,FALSE,FALSE,Clear,FALSE,KEHL ST; OTTAWA ST S; Near,3/7/2019 12:57:52 PM,541980.1336,4808699.511,Q4,Working,FALSE
3654,47135,17-264809,11/22/2017 8:56:00 AM,2017,11,22,8,56,Wednesday,541026.735,4806547.548,-80.493272,43.410699,Intersection,2,P.D. only,On roadway,Intersection,Daylight,Municipal,Sign Control,Functioning,FALSE,FALSE,FALSE,Snow,FALSE,ERINBROOK DR; HIGHCROFT CRT,1/30/2020 11:59:08 AM,541026.735,4806547.548,Q4,Working,FALSE
3655,47136,17-264834,11/22/2017 9:15:00 AM,2017,11,22,9,15,Wednesday,539314.1768,4810618.908,-80.514131,43.447449,Intersection,1,Non-fatal injury,On roadway,SMV,Daylight,Municipal,Signal Control,Functioning,TRUE,FALSE,FALSE,Clear,FALSE,BELMONT AVE W; GAGE AVE,1/30/2020 11:59:07 AM,539314.1768,4810618.908,Q4,Working,FALSE
3656,47137,17-264853,11/22/2017 9:36:00 AM,2017,11,22,9,36,Wednesday,545960.489,4803095.636,-80.432627,43.379331,Private Drive,2,P.D. only,On roadway,Other,Daylight,Municipal,No control,Unknown,FALSE,FALSE,FALSE,Clear,FALSE,DOON SOUTH DR; DOON SOUTH DR ; 8 M,1/30/2020 11:59:06 AM,545960.489,4803095.636,Q4,Working,FALSE
3657,47138,17-264900,11/22/2017 9:00:00 AM,2017,11,22,9,0,Wednesday,541905.1483,4808615.176,-80.482264,43.429267,Private Drive,2,P.D. only,On roadway,SMV,Daylight,Municipal,No control,Unknown,FALSE,FALSE,FALSE,Snow,FALSE,KEHL ST; KEHL ST,3/7/2019 12:57:51 PM,541905.1483,4808615.176,Q4,Working,FALSE
3658,47139,17-264974,11/22/2017 12:22:00 PM,2017,11,22,12,22,Wednesday,545923.3357,4809325.101,-80.432562,43.435424,Intersection,1,Non-fatal injury,On roadway,Rear end,Daylight,Municipal,No control,Unknown,FALSE,FALSE,FALSE,Clear,FALSE,THALER AVE; KINZIE AVE ; 26 M,1/30/2020 11:59:05 AM,545923.3357,4809325.101,Q4,Working,FALSE
3659,47140,17-265154,11/20/2017 9:00:00 AM,2017,11,20,9,0,Monday,537129.8088,4806665.733,-80.541394,43.411966,Non intersection,2,P.D. only,Off roadway,SMV,Daylight,Municipal,No control,Unknown,FALSE,FALSE,FALSE,Clear,FALSE,YELLOW BIRCH DR; HODDLE CRES ; Near; 120 M,1/30/2020 11:59:05 AM,537129.8088,4806665.733,Q4,Working,FALSE
3660,47141,17-265186,11/22/2017 5:10:00 PM,2017,11,22,17,10,Wednesday,549458.6497,4806084.05,-80.389175,43.406016,Private Drive,2,P.D. only,On roadway,Intersection,Dark,Municipal,No control,Unknown,FALSE,FALSE,FALSE,Clear,FALSE,TU LANE ST; KING ST E; Near; 10 M,1/30/2020 11:59:04 AM,549458.6497,4806084.05,Q4,Working,FALSE
3661,47142,17-265404,11/22/2017 10:49:00 PM,2017,11,22,22,49,Wednesday,544481.1938,4812745.473,-80.450102,43.466308,Private Drive,1,Non-fatal injury,Off roadway,SMV,Dark,Other,No control,Unknown,FALSE,FALSE,FALSE,Clear,FALSE,DRIVEWAY; CARSON DR ; Near; 3 M,1/30/2020 11:59:03 AM,544481.1938,4812745.474,Q4,Working,FALSE
3662,47143,17-265543,11/21/2017 1:30:00 PM,2017,11,21,13,30,Tuesday,542188.6586,4810207.39,-80.478639,43.443587,Private Drive,2,P.D. only,On roadway,Other,Daylight,Regional,No control,Unknown,FALSE,FALSE,FALSE,Clear,FALSE,CHARLES ST E; STIRLING AVE S; At,3/7/2019 12:57:49 PM,542188.6586,4810207.39,Q4,Working,FALSE
3663,47144,17-265995,11/22/2017 8:00:00 PM,2017,11,22,20,0,Wednesday,540616.102,4809335.825,-80.498136,43.435827,Non intersection,2,P.D. only,On roadway,SMV,Dark,Municipal,No control,Unknown,FALSE,FALSE,FALSE,Clear,FALSE,PERTH RD; PERTH RD,3/7/2019 12:57:48 PM,540616.102,4809335.825,Q4,Working,FALSE
3664,47145,17-266573,11/24/2017 10:40:00 AM,2017,11,24,10,40,Friday,544824.243,4807973.815,-80.446253,43.423323,Private Drive,2,P.D. only,On roadway,Intersection,Daylight,Regional,No control,Unknown,FALSE,FALSE,FALSE,Clear,FALSE,WILSON AVE ; FAIRWAY RD S; At; 120 M,1/30/2020 11:59:02 AM,544824.243,4807973.815,Q4,Weekend,FALSE
3665,47146,17-266968,11/24/2017 7:09:00 PM,2017,11,24,19,9,Friday,540617.9658,4810956.263,-80.497993,43.450417,Intersection,1,Non-fatal injury,On roadway,SMV,Dark,Municipal,Sign Control,Functioning,TRUE,FALSE,FALSE,Clear,FALSE,JOSEPH ST; LINDEN AVE; 5 M,1/30/2020 11:59:01 AM,540617.9658,4810956.263,Q4,Weekend,FALSE
3666,47147,17-267265,11/25/2017 3:07:00 AM,2017,11,25,3,7,Saturday,540696.7118,4809684.682,-80.497114,43.438963,Non intersection,1,Non-fatal injury,On roadway,SMV,Dark,Municipal,No control,Unknown,FALSE,FALSE,FALSE,Clear,FALSE,SPADINA RD E; SPADINA RD E; 5 M,1/30/2020 11:59:00 AM,540696.7118,4809684.682,Q4,Weekend,FALSE
3667,47148,17-267654,11/25/2017 1:45:00 PM,2017,11,25,13,45,Saturday,545824.6319,4808612.059,-80.433842,43.429009,Private Drive,2,P.D. only,On roadway,Intersection,Daylight,Regional,No control,Unknown,FALSE,FALSE,FALSE,Rain,FALSE,KING ST E; KING ST E; Near,3/7/2019 12:57:46 PM,545824.6319,4808612.059,Q4,Weekend,FALSE
3668,47149,17-268439,11/26/2017 4:58:00 PM,2017,11,26,16,58,Sunday,539005.8617,4811279.6,-80.517894,43.453414,Intersection,2,P.D. only,On roadway,Intersection,Daylight,Municipal,Sign Control,Functioning,FALSE,FALSE,FALSE,Clear,FALSE,BELMONT AVE W; CLAREMONT AVE,1/30/2020 11:58:59 AM,539005.8617,4811279.6,Q4,Weekend,FALSE
3669,47150,17-269053,11/27/2017 10:30:00 AM,2017,11,27,10,30,Monday,540128.0717,4805798.925,-80.504426,43.404006,Private Drive,2,P.D. only,On roadway,Other,Daylight,Municipal,No control,Unknown,FALSE,FALSE,FALSE,Clear,FALSE,MAX BECKER DR; MAX BECKER DR,1/30/2020 11:58:58 AM,540128.0717,4805798.925,Q4,Working,FALSE
3670,47151,17-269093,11/26/2017 1:00:00 AM,2017,11,26,1,0,Sunday,546798.337,4808421.687,-80.421828,43.427235,Private Drive,2,P.D. only,On roadway,SMV,Dark,Municipal,No control,Unknown,FALSE,FALSE,FALSE,Clear,FALSE,MORGAN AVE; MORGAN AVE; At,3/7/2019 12:57:43 PM,546798.337,4808421.687,Q4,Weekend,FALSE