,OBJECTID,ACCIDENTNUM,ACCIDENTDATE,ACCIDENT_YEAR,ACCIDENT_MONTH,ACCIDENT_DAY,ACCIDENT_HOUR,ACCIDENT_MINUTE,Accident_Day,XCOORD,YCOORD,LONGITUDE,LATITUDE,Accident_Location,COLLISIONTYPE,Accident_Type,Impact_Location,Impact_Type,Light,Road_Jurisdication,Traffic_Control,Traffic_Control_Condition,Pedestrian_Involved,Cyclist_Involved,Motorcyclist_Involved,Environment_Condition,Self_Reported,XMLIMPORTNOTES,LASTEDITEDDATE,x,y,Quarter,Day_Type,Vulnerable_Involved
3671,47152,17-269708,11/28/2017 8:35:00 AM,2017,11,28,8,35,Tuesday,545980.2493,4808544.641,-80.431925,43.428393,Private Drive,2,P.D. only,On roadway,Intersection,Daylight,Regional,No control,Unknown,FALSE,FALSE,FALSE,Clear,FALSE,KING ST E; KING ST E,3/7/2019 12:57:42 PM,545980.2493,4808544.641,Q4,Working,FALSE
3672,47153,17-269851,11/28/2017 12:19:00 PM,2017,11,28,12,19,Tuesday,547238.2855,4808459.307,-80.41639,43.427546,Non intersection,2,P.D. only,On roadway,SMV,Daylight,Other,No control,Unknown,FALSE,FALSE,FALSE,Clear,FALSE,GRAND RIVER BLVD; GRAND RIVER BLVD ; At; 5 M,2/19/2019 2:08:50 PM,547238.2855,4808459.307,Q4,Working,FALSE
3673,47154,17-270186,11/28/2017 6:15:00 AM,2017,11,28,6,15,Tuesday,546533.212,4803507.265,-80.425522,43.383002,Non intersection,2,P.D. only,On roadway,SMV,Dark,Municipal,No control,Unknown,FALSE,FALSE,FALSE,Clear,FALSE,CREST HAVEN ST; CREST HAVEN ST; Near,3/7/2019 12:57:41 PM,546533.212,4803507.265,Q4,Working,FALSE
3674,47155,17-270603,11/29/2017 8:30:00 AM,2017,11,29,8,30,Wednesday,537121.9494,4806782.658,-80.541484,43.413019,Private Drive,2,P.D. only,On roadway,Other,Daylight,Municipal,No control,Unknown,FALSE,FALSE,FALSE,Clear,FALSE,CEDAR CREST ST; CEDAR CREST ST; At,3/7/2019 12:57:40 PM,537121.9494,4806782.658,Q4,Working,FALSE
3675,47156,17-270629,11/28/2017 2:00:00 PM,2017,11,28,14,0,Tuesday,539937.0634,4811689.089,-80.506354,43.457052,Non intersection,2,P.D. only,Off roadway,SMV,Daylight,Municipal,No control,Unknown,FALSE,FALSE,FALSE,Clear,FALSE,BRAUN ST; BRAUN ST; Near,3/7/2019 12:57:38 PM,539937.0634,4811689.089,Q4,Working,FALSE
3676,47157,17-270808,11/29/2017 2:00:00 PM,2017,11,29,14,0,Wednesday,538900.4254,4811472.05,-80.519183,43.455153,Intersection,2,P.D. only,On roadway,Intersection,Daylight,Municipal,Signal Control,Functioning,FALSE,FALSE,FALSE,Clear,FALSE,BELMONT AVE W; UNION BLVD,1/30/2020 11:58:57 AM,538900.4254,4811472.05,Q4,Working,FALSE
3677,47158,17-270826,11/29/2017 2:31:00 PM,2017,11,29,14,31,Wednesday,539089.578,4808786.316,-80.517037,43.43096,Non intersection,1,Non-fatal injury,Off roadway,SMV,Daylight,Municipal,No control,Unknown,FALSE,FALSE,FALSE,Clear,FALSE,QUEENS BLVD; KELLY DR ; Near; 17 M,3/7/2019 12:57:37 PM,539089.578,4808786.316,Q4,Working,FALSE
3678,47159,17-271580,11/30/2017 12:30:00 PM,2017,11,30,12,30,Thursday,545525.0244,4811214.713,-80.437326,43.452462,Private Drive,2,P.D. only,On roadway,SMV,Daylight,Municipal,No control,Unknown,FALSE,FALSE,FALSE,Rain,FALSE,CARNABY CRES; CARNABY CRES ; Near,3/7/2019 12:57:36 PM,545525.0244,4811214.713,Q4,Weekend,FALSE
3679,47160,17-271581,11/30/2017 12:29:00 PM,2017,11,30,12,29,Thursday,544611.6586,4812933.667,-80.448474,43.467994,Intersection,1,Non-fatal injury,On roadway,Intersection,Daylight,Municipal,Sign Control,Functioning,FALSE,FALSE,FALSE,Rain,FALSE,ROTHSAY AVE ; NATCHEZ RD,1/30/2020 11:58:56 AM,544611.6586,4812933.667,Q4,Weekend,FALSE
3680,47161,17-271653,11/22/2017 2:40:00 PM,2017,11,22,14,40,Wednesday,543752.2371,4805552.861,-80.45969,43.401588,Intersection,2,Non-reportable,On roadway,Rear end,Daylight,Municipal,Sign Control,Functioning,FALSE,FALSE,FALSE,Clear,FALSE,BEASLEY DR; TRILLIUM DR,3/7/2019 12:57:35 PM,543752.2371,4805552.861,Q4,Working,FALSE
3681,47162,17-271735,11/30/2017 3:28:00 PM,2017,11,30,15,28,Thursday,542841.2177,4809871.878,-80.470601,43.440529,Intersection,1,Non-fatal injury,On roadway,Intersection,Daylight,Municipal,Sign Control,Functioning,FALSE,FALSE,FALSE,Clear,FALSE,CHARLES ST E; SYDNEY ST S,1/30/2020 11:58:55 AM,542841.2177,4809871.878,Q4,Weekend,FALSE
3682,47163,17-272341,12/1/2017 8:45:00 AM,2017,12,1,8,45,Friday,546062.9709,4809494.889,-80.430823,43.436944,Intersection,2,P.D. only,On roadway,Intersection,Daylight,Regional,Signal Control,Functioning,FALSE,FALSE,FALSE,Clear,FALSE,KINZIE AVE; RIVER RD E,3/7/2019 12:57:34 PM,546062.9709,4809494.889,Q4,Weekend,FALSE
3683,47164,17-272780,12/1/2017 7:00:00 PM,2017,12,1,19,0,Friday,542019.2128,4807242.425,-80.480961,43.4169,Intersection,2,P.D. only,Off roadway,SMV,Dark,Municipal,Sign Control,Functioning,FALSE,FALSE,FALSE,Clear,FALSE,STRASBURG RD; BLACKHORNE DR,1/30/2020 11:58:54 AM,542019.2128,4807242.425,Q4,Weekend,FALSE
3684,47165,17-273642,12/2/2017 7:00:00 PM,2017,12,2,19,0,Saturday,541674.9299,4803992.547,-80.485461,43.387657,Non intersection,2,Other,Off roadway,SMV,Dark,Municipal,No control,Unknown,FALSE,FALSE,FALSE,Clear,FALSE,WOODBINE AVE; WOODBINE AVE ; At; 5 M,1/30/2020 11:58:53 AM,541674.9299,4803992.547,Q4,Weekend,FALSE
3685,47166,17-274276,12/3/2017 2:53:00 PM,2017,12,3,14,53,Sunday,545035.0699,4807866.194,-80.443658,43.422342,Intersection,2,P.D. only,On roadway,Rear end,Daylight,Municipal,Signal Control,Functioning,FALSE,FALSE,FALSE,Clear,FALSE,KINGSWAY DR ; WILSON AVE; Near; 20 M,1/30/2020 11:58:52 AM,545035.0699,4807866.194,Q4,Weekend,FALSE
3686,47167,17-274757,12/4/2017 7:53:00 AM,2017,12,4,7,53,Monday,541068,4811108,0,0,Intersection,2,P.D. only,On roadway,SMV,Daylight,Municipal,Sign Control,Functioning,FALSE,FALSE,FALSE,Other,FALSE,AMAND DR; SHADY GLEN CRES,1/30/2020 11:58:51 AM,541068,4811108,Q4,Working,FALSE
3687,47168,17-274895,12/4/2017 10:35:00 AM,2017,12,4,10,35,Monday,539096.9728,4811071.254,-80.516782,43.451534,Non intersection,1,Non-fatal injury,Off roadway,SMV,Daylight,Municipal,No control,Unknown,FALSE,FALSE,FALSE,Clear,FALSE,BELMONT AVE W; BELMONT AVE W; Near; 22 M,1/30/2020 11:58:51 AM,539096.9728,4811071.254,Q4,Working,FALSE
3688,47169,17-274904,11/27/2017 10:42:00 AM,2017,11,27,10,42,Monday,542271.0179,4810245.136,-80.477618,43.443923,Intersection,2,P.D. only,On roadway,Intersection,Daylight,Municipal,No control,Unknown,FALSE,FALSE,FALSE,Clear,FALSE,STIRLING AVE S; STIRLING LANE,1/30/2020 11:58:50 AM,542271.0179,4810245.136,Q4,Working,FALSE
3689,47170,17-274990,12/3/2017 10:00:00 AM,2017,12,3,10,0,Sunday,536500.9079,4808670.709,-80.549028,43.43005,Non intersection,2,P.D. only,Off roadway,SMV,Daylight,Regional,No control,Unknown,FALSE,FALSE,FALSE,Clear,FALSE,HIGHGATE RD; VICTORIA ST S,3/7/2019 12:57:33 PM,536500.9079,4808670.709,Q4,Weekend,FALSE
3690,47171,17-275295,12/4/2017 7:40:00 PM,2017,12,4,19,40,Monday,539030.7071,4811223.215,-80.51759,43.452905,Non intersection,2,P.D. only,Other,SMV,Dark,Municipal,No control,Unknown,FALSE,FALSE,FALSE,Clear,FALSE,BELMONT AVE W; ROCK AVE ; 33 M,1/30/2020 11:58:49 AM,539030.7071,4811223.215,Q4,Working,FALSE
3691,47172,17-275453,12/5/2017 12:49:00 AM,2017,12,5,0,49,Tuesday,544480.2451,4812743.551,-80.450114,43.46629,Non intersection,2,P.D. only,Off roadway,SMV,Dark,Municipal,No control,Unknown,FALSE,FALSE,FALSE,Rain,FALSE,CARSON DR; CARSON DR ; At; 1 M,1/30/2020 11:58:48 AM,544480.2451,4812743.551,Q4,Working,FALSE
3692,47173,17-276072,12/4/2017 7:00:00 PM,2017,12,4,19,0,Monday,541955.799,4815742.455,-80.48109,43.493438,Intersection,2,P.D. only,On roadway,Intersection,Dark,Municipal,Sign Control,Functioning,FALSE,FALSE,FALSE,Clear,FALSE,WOOLWICH ST; CARRIAGE WAY,3/7/2019 12:57:32 PM,541955.799,4815742.455,Q4,Working,FALSE
3693,47174,17-276220,12/5/2017 10:04:00 PM,2017,12,5,22,4,Tuesday,542866.2978,4810783.688,-80.47022,43.448738,Intersection,1,Non-fatal injury,On roadway,Intersection,Dark,Regional,Sign Control,Functioning,FALSE,FALSE,FALSE,Clear,FALSE,EAST AVE; STIRLING AVE N,1/30/2020 11:58:48 AM,542866.2978,4810783.688,Q4,Working,FALSE
3694,47175,17-276488,12/5/2017 7:00:00 PM,2017,12,5,19,0,Tuesday,541848.8921,4808812.393,-80.482944,43.431046,Private Drive,2,P.D. only,On roadway,SMV,Dark,Municipal,No control,Unknown,FALSE,FALSE,FALSE,Clear,FALSE,KELVIN AVE; KELVIN AVE ; Near,3/7/2019 12:57:31 PM,541848.8921,4808812.393,Q4,Working,FALSE
3695,47176,17-276820,12/6/2017 4:00:00 PM,2017,12,6,16,0,Wednesday,541662.9689,4810409.517,-80.48512,43.445437,Intersection,2,P.D. only,On roadway,Intersection,Dusk,Regional,Sign Control,Functioning,FALSE,FALSE,FALSE,Clear,FALSE,CEDAR ST S; CHURCH ST,1/30/2020 11:58:47 AM,541662.9689,4810409.517,Q4,Working,FALSE
3696,47177,17-276887,12/6/2017 4:50:00 PM,2017,12,6,16,50,Wednesday,540947.8504,4812330.996,-80.493813,43.462777,Private Drive,2,P.D. only,On roadway,Intersection,Dusk,Regional,No control,Unknown,FALSE,FALSE,FALSE,Clear,FALSE,MARGARET AVE; MARGARET AVE; Near,3/7/2019 12:57:30 PM,540947.8504,4812330.996,Q4,Working,FALSE
3697,47178,17-277395,12/6/2017 1:00:00 PM,2017,12,6,13,0,Wednesday,537298.2848,4807993.916,-80.539223,43.423917,Private Drive,2,P.D. only,On roadway,SMV,Daylight,Municipal,No control,Unknown,FALSE,FALSE,FALSE,Clear,FALSE,HIGH ACRES CRES; HIGH ACRES CRES ; Near,3/7/2019 12:57:29 PM,537298.2848,4807993.916,Q4,Working,FALSE
3698,47179,17-277461,12/7/2017 10:58:00 AM,2017,12,7,10,58,Thursday,541177.492,4808252.814,-80.491282,43.426045,Non intersection,2,P.D. only,On roadway,SMV,Daylight,Municipal,No control,Unknown,FALSE,FALSE,FALSE,Snow,FALSE,CHANDLER DR; STRASBURG RD; At; 5 M,1/30/2020 11:58:46 AM,541177.492,4808252.814,Q4,Weekend,FALSE
3699,47180,17-277475,12/7/2017 8:45:00 AM,2017,12,7,8,45,Thursday,544884.1034,4804849.282,-80.44577,43.395186,Intersection,2,P.D. only,On roadway,Rear end,Daylight,Municipal,Signal Control,Functioning,FALSE,FALSE,FALSE,Clear,FALSE,DOON VILLAGE RD; PIONEER DR; At,1/30/2020 11:58:45 AM,544884.1034,4804849.282,Q4,Weekend,FALSE
3700,47181,17-277548,12/7/2017 11:45:00 AM,2017,12,7,11,45,Thursday,541486.3985,4808957.196,-80.487412,43.43237,Private Drive,2,P.D. only,On roadway,Other,Daylight,Municipal,No control,Unknown,FALSE,FALSE,FALSE,Snow,FALSE,SOUTHDALE AVE; SOUTHDALE AVE; At,3/7/2019 12:57:27 PM,541486.3985,4808957.196,Q4,Weekend,FALSE
3701,47182,17-277559,12/7/2017 11:30:00 AM,2017,12,7,11,30,Thursday,535891.2493,4809416.858,-80.556511,43.436798,Non intersection,2,P.D. only,Off roadway,SMV,Daylight,Municipal,No control,Unknown,FALSE,FALSE,FALSE,Rain,FALSE,LEMON GRASS CRES; LEMON GRASS CRES ; 1 M,1/30/2020 11:58:44 AM,535891.2493,4809416.858,Q4,Weekend,FALSE
3702,47183,17-277793,12/5/2017 11:00:00 PM,2017,12,5,23,0,Tuesday,540965.7135,4812667.782,-80.493566,43.465809,Private Drive,2,P.D. only,On roadway,SMV,Dark,Municipal,No control,Unknown,FALSE,FALSE,FALSE,Clear,FALSE,FAIRFIELD AVE; FAIRFIELD AVE ; At; 1 M,1/30/2020 11:58:43 AM,540965.7135,4812667.782,Q4,Working,FALSE
3703,47184,17-278486,12/8/2017 4:47:00 PM,2017,12,8,16,47,Friday,540732.4312,4808039.227,-80.496796,43.424146,Intersection,2,P.D. only,Off roadway,SMV,Daylight,Municipal,Sign Control,Functioning,FALSE,FALSE,FALSE,Clear,FALSE,CHANDLER DR; ELMSDALE DR,1/30/2020 11:58:42 AM,540732.4312,4808039.227,Q4,Weekend,FALSE
3704,47185,17-278557,12/8/2017 6:25:00 PM,2017,12,8,18,25,Friday,546220.7383,4808000.801,-80.429,43.423481,Non intersection,2,P.D. only,On roadway,SMV,Dark,Municipal,No control,Unknown,FALSE,FALSE,FALSE,Clear,FALSE,HIDDEN VALLEY RD; HIDDEN VALLEY RD ; Near; 100 M,1/30/2020 11:58:41 AM,546220.7383,4808000.801,Q4,Weekend,FALSE
3705,47186,17-278559,12/8/2017 4:30:00 PM,2017,12,8,16,30,Friday,543896.9864,4811908.709,-80.457391,43.458808,Intersection,2,P.D. only,On roadway,Rear end,Daylight,Regional,Sign Control,Functioning,FALSE,FALSE,FALSE,Clear,FALSE,KRUG ST; RIVER RD E,3/7/2019 12:57:26 PM,543896.9864,4811908.709,Q4,Weekend,FALSE
3706,47187,17-279018,12/8/2017 8:00:00 AM,2017,12,8,8,0,Friday,538658.81,4807942.13,-80.522419,43.423381,Intersection,2,P.D. only,On roadway,SMV,Daylight,Municipal,Sign Control,Functioning,FALSE,FALSE,FALSE,Clear,FALSE,FOREST HILL DR; HICKORY HEIGHTS CRES,3/7/2019 12:57:25 PM,538658.81,4807942.13,Q4,Weekend,FALSE
3707,47188,17-279108,12/8/2017 5:00:00 PM,2017,12,8,17,0,Friday,541620.5265,4810729.055,-80.48562,43.448316,Non intersection,2,P.D. only,Off roadway,SMV,Daylight,Regional,No control,Unknown,FALSE,FALSE,FALSE,Clear,FALSE,KING ST E; KING ST E,1/30/2020 11:58:40 AM,541620.5265,4810729.055,Q4,Weekend,FALSE
3708,47189,17-279191,12/9/2017 1:25:00 AM,2017,12,9,1,25,Saturday,538776.5377,4806018.288,-80.521101,43.406053,Non intersection,2,P.D. only,On roadway,SMV,Dark,Municipal,No control,Unknown,FALSE,FALSE,FALSE,Clear,FALSE,PEACH BLOSSOM CRES; DAVID BERGEY DR; Near,3/7/2019 12:57:24 PM,538776.5377,4806018.288,Q4,Weekend,FALSE
3709,47190,17-279407,12/9/2017 8:00:00 PM,2017,12,9,20,0,Saturday,537471.6604,4810327.927,-80.536921,43.444924,Non intersection,2,P.D. only,Other,SMV,Dark,Regional,No control,Unknown,FALSE,FALSE,FALSE,Snow,FALSE,GLASGOW ST; GLASGOW ST ; Near; 2 M,1/30/2020 11:58:39 AM,537471.6604,4810327.927,Q4,Weekend,FALSE
3710,47191,17-279860,12/10/2017 11:53:00 AM,2017,12,10,11,53,Sunday,543663.7803,4808131.058,-80.460576,43.424808,Non intersection,2,P.D. only,Off roadway,SMV,Daylight,Municipal,No control,Unknown,FALSE,FALSE,FALSE,Snow,FALSE,KIPLING AVE; VANIER DR ; Near; 30 M,1/30/2020 11:58:38 AM,543663.7803,4808131.058,Q4,Weekend,FALSE
3711,47192,17-280401,12/11/2017 8:05:00 AM,2017,12,11,8,5,Monday,539610.8205,4809569.94,-80.510541,43.437989,Private Drive,2,P.D. only,On roadway,Intersection,Daylight,Municipal,No control,Unknown,FALSE,FALSE,FALSE,Snow,FALSE,LAWRENCE AVE ; HIGHLAND RD W; At; 1 M,1/30/2020 11:58:37 AM,539610.8205,4809569.94,Q4,Working,FALSE
3712,47193,17-280747,12/8/2017 7:45:00 PM,2017,12,8,19,45,Friday,539575.3262,4809673.908,-80.510972,43.438927,Private Drive,2,P.D. only,On roadway,Intersection,Dark,Regional,No control,Unknown,FALSE,FALSE,FALSE,Snow,FALSE,LAWRENCE AVE; LAWRENCE AVE,3/7/2019 12:57:21 PM,539575.3262,4809673.908,Q4,Weekend,FALSE
3713,47194,17-280870,12/4/2017 7:24:00 PM,2017,12,4,19,24,Monday,548056.5483,4806225.657,-80.406478,43.407383,Private Drive,2,P.D. only,Off roadway,SMV,Dark,Other,No control,Unknown,FALSE,FALSE,FALSE,Snow,FALSE,MASTER CRT ; MASTER CRT ; At; 2 M,1/30/2020 11:58:36 AM,548056.5483,4806225.657,Q4,Working,FALSE
3714,47195,17-280926,12/11/2017 9:22:00 PM,2017,12,11,21,22,Monday,542169.9305,4805680.797,-80.47922,43.402831,Private Drive,2,P.D. only,Off roadway,SMV,Dark,Municipal,No control,Unknown,FALSE,FALSE,FALSE,Rain,FALSE,MCINTYRE DR; MCINTYRE DR ; At; 9 M,1/30/2020 11:58:35 AM,542169.9305,4805680.797,Q4,Working,FALSE
3715,47196,17-281123,12/12/2017 7:40:00 AM,2017,12,12,7,40,Tuesday,545157.2078,4807238.827,-80.442201,43.416685,Non intersection,1,Non-fatal injury,On roadway,Rear end,Daylight,Regional,No control,Unknown,FALSE,FALSE,FALSE,Snow,FALSE,WILSON AVE; WEBSTER RD; Near; 25 M,1/30/2020 11:58:34 AM,545157.2078,4807238.827,Q4,Working,FALSE
3716,47197,17-281169,12/12/2017 8:32:00 AM,2017,12,12,8,32,Tuesday,542455.0423,4807262.035,-80.475576,43.417052,Private Drive,1,Non-fatal injury,On roadway,Rear end,Daylight,Municipal,No control,Unknown,FALSE,FALSE,FALSE,Snow,FALSE,COUNTRY HILL DR; COUNTRY HILL DR,1/30/2020 11:58:33 AM,542455.0423,4807262.036,Q4,Working,FALSE
3717,47198,17-281335,12/12/2017 12:54:00 PM,2017,12,12,12,54,Tuesday,539490.7583,4810166.99,-80.511981,43.443371,Non intersection,2,P.D. only,Off roadway,SMV,Daylight,Municipal,No control,Unknown,FALSE,FALSE,FALSE,Clear,FALSE,BELMONT AVE W; BELMONT AVE W; At; 5 M,1/30/2020 11:58:33 AM,539490.7583,4810166.99,Q4,Working,FALSE
3718,47199,17-281423,12/12/2017 1:50:00 PM,2017,12,12,13,50,Tuesday,541737.032,4807017.565,-80.484464,43.414891,Non intersection,1,Non-fatal injury,Off roadway,SMV,Daylight,Other,No control,Unknown,FALSE,FALSE,FALSE,Snow,FALSE,BLACKHORNE CRES; BLACKHORNE CRES; At; 20 M,1/30/2020 11:58:32 AM,541737.032,4807017.565,Q4,Working,FALSE
3719,47200,17-281517,12/11/2017 2:30:00 PM,2017,12,11,14,30,Monday,543180.253,4813787.796,-80.466102,43.475769,Non intersection,2,P.D. only,On roadway,SMV,Daylight,Municipal,No control,Unknown,FALSE,FALSE,FALSE,Snow,FALSE,PAIGE ST; PAIGE ST ; Near,3/7/2019 12:57:20 PM,543180.253,4813787.796,Q4,Working,FALSE
3720,47201,17-281564,12/12/2017 5:47:00 PM,2017,12,12,17,47,Tuesday,541435.3454,4809823.908,-80.487977,43.440177,Other,2,P.D. only,Off roadway,SMV,Dark,Municipal,Sign Control,Functioning,FALSE,FALSE,FALSE,Snow,FALSE,MADISON AVE S; CN RAIL; At; 1 M,1/30/2020 11:58:31 AM,541435.3454,4809823.908,Q4,Working,FALSE
3721,47202,17-281587,12/12/2017 4:30:00 PM,2017,12,12,16,30,Tuesday,542582.0912,4810127.529,-80.473783,43.442846,Intersection,2,P.D. only,Other,Intersection,Daylight,Regional,Signal Control,Functioning,FALSE,FALSE,FALSE,Snow,FALSE,KING ST E; BORDEN AVE N; At,1/30/2020 11:58:29 AM,542582.0912,4810127.529,Q4,Working,FALSE
3722,47203,17-281611,12/12/2017 6:58:00 PM,2017,12,12,18,58,Tuesday,541464.7997,4809536.281,-80.487635,43.437585,Intersection,1,Non-fatal injury,On roadway,SMV,Dark,Municipal,Signal Control,Functioning,TRUE,FALSE,FALSE,Clear,FALSE,MILL ST; STIRLING AVE S,1/30/2020 11:58:29 AM,541464.7997,4809536.281,Q4,Working,FALSE
3723,47204,17-281842,12/13/2017 4:50:00 AM,2017,12,13,4,50,Wednesday,543751.3777,4805550.831,-80.459701,43.40157,Intersection,2,P.D. only,Off roadway,SMV,Daylight,Municipal,Sign Control,Functioning,FALSE,FALSE,FALSE,Clear,FALSE,TRILLIUM DR; BEASLEY DR,1/30/2020 11:58:28 AM,543751.3777,4805550.831,Q4,Working,FALSE
3724,47205,17-282093,12/13/2017 11:18:00 AM,2017,12,13,11,18,Wednesday,540797.4255,4809181.875,-80.495908,43.434431,Intersection,2,P.D. only,On roadway,SMV,Daylight,Regional,Sign Control,Functioning,FALSE,FALSE,FALSE,Clear,FALSE,STIRLING AVE S; PLEASANT AVE,1/30/2020 11:58:27 AM,540797.4255,4809181.875,Q4,Working,FALSE
3725,47206,17-282243,12/13/2017 2:33:00 PM,2017,12,13,14,33,Wednesday,538136.7391,4809979.504,-80.528726,43.441753,Non intersection,2,P.D. only,Off roadway,SMV,Daylight,Municipal,No control,Unknown,FALSE,FALSE,FALSE,Clear,FALSE,HAZELGLEN DR; HAZELGLEN DR; Near; 2 M,1/30/2020 11:58:26 AM,538136.7391,4809979.504,Q4,Working,FALSE
3726,47207,17-282800,12/14/2017 9:32:00 AM,2017,12,14,9,32,Thursday,541708.0489,4808474.645,-80.48471,43.428013,Non intersection,2,P.D. only,On roadway,Rear end,Daylight,Regional,No control,Unknown,FALSE,FALSE,FALSE,Clear,FALSE,HOMER WATSON BLVD; OTTAWA ST S; 245 M,1/30/2020 11:58:25 AM,541708.0489,4808474.645,Q4,Weekend,FALSE
3727,47208,17-282812,12/13/2017 9:30:00 PM,2017,12,13,21,30,Wednesday,538062.8443,4808309.861,-80.529756,43.426723,Intersection,2,P.D. only,On roadway,Rear end,Dark,Regional,Sign Control,Functioning,FALSE,FALSE,FALSE,Snow,FALSE,WESTHEIGHTS DR; QUEENS BLVD,3/7/2019 12:57:19 PM,538062.8443,4808309.861,Q4,Working,FALSE
3728,47209,17-282939,12/13/2017 10:30:00 AM,2017,12,13,10,30,Wednesday,540626.9555,4809999.894,-80.497953,43.441805,Non intersection,2,P.D. only,Off roadway,SMV,Daylight,Municipal,No control,Unknown,FALSE,FALSE,FALSE,Clear,FALSE,BROCK ST; BROCK ST,1/30/2020 11:58:24 AM,540626.9555,4809999.894,Q4,Working,FALSE
3729,47210,17-282967,12/13/2017 5:30:00 PM,2017,12,13,17,30,Wednesday,545924.0497,4808720.729,-80.432604,43.429982,Non intersection,2,P.D. only,On roadway,Rear end,Dark,Municipal,No control,Unknown,FALSE,FALSE,FALSE,Snow,FALSE,MORGAN AVE; MORGAN AVE ; Near,3/7/2019 12:57:18 PM,545924.0497,4808720.729,Q4,Working,FALSE
3730,47211,17-283437,12/15/2017 12:47:00 AM,2017,12,15,0,47,Friday,545193.4303,4804731.197,-80.441961,43.394104,Non intersection,2,P.D. only,On roadway,SMV,Daylight,Municipal,No control,Unknown,FALSE,FALSE,FALSE,Snow,FALSE,PIONEER DR; PIONEER DRIVE; Near; 19 M,1/30/2020 11:58:23 AM,545193.4303,4804731.197,Q4,Weekend,FALSE
3731,47212,17-283573,12/15/2017 8:45:00 AM,2017,12,15,8,45,Friday,540311.4403,4811547.028,-80.501737,43.455753,Intersection,2,P.D. only,On roadway,Intersection,Daylight,Municipal,Sign Control,Functioning,FALSE,FALSE,FALSE,Clear,FALSE,MOORE AVE; LOUISA ST,1/30/2020 11:58:22 AM,540311.4403,4811547.029,Q4,Weekend,FALSE
3732,47213,17-283909,12/15/2017 3:22:00 PM,2017,12,15,15,22,Friday,538071.6345,4807548.726,-80.5297,43.419869,Intersection,2,P.D. only,On roadway,Intersection,Daylight,Municipal,Sign Control,Functioning,FALSE,FALSE,FALSE,Snow,FALSE,WESTHEIGHTS DR; MCGARRY DR,1/30/2020 11:58:21 AM,538071.6345,4807548.726,Q4,Weekend,FALSE
3733,47214,17-283934,12/15/2017 3:30:00 PM,2017,12,15,15,30,Friday,540414.511,4810594.296,-80.500534,43.447169,Intersection,2,P.D. only,On roadway,Intersection,Daylight,Municipal,Sign Control,Functioning,FALSE,FALSE,FALSE,Snow,FALSE,PARK ST; JUBILEE DR; 4 M,1/30/2020 11:58:20 AM,540414.511,4810594.296,Q4,Weekend,FALSE
3734,47215,17-284395,12/15/2017 4:00:00 PM,2017,12,15,16,0,Friday,541848.7813,4811531.22,-80.482737,43.455526,Non intersection,2,P.D. only,On roadway,SMV,Daylight,Municipal,No control,Unknown,FALSE,FALSE,FALSE,Snow,FALSE,MANSION ST; MANSION ST; Near,3/7/2019 12:57:17 PM,541848.7813,4811531.22,Q4,Weekend,FALSE
3735,47216,17-284474,12/15/2017 3:00:00 PM,2017,12,15,15,0,Friday,542857.0756,4804086.485,-80.470859,43.388437,Non intersection,2,P.D. only,On roadway,SMV,Daylight,Municipal,No control,Unknown,FALSE,FALSE,FALSE,Snow,FALSE,NEWCASTLE DR; NEWCASTLE DR; Near,3/7/2019 12:57:16 PM,542857.0756,4804086.485,Q4,Weekend,FALSE
3736,47217,17-284534,12/15/2017 3:40:00 PM,2017,12,15,15,40,Friday,539617.367,4811374.857,-80.510329,43.45424,Non intersection,2,Non-reportable,On roadway,Rear end,Daylight,Municipal,Signal Control,Functioning,FALSE,FALSE,FALSE,Snow,FALSE,PARK ST; GLASGOW ST; Near,1/30/2020 11:58:19 AM,539617.367,4811374.857,Q4,Weekend,FALSE
3737,47218,17-284686,12/16/2017 4:24:00 PM,2017,12,16,16,24,Saturday,540335.33,4805884.832,-80.50186,43.404769,Intersection,2,P.D. only,On roadway,Intersection,Daylight,Municipal,Sign Control,Functioning,FALSE,FALSE,FALSE,Clear,FALSE,MAX BECKER DR; HELENA FEASBY ST,1/30/2020 11:58:18 AM,540335.33,4805884.832,Q4,Weekend,FALSE
3738,47219,17-284997,12/17/2017 12:46:00 AM,2017,12,17,0,46,Sunday,543869.175,4808170.207,-80.458036,43.425148,Non intersection,2,P.D. only,Off roadway,SMV,Dark,Municipal,No control,Unknown,FALSE,FALSE,FALSE,Clear,FALSE,SIEBERT AVE; CLARK AVE; 30 M,1/30/2020 11:58:17 AM,543869.175,4808170.207,Q4,Weekend,FALSE
3739,47220,17-285193,12/17/2017 11:44:00 AM,2017,12,17,11,44,Sunday,543072.2956,4805497.558,-80.468091,43.40113,Intersection,1,Non-fatal injury,On roadway,Intersection,Daylight,Regional,Sign Control,Functioning,FALSE,FALSE,FALSE,Clear,FALSE,TRILLIUM DR; STRASBURG RD,1/30/2020 11:58:16 AM,543072.2956,4805497.558,Q4,Weekend,FALSE
3740,47221,17-285371,12/12/2017 9:00:00 AM,2017,12,12,9,0,Tuesday,539689.9733,4805682.605,-80.509845,43.402982,Intersection,2,P.D. only,On roadway,Intersection,Daylight,Municipal,Sign Control,Functioning,FALSE,FALSE,FALSE,Clear,FALSE,DONNENWERTH DR; ACTIVA AVE,1/30/2020 11:58:15 AM,539689.9733,4805682.605,Q4,Working,FALSE
3741,47222,17-285811,12/17/2017 8:00:00 AM,2017,12,17,8,0,Sunday,544087.4598,4809227.282,-80.455254,43.434653,Non intersection,2,P.D. only,On roadway,SMV,Daylight,Municipal,No control,Unknown,FALSE,FALSE,FALSE,Clear,FALSE,SECOND AVE; SECOND AVE; Near; 1 M,3/7/2019 12:57:14 PM,544087.4598,4809227.282,Q4,Weekend,FALSE