,OBJECTID,ACCIDENTNUM,ACCIDENTDATE,ACCIDENT_YEAR,ACCIDENT_MONTH,ACCIDENT_DAY,ACCIDENT_HOUR,ACCIDENT_MINUTE,Accident_Day,XCOORD,YCOORD,LONGITUDE,LATITUDE,Accident_Location,COLLISIONTYPE,Accident_Type,Impact_Location,Impact_Type,Light,Road_Jurisdication,Traffic_Control,Traffic_Control_Condition,Pedestrian_Involved,Cyclist_Involved,Motorcyclist_Involved,Environment_Condition,Self_Reported,XMLIMPORTNOTES,LASTEDITEDDATE,x,y,Quarter,Day_Type,Vulnerable_Involved
3885,47366,18-009327,1/12/2018 3:10:00 PM,2018,1,12,15,10,Friday,544884.1098,4804848.323,-80.44577,43.395178,Intersection,1,Non-fatal injury,On roadway,SMV,Daylight,Municipal,Signal Control,Functioning,TRUE,FALSE,FALSE,Snow,FALSE,DOON VILLAGE RD ; PIONEER DR,1/30/2020 11:56:02 AM,544884.1098,4804848.323,Q1,Weekend,FALSE
3886,47367,18-009344,1/10/2018 10:30:00 PM,2018,1,10,22,30,Wednesday,539255.3234,4809113.075,-80.514966,43.433894,Private Drive,2,Non-reportable,Off roadway,SMV,Daylight,Other,No control,Unknown,FALSE,FALSE,FALSE,Clear,FALSE,OVERLEA DR; OVERLEA DR; At; 0 M,1/30/2020 11:56:01 AM,539255.3234,4809113.075,Q1,Working,FALSE
3887,47368,18-009380,1/12/2018 8:20:00 PM,2018,1,12,20,20,Friday,545275.1917,4806431.377,-80.44081,43.409408,Intersection,2,P.D. only,On roadway,Rear end,Dark,Municipal,Sign Control,Functioning,FALSE,FALSE,FALSE,Snow,FALSE,WILSON AVE; WABANAKI DR; 0 M,1/30/2020 11:56:00 AM,545275.1917,4806431.378,Q1,Weekend,FALSE
3888,47369,18-009426,1/9/2018 9:19:00 PM,2018,1,9,21,19,Tuesday,544611.3589,4809093.177,-80.448792,43.433415,Intersection,2,P.D. only,On roadway,Rear end,Dark,Municipal,Signal Control,Functioning,FALSE,FALSE,FALSE,Clear,FALSE,KINGSWAY DR ; FRANKLIN ST S,1/30/2020 11:55:59 AM,544611.3589,4809093.177,Q1,Working,FALSE
3889,47370,18-009866,1/13/2018 11:00:00 AM,2018,1,13,11,0,Saturday,544827.4919,4810603.162,-80.445997,43.446998,Intersection,1,Non-fatal injury,Other,SMV,Daylight,Regional,Sign Control,Functioning,FALSE,FALSE,FALSE,Clear,FALSE,MIDLAND DR; MIDLAND DR; At,1/30/2020 11:55:58 AM,544827.4919,4810603.162,Q1,Weekend,FALSE
3890,47371,18-009953,1/12/2018 8:00:00 PM,2018,1,12,20,0,Friday,544328.6196,4808467.52,-80.452336,43.427798,Intersection,2,P.D. only,On roadway,Intersection,Dark,Regional,Sign Control,Functioning,FALSE,FALSE,FALSE,Other,FALSE,GREENFIELD AVE ; FRANKLIN ST S,1/30/2020 11:55:58 AM,544328.6196,4808467.52,Q1,Weekend,FALSE
3891,47372,18-010309,1/13/2018 9:57:00 PM,2018,1,13,21,57,Saturday,536842.6437,4808026.722,-80.54485,43.424235,Non intersection,2,P.D. only,On roadway,SMV,Dark,Municipal,No control,Unknown,FALSE,FALSE,FALSE,Clear,FALSE,CONNELLY DR; CONNELLY DR ; Near; 5 M,1/30/2020 11:55:57 AM,536842.6437,4808026.722,Q1,Weekend,FALSE
3892,47373,18-011463,1/13/2018 6:00:00 PM,2018,1,13,18,0,Saturday,544683.7467,4810817.807,-80.447756,43.448939,Private Drive,2,P.D. only,On roadway,Intersection,Dark,Municipal,No control,Unknown,FALSE,FALSE,FALSE,Clear,FALSE,MIDLAND DR; MIDLAND DR,1/30/2020 11:55:56 AM,544683.7467,4810817.807,Q1,Weekend,FALSE
3893,47374,18-011796,1/15/2018 6:21:00 PM,2018,1,15,18,21,Monday,541853.7655,4803511.547,-80.48329,43.383316,Intersection,2,P.D. only,On roadway,SMV,Dark,Municipal,Sign Control,Functioning,FALSE,FALSE,FALSE,Snow,FALSE,HURON RD; WOODBINE AVE,1/30/2020 11:55:55 AM,541853.7655,4803511.547,Q1,Working,FALSE
3894,47375,18-012081,1/16/2018 4:30:00 AM,2018,1,16,4,30,Tuesday,543698.2373,4805687.044,-80.460346,43.4028,Private Drive,2,P.D. only,On roadway,Other,Dark,Municipal,No control,Unknown,FALSE,FALSE,FALSE,Clear,FALSE,TRILLIUM DR; TRILLIUM DR ; At; 1 M,1/30/2020 11:55:54 AM,543698.2373,4805687.044,Q1,Working,FALSE
3895,47376,18-012187,1/16/2018 9:00:00 AM,2018,1,16,9,0,Tuesday,544123.5403,4808359.308,-80.454878,43.426836,Private Drive,1,Non-fatal injury,On roadway,SMV,Daylight,Regional,Other,Functioning,TRUE,FALSE,FALSE,Clear,FALSE,HARBER AVE; HARBER AVE ; At; 1 M,1/30/2020 11:55:53 AM,544123.5403,4808359.308,Q1,Working,FALSE
3896,47377,18-012464,1/16/2018 2:49:00 PM,2018,1,16,14,49,Tuesday,546063.1384,4805095.558,-80.431191,43.397332,Non intersection,1,Non-fatal injury,On roadway,SMV,Daylight,Regional,No control,Unknown,TRUE,FALSE,FALSE,Clear,FALSE,GREEN VALLEY DR; GREEN VALLEY DR; 30 M,1/30/2020 11:55:52 AM,546063.1384,4805095.558,Q1,Working,FALSE
3897,47378,18-012471,1/16/2018 3:02:00 PM,2018,1,16,15,2,Tuesday,541500.891,4811996.543,-80.487002,43.459735,Intersection,1,Non-fatal injury,On roadway,SMV,Daylight,Municipal,Sign Control,Functioning,TRUE,FALSE,FALSE,Clear,FALSE,ST LEGER ST; WELLINGTON ST N,1/30/2020 11:55:51 AM,541500.891,4811996.543,Q1,Working,FALSE
3898,47379,18-012599,1/16/2018 8:00:00 AM,2018,1,16,8,0,Tuesday,537413.2793,4806701.655,-80.537891,43.412275,Private Drive,2,P.D. only,On roadway,SMV,Daylight,Municipal,No control,Unknown,FALSE,FALSE,FALSE,Clear,FALSE,DRIFTWOOD DR; DRIFTWOOD DR ; Near,1/30/2020 11:55:50 AM,537413.2793,4806701.655,Q1,Working,FALSE
3899,47380,18-012600,1/16/2018 5:45:00 PM,2018,1,16,17,45,Tuesday,543428.8179,4808317.42,-80.463464,43.426499,Non intersection,2,P.D. only,On roadway,SMV,Dusk,Municipal,No control,Unknown,FALSE,FALSE,FALSE,Clear,FALSE,KIPLING AVE; WALTON AVE; 100 M,1/30/2020 11:55:49 AM,543428.8179,4808317.42,Q1,Working,FALSE
3900,47381,18-013079,1/16/2018 3:40:00 PM,2018,1,16,15,40,Tuesday,544369.95,4809120.268,-80.451772,43.433673,Private Drive,2,P.D. only,On roadway,Intersection,Daylight,Municipal,No control,Unknown,FALSE,FALSE,FALSE,Clear,FALSE,FIFTH AVE; FIFTH AVE ; At,1/30/2020 11:55:48 AM,544369.95,4809120.268,Q1,Working,FALSE
3901,47382,18-013083,1/15/2018 8:00:00 AM,2018,1,15,8,0,Monday,537999.2893,4808960.336,-80.530496,43.432583,Non intersection,2,P.D. only,On roadway,SMV,Daylight,Municipal,No control,Unknown,FALSE,FALSE,FALSE,Clear,FALSE,OPRINGTON CRT; OPRINGTON CRT,1/30/2020 11:55:47 AM,537999.2893,4808960.336,Q1,Working,FALSE
3902,47383,18-013201,1/17/2018 1:18:00 PM,2018,1,17,13,18,Wednesday,540620.1386,4810957.127,-80.497966,43.450425,Intersection,2,P.D. only,Off roadway,SMV,Daylight,Municipal,Sign Control,Functioning,FALSE,FALSE,FALSE,Clear,FALSE,JOSEPH ST; LINDEN AVE; 5 M,1/30/2020 11:55:47 AM,540620.1386,4810957.127,Q1,Working,FALSE
3903,47384,18-013269,1/17/2018 3:06:00 PM,2018,1,17,15,6,Wednesday,539042.317,4811194.655,-80.517449,43.452647,Intersection,2,P.D. only,On roadway,Intersection,Dusk,Municipal,Sign Control,Functioning,FALSE,FALSE,FALSE,Clear,FALSE,BELMONT AVE W; ROCK AVE,1/30/2020 11:55:46 AM,539042.317,4811194.656,Q1,Working,FALSE
3904,47385,18-013271,1/17/2018 3:09:00 PM,2018,1,17,15,9,Wednesday,542111.6386,4812323.107,-80.479427,43.462642,Intersection,2,P.D. only,On roadway,Intersection,Daylight,Municipal,Sign Control,Functioning,FALSE,FALSE,FALSE,Clear,FALSE,SPRING VALLEY RD; WELLINGTON ST N,1/30/2020 11:55:45 AM,542111.6386,4812323.107,Q1,Working,FALSE
3905,47386,18-013288,1/16/2018 3:00:00 PM,2018,1,16,15,0,Tuesday,545366.0687,4809314.729,-80.439449,43.435364,Non intersection,2,P.D. only,On roadway,SMV,Daylight,Municipal,No control,Unknown,FALSE,FALSE,FALSE,Clear,FALSE,FERGUS AVE; FERGUS AVE; Near,1/30/2020 11:55:44 AM,545366.0687,4809314.729,Q1,Working,FALSE
3906,47387,18-013358,1/17/2018 3:00:00 PM,2018,1,17,15,0,Wednesday,541527.6974,4808871.502,-80.486908,43.431596,Private Drive,2,P.D. only,On roadway,SMV,Daylight,Municipal,No control,Unknown,FALSE,FALSE,FALSE,Clear,FALSE,SOUTHDALE AVE; SOUTHDALE AVE; Near,1/30/2020 11:55:43 AM,541527.6974,4808871.502,Q1,Working,FALSE
3907,47388,18-013766,1/18/2018 8:45:00 AM,2018,1,18,8,45,Thursday,539016.677,4811528.616,-80.517742,43.455656,Intersection,2,P.D. only,On roadway,Rear end,Daylight,Municipal,Signal Control,Functioning,FALSE,FALSE,FALSE,Clear,FALSE,UNION BLVD; YORK ST ; Near; 90 M,1/30/2020 11:55:42 AM,539016.677,4811528.617,Q1,Weekend,FALSE
3908,47389,18-014574,1/19/2018 9:00:00 AM,2018,1,19,9,0,Friday,542569.0108,4805978.757,-80.474268,43.405491,Intersection,2,P.D. only,On roadway,Rear end,Daylight,Municipal,Sign Control,Functioning,FALSE,FALSE,FALSE,Clear,FALSE,STRASBURG RD; SHOEMAKER ST,1/30/2020 11:55:41 AM,542569.0108,4805978.757,Q1,Weekend,FALSE
3909,47390,18-014992,1/19/2018 5:51:00 PM,2018,1,19,17,51,Friday,545032.7452,4807867.838,-80.443686,43.422356,Intersection,1,Non-fatal injury,On roadway,SMV,Dark,Municipal,Signal Control,Functioning,TRUE,FALSE,FALSE,Clear,FALSE,WILSON AVE ; KINGSWAY DR,1/30/2020 11:55:40 AM,545032.7452,4807867.838,Q1,Weekend,FALSE
3910,47391,18-015555,1/19/2018 7:00:00 PM,2018,1,19,19,0,Friday,544822.0147,4812615.847,-80.445899,43.46512,Private Drive,2,P.D. only,On roadway,Intersection,Dark,Municipal,No control,Unknown,FALSE,FALSE,FALSE,Clear,FALSE,NATCHEZ RD; NATCHEZ RD ; At,1/30/2020 11:55:39 AM,544822.0147,4812615.848,Q1,Weekend,FALSE
3911,47392,18-015679,1/20/2018 2:30:00 PM,2018,1,20,14,30,Saturday,545546.7681,4804674.254,-80.437603,43.39357,Intersection,1,Non-fatal injury,On roadway,SMV,Daylight,Municipal,No control,Unknown,TRUE,FALSE,FALSE,Clear,FALSE,PIONEER DR; BECHTEL DR; Near; 5 M,1/30/2020 11:55:38 AM,545546.7681,4804674.254,Q1,Weekend,FALSE
3912,47393,18-016710,1/21/2018 11:00:00 PM,2018,1,21,23,0,Sunday,537518.4325,4807382.874,-80.536545,43.418404,Non intersection,2,P.D. only,Off roadway,SMV,Dark,Municipal,Signal Control,Functioning,FALSE,FALSE,FALSE,Rain,FALSE,WESTHEIGHTS DR; WINDING WAY; Near; 100 M,1/30/2020 11:55:37 AM,537518.4325,4807382.874,Q1,Weekend,FALSE
3913,47394,18-016821,1/22/2018 6:20:00 AM,2018,1,22,6,20,Monday,542057.9799,4811791.883,-80.480131,43.457862,Intersection,2,P.D. only,Off roadway,SMV,Dark,Municipal,Sign Control,Functioning,FALSE,FALSE,FALSE,Rain,FALSE,LUELLA ST; CHESTNUT ST; Near; 4 M,1/30/2020 11:55:36 AM,542057.9799,4811791.883,Q1,Working,FALSE
3914,47395,18-016828,1/22/2018 6:45:00 AM,2018,1,22,6,45,Monday,545503.5108,4806102.528,-80.438018,43.406433,Non intersection,2,P.D. only,Off roadway,SMV,Dark,Municipal,No control,Unknown,FALSE,FALSE,FALSE,Other,FALSE,WABANAKI DR; WILSON AVE ; Near; 400 M,1/30/2020 11:55:35 AM,545503.5108,4806102.528,Q1,Working,FALSE
3915,47396,18-016882,1/22/2018 8:22:00 AM,2018,1,22,8,22,Monday,542581.1477,4810124.648,-80.473795,43.44282,Intersection,2,P.D. only,On roadway,Intersection,Daylight,Regional,Signal Control,Functioning,FALSE,FALSE,FALSE,Rain,FALSE,KING ST E; BORDEN AVE N,1/30/2020 11:55:34 AM,542581.1477,4810124.648,Q1,Working,FALSE
3916,47397,18-016936,1/22/2018 8:30:00 AM,2018,1,22,8,30,Monday,540249.2195,4809694.763,-80.502643,43.439078,Non intersection,2,P.D. only,On roadway,Intersection,Daylight,Municipal,No control,Unknown,FALSE,FALSE,FALSE,Rain,FALSE,QUEENS BLVD; PATRICIA AVE; Near; 100 M,1/30/2020 11:55:34 AM,540249.2195,4809694.763,Q1,Working,FALSE
3917,47398,18-017010,1/20/2018 9:20:00 PM,2018,1,20,21,20,Saturday,538531.7427,4805666.603,-80.524149,43.402899,Non intersection,2,P.D. only,Off roadway,SMV,Dark,Municipal,No control,Unknown,FALSE,FALSE,FALSE,Rain,FALSE,MELINDA ST; MELINDA ST ; Near,1/30/2020 11:55:33 AM,538531.7427,4805666.603,Q1,Weekend,FALSE
3918,47399,18-017280,1/22/2018 5:03:00 PM,2018,1,22,17,3,Monday,543123.2945,4812742.709,-80.466889,43.466362,Non intersection,2,P.D. only,On roadway,SMV,Dusk,Regional,No control,Unknown,FALSE,FALSE,FALSE,Clear,FALSE,SHIRLEY AVE; RIVERBEND DR,1/30/2020 11:55:32 AM,543123.2945,4812742.709,Q1,Working,FALSE
3919,47400,18-017291,1/20/2018 8:00:00 PM,2018,1,20,20,0,Saturday,538249.5505,4809340.293,-80.527377,43.435992,Non intersection,2,P.D. only,On roadway,SMV,Dark,Regional,No control,Unknown,FALSE,FALSE,FALSE,Clear,FALSE,CATALINA CRT; CATALINA CRT,1/30/2020 11:55:31 AM,538249.5505,4809340.293,Q1,Weekend,FALSE
3920,47401,18-017965,1/23/2018 11:30:00 AM,2018,1,23,11,30,Tuesday,545146.1756,4807124.459,-80.442347,43.415656,Intersection,2,P.D. only,On roadway,Rear end,Daylight,Municipal,Sign Control,Functioning,FALSE,FALSE,FALSE,Rain,FALSE,GOODRICH DR; WILSON AVE; At,1/30/2020 11:55:30 AM,545146.1756,4807124.459,Q1,Working,FALSE
3921,47402,18-018304,1/24/2018 12:11:00 AM,2018,1,24,0,11,Wednesday,541183.3056,4810694.167,-80.491026,43.448026,Intersection,2,P.D. only,Off roadway,SMV,Dark,Municipal,Signal Control,Functioning,FALSE,FALSE,FALSE,Snow,FALSE,JOSEPH ST ; QUEEN ST S; At; 50 M,1/30/2020 11:55:29 AM,541183.3056,4810694.167,Q1,Working,FALSE
3922,47403,18-018450,1/22/2018 10:00:00 AM,2018,1,22,10,0,Monday,541095.5751,4811497.938,-80.492049,43.455268,Non intersection,2,P.D. only,On roadway,SMV,Daylight,Other,No control,Unknown,FALSE,FALSE,FALSE,Rain,FALSE,WATER ST N; VICTORIA ST N; Near,2/19/2019 2:08:49 PM,541095.5751,4811497.938,Q1,Working,FALSE
3923,47404,18-018500,1/23/2018 9:00:00 PM,2018,1,23,21,0,Tuesday,540080.9939,4807127.039,-80.50491,43.415967,Private Drive,2,P.D. only,On roadway,Other,Dark,Municipal,No control,Unknown,FALSE,FALSE,FALSE,Clear,FALSE,WILLIAMSBURG RD; WILLIAMSBURG RD; At,1/30/2020 11:55:28 AM,540080.9939,4807127.039,Q1,Working,FALSE
3924,47405,18-018626,1/24/2018 12:19:00 PM,2018,1,24,12,19,Wednesday,541708.3235,4810675.3,-80.484539,43.447827,Non intersection,1,Non-fatal injury,On roadway,Intersection,Daylight,Other,No control,Unknown,FALSE,FALSE,FALSE,Clear,FALSE,KING ST E; EBY ST N; Near; 20 M,2/19/2019 2:08:48 PM,541708.3235,4810675.3,Q1,Working,FALSE
3925,47406,18-018713,1/21/2018 5:00:00 PM,2018,1,21,17,0,Sunday,544693.7091,4804700.076,-80.448133,43.393854,Private Drive,2,Non-reportable,On roadway,SMV,Dusk,Regional,No control,Unknown,FALSE,FALSE,FALSE,Clear,FALSE,VINTAGE CRES; VINTAGE CRES,1/30/2020 11:55:26 AM,544693.7091,4804700.076,Q1,Weekend,FALSE
3926,47407,18-018929,1/24/2018 6:42:00 PM,2018,1,24,18,42,Wednesday,538468.2084,4807647.105,-80.524795,43.420735,Intersection,1,Non-fatal injury,On roadway,SMV,Dark,Regional,Sign Control,Functioning,TRUE,FALSE,FALSE,Clear,FALSE,MCGARRY DR; MEADOWBROOK DR ; Near; 23 M,1/30/2020 11:55:25 AM,538468.2084,4807647.105,Q1,Working,FALSE
3927,47408,18-019381,1/24/2018 9:00:00 AM,2018,1,24,9,0,Wednesday,547189.5182,4810327.171,-80.416831,43.444367,Intersection,2,P.D. only,On roadway,SMV,Daylight,Municipal,Sign Control,Functioning,FALSE,FALSE,FALSE,Clear,FALSE,APPLE TREE CRT; CORFIELD DR,1/30/2020 11:55:24 AM,547189.5182,4810327.171,Q1,Working,FALSE
3928,47409,18-019513,1/25/2018 2:50:00 PM,2018,1,25,14,50,Thursday,542108.4292,4807129.854,-80.479868,43.415882,Intersection,2,P.D. only,On roadway,Intersection,Daylight,Regional,Signal Control,Functioning,FALSE,FALSE,FALSE,Clear,FALSE,BLOCK LINE RD; STRASBURG RD; 6 M,1/30/2020 11:55:23 AM,542108.4292,4807129.854,Q1,Weekend,FALSE
3929,47410,18-019621,1/22/2018 6:40:00 PM,2018,1,22,18,40,Monday,541068,4811108,0,0,Private Drive,2,P.D. only,On roadway,SMV,Dusk,Municipal,No control,Unknown,FALSE,FALSE,FALSE,Other,FALSE,APPLE HILL CRES; APPLE HILL CRES ; 2 M,1/30/2020 11:55:22 AM,541068,4811108,Q1,Working,FALSE
3930,47411,18-019688,1/25/2018 6:00:00 PM,2018,1,25,18,0,Thursday,540151.2917,4811954.297,-80.503687,43.459429,Intersection,1,Non-fatal injury,On roadway,SMV,Dark,Municipal,Sign Control,Functioning,TRUE,FALSE,FALSE,Clear,FALSE,GUELPH ST; DEKAY ST,1/30/2020 11:55:22 AM,540151.2917,4811954.297,Q1,Weekend,FALSE
3931,47412,18-020237,1/25/2018 4:15:00 PM,2018,1,25,16,15,Thursday,547431.6728,4811393.303,-80.413746,43.453952,Private Drive,2,P.D. only,On roadway,Other,Daylight,Municipal,No control,Unknown,FALSE,FALSE,FALSE,Clear,FALSE,ZELLER DR; ZELLER D; Near,1/30/2020 11:55:21 AM,547431.6728,4811393.303,Q1,Weekend,FALSE
3932,47413,18-020324,1/26/2018 1:05:00 PM,2018,1,26,13,5,Friday,544612.1686,4809091.229,-80.448782,43.433397,Intersection,2,P.D. only,On roadway,Intersection,Daylight,Municipal,Signal Control,Functioning,FALSE,FALSE,FALSE,Clear,FALSE,FRANKLIN ST S; KINGSWAY DR,1/30/2020 11:55:20 AM,544612.1686,4809091.229,Q1,Weekend,FALSE
3933,47414,18-020348,1/26/2018 7:45:00 AM,2018,1,26,7,45,Friday,539617.3783,4811372.94,-80.510329,43.454223,Intersection,2,P.D. only,On roadway,Rear end,Dawn,Regional,Signal Control,Functioning,FALSE,FALSE,FALSE,Clear,FALSE,GLASGOW ST; PARK ST,1/30/2020 11:55:19 AM,539617.3783,4811372.941,Q1,Weekend,FALSE
3934,47415,18-020367,1/25/2018 7:00:00 PM,2018,1,25,19,0,Thursday,541451.2991,4807013.887,-80.487993,43.414874,Non intersection,2,P.D. only,On roadway,SMV,Dark,Municipal,No control,Unknown,FALSE,FALSE,FALSE,Clear,FALSE,BLACKHORNE DR; BLACKHORNE DR,1/30/2020 11:55:18 AM,541451.2991,4807013.887,Q1,Weekend,FALSE
3935,47416,18-020525,1/24/2018 6:20:00 PM,2018,1,24,18,20,Wednesday,539496.785,4806891.402,-80.512143,43.413877,Non intersection,2,P.D. only,On roadway,SMV,Dark,Municipal,No control,Unknown,FALSE,FALSE,FALSE,Clear,FALSE,ORCHID CRES; ORCHID CRES; Near,1/30/2020 11:55:17 AM,539496.785,4806891.402,Q1,Working,FALSE
3936,47417,18-020853,1/27/2018 12:55:00 AM,2018,1,27,0,55,Saturday,543855.0785,4805116.054,-80.458455,43.397649,Intersection,1,Non-fatal injury,On roadway,Rear end,Dark,Regional,Signal Control,Functioning,FALSE,FALSE,FALSE,Clear,FALSE,HURON RD; TRILLIUM DR; 20 M,1/30/2020 11:55:16 AM,543855.0785,4805116.054,Q1,Weekend,FALSE
3937,47418,18-021067,1/26/2018 7:30:00 PM,2018,1,26,19,30,Friday,536173.5546,4809309.817,-80.55303,43.43582,Private Drive,2,P.D. only,On roadway,SMV,Dark,Regional,No control,Unknown,FALSE,FALSE,FALSE,Clear,FALSE,GARDEN PATH PL; GARDEN PATH PL,1/30/2020 11:55:15 AM,536173.5546,4809309.817,Q1,Weekend,FALSE
3938,47419,18-021459,1/27/2018 6:45:00 PM,2018,1,27,18,45,Saturday,548933.5108,4806115.3,-80.395657,43.406332,Intersection,2,P.D. only,On roadway,Intersection,Dark,Municipal,Sign Control,Functioning,FALSE,FALSE,FALSE,Clear,FALSE,BAXTER PL; PIONEER TOWER RD,1/30/2020 11:55:14 AM,548933.5108,4806115.3,Q1,Weekend,FALSE
3939,47420,18-021784,1/28/2018 3:00:00 AM,2018,1,28,3,0,Sunday,541068,4811108,0,0,Non intersection,2,P.D. only,Off roadway,SMV,Dark,Municipal,No control,Unknown,FALSE,FALSE,FALSE,Clear,FALSE,WEST OAK TRAIL; FISCHER HALLMAN RD; 100 M,1/30/2020 11:55:13 AM,541068,4811108,Q1,Weekend,FALSE
3940,47421,18-021789,1/28/2018 5:15:00 AM,2018,1,28,5,15,Sunday,536906.5062,4808745.101,-80.544012,43.4307,Non intersection,2,P.D. only,Off roadway,SMV,Dark,Municipal,No control,Unknown,FALSE,FALSE,FALSE,Clear,FALSE,WESTFOREST TRAIL; WESTFOREST TRAIL ; Near; 2 M,1/30/2020 11:55:12 AM,536906.5062,4808745.101,Q1,Weekend,FALSE
3941,47422,18-022487,1/29/2018 6:15:00 AM,2018,1,29,6,15,Monday,541068,4811108,0,0,Intersection,2,P.D. only,On roadway,SMV,Dark,Municipal,Sign Control,Functioning,FALSE,FALSE,FALSE,Clear,FALSE,JESSICA CRES; SIENNA ST,1/30/2020 11:55:11 AM,541068,4811108,Q1,Working,FALSE
3942,47423,18-022754,1/29/2018 12:00:00 PM,2018,1,29,12,0,Monday,541706.2792,4813279.166,-80.484365,43.471273,Intersection,2,P.D. only,On roadway,Intersection,Daylight,Regional,Signal Control,Functioning,FALSE,FALSE,FALSE,Snow,FALSE,LANCASTER ST W; UNION ST,1/30/2020 11:55:11 AM,541706.2792,4813279.166,Q1,Working,FALSE
3943,47424,18-022903,1/29/2018 4:14:00 PM,2018,1,29,16,14,Monday,545309.3392,4803253.936,-80.440652,43.380796,Non intersection,2,P.D. only,On roadway,Intersection,Daylight,Municipal,No control,Unknown,FALSE,FALSE,FALSE,Snow,FALSE,FOREST CREEK DR; FOREST CREEK DR ; At; 1 M,1/30/2020 11:55:10 AM,545309.3392,4803253.936,Q1,Working,FALSE
3944,47425,18-022906,1/29/2018 4:18:00 PM,2018,1,29,16,18,Monday,538890.1319,4810243.636,-80.519398,43.444092,Non intersection,1,Non-fatal injury,On roadway,SMV,Daylight,Municipal,No control,Unknown,TRUE,FALSE,FALSE,Snow,FALSE,BRYBECK CRES; BRYBECK CRES ; At; 20 M,1/30/2020 11:55:09 AM,538890.1319,4810243.636,Q1,Working,FALSE
3945,47426,18-023018,1/29/2018 6:51:00 PM,2018,1,29,18,51,Monday,544373.9221,4813264.723,-80.451386,43.470989,Non intersection,2,P.D. only,Off roadway,SMV,Dusk,Municipal,Sign Control,Functioning,FALSE,FALSE,FALSE,Snow,FALSE,SHIRLEY DR; BINGEMANS DR; Near; 180 M,1/30/2020 11:55:08 AM,544373.9221,4813264.723,Q1,Working,FALSE
3946,47427,18-023193,1/30/2018 12:28:00 AM,2018,1,30,0,28,Tuesday,540753.3134,4808646.005,-80.496493,43.429608,Intersection,2,P.D. only,Off roadway,SMV,Dark,Municipal,Sign Control,Functioning,FALSE,FALSE,FALSE,Snow,FALSE,GREENBROOK DR ; STIRLING AVE S; At,1/30/2020 11:55:07 AM,540753.3134,4808646.005,Q1,Working,FALSE
3947,47428,18-023239,1/30/2018 3:24:00 AM,2018,1,30,3,24,Tuesday,546317.8919,4814216.94,-80.427272,43.479445,Non intersection,2,P.D. only,Off roadway,SMV,Dark,Municipal,No control,Unknown,FALSE,FALSE,FALSE,Snow,FALSE,SHIRLEY DR; RIVERVIEW PL ; 50 M,1/30/2020 11:55:06 AM,546317.8919,4814216.941,Q1,Working,FALSE
3948,47429,18-023323,1/29/2018 5:30:00 PM,2018,1,29,17,30,Monday,541068,4811108,0,0,Intersection,2,Non-reportable,On roadway,Intersection,Dusk,Municipal,Sign Control,Functioning,FALSE,FALSE,FALSE,Snow,FALSE,WELLINGTON ST N; SPRING VALLEY RD,1/30/2020 11:55:05 AM,541068,4811108,Q1,Working,FALSE
3949,47430,18-023332,1/30/2018 8:17:00 AM,2018,1,30,8,17,Tuesday,537039.4228,4807886.167,-80.542428,43.422959,Intersection,2,P.D. only,On roadway,Intersection,Daylight,Municipal,Sign Control,Functioning,FALSE,FALSE,FALSE,Clear,FALSE,WESTHEIGHTS DR ; ROLLING MEADOWS DR,1/30/2020 11:55:04 AM,537039.4228,4807886.167,Q1,Working,FALSE
3950,47431,18-023337,1/30/2018 8:24:00 AM,2018,1,30,8,24,Tuesday,544875.5101,4813509.422,-80.445165,43.473163,Non intersection,2,P.D. only,On roadway,Rear end,Daylight,Municipal,No control,Unknown,FALSE,FALSE,FALSE,Clear,FALSE,BINGEMANS CENTRE DR; BINGEMANS CENTRE DR; Near; 20 M,1/30/2020 11:55:03 AM,544875.5101,4813509.422,Q1,Working,FALSE
3951,47432,18-023394,1/29/2018 4:00:00 PM,2018,1,29,16,0,Monday,540415.2631,4810595.043,-80.500525,43.447176,Intersection,2,P.D. only,On roadway,Other,Daylight,Municipal,Sign Control,Functioning,FALSE,FALSE,FALSE,Snow,FALSE,JUBILEE DR ; PARK ST,1/30/2020 11:55:02 AM,540415.2631,4810595.043,Q1,Working,FALSE
3952,47433,18-023448,1/30/2018 9:00:00 AM,2018,1,30,9,0,Tuesday,543361.0621,4807653.791,-80.464354,43.420528,Intersection,2,P.D. only,On roadway,Intersection,Daylight,Municipal,Sign Control,Functioning,FALSE,FALSE,FALSE,Clear,FALSE,LENNOX LEWIS WAY; BLOCK LINE RD; At,1/30/2020 11:55:02 AM,543361.0621,4807653.791,Q1,Working,FALSE
3953,47434,18-023516,1/30/2018 1:11:00 PM,2018,1,30,13,11,Tuesday,547328.1777,4808164.477,-80.415305,43.424886,Non intersection,2,P.D. only,Off roadway,SMV,Daylight,Regional,No control,Unknown,FALSE,FALSE,FALSE,Clear,FALSE,MORRISON RD; KING ST E; 30 M,1/30/2020 11:55:01 AM,547328.1777,4808164.477,Q1,Working,FALSE
3954,47435,18-023541,1/30/2018 11:25:00 AM,2018,1,30,11,25,Tuesday,537377.022,4808028.413,-80.538248,43.424223,Non intersection,2,P.D. only,On roadway,Intersection,Daylight,Regional,No control,Unknown,FALSE,FALSE,FALSE,Snow,FALSE,BLACKWELL DR; BLACKWELL DR; Near,1/30/2020 11:55:00 AM,537377.022,4808028.413,Q1,Working,FALSE
3955,47436,18-023590,1/29/2018 8:00:00 PM,2018,1,29,20,0,Monday,539976.6578,4806794.951,-80.506223,43.412983,Non intersection,2,P.D. only,On roadway,SMV,Dark,Municipal,No control,Unknown,FALSE,FALSE,FALSE,Snow,FALSE,DINISON CRES; DINISON CRES ; Near,1/30/2020 11:54:59 AM,539976.6578,4806794.951,Q1,Working,FALSE
3956,47437,18-023607,1/29/2018 9:05:00 AM,2018,1,29,9,5,Monday,541146.698,4812894.491,-80.491312,43.46784,Non intersection,2,P.D. only,On roadway,Intersection,Daylight,Municipal,No control,Unknown,FALSE,FALSE,FALSE,Clear,FALSE,PRUETER AVE; PRUETER AVE,1/30/2020 11:54:58 AM,541146.698,4812894.491,Q1,Working,FALSE