,OBJECTID,ACCIDENTNUM,ACCIDENTDATE,ACCIDENT_YEAR,ACCIDENT_MONTH,ACCIDENT_DAY,ACCIDENT_HOUR,ACCIDENT_MINUTE,Accident_Day,XCOORD,YCOORD,LONGITUDE,LATITUDE,Accident_Location,COLLISIONTYPE,Accident_Type,Impact_Location,Impact_Type,Light,Road_Jurisdication,Traffic_Control,Traffic_Control_Condition,Pedestrian_Involved,Cyclist_Involved,Motorcyclist_Involved,Environment_Condition,Self_Reported,XMLIMPORTNOTES,LASTEDITEDDATE,x,y,Quarter,Day_Type,Vulnerable_Involved
3957,47438,18-023667,1/30/2018 3:17:00 PM,2018,1,30,15,17,Tuesday,540748.7271,4810740.331,-80.496393,43.448466,Non intersection,2,P.D. only,On roadway,SMV,Daylight,Other,No control,Unknown,FALSE,FALSE,FALSE,Clear,FALSE,WATER ST S; JUBILEE DR; 50 M,2/19/2019 2:08:45 PM,540748.7271,4810740.331,Q1,Working,FALSE
3958,47439,18-023714,1/30/2018 4:25:00 PM,2018,1,30,16,25,Tuesday,541301.1101,4812435.036,-80.489438,43.463695,Intersection,1,Non-fatal injury,On roadway,Intersection,Daylight,Municipal,Sign Control,Functioning,FALSE,FALSE,FALSE,Clear,FALSE,ST LEGER ST; BLUCHER BLVD,1/30/2020 11:54:57 AM,541301.1101,4812435.036,Q1,Working,FALSE
3959,47440,18-023744,1/30/2018 4:58:00 PM,2018,1,30,16,58,Tuesday,541859.2019,4808134.658,-80.482869,43.424943,Non intersection,1,Non-fatal injury,On roadway,Other,Daylight,Municipal,No control,Unknown,FALSE,FALSE,FALSE,Clear,FALSE,ALPINE RD; FLINT DR ; 120 M,1/30/2020 11:54:56 AM,541859.2019,4808134.658,Q1,Working,FALSE
3960,47441,18-023776,1/30/2018 8:36:00 AM,2018,1,30,8,36,Tuesday,539089.322,4811088.068,-80.516876,43.451685,Private Drive,2,P.D. only,On roadway,Rear end,Daylight,Municipal,No control,Unknown,FALSE,FALSE,FALSE,Snow,FALSE,BELMONT AVE W; BELMONT AVE W; Near,1/30/2020 11:54:55 AM,539089.322,4811088.068,Q1,Working,FALSE
3961,47442,18-023781,1/30/2018 8:00:00 AM,2018,1,30,8,0,Tuesday,541160.5827,4811399.937,-80.491253,43.454382,Other,2,P.D. only,Off roadway,SMV,Dark,Other,No control,Unknown,FALSE,FALSE,FALSE,Snow,FALSE,DRIVEWAY; COLLEGE ST,1/30/2020 11:54:53 AM,541160.5827,4811399.937,Q1,Working,FALSE
3962,47443,18-024117,1/31/2018 8:33:00 AM,2018,1,31,8,33,Wednesday,539317.2081,4810615.713,-80.514093,43.44742,Intersection,2,P.D. only,On roadway,Intersection,Daylight,Municipal,Signal Control,Functioning,FALSE,FALSE,FALSE,Snow,FALSE,BELMONT AVE W; GAGE AVE,1/30/2020 11:54:52 AM,539317.2081,4810615.713,Q1,Working,FALSE
3963,47444,18-024266,1/31/2018 12:00:00 PM,2018,1,31,12,0,Wednesday,539573.6746,4811674.099,-80.510847,43.456936,Private Drive,2,P.D. only,On roadway,Intersection,Daylight,Municipal,No control,Unknown,FALSE,FALSE,FALSE,Clear,FALSE,PARK ST; KING ST W; At; 1 M,1/30/2020 11:54:52 AM,539573.6746,4811674.099,Q1,Working,FALSE
3964,47445,18-024835,2/1/2018 6:36:00 AM,2018,2,1,6,36,Thursday,544608.644,4809095.002,-80.448825,43.433431,Intersection,2,P.D. only,On roadway,Intersection,Daylight,Municipal,Signal Control,Functioning,FALSE,FALSE,FALSE,Clear,FALSE,FRANKLIN ST S; KINGSWAY DR,1/30/2020 11:54:51 AM,544608.644,4809095.002,Q1,Weekend,FALSE
3965,47446,18-024947,2/1/2018 9:37:00 AM,2018,2,1,9,37,Thursday,542783.3072,4804146.918,-80.471765,43.388985,Intersection,2,P.D. only,On roadway,Intersection,Daylight,Municipal,Sign Control,Functioning,FALSE,FALSE,FALSE,Clear,FALSE,HURON RD ; NEWCASTLE DR,1/30/2020 11:54:50 AM,542783.3072,4804146.918,Q1,Weekend,FALSE
3966,47447,18-025065,2/1/2018 1:02:00 PM,2018,2,1,13,2,Thursday,546637.5174,4811194.619,-80.423578,43.452212,Non intersection,2,P.D. only,On roadway,SMV,Daylight,Municipal,No control,Unknown,FALSE,FALSE,FALSE,Clear,FALSE,GREGG CRT; GREGG CRT ; Near,1/30/2020 11:54:49 AM,546637.5174,4811194.619,Q1,Weekend,FALSE
3967,47448,18-025889,2/2/2018 12:45:00 PM,2018,2,2,12,45,Friday,546289.9279,4809512.358,-80.428017,43.437087,Private Drive,2,P.D. only,On roadway,Intersection,Daylight,Municipal,No control,Unknown,FALSE,FALSE,FALSE,Clear,FALSE,VERONICA DR; VERONICA DR; Near,1/30/2020 11:54:48 AM,546289.9279,4809512.358,Q1,Weekend,FALSE
3968,47449,18-026704,2/3/2018 2:28:00 PM,2018,2,3,14,28,Saturday,539778.3823,4802993.088,-80.508949,43.378761,Non intersection,2,P.D. only,Off roadway,SMV,Daylight,Regional,No control,Unknown,FALSE,FALSE,FALSE,Snow,FALSE,HURON RD; HURON RD ; Near; 7 M,1/30/2020 11:54:47 AM,539778.3823,4802993.088,Q1,Weekend,FALSE
3969,47450,18-026742,2/3/2018 1:45:00 PM,2018,2,3,13,45,Saturday,539776.1214,4805437.988,-80.508799,43.400775,Private Drive,2,P.D. only,On roadway,Other,Daylight,Municipal,No control,Unknown,FALSE,FALSE,FALSE,Clear,FALSE,DONNENWERTH DR; DONNENWERTH DR ; At,1/30/2020 11:54:46 AM,539776.1214,4805437.988,Q1,Weekend,FALSE
3970,47451,18-026750,2/3/2018 3:40:00 PM,2018,2,3,15,40,Saturday,545124.4735,4807655.807,-80.442571,43.420442,Private Drive,2,P.D. only,On roadway,Intersection,Daylight,Regional,No control,Unknown,FALSE,FALSE,FALSE,Snow,FALSE,WILSON AVE; FAIRWAY RD S; Near; 5 M,1/30/2020 11:54:45 AM,545124.4735,4807655.807,Q1,Weekend,FALSE
3971,47452,18-027173,2/4/2018 5:13:00 AM,2018,2,4,5,13,Sunday,540746.1863,4808828.522,-80.496567,43.431252,Intersection,2,P.D. only,Off roadway,SMV,Dark,Regional,Signal Control,Functioning,FALSE,FALSE,FALSE,Snow,FALSE,STIRLING AVE S; HOMER WATSON BLVD,1/30/2020 11:54:44 AM,540746.1863,4808828.522,Q1,Weekend,FALSE
3972,47453,18-027236,2/4/2018 8:39:00 AM,2018,2,4,8,39,Sunday,545918.8473,4803941.219,-80.43307,43.386947,Private Drive,2,P.D. only,Off roadway,SMV,Daylight,Municipal,No control,Unknown,FALSE,FALSE,FALSE,Snow,FALSE,DOON MILLS DR; DOON MILLS DR ; 3 M,1/30/2020 11:54:44 AM,545918.8473,4803941.219,Q1,Weekend,FALSE
3973,47454,18-027503,2/4/2018 12:00:00 PM,2018,2,4,12,0,Sunday,541068,4811108,0,0,Intersection,2,P.D. only,On roadway,Intersection,Daylight,Municipal,Sign Control,Functioning,FALSE,FALSE,FALSE,Snow,FALSE,SEABROOK DR; AMAND DR,1/30/2020 11:54:43 AM,541068,4811108,Q1,Weekend,FALSE
3974,47455,18-027580,2/4/2018 6:21:00 PM,2018,2,4,18,21,Sunday,539840.0653,4807422.412,-80.507865,43.41864,Private Drive,2,P.D. only,On roadway,Rear end,Dark,Municipal,No control,Unknown,FALSE,FALSE,FALSE,Snow,FALSE,WILLIAMSBURG RD; WILLIAMSBURG RD ; At; 1 M,1/30/2020 11:54:42 AM,539840.0653,4807422.412,Q1,Weekend,FALSE
3975,47456,18-027987,2/4/2018 4:00:00 PM,2018,2,4,16,0,Sunday,547645.723,4805846.038,-80.411584,43.403991,Non intersection,2,P.D. only,On roadway,SMV,Daylight,Regional,No control,Unknown,FALSE,FALSE,FALSE,Snow,FALSE,DEER RIDGE DR; DEER RIDGE DR,1/30/2020 11:54:40 AM,547645.723,4805846.038,Q1,Weekend,FALSE
3976,47457,18-027994,2/4/2018 10:45:00 AM,2018,2,4,10,45,Sunday,542158.8291,4810192.687,-80.479009,43.443457,Private Drive,2,P.D. only,On roadway,SMV,Daylight,Municipal,No control,Unknown,FALSE,FALSE,FALSE,Snow,FALSE,STIRLING AVE S; STIRLING AVE S,1/30/2020 11:54:39 AM,542158.8291,4810192.687,Q1,Weekend,FALSE
3977,47458,18-028032,2/5/2018 11:26:00 AM,2018,2,5,11,26,Monday,542442.4433,4809146.031,-80.475585,43.434017,Private Drive,2,P.D. only,On roadway,Intersection,Daylight,Municipal,No control,Unknown,FALSE,FALSE,FALSE,Clear,FALSE,MILL ST; MILL ST ; Near; 3 M,1/30/2020 11:54:38 AM,542442.4433,4809146.031,Q1,Working,FALSE
3978,47459,18-028076,2/4/2018 7:45:00 PM,2018,2,4,19,45,Sunday,544435.7928,4807845.667,-80.451062,43.422192,Non intersection,2,P.D. only,Off roadway,SMV,Dark,Municipal,No control,Unknown,FALSE,FALSE,FALSE,Clear,FALSE,BELWOOD CRES; BELWOOD CRES ; Near,1/30/2020 11:54:37 AM,544435.7928,4807845.667,Q1,Weekend,FALSE
3979,47460,18-028103,2/5/2018 12:00:00 PM,2018,2,5,12,0,Monday,540825.9183,4811133.231,-80.495409,43.451999,Private Drive,2,P.D. only,On roadway,Other,Daylight,Regional,No control,Unknown,FALSE,FALSE,FALSE,Clear,FALSE,KING ST W; KING ST W; Near,1/30/2020 11:54:36 AM,540825.9183,4811133.231,Q1,Working,FALSE
3980,47461,18-028289,2/5/2018 4:56:00 PM,2018,2,5,16,56,Monday,543710.8449,4812432.824,-80.45965,43.463538,Intersection,1,Non-fatal injury,On roadway,Rear end,Daylight,Municipal,Sign Control,Functioning,FALSE,FALSE,FALSE,Clear,FALSE,FREDERICK ST; TURNER AVE,1/30/2020 11:54:35 AM,543710.8449,4812432.824,Q1,Working,FALSE
3981,47462,18-028297,2/5/2018 4:15:00 PM,2018,2,5,16,15,Monday,541954.5294,4815745.8,-80.481106,43.493468,Intersection,2,P.D. only,On roadway,Intersection,Daylight,Municipal,Sign Control,Functioning,FALSE,FALSE,FALSE,Clear,FALSE,WOOLWICH ST ; CARRIAGE WAY,1/30/2020 11:54:34 AM,541954.5294,4815745.8,Q1,Working,FALSE
3982,47463,18-028670,2/5/2018 6:10:00 PM,2018,2,5,18,10,Monday,541068,4811108,0,0,Other,2,P.D. only,Off roadway,SMV,Dusk,Other,No control,Unknown,FALSE,FALSE,FALSE,Snow,FALSE,GARAGE; CHERRYTREE CRT,1/30/2020 11:54:34 AM,541068,4811108,Q1,Working,FALSE
3983,47464,18-028693,2/6/2018 8:05:00 AM,2018,2,6,8,5,Tuesday,546231.1883,4810856.855,-80.428629,43.449196,Intersection,2,P.D. only,On roadway,Rear end,Daylight,Municipal,Sign Control,Functioning,FALSE,FALSE,FALSE,Clear,FALSE,EDENBRIDGE DR; OLDFIELD DR,1/30/2020 11:54:33 AM,546231.1883,4810856.856,Q1,Working,FALSE
3984,47465,18-028769,2/6/2018 9:00:00 AM,2018,2,6,9,0,Tuesday,539010.4948,4810300.15,-80.517906,43.444595,Private Drive,1,Non-fatal injury,On roadway,Intersection,Daylight,Municipal,Signal Control,Functioning,FALSE,FALSE,FALSE,Clear,FALSE,BRYBECK CRES; BRYBECK CRES ; Near; 5 M,1/30/2020 11:54:31 AM,539010.4948,4810300.15,Q1,Working,FALSE
3985,47466,18-028922,2/6/2018 12:43:00 PM,2018,2,6,12,43,Tuesday,542377.5869,4812456.017,-80.476129,43.463823,Private Drive,2,P.D. only,Off roadway,SMV,Daylight,Municipal,No control,Unknown,FALSE,FALSE,FALSE,Clear,FALSE,WELLINGTON ST N; WELLINGTON ST N; At; 5 M,1/30/2020 11:54:31 AM,542377.5869,4812456.017,Q1,Working,FALSE
3986,47467,18-029027,2/6/2018 2:47:00 PM,2018,2,6,14,47,Tuesday,541180.408,4809390.884,-80.49116,43.436292,Intersection,1,Non-fatal injury,On roadway,Intersection,Daylight,Municipal,Signal Control,Functioning,FALSE,FALSE,FALSE,Clear,FALSE,STIRLING AVE S; HIGHLAND RD E,1/30/2020 11:54:30 AM,541180.408,4809390.884,Q1,Working,FALSE
3987,47468,18-029118,2/6/2018 3:45:00 PM,2018,2,6,15,45,Tuesday,537039.7718,4807885.556,-80.542424,43.422954,Intersection,2,P.D. only,Off roadway,Other,Daylight,Regional,Sign Control,Functioning,FALSE,FALSE,FALSE,Clear,FALSE,ROLLING MEADOWS DR; WESTHEIGHTS DR,1/30/2020 11:54:29 AM,537039.7718,4807885.556,Q1,Working,FALSE
3988,47469,18-029169,2/6/2018 3:15:00 PM,2018,2,6,15,15,Tuesday,543670.8502,4812366.453,-80.46015,43.462943,Non intersection,2,Non-reportable,On roadway,Intersection,Daylight,Other,No control,Unknown,FALSE,FALSE,FALSE,Clear,FALSE,FREDERICK ST; RIVER RD E; Near; 150 M,2/19/2019 2:08:44 PM,543670.8502,4812366.453,Q1,Working,FALSE
3989,47470,18-029320,2/6/2018 10:25:00 PM,2018,2,6,22,25,Tuesday,539905.4798,4809204.156,-80.506926,43.434679,Non intersection,1,Non-fatal injury,On roadway,Rear end,Dark,Municipal,No control,Unknown,FALSE,FALSE,FALSE,Clear,FALSE,QUEENS BLVD; QUEENS BLVD ; 15 M,1/30/2020 11:54:28 AM,539905.4798,4809204.156,Q1,Working,FALSE
3990,47471,18-029612,2/7/2018 9:40:00 AM,2018,2,7,9,40,Wednesday,544318.1586,4803218.866,-80.45289,43.38054,Non intersection,2,P.D. only,On roadway,Intersection,Daylight,Municipal,No control,Unknown,FALSE,FALSE,FALSE,Snow,FALSE,CARYNDALE DR; CARYNDALE DR ; Near; 10 M,1/30/2020 11:54:27 AM,544318.1586,4803218.866,Q1,Working,FALSE
3991,47472,18-029675,2/7/2018 10:58:00 AM,2018,2,7,10,58,Wednesday,537461.4194,4810321.661,-80.537048,43.444868,Non intersection,2,P.D. only,Off roadway,SMV,Daylight,Regional,No control,Unknown,FALSE,FALSE,FALSE,Snow,FALSE,GLASGOW ST; GLASGOW ST ; At; 10 M,1/30/2020 11:54:26 AM,537461.4194,4810321.661,Q1,Working,FALSE
3992,47473,18-029679,2/7/2018 8:30:00 AM,2018,2,7,8,30,Wednesday,547311.4267,4811363.184,-80.415235,43.453688,Non intersection,2,P.D. only,Off roadway,Intersection,Daylight,Municipal,No control,Unknown,FALSE,FALSE,FALSE,Snow,FALSE,ZELLER DR ; ZELLER DR; 1 M,1/30/2020 11:54:25 AM,547311.4267,4811363.184,Q1,Working,FALSE
3993,47474,18-029698,2/7/2018 11:20:00 AM,2018,2,7,11,20,Wednesday,539395.4824,4811531.088,-80.51306,43.455658,Intersection,1,Non-fatal injury,On roadway,Rear end,Daylight,Municipal,Sign Control,Functioning,FALSE,FALSE,FALSE,Snow,FALSE,PARK ST; WOOD ST,1/30/2020 11:54:25 AM,539395.4824,4811531.088,Q1,Working,FALSE
3994,47475,18-029761,2/7/2018 11:20:00 AM,2018,2,7,11,20,Wednesday,539567.2349,4811427.661,-80.510944,43.454718,Intersection,2,P.D. only,On roadway,Rear end,Daylight,Municipal,Sign Control,Functioning,FALSE,FALSE,FALSE,Snow,FALSE,PARK ST; GREEN ST,1/30/2020 11:54:23 AM,539567.2349,4811427.662,Q1,Working,FALSE
3995,47476,18-029816,2/7/2018 2:00:00 PM,2018,2,7,14,0,Wednesday,540636.3196,4809446.761,-80.497878,43.436825,Intersection,1,Non-fatal injury,On roadway,Intersection,Daylight,Municipal,Sign Control,Functioning,FALSE,FALSE,FALSE,Clear,FALSE,GLEN RD; PLEASANT AVE,1/30/2020 11:54:23 AM,540636.3196,4809446.761,Q1,Working,FALSE
3996,47477,18-030072,2/7/2018 5:45:00 PM,2018,2,7,17,45,Wednesday,542813.8713,4808127.216,-80.471076,43.424822,Intersection,2,P.D. only,On roadway,Rear end,Dusk,Regional,Sign Control,Functioning,FALSE,FALSE,FALSE,Clear,FALSE,HANSON AVE ; HAYWARD AVE,1/30/2020 11:54:22 AM,542813.8713,4808127.216,Q1,Working,FALSE
3997,47478,18-030603,2/7/2018 8:15:00 PM,2018,2,7,20,15,Wednesday,543064.5985,4811190.142,-80.467737,43.452386,Private Drive,2,P.D. only,On roadway,Intersection,Dark,Municipal,No control,Unknown,FALSE,FALSE,FALSE,Clear,FALSE,DUMFRIES AVE; FREDERICK ST ; At,1/30/2020 11:54:21 AM,543064.5985,4811190.142,Q1,Working,FALSE
3998,47479,18-030898,2/8/2018 6:00:00 PM,2018,2,8,18,0,Thursday,546336.1797,4812404.657,-80.4272,43.463126,Private Drive,2,P.D. only,On roadway,SMV,Dark,Municipal,No control,Unknown,FALSE,FALSE,FALSE,Clear,FALSE,MISTY CRES; MISTY CRES; Near,1/30/2020 11:54:20 AM,546336.1797,4812404.657,Q1,Weekend,FALSE
3999,47480,18-031401,2/9/2018 12:45:00 PM,2018,2,9,12,45,Friday,540415.2631,4810595.043,-80.500525,43.447176,Intersection,1,Non-fatal injury,On roadway,Other,Daylight,Municipal,Sign Control,Functioning,FALSE,FALSE,FALSE,Snow,FALSE,PARK ST ; JUBILEE DR,1/30/2020 11:54:19 AM,540415.2631,4810595.043,Q1,Weekend,FALSE
4000,47481,18-031477,2/9/2018 2:10:00 PM,2018,2,9,14,10,Friday,545168.7233,4808152.839,-80.441983,43.424914,Private Drive,1,Non-fatal injury,On roadway,Rear end,Daylight,Municipal,No control,Unknown,FALSE,FALSE,FALSE,Snow,FALSE,GREENFIELD AVE; GREENFIELD AVE ; At,1/30/2020 11:54:18 AM,545168.7233,4808152.839,Q1,Weekend,FALSE
4001,47482,18-031499,2/6/2018 10:00:00 AM,2018,2,6,10,0,Tuesday,540089.5998,4805878.352,-80.504896,43.404724,Non intersection,2,P.D. only,On roadway,SMV,Daylight,Municipal,No control,Unknown,FALSE,FALSE,FALSE,Clear,FALSE,DUBRICK CRES; DUBRICK CRES; Near,1/30/2020 11:54:17 AM,540089.5998,4805878.352,Q1,Working,FALSE
4002,47483,18-031552,2/8/2018 3:00:00 PM,2018,2,8,15,0,Thursday,545167.7728,4806663.107,-80.442118,43.411501,Private Drive,2,P.D. only,Off roadway,SMV,Daylight,Regional,No control,Unknown,FALSE,FALSE,FALSE,Clear,FALSE,WILSON AVE; WILSON AVE,1/30/2020 11:54:16 AM,545167.7728,4806663.107,Q1,Weekend,FALSE
4003,47484,18-031613,2/9/2018 5:17:00 PM,2018,2,9,17,17,Friday,549485.8181,4806209.866,-80.388828,43.407147,Intersection,2,P.D. only,On roadway,Intersection,Daylight,Municipal,Signal Control,Functioning,FALSE,FALSE,FALSE,Clear,FALSE,GATEWAY PARK DR ; TU LANE ST ; 20 M,1/30/2020 11:54:15 AM,549485.8181,4806209.866,Q1,Weekend,FALSE
4004,47485,18-031633,2/9/2018 4:30:00 PM,2018,2,9,16,30,Friday,542873.1624,4813047.263,-80.469957,43.469119,Private Drive,2,P.D. only,On roadway,Intersection,Daylight,Municipal,No control,Unknown,FALSE,FALSE,FALSE,Snow,FALSE,RIVERBEND DR; RIVERBEND DR,1/30/2020 11:54:14 AM,542873.1624,4813047.263,Q1,Weekend,FALSE
4005,47486,18-031698,2/9/2018 3:50:00 PM,2018,2,9,15,50,Friday,546329.3907,4804138.843,-80.427985,43.388702,Private Drive,2,P.D. only,On roadway,Intersection,Daylight,Municipal,No control,Unknown,FALSE,FALSE,FALSE,Snow,FALSE,DOON VILLAGE RD; DOON VILLAGE RD,1/30/2020 11:54:13 AM,546329.3907,4804138.843,Q1,Weekend,FALSE
4006,47487,18-032135,2/9/2018 5:05:00 PM,2018,2,9,17,5,Friday,544887.5833,4804846.513,-80.445728,43.395161,Intersection,2,P.D. only,On roadway,Intersection,Daylight,Municipal,Signal Control,Functioning,FALSE,FALSE,FALSE,Snow,FALSE,DOON VILLAGE RD; PIONEER DR,1/30/2020 11:54:12 AM,544887.5833,4804846.513,Q1,Weekend,FALSE
4007,47488,18-032140,2/9/2018 5:30:00 PM,2018,2,9,17,30,Friday,541048.8133,4808404.583,-80.49286,43.427418,Private Drive,2,P.D. only,Off roadway,SMV,Daylight,Municipal,No control,Unknown,FALSE,FALSE,FALSE,Snow,FALSE,YAGER AVE; YAGER AVE,1/30/2020 11:54:11 AM,541048.8133,4808404.583,Q1,Weekend,FALSE
4008,47489,18-032246,2/3/2018 1:17:00 PM,2018,2,3,13,17,Saturday,542525.5132,4815951.83,-80.474028,43.495291,Private Drive,2,P.D. only,On roadway,Intersection,Daylight,Municipal,No control,Unknown,FALSE,FALSE,FALSE,Clear,FALSE,FALCONRIDGE DR; FALCONRIDGE DR,1/30/2020 11:54:10 AM,542525.5132,4815951.83,Q1,Weekend,FALSE
4009,47490,18-032285,2/9/2018 7:00:00 PM,2018,2,9,19,0,Friday,538680.8538,4809203.113,-80.522058,43.434734,Private Drive,2,P.D. only,On roadway,SMV,Dark,Municipal,No control,Unknown,FALSE,FALSE,FALSE,Snow,FALSE,WYCLIFFE PL; WYCLIFFE PL ; Near,1/30/2020 11:54:09 AM,538680.8538,4809203.113,Q1,Weekend,FALSE
4010,47491,18-032339,2/10/2018 1:15:00 PM,2018,2,10,13,15,Saturday,544723.0581,4810064.717,-80.447332,43.442156,Non intersection,2,P.D. only,On roadway,Intersection,Daylight,Regional,No control,Unknown,FALSE,FALSE,FALSE,Snow,FALSE,FRANKLIN ST N; ROSS AVE; Near; 200 M,1/30/2020 11:54:08 AM,544723.0581,4810064.717,Q1,Weekend,FALSE
4011,47492,18-032356,2/9/2018 9:00:00 PM,2018,2,9,21,0,Friday,536449.5916,4809714.408,-80.549592,43.43945,Private Drive,2,P.D. only,On roadway,SMV,Dark,Municipal,No control,Unknown,FALSE,FALSE,FALSE,Snow,FALSE,NORTHMANOR CRES; NORTHMANOR CRES,1/30/2020 11:54:07 AM,536449.5916,4809714.408,Q1,Weekend,FALSE
4012,47493,18-032413,2/10/2018 2:10:00 PM,2018,2,10,14,10,Saturday,539436.3373,4811286.052,-80.512573,43.45345,Non intersection,2,P.D. only,On roadway,Rear end,Daylight,Municipal,No control,Unknown,FALSE,FALSE,FALSE,Snow,FALSE,PARK ST; GLASGOW ST; Near; 200 M,1/30/2020 11:54:06 AM,539436.3373,4811286.052,Q1,Weekend,FALSE
4013,47494,18-032441,2/10/2018 4:32:00 PM,2018,2,10,16,32,Saturday,539195.5746,4810389.862,-80.515613,43.445393,Non intersection,2,P.D. only,Off roadway,SMV,Daylight,Municipal,No control,Unknown,FALSE,FALSE,FALSE,Snow,FALSE,BRYBECK CRES; BRYBECK CRES ; Near; 25 M,1/30/2020 11:54:05 AM,539195.5746,4810389.862,Q1,Weekend,FALSE
4014,47495,18-032454,2/9/2018 8:00:00 PM,2018,2,9,20,0,Friday,541634.9577,4810429.467,-80.485464,43.445618,Private Drive,2,P.D. only,Off roadway,SMV,Dark,Other,No control,Unknown,FALSE,FALSE,FALSE,Snow,FALSE,CEDAR ST S; CHURCH ST ; At; 0 M,1/30/2020 11:54:04 AM,541634.9577,4810429.467,Q1,Weekend,FALSE
4015,47496,18-032840,2/11/2018 5:40:00 AM,2018,2,11,5,40,Sunday,545213.8935,4810450.253,-80.441235,43.445598,Non intersection,1,Non-fatal injury,Off roadway,SMV,Dark,Municipal,No control,Unknown,FALSE,FALSE,FALSE,Clear,FALSE,RIVER RD E; BRADLEY DR; 18 M,1/30/2020 11:54:03 AM,545213.8935,4810450.253,Q1,Weekend,FALSE
4016,47497,18-032979,2/10/2018 1:30:00 PM,2018,2,10,13,30,Saturday,540149.4636,4809558.609,-80.503886,43.437858,Intersection,2,P.D. only,On roadway,Intersection,Daylight,Municipal,Sign Control,Functioning,FALSE,FALSE,FALSE,Snow,FALSE,NORTH DR; SPADINA RD W,1/30/2020 11:54:02 AM,540149.4636,4809558.609,Q1,Weekend,FALSE
4017,47498,18-033026,2/10/2018 9:30:00 PM,2018,2,10,21,30,Saturday,544910.2233,4802973.496,-80.445602,43.378295,Private Drive,2,P.D. only,Off roadway,SMV,Dark,Municipal,No control,Unknown,FALSE,FALSE,FALSE,Snow,FALSE,ROBERT FERRIE DR; ROBERT FERRIE DR,1/30/2020 11:54:01 AM,544910.2233,4802973.496,Q1,Weekend,FALSE
4018,47499,18-033073,2/11/2018 1:35:00 PM,2018,2,11,13,35,Sunday,543888.956,4810919.111,-80.45757,43.449898,Non intersection,2,P.D. only,Off roadway,SMV,Daylight,Municipal,No control,Unknown,FALSE,FALSE,FALSE,Rain,FALSE,MANCHESTER RD; MANCHESTER RD ; 10 M,1/30/2020 11:54:00 AM,543888.956,4810919.111,Q1,Weekend,FALSE
4019,47500,18-033251,2/11/2018 11:30:00 AM,2018,2,11,11,30,Sunday,538977.4041,4807792.937,-80.518494,43.422021,Private Drive,2,Non-reportable,On roadway,SMV,Daylight,Municipal,No control,Unknown,FALSE,FALSE,FALSE,Rain,FALSE,FOREST GLEN CRES; FOREST GLEN CRES ; At; 4 M,1/30/2020 11:54:00 AM,538977.4041,4807792.937,Q1,Weekend,FALSE
4020,47501,18-033528,2/12/2018 6:30:00 AM,2018,2,12,6,30,Monday,543800.9524,4810954.252,-80.458655,43.45022,Non intersection,2,P.D. only,Off roadway,SMV,Dawn,Municipal,No control,Unknown,FALSE,FALSE,FALSE,Clear,FALSE,LYNDHURST DR; DEERFIELD AVE ; Near; 30 M,1/30/2020 11:53:59 AM,543800.9524,4810954.252,Q1,Working,FALSE
4021,47502,18-033917,2/10/2018 5:30:00 PM,2018,2,10,17,30,Saturday,545151.7825,4812813.056,-80.441807,43.466876,Non intersection,2,P.D. only,On roadway,SMV,Daylight,Municipal,No control,Unknown,FALSE,FALSE,FALSE,Clear,FALSE,GEORGIAN CRES; GEORGIAN CRES ; Near,1/30/2020 11:53:58 AM,545151.7825,4812813.056,Q1,Weekend,FALSE
4022,47503,18-033985,2/12/2018 4:00:00 PM,2018,2,12,16,0,Monday,545273.2545,4806433.282,-80.440834,43.409425,Intersection,2,P.D. only,On roadway,Intersection,Daylight,Municipal,Sign Control,Functioning,FALSE,FALSE,FALSE,Clear,FALSE,WILSON AVE; WABANAKI DR,1/30/2020 11:53:57 AM,545273.2545,4806433.282,Q1,Working,FALSE
4023,47504,18-033987,2/12/2018 3:35:00 PM,2018,2,12,15,35,Monday,544815.1544,4808555.782,-80.446318,43.428564,Private Drive,1,Non-fatal injury,On roadway,Other,Daylight,Municipal,No control,Unknown,FALSE,FALSE,FALSE,Clear,FALSE,CONNAUGHT ST; CONNAUGHT ST; At; 5 M,1/30/2020 11:53:56 AM,544815.1544,4808555.782,Q1,Working,FALSE
4024,47505,18-034028,2/10/2018 4:15:00 PM,2018,2,10,16,15,Saturday,543412.2984,4804790.686,-80.463948,43.394745,Non intersection,2,P.D. only,On roadway,Intersection,Daylight,Regional,No control,Unknown,FALSE,FALSE,FALSE,Snow,FALSE,HURON RD; TEMPLEWOOD DR,1/30/2020 11:53:55 AM,543412.2984,4804790.686,Q1,Weekend,FALSE
4025,47506,18-034152,2/12/2018 7:00:00 PM,2018,2,12,19,0,Monday,547631.9835,4810519.254,-80.411347,43.446069,Private Drive,2,P.D. only,On roadway,SMV,Dusk,Municipal,No control,Unknown,FALSE,FALSE,FALSE,Clear,FALSE,LANDGREN CRT; LANDGREN CRT ; 1 M,1/30/2020 11:53:54 AM,547631.9835,4810519.254,Q1,Working,FALSE
4026,47507,18-034243,2/13/2018 3:35:00 AM,2018,2,13,3,35,Tuesday,537088.8863,4809168.989,-80.54173,43.434507,Private Drive,2,P.D. only,On roadway,Other,Dark,Municipal,No control,Unknown,FALSE,FALSE,FALSE,Clear,FALSE,GREENGABLE WAY ; GREENGABLE WAY ; At; 1 M,1/30/2020 11:53:53 AM,537088.8863,4809168.989,Q1,Working,FALSE
4027,47508,18-034371,2/13/2018 9:08:00 AM,2018,2,13,9,8,Tuesday,536568.3572,4807603.691,-80.548266,43.420439,Non intersection,2,P.D. only,On roadway,SMV,Daylight,Municipal,No control,Unknown,FALSE,FALSE,FALSE,Clear,FALSE,NEWBURY DR; NEWBURY DR ; At; 1 M,1/30/2020 11:53:52 AM,536568.3572,4807603.691,Q1,Working,FALSE
4028,47509,18-034541,2/13/2018 9:00:00 AM,2018,2,13,9,0,Tuesday,539314.1992,4810615.075,-80.514131,43.447415,Intersection,2,P.D. only,On roadway,Intersection,Daylight,Municipal,Signal Control,Functioning,FALSE,FALSE,FALSE,Clear,FALSE,BELMONT AVE W; GAGE AVE,1/30/2020 11:53:51 AM,539314.1992,4810615.075,Q1,Working,FALSE