,OBJECTID,ACCIDENTNUM,ACCIDENTDATE,ACCIDENT_YEAR,ACCIDENT_MONTH,ACCIDENT_DAY,ACCIDENT_HOUR,ACCIDENT_MINUTE,Accident_Day,XCOORD,YCOORD,LONGITUDE,LATITUDE,Accident_Location,COLLISIONTYPE,Accident_Type,Impact_Location,Impact_Type,Light,Road_Jurisdication,Traffic_Control,Traffic_Control_Condition,Pedestrian_Involved,Cyclist_Involved,Motorcyclist_Involved,Environment_Condition,Self_Reported,XMLIMPORTNOTES,LASTEDITEDDATE,x,y,Quarter,Day_Type,Vulnerable_Involved
4029,47510,18-034625,2/13/2018 12:45:00 PM,2018,2,13,12,45,Tuesday,546992.2943,4808376.979,-80.419436,43.42682,Intersection,2,P.D. only,On roadway,Intersection,Daylight,Regional,Sign Control,Functioning,FALSE,FALSE,FALSE,Clear,FALSE,RIVER RD E; GRAND RIVER BLVD,1/30/2020 11:53:50 AM,546992.2943,4808376.979,Q1,Working,FALSE
4030,47511,18-034631,2/12/2018 6:30:00 AM,2018,2,12,6,30,Monday,540862.2079,4809652.623,-80.495072,43.438666,Non intersection,2,P.D. only,Off roadway,SMV,Dawn,Municipal,No control,Unknown,FALSE,FALSE,FALSE,Clear,FALSE,SPADINA RD E; SPADINA RD E; Near,1/30/2020 11:53:49 AM,540862.2079,4809652.623,Q1,Working,FALSE
4031,47512,18-034760,2/13/2018 4:25:00 PM,2018,2,13,16,25,Tuesday,545273.2416,4806435.2,-80.440834,43.409443,Intersection,2,P.D. only,On roadway,Rear end,Daylight,Municipal,Sign Control,Functioning,FALSE,FALSE,FALSE,Clear,FALSE,WILSON AVE; WABANAKI DR,1/30/2020 11:53:48 AM,545273.2416,4806435.2,Q1,Working,FALSE
4032,47513,18-034840,2/13/2018 4:00:00 PM,2018,2,13,16,0,Tuesday,541905.6508,4810550.21,-80.48211,43.44669,Intersection,1,Non-fatal injury,On roadway,Intersection,Daylight,Regional,Sign Control,Functioning,FALSE,TRUE,FALSE,Clear,FALSE,MADISON AVE N; KING ST E; Near; 2 M,1/30/2020 11:53:47 AM,541905.6508,4810550.21,Q1,Working,FALSE
4033,47514,18-035112,2/13/2018 6:30:00 PM,2018,2,13,18,30,Tuesday,541068,4811108,0,0,Private Drive,2,P.D. only,On roadway,SMV,Dusk,Municipal,No control,Unknown,FALSE,FALSE,FALSE,Clear,FALSE,STILLWATER ST; STILLWATER ST,1/30/2020 11:53:46 AM,541068,4811108,Q1,Working,FALSE
4034,47515,18-035122,2/14/2018 8:05:00 AM,2018,2,14,8,5,Wednesday,541797.4402,4808182.072,-80.483628,43.425373,Private Drive,2,P.D. only,On roadway,Intersection,Daylight,Municipal,No control,Unknown,FALSE,FALSE,FALSE,Clear,FALSE,ALPINE RD; 721 OTTAWA ST S; At; 200 M,1/30/2020 11:53:45 AM,541797.4402,4808182.072,Q1,Working,FALSE
4035,47516,18-035325,2/13/2018 6:30:00 PM,2018,2,13,18,30,Tuesday,542540.3833,4808085.759,-80.474458,43.424464,Intersection,2,P.D. only,On roadway,Rear end,Dark,Municipal,Sign Control,Functioning,FALSE,FALSE,FALSE,Clear,FALSE,ARDELT AVE; HANSON AVE,1/30/2020 11:53:45 AM,542540.3833,4808085.759,Q1,Working,FALSE
4036,47517,18-035329,2/9/2018 5:50:00 PM,2018,2,9,17,50,Friday,541547.8677,4811884.689,-80.48643,43.458726,Intersection,2,P.D. only,On roadway,Intersection,Dusk,Municipal,Sign Control,Functioning,FALSE,FALSE,FALSE,Snow,FALSE,ST LEGER ST; BREITHAUPT ST,1/30/2020 11:53:43 AM,541547.8677,4811884.689,Q1,Weekend,FALSE
4037,47518,18-035539,2/14/2018 4:13:00 PM,2018,2,14,16,13,Wednesday,543159.6568,4812082.049,-80.466491,43.460411,Intersection,2,P.D. only,On roadway,Intersection,Daylight,Regional,Sign Control,Functioning,FALSE,FALSE,FALSE,Clear,FALSE,FREDERICK ST ; ETHEL ST ; Near; 4 M,1/30/2020 11:53:43 AM,543159.6568,4812082.049,Q1,Working,FALSE
4038,47519,18-035578,2/14/2018 4:35:00 PM,2018,2,14,16,35,Wednesday,544814.7565,4804819.768,-80.446629,43.394925,Private Drive,2,Non-reportable,On roadway,Other,Daylight,Municipal,No control,Unknown,FALSE,FALSE,FALSE,Clear,FALSE,PIONEER DR ; PIONEER DR ; At; 2 M,1/30/2020 11:53:42 AM,544814.7565,4804819.768,Q1,Working,FALSE
4039,47520,18-035617,2/12/2018 5:30:00 PM,2018,2,12,17,30,Monday,541498.9256,4811996.598,-80.487026,43.459736,Intersection,2,P.D. only,On roadway,Intersection,Dark,Municipal,Sign Control,Functioning,FALSE,FALSE,FALSE,Clear,FALSE,WELLINGTON ST N; ST LEGER ST,1/30/2020 11:53:41 AM,541498.9256,4811996.599,Q1,Working,FALSE
4040,47521,18-035692,2/13/2018 8:45:00 PM,2018,2,13,20,45,Tuesday,542272.6579,4803908.524,-80.478088,43.386867,Private Drive,1,Non-fatal injury,On roadway,Other,Dark,Municipal,No control,Unknown,FALSE,FALSE,FALSE,Clear,FALSE,MAITLAND ST ; MAITLAND ST; Near,1/30/2020 11:53:40 AM,542272.6579,4803908.524,Q1,Working,FALSE
4041,47522,18-036087,2/15/2018 10:28:00 AM,2018,2,15,10,28,Thursday,544330.9468,4808467.278,-80.452307,43.427796,Intersection,2,P.D. only,On roadway,Intersection,Daylight,Municipal,Sign Control,Functioning,FALSE,FALSE,FALSE,Clear,FALSE,FRANKLIN ST S; GREENFIELD AVE,1/30/2020 11:53:39 AM,544330.9468,4808467.278,Q1,Weekend,FALSE
4042,47523,18-036558,2/15/2018 9:25:00 PM,2018,2,15,21,25,Thursday,543925.8581,4806635.125,-80.457459,43.411323,Private Drive,2,P.D. only,On roadway,Intersection,Dark,Municipal,No control,Unknown,FALSE,FALSE,FALSE,Clear,FALSE,FALLOWFIELD DR; BLEAMS RD; Near; 50 M,1/30/2020 11:53:38 AM,543925.8581,4806635.125,Q1,Weekend,FALSE
4043,47524,18-036851,2/16/2018 8:49:00 AM,2018,2,16,8,49,Friday,542610.8701,4805876.972,-80.473759,43.404572,Intersection,1,Non-fatal injury,Off roadway,SMV,Daylight,Regional,Sign Control,Functioning,FALSE,FALSE,FALSE,Clear,FALSE,STRASBURG RD; MCINTYRE DR; Near; 100 M,1/30/2020 11:53:37 AM,542610.8701,4805876.972,Q1,Weekend,FALSE
4044,47525,18-036866,2/16/2018 8:10:00 AM,2018,2,16,8,10,Friday,540903.5635,4811718.957,-80.494406,43.457269,Private Drive,2,P.D. only,On roadway,Other,Daylight,Municipal,No control,Unknown,FALSE,FALSE,FALSE,Clear,TRUE,WELLINGTON ST N; WELLINGTON ST N; At,1/20/2023 1:39:29 PM,540903.5635,4811718.957,Q1,Weekend,FALSE
4045,47526,18-037115,2/16/2018 1:15:00 PM,2018,2,16,13,15,Friday,546892.0172,4809748.215,-80.420557,43.439173,Intersection,2,Non-reportable,On roadway,Rear end,Daylight,Municipal,Sign Control,Functioning,FALSE,FALSE,FALSE,Clear,FALSE,SIMS ESTATE DR; BEAUMONT CRES,1/30/2020 11:53:35 AM,546892.0172,4809748.215,Q1,Weekend,FALSE
4046,47527,18-037155,2/16/2018 1:46:00 PM,2018,2,16,13,46,Friday,540475.3488,4809720.929,-80.499847,43.439302,Private Drive,2,P.D. only,On roadway,Rear end,Daylight,Regional,No control,Unknown,FALSE,FALSE,FALSE,Clear,FALSE,QUEENS BLVD ; HIGHLAND RD W,1/30/2020 11:53:35 AM,540475.3488,4809720.929,Q1,Weekend,FALSE
4047,47528,18-037174,2/16/2018 1:00:00 PM,2018,2,16,13,0,Friday,543530.5376,4809564.431,-80.462108,43.437721,Non intersection,2,P.D. only,On roadway,SMV,Daylight,Municipal,No control,Unknown,FALSE,FALSE,FALSE,Clear,FALSE,FLORAL CRES; FLORAL CRES; Near,1/30/2020 11:53:34 AM,543530.5376,4809564.431,Q1,Weekend,FALSE
4048,47529,18-037192,2/16/2018 4:01:00 PM,2018,2,16,16,1,Friday,541291.9719,4813568.934,-80.489465,43.473905,Intersection,2,P.D. only,On roadway,SMV,Daylight,Municipal,Sign Control,Functioning,FALSE,FALSE,FALSE,Clear,FALSE,LEANDER PL; HAMEL AVE ; 20 M,1/30/2020 11:53:33 AM,541291.9719,4813568.934,Q1,Weekend,FALSE
4049,47530,18-037402,2/16/2018 10:02:00 PM,2018,2,16,22,2,Friday,541348.2381,4809262.815,-80.489096,43.435129,Private Drive,2,P.D. only,On roadway,SMV,Daylight,Municipal,No control,Unknown,FALSE,FALSE,FALSE,Clear,FALSE,CHARLES BEST PL ; 48 CHARLES BEST PL ; At; 2 M,1/30/2020 11:53:32 AM,541348.2381,4809262.815,Q1,Weekend,FALSE
4050,47531,18-037889,2/17/2018 12:30:00 PM,2018,2,17,12,30,Saturday,541764.2397,4810762.073,-80.483841,43.448606,Non intersection,2,P.D. only,On roadway,SMV,Daylight,Municipal,No control,Unknown,FALSE,FALSE,FALSE,Clear,FALSE,EBY ST N; EBY ST N; Near,1/30/2020 11:53:31 AM,541764.2397,4810762.073,Q1,Weekend,FALSE
4051,47532,18-037960,2/17/2018 12:10:00 PM,2018,2,17,12,10,Saturday,546325.4533,4808523.623,-80.427662,43.428182,Private Drive,2,P.D. only,On roadway,Other,Daylight,Municipal,No control,Unknown,FALSE,FALSE,FALSE,Clear,FALSE,MORGAN AVE; MORGAN AVE; At,1/30/2020 11:53:30 AM,546325.4533,4808523.623,Q1,Weekend,FALSE
4052,47533,18-038440,2/17/2018 7:00:00 PM,2018,2,17,19,0,Saturday,545166.8234,4804466.231,-80.442311,43.39172,Non intersection,2,P.D. only,On roadway,SMV,Dark,Municipal,No control,Unknown,FALSE,FALSE,FALSE,Clear,FALSE,HARVEST CRT; HARVEST CRT; Near,1/30/2020 11:53:29 AM,545166.8234,4804466.231,Q1,Weekend,FALSE
4053,47534,18-038573,1/4/2018 6:20:00 PM,2018,1,4,18,20,Thursday,542218.9468,4806996.323,-80.478513,43.414673,Intersection,2,Non-reportable,On roadway,Rear end,Dusk,Municipal,Signal Control,Functioning,FALSE,FALSE,FALSE,Clear,FALSE,STRASBURG RD; STRASBURG RD; At,1/30/2020 11:53:28 AM,542218.9468,4806996.323,Q1,Weekend,FALSE
4054,47535,18-038625,2/12/2018 2:20:00 PM,2018,2,12,14,20,Monday,542166.4296,4810385.333,-80.4789,43.445191,Non intersection,2,P.D. only,On roadway,Intersection,Daylight,Regional,No control,Unknown,FALSE,FALSE,FALSE,Clear,FALSE,KING ST E; PANDORA AVE N; Near,1/30/2020 11:53:27 AM,542166.4296,4810385.333,Q1,Working,FALSE
4055,47536,18-039138,2/9/2018 3:20:00 PM,2018,2,9,15,20,Friday,536798.9805,4807159.073,-80.545447,43.416424,Non intersection,2,P.D. only,On roadway,Intersection,Daylight,Municipal,No control,Unknown,FALSE,FALSE,FALSE,Clear,FALSE,HIGHVIEW DR; WILLOW GREEN CRT; Near; 30 M,1/30/2020 11:53:27 AM,536798.9805,4807159.073,Q1,Weekend,FALSE
4056,47537,18-039245,2/19/2018 1:30:00 PM,2018,2,19,13,30,Monday,540217.6761,4805819.535,-80.503318,43.404187,Intersection,1,Non-fatal injury,On roadway,Rear end,Daylight,Municipal,Sign Control,Functioning,FALSE,FALSE,FALSE,Rain,FALSE,MAX BECKER DR ; COMMONWEALTH CRES ; Near; 2 M,1/30/2020 11:53:26 AM,540217.6761,4805819.535,Q1,Working,FALSE
4057,47538,18-039758,2/19/2018 7:30:00 PM,2018,2,19,19,30,Monday,536408.373,4807879.387,-80.550224,43.422929,Private Drive,2,P.D. only,On roadway,SMV,Daylight,Municipal,No control,Unknown,FALSE,FALSE,FALSE,Clear,FALSE,NEWBURY DR; NEWBURY DR,1/30/2020 11:53:25 AM,536408.373,4807879.387,Q1,Working,FALSE
4058,47539,18-040041,2/20/2018 2:36:00 PM,2018,2,20,14,36,Tuesday,543070.5701,4805496.018,-80.468112,43.401116,Intersection,2,P.D. only,On roadway,Intersection,Daylight,Regional,Sign Control,Functioning,FALSE,FALSE,FALSE,Rain,FALSE,TRILLIUM DR; STRASBURG RD,1/30/2020 11:53:24 AM,543070.5701,4805496.018,Q1,Working,FALSE
4059,47540,18-040087,2/20/2018 3:40:00 PM,2018,2,20,15,40,Tuesday,541941.1367,4811053.502,-80.481632,43.45122,Intersection,2,P.D. only,On roadway,Intersection,Daylight,Municipal,Sign Control,Functioning,FALSE,FALSE,FALSE,Rain,FALSE,LANCASTER ST E; HOHNER AVE,1/30/2020 11:53:23 AM,541941.1367,4811053.502,Q1,Working,FALSE
4060,47541,18-040502,2/21/2018 6:52:00 AM,2018,2,21,6,52,Wednesday,543073.9013,4812799.869,-80.467495,43.46688,Intersection,1,Non-fatal injury,On roadway,Intersection,Daylight,Municipal,Signal Control,Functioning,FALSE,FALSE,FALSE,Rain,FALSE,WELLINGTON ST N; RIVERBEND DR,1/30/2020 11:53:22 AM,543073.9013,4812799.869,Q1,Working,FALSE
4061,47542,18-041381,2/22/2018 8:15:00 AM,2018,2,22,8,15,Thursday,542497.4268,4812517.084,-80.474643,43.464366,Non intersection,2,Non-reportable,On roadway,Rear end,Daylight,Regional,No control,Unknown,FALSE,FALSE,FALSE,Clear,FALSE,WELLINGTON ST N; LANCASTER ST W,1/30/2020 11:53:21 AM,542497.4268,4812517.084,Q1,Weekend,FALSE
4062,47543,18-041532,2/21/2018 2:00:00 PM,2018,2,21,14,0,Wednesday,541836.9316,4806884.059,-80.48324,43.413684,Private Drive,2,P.D. only,On roadway,Rear end,Daylight,Regional,No control,Unknown,FALSE,FALSE,FALSE,Clear,FALSE,RITTENHOUSE RD; RITTENHOUSE RD,1/30/2020 11:53:20 AM,541836.9316,4806884.059,Q1,Working,FALSE
4063,47544,18-042164,2/21/2018 3:15:00 PM,2018,2,21,15,15,Wednesday,543858.9275,4812519.978,-80.457813,43.464314,Private Drive,2,P.D. only,On roadway,SMV,Daylight,Municipal,No control,Unknown,FALSE,FALSE,FALSE,Clear,FALSE,AVON RD; AVON RD; At,1/30/2020 11:53:19 AM,543858.9275,4812519.978,Q1,Working,FALSE
4064,47545,18-042256,2/21/2018 6:00:00 AM,2018,2,21,6,0,Wednesday,542066.1664,4811773.586,-80.480032,43.457696,Non intersection,2,P.D. only,Off roadway,SMV,Dark,Regional,No control,Unknown,FALSE,FALSE,FALSE,Clear,FALSE,CHESTNUT ST; CHESTNUT ST,1/30/2020 11:53:18 AM,542066.1664,4811773.586,Q1,Working,FALSE
4065,47546,18-043274,2/24/2018 2:50:00 PM,2018,2,24,14,50,Saturday,541232.219,4810948.094,-80.490402,43.45031,Intersection,2,P.D. only,On roadway,Intersection,Daylight,Regional,Signal Control,Functioning,FALSE,FALSE,FALSE,Clear,FALSE,KING ST W; ONTARIO ST S,1/30/2020 11:53:17 AM,541232.219,4810948.095,Q1,Weekend,FALSE
4066,47547,18-043355,2/24/2018 4:45:00 PM,2018,2,24,16,45,Saturday,542110.1876,4812324.535,-80.479445,43.462655,Intersection,2,P.D. only,On roadway,Intersection,Daylight,Regional,Sign Control,Functioning,FALSE,FALSE,FALSE,Clear,FALSE,WELLINGTON ST N; SPRING VALLEY RD,1/30/2020 11:53:17 AM,542110.1876,4812324.535,Q1,Weekend,FALSE
4067,47548,18-043481,2/24/2018 9:05:00 PM,2018,2,24,21,5,Saturday,540485.3114,4806409.618,-80.499969,43.409486,Non intersection,2,P.D. only,On roadway,SMV,Dark,Municipal,No control,Unknown,FALSE,FALSE,FALSE,Clear,FALSE,HIGHBROOK ST; HIGHBROOK ST ; At; 10 M,1/30/2020 11:53:16 AM,540485.3114,4806409.618,Q1,Weekend,FALSE
4068,47549,18-043613,2/25/2018 12:39:00 AM,2018,2,25,0,39,Sunday,540334.4152,4805884.826,-80.501872,43.404769,Intersection,2,P.D. only,On roadway,Intersection,Dark,Regional,Sign Control,Functioning,FALSE,FALSE,FALSE,Rain,FALSE,MAX BECKER DR ; HELENA FEASBY ST; 6.5 M,1/30/2020 11:53:15 AM,540334.4152,4805884.826,Q1,Weekend,FALSE
4069,47550,18-044016,2/23/2018 9:00:00 PM,2018,2,23,21,0,Friday,544092.8436,4812695.586,-80.454907,43.465881,Non intersection,2,P.D. only,On roadway,SMV,Dark,Municipal,No control,Unknown,FALSE,FALSE,FALSE,Clear,FALSE,FORFAR AVE; FORFAR AVE,1/30/2020 11:53:14 AM,544092.8436,4812695.586,Q1,Weekend,FALSE
4070,47551,18-044037,2/24/2018 12:00:00 PM,2018,2,24,12,0,Saturday,538323.758,4807967.607,-80.526557,43.423628,Non intersection,2,P.D. only,On roadway,Intersection,Daylight,Municipal,No control,Unknown,FALSE,FALSE,FALSE,Clear,FALSE,SILVER ASPEN CRES; SILVER ASPEN CRES ; Near,1/30/2020 11:53:13 AM,538323.758,4807967.607,Q1,Weekend,FALSE
4071,47552,18-044256,2/25/2018 10:23:00 PM,2018,2,25,22,23,Sunday,541541.6549,4811467.414,-80.486538,43.454969,Non intersection,2,P.D. only,On roadway,SMV,Dark,Municipal,No control,Unknown,FALSE,FALSE,FALSE,Clear,FALSE,MARGARET AVE; QUEEN ST S; Near; 100 M,1/30/2020 11:53:12 AM,541541.6549,4811467.414,Q1,Weekend,FALSE
4072,47553,18-044457,2/26/2018 8:12:00 AM,2018,2,26,8,12,Monday,545238.1978,4808781.931,-80.441073,43.430575,Private Drive,2,P.D. only,On roadway,Intersection,Daylight,Municipal,No control,Unknown,FALSE,FALSE,FALSE,Clear,FALSE,KINGSWAY DR; KINGSWAY DR ; 1 M,1/30/2020 11:53:11 AM,545238.1978,4808781.931,Q1,Working,FALSE
4073,47554,18-045227,2/27/2018 7:57:00 AM,2018,2,27,7,57,Tuesday,544141.3108,4808845.529,-80.454619,43.431213,Intersection,2,P.D. only,On roadway,Intersection,Daylight,Municipal,Sign Control,Functioning,FALSE,FALSE,FALSE,Clear,FALSE,CONNAUGHT ST; FOURTH AVE,1/30/2020 11:53:10 AM,544141.3108,4808845.529,Q1,Working,FALSE
4074,47555,18-045654,2/26/2018 8:30:00 AM,2018,2,26,8,30,Monday,545953.9786,4803718.903,-80.432655,43.384944,Non intersection,2,P.D. only,Off roadway,SMV,Daylight,Municipal,No control,Unknown,FALSE,FALSE,FALSE,Clear,FALSE,ARMENIAN CRT; ARMENIAN CRT ; Near,1/30/2020 11:53:09 AM,545953.9786,4803718.903,Q1,Working,FALSE
4075,47556,18-045998,2/28/2018 7:54:00 AM,2018,2,28,7,54,Wednesday,542611.0171,4805879.297,-80.473757,43.404593,Intersection,2,P.D. only,On roadway,Intersection,Daylight,Municipal,Sign Control,Functioning,FALSE,FALSE,FALSE,Clear,FALSE,STRASBURG RD; MCINTYRE DR,1/30/2020 11:53:08 AM,542611.0171,4805879.297,Q1,Working,FALSE
4076,47557,18-046207,2/28/2018 12:01:00 PM,2018,2,28,12,1,Wednesday,537995.1047,4810581.549,-80.530435,43.447181,Non intersection,1,Non-fatal injury,On roadway,SMV,Daylight,Other,Signal Control,Functioning,FALSE,FALSE,FALSE,Clear,FALSE,GLASGOW ST; GLASGOW ST ; 5 M,1/30/2020 11:53:07 AM,537995.1047,4810581.55,Q1,Working,FALSE
4077,47558,18-046397,2/28/2018 3:00:00 PM,2018,2,28,15,0,Wednesday,541068,4811108,0,0,Non intersection,2,P.D. only,On roadway,SMV,Daylight,Municipal,No control,Unknown,FALSE,FALSE,FALSE,Clear,FALSE,SEABROOK DR; APPLE HILL CRES; Near,1/30/2020 11:53:06 AM,541068,4811108,Q1,Working,FALSE
4078,47559,18-046497,2/28/2018 12:45:00 PM,2018,2,28,12,45,Wednesday,544214.3677,4804804.554,-80.454044,43.394823,Private Drive,2,P.D. only,On roadway,SMV,Daylight,Municipal,No control,Unknown,FALSE,FALSE,FALSE,Clear,FALSE,CARLYLE DR; CARLYLE DR; Near,1/30/2020 11:53:05 AM,544214.3677,4804804.554,Q1,Working,FALSE
4079,47560,18-047046,2/28/2018 7:30:00 PM,2018,2,28,19,30,Wednesday,540088.0654,4806055.734,-80.504902,43.406321,Private Drive,2,P.D. only,On roadway,SMV,Dark,Municipal,No control,Unknown,FALSE,FALSE,FALSE,Clear,FALSE,COTTON GRASS ST; COTTON GRASS ST,1/30/2020 11:53:05 AM,540088.0654,4806055.735,Q1,Working,FALSE
4080,47561,18-047174,3/1/2018 1:50:00 PM,2018,3,1,13,50,Thursday,541637.8173,4805541.691,-80.485801,43.401608,Intersection,2,P.D. only,On roadway,Intersection,Daylight,Municipal,Sign Control,Functioning,FALSE,FALSE,FALSE,Clear,FALSE,TRILLIUM DR; WASHBURN DR,1/30/2020 11:53:03 AM,541637.8173,4805541.691,Q1,Weekend,FALSE
4081,47562,18-047224,2/28/2018 9:00:00 PM,2018,2,28,21,0,Wednesday,541068,4811108,0,0,Other,2,P.D. only,Off roadway,SMV,Dark,Other,No control,Unknown,FALSE,FALSE,FALSE,Clear,FALSE,LOOKOUT LANE ; JOSEPH SCHOERG; Near; 5 M,1/30/2020 11:53:02 AM,541068,4811108,Q1,Working,FALSE
4082,47563,18-047309,3/1/2018 4:44:00 PM,2018,3,1,16,44,Thursday,539832.1789,4811140.611,-80.507691,43.452119,Intersection,2,P.D. only,On roadway,Rear end,Daylight,Municipal,Signal Control,Functioning,FALSE,FALSE,FALSE,Clear,FALSE,PARK ST; DOMINION ST; At; 5 M,1/30/2020 11:53:02 AM,539832.1789,4811140.611,Q1,Weekend,FALSE
4083,47564,18-047452,2/27/2018 1:25:00 PM,2018,2,27,13,25,Tuesday,540767.5165,4811090.992,-80.496134,43.451622,Non intersection,2,P.D. only,On roadway,SMV,Daylight,Municipal,No control,Unknown,FALSE,FALSE,FALSE,Clear,FALSE,HALLS LANE W; FRANCIS ST S; Near,1/30/2020 11:53:01 AM,540767.5165,4811090.992,Q1,Working,FALSE
4084,47565,18-047477,3/1/2018 9:10:00 PM,2018,3,1,21,10,Thursday,543487.9162,4808401.674,-80.462727,43.427254,Private Drive,2,P.D. only,Off roadway,SMV,Dark,Municipal,No control,Unknown,FALSE,FALSE,FALSE,Clear,FALSE,VANIER DR; VANIER DR ; Near; 1 M,1/30/2020 11:53:00 AM,543487.9162,4808401.674,Q1,Weekend,FALSE
4085,47566,18-047553,3/1/2018 11:47:00 PM,2018,3,1,23,47,Thursday,545320.9382,4808206.648,-80.440098,43.42539,Non intersection,2,P.D. only,On roadway,Other,Dark,Municipal,No control,Unknown,FALSE,FALSE,FALSE,Snow,FALSE,KINGSWAY DR ; CEDARWOODS CRES ; Near; 75 M,1/30/2020 11:52:59 AM,545320.9382,4808206.648,Q1,Weekend,FALSE
4086,47567,18-047689,3/2/2018 8:30:00 AM,2018,3,2,8,30,Friday,538354.9457,4809789.374,-80.526043,43.44003,Intersection,2,P.D. only,On roadway,Intersection,Daylight,Municipal,Sign Control,Functioning,FALSE,FALSE,FALSE,Clear,FALSE,HAZELGLEN DR ; MOORGATE CR,1/30/2020 11:52:58 AM,538354.9457,4809789.374,Q1,Weekend,FALSE
4087,47568,18-047691,2/28/2018 8:40:00 AM,2018,2,28,8,40,Wednesday,548130.6437,4804530.924,-80.405712,43.392118,Private Drive,2,P.D. only,On roadway,Intersection,Daylight,Municipal,Sign Control,Functioning,FALSE,FALSE,FALSE,Clear,FALSE,DOON VALLEY DR; DOON VALLEY DR; At,1/30/2020 11:52:57 AM,548130.6437,4804530.924,Q1,Working,FALSE
4088,47569,18-047703,3/2/2018 8:43:00 AM,2018,3,2,8,43,Friday,541068,4811108,0,0,Intersection,2,P.D. only,On roadway,Rear end,Daylight,Municipal,Sign Control,Functioning,FALSE,FALSE,FALSE,Clear,FALSE,SEABROOK DR; APPLE HILL CRES ; At; 2 M,1/30/2020 11:52:56 AM,541068,4811108,Q1,Weekend,FALSE
4089,47570,18-047732,3/2/2018 9:25:00 AM,2018,3,2,9,25,Friday,542843.1472,4809870.932,-80.470577,43.440521,Intersection,2,P.D. only,On roadway,Other,Daylight,Regional,Sign Control,Functioning,FALSE,FALSE,FALSE,Clear,FALSE,CHARLES ST E; SYDNEY ST S; 2 M,1/30/2020 11:52:55 AM,542843.1472,4809870.932,Q1,Weekend,FALSE
4090,47571,18-047764,3/2/2018 9:05:00 AM,2018,3,2,9,5,Friday,541245.9617,4809259.921,-80.49036,43.435109,Private Drive,2,P.D. only,On roadway,Other,Daylight,Municipal,No control,Unknown,FALSE,FALSE,FALSE,Clear,FALSE,HIGHLAND RD E; HIGHLAND RD E,1/30/2020 11:52:54 AM,541245.9617,4809259.921,Q1,Weekend,FALSE
4091,47572,18-047907,3/1/2018 8:00:00 AM,2018,3,1,8,0,Thursday,539771.6548,4805457.258,-80.508853,43.400949,Non intersection,2,P.D. only,On roadway,SMV,Daylight,Municipal,No control,Unknown,FALSE,FALSE,FALSE,Clear,FALSE,DONNENWERTH DR; DONNENWERTH DR,1/30/2020 11:52:53 AM,539771.6548,4805457.258,Q1,Weekend,FALSE
4092,47573,18-048598,3/2/2018 9:30:00 PM,2018,3,2,21,30,Friday,545685.8105,4803968.491,-80.435945,43.387207,Private Drive,2,P.D. only,Off roadway,SMV,Dark,Municipal,No control,Unknown,FALSE,FALSE,FALSE,Clear,FALSE,DOON MILLS DR; DOON MILLS DR ; At; 1 M,1/30/2020 11:52:52 AM,545685.8105,4803968.492,Q1,Weekend,FALSE
4093,47574,18-048672,3/3/2018 10:30:00 AM,2018,3,3,10,30,Saturday,540595.594,4809602.447,-80.49837,43.438229,Private Drive,2,P.D. only,On roadway,SMV,Daylight,Municipal,No control,Unknown,FALSE,FALSE,FALSE,Clear,FALSE,REX DR; REX DR,1/30/2020 11:52:51 AM,540595.594,4809602.447,Q1,Weekend,FALSE
4094,47575,18-048903,3/3/2018 5:59:00 PM,2018,3,3,17,59,Saturday,540114.3757,4805794.708,-80.504596,43.403969,Private Drive,2,P.D. only,On roadway,SMV,Daylight,Municipal,No control,Unknown,FALSE,FALSE,FALSE,Clear,FALSE,MAX BECKER DR; MAX BECKER DR ; Near; 2 M,1/30/2020 11:52:50 AM,540114.3757,4805794.708,Q1,Weekend,FALSE
4095,47576,18-049336,3/4/2018 9:00:00 AM,2018,3,4,9,0,Sunday,543408.1617,4804784.389,-80.464,43.394689,Non intersection,2,P.D. only,Off roadway,SMV,Daylight,Regional,No control,Unknown,FALSE,FALSE,FALSE,Clear,FALSE,HURON RD ; STRASBURG RD ; Near; 300 M,1/30/2020 11:52:49 AM,543408.1617,4804784.389,Q1,Weekend,FALSE
4096,47577,18-049340,3/3/2018 4:10:00 PM,2018,3,3,16,10,Saturday,544794.8653,4809839.71,-80.446463,43.440125,Private Drive,2,P.D. only,On roadway,Rear end,Daylight,Municipal,No control,Unknown,FALSE,FALSE,FALSE,Clear,FALSE,FRANKLIN ST N; FRANKLIN ST N; At,1/30/2020 11:52:48 AM,544794.8653,4809839.71,Q1,Weekend,FALSE
4097,47578,18-049491,3/4/2018 1:10:00 PM,2018,3,4,13,10,Sunday,538776.8211,4808892.344,-80.520894,43.431931,Intersection,2,P.D. only,On roadway,Intersection,Daylight,Municipal,Sign Control,Functioning,FALSE,FALSE,FALSE,Clear,FALSE,OVERLEA DR; EAGEN DR,1/30/2020 11:52:48 AM,538776.8211,4808892.344,Q1,Weekend,FALSE
4098,47579,18-049943,3/5/2018 7:41:00 AM,2018,3,5,7,41,Monday,541184.2906,4810690.34,-80.491014,43.447992,Intersection,2,P.D. only,On roadway,Intersection,Daylight,Municipal,Signal Control,Functioning,FALSE,FALSE,FALSE,Clear,FALSE,QUEEN ST S; JOSEPH ST,1/30/2020 11:52:47 AM,541184.2906,4810690.34,Q1,Working,FALSE
4099,47580,18-049948,3/5/2018 7:45:00 AM,2018,3,5,7,45,Monday,541227.1055,4809296.075,-80.49059,43.435435,Intersection,2,P.D. only,On roadway,Intersection,Daylight,Municipal,Sign Control,Functioning,FALSE,FALSE,FALSE,Clear,FALSE,HIGHLAND RD E; MAUSSER AVE,1/30/2020 11:52:46 AM,541227.1055,4809296.075,Q1,Working,FALSE