,OBJECTID,ACCIDENTNUM,ACCIDENTDATE,ACCIDENT_YEAR,ACCIDENT_MONTH,ACCIDENT_DAY,ACCIDENT_HOUR,ACCIDENT_MINUTE,Accident_Day,XCOORD,YCOORD,LONGITUDE,LATITUDE,Accident_Location,COLLISIONTYPE,Accident_Type,Impact_Location,Impact_Type,Light,Road_Jurisdication,Traffic_Control,Traffic_Control_Condition,Pedestrian_Involved,Cyclist_Involved,Motorcyclist_Involved,Environment_Condition,Self_Reported,XMLIMPORTNOTES,LASTEDITEDDATE,x,y,Quarter,Day_Type,Vulnerable_Involved
4100,47581,18-050111,3/2/2018 2:30:00 PM,2018,3,2,14,30,Friday,547365.9494,4810171.01,-80.414664,43.44295,Non intersection,2,P.D. only,On roadway,Intersection,Daylight,Regional,No control,Unknown,FALSE,FALSE,FALSE,Clear,FALSE,FAIRWAY CRES; LACKNER BLVD,1/30/2020 11:52:45 AM,547365.9494,4810171.01,Q1,Weekend,FALSE
4101,47582,18-050215,3/5/2018 1:54:00 PM,2018,3,5,13,54,Monday,541817.767,4811417.588,-80.483129,43.454505,Private Drive,2,P.D. only,On roadway,Intersection,Daylight,Municipal,No control,Unknown,FALSE,FALSE,FALSE,Clear,FALSE,ELLEN ST E; ELLEN ST E; At; 2 M,1/30/2020 11:52:44 AM,541817.767,4811417.588,Q1,Working,FALSE
4102,47583,18-050256,3/5/2018 2:55:00 PM,2018,3,5,14,55,Monday,541451.1881,4812105.451,-80.487608,43.460719,Intersection,2,P.D. only,On roadway,Intersection,Daylight,Municipal,Sign Control,Functioning,FALSE,FALSE,FALSE,Clear,FALSE,ST LEGER ST; LOUISA ST,1/30/2020 11:52:43 AM,541451.1881,4812105.451,Q1,Working,FALSE
4103,47584,18-050358,3/5/2018 3:10:00 PM,2018,3,5,15,10,Monday,545822.7472,4802615.821,-80.434367,43.375019,Private Drive,2,P.D. only,On roadway,Other,Daylight,Municipal,No control,Unknown,FALSE,FALSE,FALSE,Clear,FALSE,THOMAS SLEE DR; THOMAS SLEE DR ; Near,1/30/2020 11:52:42 AM,545822.7472,4802615.821,Q1,Working,FALSE
4104,47585,18-050389,3/5/2018 1:00:00 AM,2018,3,5,1,0,Monday,542720.3534,4810985.775,-80.472007,43.450566,Private Drive,2,P.D. only,On roadway,SMV,Dark,Municipal,No control,Unknown,FALSE,FALSE,FALSE,Clear,FALSE,CAMERON ST N; CAMERON ST N; At,1/30/2020 11:52:41 AM,542720.3534,4810985.775,Q1,Working,FALSE
4105,47586,18-050834,2/26/2018 11:30:00 AM,2018,2,26,11,30,Monday,543856.7058,4811215.714,-80.457945,43.45257,Private Drive,2,P.D. only,On roadway,SMV,Daylight,Municipal,No control,Unknown,FALSE,FALSE,FALSE,Clear,FALSE,LYNDHURST DR; LYNDHURST DR,1/30/2020 11:52:40 AM,543856.7058,4811215.714,Q1,Working,FALSE
4106,47587,18-050936,3/1/2018 6:00:00 AM,2018,3,1,6,0,Thursday,545139.9351,4804742.827,-80.44262,43.394212,Private Drive,2,P.D. only,Off roadway,SMV,Daylight,Municipal,No control,Unknown,FALSE,FALSE,FALSE,Clear,FALSE,PIONEER DR; PIONEER DR ; At,1/30/2020 11:52:39 AM,545139.9351,4804742.828,Q1,Weekend,FALSE
4107,47588,18-051128,3/3/2018 11:30:00 AM,2018,3,3,11,30,Saturday,542011.0052,4810481.146,-80.480813,43.446062,Intersection,2,P.D. only,On roadway,Intersection,Daylight,Regional,Sign Control,Functioning,FALSE,FALSE,FALSE,Clear,FALSE,CAMERON ST N; KING ST E,1/30/2020 11:52:38 AM,542011.0052,4810481.146,Q1,Weekend,FALSE
4108,47589,18-051219,3/6/2018 6:30:00 PM,2018,3,6,18,30,Tuesday,545434.4825,4808344.966,-80.438684,43.426628,Intersection,2,P.D. only,On roadway,Intersection,Dark,Municipal,Sign Control,Functioning,FALSE,FALSE,FALSE,Clear,FALSE,KINGSWAY DR; CEDARWOODS CRES,1/30/2020 11:52:37 AM,545434.4825,4808344.966,Q1,Working,FALSE
4109,47590,18-051640,3/7/2018 8:50:00 AM,2018,3,7,8,50,Wednesday,537512.5044,4808316.253,-80.536554,43.426808,Non intersection,2,P.D. only,On roadway,Intersection,Daylight,Municipal,No control,Unknown,FALSE,FALSE,FALSE,Snow,FALSE,MONTANA CRES; MONTANA CRES; Near,1/30/2020 11:52:36 AM,537512.5044,4808316.253,Q1,Working,FALSE
4110,47591,18-051963,3/7/2018 5:47:00 PM,2018,3,7,17,47,Wednesday,542524.2811,4812530.905,-80.47431,43.464489,Intersection,1,Non-fatal injury,On roadway,Intersection,Daylight,Regional,Sign Control,Functioning,FALSE,FALSE,FALSE,Clear,FALSE,85 S OFF TO WELLINGTON ST N; WELLINGTON ST N,1/30/2020 11:52:35 AM,542524.2811,4812530.905,Q1,Working,FALSE
4111,47592,18-052301,3/8/2018 7:01:00 AM,2018,3,8,7,1,Thursday,541913.9858,4811637.015,-80.481923,43.456475,Intersection,1,Non-fatal injury,On roadway,Intersection,Daylight,Regional,Sign Control,Functioning,FALSE,FALSE,FALSE,Snow,FALSE,LANCASTER ST E; MANSION ST,1/30/2020 11:52:34 AM,541913.9858,4811637.015,Q1,Weekend,FALSE
4112,47593,18-052387,3/8/2018 9:07:00 AM,2018,3,8,9,7,Thursday,545485.4317,4804676.093,-80.43836,43.393591,Intersection,2,P.D. only,On roadway,Rear end,Daylight,Municipal,Sign Control,Functioning,FALSE,FALSE,FALSE,Clear,FALSE,PIONEER DR; UPPER CANADA DR ; Near; 50 M,1/30/2020 11:52:33 AM,545485.4317,4804676.093,Q1,Weekend,FALSE
4113,47594,18-052502,3/8/2018 11:00:00 AM,2018,3,8,11,0,Thursday,540096.3189,4807975.824,-80.504659,43.423609,Non intersection,2,P.D. only,Off roadway,SMV,Daylight,Municipal,No control,Unknown,FALSE,FALSE,FALSE,Clear,FALSE,SWEETBRIAR DR; SWEETBRIAR DR ; Near; 20 M,1/30/2020 11:52:33 AM,540096.3189,4807975.824,Q1,Weekend,FALSE
4114,47595,18-052736,3/8/2018 8:15:00 AM,2018,3,8,8,15,Thursday,541877.3408,4811809.239,-80.482363,43.458028,Intersection,2,P.D. only,On roadway,Rear end,Daylight,Municipal,Sign Control,Functioning,FALSE,FALSE,FALSE,Snow,FALSE,LANCASTER ST E; QUEEN ST N; Near,1/30/2020 11:52:31 AM,541877.3407,4811809.239,Q1,Weekend,FALSE
4115,47596,18-052979,3/8/2018 10:29:00 PM,2018,3,8,22,29,Thursday,539111.8485,4811655.634,-80.516557,43.456795,Intersection,1,Non-fatal injury,On roadway,Intersection,Daylight,Regional,Signal Control,Functioning,FALSE,FALSE,FALSE,Clear,FALSE,UNION BLVD; PARK ST,1/30/2020 11:52:31 AM,539111.8485,4811655.635,Q1,Weekend,FALSE
4116,47597,18-053226,3/9/2018 9:40:00 AM,2018,3,9,9,40,Friday,541183.329,4810690.334,-80.491026,43.447992,Intersection,2,P.D. only,On roadway,Rear end,Daylight,Municipal,Signal Control,Functioning,FALSE,FALSE,FALSE,Snow,FALSE,JOSEPH ST; QUEEN ST S; 5 M,1/30/2020 11:52:30 AM,541183.329,4810690.334,Q1,Weekend,FALSE
4117,47598,18-053232,3/9/2018 10:00:00 AM,2018,3,9,10,0,Friday,545718.5028,4803495.332,-80.435581,43.382945,Non intersection,2,P.D. only,On roadway,Intersection,Daylight,Municipal,No control,Unknown,FALSE,FALSE,FALSE,Snow,FALSE,PINE VALLEY DR; PINE VALLEY DR ; At; 1 M,1/30/2020 11:52:29 AM,545718.5028,4803495.332,Q1,Weekend,FALSE
4118,47599,18-053558,3/9/2018 3:45:00 PM,2018,3,9,15,45,Friday,547355.0128,4804273.831,-80.415311,43.389853,Other,2,P.D. only,Off roadway,Other,Daylight,Other,No control,Unknown,FALSE,FALSE,FALSE,Clear,FALSE,PINNACLE DR; PINNACLE DR ; At,1/30/2020 11:52:28 AM,547355.0128,4804273.831,Q1,Weekend,FALSE
4119,47600,18-053675,3/5/2018 8:21:00 PM,2018,3,5,20,21,Monday,544210.3142,4808751.121,-80.453774,43.430359,Other,2,P.D. only,Off roadway,SMV,Dark,Other,No control,Unknown,FALSE,FALSE,FALSE,Clear,FALSE,DRIVEWAY; FIFTH AVE,1/30/2020 11:52:27 AM,544210.3142,4808751.121,Q1,Working,FALSE
4120,47601,18-054268,3/10/2018 3:30:00 PM,2018,3,10,15,30,Saturday,541122.8252,4806835.795,-80.492064,43.413289,Intersection,2,P.D. only,On roadway,Other,Daylight,Municipal,Sign Control,Functioning,FALSE,FALSE,FALSE,Clear,FALSE,LAURENTIAN DR; RADCLIFFE DR,1/30/2020 11:52:26 AM,541122.8252,4806835.795,Q1,Weekend,FALSE
4121,47602,18-055025,3/11/2018 7:28:00 PM,2018,3,11,19,28,Sunday,542582.1002,4810126.092,-80.473783,43.442833,Private Drive,2,P.D. only,On roadway,Intersection,Daylight,Regional,No control,Unknown,FALSE,FALSE,FALSE,Clear,FALSE,BORDEN AVE N; KING ST E; Near; 15 M,1/30/2020 11:52:25 AM,542582.1002,4810126.092,Q1,Weekend,FALSE
4122,47603,18-056233,3/13/2018 11:34:00 AM,2018,3,13,11,34,Tuesday,539191.866,4811620.691,-80.51557,43.456476,Private Drive,2,P.D. only,On roadway,Other,Daylight,Municipal,No control,Unknown,FALSE,FALSE,FALSE,Clear,FALSE,PARK ST; PARK ST ; At; 1 M,1/30/2020 11:52:24 AM,539191.866,4811620.691,Q1,Working,FALSE
4123,47604,18-056239,3/13/2018 11:45:00 AM,2018,3,13,11,45,Tuesday,538985.7377,4811064.613,-80.518158,43.45148,Non intersection,2,P.D. only,Off roadway,SMV,Daylight,Municipal,No control,Unknown,FALSE,FALSE,FALSE,Clear,FALSE,BELMONT AVE W; GLASGOW ST ; Near; 100 M,1/30/2020 11:52:23 AM,538985.7377,4811064.613,Q1,Working,FALSE
4124,47605,18-056410,2/3/2018 6:45:00 PM,2018,2,3,18,45,Saturday,539699.5282,4810681.444,-80.509364,43.447992,Intersection,2,P.D. only,On roadway,Intersection,Dark,Municipal,No control,Unknown,FALSE,FALSE,FALSE,Snow,FALSE,GAGE AVE; WAVERLY RD,1/30/2020 11:52:22 AM,539699.5282,4810681.444,Q1,Weekend,FALSE
4125,47606,18-057300,3/14/2018 6:00:00 PM,2018,3,14,18,0,Wednesday,539338.0163,4806749.045,-80.514115,43.412603,Non intersection,2,P.D. only,On roadway,SMV,Daylight,Regional,No control,Unknown,FALSE,FALSE,FALSE,Clear,FALSE,GREY FOX DR ; GREY FOX DR ; At,1/30/2020 11:52:21 AM,539338.0163,4806749.045,Q1,Working,FALSE
4126,47607,18-057812,3/14/2018 9:15:00 PM,2018,3,14,21,15,Wednesday,539368.5028,4810477.069,-80.513469,43.446169,Private Drive,2,P.D. only,On roadway,Intersection,Dark,Municipal,No control,Unknown,FALSE,FALSE,FALSE,Clear,FALSE,BELMONT AVE W; BELMONT AVE W; At; 0 M,1/30/2020 11:52:20 AM,539368.5028,4810477.069,Q1,Working,FALSE
4127,47608,18-057937,3/15/2018 4:34:00 PM,2018,3,15,16,34,Thursday,542313.9572,4810287.891,-80.477084,43.444305,Non intersection,1,Non-fatal injury,On roadway,Rear end,Daylight,Regional,No control,Unknown,FALSE,FALSE,FALSE,Clear,FALSE,KING ST E; STIRLING AVE N; At; 15 M,1/30/2020 11:52:19 AM,542313.9572,4810287.891,Q1,Weekend,FALSE
4128,47609,18-058075,3/15/2018 8:35:00 PM,2018,3,15,20,35,Thursday,544609.4289,4809094.123,-80.448815,43.433423,Intersection,2,P.D. only,On roadway,Other,Dark,Regional,Signal Control,Functioning,FALSE,FALSE,FALSE,Clear,FALSE,KINGSWAY DR ; FRANKLIN ST S; 2 M,1/30/2020 11:52:18 AM,544609.4289,4809094.123,Q1,Weekend,FALSE
4129,47610,18-058148,3/15/2018 10:50:00 PM,2018,3,15,22,50,Thursday,543248.1756,4804517.7,-80.465996,43.392297,Intersection,2,P.D. only,On roadway,Intersection,Daylight,Regional,Sign Control,Functioning,FALSE,FALSE,FALSE,Clear,FALSE,HURON RD; STRASBURG RD; At,1/30/2020 11:52:17 AM,543248.1756,4804517.701,Q1,Weekend,FALSE
4130,47611,18-058278,3/16/2018 4:30:00 AM,2018,3,16,4,30,Friday,541348.6852,4808393.499,-80.489156,43.427302,Private Drive,2,P.D. only,Off roadway,SMV,Daylight,Municipal,No control,Unknown,FALSE,FALSE,FALSE,Snow,FALSE,AVALON PL; AVALON PL ; Near; 30 M,1/30/2020 11:52:16 AM,541348.6852,4808393.499,Q1,Weekend,FALSE
4131,47612,18-059452,3/17/2018 9:45:00 AM,2018,3,17,9,45,Saturday,540552.498,4807057.197,-80.499092,43.415313,Private Drive,2,Non-reportable,On roadway,Other,Daylight,Municipal,No control,Unknown,FALSE,FALSE,FALSE,Clear,FALSE,DUNSMERE CRT; DUNSMERE CRT,1/30/2020 11:52:15 AM,540552.498,4807057.197,Q1,Weekend,FALSE
4132,47613,18-059590,3/17/2018 2:01:00 PM,2018,3,17,14,1,Saturday,543066.2863,4809704,-80.467833,43.439005,Non intersection,2,P.D. only,Off roadway,SMV,Daylight,Municipal,No control,Unknown,FALSE,FALSE,FALSE,Clear,FALSE,FLORAL CRES; PRESTON ST ; Near; 50 M,1/30/2020 11:52:14 AM,543066.2863,4809704,Q1,Weekend,FALSE
4133,47614,18-059662,3/17/2018 12:30:00 PM,2018,3,17,12,30,Saturday,547124.1687,4808317.644,-80.417812,43.426278,Private Drive,2,P.D. only,Off roadway,SMV,Dark,Municipal,No control,Unknown,FALSE,FALSE,FALSE,Clear,FALSE,MANOR DR; MANOR DR ; Near; 5 M,1/30/2020 11:52:13 AM,547124.1687,4808317.644,Q1,Weekend,FALSE
4134,47615,18-059701,3/17/2018 2:00:00 PM,2018,3,17,14,0,Saturday,542465.9396,4810522.963,-80.475188,43.446413,Intersection,2,P.D. only,On roadway,Intersection,Daylight,Regional,Sign Control,Functioning,FALSE,FALSE,FALSE,Clear,FALSE,STIRLING AVE N; WEBER ST E,1/30/2020 11:52:13 AM,542465.9396,4810522.963,Q1,Weekend,FALSE
4135,47616,18-060965,3/17/2018 7:00:00 PM,2018,3,17,19,0,Saturday,543271.0629,4811932.42,-80.465126,43.459058,Non intersection,2,P.D. only,Off roadway,SMV,Daylight,Municipal,No control,Unknown,FALSE,FALSE,FALSE,Clear,FALSE,ETON DR; ETON DR,1/30/2020 11:52:12 AM,543271.0629,4811932.42,Q1,Weekend,FALSE
4136,47617,18-061060,3/17/2018 4:45:00 PM,2018,3,17,16,45,Saturday,540022.4642,4806737.908,-80.505662,43.412467,Private Drive,2,Non-reportable,On roadway,SMV,Daylight,Municipal,No control,Unknown,FALSE,FALSE,FALSE,Clear,FALSE,DINISON CRES; DINISON CRES,1/30/2020 11:52:11 AM,540022.4642,4806737.908,Q1,Weekend,FALSE
4137,47618,18-061136,3/17/2018 11:00:00 AM,2018,3,17,11,0,Saturday,549444.7778,4806007.237,-80.389353,43.405326,Intersection,1,Non-fatal injury,On roadway,Rear end,Daylight,Regional,Signal Control,Functioning,FALSE,FALSE,FALSE,Clear,FALSE,KING ST E; TU LANE ST,1/30/2020 11:52:10 AM,549444.7778,4806007.237,Q1,Weekend,FALSE
4138,47619,18-061751,3/18/2018 7:30:00 PM,2018,3,18,19,30,Sunday,542337.9725,4811882.911,-80.476664,43.458665,Non intersection,2,P.D. only,Off roadway,SMV,Dark,Municipal,No control,Unknown,FALSE,FALSE,FALSE,Clear,FALSE,DUNHAM AVE; DUNHAM AVE,1/30/2020 11:52:09 AM,542337.9725,4811882.911,Q1,Weekend,FALSE
4139,47620,18-061854,3/19/2018 2:45:00 PM,2018,3,19,14,45,Monday,547783.6911,4804385.723,-80.410008,43.390833,Private Drive,1,Non-fatal injury,On roadway,Intersection,Daylight,Regional,No control,Unknown,FALSE,FALSE,FALSE,Clear,FALSE,CONESTOGA COLLEGE BLVD ; DOON VALLET DRIVE KITCHENER; Near; 7 M,1/30/2020 11:52:08 AM,547783.6911,4804385.723,Q1,Working,FALSE
4140,47621,18-061933,3/19/2018 3:45:00 PM,2018,3,19,15,45,Monday,539503.6309,4810145.822,-80.511823,43.44318,Non intersection,2,P.D. only,On roadway,Intersection,Daylight,Regional,No control,Unknown,FALSE,FALSE,FALSE,Clear,FALSE,BELMONT AVE W; VICTORIA ST S,1/30/2020 11:52:07 AM,539503.6309,4810145.822,Q1,Working,FALSE
4141,47622,18-062429,3/20/2018 6:30:00 AM,2018,3,20,6,30,Tuesday,541657.111,4807894.547,-80.485384,43.422792,Private Drive,2,P.D. only,On roadway,SMV,Dark,Municipal,No control,Unknown,FALSE,FALSE,FALSE,Clear,FALSE,ROBERTS CRES; ROBERTS CRES,1/30/2020 11:52:06 AM,541657.111,4807894.547,Q1,Working,FALSE
4142,47623,18-062852,3/20/2018 3:35:00 PM,2018,3,20,15,35,Tuesday,539733.5798,4806766.938,-80.509228,43.412744,Private Drive,2,P.D. only,On roadway,Other,Daylight,Municipal,No control,Unknown,FALSE,FALSE,FALSE,Clear,FALSE,ACTIVA AVE; ACTIVA AVE,1/30/2020 11:52:05 AM,539733.5797,4806766.938,Q1,Working,FALSE
4143,47624,18-063571,5/21/2018 3:20:00 PM,2018,5,21,15,20,Monday,542111.6386,4812323.107,-80.479427,43.462642,Intersection,1,Non-fatal injury,On roadway,Intersection,Daylight,Regional,Sign Control,Functioning,FALSE,FALSE,FALSE,Clear,FALSE,WELLINGTON ST N; SPRING VALLEY RD ; At,1/30/2020 11:52:04 AM,542111.6386,4812323.107,Q2,Working,FALSE
4144,47625,18-063600,3/21/2018 8:00:00 AM,2018,3,21,8,0,Wednesday,542680.7865,4803966.576,-80.473045,43.387367,Private Drive,2,P.D. only,On roadway,SMV,Daylight,Municipal,No control,Unknown,FALSE,FALSE,FALSE,Clear,FALSE,CRANSHAW ST; CRANSHAW ST; Near,1/30/2020 11:52:03 AM,542680.7865,4803966.576,Q1,Working,FALSE
4145,47626,18-063690,3/21/2018 5:41:00 PM,2018,3,21,17,41,Wednesday,538220.1195,4806515.443,-80.527938,43.410558,Intersection,1,Non-fatal injury,On roadway,Intersection,Daylight,Municipal,Sign Control,Functioning,FALSE,FALSE,FALSE,Clear,FALSE,PROSPERITY DR; FOXGLOVE CRES,1/30/2020 11:52:02 AM,538220.1195,4806515.443,Q1,Working,FALSE
4146,47627,18-065046,3/23/2018 11:06:00 AM,2018,3,23,11,6,Friday,541495.9113,4810152.564,-80.487204,43.443132,Non intersection,1,Non-fatal injury,Off roadway,SMV,Daylight,Regional,No control,Unknown,FALSE,FALSE,FALSE,Clear,FALSE,CEDAR ST S; COURTLAND AVE E; Near; 43 M,1/30/2020 11:52:01 AM,541495.9113,4810152.564,Q1,Weekend,FALSE
4147,47628,18-065354,3/23/2018 6:19:00 PM,2018,3,23,18,19,Friday,542065.423,4810447.741,-80.480143,43.445758,Private Drive,2,P.D. only,On roadway,Intersection,Daylight,Regional,No control,Unknown,FALSE,FALSE,FALSE,Clear,FALSE,KING ST E; KING ST E; 0 M,1/30/2020 11:52:00 AM,542065.423,4810447.741,Q1,Weekend,FALSE
4148,47629,18-066139,3/24/2018 5:46:00 PM,2018,3,24,17,46,Saturday,539112.8246,4811655.201,-80.516545,43.456791,Intersection,2,P.D. only,On roadway,Intersection,Daylight,Municipal,Signal Control,Functioning,FALSE,FALSE,FALSE,Clear,FALSE,UNION BLVD ; PARK  ST,1/30/2020 11:51:59 AM,539112.8246,4811655.201,Q1,Weekend,FALSE
4149,47630,18-066605,3/24/2018 4:30:00 PM,2018,3,24,16,30,Saturday,545095.3336,4810850.111,-80.442667,43.449205,Non intersection,2,P.D. only,On roadway,Intersection,Daylight,Municipal,No control,Unknown,FALSE,FALSE,FALSE,Clear,FALSE,RIVER RD E; HOLBORN DR; Near; 50 M,1/30/2020 11:51:59 AM,545095.3336,4810850.111,Q1,Weekend,FALSE
4150,47631,18-066607,3/25/2018 5:30:00 AM,2018,3,25,5,30,Sunday,539607.5618,4811882.129,-80.510413,43.458808,Private Drive,2,P.D. only,On roadway,SMV,Dark,Municipal,No control,Unknown,FALSE,FALSE,FALSE,Clear,FALSE,PINE ST ; PINE ST ; At; 0 M,1/30/2020 11:51:58 AM,539607.5618,4811882.129,Q1,Weekend,FALSE
4151,47632,18-066627,3/24/2018 12:45:00 PM,2018,3,24,12,45,Saturday,538682.5305,4805531.502,-80.522297,43.401675,Private Drive,2,P.D. only,On roadway,Other,Daylight,Municipal,No control,Unknown,FALSE,FALSE,FALSE,Clear,FALSE,ISAIAH DR; ISAIAH DR ; Near; 3 M,1/30/2020 11:51:57 AM,538682.5305,4805531.502,Q1,Weekend,FALSE
4152,47633,18-067179,3/26/2018 7:06:00 AM,2018,3,26,7,6,Monday,540113.6727,4809363.456,-80.504342,43.436103,Private Drive,1,Non-fatal injury,Off roadway,SMV,Daylight,Municipal,No control,Unknown,TRUE,FALSE,FALSE,Clear,FALSE,QUEENS BLVD ; QUEENS BLVD ; At; 1 M,1/30/2020 11:51:56 AM,540113.6727,4809363.456,Q1,Working,FALSE
4153,47634,18-067334,3/25/2018 12:30:00 PM,2018,3,25,12,30,Sunday,545433.0461,4808343.998,-80.438702,43.42662,Private Drive,2,Non-reportable,On roadway,Intersection,Daylight,Municipal,No control,Unknown,FALSE,FALSE,FALSE,Clear,FALSE,CEDARWOODS CRES; KINGSWAY DR ; Near; 10 M,1/30/2020 11:51:55 AM,545433.0461,4808343.998,Q1,Weekend,FALSE
4154,47635,18-067335,3/26/2018 9:26:00 AM,2018,3,26,9,26,Monday,545146.182,4807123.5,-80.442347,43.415648,Intersection,2,P.D. only,On roadway,Intersection,Daylight,Municipal,Sign Control,Functioning,FALSE,FALSE,FALSE,Clear,FALSE,GOODRICH DR; WILSON AVE ; 1 M,1/30/2020 11:51:54 AM,545146.182,4807123.5,Q1,Working,FALSE
4155,47636,18-067378,3/26/2018 10:00:00 AM,2018,3,26,10,0,Monday,545293.7587,4803388.128,-80.440833,43.382005,Other,2,P.D. only,Off roadway,Other,Daylight,Other,No control,Unknown,FALSE,FALSE,FALSE,Clear,FALSE,FOREST CREEK DR; FOREST CREEK DR ; 1 M,1/30/2020 11:51:53 AM,545293.7587,4803388.128,Q1,Working,FALSE
4156,47637,18-068134,3/26/2018 1:00:00 AM,2018,3,26,1,0,Monday,544936.1826,4811345.323,-80.444593,43.453673,Non intersection,2,P.D. only,On roadway,SMV,Dark,Municipal,No control,Unknown,FALSE,FALSE,FALSE,Clear,FALSE,BRECKENRIDGE DR; BRECKENRIDGE DR; Near,1/30/2020 11:51:52 AM,544936.1826,4811345.323,Q1,Working,FALSE
4157,47638,18-068179,3/26/2018 4:00:00 PM,2018,3,26,16,0,Monday,541789.0207,4810797.68,-80.483532,43.448925,Intersection,2,P.D. only,On roadway,Intersection,Daylight,Municipal,Sign Control,Functioning,FALSE,FALSE,FALSE,Clear,FALSE,DUKE ST E; EBY ST N,1/30/2020 11:51:51 AM,541789.0207,4810797.68,Q1,Working,FALSE
4158,47639,18-068426,3/27/2018 3:15:00 PM,2018,3,27,15,15,Tuesday,544184.2956,4807689.869,-80.454182,43.420805,Private Drive,2,P.D. only,On roadway,SMV,Daylight,Municipal,No control,Unknown,FALSE,FALSE,FALSE,Rain,FALSE,TRAYNOR AVE; TRAYNOR AVE; At,1/30/2020 11:51:50 AM,544184.2956,4807689.869,Q1,Working,FALSE
4159,47640,18-068542,3/27/2018 5:20:00 PM,2018,3,27,17,20,Tuesday,542141.3856,4807090.752,-80.479463,43.415528,Private Drive,2,P.D. only,On roadway,Intersection,Daylight,Regional,No control,Unknown,FALSE,FALSE,FALSE,Rain,FALSE,BLOCK LINE RD ; STRASBURG RD; At,1/30/2020 11:51:49 AM,542141.3856,4807090.752,Q1,Working,FALSE
4160,47641,18-069361,3/27/2018 8:45:00 AM,2018,3,27,8,45,Tuesday,542469.0099,4807218.174,-80.475407,43.416657,Private Drive,2,P.D. only,On roadway,Intersection,Daylight,Municipal,No control,Unknown,FALSE,FALSE,FALSE,Rain,FALSE,COUNTRY HILL DR; COUNTRY HILL DR,1/30/2020 11:51:48 AM,542469.0099,4807218.175,Q1,Working,FALSE
4161,47642,18-070016,3/29/2018 12:12:00 PM,2018,3,29,12,12,Thursday,545099.5617,4807759.395,-80.44287,43.421376,Private Drive,2,P.D. only,On roadway,Intersection,Daylight,Municipal,No control,Unknown,FALSE,FALSE,FALSE,Rain,FALSE,WILSON AVE; WILSON AVE ; At; 1 M,1/30/2020 11:51:47 AM,545099.5617,4807759.395,Q1,Weekend,FALSE
4162,47643,18-070017,3/29/2018 12:15:00 PM,2018,3,29,12,15,Thursday,540736.7153,4811136.404,-80.496512,43.452033,Other,2,P.D. only,On roadway,Rear end,Daylight,Municipal,No control,Unknown,FALSE,FALSE,FALSE,Rain,FALSE,FRANCIS ST S; KING ST W; 32 M,1/30/2020 11:51:47 AM,540736.7153,4811136.404,Q1,Weekend,FALSE
4163,47644,18-070277,3/29/2018 4:20:00 PM,2018,3,29,16,20,Thursday,541229.6803,4810750.071,-80.490448,43.448527,Intersection,2,P.D. only,On roadway,Intersection,Daylight,Municipal,Sign Control,Functioning,FALSE,FALSE,FALSE,Rain,FALSE,QUEEN ST S; CHURCH ST,1/30/2020 11:51:46 AM,541229.6803,4810750.071,Q1,Weekend,FALSE
4164,47645,18-071499,3/7/2018 11:00:00 AM,2018,3,7,11,0,Wednesday,541068,4811108,0,0,Private Drive,2,P.D. only,On roadway,Intersection,Daylight,Municipal,No control,Unknown,FALSE,FALSE,FALSE,Clear,FALSE,CAROLINE; CAROLINE; At; 10 M,1/30/2020 11:51:45 AM,541068,4811108,Q1,Working,FALSE
4165,47646,18-071540,3/29/2018 9:30:00 AM,2018,3,29,9,30,Thursday,541613.1084,4810899.512,-80.485698,43.449851,Non intersection,2,P.D. only,On roadway,Intersection,Daylight,Municipal,No control,Unknown,FALSE,FALSE,FALSE,Other,FALSE,DUKE ST E; SCOTT ST; Near,1/30/2020 11:51:43 AM,541613.1084,4810899.512,Q1,Weekend,FALSE
4166,47647,18-072551,4/1/2018 8:21:00 PM,2018,4,1,20,21,Sunday,542406.2938,4806614.353,-80.476228,43.411223,Intersection,2,P.D. only,On roadway,Rear end,Dark,Municipal,Sign Control,Functioning,FALSE,FALSE,FALSE,Clear,FALSE,STRASBURG RD; OLD COUNTRY DR; Near; 20 M,1/30/2020 11:51:43 AM,542406.2938,4806614.353,Q2,Weekend,FALSE
4167,47648,18-072816,4/2/2018 8:20:00 AM,2018,4,2,8,20,Monday,541257.7966,4812529.43,-80.489966,43.464547,Intersection,2,P.D. only,On roadway,Intersection,Daylight,Municipal,Sign Control,Functioning,FALSE,FALSE,FALSE,Clear,FALSE,ST LEGER ST; GUELPH ST,1/30/2020 11:51:42 AM,541257.7966,4812529.43,Q2,Working,FALSE
4168,47649,18-072841,3/9/2018 10:30:00 AM,2018,3,9,10,30,Friday,541068,4811108,0,0,Non intersection,2,Non-reportable,On roadway,SMV,Daylight,Municipal,No control,Unknown,FALSE,FALSE,FALSE,Snow,FALSE,VALLEYSCAPE DR; VALLEYSCAPE DR; Near,1/30/2020 11:51:41 AM,541068,4811108,Q1,Weekend,FALSE
4169,47650,18-072937,4/1/2018 10:00:00 AM,2018,4,1,10,0,Sunday,545757.6992,4803930.813,-80.43506,43.386864,Private Drive,2,P.D. only,On roadway,SMV,Daylight,Municipal,No control,Unknown,FALSE,FALSE,FALSE,Clear,FALSE,APPLE RIDGE DR; APPLE RIDGE DR,1/30/2020 11:51:40 AM,545757.6992,4803930.813,Q2,Weekend,FALSE
4170,47651,18-073068,4/2/2018 1:00:00 AM,2018,4,2,1,0,Monday,541068,4811108,0,0,Non intersection,2,P.D. only,On roadway,SMV,Dark,Municipal,No control,Unknown,FALSE,FALSE,FALSE,Clear,FALSE,NETHERWOOD RD; NETHERWOOD RD; At,1/30/2020 11:51:39 AM,541068,4811108,Q2,Working,FALSE
4171,47652,18-074683,4/4/2018 2:11:00 PM,2018,4,4,14,11,Wednesday,543073.8146,4812800.98,-80.467496,43.46689,Intersection,1,Non-fatal injury,Off roadway,SMV,Daylight,Municipal,Signal Control,Functioning,FALSE,FALSE,FALSE,Clear,FALSE,WELLINGTON ST N; RIVERBEND DR,1/30/2020 11:51:38 AM,543073.8146,4812800.98,Q2,Working,FALSE