,OBJECTID,ACCIDENTNUM,ACCIDENTDATE,ACCIDENT_YEAR,ACCIDENT_MONTH,ACCIDENT_DAY,ACCIDENT_HOUR,ACCIDENT_MINUTE,Accident_Day,XCOORD,YCOORD,LONGITUDE,LATITUDE,Accident_Location,COLLISIONTYPE,Accident_Type,Impact_Location,Impact_Type,Light,Road_Jurisdication,Traffic_Control,Traffic_Control_Condition,Pedestrian_Involved,Cyclist_Involved,Motorcyclist_Involved,Environment_Condition,Self_Reported,XMLIMPORTNOTES,LASTEDITEDDATE,x,y,Quarter,Day_Type,Vulnerable_Involved
4172,47653,18-074839,4/4/2018 1:30:00 PM,2018,4,4,13,30,Wednesday,541068,4811108,0,0,Private Drive,2,P.D. only,Off roadway,SMV,Daylight,Municipal,No control,Unknown,FALSE,FALSE,FALSE,Other,FALSE,WORDSWORTH PL; WORDSWORTH PL ; At,1/30/2020 11:51:37 AM,541068,4811108,Q2,Working,FALSE
4173,47654,18-074925,4/4/2018 4:40:00 PM,2018,4,4,16,40,Wednesday,542629.6088,4803998.753,-80.473674,43.38766,Intersection,1,Non-fatal injury,On roadway,Intersection,Daylight,Municipal,Sign Control,Functioning,FALSE,FALSE,FALSE,Clear,FALSE,HURON RD; CRANSHAW ST,1/30/2020 11:51:36 AM,542629.6088,4803998.753,Q2,Working,FALSE
4174,47655,18-075563,4/5/2018 3:34:00 PM,2018,4,5,15,34,Thursday,543799.8865,4805041.786,-80.459142,43.396984,Non intersection,2,P.D. only,On roadway,SMV,Daylight,Municipal,No control,Unknown,FALSE,FALSE,FALSE,Clear,FALSE,OLD HURON RD; BATTLER RD ; 250 M,1/30/2020 11:51:35 AM,543799.8865,4805041.786,Q2,Weekend,FALSE
4175,47656,18-075617,4/5/2018 4:52:00 PM,2018,4,5,16,52,Thursday,543074.8565,4812800.833,-80.467483,43.466888,Intersection,2,P.D. only,On roadway,Rear end,Daylight,Municipal,Signal Control,Functioning,FALSE,FALSE,FALSE,Clear,FALSE,RIVERBEND DR; WELLINGTON ST N; Near; 75 M,1/30/2020 11:51:34 AM,543074.8565,4812800.833,Q2,Weekend,FALSE
4176,47657,18-075619,4/5/2018 4:54:00 PM,2018,4,5,16,54,Thursday,544463.2317,4810706.392,-80.45049,43.447949,Private Drive,2,P.D. only,On roadway,Intersection,Daylight,Municipal,No control,Unknown,FALSE,FALSE,FALSE,Clear,FALSE,FRANKLIN ST N; FRANKLIN ST N; 5 M,1/30/2020 11:51:33 AM,544463.2317,4810706.392,Q2,Weekend,FALSE
4177,47658,18-075629,4/5/2018 5:11:00 PM,2018,4,5,17,11,Thursday,541117.299,4813863.781,-80.491602,43.476569,Non intersection,2,P.D. only,Off roadway,SMV,Daylight,Municipal,No control,Unknown,FALSE,FALSE,FALSE,Clear,FALSE,LANG CRES; SPRINGDALE DR; Near; 15 M,1/30/2020 11:51:32 AM,541117.299,4813863.781,Q2,Weekend,FALSE
4178,47659,18-076043,4/6/2018 7:57:00 AM,2018,4,6,7,57,Friday,539870.0338,4810633.831,-80.50726,43.447554,Intersection,2,P.D. only,On roadway,Intersection,Daylight,Municipal,Sign Control,Functioning,FALSE,FALSE,FALSE,Snow,FALSE,CHERRY ST; STRANGE ST,1/30/2020 11:51:31 AM,539870.0338,4810633.831,Q2,Weekend,FALSE
4179,47660,18-076059,4/6/2018 8:10:00 AM,2018,4,6,8,10,Friday,543247.2131,4804517.694,-80.466008,43.392297,Intersection,2,P.D. only,On roadway,SMV,Daylight,Municipal,Sign Control,Functioning,FALSE,FALSE,FALSE,Snow,FALSE,HURON RD ; STRASBURG RD ; Near; 20 M,1/30/2020 11:51:30 AM,543247.2131,4804517.694,Q2,Weekend,FALSE
4180,47661,18-076085,4/6/2018 8:20:00 AM,2018,4,6,8,20,Friday,542626.7091,4804000.653,-80.47371,43.387677,Intersection,2,P.D. only,Off roadway,SMV,Daylight,Regional,Sign Control,Functioning,FALSE,FALSE,FALSE,Snow,FALSE,HURON RD; CRANSHAW ST; 18 M,1/30/2020 11:51:29 AM,542626.7091,4804000.653,Q2,Weekend,FALSE
4181,47662,18-076128,4/6/2018 8:44:00 AM,2018,4,6,8,44,Friday,541916.6272,4811618.072,-80.481892,43.456304,Intersection,1,Non-fatal injury,On roadway,Rear end,Daylight,Municipal,Sign Control,Functioning,FALSE,FALSE,FALSE,Snow,FALSE,LANCASTER ST E; MANSION ST ; Near; 5 M,1/30/2020 11:51:28 AM,541916.6272,4811618.072,Q2,Weekend,FALSE
4182,47663,18-076197,4/6/2018 9:20:00 AM,2018,4,6,9,20,Friday,540569.7685,4812712.658,-80.498458,43.466234,Intersection,2,P.D. only,Off roadway,SMV,Daylight,Municipal,Sign Control,Functioning,FALSE,FALSE,FALSE,Snow,FALSE,MARGARET AVE S; UNION ST E; At; 10 M,1/30/2020 11:51:28 AM,540569.7685,4812712.658,Q2,Weekend,FALSE
4183,47664,18-076209,4/6/2018 9:40:00 AM,2018,4,6,9,40,Friday,541726.6599,4810509.546,-80.484325,43.446334,Non intersection,2,P.D. only,Off roadway,SMV,Daylight,Municipal,No control,Unknown,FALSE,FALSE,FALSE,Snow,FALSE,CEDAR ST S; CEDAR ST S; Near; 8 M,1/30/2020 11:51:27 AM,541726.6599,4810509.547,Q2,Weekend,FALSE
4184,47665,18-076238,4/6/2018 9:20:00 AM,2018,4,6,9,20,Friday,541945.9434,4810961.161,-80.48158,43.450388,Non intersection,2,P.D. only,On roadway,Rear end,Daylight,Other,Sign Control,Functioning,FALSE,FALSE,FALSE,Snow,FALSE,LANCASTER ST E; BRUBACHER ST ; Near,2/19/2019 2:08:42 PM,541945.9434,4810961.161,Q2,Weekend,FALSE
4185,47666,18-076248,4/6/2018 10:20:00 AM,2018,4,6,10,20,Friday,541633.7833,4811413.683,-80.485404,43.45448,Intersection,2,P.D. only,On roadway,Rear end,Daylight,Municipal,Signal Control,Functioning,FALSE,FALSE,FALSE,Snow,FALSE,QUEEN ST N; MARGARET AVE,1/30/2020 11:51:25 AM,541633.7833,4811413.683,Q2,Weekend,FALSE
4186,47667,18-076261,4/6/2018 8:40:00 AM,2018,4,6,8,40,Friday,543067.9838,4807435.279,-80.467991,43.418577,Intersection,2,P.D. only,On roadway,Rear end,Daylight,Regional,Sign Control,Functioning,FALSE,FALSE,FALSE,Snow,FALSE,BLOCK LINE RD; FALLOWFIELD DR,1/30/2020 11:51:24 AM,543067.9838,4807435.279,Q2,Weekend,FALSE
4187,47668,18-076324,4/6/2018 9:10:00 AM,2018,4,6,9,10,Friday,542812.9094,4808127.21,-80.471088,43.424822,Intersection,2,P.D. only,On roadway,Intersection,Daylight,Municipal,Sign Control,Functioning,FALSE,FALSE,FALSE,Snow,FALSE,HAYWARD AVE; HANSON AVE; At,1/30/2020 11:51:23 AM,542812.9094,4808127.21,Q2,Weekend,FALSE
4188,47669,18-076352,4/6/2018 1:02:00 PM,2018,4,6,13,2,Friday,543405.8855,4812190.193,-80.463439,43.461371,Private Drive,1,Non-fatal injury,On roadway,Intersection,Daylight,Regional,No control,Unknown,FALSE,FALSE,FALSE,Snow,FALSE,FREDERICK ST; FREDERICK ST ; At; 3 M,1/30/2020 11:51:22 AM,543405.8855,4812190.193,Q2,Weekend,FALSE
4189,47670,18-076356,4/6/2018 8:00:00 AM,2018,4,6,8,0,Friday,537234.3123,4806789.35,-80.540095,43.413074,Non intersection,2,P.D. only,On roadway,SMV,Daylight,Municipal,No control,Unknown,FALSE,FALSE,FALSE,Snow,FALSE,YELLOW BIRCH DR; DRIFTWOOD DR; Near; 50 M,1/30/2020 11:51:21 AM,537234.3123,4806789.35,Q2,Weekend,FALSE
4190,47671,18-076413,4/6/2018 8:40:00 AM,2018,4,6,8,40,Friday,541916.0539,4811616.73,-80.481899,43.456292,Non intersection,2,P.D. only,On roadway,Rear end,Daylight,Other,No control,Unknown,FALSE,FALSE,FALSE,Snow,FALSE,LANCASTER ST E; MANSION ST; Near,2/19/2019 2:08:41 PM,541916.0539,4811616.73,Q2,Weekend,FALSE
4191,47672,18-076454,4/6/2018 3:21:00 PM,2018,4,6,15,21,Friday,544760.6756,4811448.414,-80.446754,43.454612,Intersection,2,P.D. only,On roadway,Other,Daylight,Municipal,Signal Control,Functioning,FALSE,FALSE,FALSE,Clear,FALSE,HICKSON DR; RIVER RD E,1/30/2020 11:51:21 AM,544760.6756,4811448.414,Q2,Weekend,FALSE
4192,47673,18-076475,4/6/2018 8:00:00 AM,2018,4,6,8,0,Friday,543570.5734,4804971.488,-80.461979,43.396364,Intersection,1,Non-fatal injury,On roadway,Rear end,Daylight,Regional,Signal Control,Functioning,FALSE,FALSE,FALSE,Snow,FALSE,HURON RD; BATTLER RD,1/30/2020 11:51:20 AM,543570.5734,4804971.488,Q2,Weekend,FALSE
4193,47674,18-076495,4/6/2018 2:20:00 PM,2018,4,6,14,20,Friday,542942.4696,4811341.083,-80.469234,43.453752,Intersection,2,Non-reportable,On roadway,Rear end,Daylight,Municipal,Sign Control,Functioning,FALSE,FALSE,FALSE,Clear,FALSE,KRUG ST; DUMFRIES AVE; Near; 15 M,1/30/2020 11:51:19 AM,542942.4696,4811341.083,Q2,Weekend,FALSE
4194,47675,18-076560,4/6/2018 5:21:00 PM,2018,4,6,17,21,Friday,543073.8891,4812801.785,-80.467495,43.466897,Non intersection,2,P.D. only,On roadway,Rear end,Daylight,Regional,No control,Unknown,FALSE,FALSE,FALSE,Snow,FALSE,WELLINGTON ST N; RIVERBEND DR ; Near; 2 M,1/30/2020 11:51:17 AM,543073.8891,4812801.785,Q2,Weekend,FALSE
4195,47676,18-076591,4/6/2018 8:50:00 AM,2018,4,6,8,50,Friday,540570.2621,4812710.505,-80.498452,43.466215,Intersection,2,Non-reportable,On roadway,Rear end,Daylight,Municipal,Sign Control,Functioning,FALSE,FALSE,FALSE,Snow,FALSE,MARGARET AVE; UNION ST; At,1/30/2020 11:51:17 AM,540570.2621,4812710.505,Q2,Weekend,FALSE
4196,47677,18-076624,4/6/2018 4:45:00 PM,2018,4,6,16,45,Friday,540340.1638,4811080.495,-80.501417,43.451551,Private Drive,2,P.D. only,On roadway,Intersection,Daylight,Municipal,No control,Unknown,FALSE,FALSE,FALSE,Clear,FALSE,JOSEPH ST; JOSEPH ST ; At,1/30/2020 11:51:16 AM,540340.1638,4811080.495,Q2,Weekend,FALSE
4197,47678,18-076803,4/6/2018 10:53:00 PM,2018,4,6,22,53,Friday,544976.6775,4807893.119,-80.444377,43.422587,Private Drive,2,P.D. only,On roadway,Rear end,Dusk,Municipal,Other,Functioning,FALSE,FALSE,FALSE,Snow,FALSE,WILSON AVE; WILSON AVE ; 0 M,1/30/2020 11:51:15 AM,544976.6775,4807893.119,Q2,Weekend,FALSE
4198,47679,18-076983,4/7/2018 7:15:00 AM,2018,4,7,7,15,Saturday,539686.9692,4811407.753,-80.509466,43.454532,Intersection,2,P.D. only,Off roadway,SMV,Daylight,Municipal,Signal Control,Functioning,FALSE,FALSE,FALSE,Clear,FALSE,GLASGOW ST ; GRUHN ST ; 25 M,1/30/2020 11:51:14 AM,539686.9692,4811407.753,Q2,Weekend,FALSE
4199,47680,18-077120,4/7/2018 9:00:00 AM,2018,4,7,9,0,Saturday,540570.7457,4812710.029,-80.498446,43.466211,Non intersection,2,P.D. only,Off roadway,SMV,Daylight,Municipal,No control,Unknown,FALSE,FALSE,FALSE,Other,FALSE,MARGARET AVE ; UNION ST E; At; 3 M,1/30/2020 11:51:13 AM,540570.7457,4812710.029,Q2,Weekend,FALSE
4200,47681,18-078604,4/8/2018 11:15:00 AM,2018,4,8,11,15,Sunday,540788.9737,4809066.672,-80.496021,43.433394,Private Drive,2,P.D. only,On roadway,Other,Daylight,Regional,No control,Unknown,FALSE,FALSE,FALSE,Clear,FALSE,STIRLING AVE S; STIRLING AVE S,1/30/2020 11:51:12 AM,540788.9737,4809066.672,Q2,Weekend,FALSE
4201,47682,18-078894,4/9/2018 4:30:00 PM,2018,4,9,16,30,Monday,536913.3319,4808268.031,-80.54396,43.426404,Private Drive,2,P.D. only,On roadway,SMV,Daylight,Municipal,No control,Unknown,FALSE,FALSE,FALSE,Clear,FALSE,BANKSIDE DR; BANKSIDE DR; At,1/30/2020 11:51:11 AM,536913.3319,4808268.031,Q2,Working,FALSE
4202,47683,18-079316,4/9/2018 3:10:00 PM,2018,4,9,15,10,Monday,545456.0526,4804567.185,-80.438732,43.392612,Non intersection,2,P.D. only,On roadway,Intersection,Daylight,Municipal,No control,Unknown,FALSE,FALSE,FALSE,Clear,FALSE,BECHTEL DR; BECHTEL DR,1/30/2020 11:51:10 AM,545456.0526,4804567.185,Q2,Working,FALSE
4203,47684,18-079370,4/10/2018 10:24:00 AM,2018,4,10,10,24,Tuesday,546109.8465,4804415.937,-80.430672,43.39121,Non intersection,2,P.D. only,On roadway,SMV,Dark,Municipal,No control,Unknown,FALSE,FALSE,FALSE,Clear,FALSE,OLD CARRIAGE DR; OLD CARRIAGE DR ; Near; 22 M,1/30/2020 11:51:09 AM,546109.8465,4804415.937,Q2,Working,FALSE
4204,47685,18-079536,4/10/2018 2:24:00 PM,2018,4,10,14,24,Tuesday,543888.7467,4810919.857,-80.457573,43.449905,Non intersection,2,P.D. only,Off roadway,SMV,Daylight,Municipal,No control,Unknown,FALSE,FALSE,FALSE,Clear,FALSE,MANCHESTER RD; MANCHESTER RD ; At; 1 M,1/30/2020 11:51:08 AM,543888.7467,4810919.857,Q2,Working,FALSE
4205,47686,18-079553,4/10/2018 2:50:00 PM,2018,4,10,14,50,Tuesday,539698.8142,4811083.626,-80.509343,43.451613,Intersection,2,P.D. only,On roadway,Intersection,Daylight,Municipal,Sign Control,Functioning,FALSE,FALSE,FALSE,Clear,FALSE,STRANGE ST; DOMINION ST,1/30/2020 11:51:07 AM,539698.8142,4811083.626,Q2,Working,FALSE
4206,47687,18-079587,4/10/2018 3:30:00 PM,2018,4,10,15,30,Tuesday,543160.6366,4812079.181,-80.466479,43.460386,Intersection,2,P.D. only,On roadway,Rear end,Daylight,Municipal,Sign Control,Functioning,FALSE,FALSE,FALSE,Clear,FALSE,FREDERICK ST; ETHEL ST; Near; 10 M,1/30/2020 11:51:06 AM,543160.6366,4812079.181,Q2,Working,FALSE
4207,47688,18-079619,2/28/2018 4:30:00 PM,2018,2,28,16,30,Wednesday,539748.0115,4811232.387,-80.508724,43.45295,Private Drive,2,P.D. only,On roadway,Other,Daylight,Municipal,No control,Unknown,FALSE,FALSE,FALSE,Clear,FALSE,PARK ST; PARK ST; At; 0 M,1/30/2020 11:51:05 AM,539748.0115,4811232.387,Q1,Working,FALSE
4208,47689,18-080220,4/11/2018 11:30:00 AM,2018,4,11,11,30,Wednesday,547241.8357,4808369.874,-80.416354,43.426741,Private Drive,2,P.D. only,On roadway,SMV,Daylight,Municipal,No control,Unknown,FALSE,FALSE,FALSE,Rain,FALSE,LEWIS CRES; LEWIS CRES,1/30/2020 11:51:04 AM,547241.8357,4808369.874,Q2,Working,FALSE
4209,47690,18-080738,4/12/2018 5:51:00 AM,2018,4,12,5,51,Thursday,549119.2258,4806321.333,-80.393345,43.408175,Intersection,2,P.D. only,On roadway,Intersection,Dark,Other,Sign Control,Functioning,FALSE,FALSE,FALSE,Clear,FALSE,HELDMANN RD; 50 SPORTSWORLD CROSSING RD,1/30/2020 11:51:03 AM,549119.2258,4806321.333,Q2,Weekend,FALSE
4210,47691,18-081006,4/11/2018 8:06:00 AM,2018,4,11,8,6,Wednesday,543096.2904,4804781.783,-80.467851,43.394683,Private Drive,2,P.D. only,On roadway,Intersection,Daylight,Municipal,No control,Unknown,FALSE,FALSE,FALSE,Clear,FALSE,STRASBURG RD; STRASBURG RD ; 1 M,1/30/2020 11:51:02 AM,543096.2904,4804781.783,Q2,Working,FALSE
4211,47692,18-081026,4/11/2018 5:00:00 PM,2018,4,11,17,0,Wednesday,541068,4811108,0,0,Non intersection,2,P.D. only,On roadway,SMV,Dusk,Municipal,No control,Unknown,FALSE,FALSE,FALSE,Clear,FALSE,RIVERTRAIL AVE; RIVERTRAIL AVE ; Near,1/30/2020 11:51:01 AM,541068,4811108,Q2,Working,FALSE
4212,47693,18-081061,4/12/2018 2:10:00 PM,2018,4,12,14,10,Thursday,542230.3759,4807935.096,-80.478299,43.423125,Private Drive,2,P.D. only,On roadway,Other,Daylight,Municipal,No control,Unknown,FALSE,FALSE,FALSE,Clear,FALSE,ALPINE COURT; ALPINE COURT; Near; 1 M,1/30/2020 11:51:00 AM,542230.3758,4807935.096,Q2,Weekend,FALSE
4213,47694,18-081123,4/12/2018 3:25:00 PM,2018,4,12,15,25,Thursday,538752.0232,4808939.405,-80.521197,43.432356,Non intersection,1,Non-fatal injury,On roadway,SMV,Daylight,Municipal,No control,Unknown,TRUE,FALSE,FALSE,Clear,FALSE,EAGEN DR; EAGEN DR; Near; 10 M,1/30/2020 11:50:59 AM,538752.0232,4808939.405,Q2,Weekend,FALSE
4214,47695,18-081196,4/12/2018 3:15:00 PM,2018,4,12,15,15,Thursday,538619.1037,4807227.664,-80.52296,43.41695,Private Drive,2,P.D. only,On roadway,Other,Daylight,Municipal,No control,Unknown,FALSE,FALSE,FALSE,Clear,FALSE,GLEN LAKE CRES; GLEN LAKE CRES; At,1/30/2020 11:50:58 AM,538619.1037,4807227.664,Q2,Weekend,FALSE
4215,47696,18-081233,4/12/2018 5:10:00 PM,2018,4,12,17,10,Thursday,541068,4811108,0,0,Private Drive,2,P.D. only,Off roadway,Other,Daylight,Other,No control,Unknown,FALSE,FALSE,FALSE,Clear,FALSE,BLUE LACE CRES; BLUE LACE CRES,1/30/2020 11:50:57 AM,541068,4811108,Q2,Weekend,FALSE
4216,47697,18-081260,4/12/2018 5:30:00 PM,2018,4,12,17,30,Thursday,545170.8982,4804576.554,-80.442252,43.392713,Intersection,2,P.D. only,On roadway,Rear end,Daylight,Municipal,Sign Control,Functioning,FALSE,FALSE,FALSE,Clear,FALSE,DOON VILLAGE RD; HARVEST CRT,1/30/2020 11:50:56 AM,545170.8982,4804576.554,Q2,Weekend,FALSE
4217,47698,18-081617,4/13/2018 9:30:00 AM,2018,4,13,9,30,Friday,542521.3843,4812529.21,-80.474346,43.464474,Non intersection,2,P.D. only,On roadway,Rear end,Daylight,Regional,Signal Control,Functioning,FALSE,FALSE,FALSE,Clear,FALSE,WELLINGTON ST N; 85 S OFF TO WELLINGTON ST N,1/30/2020 11:50:55 AM,542521.3843,4812529.21,Q2,Weekend,FALSE
4218,47699,18-082359,4/14/2018 3:47:00 AM,2018,4,14,3,47,Saturday,543129.3011,4809992.468,-80.467032,43.441599,Non intersection,2,P.D. only,Off roadway,SMV,Daylight,Municipal,Sign Control,Functioning,FALSE,FALSE,FALSE,Rain,FALSE,SYDNEY ST N; ROSEDALE AVE; Near; 75 M,1/30/2020 11:50:55 AM,543129.3011,4809992.468,Q2,Weekend,FALSE
4219,47700,18-082620,4/14/2018 2:19:00 PM,2018,4,14,14,19,Saturday,543944.3565,4809150.627,-80.457028,43.433971,Non intersection,1,Non-fatal injury,On roadway,Intersection,Daylight,Municipal,No control,Unknown,FALSE,FALSE,FALSE,Rain,FALSE,FIRST AVE; ECKERT ST; At; 4 M,1/30/2020 11:50:53 AM,543944.3565,4809150.627,Q2,Weekend,FALSE
4220,47701,18-082621,4/14/2018 2:21:00 PM,2018,4,14,14,21,Saturday,539990.4939,4811358.642,-80.505718,43.454074,Intersection,2,P.D. only,On roadway,Intersection,Daylight,Municipal,Sign Control,Functioning,FALSE,FALSE,FALSE,Rain,FALSE,AGNES ST ; WALTER ST,1/30/2020 11:50:52 AM,539990.4939,4811358.642,Q2,Weekend,FALSE
4221,47702,18-083004,4/15/2018 2:43:00 AM,2018,4,15,2,43,Sunday,543141.5615,4809725.19,-80.466901,43.439191,Non intersection,2,P.D. only,On roadway,Rear end,Dark,Regional,No control,Unknown,FALSE,FALSE,FALSE,Snow,FALSE,CHARLES ST E; PRESTON ST ; Near; 100 M,1/30/2020 11:50:51 AM,543141.5615,4809725.19,Q2,Weekend,FALSE
4222,47703,18-083125,4/14/2018 1:15:00 PM,2018,4,14,13,15,Saturday,540274.5197,4811745.036,-80.502179,43.457538,Private Drive,2,Non-reportable,On roadway,SMV,Daylight,Municipal,No control,Unknown,FALSE,FALSE,FALSE,Rain,FALSE,BRIAR AVE; BRIAR AVE; Near,1/30/2020 11:50:51 AM,540274.5197,4811745.036,Q2,Weekend,FALSE
4223,47704,18-083368,4/15/2018 5:44:00 PM,2018,4,15,17,44,Sunday,539044.3835,4808744.869,-80.517599,43.430589,Non intersection,2,P.D. only,Off roadway,SMV,Daylight,Municipal,No control,Unknown,FALSE,FALSE,FALSE,Snow,FALSE,QUEENS BLVD; SILVERSPRING CRES; Near; 3 M,1/30/2020 11:50:50 AM,539044.3835,4808744.869,Q2,Weekend,FALSE
4224,47705,18-083425,4/15/2018 7:08:00 PM,2018,4,15,19,8,Sunday,544720.0055,4809743.618,-80.447396,43.439265,Non intersection,2,P.D. only,On roadway,SMV,Daylight,Municipal,No control,Unknown,FALSE,FALSE,FALSE,Rain,FALSE,FRANKLIN ST N; TRAFALGAR AVE ; Near; 100 M,1/30/2020 11:50:49 AM,544720.0055,4809743.618,Q2,Weekend,FALSE
4225,47706,18-083476,4/15/2018 8:29:00 PM,2018,4,15,20,29,Sunday,546145.741,4802616.962,-80.43038,43.37501,Non intersection,1,Non-fatal injury,On roadway,Intersection,Dark,Municipal,No control,Unknown,FALSE,FALSE,FALSE,Rain,FALSE,THOMAS SLEE DR ; SOUTHRIDGE DR ; 100 M,1/30/2020 11:50:48 AM,546145.741,4802616.962,Q2,Weekend,FALSE
4226,47707,18-083485,4/15/2018 8:54:00 PM,2018,4,15,20,54,Sunday,543128.4216,4808280.673,-80.467178,43.426186,Non intersection,2,P.D. only,Off roadway,SMV,Dark,Regional,No control,Unknown,FALSE,FALSE,FALSE,Rain,FALSE,HAYWARD AVE ; HANSON AVE ; 350 M,1/30/2020 11:50:47 AM,543128.4216,4808280.673,Q2,Weekend,FALSE
4227,47708,18-084025,4/16/2018 2:58:00 PM,2018,4,16,14,58,Monday,544611.7889,4809092.147,-80.448786,43.433405,Intersection,1,Non-fatal injury,On roadway,Intersection,Daylight,Municipal,Signal Control,Functioning,FALSE,FALSE,FALSE,Clear,FALSE,FRANKLIN ST S; KINGSWAY DR,1/30/2020 11:50:46 AM,544611.7889,4809092.147,Q2,Working,FALSE
4228,47709,18-084194,4/16/2018 7:23:00 PM,2018,4,16,19,23,Monday,542014.6589,4809135.095,-80.480872,43.433942,Non intersection,2,P.D. only,Off roadway,SMV,Dark,Regional,No control,Unknown,FALSE,FALSE,FALSE,Clear,FALSE,PATTANDON AVE; PATTANDON AVE ; At; 3 M,1/30/2020 11:50:45 AM,542014.6589,4809135.095,Q2,Working,FALSE
4229,47710,18-084482,4/17/2018 8:28:00 AM,2018,4,17,8,28,Tuesday,547676.604,4810855.234,-80.410766,43.449091,Non intersection,2,P.D. only,On roadway,SMV,Daylight,Municipal,No control,Unknown,FALSE,FALSE,FALSE,Clear,FALSE,VENTURIN ST; PEBBLECREEK DR; 1 M,1/30/2020 11:50:44 AM,547676.604,4810855.234,Q2,Working,FALSE
4230,47711,18-084878,4/6/2018 10:00:00 PM,2018,4,6,22,0,Friday,545227.9057,4810891.829,-80.441025,43.449573,Non intersection,2,P.D. only,On roadway,SMV,Dark,Municipal,No control,Unknown,FALSE,FALSE,FALSE,Clear,FALSE,HOLBORN CRT ; HOLBORN DR ; 10 M,1/30/2020 11:50:43 AM,545227.9057,4810891.83,Q2,Weekend,FALSE
4231,47712,18-085480,4/14/2018 4:15:00 PM,2018,4,14,16,15,Saturday,547875.4372,4804560.022,-80.40886,43.392397,Non intersection,2,P.D. only,Off roadway,SMV,Daylight,Municipal,No control,Unknown,FALSE,FALSE,FALSE,Snow,FALSE,ORCHARD MILL CRES; ORCHARD MILL CRES,1/30/2020 11:50:42 AM,547875.4372,4804560.022,Q2,Weekend,FALSE
4232,47713,18-085512,4/18/2018 2:40:00 PM,2018,4,18,14,40,Wednesday,540970.9579,4810154.468,-80.49369,43.443179,Non intersection,2,P.D. only,Off roadway,SMV,Daylight,Municipal,No control,Unknown,FALSE,FALSE,FALSE,Clear,FALSE,MILL ST; QUEEN ST S; Near; 150 M,1/30/2020 11:50:41 AM,540970.9579,4810154.469,Q2,Working,FALSE
4233,47714,18-085638,4/18/2018 5:22:00 PM,2018,4,18,17,22,Wednesday,539746.2383,4805758.083,-80.509145,43.403659,Intersection,2,P.D. only,Off roadway,SMV,Daylight,Municipal,Sign Control,Functioning,FALSE,FALSE,FALSE,Clear,FALSE,LEMONBALM ST; MAX BECKER DR; Near; 20 M,1/30/2020 11:50:40 AM,539746.2383,4805758.083,Q2,Working,FALSE
4234,47715,18-085674,4/18/2018 6:09:00 PM,2018,4,18,18,9,Wednesday,542448.3933,4807283.716,-80.475656,43.417248,Intersection,2,P.D. only,On roadway,Intersection,Daylight,Municipal,Sign Control,Functioning,FALSE,FALSE,FALSE,Clear,FALSE,BLOCK LINE RD; COUNTRY HILL DR,1/30/2020 11:50:39 AM,542448.3933,4807283.716,Q2,Working,FALSE
4235,47716,18-086152,4/18/2018 7:00:00 PM,2018,4,18,19,0,Wednesday,543980.1745,4803814.349,-80.457015,43.385921,Private Drive,2,P.D. only,On roadway,SMV,Daylight,Regional,No control,Unknown,FALSE,FALSE,FALSE,Clear,FALSE,BIEHN DR; BIEHN DR; At,1/30/2020 11:50:39 AM,543980.1745,4803814.349,Q2,Working,FALSE
4236,47717,18-086356,4/19/2018 11:45:00 AM,2018,4,19,11,45,Thursday,542145.5746,4807085.922,-80.479412,43.415484,Private Drive,2,P.D. only,On roadway,Intersection,Daylight,Regional,No control,Unknown,FALSE,FALSE,FALSE,Clear,FALSE,STRASBURG RD; STRASBURG RD; At,1/30/2020 11:50:38 AM,542145.5746,4807085.922,Q2,Weekend,FALSE
4237,47718,18-086408,4/19/2018 10:00:00 AM,2018,4,19,10,0,Thursday,537292.5404,4810047.014,-80.539154,43.442403,Private Drive,2,P.D. only,Off roadway,SMV,Daylight,Regional,No control,Unknown,FALSE,FALSE,FALSE,Clear,FALSE,WESTWOOD DR; WESTWOOD DR,1/30/2020 11:50:37 AM,537292.5404,4810047.014,Q2,Weekend,FALSE
4238,47719,18-086818,4/19/2018 1:15:00 PM,2018,4,19,13,15,Thursday,538682.4104,4805339.323,-80.522312,43.399944,Private Drive,2,P.D. only,On roadway,SMV,Daylight,Municipal,No control,Unknown,FALSE,FALSE,FALSE,Clear,FALSE,ISAIAH DR; ISAIAH DR,1/30/2020 11:50:36 AM,538682.4104,4805339.323,Q2,Weekend,FALSE
4239,47720,18-086909,4/20/2018 12:00:00 AM,2018,4,20,0,0,Friday,536331.9112,4809426.04,-80.551066,43.436859,Private Drive,2,P.D. only,On roadway,Other,Dark,Regional,No control,Unknown,FALSE,FALSE,FALSE,Clear,FALSE,BEECHMANOR CRES ; BEECHMANOR CRES ; Near; 4 M,1/30/2020 11:50:35 AM,536331.9112,4809426.04,Q2,Weekend,FALSE
4240,47721,18-086987,4/20/2018 8:00:00 AM,2018,4,20,8,0,Friday,539188.762,4810149.702,-80.515714,43.443231,Private Drive,2,Non-reportable,On roadway,SMV,Daylight,Municipal,No control,Unknown,FALSE,FALSE,FALSE,Clear,FALSE,LAWRENCE AVE; LAWRENCE AVE; At,1/30/2020 11:50:35 AM,539188.762,4810149.702,Q2,Weekend,FALSE
4241,47722,18-087247,4/20/2018 5:30:00 PM,2018,4,20,17,30,Friday,547513.7955,4811402.214,-80.41273,43.454027,Private Drive,2,Non-reportable,On roadway,Other,Daylight,Municipal,No control,Unknown,FALSE,FALSE,FALSE,Clear,FALSE,ZELLER DR; ZELLER DR,1/30/2020 11:50:33 AM,547513.7955,4811402.214,Q2,Weekend,FALSE
4242,47723,18-087607,4/21/2018 7:15:00 AM,2018,4,21,7,15,Saturday,544098.9729,4804677.163,-80.455479,43.393683,Private Drive,2,P.D. only,On roadway,SMV,Daylight,Municipal,No control,Unknown,FALSE,FALSE,FALSE,Clear,FALSE,BIEHN DR; BIEHN DR ; Near; 1 M,1/30/2020 11:50:33 AM,544098.9729,4804677.163,Q2,Weekend,FALSE