,OBJECTID,ACCIDENTNUM,ACCIDENTDATE,ACCIDENT_YEAR,ACCIDENT_MONTH,ACCIDENT_DAY,ACCIDENT_HOUR,ACCIDENT_MINUTE,Accident_Day,XCOORD,YCOORD,LONGITUDE,LATITUDE,Accident_Location,COLLISIONTYPE,Accident_Type,Impact_Location,Impact_Type,Light,Road_Jurisdication,Traffic_Control,Traffic_Control_Condition,Pedestrian_Involved,Cyclist_Involved,Motorcyclist_Involved,Environment_Condition,Self_Reported,XMLIMPORTNOTES,LASTEDITEDDATE,x,y,Quarter,Day_Type,Vulnerable_Involved
4243,47724,18-087650,4/20/2018 5:30:00 PM,2018,4,20,17,30,Friday,541068,4811108,0,0,Private Drive,2,P.D. only,On roadway,SMV,Daylight,Municipal,No control,Unknown,FALSE,FALSE,FALSE,Clear,FALSE,CROSSWINDS DR; CROSSWINDS DR,1/30/2020 11:50:32 AM,541068,4811108,Q2,Weekend,FALSE
4244,47725,18-087715,4/21/2018 10:35:00 AM,2018,4,21,10,35,Saturday,543129.1286,4812067.395,-80.46687,43.460281,Non intersection,2,P.D. only,On roadway,Rear end,Daylight,Regional,No control,Unknown,FALSE,FALSE,FALSE,Clear,FALSE,FREDERICK ST; FREDERICK ST ; Near; 5 M,1/30/2020 11:50:31 AM,543129.1286,4812067.396,Q2,Weekend,FALSE
4245,47726,18-087798,4/20/2018 7:00:00 PM,2018,4,20,19,0,Friday,541336.0733,4810880.131,-80.489124,43.449692,Non intersection,2,P.D. only,On roadway,Intersection,Daylight,Regional,No control,Unknown,FALSE,FALSE,FALSE,Clear,FALSE,QUEEN ST S; QUEEN ST S,1/30/2020 11:50:30 AM,541336.0733,4810880.131,Q2,Weekend,FALSE
4246,47727,18-087809,4/21/2018 1:09:00 PM,2018,4,21,13,9,Saturday,543937.1133,4806605.955,-80.457322,43.411059,Private Drive,1,Non-fatal injury,On roadway,Rear end,Daylight,Municipal,No control,Unknown,FALSE,FALSE,FALSE,Clear,FALSE,FALLOWFIELD DR ; BLEAMS RD; 2 M,1/30/2020 11:50:29 AM,543937.1133,4806605.955,Q2,Weekend,FALSE
4247,47728,18-087829,4/21/2018 9:30:00 AM,2018,4,21,9,30,Saturday,545150.2441,4813078.193,-80.441804,43.469263,Private Drive,2,P.D. only,On roadway,SMV,Daylight,Municipal,No control,Unknown,FALSE,FALSE,FALSE,Clear,FALSE,SUNRISE PL; SUNRISE PL,1/30/2020 11:50:28 AM,545150.2441,4813078.193,Q2,Weekend,FALSE
4248,47729,18-087889,4/21/2018 2:57:00 PM,2018,4,21,14,57,Saturday,539566.3601,4811424.816,-80.510955,43.454692,Intersection,2,Non-reportable,On roadway,Rear end,Daylight,Municipal,Sign Control,Functioning,FALSE,FALSE,FALSE,Clear,FALSE,GREEN ST ; PARK ST ; At; 5 M,1/30/2020 11:50:27 AM,539566.3601,4811424.816,Q2,Weekend,FALSE
4249,47730,18-087891,4/21/2018 12:15:00 PM,2018,4,21,12,15,Saturday,539939.9588,4806561.117,-80.506694,43.410879,Private Drive,2,Non-reportable,On roadway,SMV,Daylight,Municipal,No control,Unknown,FALSE,FALSE,FALSE,Clear,FALSE,BUSH CLOVER CRES; BUSH CLOVER CRES; At,1/30/2020 11:50:26 AM,539939.9588,4806561.117,Q2,Weekend,FALSE
4250,47731,18-087934,4/21/2018 3:52:00 PM,2018,4,21,15,52,Saturday,549462.5783,4806106.04,-80.389124,43.406214,Private Drive,1,Non-fatal injury,On roadway,Intersection,Daylight,Regional,No control,Unknown,FALSE,FALSE,FALSE,Clear,FALSE,TU LANE ST ; KING ST. E; Near; 100 M,1/30/2020 11:50:25 AM,549462.5783,4806106.04,Q2,Weekend,FALSE
4251,47732,18-088473,4/22/2018 11:07:00 AM,2018,4,22,11,7,Sunday,545247.8834,4812108.804,-80.440677,43.460529,Private Drive,1,Non-fatal injury,On roadway,Intersection,Daylight,Municipal,No control,Unknown,FALSE,FALSE,FALSE,Clear,FALSE,LORRAINE AVE; LORRAINE AVE ; 3 M,1/30/2020 11:50:24 AM,545247.8834,4812108.804,Q2,Weekend,FALSE
4252,47733,18-088531,4/22/2018 12:39:00 PM,2018,4,22,12,39,Sunday,541068,4811108,0,0,Private Drive,2,P.D. only,Off roadway,SMV,Daylight,Municipal,No control,Unknown,FALSE,FALSE,FALSE,Clear,FALSE,KINGSWOOD DR; KINGSWOOD DR ; At; 15 M,1/30/2020 11:50:24 AM,541068,4811108,Q2,Weekend,FALSE
4253,47734,18-088689,4/22/2018 3:56:00 PM,2018,4,22,15,56,Sunday,541068,4811108,0,0,Private Drive,2,P.D. only,On roadway,Intersection,Daylight,Municipal,No control,Unknown,FALSE,FALSE,FALSE,Clear,FALSE,QUEENS BLVD; QUEENS BLVD ; 2 M,1/30/2020 11:50:23 AM,541068,4811108,Q2,Weekend,FALSE
4254,47735,18-088786,4/22/2018 6:27:00 PM,2018,4,22,18,27,Sunday,543440.9181,4811580.93,-80.463055,43.455883,Non intersection,1,Non-fatal injury,Off roadway,SMV,Daylight,Municipal,No control,Unknown,FALSE,FALSE,TRUE,Clear,FALSE,KRUG ST; ETON DR ; 4 M,1/30/2020 11:50:22 AM,543440.9181,4811580.93,Q2,Weekend,TRUE
4255,47736,18-089093,4/23/2018 8:30:00 AM,2018,4,23,8,30,Monday,541271.6989,4810716.769,-80.489932,43.448225,Private Drive,2,Non-reportable,On roadway,Other,Daylight,Municipal,No control,Unknown,FALSE,FALSE,FALSE,Clear,FALSE,CHURCH ST ; CHURCH ST,1/30/2020 11:50:21 AM,541271.6989,4810716.769,Q2,Working,FALSE
4256,47737,18-089130,4/23/2018 7:10:00 AM,2018,4,23,7,10,Monday,541068,4811108,0,0,Other,2,P.D. only,Off roadway,SMV,Daylight,Other,No control,Unknown,FALSE,FALSE,FALSE,Clear,FALSE,GAS PUMPS LOT; STRASBURG RD ; At,1/30/2020 11:50:20 AM,541068,4811108,Q2,Working,FALSE
4257,47738,18-089627,4/23/2018 1:00:00 PM,2018,4,23,13,0,Monday,540356.3574,4809215.867,-80.501355,43.434761,Non intersection,2,P.D. only,On roadway,SMV,Daylight,Municipal,No control,Unknown,FALSE,FALSE,FALSE,Clear,FALSE,BELMONT AVE E; BELMONT AVE E; At,1/30/2020 11:50:19 AM,540356.3574,4809215.867,Q2,Working,FALSE
4258,47739,18-089936,4/24/2018 8:34:00 AM,2018,4,24,8,34,Tuesday,546171.6063,4814123.784,-80.429088,43.478615,Non intersection,1,Non-fatal injury,Off roadway,SMV,Daylight,Municipal,No control,Unknown,FALSE,FALSE,FALSE,Clear,FALSE,SHIRLEY DR; SHIRLEY DR ; At; 20 M,1/30/2020 11:50:18 AM,546171.6063,4814123.784,Q2,Working,FALSE
4259,47740,18-090072,4/24/2018 11:49:00 AM,2018,4,24,11,49,Tuesday,543777.6125,4805442.947,-80.459385,43.400597,Private Drive,2,P.D. only,On roadway,Intersection,Daylight,Municipal,No control,Unknown,FALSE,FALSE,FALSE,Clear,FALSE,TRILLIUM DR; TRILLIUM DR ; At; 1 M,1/30/2020 11:50:17 AM,543777.6125,4805442.947,Q2,Working,FALSE
4260,47741,18-090300,4/24/2018 4:40:00 PM,2018,4,24,16,40,Tuesday,542314.9189,4810287.897,-80.477072,43.444305,Intersection,1,Non-fatal injury,On roadway,Intersection,Daylight,Municipal,Signal Control,Functioning,FALSE,FALSE,FALSE,Clear,FALSE,STIRLING AVE N; KING ST E,1/30/2020 11:50:16 AM,542314.9189,4810287.897,Q2,Working,FALSE
4261,47742,18-090996,4/25/2018 3:00:00 PM,2018,4,25,15,0,Wednesday,541817.0008,4811728.578,-80.483115,43.457305,Non intersection,2,P.D. only,Off roadway,SMV,Daylight,Municipal,No control,Unknown,FALSE,FALSE,FALSE,Rain,FALSE,QUEEN ST N; LANCASTER ST W; Near; 120 M,1/30/2020 11:50:15 AM,541817.0008,4811728.578,Q2,Working,FALSE
4262,47743,18-091038,4/25/2018 2:05:00 PM,2018,4,25,14,5,Wednesday,543570.1136,4804977.587,-80.461985,43.396419,Intersection,2,P.D. only,On roadway,Rear end,Daylight,Regional,Signal Control,Functioning,FALSE,FALSE,FALSE,Rain,FALSE,BATTLER RD; HURON RD; Near,1/30/2020 11:50:14 AM,543570.1136,4804977.587,Q2,Working,FALSE
4263,47744,18-091051,4/25/2018 4:15:00 PM,2018,4,25,16,15,Wednesday,546553.3554,4808668.711,-80.424834,43.429475,Private Drive,1,Non-fatal injury,On roadway,Intersection,Daylight,Municipal,No control,Unknown,FALSE,FALSE,FALSE,Rain,FALSE,PEPPERWOOD CRES; PEPPERWOOD CRES; At; 1 M,1/30/2020 11:50:14 AM,546553.3554,4808668.711,Q2,Working,FALSE
4264,47745,18-091068,4/25/2018 12:25:00 PM,2018,4,25,12,25,Wednesday,540215.5692,4810757.82,-80.502981,43.448652,Non intersection,2,P.D. only,On roadway,Rear end,Daylight,Regional,No control,Unknown,FALSE,FALSE,FALSE,Rain,FALSE,PARK ST; PARK ST; Near,1/30/2020 11:50:12 AM,540215.5692,4810757.82,Q2,Working,FALSE
4265,47746,18-091108,4/25/2018 4:30:00 PM,2018,4,25,16,30,Wednesday,544388.4923,4806570.654,-80.45175,43.410715,Private Drive,2,P.D. only,On roadway,Intersection,Daylight,Municipal,No control,Unknown,FALSE,FALSE,FALSE,Clear,FALSE,OTONABEE DR; OTONABEE DR; At; 0 M,1/30/2020 11:50:11 AM,544388.4923,4806570.655,Q2,Working,FALSE
4266,47747,18-091126,4/25/2018 6:19:00 PM,2018,4,25,18,19,Wednesday,540025.5947,4805773.808,-80.505694,43.403786,Private Drive,1,Non-fatal injury,On roadway,Intersection,Daylight,Regional,No control,Unknown,FALSE,FALSE,FALSE,Clear,FALSE,MAX BECKER DR; MAX BECKER DR ; Near; 8 M,1/30/2020 11:50:10 AM,540025.5947,4805773.809,Q2,Working,FALSE
4267,47748,18-091205,4/25/2018 8:45:00 PM,2018,4,25,20,45,Wednesday,543376.0982,4807671.862,-80.464167,43.42069,Non intersection,2,P.D. only,On roadway,SMV,Dark,Municipal,No control,Unknown,FALSE,FALSE,FALSE,Clear,FALSE,BLOCK LINE RD; LENNOX LEWIS WAY ; 100 M,1/30/2020 11:50:10 AM,543376.0982,4807671.863,Q2,Working,FALSE
4268,47749,18-091329,4/26/2018 2:19:00 AM,2018,4,26,2,19,Thursday,536753.6657,4807770.727,-80.545966,43.421934,Non intersection,2,P.D. only,Off roadway,SMV,Dark,Municipal,No control,Unknown,FALSE,FALSE,FALSE,Clear,FALSE,ROLLING MEADOWS DR ; ROLLING MEADOWS DR ; Near; 6 M,1/30/2020 11:50:08 AM,536753.6657,4807770.727,Q2,Weekend,FALSE
4269,47750,18-091420,4/26/2018 8:18:00 AM,2018,4,26,8,18,Thursday,544077.5613,4811908.119,-80.455159,43.458792,Non intersection,1,Non-fatal injury,On roadway,Intersection,Daylight,Regional,No control,Unknown,FALSE,TRUE,FALSE,Clear,FALSE,RIVER RD E; MANCHESTER RD; Near; 40 M,1/30/2020 11:50:07 AM,544077.5613,4811908.119,Q2,Weekend,FALSE
4270,47751,18-091778,4/26/2018 3:30:00 PM,2018,4,26,15,30,Thursday,539744.3079,4805758.588,-80.509169,43.403664,Intersection,2,P.D. only,On roadway,Intersection,Daylight,Regional,Sign Control,Functioning,FALSE,FALSE,FALSE,Clear,FALSE,MAX BECKER DR; LEMONBALM ST,1/30/2020 11:50:06 AM,539744.3079,4805758.588,Q2,Weekend,FALSE
4271,47752,18-091809,4/26/2018 2:00:00 PM,2018,4,26,14,0,Thursday,539080.0846,4807931.668,-80.517216,43.423265,Private Drive,2,P.D. only,On roadway,SMV,Daylight,Municipal,No control,Unknown,FALSE,FALSE,FALSE,Clear,FALSE,UPLANDS DR; UPLANDS DR; At; 0 M,1/30/2020 11:50:05 AM,539080.0846,4807931.668,Q2,Weekend,FALSE
4272,47753,18-092324,4/27/2018 9:00:00 AM,2018,4,27,9,0,Friday,540245.6727,4809922.146,-80.50267,43.441126,Non intersection,2,P.D. only,On roadway,SMV,Daylight,Other,No control,Unknown,FALSE,FALSE,FALSE,Clear,FALSE,WEST AVE; HIGHLAND RD W; Near; 50 M,2/19/2019 2:08:39 PM,540245.6727,4809922.146,Q2,Weekend,FALSE
4273,47754,18-093286,4/28/2018 9:30:00 AM,2018,4,28,9,30,Saturday,539730.7197,4805626.748,-80.509346,43.402477,Private Drive,2,P.D. only,On roadway,Intersection,Daylight,Municipal,No control,Unknown,FALSE,FALSE,FALSE,Clear,FALSE,DONNENWERTH DR; DONNENWERTH DR ; 1 M,1/30/2020 11:50:04 AM,539730.7197,4805626.748,Q2,Weekend,FALSE
4274,47755,18-093390,4/28/2018 6:00:00 AM,2018,4,28,6,0,Saturday,544004.3591,4809033.785,-80.456296,43.432916,Non intersection,2,P.D. only,Off roadway,SMV,Dawn,Regional,No control,Unknown,FALSE,FALSE,FALSE,Clear,FALSE,SECOND AVE; SECOND AVE,1/30/2020 11:50:03 AM,544004.3591,4809033.785,Q2,Weekend,FALSE
4275,47756,18-094314,4/29/2018 4:48:00 PM,2018,4,29,16,48,Sunday,541068,4811108,0,0,Other,1,Non-fatal injury,Off roadway,SMV,Daylight,Other,No control,Unknown,FALSE,FALSE,FALSE,Clear,FALSE,PRIVATE PROPERTY; ROSEMOUNT DR ; At; 36 M,1/30/2020 11:50:03 AM,541068,4811108,Q2,Weekend,FALSE
4276,47757,18-094712,4/29/2018 12:00:00 PM,2018,4,29,12,0,Sunday,539349.2671,4809159.398,-80.513802,43.434306,Non intersection,2,P.D. only,On roadway,SMV,Daylight,Municipal,No control,Unknown,FALSE,FALSE,TRUE,Clear,FALSE,OVERLEA DR; OVERLEA DR; Near,1/30/2020 11:50:01 AM,539349.2671,4809159.398,Q2,Weekend,TRUE
4277,47758,18-094772,4/27/2018 4:00:00 PM,2018,4,27,16,0,Friday,546063.9523,4809492.02,-80.430811,43.436918,Intersection,1,Non-fatal injury,On roadway,SMV,Daylight,Regional,Signal Control,Functioning,TRUE,FALSE,FALSE,Clear,FALSE,RIVER RD E; KINZIE AVE,1/30/2020 11:50:00 AM,546063.9523,4809492.02,Q2,Weekend,FALSE
4278,47759,18-094790,4/29/2018 5:30:00 PM,2018,4,29,17,30,Sunday,543060.9645,4810389.716,-80.467845,43.445179,Non intersection,2,P.D. only,On roadway,SMV,Daylight,Municipal,No control,Unknown,FALSE,FALSE,FALSE,Clear,FALSE,EAST AVE; EAST AVE; Near,1/30/2020 11:49:59 AM,543060.9645,4810389.716,Q2,Weekend,FALSE
4279,47760,18-094796,4/30/2018 11:00:00 AM,2018,4,30,11,0,Monday,542035.7356,4810132.646,-80.480534,43.442923,Non intersection,1,Non-fatal injury,On roadway,Intersection,Daylight,Municipal,No control,Unknown,FALSE,FALSE,FALSE,Clear,FALSE,STIRLING AVE S; STIRLING AVE S; At; 110 M,1/30/2020 11:49:58 AM,542035.7356,4810132.646,Q2,Working,FALSE
4280,47761,18-094858,4/30/2018 9:50:00 AM,2018,4,30,9,50,Monday,538209.1152,4808767.512,-80.527917,43.430836,Private Drive,2,P.D. only,On roadway,Intersection,Daylight,Regional,No control,Unknown,FALSE,FALSE,FALSE,Clear,FALSE,QUEENS BLVD; 875 HIGHLAND RD W; Near,1/30/2020 11:49:57 AM,538209.1152,4808767.512,Q2,Working,FALSE
4281,47762,18-094868,4/21/2018 3:00:00 PM,2018,4,21,15,0,Saturday,540977.3043,4808915.839,-80.493705,43.432025,Private Drive,2,P.D. only,On roadway,SMV,Daylight,Municipal,No control,Unknown,FALSE,FALSE,FALSE,Clear,FALSE,GOTTSCHEER CRT; GOTTSCHEER CRT; At,1/30/2020 11:49:56 AM,540977.3043,4808915.839,Q2,Weekend,FALSE
4282,47763,18-095184,4/30/2018 6:00:00 PM,2018,4,30,18,0,Monday,539617.3727,4811373.899,-80.510329,43.454231,Intersection,2,P.D. only,On roadway,Other,Daylight,Municipal,Signal Control,Functioning,FALSE,FALSE,FALSE,Clear,FALSE,GLASGOW ST; PARK ST; 16 M,1/30/2020 11:49:55 AM,539617.3727,4811373.899,Q2,Working,FALSE
4283,47764,18-096177,5/1/2018 5:30:00 PM,2018,5,1,17,30,Tuesday,542146.371,4814331.151,-80.478842,43.48072,Non intersection,1,Non-fatal injury,On roadway,Rear end,Daylight,Regional,No control,Unknown,FALSE,FALSE,FALSE,Clear,FALSE,BRIDGE ST E; TYSON DR; Near; 100 M,1/30/2020 11:49:54 AM,542146.371,4814331.151,Q2,Working,FALSE
4284,47765,18-096197,5/1/2018 6:00:00 PM,2018,5,1,18,0,Tuesday,546223.7569,4810167.148,-80.428779,43.442987,Private Drive,2,P.D. only,Off roadway,SMV,Daylight,Regional,No control,Unknown,FALSE,FALSE,FALSE,Clear,FALSE,DAIMLER DR; DAIMLER DR,1/30/2020 11:49:53 AM,546223.7569,4810167.148,Q2,Working,FALSE
4285,47766,18-096212,5/1/2018 7:16:00 PM,2018,5,1,19,16,Tuesday,540551.3796,4807889.714,-80.499044,43.422809,Non intersection,2,P.D. only,Off roadway,SMV,Daylight,Municipal,No control,Unknown,FALSE,FALSE,FALSE,Clear,FALSE,CHANDLER DR; CHANDLER DR ; Near; 10 M,1/30/2020 11:49:52 AM,540551.3796,4807889.714,Q2,Working,FALSE
4286,47767,18-096232,5/1/2018 5:45:00 PM,2018,5,1,17,45,Tuesday,543469.3158,4809528.162,-80.462867,43.437398,Intersection,2,P.D. only,Off roadway,SMV,Daylight,Municipal,Sign Control,Functioning,FALSE,FALSE,FALSE,Clear,FALSE,ROCKWAY DR; ROCKWAY DR ; At,1/30/2020 11:49:51 AM,543469.3158,4809528.162,Q2,Working,FALSE
4287,47768,18-096834,5/1/2018 12:00:00 PM,2018,5,1,12,0,Tuesday,540026.0139,4808523.643,-80.505487,43.428546,Non intersection,2,P.D. only,On roadway,SMV,Daylight,Municipal,No control,Unknown,FALSE,FALSE,FALSE,Clear,FALSE,GREENBROOK DR; GREENBROOK DR ; Near,1/30/2020 11:49:51 AM,540026.0139,4808523.643,Q2,Working,FALSE
4288,47769,18-097136,5/2/2018 6:04:00 PM,2018,5,2,18,4,Wednesday,544815.9671,4809775.881,-80.446208,43.439549,Non intersection,2,P.D. only,Off roadway,Intersection,Daylight,Regional,No control,Unknown,FALSE,FALSE,FALSE,Clear,FALSE,FRANKLIN ST N; TRAFALGAR AVE; 20 M,1/30/2020 11:49:50 AM,544815.9671,4809775.881,Q2,Working,FALSE
4289,47770,18-097207,5/1/2018 8:00:00 PM,2018,5,1,20,0,Tuesday,541390.0407,4806897.997,-80.488759,43.413834,Private Drive,2,P.D. only,On roadway,SMV,Daylight,Municipal,No control,Unknown,FALSE,FALSE,FALSE,Clear,FALSE,BRIAR KNOLL PL; BRIAR KNOLL DR ; Near,1/30/2020 11:49:49 AM,541390.0407,4806897.997,Q2,Working,FALSE
4290,47771,18-097663,5/3/2018 10:48:00 AM,2018,5,3,10,48,Thursday,541068,4811108,0,0,Non intersection,2,P.D. only,On roadway,SMV,Daylight,Municipal,No control,Unknown,FALSE,FALSE,FALSE,Clear,FALSE,DAYLILY LANE; DAYLILY LANE ; 20 M,1/30/2020 11:49:48 AM,541068,4811108,Q2,Weekend,FALSE
4291,47772,18-097965,5/3/2018 4:30:00 PM,2018,5,3,16,30,Thursday,544644.2374,4809078.197,-80.448387,43.433278,Private Drive,2,P.D. only,On roadway,Intersection,Daylight,Regional,No control,Unknown,FALSE,FALSE,FALSE,Rain,FALSE,KINGSWAY DR ; KINGSWAY DR ; 1 M,1/30/2020 11:49:47 AM,544644.2374,4809078.197,Q2,Weekend,FALSE
4292,47773,18-098039,5/3/2018 6:17:00 PM,2018,5,3,18,17,Thursday,544465.4163,4810701.82,-80.450464,43.447908,Private Drive,2,P.D. only,On roadway,Intersection,Daylight,Municipal,No control,Unknown,FALSE,FALSE,FALSE,Clear,FALSE,FRANKLIN ST N; FRANKLIN ST N; Near; 52 M,1/30/2020 11:49:46 AM,544465.4163,4810701.82,Q2,Weekend,FALSE
4293,47774,18-098148,5/3/2018 3:58:00 PM,2018,5,3,15,58,Thursday,542669.2217,4810074.765,-80.472711,43.442366,Intersection,1,Non-fatal injury,On roadway,Rear end,Daylight,Regional,Sign Control,Functioning,FALSE,FALSE,FALSE,Rain,FALSE,KING ST E; ONWARD AVE,1/30/2020 11:49:45 AM,542669.2217,4810074.765,Q2,Weekend,FALSE
4294,47775,18-098453,5/4/2018 9:24:00 AM,2018,5,4,9,24,Friday,545275.1535,4806433.712,-80.440811,43.409429,Intersection,2,P.D. only,On roadway,Intersection,Daylight,Municipal,Sign Control,Functioning,FALSE,FALSE,FALSE,Clear,FALSE,WILSON AVE; WABANAKI DR,1/30/2020 11:49:44 AM,545275.1535,4806433.712,Q2,Weekend,FALSE
4295,47776,18-098602,5/3/2018 6:30:00 PM,2018,5,3,18,30,Thursday,540512.5621,4810786.554,-80.499308,43.448895,Private Drive,2,P.D. only,On roadway,SMV,Daylight,Municipal,No control,Unknown,FALSE,FALSE,FALSE,Rain,FALSE,MICHAEL ST; MICHAEL ST; At,1/30/2020 11:49:43 AM,540512.5621,4810786.554,Q2,Weekend,FALSE
4296,47777,18-100203,5/5/2018 4:55:00 PM,2018,5,5,16,55,Saturday,544402.0849,4813272.66,-80.451037,43.471059,Private Drive,1,Non-fatal injury,On roadway,Intersection,Daylight,Municipal,No control,Unknown,FALSE,FALSE,FALSE,Clear,FALSE,BINGEMANS CENTRE DR; BINGEMANS CENTRE DR ; At; 10 M,1/30/2020 11:49:42 AM,544402.0849,4813272.66,Q2,Weekend,FALSE
4297,47778,18-101148,5/6/2018 8:59:00 PM,2018,5,6,20,59,Sunday,538694.36,4811153.699,-80.521752,43.452297,Intersection,2,P.D. only,Off roadway,SMV,Dark,Municipal,Sign Control,Functioning,FALSE,FALSE,FALSE,Clear,FALSE,DUNBAR RD; DUNBAR RD ; At; 15 M,1/30/2020 11:49:41 AM,538694.36,4811153.699,Q2,Weekend,FALSE
4298,47779,18-101471,5/7/2018 8:45:00 AM,2018,5,7,8,45,Monday,540637.2756,4809447.725,-80.497867,43.436833,Intersection,2,P.D. only,On roadway,Intersection,Daylight,Municipal,Sign Control,Functioning,FALSE,FALSE,FALSE,Clear,FALSE,GLEN RD; PLEASANT AVE,1/30/2020 11:49:41 AM,540637.2756,4809447.725,Q2,Working,FALSE
4299,47780,18-101619,5/7/2018 2:25:00 PM,2018,5,7,14,25,Monday,545766.6772,4809226.994,-80.434506,43.43455,Non intersection,2,P.D. only,Off roadway,SMV,Daylight,Regional,No control,Unknown,FALSE,FALSE,FALSE,Clear,FALSE,KINZIE AVE; KINZIE AVE ; 2 M,1/30/2020 11:49:40 AM,545766.6772,4809226.994,Q2,Working,FALSE
4300,47781,18-101787,5/7/2018 7:50:00 AM,2018,5,7,7,50,Monday,541368.6682,4805821.911,-80.489104,43.404146,Private Drive,2,P.D. only,On roadway,Other,Daylight,Municipal,No control,Unknown,FALSE,FALSE,FALSE,Clear,FALSE,RUSHBROOK DR; RUSHBROOK DR; At,1/30/2020 11:49:39 AM,541368.6682,4805821.911,Q2,Working,FALSE
4301,47782,18-102160,5/7/2018 5:00:00 PM,2018,5,7,17,0,Monday,542948.4597,4812213.941,-80.469092,43.461611,Private Drive,2,P.D. only,On roadway,Intersection,Daylight,Regional,Signal Control,Functioning,FALSE,FALSE,FALSE,Clear,FALSE,BRUCE ST; BRUCE ST ; Near,1/30/2020 11:49:38 AM,542948.4597,4812213.941,Q2,Working,FALSE
4302,47783,18-102475,5/8/2018 1:53:00 PM,2018,5,8,13,53,Tuesday,542081.7773,4813702.699,-80.47969,43.475065,Private Drive,1,Non-fatal injury,On roadway,Rear end,Daylight,Municipal,No control,Unknown,FALSE,FALSE,FALSE,Clear,FALSE,RIVERBEND DR; RIVERBEND DR ; Near; 8 M,1/30/2020 11:49:37 AM,542081.7773,4813702.699,Q2,Working,FALSE
4303,47784,18-102529,5/8/2018 2:59:00 PM,2018,5,8,14,59,Tuesday,539455.9935,4808044.366,-80.512564,43.42426,Intersection,1,Non-fatal injury,On roadway,Intersection,Daylight,Municipal,Sign Control,Functioning,FALSE,TRUE,FALSE,Clear,FALSE,GREENBROOK DR; BIRCHCLIFF AVE; 3 M,1/30/2020 11:49:36 AM,539455.9935,4808044.366,Q2,Working,FALSE
4304,47785,18-102643,5/7/2018 8:30:00 PM,2018,5,7,20,30,Monday,538610.3562,4805289.06,-80.523205,43.399495,Non intersection,2,P.D. only,On roadway,SMV,Dusk,Municipal,No control,Unknown,FALSE,FALSE,FALSE,Clear,FALSE,ELIZA AVE; ELIZA AVE ; Near,1/30/2020 11:49:35 AM,538610.3562,4805289.06,Q2,Working,FALSE
4305,47786,18-102698,5/8/2018 6:22:00 PM,2018,5,8,18,22,Tuesday,540404.4342,4805803.69,-80.501013,43.404035,Intersection,2,P.D. only,On roadway,Intersection,Daylight,Municipal,Sign Control,Functioning,FALSE,FALSE,FALSE,Clear,FALSE,RIEHM ST; HELENA FEASBY ST,1/30/2020 11:49:34 AM,540404.4342,4805803.69,Q2,Working,FALSE
4306,47787,18-103189,5/7/2018 10:30:00 PM,2018,5,7,22,30,Monday,537580.6619,4808574.369,-80.535695,43.429129,Intersection,2,P.D. only,On roadway,SMV,Dark,Municipal,No control,Unknown,FALSE,FALSE,FALSE,Clear,FALSE,BANKSIDE DR; BANKSIDE CRES,1/30/2020 11:49:33 AM,537580.6619,4808574.369,Q2,Working,FALSE
4307,47788,18-104312,5/10/2018 3:30:00 PM,2018,5,10,15,30,Thursday,537080.7266,4807975.407,-80.541912,43.423761,Private Drive,2,P.D. only,On roadway,SMV,Daylight,Municipal,No control,Unknown,FALSE,FALSE,FALSE,Clear,FALSE,SUMMERHILL CRES; SUMMERHILL CRES,1/30/2020 11:49:33 AM,537080.7266,4807975.408,Q2,Weekend,FALSE
4308,47789,18-104758,5/11/2018 7:25:00 AM,2018,5,11,7,25,Friday,536531.2532,4807046.357,-80.548762,43.415422,Non intersection,2,P.D. only,Off roadway,SMV,Daylight,Municipal,No control,Unknown,FALSE,FALSE,FALSE,Clear,FALSE,HIGHVIEW DR; HIGHVIEW DR; At; 0 M,1/30/2020 11:49:31 AM,536531.2532,4807046.358,Q2,Weekend,FALSE
4309,47790,18-105121,5/11/2018 2:12:00 PM,2018,5,11,14,12,Friday,536740.2001,4807421.322,-80.546156,43.418788,Intersection,2,P.D. only,On roadway,Intersection,Daylight,Municipal,Sign Control,Functioning,FALSE,FALSE,FALSE,Clear,FALSE,ROLLING MEADOWS DR; TIMBERLANE CRES,1/30/2020 11:49:31 AM,536740.2001,4807421.322,Q2,Weekend,FALSE
4310,47791,18-105141,5/11/2018 2:30:00 PM,2018,5,11,14,30,Friday,539044.7506,4811195.368,-80.517419,43.452654,Intersection,2,P.D. only,On roadway,Intersection,Daylight,Municipal,Sign Control,Functioning,FALSE,FALSE,FALSE,Clear,FALSE,BELMONT AVE W; ROCK AVE,1/30/2020 11:49:30 AM,539044.7506,4811195.368,Q2,Weekend,FALSE
4311,47792,18-105274,5/11/2018 3:40:00 PM,2018,5,11,15,40,Friday,537300.2757,4809165.043,-80.539118,43.434461,Non intersection,2,P.D. only,On roadway,SMV,Daylight,Municipal,No control,Unknown,FALSE,FALSE,FALSE,Clear,FALSE,BEECH ROYAL PL; BEECH ROYAL PL,1/30/2020 11:49:29 AM,537300.2757,4809165.043,Q2,Weekend,FALSE
4312,47793,18-105831,5/9/2018 8:00:00 AM,2018,5,9,8,0,Wednesday,538553.7779,4806935.734,-80.523788,43.414325,Non intersection,2,P.D. only,On roadway,SMV,Daylight,Municipal,No control,Unknown,FALSE,FALSE,FALSE,Clear,FALSE,WINDFLOWER CRES; WINDFLOWER CRES ; Near,1/30/2020 11:49:28 AM,538553.7779,4806935.734,Q2,Working,FALSE
4313,47794,18-106660,5/13/2018 1:00:00 PM,2018,5,13,13,0,Sunday,537232.9685,4810211.46,-80.539879,43.443887,Non intersection,2,P.D. only,Off roadway,SMV,Daylight,Regional,No control,Unknown,FALSE,FALSE,FALSE,Clear,FALSE,GLASGOW ST; GLASGOW ST ; At; 10 M,1/30/2020 11:49:26 AM,537232.9685,4810211.46,Q2,Weekend,FALSE
4314,47795,18-106755,5/13/2018 3:12:00 PM,2018,5,13,15,12,Sunday,541226.3046,4811867.509,-80.490406,43.458589,Intersection,1,Non-fatal injury,On roadway,Intersection,Daylight,Municipal,Signal Control,Functioning,FALSE,FALSE,FALSE,Clear,FALSE,MARGARET AVE; WELLINGTON ST N,1/30/2020 11:49:26 AM,541226.3046,4811867.509,Q2,Weekend,FALSE