,OBJECTID,ACCIDENTNUM,ACCIDENTDATE,ACCIDENT_YEAR,ACCIDENT_MONTH,ACCIDENT_DAY,ACCIDENT_HOUR,ACCIDENT_MINUTE,Accident_Day,XCOORD,YCOORD,LONGITUDE,LATITUDE,Accident_Location,COLLISIONTYPE,Accident_Type,Impact_Location,Impact_Type,Light,Road_Jurisdication,Traffic_Control,Traffic_Control_Condition,Pedestrian_Involved,Cyclist_Involved,Motorcyclist_Involved,Environment_Condition,Self_Reported,XMLIMPORTNOTES,LASTEDITEDDATE,x,y,Quarter,Day_Type,Vulnerable_Involved
4315,47796,18-106976,5/13/2018 8:03:00 PM,2018,5,13,20,3,Sunday,545383.4402,4803562.738,-80.439711,43.383572,Non intersection,2,P.D. only,On roadway,SMV,Daylight,Municipal,No control,Unknown,FALSE,FALSE,FALSE,Clear,FALSE,APPLE RIDGE DR ; PINE VALLEY DR ; Near; 15 M,1/30/2020 11:49:25 AM,545383.4402,4803562.738,Q2,Weekend,FALSE
4316,47797,18-107239,5/12/2018 2:00:00 PM,2018,5,12,14,0,Saturday,541068,4811108,0,0,Private Drive,2,P.D. only,On roadway,SMV,Daylight,Municipal,No control,Unknown,FALSE,FALSE,FALSE,Rain,FALSE,APPLEBY ST; APPLEBY ST ; Near,1/30/2020 11:49:24 AM,541068,4811108,Q2,Weekend,FALSE
4317,47798,18-107728,5/14/2018 6:21:00 PM,2018,5,14,18,21,Monday,541275.976,4812726.337,-80.489727,43.466319,Intersection,2,P.D. only,Off roadway,SMV,Daylight,Municipal,Sign Control,Functioning,FALSE,FALSE,FALSE,Clear,FALSE,BOEHMER ST ; FAIRFIELD AVE,1/30/2020 11:49:23 AM,541275.976,4812726.337,Q2,Working,FALSE
4318,47799,18-107753,5/14/2018 4:00:00 PM,2018,5,14,16,0,Monday,544884.1098,4804848.323,-80.44577,43.395178,Intersection,2,P.D. only,On roadway,Rear end,Daylight,Municipal,Signal Control,Functioning,FALSE,FALSE,FALSE,Clear,FALSE,DOON VILLAGE RD; PIONEER DR,1/30/2020 11:49:22 AM,544884.1098,4804848.323,Q2,Working,FALSE
4319,47800,18-107914,5/14/2018 9:53:00 PM,2018,5,14,21,53,Monday,540948.0212,4808145.841,-80.494125,43.425094,Non intersection,2,P.D. only,Off roadway,SMV,Dark,Municipal,No control,Unknown,FALSE,FALSE,FALSE,Clear,FALSE,CHANDLER DR ; WOODFERN CRT ; Near; 25 M,1/30/2020 11:49:21 AM,540948.0212,4808145.841,Q2,Working,FALSE
4320,47801,18-108115,5/10/2018 12:40:00 PM,2018,5,10,12,40,Thursday,543935.5933,4805079.154,-80.457464,43.397312,Intersection,2,P.D. only,On roadway,Rear end,Daylight,Regional,Sign Control,Functioning,FALSE,FALSE,FALSE,Clear,FALSE,OLD HURON RD OFF TO HURON RD; HURON RD,1/30/2020 11:49:20 AM,543935.5933,4805079.154,Q2,Weekend,FALSE
4321,47802,18-108920,5/16/2018 2:48:00 AM,2018,5,16,2,48,Wednesday,545798.8121,4809255.83,-80.434107,43.434807,Intersection,2,P.D. only,On roadway,SMV,Dark,Municipal,Sign Control,Functioning,FALSE,FALSE,FALSE,Clear,FALSE,KINZIE AVE; RUTHERFORD DR; At,1/30/2020 11:49:19 AM,545798.8121,4809255.83,Q2,Working,FALSE
4322,47803,18-108990,5/15/2018 6:30:00 PM,2018,5,15,18,30,Tuesday,547230.1991,4803201.519,-80.416944,43.380206,Non intersection,2,P.D. only,On roadway,SMV,Daylight,Municipal,No control,Unknown,FALSE,FALSE,FALSE,Clear,FALSE,WOODCREST CRT; WOODCREST CRT,1/30/2020 11:49:18 AM,547230.1991,4803201.519,Q2,Working,FALSE
4323,47804,18-109495,5/16/2018 3:00:00 PM,2018,5,16,15,0,Wednesday,541068,4811108,0,0,Private Drive,2,P.D. only,On roadway,SMV,Daylight,Municipal,No control,Unknown,FALSE,FALSE,FALSE,Clear,FALSE,PIETER VOS DR ; PIETER VOS DR ; Near,1/30/2020 11:49:17 AM,541068,4811108,Q2,Working,FALSE
4324,47805,18-109503,5/16/2018 4:35:00 PM,2018,5,16,16,35,Wednesday,545118.5124,4807684.048,-80.442642,43.420696,Private Drive,2,P.D. only,On roadway,Intersection,Daylight,Municipal,No control,Unknown,FALSE,FALSE,FALSE,Clear,FALSE,WILSON AVE; FAIRWAY RD S; At; 0 M,1/30/2020 11:49:16 AM,545118.5124,4807684.048,Q2,Working,FALSE
4325,47806,18-109679,5/16/2018 7:57:00 PM,2018,5,16,19,57,Wednesday,541113.4947,4810747.238,-80.491884,43.448508,Intersection,2,P.D. only,On roadway,Intersection,Daylight,Municipal,Sign Control,Functioning,FALSE,FALSE,FALSE,Clear,FALSE,JOSEPH ST ; ONTARIO ST S,1/30/2020 11:49:15 AM,541113.4947,4810747.239,Q2,Working,FALSE
4326,47807,18-110303,5/17/2018 1:20:00 PM,2018,5,17,13,20,Thursday,541068,4811108,0,0,Other,2,P.D. only,Off roadway,SMV,Daylight,Municipal,No control,Unknown,FALSE,FALSE,FALSE,Clear,FALSE,QUEEN ST S; QUEEN ST S; At,1/30/2020 11:49:14 AM,541068,4811108,Q2,Weekend,FALSE
4327,47808,18-110346,5/17/2018 2:13:00 PM,2018,5,17,14,13,Thursday,541218.4248,4808769.671,-80.490737,43.430696,Non intersection,2,P.D. only,On roadway,SMV,Daylight,Municipal,No control,Unknown,FALSE,FALSE,FALSE,Clear,FALSE,HUGO CRES; HUGO CRES ; 20 M,1/30/2020 11:49:13 AM,541218.4248,4808769.671,Q2,Weekend,FALSE
4328,47809,18-111291,5/18/2018 11:30:00 AM,2018,5,18,11,30,Friday,540813.8831,4810433.134,-80.495611,43.445696,Non intersection,2,P.D. only,On roadway,SMV,Daylight,Municipal,No control,Unknown,FALSE,FALSE,FALSE,Clear,FALSE,ROLAND ST; DAVID ST; Near,1/30/2020 11:49:12 AM,540813.8831,4810433.135,Q2,Weekend,FALSE
4329,47810,18-111424,5/18/2018 4:51:00 PM,2018,5,18,16,51,Friday,537069.6397,4807150.263,-80.542105,43.416332,Non intersection,2,P.D. only,On roadway,SMV,Daylight,Municipal,No control,Unknown,FALSE,FALSE,FALSE,Clear,FALSE,HIGHVIEW DR; HIGHVIEW DR ; 0 M,1/30/2020 11:49:11 AM,537069.6397,4807150.263,Q2,Weekend,FALSE
4330,47811,18-111523,5/18/2018 4:30:00 PM,2018,5,18,16,30,Friday,542922.1154,4812274.606,-80.469412,43.462159,Private Drive,1,Non-fatal injury,On roadway,Intersection,Daylight,Municipal,Sign Control,Functioning,FALSE,FALSE,FALSE,Clear,FALSE,BRUCE ST; BRUCE ST,1/30/2020 11:49:10 AM,542922.1154,4812274.606,Q2,Weekend,FALSE
4331,47812,18-111735,5/18/2018 11:30:00 PM,2018,5,18,23,30,Friday,541068,4811108,0,0,Other,2,Non-reportable,Off roadway,SMV,Dark,Other,No control,Unknown,FALSE,FALSE,FALSE,Clear,FALSE,PRIVATE PROPERTY; THE COUNTRY WAY,1/30/2020 11:49:09 AM,541068,4811108,Q2,Weekend,FALSE
4332,47813,18-112037,5/19/2018 7:20:00 AM,2018,5,19,7,20,Saturday,541718.8001,4810691.655,-80.484408,43.447974,Non intersection,2,P.D. only,Off roadway,SMV,Daylight,Regional,No control,Unknown,FALSE,FALSE,FALSE,Rain,FALSE,EBY ST N; KING ST E,1/30/2020 11:49:08 AM,541718.8001,4810691.655,Q2,Weekend,FALSE
4333,47814,18-113325,5/20/2018 11:21:00 PM,2018,5,20,23,21,Sunday,544355.5417,4813260.859,-80.451613,43.470955,Private Drive,2,P.D. only,On roadway,Rear end,Dark,Regional,No control,Unknown,FALSE,FALSE,FALSE,Clear,FALSE,BINGEMANS CENTRE DR; BINGEMANS CENTRE DR ; At; 1 M,1/30/2020 11:49:07 AM,544355.5417,4813260.859,Q2,Weekend,FALSE
4334,47815,18-114502,5/22/2018 12:47:00 PM,2018,5,22,12,47,Tuesday,539689.7729,4806563.477,-80.509784,43.410914,Intersection,1,Non-fatal injury,On roadway,Intersection,Daylight,Municipal,Sign Control,Functioning,FALSE,FALSE,FALSE,Clear,FALSE,ACTIVA AVE; BUSH CLOVER CRES,1/30/2020 11:49:06 AM,539689.7729,4806563.477,Q2,Working,FALSE
4335,47816,18-115444,5/19/2018 12:00:00 PM,2018,5,19,12,0,Saturday,537067.8183,4808848.81,-80.542012,43.431626,Private Drive,2,P.D. only,On roadway,Other,Daylight,Municipal,No control,Unknown,FALSE,FALSE,FALSE,Clear,FALSE,HIDDEN CREEK DR ; HIDDEN CREEK DR,1/30/2020 11:49:05 AM,537067.8183,4808848.81,Q2,Weekend,FALSE
4336,47817,18-115551,5/16/2018 3:00:00 AM,2018,5,16,3,0,Wednesday,537658.6275,4808565.219,-80.534732,43.429043,Private Drive,2,P.D. only,On roadway,SMV,Dark,Municipal,No control,Unknown,FALSE,FALSE,FALSE,Clear,FALSE,BANKSIDE CRES; BANKSIDE CRES; At,1/30/2020 11:49:04 AM,537658.6275,4808565.219,Q2,Working,FALSE
4337,47818,18-116219,5/22/2018 2:00:00 PM,2018,5,22,14,0,Tuesday,539775.0971,4805444.692,-80.508811,43.400836,Private Drive,2,P.D. only,On roadway,SMV,Daylight,Municipal,No control,Unknown,FALSE,FALSE,FALSE,Clear,FALSE,DONNENWERTH DR; DONNENWERTH DR ; Near,1/30/2020 11:49:03 AM,539775.0971,4805444.692,Q2,Working,FALSE
4338,47819,18-117491,5/25/2018 4:26:00 PM,2018,5,25,16,26,Friday,548021.7127,4811114.204,-80.406478,43.451401,Private Drive,2,P.D. only,Off roadway,SMV,Daylight,Municipal,No control,Unknown,FALSE,FALSE,FALSE,Clear,FALSE,WATERVALE DR; OLD ZELLER DR ; Near; 100 M,1/30/2020 11:49:02 AM,548021.7127,4811114.204,Q2,Weekend,FALSE
4339,47820,18-117589,5/25/2018 5:25:00 PM,2018,5,25,17,25,Friday,542269.0102,4814380.482,-80.477322,43.481157,Intersection,2,P.D. only,On roadway,Rear end,Daylight,Regional,Sign Control,Functioning,FALSE,FALSE,TRUE,Clear,FALSE,BLOOMINGDALE RD N; BLOOMINGDALE RD N; Near,1/30/2020 11:49:01 AM,542269.0102,4814380.482,Q2,Weekend,TRUE
4340,47821,18-117761,5/25/2018 9:52:00 PM,2018,5,25,21,52,Friday,544509.6615,4809136.26,-80.450045,43.433809,Intersection,2,P.D. only,Off roadway,SMV,Dark,Municipal,Sign Control,Functioning,FALSE,FALSE,FALSE,Clear,FALSE,KINGSWAY DR ; SIXTH AVE ; 2 M,1/30/2020 11:48:59 AM,544509.6615,4809136.26,Q2,Weekend,FALSE
4341,47822,18-117906,5/25/2018 9:45:00 PM,2018,5,25,21,45,Friday,543584.3242,4809442.17,-80.461453,43.436617,Non intersection,2,P.D. only,On roadway,Intersection,Dark,Municipal,No control,Unknown,FALSE,FALSE,FALSE,Clear,FALSE,ROCKWAY DR; DIXON ST ; 210 M,1/30/2020 11:48:58 AM,543584.3242,4809442.17,Q2,Weekend,FALSE
4342,47823,18-118310,5/25/2018 4:45:00 PM,2018,5,25,16,45,Friday,538898.5025,4811472.039,-80.519207,43.455153,Intersection,2,P.D. only,On roadway,Rear end,Daylight,Municipal,Signal Control,Functioning,FALSE,FALSE,FALSE,Clear,FALSE,UNION BLVD; BELMONT AVE W,1/30/2020 11:48:58 AM,538898.5025,4811472.039,Q2,Weekend,FALSE
4343,47824,18-118375,5/26/2018 12:00:00 PM,2018,5,26,12,0,Saturday,543206.1326,4804496.638,-80.466517,43.39211,Intersection,1,Non-fatal injury,On roadway,Intersection,Daylight,Regional,Sign Control,Functioning,FALSE,TRUE,FALSE,Clear,FALSE,HURON RD; STRASBURG RD,1/30/2020 11:48:57 AM,543206.1326,4804496.638,Q2,Weekend,FALSE
4344,47825,18-118689,5/26/2018 9:30:00 PM,2018,5,26,21,30,Saturday,538951.2806,4806138.66,-80.518935,43.407128,Private Drive,2,P.D. only,On roadway,SMV,Other,Municipal,No control,Unknown,FALSE,FALSE,FALSE,Clear,FALSE,DAVID BERGEY DR; DAVID BERGEY DR ; Near; 10 M,1/30/2020 11:48:55 AM,538951.2806,4806138.66,Q2,Weekend,FALSE
4345,47826,18-119123,5/27/2018 11:09:00 AM,2018,5,27,11,9,Sunday,538948.0131,4805742.73,-80.519003,43.403563,Non intersection,1,Non-fatal injury,On roadway,SMV,Daylight,Municipal,No control,Unknown,FALSE,FALSE,FALSE,Clear,FALSE,MOUNTAIN LAUREL CRES; MOUNTAIN LAUREL CRES ; At; 1 M,1/30/2020 11:48:55 AM,538948.0131,4805742.73,Q2,Weekend,FALSE
4346,47827,18-119685,5/28/2018 4:30:00 AM,2018,5,28,4,30,Monday,543366.0806,4807349.122,-80.464316,43.417784,Non intersection,2,P.D. only,On roadway,SMV,Dark,Municipal,No control,Unknown,FALSE,FALSE,FALSE,Clear,FALSE,FALLOWFIELD DR; FALLOWFIELD DR; Near; 6 M,1/30/2020 11:48:54 AM,543366.0806,4807349.122,Q2,Working,FALSE
4347,47828,18-119904,5/27/2018 6:30:00 PM,2018,5,27,18,30,Sunday,542660.7833,4811207.103,-80.472726,43.452562,Intersection,1,Non-fatal injury,On roadway,Rear end,Daylight,Municipal,Signal Control,Functioning,FALSE,FALSE,FALSE,Clear,FALSE,KRUG ST; EAST AVE; At,1/30/2020 11:48:53 AM,542660.7833,4811207.103,Q2,Weekend,FALSE
4348,47829,18-120156,5/26/2018 12:00:00 PM,2018,5,26,12,0,Saturday,539436.5566,4806671.663,-80.512903,43.411901,Non intersection,2,P.D. only,Off roadway,SMV,Daylight,Municipal,No control,Unknown,FALSE,FALSE,FALSE,Clear,FALSE,QUEEN CHARLOTTE CRES; QUEEN CHARLOTTE CRES ; At,1/30/2020 11:48:52 AM,539436.5566,4806671.663,Q2,Weekend,FALSE
4349,47830,18-120423,5/28/2018 8:00:00 PM,2018,5,28,20,0,Monday,537101.2475,4807806.241,-80.54167,43.422237,Private Drive,2,P.D. only,Off roadway,SMV,Daylight,Municipal,No control,Unknown,FALSE,FALSE,FALSE,Clear,FALSE,WESTHEIGHTS DR; WESTHEIGHTS DR ; At,1/30/2020 11:48:51 AM,537101.2475,4807806.241,Q2,Working,FALSE
4350,47831,18-120545,5/28/2018 10:26:00 PM,2018,5,28,22,26,Monday,542346.2934,4810498.312,-80.476668,43.446198,Private Drive,2,P.D. only,Off roadway,SMV,Daylight,Regional,No control,Unknown,FALSE,FALSE,FALSE,Clear,FALSE,FAIRVIEW AVE; FAIRVIEW AVE ; At; 3 M,1/30/2020 11:48:50 AM,542346.2934,4810498.312,Q2,Working,FALSE
4351,47832,18-120946,5/29/2018 8:00:00 AM,2018,5,29,8,0,Tuesday,542416.2273,4806992.917,-80.476076,43.414631,Non intersection,2,P.D. only,On roadway,SMV,Daylight,Municipal,No control,Unknown,FALSE,FALSE,FALSE,Clear,FALSE,CEDARHILL CRES; CEDARHILL CRES; Near,1/30/2020 11:48:49 AM,542416.2273,4806992.917,Q2,Working,FALSE
4352,47833,18-121133,5/29/2018 2:50:00 PM,2018,5,29,14,50,Tuesday,545033.6895,4807868.24,-80.443675,43.42236,Intersection,1,Non-fatal injury,On roadway,SMV,Daylight,Municipal,Signal Control,Functioning,TRUE,FALSE,FALSE,Clear,FALSE,KINGSWAY DR; WILSON AVE,1/30/2020 11:48:48 AM,545033.6895,4807868.24,Q2,Working,FALSE
4353,47834,18-121248,5/29/2018 4:15:00 PM,2018,5,29,16,15,Tuesday,541343.3591,4809061.644,-80.489171,43.433318,Intersection,2,P.D. only,On roadway,Rear end,Daylight,Regional,Signal Control,Functioning,FALSE,FALSE,FALSE,Clear,FALSE,HEIMAN ST; HIGHLAND RD E,1/30/2020 11:48:47 AM,541343.3591,4809061.644,Q2,Working,FALSE
4354,47835,18-121340,5/29/2018 6:00:00 PM,2018,5,29,18,0,Tuesday,549120.2019,4806319.423,-80.393333,43.408158,Intersection,2,P.D. only,On roadway,Intersection,Daylight,Regional,Signal Control,Functioning,FALSE,FALSE,FALSE,Clear,FALSE,SPORTSWORLD DR; GATEWAY PARK DR,1/30/2020 11:48:47 AM,549120.2019,4806319.423,Q2,Working,FALSE
4355,47836,18-121375,5/29/2018 7:34:00 PM,2018,5,29,19,34,Tuesday,539086.4287,4805853.084,-80.517286,43.404549,Non intersection,2,P.D. only,On roadway,SMV,Daylight,Municipal,No control,Unknown,FALSE,FALSE,FALSE,Clear,FALSE,MOUNTAIN LAUREL CRES ; BERRY MOSS ST ; 65 M,1/30/2020 11:48:46 AM,539086.4287,4805853.084,Q2,Working,FALSE
4356,47837,18-121414,5/29/2018 8:49:00 PM,2018,5,29,20,49,Tuesday,540892.0093,4805860.204,-80.494988,43.404517,Intersection,1,Non-fatal injury,On roadway,SMV,Dusk,Municipal,Sign Control,Functioning,TRUE,FALSE,FALSE,Clear,FALSE,ROCKWOOD RD; ERINBROOK DR; 5.9 M,1/30/2020 11:48:45 AM,540892.0093,4805860.204,Q2,Working,FALSE
4357,47838,18-121804,5/30/2018 11:20:00 AM,2018,5,30,11,20,Wednesday,541068,4811108,0,0,Intersection,1,Non-fatal injury,On roadway,Intersection,Daylight,Municipal,Signal Control,Functioning,FALSE,FALSE,FALSE,Clear,FALSE,PARK ST ; GLASGOW ST,1/30/2020 11:48:44 AM,541068,4811108,Q2,Working,FALSE
4358,47839,18-121874,5/30/2018 11:45:00 AM,2018,5,30,11,45,Wednesday,539409.4246,4810369.318,-80.512971,43.445197,Private Drive,2,P.D. only,On roadway,Intersection,Daylight,Municipal,No control,Unknown,FALSE,FALSE,FALSE,Clear,FALSE,KARN ST ; BELMONT AVE W; At; 0 M,1/30/2020 11:48:43 AM,539409.4246,4810369.318,Q2,Working,FALSE
4359,47840,18-121877,5/30/2018 11:30:00 AM,2018,5,30,11,30,Wednesday,542684.7879,4813277.053,-80.472268,43.471198,Non intersection,2,P.D. only,On roadway,Intersection,Daylight,Municipal,No control,Unknown,FALSE,FALSE,FALSE,Clear,FALSE,RIVERBEND DR; RIVERBEND DR,1/30/2020 11:48:42 AM,542684.7879,4813277.053,Q2,Working,FALSE
4360,47841,18-121946,5/30/2018 2:02:00 PM,2018,5,30,14,2,Wednesday,543789.9718,4808567.812,-80.458982,43.428733,Non intersection,2,P.D. only,On roadway,Intersection,Daylight,Municipal,No control,Unknown,FALSE,FALSE,FALSE,Clear,FALSE,WILSON AVE; WILSON AVE,1/30/2020 11:48:41 AM,543789.9718,4808567.812,Q2,Working,FALSE
4361,47842,18-122029,5/30/2018 1:30:00 PM,2018,5,30,13,30,Wednesday,543341.4428,4812362.91,-80.464222,43.46293,Private Drive,2,P.D. only,On roadway,SMV,Daylight,Municipal,No control,Unknown,FALSE,FALSE,TRUE,Clear,FALSE,CORONET LANE; RIVER RD E; At,1/30/2020 11:48:40 AM,543341.4428,4812362.91,Q2,Working,TRUE
4362,47843,18-122035,5/30/2018 3:20:00 PM,2018,5,30,15,20,Wednesday,543029.8716,4812024.154,-80.4681,43.459898,Non intersection,2,P.D. only,On roadway,Rear end,Daylight,Other,No control,Unknown,FALSE,FALSE,FALSE,Clear,FALSE,FREDERICK ST; BRUCE ST,2/19/2019 2:08:38 PM,543029.8716,4812024.154,Q2,Working,FALSE
4363,47844,18-122064,5/30/2018 12:15:00 PM,2018,5,30,12,15,Wednesday,538548.2101,4810805.94,-80.523583,43.449173,Non intersection,2,P.D. only,On roadway,Intersection,Daylight,Regional,No control,Unknown,FALSE,FALSE,FALSE,Clear,FALSE,GLASGOW ST; WESTMOUNT RD W,1/30/2020 11:48:39 AM,538548.2101,4810805.94,Q2,Working,FALSE
4364,47845,18-122625,5/30/2018 8:30:00 AM,2018,5,30,8,30,Wednesday,541615.7034,4808512.676,-80.485848,43.42836,Intersection,2,P.D. only,On roadway,SMV,Daylight,Regional,No control,Unknown,FALSE,FALSE,FALSE,Clear,FALSE,HOMER WATSON BLVD; CONESTOGA PARKWAY  HWY 7 8,1/30/2020 11:48:38 AM,541615.7034,4808512.676,Q2,Working,FALSE
4365,47846,18-122898,5/31/2018 4:27:00 PM,2018,5,31,16,27,Thursday,539296.029,4811574.216,-80.514286,43.456052,Intersection,2,P.D. only,On roadway,Intersection,Daylight,Municipal,Sign Control,Functioning,FALSE,FALSE,FALSE,Clear,FALSE,PARK ST ; MT HOPE ST,1/30/2020 11:48:37 AM,539296.029,4811574.216,Q2,Weekend,FALSE
4366,47847,18-122930,5/31/2018 4:58:00 PM,2018,5,31,16,58,Thursday,540515.6611,4811537.312,-80.499214,43.455654,Intersection,2,P.D. only,Off roadway,SMV,Daylight,Municipal,Sign Control,Functioning,FALSE,FALSE,FALSE,Clear,FALSE,WELLINGTON ST N; WATERLOO ST; 1 M,1/30/2020 11:48:36 AM,540515.6611,4811537.313,Q2,Weekend,FALSE
4367,47848,18-122985,5/31/2018 6:00:00 PM,2018,5,31,18,0,Thursday,540672.1221,4811637.901,-80.497273,43.456552,Private Drive,2,P.D. only,On roadway,Intersection,Daylight,Regional,No control,Unknown,FALSE,FALSE,FALSE,Rain,FALSE,DUKE ST W; KING ST W; 1 M,1/30/2020 11:48:35 AM,540672.1221,4811637.901,Q2,Weekend,FALSE
4368,47849,18-123617,6/1/2018 11:30:00 AM,2018,6,1,11,30,Friday,549287.3322,4806285.129,-80.391272,43.407838,Private Drive,2,P.D. only,On roadway,Intersection,Daylight,Regional,No control,Unknown,FALSE,FALSE,FALSE,Clear,FALSE,GATEWAY PARK DR ; KING ST E,1/30/2020 11:48:34 AM,549287.3322,4806285.129,Q2,Weekend,FALSE
4369,47850,18-123705,6/1/2018 1:30:00 PM,2018,6,1,13,30,Friday,544828.7374,4805005.257,-80.446441,43.396594,Intersection,2,P.D. only,On roadway,Intersection,Daylight,Municipal,Sign Control,Functioning,FALSE,FALSE,FALSE,Clear,FALSE,DOON VILLAGE RD; MILLWOOD CRES,1/30/2020 11:48:33 AM,544828.7374,4805005.257,Q2,Weekend,FALSE
4370,47851,18-123754,6/1/2018 3:02:00 PM,2018,6,1,15,2,Friday,538443.7379,4810800.694,-80.524875,43.449131,Non intersection,2,P.D. only,On roadway,Intersection,Daylight,Municipal,Signal Control,Functioning,FALSE,FALSE,FALSE,Clear,FALSE,GLASGOW ST ; GLASGOW ST ; Near; 1 M,1/30/2020 11:48:32 AM,538443.7379,4810800.694,Q2,Weekend,FALSE
4371,47852,18-124435,5/28/2018 7:30:00 PM,2018,5,28,19,30,Monday,541947.2138,4810935.693,-80.481566,43.450159,Non intersection,2,P.D. only,Off roadway,SMV,Daylight,Other,No control,Unknown,FALSE,FALSE,FALSE,Clear,FALSE,LANCASTER ST E; IRVIN ST,2/19/2019 2:08:37 PM,541947.2138,4810935.693,Q2,Working,FALSE
4372,47853,18-124547,6/2/2018 12:05:00 PM,2018,6,2,12,5,Saturday,546646.2523,4808101.52,-80.423735,43.424362,Private Drive,2,P.D. only,On roadway,SMV,Daylight,Municipal,No control,Unknown,FALSE,FALSE,FALSE,Clear,FALSE,CAMEO DR; KING ST E; Near; 10 M,1/30/2020 11:48:31 AM,546646.2523,4808101.52,Q2,Weekend,FALSE
4373,47854,18-124901,6/2/2018 8:20:00 PM,2018,6,2,20,20,Saturday,543571.0821,4804976.635,-80.461973,43.39641,Intersection,2,P.D. only,On roadway,Intersection,Daylight,Municipal,Signal Control,Functioning,FALSE,FALSE,FALSE,Clear,FALSE,HURON RD ; BATTLER RD,1/30/2020 11:48:30 AM,543571.0821,4804976.635,Q2,Weekend,FALSE
4374,47855,18-125370,5/23/2018 2:00:00 PM,2018,5,23,14,0,Wednesday,546271.0437,4803520.269,-80.428757,43.383136,Non intersection,1,Non-fatal injury,On roadway,Rear end,Daylight,Municipal,No control,Unknown,FALSE,FALSE,FALSE,Clear,FALSE,DOON MILLS DR ; DOON SOUTH DR ; 100 M,1/30/2020 11:48:29 AM,546271.0437,4803520.269,Q2,Working,FALSE
4375,47856,18-125424,6/2/2018 7:00:00 PM,2018,6,2,19,0,Saturday,542067.5655,4809773.795,-80.480169,43.43969,Intersection,2,P.D. only,Off roadway,SMV,Daylight,Municipal,Sign Control,Functioning,FALSE,FALSE,FALSE,Clear,FALSE,KENT AVE; KENNEDY AVE,1/30/2020 11:48:28 AM,542067.5655,4809773.795,Q2,Weekend,FALSE
4376,47857,18-125964,6/4/2018 9:13:00 AM,2018,6,4,9,13,Monday,544339.39,4811034.701,-80.451994,43.450912,Intersection,2,P.D. only,On roadway,Intersection,Daylight,Municipal,Sign Control,Functioning,FALSE,FALSE,FALSE,Clear,FALSE,CRAIG DR; HICKSON DR ; Near; 40 M,1/30/2020 11:48:27 AM,544339.39,4811034.701,Q2,Working,FALSE
4377,47858,18-126060,6/4/2018 11:12:00 AM,2018,6,4,11,12,Monday,539123.1288,4805682.702,-80.516845,43.403013,Private Drive,2,P.D. only,On roadway,SMV,Daylight,Municipal,No control,Unknown,FALSE,FALSE,FALSE,Clear,FALSE,ACTIVA AVE; ACTIVA AVE; At; 1 M,1/30/2020 11:48:26 AM,539123.1288,4805682.703,Q2,Working,FALSE
4378,47859,18-126126,6/4/2018 12:38:00 AM,2018,6,4,0,38,Monday,540892.574,4806247.454,-80.494952,43.408004,Non intersection,2,P.D. only,On roadway,SMV,Dark,Municipal,No control,Unknown,FALSE,FALSE,FALSE,Clear,FALSE,RITTENHOUSE RD ; RITTENHOUSE RD ; At; 2 M,1/30/2020 11:48:25 AM,540892.574,4806247.454,Q2,Working,FALSE
4379,47860,18-126240,6/4/2018 2:53:00 PM,2018,6,4,14,53,Monday,544653.3182,4806289.295,-80.448502,43.408166,Private Drive,1,Non-fatal injury,On roadway,Intersection,Daylight,Municipal,No control,Unknown,FALSE,FALSE,FALSE,Clear,FALSE,WABANAKI DR ; MANITOU DR ; Near; 26 M,1/30/2020 11:48:24 AM,544653.3182,4806289.295,Q2,Working,FALSE
4380,47861,18-126338,6/4/2018 4:42:00 PM,2018,6,4,16,42,Monday,542842.1794,4809871.884,-80.470589,43.440529,Intersection,2,P.D. only,On roadway,Intersection,Daylight,Municipal,Sign Control,Functioning,FALSE,FALSE,FALSE,Clear,FALSE,CHARLES ST E; SYDNEY ST S,1/30/2020 11:48:23 AM,542842.1794,4809871.884,Q2,Working,FALSE
4381,47862,18-126379,6/4/2018 8:10:00 AM,2018,6,4,8,10,Monday,539568.2887,4811423.87,-80.510932,43.454684,Intersection,2,P.D. only,On roadway,Rear end,Daylight,Municipal,Sign Control,Functioning,FALSE,FALSE,FALSE,Clear,FALSE,PARK ST; GREEN ST; At,1/30/2020 11:48:22 AM,539568.2887,4811423.87,Q2,Working,FALSE
4382,47863,18-127080,6/4/2018 7:00:00 PM,2018,6,4,19,0,Monday,543102.1593,4810025.895,-80.467365,43.441901,Non intersection,2,P.D. only,On roadway,SMV,Daylight,Municipal,No control,Unknown,FALSE,FALSE,FALSE,Clear,FALSE,ROSEDALE AVE; ROSEDALE AVE ; Near,1/30/2020 11:48:21 AM,543102.1593,4810025.895,Q2,Working,FALSE
4383,47864,18-127364,6/2/2018 4:00:00 PM,2018,6,2,16,0,Saturday,545929.7396,4804589.046,-80.432881,43.39278,Private Drive,2,P.D. only,On roadway,SMV,Daylight,Municipal,No control,Unknown,FALSE,FALSE,FALSE,Clear,FALSE,OLD CARRIAGE DR; OLD CARRIAGE DR; Near,1/30/2020 11:48:20 AM,545929.7396,4804589.046,Q2,Weekend,FALSE
4384,47865,18-127819,6/6/2018 9:30:00 AM,2018,6,6,9,30,Wednesday,541635.5004,4807664.162,-80.485668,43.420719,Non intersection,2,P.D. only,On roadway,Intersection,Daylight,Regional,No control,Unknown,FALSE,FALSE,FALSE,Clear,FALSE,STRASBURG RD; BARWOOD CRES; Near,1/30/2020 11:48:19 AM,541635.5004,4807664.162,Q2,Working,FALSE
4385,47866,18-127891,6/5/2018 10:30:00 AM,2018,6,5,10,30,Tuesday,540608.29,4810628.013,-80.498137,43.447462,Intersection,2,P.D. only,On roadway,Intersection,Daylight,Municipal,Sign Control,Functioning,FALSE,FALSE,FALSE,Clear,FALSE,JUBILEE DR; WATER ST S,1/30/2020 11:48:18 AM,540608.29,4810628.013,Q2,Working,FALSE
4386,47867,18-128668,6/7/2018 12:20:00 PM,2018,6,7,12,20,Thursday,545856.53,4804739.603,-80.433772,43.39414,Intersection,2,P.D. only,On roadway,Intersection,Daylight,Municipal,Sign Control,Functioning,FALSE,FALSE,FALSE,Clear,FALSE,PIONEER DR; OLD CARRIAGE DR; At,1/30/2020 11:48:17 AM,545856.53,4804739.603,Q2,Weekend,FALSE