,OBJECTID,ACCIDENTNUM,ACCIDENTDATE,ACCIDENT_YEAR,ACCIDENT_MONTH,ACCIDENT_DAY,ACCIDENT_HOUR,ACCIDENT_MINUTE,Accident_Day,XCOORD,YCOORD,LONGITUDE,LATITUDE,Accident_Location,COLLISIONTYPE,Accident_Type,Impact_Location,Impact_Type,Light,Road_Jurisdication,Traffic_Control,Traffic_Control_Condition,Pedestrian_Involved,Cyclist_Involved,Motorcyclist_Involved,Environment_Condition,Self_Reported,XMLIMPORTNOTES,LASTEDITEDDATE,x,y,Quarter,Day_Type,Vulnerable_Involved
4387,47868,18-128753,6/7/2018 1:47:00 PM,2018,6,7,13,47,Thursday,536745.7648,4809156.655,-80.54597,43.434413,Private Drive,2,P.D. only,Off roadway,SMV,Daylight,Municipal,No control,Unknown,FALSE,FALSE,FALSE,Clear,FALSE,GREENCROFT CRT; GREENCROFT CRT ; Near; 2 M,1/30/2020 11:48:16 AM,536745.7648,4809156.655,Q2,Weekend,FALSE
4388,47869,18-128791,6/7/2018 1:15:00 PM,2018,6,7,13,15,Thursday,542184.4123,4810205.123,-80.478691,43.443567,Private Drive,2,P.D. only,On roadway,Other,Daylight,Other,Signal Control,Functioning,FALSE,FALSE,FALSE,Clear,FALSE,STIRLING AVE S; STIRLING AVE S,2/19/2019 2:08:36 PM,542184.4123,4810205.123,Q2,Weekend,FALSE
4389,47870,18-128804,6/7/2018 2:33:00 PM,2018,6,7,14,33,Thursday,542501.4601,4810173.742,-80.474776,43.443267,Intersection,1,Non-fatal injury,On roadway,Rear end,Daylight,Regional,Sign Control,Functioning,FALSE,FALSE,FALSE,Clear,FALSE,KING ST E; DANE ST; Near; 5 M,1/30/2020 11:48:15 AM,542501.4601,4810173.742,Q2,Weekend,FALSE
4390,47871,18-128930,6/6/2018 7:00:00 AM,2018,6,6,7,0,Wednesday,537322.9654,4808839.463,-80.53886,43.431529,Non intersection,2,P.D. only,On roadway,SMV,Dark,Municipal,No control,Unknown,FALSE,FALSE,FALSE,Clear,FALSE,WILDLARK CRES; WILDLARK CRES,1/30/2020 11:48:14 AM,537322.9654,4808839.463,Q2,Working,FALSE
4391,47872,18-129418,6/8/2018 8:58:00 AM,2018,6,8,8,58,Friday,542496.7617,4810877.517,-80.474779,43.449604,Intersection,2,P.D. only,On roadway,Intersection,Daylight,Municipal,Sign Control,Functioning,FALSE,FALSE,FALSE,Clear,FALSE,SIMEON ST; CAMERON ST N,1/30/2020 11:48:14 AM,542496.7617,4810877.517,Q2,Weekend,FALSE
4392,47873,18-129837,6/8/2018 8:30:00 AM,2018,6,8,8,30,Friday,542418.3263,4806993.829,-80.47605,43.414639,Non intersection,2,P.D. only,On roadway,Other,Daylight,Municipal,No control,Unknown,FALSE,FALSE,FALSE,Clear,FALSE,CENTURY HILL DR; CENTURY HILL DR; Near,1/30/2020 11:48:12 AM,542418.3263,4806993.829,Q2,Weekend,FALSE
4393,47874,18-129998,6/8/2018 5:05:00 PM,2018,6,8,17,5,Friday,539581.7396,4805913.091,-80.511165,43.405063,Private Drive,2,P.D. only,On roadway,Other,Daylight,Municipal,No control,Unknown,FALSE,FALSE,FALSE,Clear,FALSE,MAX BECKER DR; MAX BECKER DR ; At,1/30/2020 11:48:11 AM,539581.7396,4805913.091,Q2,Weekend,FALSE
4394,47875,18-130068,6/8/2018 9:12:00 PM,2018,6,8,21,12,Friday,539771.5725,4809842.039,-80.508535,43.44043,Private Drive,1,Non-fatal injury,On roadway,Intersection,Dusk,Municipal,No control,Unknown,FALSE,TRUE,FALSE,Clear,FALSE,BELMONT AVE W; BURN PLACE; 6 M,1/30/2020 11:48:10 AM,539771.5725,4809842.039,Q2,Weekend,FALSE
4395,47876,18-130320,6/9/2018 4:57:00 AM,2018,6,9,4,57,Saturday,549280.5897,4806286.039,-80.391355,43.407847,Private Drive,2,P.D. only,Off roadway,SMV,Dawn,Other,No control,Unknown,FALSE,FALSE,FALSE,Clear,FALSE,GATEWAY PARK DR; KING ST E; Near; 5 M,1/30/2020 11:48:09 AM,549280.5897,4806286.039,Q2,Weekend,FALSE
4396,47877,18-130487,6/9/2018 11:10:00 AM,2018,6,9,11,10,Saturday,541358.0277,4808643.258,-80.489022,43.42955,Intersection,1,Non-fatal injury,On roadway,Rear end,Daylight,Municipal,Sign Control,Functioning,FALSE,FALSE,FALSE,Clear,FALSE,HOFFMAN ST ; HOMER WATSON BLVD ; Near; 25 M,1/30/2020 11:48:09 AM,541358.0277,4808643.258,Q2,Weekend,FALSE
4397,47878,18-130581,6/9/2018 11:59:00 AM,2018,6,9,11,59,Saturday,544829.2122,4805006.219,-80.446435,43.396603,Non intersection,2,P.D. only,On roadway,Rear end,Daylight,Municipal,Other,Functioning,FALSE,FALSE,FALSE,Clear,FALSE,DOON VILLAGE RD; MILLWOOD CRES,1/30/2020 11:48:08 AM,544829.2122,4805006.219,Q2,Weekend,FALSE
4398,47879,18-131307,6/10/2018 7:41:00 AM,2018,6,10,7,41,Sunday,539682.5326,4809082.897,-80.50969,43.433599,Private Drive,2,P.D. only,Off roadway,SMV,Daylight,Other,No control,Unknown,FALSE,FALSE,FALSE,Clear,FALSE,QUEENS BLVD; QUEENS BLVD ; At; 3 M,1/30/2020 11:48:07 AM,539682.5326,4809082.897,Q2,Weekend,FALSE
4399,47880,18-131425,6/10/2018 11:01:00 AM,2018,6,10,11,1,Sunday,542866.2856,4810785.605,-80.47022,43.448755,Intersection,2,P.D. only,On roadway,Intersection,Daylight,Municipal,Sign Control,Functioning,FALSE,FALSE,FALSE,Clear,FALSE,EAST AVE; STIRLING AVE N,1/30/2020 11:48:06 AM,542866.2856,4810785.605,Q2,Weekend,FALSE
4400,47881,18-131447,6/10/2018 11:21:00 AM,2018,6,10,11,21,Sunday,545365.5886,4811022.877,-80.439312,43.450744,Intersection,2,P.D. only,On roadway,Intersection,Daylight,Municipal,Sign Control,Functioning,FALSE,FALSE,FALSE,Clear,FALSE,HOLBORN DR; OLD CHICOPEE DR,1/30/2020 11:48:05 AM,545365.5886,4811022.877,Q2,Weekend,FALSE
4401,47882,18-132307,6/11/2018 1:30:00 AM,2018,6,11,1,30,Monday,542522.7803,4807600.37,-80.474713,43.420095,Private Drive,2,P.D. only,On roadway,SMV,Dark,Municipal,No control,Unknown,FALSE,FALSE,FALSE,Clear,FALSE,KINGSWOOD DR ; KINGSWOOD DR; At; 5 M,1/30/2020 11:48:04 AM,542522.7803,4807600.37,Q2,Working,FALSE
4402,47883,18-132310,6/10/2018 5:45:00 PM,2018,6,10,17,45,Sunday,537311.8274,4808853.299,-80.538997,43.431654,Private Drive,2,P.D. only,On roadway,SMV,Daylight,Municipal,No control,Unknown,FALSE,FALSE,FALSE,Clear,FALSE,WILDLARK CRES; WILDLARK CRES; At,1/30/2020 11:48:03 AM,537311.8274,4808853.299,Q2,Weekend,FALSE
4403,47884,18-132394,6/11/2018 12:49:00 PM,2018,6,11,12,49,Monday,539574.017,4806250.586,-80.511236,43.408103,Intersection,2,P.D. only,On roadway,Intersection,Daylight,Municipal,Sign Control,Functioning,FALSE,FALSE,FALSE,Clear,FALSE,ACTIVA AVE; COPPER LEAF ST,1/30/2020 11:48:02 AM,539574.017,4806250.586,Q2,Working,FALSE
4404,47885,18-132601,6/11/2018 3:50:00 PM,2018,6,11,15,50,Monday,543046.759,4812835.138,-80.467827,43.467199,Non intersection,1,Non-fatal injury,On roadway,Rear end,Daylight,Municipal,No control,Unknown,FALSE,FALSE,FALSE,Clear,FALSE,RIVERBEND DR; SHELLEY DR,1/30/2020 11:48:01 AM,543046.759,4812835.138,Q2,Working,FALSE
4405,47886,18-132685,6/11/2018 4:30:00 PM,2018,6,11,16,30,Monday,542162.88,4810382.811,-80.478944,43.445168,Intersection,2,P.D. only,On roadway,Rear end,Daylight,Regional,Sign Control,Functioning,FALSE,FALSE,FALSE,Clear,FALSE,KING ST E; PANDORA AVE N; At,1/30/2020 11:48:00 AM,542162.88,4810382.811,Q2,Working,FALSE
4406,47887,18-132719,6/10/2018 10:45:00 AM,2018,6,10,10,45,Sunday,544513.3966,4811426.137,-80.449812,43.454426,Private Drive,2,P.D. only,Off roadway,SMV,Daylight,Municipal,No control,Unknown,FALSE,FALSE,FALSE,Clear,FALSE,OWEN AVE; OWEN AVE,1/30/2020 11:47:59 AM,544513.3966,4811426.137,Q2,Weekend,FALSE
4407,47888,18-132755,6/11/2018 7:36:00 PM,2018,6,11,19,36,Monday,543397.4626,4805617.875,-80.464066,43.402194,Private Drive,2,P.D. only,Off roadway,SMV,Daylight,Municipal,No control,Unknown,FALSE,FALSE,FALSE,Clear,FALSE,TRILLIUM DR; TRILLIUM DR ; At; 10 M,1/30/2020 11:47:58 AM,543397.4626,4805617.875,Q2,Working,FALSE
4408,47889,18-133101,6/12/2018 9:03:00 AM,2018,6,12,9,3,Tuesday,540122.3031,4809465.592,-80.504228,43.437022,Intersection,2,P.D. only,On roadway,Rear end,Daylight,Municipal,Sign Control,Functioning,FALSE,FALSE,FALSE,Clear,FALSE,BELMONT AVE E; SPADINA RD W; At; 0 M,1/30/2020 11:47:57 AM,540122.3031,4809465.593,Q2,Working,FALSE
4409,47890,18-133565,6/10/2018 7:00:00 PM,2018,6,10,19,0,Sunday,547302.9109,4805667.558,-80.415833,43.402405,Private Drive,2,P.D. only,Off roadway,SMV,Daylight,Municipal,No control,Unknown,FALSE,FALSE,FALSE,Clear,FALSE,JOSEPH SCHOERG CRES; JOSEPH SCHOERG CRES,1/30/2020 11:47:56 AM,547302.9109,4805667.558,Q2,Weekend,FALSE
4410,47891,18-134091,6/13/2018 12:34:00 PM,2018,6,13,12,34,Wednesday,544233.0453,4808805.185,-80.453489,43.430844,Intersection,2,P.D. only,On roadway,Intersection,Daylight,Municipal,Sign Control,Functioning,FALSE,FALSE,FALSE,Clear,FALSE,FIFTH AVE; CONNAUGHT ST,1/30/2020 11:47:55 AM,544233.0453,4808805.185,Q2,Working,FALSE
4411,47892,18-134208,6/13/2018 2:38:00 PM,2018,6,13,14,38,Wednesday,541501.7478,4811993.709,-80.486991,43.45971,Intersection,1,Non-fatal injury,On roadway,Intersection,Daylight,Municipal,Sign Control,Functioning,FALSE,FALSE,FALSE,Clear,FALSE,WELLINGTON ST N; ST LEGER ST,1/30/2020 11:47:54 AM,541501.7478,4811993.709,Q2,Working,FALSE
4412,47893,18-134279,6/11/2018 10:00:00 AM,2018,6,11,10,0,Monday,543075.833,4812800.343,-80.467471,43.466884,Intersection,1,Non-fatal injury,On roadway,Rear end,Daylight,Municipal,Signal Control,Functioning,FALSE,FALSE,FALSE,Clear,FALSE,SHIRLEY AVE; RIVERBEND DR,1/30/2020 11:47:54 AM,543075.833,4812800.343,Q2,Working,FALSE
4413,47894,18-134429,6/13/2018 5:05:00 PM,2018,6,13,17,5,Wednesday,543339.5072,4812832.687,-80.464209,43.46716,Non intersection,2,P.D. only,On roadway,Rear end,Daylight,Municipal,No control,Unknown,FALSE,FALSE,FALSE,Clear,FALSE,SHIRLEY AVE; SHIRLEY AVE; Near,1/30/2020 11:47:52 AM,543339.5072,4812832.688,Q2,Working,FALSE
4414,47895,18-134446,6/13/2018 3:45:00 PM,2018,6,13,15,45,Wednesday,547167.0208,4805717.777,-80.417507,43.402866,Private Drive,1,Non-fatal injury,On roadway,Other,Daylight,Municipal,No control,Unknown,FALSE,FALSE,FALSE,Clear,FALSE,DEER RIDGE DR; DEER RIDGE DR; At,1/30/2020 11:47:51 AM,547167.0208,4805717.777,Q2,Working,FALSE
4415,47896,18-134469,6/13/2018 8:00:00 PM,2018,6,13,20,0,Wednesday,541570.2834,4809408.066,-80.486341,43.436425,Non intersection,1,Non-fatal injury,Off roadway,SMV,Daylight,Municipal,No control,Unknown,FALSE,FALSE,FALSE,Clear,FALSE,MILL ST; MILL ST ; Near; 1 M,1/30/2020 11:47:51 AM,541570.2834,4809408.066,Q2,Working,FALSE
4416,47897,18-135309,6/14/2018 5:40:00 PM,2018,6,14,17,40,Thursday,541868.5369,4806791.255,-80.482857,43.412846,Intersection,2,P.D. only,On roadway,Intersection,Daylight,Municipal,Sign Control,Functioning,FALSE,FALSE,FALSE,Clear,FALSE,RITTENHOUSE RD; BROOKFIELD CRES,1/30/2020 11:47:50 AM,541868.5369,4806791.255,Q2,Weekend,FALSE
4417,47898,18-135825,6/15/2018 10:28:00 AM,2018,6,15,10,28,Friday,541344.315,4809062.608,-80.489159,43.433327,Intersection,2,P.D. only,On roadway,Intersection,Daylight,Regional,Sign Control,Functioning,FALSE,FALSE,FALSE,Clear,FALSE,HIGHLAND RD E; HEIMAN S,1/30/2020 11:47:49 AM,541344.315,4809062.608,Q2,Weekend,FALSE
4418,47899,18-135938,6/14/2018 5:15:00 PM,2018,6,14,17,15,Thursday,543857.0793,4805115.059,-80.45843,43.39764,Intersection,2,P.D. only,On roadway,Rear end,Daylight,Regional,Sign Control,Functioning,FALSE,FALSE,FALSE,Clear,FALSE,HURON RD; TRILLIUM DR,1/30/2020 11:47:48 AM,543857.0793,4805115.059,Q2,Weekend,FALSE
4419,47900,18-136147,6/14/2018 4:00:00 PM,2018,6,14,16,0,Thursday,539356.6626,4811712.046,-80.513527,43.45729,Non intersection,2,P.D. only,On roadway,SMV,Daylight,Municipal,No control,Unknown,FALSE,FALSE,FALSE,Clear,FALSE,MT HOPE ST; KING ST W; Near; 50 M,1/30/2020 11:47:47 AM,539356.6626,4811712.046,Q2,Weekend,FALSE
4420,47901,18-136163,6/15/2018 5:46:00 PM,2018,6,15,17,46,Friday,543628.9495,4808733.702,-80.460958,43.430236,Non intersection,1,Non-fatal injury,Off roadway,SMV,Daylight,Municipal,No control,Unknown,FALSE,FALSE,FALSE,Clear,FALSE,BONIFACE AVE; BONIFACE AVE ; 10 M,1/30/2020 11:47:46 AM,543628.9495,4808733.702,Q2,Weekend,FALSE
4421,47902,18-136172,6/15/2018 5:58:00 PM,2018,6,15,17,58,Friday,541068,4811108,0,0,Intersection,2,P.D. only,On roadway,Other,Daylight,Municipal,Sign Control,Functioning,FALSE,FALSE,FALSE,Clear,FALSE,FALL HARVEST DR; PIONEER RIDGE DR; Near; 10 M,1/30/2020 11:47:45 AM,541068,4811108,Q2,Weekend,FALSE
4422,47903,18-136178,6/15/2018 6:07:00 PM,2018,6,15,18,7,Friday,538473.2527,4807958.114,-80.52471,43.423535,Private Drive,2,P.D. only,On roadway,Intersection,Daylight,Municipal,No control,Unknown,FALSE,FALSE,FALSE,Clear,FALSE,ELM RIDGE DR; ELM RIDGE DR ; At; 2 M,1/30/2020 11:47:44 AM,538473.2527,4807958.114,Q2,Weekend,FALSE
4423,47904,18-136303,6/15/2018 8:45:00 PM,2018,6,15,20,45,Friday,543201.8313,4812099.625,-80.465969,43.460567,Private Drive,2,P.D. only,Off roadway,SMV,Daylight,Municipal,No control,Unknown,FALSE,FALSE,FALSE,Clear,FALSE,FREDERICK ST; FREDERICK ST ; At; 5 M,1/30/2020 11:47:43 AM,543201.8313,4812099.625,Q2,Weekend,FALSE
4424,47905,18-136746,6/16/2018 8:36:00 AM,2018,6,16,8,36,Saturday,543565.2442,4812259.016,-80.461464,43.461981,Intersection,2,P.D. only,On roadway,Other,Daylight,Regional,Signal Control,Functioning,FALSE,FALSE,FALSE,Clear,FALSE,RIVER RD E; FREDERICK ST; 4 M,1/30/2020 11:47:42 AM,543565.2442,4812259.016,Q2,Weekend,FALSE
4425,47906,18-137169,6/16/2018 6:15:00 PM,2018,6,16,18,15,Saturday,538216.932,4808357.797,-80.527849,43.427147,Intersection,1,Non-fatal injury,On roadway,Intersection,Daylight,Municipal,Signal Control,Functioning,FALSE,TRUE,FALSE,Clear,FALSE,QUEENS BLVD; ELM RIDGE DR ; 5 M,1/30/2020 11:47:41 AM,538216.932,4808357.797,Q2,Weekend,FALSE
4426,47907,18-138523,6/18/2018 10:50:00 AM,2018,6,18,10,50,Monday,545079.3135,4813535.388,-80.442643,43.473384,Intersection,2,P.D. only,On roadway,Intersection,Daylight,Regional,Sign Control,Functioning,FALSE,FALSE,FALSE,Clear,FALSE,SHIRLEY DR ; BINGEMANS CENTRE DR ; At; 1 M,1/30/2020 11:47:40 AM,545079.3135,4813535.388,Q2,Working,FALSE
4427,47908,18-138596,6/18/2018 11:55:00 AM,2018,6,18,11,55,Monday,544796.1454,4809836.678,-80.446447,43.440098,Private Drive,1,Non-fatal injury,On roadway,SMV,Daylight,Other,Sign Control,Functioning,TRUE,FALSE,FALSE,Clear,FALSE,FRANKLIN ST N; FRANKLIN ST N; 1 M,2/19/2019 2:08:34 PM,544796.1454,4809836.678,Q2,Working,FALSE
4428,47909,18-138616,6/17/2018 11:00:00 AM,2018,6,17,11,0,Sunday,541916.2609,4803575.688,-80.482514,43.38389,Private Drive,2,P.D. only,Off roadway,SMV,Daylight,Municipal,No control,Unknown,FALSE,FALSE,FALSE,Clear,FALSE,ROCHEFORT ST; ROCHEFORT ST ; At,1/30/2020 11:47:40 AM,541916.2609,4803575.688,Q2,Weekend,FALSE
4429,47910,18-138702,6/18/2018 1:35:00 PM,2018,6,18,13,35,Monday,541108.9882,4810594.103,-80.491952,43.447129,Non intersection,1,Non-fatal injury,Off roadway,SMV,Daylight,Municipal,No control,Unknown,FALSE,FALSE,FALSE,Clear,FALSE,QUEEN ST S; QUEEN ST S; At; 8 M,1/30/2020 11:47:38 AM,541108.9882,4810594.103,Q2,Working,FALSE
4430,47911,18-138746,6/18/2018 2:12:00 PM,2018,6,18,14,12,Monday,543857.9479,4805115.631,-80.458419,43.397645,Intersection,2,P.D. only,On roadway,Rear end,Daylight,Other,Signal Control,Functioning,FALSE,FALSE,FALSE,Clear,FALSE,HURON RD; TRILLIUM DR,2/19/2019 2:08:33 PM,543857.9479,4805115.631,Q2,Working,FALSE
4431,47912,18-138851,6/18/2018 3:15:00 PM,2018,6,18,15,15,Monday,543248.8089,4804517.486,-80.465988,43.392295,Intersection,2,P.D. only,On roadway,Intersection,Daylight,Regional,Sign Control,Functioning,FALSE,FALSE,FALSE,Rain,FALSE,HURON RD; STRASBURG RD,1/30/2020 11:47:38 AM,543248.8089,4804517.486,Q2,Working,FALSE
4432,47913,18-138870,6/18/2018 12:35:00 PM,2018,6,18,12,35,Monday,543850.1222,4808094.106,-80.458277,43.424464,Non intersection,1,Non-fatal injury,On roadway,SMV,Daylight,Municipal,No control,Unknown,TRUE,FALSE,FALSE,Clear,FALSE,CLARK AVE; CLARK AVE ; At; 1 M,1/30/2020 11:47:37 AM,543850.1222,4808094.106,Q2,Working,FALSE
4433,47914,18-139122,6/18/2018 10:05:00 PM,2018,6,18,22,5,Monday,539161.6033,4811534.966,-80.51595,43.455705,Non intersection,2,P.D. only,On roadway,SMV,Dark,Regional,No control,Unknown,FALSE,FALSE,FALSE,Clear,FALSE,YORK ST; YORK ST ; At; 1 M,1/30/2020 11:47:36 AM,539161.6033,4811534.966,Q2,Working,FALSE
4434,47915,18-139326,6/19/2018 8:36:00 AM,2018,6,19,8,36,Tuesday,544610.3971,4809093.171,-80.448803,43.433415,Intersection,1,Non-fatal injury,On roadway,Intersection,Daylight,Municipal,Signal Control,Functioning,FALSE,TRUE,FALSE,Clear,FALSE,FRANKLIN ST S; KINGSWAY DR,1/30/2020 11:47:35 AM,544610.3971,4809093.171,Q2,Working,FALSE
4435,47916,18-139350,6/19/2018 7:55:00 AM,2018,6,19,7,55,Tuesday,543246.8962,4804515.556,-80.466012,43.392278,Intersection,1,Non-fatal injury,On roadway,Rear end,Daylight,Regional,Sign Control,Functioning,FALSE,FALSE,FALSE,Clear,FALSE,STRASBURG RD; HURON RD,1/30/2020 11:47:34 AM,543246.8962,4804515.556,Q2,Working,FALSE
4436,47917,18-139621,6/19/2018 12:00:00 PM,2018,6,19,12,0,Tuesday,545267.2438,4803502.101,-80.441151,43.383033,Non intersection,2,Non-reportable,Off roadway,SMV,Daylight,Municipal,No control,Unknown,FALSE,FALSE,FALSE,Clear,FALSE,APPLE RIDGE DR; FOREST CREEK DR,1/30/2020 11:47:33 AM,545267.2438,4803502.101,Q2,Working,FALSE
4437,47918,18-140263,6/16/2018 9:15:00 AM,2018,6,16,9,15,Saturday,544116.8297,4811894.485,-80.454675,43.458667,Intersection,2,P.D. only,On roadway,Rear end,Daylight,Municipal,Sign Control,Functioning,FALSE,FALSE,FALSE,Clear,FALSE,MANCHESTER RD; RIVER RD E,1/30/2020 11:47:32 AM,544116.8297,4811894.485,Q2,Weekend,FALSE
4438,47919,18-140404,6/20/2018 11:44:00 AM,2018,6,20,11,44,Wednesday,538495.678,4809648.816,-80.524314,43.438757,Non intersection,2,P.D. only,On roadway,Rear end,Daylight,Municipal,No control,Unknown,FALSE,FALSE,FALSE,Clear,FALSE,HAZELGLEN DR; HAZELGLEN DR ; At; 1 M,1/30/2020 11:47:31 AM,538495.678,4809648.816,Q2,Working,FALSE
4439,47920,18-140415,6/20/2018 11:57:00 AM,2018,6,20,11,57,Wednesday,544883.1827,4804850.255,-80.445782,43.395195,Intersection,1,Non-fatal injury,On roadway,Rear end,Daylight,Municipal,Signal Control,Functioning,FALSE,FALSE,FALSE,Clear,FALSE,DOON VILLAGE RD; PIONEER DR; Near; 25 M,1/30/2020 11:47:30 AM,544883.1827,4804850.255,Q2,Working,FALSE
4440,47921,18-141025,6/21/2018 1:05:00 AM,2018,6,21,1,5,Thursday,543777.9869,4809844.886,-80.459028,43.440232,Non intersection,2,P.D. only,On roadway,SMV,Dark,Municipal,No control,Unknown,FALSE,FALSE,FALSE,Clear,FALSE,BRENTWOOD AVE; BRENTWOOD AVE ; Near; 5 M,1/30/2020 11:47:29 AM,543777.9869,4809844.886,Q2,Weekend,FALSE
4441,47922,18-141606,6/21/2018 4:20:00 PM,2018,6,21,16,20,Thursday,545364.3503,4811023.236,-80.439328,43.450748,Intersection,1,Non-fatal injury,On roadway,SMV,Daylight,Regional,Sign Control,Functioning,TRUE,FALSE,FALSE,Clear,FALSE,HOLBORN DR; OLD CHICOPEE DR,1/30/2020 11:47:28 AM,545364.3503,4811023.236,Q2,Weekend,FALSE
4442,47923,18-141797,6/21/2018 8:24:00 PM,2018,6,21,20,24,Thursday,540071.0123,4809624.453,-80.50485,43.438455,Private Drive,2,P.D. only,On roadway,SMV,Dusk,Municipal,No control,Unknown,FALSE,TRUE,FALSE,Clear,FALSE,NORTH DR; NORTH DR ; 2 M,1/30/2020 11:47:27 AM,540071.0123,4809624.453,Q2,Weekend,FALSE
4443,47924,18-142467,6/22/2018 5:04:00 PM,2018,6,22,17,4,Friday,541068,4811108,0,0,Non intersection,2,P.D. only,Off roadway,SMV,Daylight,Municipal,No control,Unknown,FALSE,FALSE,FALSE,Clear,FALSE,SEABROOK DR; FALLING GREEN CRES ; Near; 3 M,1/30/2020 11:47:26 AM,541068,4811108,Q2,Weekend,FALSE
4444,47925,18-142493,6/22/2018 5:42:00 PM,2018,6,22,17,42,Friday,539843.4607,4807417.639,-80.507823,43.418597,Private Drive,2,P.D. only,Off roadway,SMV,Daylight,Other,No control,Unknown,FALSE,FALSE,FALSE,Rain,FALSE,WILLIAMSBURG RD; WILLIAMSBURG RD ; At; 5 M,1/30/2020 11:47:25 AM,539843.4607,4807417.639,Q2,Weekend,FALSE
4445,47926,18-142589,6/22/2018 6:00:00 PM,2018,6,22,18,0,Friday,540109.5672,4807459.904,-80.504533,43.418963,Non intersection,2,P.D. only,On roadway,SMV,Daylight,Municipal,No control,Unknown,FALSE,FALSE,FALSE,Rain,FALSE,PINEDALE DR ; PINEDALE DR,1/30/2020 11:47:24 AM,540109.5672,4807459.904,Q2,Weekend,FALSE
4446,47927,18-142732,6/23/2018 12:16:00 AM,2018,6,23,0,16,Saturday,539407.5449,4809877.399,-80.51303,43.440768,Intersection,1,Non-fatal injury,Off roadway,SMV,Dark,Municipal,Sign Control,Functioning,FALSE,FALSE,FALSE,Rain,FALSE,LAWRENCE AVE; PAULANDER DR,1/30/2020 11:47:23 AM,539407.5449,4809877.399,Q2,Weekend,FALSE
4447,47928,18-143236,6/23/2018 5:24:00 PM,2018,6,23,17,24,Saturday,544166.3521,4808902.419,-80.454305,43.431723,Non intersection,2,P.D. only,On roadway,SMV,Daylight,Regional,No control,Unknown,FALSE,FALSE,FALSE,Clear,FALSE,FOURTH AVE; FOURTH AVE ; 5 M,1/30/2020 11:47:22 AM,544166.3521,4808902.419,Q2,Weekend,FALSE
4448,47929,18-143508,6/24/2018 12:36:00 AM,2018,6,24,0,36,Sunday,545072.8095,4810776.93,-80.442951,43.448547,Non intersection,1,Non-fatal injury,Off roadway,SMV,Dark,Regional,No control,Unknown,FALSE,FALSE,FALSE,Clear,FALSE,RIVER RD E; HOLBORN DR; 65 M,1/30/2020 11:47:21 AM,545072.8094,4810776.93,Q2,Weekend,FALSE
4449,47930,18-143937,6/24/2018 3:26:00 PM,2018,6,24,15,26,Sunday,542748.8729,4811584.556,-80.471608,43.455956,Non intersection,2,P.D. only,Off roadway,SMV,Daylight,Municipal,No control,Unknown,FALSE,FALSE,FALSE,Rain,FALSE,DUMFRIES AVE; CHAPEL ST; Near; 23 M,1/30/2020 11:47:20 AM,542748.8729,4811584.556,Q2,Weekend,FALSE
4450,47931,18-144646,6/25/2018 8:13:00 AM,2018,6,25,8,13,Monday,544102.2598,4803375.296,-80.455543,43.381961,Non intersection,2,P.D. only,On roadway,SMV,Daylight,Municipal,No control,Unknown,FALSE,FALSE,FALSE,Clear,FALSE,HEARTHWOOD CRES; HEARTHWOOD CRES ; Near,1/30/2020 11:47:19 AM,544102.2598,4803375.296,Q2,Working,FALSE
4451,47932,18-144799,6/25/2018 3:22:00 PM,2018,6,25,15,22,Monday,549443.8296,4806005.312,-80.389365,43.405308,Private Drive,2,P.D. only,On roadway,Intersection,Daylight,Municipal,No control,Unknown,FALSE,FALSE,FALSE,Clear,FALSE,TU LANE ST ; KING ST E; Near; 3 M,1/30/2020 11:47:19 AM,549443.8296,4806005.312,Q2,Working,FALSE
4452,47933,18-144881,6/25/2018 4:40:00 PM,2018,6,25,16,40,Monday,542738.7226,4810032.432,-80.471855,43.441981,Non intersection,2,P.D. only,On roadway,Rear end,Daylight,Regional,Signal Control,Functioning,FALSE,FALSE,FALSE,Clear,FALSE,KING ST E; KING ST E,1/30/2020 11:47:18 AM,542738.7226,4810032.433,Q2,Working,FALSE
4453,47934,18-145358,6/26/2018 8:53:00 AM,2018,6,26,8,53,Tuesday,541088.3892,4811019.719,-80.492174,43.450963,Intersection,1,Non-fatal injury,On roadway,Intersection,Daylight,Regional,Sign Control,Functioning,FALSE,TRUE,FALSE,Clear,FALSE,KING ST W; YOUNG ST ; 0 M,1/30/2020 11:47:17 AM,541088.3892,4811019.719,Q2,Working,FALSE
4454,47935,18-145466,6/26/2018 11:10:00 AM,2018,6,26,11,10,Tuesday,541819.1644,4810607.11,-80.483174,43.447207,Private Drive,1,Non-fatal injury,On roadway,Intersection,Daylight,Regional,No control,Unknown,FALSE,FALSE,FALSE,Clear,FALSE,KING ST E; KING ST E; At; 15 M,1/30/2020 11:47:15 AM,541819.1644,4810607.11,Q2,Working,FALSE
4455,47936,18-145650,6/26/2018 3:00:00 PM,2018,6,26,15,0,Tuesday,542942.4818,4811339.167,-80.469234,43.453735,Intersection,2,P.D. only,On roadway,Intersection,Daylight,Municipal,Sign Control,Functioning,FALSE,FALSE,FALSE,Clear,FALSE,KRUG ST; DUMFRIES AVE,1/30/2020 11:47:14 AM,542942.4818,4811339.167,Q2,Working,FALSE
4456,47937,18-145668,6/26/2018 3:27:00 PM,2018,6,26,15,27,Tuesday,540350.0216,4811462.347,-80.501267,43.454988,Intersection,2,P.D. only,On roadway,Intersection,Daylight,Municipal,Signal Control,Functioning,FALSE,FALSE,FALSE,Clear,FALSE,MOORE AVE; WELLINGTON ST N,1/30/2020 11:47:13 AM,540350.0216,4811462.347,Q2,Working,FALSE
4457,47938,18-145713,6/26/2018 3:10:00 PM,2018,6,26,15,10,Tuesday,542314.1745,4810288.037,-80.477081,43.444306,Intersection,1,Non-fatal injury,On roadway,Rear end,Daylight,Regional,Signal Control,Functioning,FALSE,FALSE,FALSE,Clear,FALSE,KING ST E; STIRLING AVE N,1/30/2020 11:47:12 AM,542314.1745,4810288.037,Q2,Working,FALSE