,OBJECTID,ACCIDENTNUM,ACCIDENTDATE,ACCIDENT_YEAR,ACCIDENT_MONTH,ACCIDENT_DAY,ACCIDENT_HOUR,ACCIDENT_MINUTE,Accident_Day,XCOORD,YCOORD,LONGITUDE,LATITUDE,Accident_Location,COLLISIONTYPE,Accident_Type,Impact_Location,Impact_Type,Light,Road_Jurisdication,Traffic_Control,Traffic_Control_Condition,Pedestrian_Involved,Cyclist_Involved,Motorcyclist_Involved,Environment_Condition,Self_Reported,XMLIMPORTNOTES,LASTEDITEDDATE,x,y,Quarter,Day_Type,Vulnerable_Involved
4458,47939,18-145718,6/26/2018 2:40:00 PM,2018,6,26,14,40,Tuesday,537817.1447,4808937.747,-80.532748,43.432389,Private Drive,1,Non-fatal injury,Other,SMV,Daylight,Municipal,No control,Unknown,TRUE,FALSE,FALSE,Clear,FALSE,OPRINGTON PL; OPRINGTON PL ; At; 2 M,1/30/2020 11:47:11 AM,537817.1447,4808937.747,Q2,Working,FALSE
4459,47940,18-146235,6/27/2018 8:30:00 AM,2018,6,27,8,30,Wednesday,538362.1919,4811255.766,-80.525851,43.453233,Non intersection,2,P.D. only,Off roadway,SMV,Daylight,Municipal,No control,Unknown,FALSE,FALSE,FALSE,Clear,FALSE,RUSHOLME RD; RUSHOLME RD,1/30/2020 11:47:10 AM,538362.1919,4811255.766,Q2,Working,FALSE
4460,47941,18-146406,6/27/2018 2:13:00 PM,2018,6,27,14,13,Wednesday,543569.1697,4804974.704,-80.461997,43.396393,Intersection,1,Non-fatal injury,On roadway,Intersection,Daylight,Regional,Signal Control,Functioning,FALSE,FALSE,FALSE,Rain,FALSE,HURON RD; BATTLER RD,1/30/2020 11:47:09 AM,543569.1697,4804974.704,Q2,Working,FALSE
4461,47942,18-146734,6/27/2018 8:56:00 PM,2018,6,27,20,56,Wednesday,542841.2116,4809872.836,-80.470601,43.440538,Intersection,1,Non-fatal injury,On roadway,Intersection,Dark,Municipal,Sign Control,Functioning,FALSE,FALSE,FALSE,Rain,FALSE,CHARLES ST E; SYDNEY ST S,1/30/2020 11:47:08 AM,542841.2116,4809872.836,Q2,Working,FALSE
4462,47943,18-147146,6/28/2018 11:54:00 AM,2018,6,28,11,54,Thursday,542405.6312,4806621.31,-80.476236,43.411286,Intersection,1,Non-fatal injury,On roadway,Rear end,Daylight,Municipal,Sign Control,Functioning,FALSE,FALSE,FALSE,Clear,FALSE,STRASBURG RD ; OLD COUNTRY DR,1/30/2020 11:47:08 AM,542405.6312,4806621.31,Q2,Weekend,FALSE
4463,47944,18-147898,6/26/2018 8:00:00 PM,2018,6,26,20,0,Tuesday,541681.3535,4811495.416,-80.484809,43.455213,Non intersection,2,P.D. only,Off roadway,SMV,Dusk,Municipal,No control,Unknown,FALSE,FALSE,FALSE,Clear,FALSE,QUEEN ST N; QUEEN ST N,1/30/2020 11:47:07 AM,541681.3535,4811495.416,Q2,Working,FALSE
4464,47945,18-148446,6/29/2018 6:15:00 PM,2018,6,29,18,15,Friday,542012.9164,4810483.075,-80.480789,43.44608,Intersection,2,P.D. only,On roadway,Intersection,Daylight,Regional,Sign Control,Functioning,FALSE,FALSE,FALSE,Clear,FALSE,KING ST E; CAMERON ST N,1/30/2020 11:47:06 AM,542012.9164,4810483.075,Q2,Weekend,FALSE
4465,47946,18-148834,6/30/2018 9:00:00 AM,2018,6,30,9,0,Saturday,544116.5799,4811895.92,-80.454678,43.45868,Intersection,2,P.D. only,On roadway,Intersection,Daylight,Municipal,Sign Control,Functioning,FALSE,FALSE,FALSE,Clear,FALSE,RIVER RD E; MANCHESTER RD,1/30/2020 11:47:05 AM,544116.5799,4811895.92,Q2,Weekend,FALSE
4466,47947,18-149178,6/30/2018 5:54:00 PM,2018,6,30,17,54,Saturday,541677.0128,4808874.951,-80.485063,43.431619,Private Drive,2,P.D. only,Off roadway,SMV,Daylight,Municipal,No control,Unknown,FALSE,FALSE,FALSE,Clear,FALSE,KEHL ST; KEHL ST ; Near; 5 M,1/30/2020 11:47:04 AM,541677.0128,4808874.951,Q2,Weekend,FALSE
4467,47948,18-149349,6/30/2018 9:49:00 PM,2018,6,30,21,49,Saturday,543516.2953,4808366.375,-80.462379,43.426935,Non intersection,2,P.D. only,On roadway,SMV,Dark,Municipal,No control,Unknown,FALSE,FALSE,FALSE,Clear,FALSE,VANIER DR; VANIER DR ; At; 21 M,1/30/2020 11:47:03 AM,543516.2953,4808366.375,Q2,Weekend,FALSE
4468,47949,18-149821,7/1/2018 2:33:00 PM,2018,7,1,14,33,Sunday,540228.7567,4809503.04,-80.50291,43.437353,Intersection,2,P.D. only,On roadway,Intersection,Daylight,Municipal,Sign Control,Functioning,FALSE,FALSE,FALSE,Clear,FALSE,QUEENS BLVD; NORTH DR; Near; 5 M,1/30/2020 11:47:02 AM,540228.7567,4809503.04,Q3,Weekend,FALSE
4469,47950,18-149853,7/1/2018 3:23:00 PM,2018,7,1,15,23,Sunday,537998.353,4806972.379,-80.530646,43.414683,Private Drive,2,P.D. only,On roadway,SMV,Daylight,Municipal,No control,Unknown,FALSE,FALSE,FALSE,Clear,FALSE,DEERWOOD CRES; DEERWOOD CRES; At; 0 M,1/30/2020 11:47:01 AM,537998.353,4806972.379,Q3,Weekend,FALSE
4470,47951,18-151152,7/3/2018 12:00:00 AM,2018,7,3,0,0,Tuesday,543227.2408,4804480.162,-80.466258,43.39196,Intersection,2,P.D. only,Other,SMV,Dark,Municipal,Sign Control,Functioning,FALSE,FALSE,FALSE,Clear,FALSE,STRASBURG RD; HURON RD; Near; 30 M,1/30/2020 11:47:00 AM,543227.2408,4804480.162,Q3,Working,FALSE
4471,47952,18-151527,7/3/2018 2:59:00 PM,2018,7,3,14,59,Tuesday,540385.7218,4810715.509,-80.500881,43.448262,Non intersection,1,Non-fatal injury,Other,SMV,Daylight,Municipal,No control,Unknown,FALSE,FALSE,FALSE,Clear,FALSE,THERESA ST; THERESA ST ; At; 8 M,1/30/2020 11:46:59 AM,540385.7218,4810715.509,Q3,Working,FALSE
4472,47953,18-152306,7/4/2018 12:54:00 PM,2018,7,4,12,54,Wednesday,542087.5576,4810431.528,-80.479871,43.445611,Other,2,P.D. only,Off roadway,SMV,Daylight,Other,No control,Unknown,FALSE,FALSE,FALSE,Clear,FALSE,KING ST E; BETZNER ST N; At; 6 M,1/30/2020 11:46:58 AM,542087.5576,4810431.528,Q3,Working,FALSE
4473,47954,18-152402,7/4/2018 3:19:00 PM,2018,7,4,15,19,Wednesday,541557.9093,4810764.661,-80.486391,43.44864,Non intersection,2,P.D. only,On roadway,Intersection,Daylight,Regional,No control,Unknown,FALSE,FALSE,FALSE,Clear,FALSE,KING ST E; SCOTT ST; Near; 25 M,1/30/2020 11:46:57 AM,541557.9093,4810764.662,Q3,Working,FALSE
4474,47955,18-152488,7/4/2018 4:48:00 PM,2018,7,4,16,48,Wednesday,547634.2049,4809745.643,-80.411387,43.439103,Private Drive,2,P.D. only,On roadway,Intersection,Daylight,Municipal,No control,Unknown,FALSE,FALSE,FALSE,Clear,FALSE,SIMS ESTATE DR ; SIMS ESTATE DR; At; 2 M,1/30/2020 11:46:56 AM,547634.2049,4809745.643,Q3,Working,FALSE
4475,47956,18-152932,7/4/2018 12:00:00 PM,2018,7,4,12,0,Wednesday,545673.7726,4809264.401,-80.435651,43.434892,Non intersection,2,P.D. only,On roadway,SMV,Daylight,Municipal,No control,Unknown,FALSE,FALSE,FALSE,Clear,FALSE,OBERMEYER DR; OBERMEYER DR; Near,1/30/2020 11:46:56 AM,545673.7726,4809264.401,Q3,Working,FALSE
4476,47957,18-152971,7/5/2018 8:30:00 AM,2018,7,5,8,30,Thursday,538615.866,4810884.082,-80.522742,43.449873,Non intersection,2,P.D. only,On roadway,Rear end,Daylight,Municipal,No control,Unknown,FALSE,FALSE,FALSE,Clear,FALSE,GLASGOW ST; GLASGOW ST ; Near; 3 M,1/30/2020 11:46:55 AM,538615.866,4810884.082,Q3,Weekend,FALSE
4477,47958,18-153086,7/3/2018 7:30:00 AM,2018,7,3,7,30,Tuesday,537540.6585,4808746.396,-80.536177,43.43068,Private Drive,2,P.D. only,On roadway,SMV,Daylight,Municipal,No control,Unknown,FALSE,FALSE,FALSE,Clear,FALSE,OLIVER CRT; OLIVER CRT,1/30/2020 11:46:54 AM,537540.6585,4808746.396,Q3,Working,FALSE
4478,47959,18-153107,7/5/2018 11:23:00 AM,2018,7,5,11,23,Thursday,542554.5699,4815845.798,-80.473677,43.494335,Non intersection,2,P.D. only,On roadway,Other,Daylight,Regional,No control,Unknown,FALSE,FALSE,FALSE,Clear,FALSE,KESTREL ST ; OLD COTTAGE PL ; Near; 50 M,1/30/2020 11:46:53 AM,542554.5699,4815845.798,Q3,Weekend,FALSE
4479,47960,18-153182,7/5/2018 12:44:00 PM,2018,7,5,12,44,Thursday,541915.6657,4811618.066,-80.481904,43.456304,Intersection,1,Non-fatal injury,On roadway,Intersection,Daylight,Municipal,Sign Control,Functioning,FALSE,TRUE,FALSE,Clear,FALSE,LANCASTER ST E; MANSION ST,1/30/2020 11:46:52 AM,541915.6657,4811618.066,Q3,Weekend,FALSE
4480,47961,18-153416,7/4/2018 5:30:00 PM,2018,7,4,17,30,Wednesday,536323.3804,4807175.696,-80.551321,43.416597,Private Drive,2,P.D. only,On roadway,SMV,Daylight,Municipal,No control,Unknown,FALSE,FALSE,FALSE,Clear,FALSE,OLD MAPLE LANE; OLD MAPLE LANE ; At,1/30/2020 11:46:51 AM,536323.3804,4807175.696,Q3,Working,FALSE
4481,47962,18-154106,7/6/2018 1:41:00 PM,2018,7,6,13,41,Friday,542011.9608,4810482.11,-80.480801,43.446071,Intersection,2,P.D. only,On roadway,Intersection,Daylight,Regional,Sign Control,Functioning,FALSE,FALSE,FALSE,Clear,FALSE,KING ST E; CAMERON ST N; 0 M,1/30/2020 11:46:50 AM,542011.9608,4810482.11,Q3,Weekend,FALSE
4482,47963,18-154886,7/7/2018 8:45:00 AM,2018,7,7,8,45,Saturday,544169.3847,4809164.834,-80.454247,43.434086,Non intersection,2,P.D. only,On roadway,SMV,Daylight,Municipal,No control,Unknown,FALSE,FALSE,FALSE,Clear,FALSE,THIRD AVE; THIRD AVE; At,1/30/2020 11:46:49 AM,544169.3847,4809164.834,Q3,Weekend,FALSE
4483,47964,18-154901,7/7/2018 11:04:00 AM,2018,7,7,11,4,Saturday,540929.8647,4809745.503,-80.494229,43.439498,Private Drive,2,P.D. only,On roadway,Intersection,Daylight,Municipal,No control,Unknown,FALSE,FALSE,FALSE,Clear,FALSE,WOODSIDE AVE ; 110 HIGHLAND RD E; At; 2 M,1/30/2020 11:46:48 AM,540929.8647,4809745.503,Q3,Weekend,FALSE
4484,47965,18-155142,7/7/2018 5:05:00 PM,2018,7,7,17,5,Saturday,540487.7821,4809732.503,-80.499693,43.439405,Intersection,2,P.D. only,On roadway,Intersection,Daylight,Municipal,Sign Control,Functioning,FALSE,FALSE,FALSE,Clear,FALSE,QUEENS BLVD ; SPADINA RD E,1/30/2020 11:46:47 AM,540487.7821,4809732.503,Q3,Weekend,FALSE
4485,47966,18-156065,7/8/2018 6:52:00 PM,2018,7,8,18,52,Sunday,540900.7675,4810839.214,-80.494506,43.449348,Private Drive,2,P.D. only,On roadway,Intersection,Daylight,Municipal,No control,Unknown,FALSE,FALSE,FALSE,Clear,FALSE,JOSEPH ST; JOSEPH ST ; At; 2 M,1/30/2020 11:46:46 AM,540900.7675,4810839.214,Q3,Weekend,FALSE
4486,47967,18-156449,7/9/2018 8:58:00 AM,2018,7,9,8,58,Monday,540850.3461,4809118.003,-80.495258,43.433853,Private Drive,2,P.D. only,On roadway,Other,Daylight,Other,No control,Unknown,FALSE,FALSE,FALSE,Clear,FALSE,MAUSSER AVE; MAUSSER AVE ; 50 M,2/19/2019 2:08:32 PM,540850.3461,4809118.003,Q3,Working,FALSE
4487,47968,18-156657,7/9/2018 12:00:00 PM,2018,7,9,12,0,Monday,542467.2689,4807561.882,-80.475402,43.419751,Non intersection,2,P.D. only,On roadway,SMV,Daylight,Municipal,No control,Unknown,FALSE,FALSE,FALSE,Clear,FALSE,GRACEFIELD CRES; GRACEFIELD CRES ; Near,1/30/2020 11:46:45 AM,542467.2689,4807561.882,Q3,Working,FALSE
4488,47969,18-156768,7/9/2018 3:17:00 PM,2018,7,9,15,17,Monday,545400.9403,4808957.219,-80.439047,43.432143,Private Drive,1,Non-fatal injury,On roadway,Rear end,Daylight,Municipal,No control,Unknown,FALSE,FALSE,FALSE,Clear,FALSE,KINZIE AVE ; WEBER ST E; Near; 50 M,1/30/2020 11:46:44 AM,545400.9403,4808957.219,Q3,Working,FALSE
4489,47970,18-156779,7/9/2018 3:27:00 PM,2018,7,9,15,27,Monday,545723.2231,4803040.21,-80.43556,43.378847,Private Drive,2,P.D. only,On roadway,Intersection,Daylight,Municipal,No control,Unknown,FALSE,FALSE,FALSE,Clear,FALSE,ROBERT FERRIE DR; ROBERT FERRIE DR ; 5 M,1/30/2020 11:46:43 AM,545723.2231,4803040.21,Q3,Working,FALSE
4490,47971,18-156855,7/9/2018 3:50:00 PM,2018,7,9,15,50,Monday,542900.7529,4807430.602,-80.470057,43.418545,Private Drive,2,P.D. only,On roadway,Intersection,Daylight,Regional,No control,Unknown,FALSE,FALSE,FALSE,Clear,FALSE,BLOCK LINE RD; BLOCK LINE RD ; Near; 1 M,1/30/2020 11:46:43 AM,542900.7529,4807430.602,Q3,Working,FALSE
4491,47972,18-157389,7/10/2018 10:08:00 AM,2018,7,10,10,8,Tuesday,541224.3759,4811868.455,-80.490429,43.458597,Intersection,2,P.D. only,On roadway,Intersection,Daylight,Municipal,Signal Control,Functioning,FALSE,FALSE,FALSE,Clear,FALSE,MARGARET AVE; WELLINGTON ST N,1/30/2020 11:46:42 AM,541224.3759,4811868.455,Q3,Working,FALSE
4492,47973,18-157625,7/10/2018 10:00:00 AM,2018,7,10,10,0,Tuesday,539084.5554,4811595.783,-80.516898,43.456257,Intersection,2,P.D. only,On roadway,SMV,Daylight,Municipal,No control,Unknown,FALSE,FALSE,FALSE,Clear,FALSE,UNION BLVD; YORK ST,1/30/2020 11:46:41 AM,539084.5554,4811595.783,Q3,Working,FALSE
4493,47974,18-158636,7/11/2018 5:31:00 PM,2018,7,11,17,31,Wednesday,545270.4461,4804852.188,-80.441,43.395189,Private Drive,1,Non-fatal injury,On roadway,Other,Daylight,Municipal,No control,Unknown,FALSE,FALSE,FALSE,Clear,FALSE,UPPER CANADA DR; UPPER CANADA DR ; At; 1 M,1/30/2020 11:46:40 AM,545270.4461,4804852.188,Q3,Working,FALSE
4494,47975,18-159000,7/12/2018 6:20:00 AM,2018,7,12,6,20,Thursday,542980.2678,4814265.927,-80.468537,43.480085,Non intersection,1,Non-fatal injury,Off roadway,SMV,Dawn,Municipal,No control,Unknown,FALSE,FALSE,FALSE,Clear,FALSE,STANLEY AVE ; STANLEY AVE ; At; 1 M,1/30/2020 11:46:39 AM,542980.2678,4814265.927,Q3,Weekend,FALSE
4495,47976,18-159281,7/12/2018 12:00:00 PM,2018,7,12,12,0,Thursday,541068,4811108,0,0,Private Drive,2,P.D. only,Off roadway,SMV,Daylight,Municipal,No control,Unknown,FALSE,FALSE,FALSE,Clear,FALSE,WATERMILL ST; WATERMILL ST ; 2 M,1/30/2020 11:46:38 AM,541068,4811108,Q3,Weekend,FALSE
4496,47977,18-159480,7/12/2018 6:10:00 PM,2018,7,12,18,10,Thursday,537579.9471,4810041.805,-80.535602,43.442342,Non intersection,2,P.D. only,On roadway,SMV,Daylight,Regional,No control,Unknown,FALSE,FALSE,FALSE,Clear,FALSE,WESTWOOD DR; WESTWOOD DR ; Near; 3 M,1/30/2020 11:46:37 AM,537579.9471,4810041.805,Q3,Weekend,FALSE
4497,47978,18-159924,7/13/2018 8:06:00 AM,2018,7,13,8,6,Friday,545187.7559,4806605.447,-80.441876,43.410981,Private Drive,2,P.D. only,On roadway,Rear end,Daylight,Municipal,No control,Unknown,FALSE,FALSE,FALSE,Clear,FALSE,WILSON AVE; WILSON AVE ; 4 M,1/30/2020 11:46:36 AM,545187.7559,4806605.447,Q3,Weekend,FALSE
4498,47979,18-159964,7/13/2018 9:02:00 AM,2018,7,13,9,2,Friday,544065.4586,4804472.153,-80.455909,43.391839,Intersection,2,P.D. only,On roadway,Intersection,Daylight,Municipal,Sign Control,Functioning,FALSE,FALSE,FALSE,Clear,FALSE,BIEHN DR; MARL MEADOW DR,1/30/2020 11:46:35 AM,544065.4586,4804472.153,Q3,Weekend,FALSE
4499,47980,18-160201,7/13/2018 1:05:00 PM,2018,7,13,13,5,Friday,547092.0759,4808414.579,-80.4182,43.427153,Private Drive,2,P.D. only,On roadway,Intersection,Daylight,Municipal,No control,Unknown,FALSE,FALSE,FALSE,Clear,FALSE,GRAND RIVER BLVD; GRAND RIVER BLVD; At; 0 M,1/30/2020 11:46:34 AM,547092.0759,4808414.579,Q3,Weekend,FALSE
4500,47981,18-160239,7/12/2018 8:45:00 PM,2018,7,12,20,45,Thursday,540331.6294,4806360.101,-80.501871,43.409048,Private Drive,2,P.D. only,On roadway,SMV,Daylight,Municipal,No control,Unknown,FALSE,FALSE,FALSE,Clear,FALSE,HIGHBROOK CRT; HIGHBROOK CRT ; At; 1 M,1/30/2020 11:46:33 AM,540331.6294,4806360.101,Q3,Weekend,FALSE
4501,47982,18-160396,7/13/2018 6:00:00 PM,2018,7,13,18,0,Friday,541619.5155,4808518.451,-80.485801,43.428412,Intersection,2,P.D. only,On roadway,Rear end,Daylight,Regional,Signal Control,Functioning,FALSE,FALSE,FALSE,Clear,FALSE,HOMER WATSON BLVD; 7 8 W OFF TO HOMER WATSON BLVD S,1/30/2020 11:46:32 AM,541619.5155,4808518.451,Q3,Weekend,FALSE
4502,47983,18-160929,7/2/2018 5:00:00 PM,2018,7,2,17,0,Monday,539450.3855,4806672.103,-80.512732,43.411905,Non intersection,2,P.D. only,On roadway,SMV,Daylight,Municipal,No control,Unknown,FALSE,FALSE,FALSE,Clear,FALSE,QUEEN CHARLOTTE CRES; QUEEN CHARLOTTE CRES ; Near,1/30/2020 11:46:31 AM,539450.3855,4806672.103,Q3,Working,FALSE
4503,47984,18-161384,7/14/2018 10:57:00 PM,2018,7,14,22,57,Saturday,539936.8517,4809001.418,-80.506554,43.432852,Private Drive,2,P.D. only,Off roadway,SMV,Dark,Municipal,No control,Unknown,FALSE,FALSE,FALSE,Clear,FALSE,BLUERIDGE AVE; BLUERIDGE AVE ; Near; 5 M,1/30/2020 11:46:29 AM,539936.8517,4809001.418,Q3,Weekend,FALSE
4504,47985,18-161770,7/14/2018 4:10:00 PM,2018,7,14,16,10,Saturday,535550.8906,4809282.291,-80.560726,43.435602,Private Drive,2,Non-reportable,On roadway,Intersection,Daylight,Municipal,Sign Control,Functioning,FALSE,FALSE,FALSE,Clear,FALSE,THE BOARDWALK; THE BOARDWALK; At,1/30/2020 11:46:28 AM,535550.8906,4809282.291,Q3,Weekend,FALSE
4505,47986,18-161839,7/15/2018 11:30:00 AM,2018,7,15,11,30,Sunday,538728.6334,4810631.643,-80.521366,43.447594,Private Drive,2,P.D. only,On roadway,SMV,Daylight,Municipal,No control,Unknown,FALSE,FALSE,FALSE,Clear,FALSE,KATHERINE CRES; KATHERINE CRES; At; 1 M,1/30/2020 11:46:27 AM,538728.6334,4810631.643,Q3,Weekend,FALSE
4506,47987,18-162101,7/15/2018 8:59:00 PM,2018,7,15,20,59,Sunday,541068,4811108,0,0,Intersection,2,P.D. only,On roadway,Intersection,Daylight,Municipal,Sign Control,Functioning,FALSE,FALSE,FALSE,Clear,FALSE,WATER ST N; BELL LANE,1/30/2020 11:46:26 AM,541068,4811108,Q3,Weekend,FALSE
4507,47988,18-162341,7/16/2018 7:47:00 AM,2018,7,16,7,47,Monday,544436.1979,4808715.608,-80.450986,43.430025,Intersection,2,P.D. only,On roadway,Rear end,Daylight,Municipal,Sign Control,Functioning,FALSE,FALSE,FALSE,Clear,FALSE,FRANKLIN ST S; CONNAUGHT ST; 4 M,1/30/2020 11:46:25 AM,544436.1979,4808715.608,Q3,Working,FALSE
4508,47989,18-162390,7/15/2018 2:00:00 PM,2018,7,15,14,0,Sunday,544127.8623,4812489.663,-80.454491,43.464025,Private Drive,2,P.D. only,On roadway,SMV,Daylight,Municipal,No control,Unknown,FALSE,FALSE,FALSE,Clear,FALSE,MONTEREY RD; MONTEREY RD,1/30/2020 11:46:25 AM,544127.8623,4812489.663,Q3,Weekend,FALSE
4509,47990,18-162628,7/16/2018 12:30:00 PM,2018,7,16,12,30,Monday,541899.3358,4806677.664,-80.482485,43.411822,Private Drive,1,Non-fatal injury,On roadway,Rear end,Daylight,Municipal,No control,Unknown,FALSE,FALSE,FALSE,Clear,FALSE,RITTENHOUSE RD; RITTENHOUSE RD,1/30/2020 11:46:23 AM,541899.3358,4806677.664,Q3,Working,FALSE
4510,47991,18-163157,7/16/2018 6:45:00 PM,2018,7,16,18,45,Monday,543023.3069,4806129.099,-80.468646,43.406819,Non intersection,2,P.D. only,Off roadway,SMV,Daylight,Municipal,No control,Unknown,FALSE,FALSE,FALSE,Rain,FALSE,SHOEMAKER ST; SHOEMAKER ST ; At; 37 M,1/30/2020 11:46:22 AM,543023.3069,4806129.099,Q3,Working,FALSE
4511,47992,18-163331,7/16/2018 4:15:00 PM,2018,7,16,16,15,Monday,539750.5696,4811229.477,-80.508693,43.452924,Private Drive,2,P.D. only,On roadway,Rear end,Daylight,Municipal,No control,Unknown,FALSE,FALSE,FALSE,Clear,FALSE,PARK ST; PARK ST; Near,1/30/2020 11:46:21 AM,539750.5696,4811229.477,Q3,Working,FALSE
4512,47993,18-163621,7/17/2018 5:20:00 PM,2018,7,17,17,20,Tuesday,541225.3373,4811868.461,-80.490417,43.458597,Intersection,2,P.D. only,On roadway,Intersection,Daylight,Municipal,Signal Control,Functioning,FALSE,FALSE,FALSE,Clear,FALSE,WELLINGTON ST N; MARGARET AVE,1/30/2020 11:46:21 AM,541225.3373,4811868.461,Q3,Working,FALSE
4513,47994,18-164021,7/18/2018 7:56:00 AM,2018,7,18,7,56,Wednesday,542313.846,4810286.891,-80.477086,43.444296,Intersection,2,P.D. only,On roadway,Intersection,Daylight,Municipal,Signal Control,Functioning,FALSE,FALSE,FALSE,Clear,FALSE,KING ST E; STIRLING AVE N,1/30/2020 11:46:20 AM,542313.846,4810286.892,Q3,Working,FALSE
4514,47995,18-164223,7/17/2018 7:15:00 PM,2018,7,17,19,15,Tuesday,544503.0413,4808083.116,-80.450212,43.424326,Private Drive,2,P.D. only,On roadway,SMV,Daylight,Municipal,No control,Unknown,FALSE,FALSE,FALSE,Clear,FALSE,BYRON AVE; BRYON AVE,1/30/2020 11:46:18 AM,544503.0413,4808083.116,Q3,Working,FALSE
4515,47996,18-164452,7/18/2018 4:30:00 PM,2018,7,18,16,30,Wednesday,546528.4229,4806821.41,-80.425299,43.412843,Non intersection,2,P.D. only,On roadway,Other,Daylight,Municipal,No control,Unknown,FALSE,FALSE,FALSE,Clear,FALSE,HIDDEN VALLEY CRES; HIDDEN VALLEY CRES,1/30/2020 11:46:18 AM,546528.4229,4806821.41,Q3,Working,FALSE
4516,47997,18-165343,7/18/2018 7:00:00 PM,2018,7,18,19,0,Wednesday,546535.4641,4806986.366,-80.425198,43.414328,Private Drive,2,P.D. only,On roadway,SMV,Daylight,Municipal,No control,Unknown,FALSE,FALSE,FALSE,Clear,FALSE,HIDDEN VALLEY CRES; HIDDEN VALLEY CRES,1/30/2020 11:46:16 AM,546535.4641,4806986.366,Q3,Working,FALSE
4517,47998,18-165436,7/19/2018 8:00:00 AM,2018,7,19,8,0,Thursday,542498.474,4816311.719,-80.474334,43.498533,Private Drive,2,P.D. only,On roadway,Other,Daylight,Municipal,No control,Unknown,FALSE,FALSE,FALSE,Clear,FALSE,FALCONRIDGE DR; FALCONRIDGE DR,1/30/2020 11:46:16 AM,542498.474,4816311.719,Q3,Weekend,FALSE
4518,47999,18-165940,7/20/2018 12:42:00 PM,2018,7,20,12,42,Friday,540613.8821,4809913.604,-80.498121,43.441029,Private Drive,1,Non-fatal injury,On roadway,Intersection,Daylight,Regional,Sign Control,Functioning,FALSE,FALSE,FALSE,Clear,FALSE,QUEENS BLVD ; HIGHLAND RD W; At; 0 M,1/30/2020 11:46:15 AM,540613.8821,4809913.604,Q3,Weekend,FALSE
4519,48000,18-165959,7/20/2018 12:50:00 PM,2018,7,20,12,50,Friday,538421.6143,4808462.851,-80.525313,43.428082,Non intersection,1,Non-fatal injury,On roadway,Intersection,Daylight,Other,No control,Unknown,FALSE,FALSE,FALSE,Clear,FALSE,QUEENS BLVD; FISCHER HALLMAN RD ; Near; 150 M,2/19/2019 2:08:30 PM,538421.6143,4808462.851,Q3,Weekend,FALSE
4520,48001,18-166059,7/20/2018 2:51:00 PM,2018,7,20,14,51,Friday,543726.6674,4810736.957,-80.459591,43.448267,Intersection,2,P.D. only,On roadway,Intersection,Daylight,Municipal,Sign Control,Functioning,FALSE,FALSE,FALSE,Clear,FALSE,NOTTINGHAM AVE; MANCHESTER RD,1/30/2020 11:46:13 AM,543726.6674,4810736.957,Q3,Weekend,FALSE
4521,48002,18-166089,7/19/2018 1:20:00 PM,2018,7,19,13,20,Thursday,545318.7866,4802513.952,-80.440596,43.374133,Private Drive,2,P.D. only,Off roadway,Other,Daylight,Municipal,No control,Unknown,FALSE,FALSE,FALSE,Clear,FALSE,MEADOWRIDGE ST; MEADOWRIDGE ST,1/30/2020 11:46:12 AM,545318.7866,4802513.952,Q3,Weekend,FALSE
4522,48003,18-166270,7/20/2018 3:45:00 PM,2018,7,20,15,45,Friday,545158.6592,4807238.711,-80.442183,43.416684,Non intersection,2,P.D. only,On roadway,SMV,Daylight,Municipal,Sign Control,Functioning,FALSE,FALSE,FALSE,Clear,FALSE,WILSON AVE; WEBSTER RD; 100 M,1/30/2020 11:46:11 AM,545158.6592,4807238.711,Q3,Weekend,FALSE
4523,48004,18-166556,7/20/2018 11:30:00 PM,2018,7,20,23,30,Friday,541034.6352,4812314.834,-80.492741,43.462627,Non intersection,2,P.D. only,On roadway,SMV,Dark,Municipal,No control,Unknown,FALSE,FALSE,FALSE,Rain,FALSE,BLUCHER ST ; BLUCHER ST ; At; 40 M,1/30/2020 11:46:11 AM,541034.6352,4812314.834,Q3,Weekend,FALSE
4524,48005,18-167136,7/21/2018 9:12:00 PM,2018,7,21,21,12,Saturday,543988.6215,4807775.114,-80.456592,43.421584,Intersection,2,P.D. only,Off roadway,SMV,Dusk,Municipal,Sign Control,Functioning,FALSE,FALSE,FALSE,Clear,FALSE,VANIER DR; SIEBERT AVE; Near; 20 M,1/30/2020 11:46:09 AM,543988.6215,4807775.114,Q3,Weekend,FALSE
4525,48006,18-167736,7/21/2018 2:00:00 PM,2018,7,21,14,0,Saturday,541053.3353,4805892.856,-80.492993,43.404802,Non intersection,2,P.D. only,On roadway,SMV,Daylight,Municipal,No control,Unknown,FALSE,FALSE,FALSE,Clear,FALSE,TARA CRES; TARA CRES ; Near; 20 M,1/30/2020 11:46:09 AM,541053.3353,4805892.856,Q3,Weekend,FALSE
4526,48007,18-167759,7/22/2018 5:36:00 PM,2018,7,22,17,36,Sunday,540677.3114,4809881.227,-80.49734,43.440734,Intersection,2,Non-reportable,On roadway,SMV,Daylight,Regional,No control,Unknown,FALSE,FALSE,FALSE,Clear,FALSE,QUEENS BLVD; HIGHLAND RD W; 70 M,1/30/2020 11:46:08 AM,540677.3114,4809881.228,Q3,Weekend,FALSE
4527,48008,18-168213,7/21/2018 11:45:00 AM,2018,7,21,11,45,Saturday,540619.9834,4810958.726,-80.497968,43.450439,Intersection,2,P.D. only,On roadway,Intersection,Daylight,Municipal,Sign Control,Functioning,FALSE,FALSE,FALSE,Clear,FALSE,JOSEPH ST; LINDEN AVE,1/30/2020 11:46:07 AM,540619.9834,4810958.726,Q3,Weekend,FALSE
4528,48009,18-168244,7/23/2018 9:50:00 AM,2018,7,23,9,50,Monday,541653.3021,4810709.859,-80.485216,43.448142,Non intersection,2,P.D. only,Other,SMV,Daylight,Regional,No control,Unknown,FALSE,FALSE,FALSE,Clear,FALSE,KING ST E; KING ST E; At; 2 M,1/30/2020 11:46:06 AM,541653.3021,4810709.859,Q3,Working,FALSE