,OBJECTID,ACCIDENTNUM,ACCIDENTDATE,ACCIDENT_YEAR,ACCIDENT_MONTH,ACCIDENT_DAY,ACCIDENT_HOUR,ACCIDENT_MINUTE,Accident_Day,XCOORD,YCOORD,LONGITUDE,LATITUDE,Accident_Location,COLLISIONTYPE,Accident_Type,Impact_Location,Impact_Type,Light,Road_Jurisdication,Traffic_Control,Traffic_Control_Condition,Pedestrian_Involved,Cyclist_Involved,Motorcyclist_Involved,Environment_Condition,Self_Reported,XMLIMPORTNOTES,LASTEDITEDDATE,x,y,Quarter,Day_Type,Vulnerable_Involved
4529,48010,18-169122,7/24/2018 12:11:00 PM,2018,7,24,12,11,Tuesday,541068,4811108,0,0,Private Drive,2,P.D. only,On roadway,Other,Daylight,Municipal,No control,Unknown,FALSE,FALSE,FALSE,Clear,FALSE,BEDFORD RD; BEDFORD RD ; At; 25 M,1/30/2020 11:46:05 AM,541068,4811108,Q3,Working,FALSE
4530,48011,18-169230,7/24/2018 2:18:00 PM,2018,7,24,14,18,Tuesday,541068,4811108,0,0,Intersection,2,P.D. only,On roadway,Intersection,Daylight,Municipal,Sign Control,Functioning,FALSE,FALSE,FALSE,Clear,FALSE,CHARLES ST E; PRESTON ST,1/30/2020 11:46:04 AM,541068,4811108,Q3,Working,FALSE
4531,48012,18-169380,7/22/2018 1:30:00 AM,2018,7,22,1,30,Sunday,541944.7195,4813016.473,-80.481437,43.468894,Non intersection,2,P.D. only,On roadway,SMV,Dark,Municipal,No control,Unknown,FALSE,FALSE,FALSE,Rain,FALSE,ARNOLD ST; ARNOLD ST; Near,1/30/2020 11:46:03 AM,541944.7195,4813016.473,Q3,Weekend,FALSE
4532,48013,18-169397,7/24/2018 12:00:00 PM,2018,7,24,12,0,Tuesday,547659.7644,4811451.491,-80.410922,43.454461,Non intersection,2,P.D. only,Off roadway,SMV,Daylight,Municipal,No control,Unknown,FALSE,FALSE,FALSE,Clear,FALSE,OLD ZELLER DR; OLD ZELLER DR,1/30/2020 11:46:02 AM,547659.7644,4811451.491,Q3,Working,FALSE
4533,48014,18-169579,7/24/2018 11:00:00 PM,2018,7,24,23,0,Tuesday,541854.469,4803512.193,-80.483281,43.383322,Intersection,2,P.D. only,Off roadway,SMV,Dark,Regional,Sign Control,Functioning,FALSE,FALSE,FALSE,Clear,FALSE,HURON RD; WOODBINE AVE,1/30/2020 11:46:01 AM,541854.469,4803512.193,Q3,Working,FALSE
4534,48015,18-169633,7/25/2018 12:38:00 AM,2018,7,25,0,38,Wednesday,541315.969,4809722.084,-80.48946,43.439266,Other,2,P.D. only,Off roadway,SMV,Dark,Municipal,Sign Control,Functioning,FALSE,FALSE,FALSE,Clear,FALSE,MILL ST; MILL ST ; At; 0 M,1/30/2020 11:46:00 AM,541315.969,4809722.084,Q3,Working,FALSE
4535,48016,18-170084,7/25/2018 1:41:00 PM,2018,7,25,13,41,Wednesday,542313.2696,4810285.028,-80.477093,43.444279,Intersection,2,P.D. only,On roadway,Rear end,Daylight,Regional,Signal Control,Functioning,FALSE,FALSE,FALSE,Clear,FALSE,STIRLING AVE N; KING ST E,1/30/2020 11:45:59 AM,542313.2696,4810285.028,Q3,Working,FALSE
4536,48017,18-170296,7/25/2018 5:20:00 PM,2018,7,25,17,20,Wednesday,542010.3118,4810481.834,-80.480822,43.446069,Intersection,1,Non-fatal injury,On roadway,Intersection,Daylight,Municipal,Sign Control,Functioning,FALSE,FALSE,FALSE,Clear,FALSE,KING ST E; CAMERON ST N,1/30/2020 11:45:58 AM,542010.3118,4810481.834,Q3,Working,FALSE
4537,48018,18-170333,7/25/2018 5:00:00 PM,2018,7,25,17,0,Wednesday,538038.9587,4810095.119,-80.529927,43.442799,Private Drive,2,P.D. only,On roadway,SMV,Daylight,Municipal,No control,Unknown,FALSE,FALSE,FALSE,Clear,FALSE,MARKWOOD DR; MARKWOOD DR,1/30/2020 11:45:57 AM,538038.9587,4810095.119,Q3,Working,FALSE
4538,48019,18-170827,7/24/2018 2:00:00 PM,2018,7,24,14,0,Tuesday,544883.6221,4804848.517,-80.445776,43.395179,Intersection,1,Non-fatal injury,On roadway,Rear end,Daylight,Municipal,Signal Control,Functioning,FALSE,FALSE,FALSE,Clear,FALSE,PIONEER DR; DOON VILLAGE RD,1/30/2020 11:45:56 AM,544883.6221,4804848.517,Q3,Working,FALSE
4539,48020,18-171221,7/26/2018 7:00:00 AM,2018,7,26,7,0,Thursday,540561.2942,4805558.953,-80.499094,43.401822,Intersection,2,P.D. only,On roadway,SMV,Daylight,Municipal,Sign Control,Functioning,FALSE,FALSE,FALSE,Clear,FALSE,HELENA FEASBY ST; HARDING ST,1/30/2020 11:45:55 AM,540561.2942,4805558.953,Q3,Weekend,FALSE
4540,48021,18-171769,7/27/2018 6:40:00 AM,2018,7,27,6,40,Friday,544775.2438,4808996.875,-80.446775,43.432538,Private Drive,1,Non-fatal injury,On roadway,Intersection,Daylight,Municipal,No control,Unknown,FALSE,FALSE,FALSE,Clear,FALSE,NINTH AVE ; KINGSWAY DR ; At,1/30/2020 11:45:54 AM,544775.2438,4808996.875,Q3,Weekend,FALSE
4541,48022,18-172166,7/27/2018 7:45:00 PM,2018,7,27,19,45,Friday,544744.0736,4811439.459,-80.446959,43.454533,Other,2,P.D. only,On roadway,Rear end,Daylight,Regional,Other,Functioning,FALSE,FALSE,FALSE,Clear,FALSE,RIVER RD E; HICKSON DR; Near,1/30/2020 11:45:53 AM,544744.0736,4811439.459,Q3,Weekend,FALSE
4542,48023,18-172527,7/28/2018 8:31:00 AM,2018,7,28,8,31,Saturday,538898.5191,4811469.164,-80.519207,43.455127,Intersection,2,P.D. only,On roadway,Intersection,Daylight,Regional,Signal Control,Functioning,FALSE,FALSE,FALSE,Clear,FALSE,UNION BLVD; BELMONT AVE W,1/30/2020 11:45:52 AM,538898.5191,4811469.164,Q3,Weekend,FALSE
4543,48024,18-172837,7/28/2018 4:29:00 PM,2018,7,28,16,29,Saturday,542334.3931,4810753.672,-80.476795,43.448498,Non intersection,1,Non-fatal injury,Off roadway,SMV,Daylight,Municipal,No control,Unknown,FALSE,FALSE,FALSE,Clear,FALSE,CAMERON ST N; TROY ST ; Near; 46 M,1/30/2020 11:45:51 AM,542334.3931,4810753.672,Q3,Weekend,FALSE
4544,48025,18-173212,7/29/2018 12:53:00 AM,2018,7,29,0,53,Sunday,543232.5265,4804484.346,-80.466192,43.391997,Intersection,2,P.D. only,On roadway,SMV,Dark,Regional,Sign Control,Functioning,FALSE,FALSE,FALSE,Clear,FALSE,HURON RD; STRASBURG RD,1/30/2020 11:45:50 AM,543232.5265,4804484.346,Q3,Weekend,FALSE
4545,48026,18-174101,7/30/2018 8:31:00 AM,2018,7,30,8,31,Monday,540683.7996,4811615.274,-80.49713,43.456347,Intersection,2,P.D. only,On roadway,Intersection,Daylight,Municipal,Sign Control,Functioning,FALSE,FALSE,FALSE,Clear,FALSE,DUKE ST W; WELLINGTON ST N,1/30/2020 11:45:49 AM,540683.7996,4811615.274,Q3,Working,FALSE
4546,48027,18-174253,7/30/2018 12:23:00 PM,2018,7,30,12,23,Monday,537208.7432,4807453.645,-80.540366,43.419056,Non intersection,2,P.D. only,On roadway,Other,Daylight,Municipal,No control,Unknown,FALSE,FALSE,FALSE,Clear,FALSE,BROKEN OAK CRES; BROKEN OAK CRES ; Near; 5 M,1/30/2020 11:45:48 AM,537208.7432,4807453.645,Q3,Working,FALSE
4547,48028,18-174342,7/30/2018 2:08:00 PM,2018,7,30,14,8,Monday,541186.423,4810972.224,-80.490966,43.45053,Private Drive,2,P.D. only,Off roadway,SMV,Daylight,Municipal,No control,Unknown,FALSE,FALSE,FALSE,Clear,FALSE,KING ST W; KING ST W; 10 M,1/30/2020 11:45:47 AM,541186.423,4810972.224,Q3,Working,FALSE
4548,48029,18-175186,7/31/2018 12:30:00 PM,2018,7,31,12,30,Tuesday,542504.081,4815770.756,-80.474307,43.493662,Intersection,2,P.D. only,Off roadway,SMV,Daylight,Municipal,Sign Control,Functioning,FALSE,FALSE,FALSE,Clear,FALSE,OLD COTTAGE PL; OLD COTTAGE CLOSE; Near; 20 M,1/30/2020 11:45:46 AM,542504.081,4815770.756,Q3,Working,FALSE
4549,48030,18-175500,7/31/2018 9:15:00 PM,2018,7,31,21,15,Tuesday,540297.0713,4809412.759,-80.502073,43.436537,Non intersection,2,P.D. only,Off roadway,SMV,Dark,Municipal,No control,Unknown,FALSE,FALSE,FALSE,Clear,FALSE,SOUTH DR; SOUTH DR ; At; 0 M,1/30/2020 11:45:45 AM,540297.0713,4809412.759,Q3,Working,FALSE
4550,48031,18-175950,7/31/2018 7:30:00 AM,2018,7,31,7,30,Tuesday,538043.9557,4809814.812,-80.529884,43.440275,Private Drive,2,P.D. only,On roadway,SMV,Daylight,Municipal,No control,Unknown,FALSE,FALSE,FALSE,Clear,FALSE,INGLESIDE DR; INGLESIDE DR,1/30/2020 11:45:44 AM,538043.9557,4809814.812,Q3,Working,FALSE
4551,48032,18-176670,8/2/2018 9:08:00 AM,2018,8,2,9,8,Thursday,545407.8846,4808366.354,-80.439011,43.426822,Private Drive,2,P.D. only,On roadway,Intersection,Daylight,Municipal,No control,Unknown,FALSE,FALSE,FALSE,Clear,FALSE,CEDARWOODS CRES; CEDARWOODS CRES ; At; 5 M,1/30/2020 11:45:43 AM,545407.8846,4808366.354,Q3,Weekend,FALSE
4552,48033,18-177166,8/2/2018 7:30:00 PM,2018,8,2,19,30,Thursday,540342.7928,4812003.63,-80.501316,43.459863,Private Drive,2,P.D. only,Off roadway,SMV,Daylight,Municipal,No control,Unknown,FALSE,FALSE,FALSE,Clear,FALSE,DUKE ST W; DUKE ST W; Near; 2 M,1/30/2020 11:45:42 AM,540342.7928,4812003.63,Q3,Weekend,FALSE
4553,48034,18-177600,8/3/2018 9:40:00 AM,2018,8,3,9,40,Friday,540670.4888,4807992.034,-80.497565,43.423724,Non intersection,1,Non-fatal injury,Off roadway,SMV,Daylight,Regional,No control,Unknown,FALSE,FALSE,FALSE,Clear,FALSE,CHANDLER DRIVE; CHANDLER DR ; At; 10 M,1/30/2020 11:45:42 AM,540670.4888,4807992.035,Q3,Weekend,FALSE
4554,48035,18-177609,7/29/2018 8:00:00 AM,2018,7,29,8,0,Sunday,544628.0129,4804593.699,-80.448953,43.3929,Private Drive,2,P.D. only,On roadway,SMV,Daylight,Municipal,No control,Unknown,FALSE,FALSE,FALSE,Clear,FALSE,NATHANIEL CRES; NATHANIEL CRES; At; 0 M,1/30/2020 11:45:41 AM,544628.0129,4804593.7,Q3,Weekend,FALSE
4555,48036,18-177769,8/3/2018 1:00:00 PM,2018,8,3,13,0,Friday,543568.2011,4804975.657,-80.462008,43.396402,Intersection,1,Non-fatal injury,On roadway,Intersection,Daylight,Regional,Signal Control,Functioning,FALSE,TRUE,FALSE,Clear,FALSE,BATTLER RD; HURON RD,1/30/2020 11:45:40 AM,543568.2011,4804975.657,Q3,Weekend,FALSE
4556,48037,18-178506,8/4/2018 10:00:00 AM,2018,8,4,10,0,Saturday,543043.246,4809759.062,-80.468114,43.439502,Intersection,2,P.D. only,On roadway,Intersection,Daylight,Municipal,Sign Control,Functioning,FALSE,FALSE,FALSE,Clear,FALSE,PRESTON ST; CHARLES ST E,1/30/2020 11:45:38 AM,543043.246,4809759.062,Q3,Weekend,FALSE
4557,48038,18-178545,8/4/2018 10:48:00 AM,2018,8,4,10,48,Saturday,540228.5552,4810747.25,-80.502821,43.448556,Private Drive,2,P.D. only,On roadway,Other,Daylight,Other,No control,Unknown,FALSE,FALSE,FALSE,Clear,FALSE,PARK ST; VICTORIA ST S; Near; 20 M,2/19/2019 2:08:26 PM,540228.5552,4810747.25,Q3,Weekend,FALSE
4558,48039,18-179132,8/5/2018 1:03:00 AM,2018,8,5,1,3,Sunday,547446.2814,4809648.258,-80.413717,43.438238,Non intersection,2,P.D. only,Off roadway,SMV,Dark,Municipal,No control,Unknown,FALSE,FALSE,FALSE,Clear,FALSE,SIMS ESTATE DR; SIMS ESTATE DR ; 0 M,1/30/2020 11:45:36 AM,547446.2814,4809648.258,Q3,Weekend,FALSE
4559,48040,18-179403,8/4/2018 8:00:00 PM,2018,8,4,20,0,Saturday,544856.2658,4811508.804,-80.445567,43.45515,Non intersection,2,P.D. only,On roadway,SMV,Daylight,Municipal,No control,Unknown,FALSE,FALSE,FALSE,Clear,FALSE,BRECKENRIDGE DR; BRECKENRIDGE DR ; Near,1/30/2020 11:45:35 AM,544856.2658,4811508.804,Q3,Weekend,FALSE
4560,48041,18-179405,8/5/2018 12:30:00 PM,2018,8,5,12,30,Sunday,540720.1102,4806038.486,-80.497097,43.406132,Non intersection,2,P.D. only,On roadway,SMV,Dark,Municipal,No control,Unknown,FALSE,FALSE,FALSE,Clear,FALSE,RIDGEWAY CRES; RIDGEWAY CRES ; 6 M,1/30/2020 11:45:34 AM,540720.1102,4806038.486,Q3,Weekend,FALSE
4561,48042,18-179435,8/5/2018 1:27:00 PM,2018,8,5,13,27,Sunday,542338.0225,4810324.952,-80.476784,43.444638,Private Drive,2,P.D. only,On roadway,Other,Daylight,Municipal,No control,Unknown,FALSE,FALSE,FALSE,Clear,FALSE,STIRLING AVE N; STIRLING AVE N; 4 M,1/30/2020 11:45:33 AM,542338.0225,4810324.952,Q3,Weekend,FALSE
4562,48043,18-180745,8/3/2018 8:15:00 AM,2018,8,3,8,15,Friday,540986.9856,4805725.09,-80.493825,43.403295,Private Drive,2,P.D. only,On roadway,SMV,Daylight,Municipal,No control,Unknown,FALSE,FALSE,FALSE,Clear,FALSE,TAMVALE CRES; TAMVALE CRES,1/30/2020 11:45:32 AM,540986.9856,4805725.09,Q3,Weekend,FALSE
4563,48044,18-180913,8/7/2018 12:26:00 PM,2018,8,7,12,26,Tuesday,539445.4878,4806050.032,-80.512838,43.406304,Intersection,2,P.D. only,On roadway,Intersection,Daylight,Municipal,Sign Control,Functioning,FALSE,FALSE,FALSE,Clear,FALSE,ACTIVA AVE; MAX BECKER DR,1/30/2020 11:45:31 AM,539445.4878,4806050.032,Q3,Working,FALSE
4564,48045,18-181894,8/8/2018 3:15:00 PM,2018,8,8,15,15,Wednesday,542314.6553,4810288.04,-80.477076,43.444306,Intersection,1,Non-fatal injury,On roadway,Rear end,Daylight,Regional,Signal Control,Functioning,FALSE,FALSE,FALSE,Clear,FALSE,KING ST E; STIRLING AVE N,1/30/2020 11:45:30 AM,542314.6553,4810288.04,Q3,Working,FALSE
4565,48046,18-182153,8/8/2018 10:32:00 PM,2018,8,8,22,32,Wednesday,545312.8294,4808196.529,-80.440199,43.425299,Intersection,2,P.D. only,On roadway,Rear end,Dark,Municipal,Other,Functioning,FALSE,FALSE,FALSE,Clear,FALSE,KINGSWAY DR; KINGSWAY DR ; At; 6 M,1/30/2020 11:45:29 AM,545312.8294,4808196.529,Q3,Working,FALSE
4566,48047,18-182684,8/6/2018 8:00:00 PM,2018,8,6,20,0,Monday,541068,4811108,0,0,Private Drive,2,P.D. only,Off roadway,SMV,Dark,Municipal,No control,Unknown,FALSE,FALSE,FALSE,Clear,FALSE,SHADY GLEN CRES; SHADY GLEN CRES,1/30/2020 11:45:28 AM,541068,4811108,Q3,Working,FALSE
4567,48048,18-182929,8/9/2018 9:43:00 PM,2018,8,9,21,43,Thursday,543531.424,4804932.743,-80.462466,43.396017,Private Drive,2,P.D. only,On roadway,Intersection,Dark,Regional,No control,Unknown,FALSE,FALSE,FALSE,Clear,FALSE,HURON RD ; BATTLER RD; Near; 40 M,1/30/2020 11:45:27 AM,543531.424,4804932.743,Q3,Weekend,FALSE
4568,48049,18-184024,8/10/2018 11:20:00 PM,2018,8,10,23,20,Friday,546075.8323,4804434.153,-80.43109,43.391376,Non intersection,2,P.D. only,On roadway,Rear end,Dark,Regional,No control,Unknown,FALSE,FALSE,FALSE,Clear,FALSE,OLD CARRIAGE DR; OLD CARRIAGE DR,1/30/2020 11:45:26 AM,546075.8323,4804434.153,Q3,Weekend,FALSE
4569,48050,18-184919,8/11/2018 5:30:00 PM,2018,8,11,17,30,Saturday,542508.687,4810635.059,-80.474651,43.44742,Non intersection,2,P.D. only,On roadway,SMV,Daylight,Municipal,No control,Unknown,FALSE,FALSE,FALSE,Clear,FALSE,STIRLING AVE N; SAMUEL ST,1/30/2020 11:45:25 AM,542508.687,4810635.059,Q3,Weekend,FALSE
4570,48051,18-186083,8/12/2018 10:30:00 AM,2018,8,12,10,30,Sunday,539109.1804,4811299.803,-80.516615,43.453591,Private Drive,2,P.D. only,On roadway,SMV,Daylight,Municipal,No control,Unknown,FALSE,FALSE,FALSE,Clear,FALSE,EDEN AVE ; WOOD ST ; Near; 5 M,1/30/2020 11:45:24 AM,539109.1804,4811299.803,Q3,Weekend,FALSE
4571,48052,18-186628,8/14/2018 11:15:00 AM,2018,8,14,11,15,Tuesday,544239.3072,4809071.586,-80.45339,43.433242,Private Drive,2,P.D. only,On roadway,SMV,Daylight,Municipal,No control,Unknown,FALSE,FALSE,FALSE,Clear,FALSE,FOURTH AVE; FOURTH AVE; At; 0 M,1/30/2020 11:45:23 AM,544239.3072,4809071.587,Q3,Working,FALSE
4572,48053,18-186769,8/14/2018 4:50:00 PM,2018,8,14,16,50,Tuesday,540717.8994,4809861.204,-80.496839,43.440552,Private Drive,2,P.D. only,On roadway,Rear end,Daylight,Municipal,No control,Unknown,FALSE,FALSE,FALSE,Clear,FALSE,HIGHLAND RD E; HIGHLAND RD E; At; 5 M,1/30/2020 11:45:22 AM,540717.8994,4809861.204,Q3,Working,FALSE
4573,48054,18-186781,8/14/2018 5:06:00 PM,2018,8,14,17,6,Tuesday,545497.5268,4803417.953,-80.438315,43.382262,Non intersection,2,P.D. only,On roadway,SMV,Daylight,Municipal,No control,Unknown,FALSE,FALSE,FALSE,Clear,FALSE,RIDGEMERE CRT; RIDGEMERE CRT ; 2 M,1/30/2020 11:45:21 AM,545497.5268,4803417.953,Q3,Working,FALSE
4574,48055,18-186905,8/14/2018 6:30:00 PM,2018,8,14,18,30,Tuesday,545409.0743,4810966.6,-80.43878,43.450235,Non intersection,2,P.D. only,On roadway,SMV,Daylight,Municipal,No control,Unknown,FALSE,FALSE,FALSE,Clear,FALSE,OLD CHICOPEE DR; OLD CHICOPEE DR,1/30/2020 11:45:20 AM,545409.0743,4810966.6,Q3,Working,FALSE
4575,48056,18-187187,8/15/2018 7:31:00 AM,2018,8,15,7,31,Wednesday,541068,4811108,0,0,Intersection,1,Non-fatal injury,On roadway,Intersection,Daylight,Municipal,Sign Control,Functioning,FALSE,TRUE,FALSE,Clear,FALSE,AHRENS ST W; WILHELM ST,1/30/2020 11:45:19 AM,541068,4811108,Q3,Working,FALSE
4576,48057,18-187247,8/15/2018 9:05:00 AM,2018,8,15,9,5,Wednesday,541556.3391,4811279.585,-80.486371,43.453277,Intersection,2,P.D. only,On roadway,Rear end,Daylight,Municipal,Sign Control,Functioning,FALSE,FALSE,FALSE,Clear,FALSE,QUEEN ST N; AHRENS ST E; At,1/30/2020 11:45:18 AM,541556.3391,4811279.585,Q3,Working,FALSE
4577,48058,18-187559,8/15/2018 3:40:00 PM,2018,8,15,15,40,Wednesday,543971.8682,4808381.03,-80.45675,43.42704,Non intersection,2,P.D. only,On roadway,SMV,Dark,Municipal,No control,Unknown,FALSE,FALSE,FALSE,Clear,FALSE,CLARK AVE; CLARK AVE ; At; 1 M,1/30/2020 11:45:17 AM,543971.8682,4808381.03,Q3,Working,FALSE
4578,48059,18-187672,8/15/2018 3:00:00 PM,2018,8,15,15,0,Wednesday,541520.207,4810518.879,-80.486875,43.446429,Private Drive,2,P.D. only,On roadway,SMV,Daylight,Municipal,No control,Unknown,FALSE,FALSE,FALSE,Clear,FALSE,CHURCH ST ; CHURCH ST ; Near; 10 M,1/30/2020 11:45:16 AM,541520.207,4810518.88,Q3,Working,FALSE
4579,48060,18-187704,8/15/2018 6:48:00 PM,2018,8,15,18,48,Wednesday,540830.035,4805934.895,-80.495747,43.405193,Non intersection,2,P.D. only,On roadway,SMV,Daylight,Municipal,No control,Unknown,FALSE,FALSE,FALSE,Clear,FALSE,ERINBROOK DR; ERINBROOK DR ; 2 M,1/30/2020 11:45:15 AM,540830.035,4805934.895,Q3,Working,FALSE
4580,48061,18-187733,8/15/2018 5:00:00 PM,2018,8,15,17,0,Wednesday,541904.7875,4810551.395,-80.48212,43.446701,Intersection,2,P.D. only,On roadway,Rear end,Daylight,Regional,Sign Control,Functioning,FALSE,FALSE,FALSE,Clear,FALSE,KING ST E; MADISON AVE N; At,1/30/2020 11:45:14 AM,541904.7875,4810551.395,Q3,Working,FALSE
4581,48062,18-188337,8/16/2018 1:43:00 PM,2018,8,16,13,43,Thursday,545277.0001,4806433.559,-80.440788,43.409428,Intersection,1,Non-fatal injury,On roadway,Intersection,Daylight,Municipal,Sign Control,Functioning,FALSE,FALSE,FALSE,Clear,FALSE,WILSON AVE; WABANAKI DR,1/30/2020 11:45:13 AM,545277.0001,4806433.559,Q3,Weekend,FALSE
4582,48063,18-188405,8/16/2018 3:18:00 PM,2018,8,16,15,18,Thursday,545103.027,4807724.866,-80.44283,43.421065,Private Drive,2,P.D. only,On roadway,Intersection,Daylight,Municipal,No control,Unknown,FALSE,FALSE,FALSE,Clear,FALSE,WILSON AVE ; FAIRWAY RD S; At; 5 M,1/30/2020 11:45:12 AM,545103.027,4807724.866,Q3,Weekend,FALSE
4583,48064,18-188429,8/16/2018 3:55:00 PM,2018,8,16,15,55,Thursday,545011.5348,4810924.037,-80.443696,43.449876,Private Drive,2,P.D. only,On roadway,Intersection,Daylight,Other,No control,Unknown,FALSE,FALSE,FALSE,Rain,FALSE,RIVER RD E; OTTAWA ST N; 30 M,2/19/2019 2:08:25 PM,545011.5348,4810924.037,Q3,Weekend,FALSE
4584,48065,18-188963,8/14/2018 9:57:00 AM,2018,8,14,9,57,Tuesday,539132.8002,4810999.24,-80.516345,43.450883,Non intersection,2,P.D. only,On roadway,Intersection,Daylight,Municipal,No control,Unknown,FALSE,FALSE,FALSE,Clear,FALSE,BELMONT AVE W; BELMONT AVE W; Near,1/30/2020 11:45:11 AM,539132.8001,4810999.24,Q3,Working,FALSE
4585,48066,18-189021,8/17/2018 9:25:00 AM,2018,8,17,9,25,Friday,541223.4203,4811867.491,-80.490441,43.458589,Intersection,2,P.D. only,On roadway,Rear end,Daylight,Municipal,Signal Control,Functioning,FALSE,FALSE,FALSE,Clear,FALSE,WELLINGTON ST N; MARGARET AVE,1/30/2020 11:45:10 AM,541223.4203,4811867.491,Q3,Weekend,FALSE
4586,48067,18-189924,8/18/2018 9:00:00 AM,2018,8,18,9,0,Saturday,539318.7496,4805907.172,-80.514413,43.405024,Non intersection,2,P.D. only,On roadway,SMV,Daylight,Municipal,No control,Unknown,FALSE,FALSE,FALSE,Clear,FALSE,MOUNTAIN LAUREL CRES; MOUNTAIN LAUREL CRES,1/30/2020 11:45:09 AM,539318.7496,4805907.172,Q3,Weekend,FALSE
4587,48068,18-190081,8/18/2018 12:30:00 PM,2018,8,18,12,30,Saturday,545165.9576,4810925.606,-80.441788,43.449881,Non intersection,2,P.D. only,On roadway,SMV,Daylight,Municipal,No control,Unknown,FALSE,FALSE,FALSE,Clear,FALSE,HOLBORN CRT; HOLBORN CRT ; Near,1/30/2020 11:45:08 AM,545165.9576,4810925.606,Q3,Weekend,FALSE
4588,48069,18-190139,8/18/2018 4:42:00 PM,2018,8,18,16,42,Saturday,549194.5183,4806304.822,-80.392417,43.408022,Non intersection,1,Non-fatal injury,On roadway,Intersection,Daylight,Municipal,No control,Unknown,FALSE,FALSE,FALSE,Clear,FALSE,GATEWAY PARK DR; GATEWAY PARK DR ; At; 5 M,1/30/2020 11:45:07 AM,549194.5183,4806304.822,Q3,Weekend,FALSE
4589,48070,18-190866,8/19/2018 1:31:00 PM,2018,8,19,13,31,Sunday,545978.4889,4805451.049,-80.432207,43.400538,Intersection,2,P.D. only,On roadway,Intersection,Daylight,Municipal,Sign Control,Functioning,FALSE,FALSE,FALSE,Clear,FALSE,MILL PARK DR ; GREEN VALLEY DR ; 1.5 M,1/30/2020 11:45:06 AM,545978.4889,4805451.049,Q3,Weekend,FALSE
4590,48071,18-190902,8/19/2018 2:30:00 PM,2018,8,19,14,30,Sunday,544430.221,4808446.145,-80.451082,43.4276,Non intersection,2,P.D. only,Off roadway,SMV,Daylight,Municipal,No control,Unknown,FALSE,FALSE,FALSE,Clear,FALSE,EIGHTH AVE; GREENFIELD AVE; At; 20 M,1/30/2020 11:45:05 AM,544430.221,4808446.145,Q3,Weekend,FALSE
4591,48072,18-191060,8/19/2018 6:54:00 PM,2018,8,19,18,54,Sunday,547170.7659,4809647.734,-80.417122,43.438251,Intersection,1,Non-fatal injury,On roadway,Intersection,Daylight,Municipal,Sign Control,Functioning,FALSE,FALSE,FALSE,Clear,FALSE,SIMS ESTATE DR; DESMOND ST,1/30/2020 11:45:04 AM,547170.7659,4809647.734,Q3,Weekend,FALSE
4592,48073,18-191631,8/19/2018 10:50:00 AM,2018,8,19,10,50,Sunday,542624.2119,4810599.746,-80.473226,43.447096,Private Drive,2,P.D. only,On roadway,SMV,Daylight,Municipal,No control,Unknown,FALSE,FALSE,FALSE,Clear,FALSE,SIMEON ST; SIMEON ST ; Near,1/30/2020 11:45:03 AM,542624.2119,4810599.746,Q3,Weekend,FALSE
4593,48074,18-191640,8/20/2018 2:06:00 PM,2018,8,20,14,6,Monday,541872.8201,4810743.301,-80.482501,43.44843,Intersection,2,P.D. only,On roadway,Intersection,Daylight,Municipal,Sign Control,Functioning,FALSE,FALSE,FALSE,Clear,FALSE,DUKE ST E; CEDAR ST N,1/30/2020 11:45:02 AM,541872.8201,4810743.301,Q3,Working,FALSE
4594,48075,18-191762,8/11/2018 6:50:00 PM,2018,8,11,18,50,Saturday,543206.5623,4811716.704,-80.465941,43.457119,Non intersection,2,Non-reportable,On roadway,SMV,Daylight,Municipal,No control,Unknown,FALSE,FALSE,FALSE,Clear,FALSE,BRUCE ST; BRUCE ST ; At,1/30/2020 11:45:01 AM,543206.5623,4811716.704,Q3,Weekend,FALSE
4595,48076,18-191785,8/19/2018 9:00:00 AM,2018,8,19,9,0,Sunday,539176.8073,4810268.782,-80.515853,43.444304,Private Drive,2,P.D. only,On roadway,SMV,Daylight,Municipal,No control,Unknown,FALSE,FALSE,FALSE,Clear,FALSE,KARN ST; KARN ST ; At,1/30/2020 11:45:00 AM,539176.8072,4810268.782,Q3,Weekend,FALSE
4596,48077,18-192131,8/21/2018 6:11:00 AM,2018,8,21,6,11,Tuesday,539112.8301,4811654.243,-80.516545,43.456782,Intersection,1,Non-fatal injury,On roadway,Intersection,Daylight,Municipal,Signal Control,Functioning,FALSE,FALSE,FALSE,Rain,FALSE,PARK ST; UNION BLVD,1/30/2020 11:44:59 AM,539112.8301,4811654.243,Q3,Working,FALSE
4597,48078,18-192397,8/21/2018 2:09:00 PM,2018,8,21,14,9,Tuesday,544541.7267,4807591.088,-80.449774,43.419894,Private Drive,2,P.D. only,On roadway,Rear end,Daylight,Municipal,No control,Unknown,FALSE,FALSE,FALSE,Rain,FALSE,WABANAKI DR; WABANAKI DR ; Near; 10 M,1/30/2020 11:44:59 AM,544541.7267,4807591.088,Q3,Working,FALSE
4598,48079,18-192450,8/17/2018 7:00:00 PM,2018,8,17,19,0,Friday,540586.062,4810081.891,-80.498452,43.442546,Non intersection,2,P.D. only,On roadway,SMV,Daylight,Municipal,No control,Unknown,FALSE,FALSE,FALSE,Clear,FALSE,HOMEWOOD AVE; HOMEWOOD AVE ; Near,1/30/2020 11:44:58 AM,540586.062,4810081.891,Q3,Weekend,FALSE
4599,48080,18-192477,8/21/2018 3:30:00 PM,2018,8,21,15,30,Tuesday,549249.7154,4806063.151,-80.391757,43.405842,Non intersection,2,P.D. only,On roadway,Rear end,Daylight,Regional,Signal Control,Functioning,FALSE,FALSE,FALSE,Clear,FALSE,KING ST E;  KING ST ; Near,1/30/2020 11:44:57 AM,549249.7154,4806063.151,Q3,Working,FALSE