,OBJECTID,ACCIDENTNUM,ACCIDENTDATE,ACCIDENT_YEAR,ACCIDENT_MONTH,ACCIDENT_DAY,ACCIDENT_HOUR,ACCIDENT_MINUTE,Accident_Day,XCOORD,YCOORD,LONGITUDE,LATITUDE,Accident_Location,COLLISIONTYPE,Accident_Type,Impact_Location,Impact_Type,Light,Road_Jurisdication,Traffic_Control,Traffic_Control_Condition,Pedestrian_Involved,Cyclist_Involved,Motorcyclist_Involved,Environment_Condition,Self_Reported,XMLIMPORTNOTES,LASTEDITEDDATE,x,y,Quarter,Day_Type,Vulnerable_Involved
4672,48153,18-213497,9/7/2018 5:15:00 PM,2018,9,7,17,15,Friday,544451.8366,4807214.423,-80.450915,43.416508,Non intersection,1,Non-fatal injury,On roadway,Rear end,Daylight,Other,No control,Unknown,FALSE,FALSE,FALSE,Clear,FALSE,WEBSTER RD; MANITOU DR,2/19/2019 2:08:12 PM,544451.8366,4807214.423,Q3,Weekend,FALSE
4673,48154,18-214240,9/15/2018 2:45:00 PM,2018,9,15,14,45,Saturday,544524.5556,4807805.169,-80.449969,43.421823,Private Drive,2,P.D. only,On roadway,SMV,Daylight,Municipal,No control,Unknown,FALSE,FALSE,FALSE,Clear,FALSE,TRAYNOR AVE; TRAYNOR AVE; At; 0 M,1/30/2020 11:43:51 AM,544524.5556,4807805.169,Q3,Weekend,FALSE
4674,48155,18-214795,9/16/2018 3:29:00 AM,2018,9,16,3,29,Sunday,545925.3391,4805398.623,-80.432868,43.40007,Non intersection,2,P.D. only,On roadway,SMV,Dark,Municipal,No control,Unknown,FALSE,FALSE,FALSE,Clear,FALSE,GREEN VALLEY DR; GREEN VALLEY DR ; Near; 20 M,1/30/2020 11:43:51 AM,545925.3391,4805398.623,Q3,Weekend,FALSE
4675,48156,18-214965,9/16/2018 7:45:00 AM,2018,9,16,7,45,Sunday,541092.8624,4807198.871,-80.492406,43.416559,Private Drive,2,P.D. only,On roadway,SMV,Daylight,Municipal,No control,Unknown,FALSE,FALSE,FALSE,Clear,FALSE,ROSENEATH CRES; ROSENEATH CRES; At; 1 M,1/30/2020 11:43:49 AM,541092.8624,4807198.871,Q3,Weekend,FALSE
4676,48157,18-214980,9/16/2018 11:07:00 AM,2018,9,16,11,7,Sunday,539673.8781,4806484.762,-80.509986,43.410206,Intersection,1,Non-fatal injury,On roadway,Intersection,Daylight,Municipal,Sign Control,Functioning,FALSE,FALSE,FALSE,Clear,FALSE,ACTIVA AVE ; BUSH CLOVER CRES,1/30/2020 11:43:49 AM,539673.8781,4806484.762,Q3,Weekend,FALSE
4677,48158,18-215625,9/17/2018 8:09:00 AM,2018,9,17,8,9,Monday,547719.6626,4804222.647,-80.410813,43.389369,Private Drive,2,P.D. only,On roadway,Intersection,Daylight,Other,Sign Control,Functioning,FALSE,FALSE,FALSE,Clear,FALSE,DOON VALLEY DR; CONESTOGA COLLEGE BLVD; At; 2 M,2/19/2019 2:08:10 PM,547719.6626,4804222.647,Q3,Working,FALSE
4678,48159,18-215775,9/17/2018 11:22:00 AM,2018,9,17,11,22,Monday,541956.7539,4815743.418,-80.481078,43.493447,Intersection,2,P.D. only,On roadway,Intersection,Daylight,Municipal,Sign Control,Functioning,FALSE,FALSE,FALSE,Clear,FALSE,WOOLWICH ST; FALCONRIDGE DR,1/30/2020 11:43:47 AM,541956.7539,4815743.418,Q3,Working,FALSE
4679,48160,18-216169,9/16/2018 9:15:00 PM,2018,9,16,21,15,Sunday,541637.6262,4808950.807,-80.485544,43.432304,Non intersection,2,P.D. only,On roadway,SMV,Dark,Municipal,No control,Unknown,FALSE,FALSE,FALSE,Clear,FALSE,KEHL ST; KEHL ST ; Near,1/30/2020 11:43:46 AM,541637.6262,4808950.807,Q3,Weekend,FALSE
4680,48161,18-216289,9/17/2018 9:05:00 PM,2018,9,17,21,5,Monday,541579.5041,4810751.859,-80.486125,43.448524,Non intersection,2,Non-reportable,On roadway,SMV,Dark,Regional,No control,Unknown,FALSE,FALSE,FALSE,Clear,FALSE,KING ST E; SCOTT ST; Near,1/30/2020 11:43:45 AM,541579.5041,4810751.859,Q3,Working,FALSE
4681,48162,18-216524,9/18/2018 8:21:00 AM,2018,9,18,8,21,Tuesday,542377.2005,4810247.561,-80.476306,43.443938,Private Drive,2,P.D. only,On roadway,Intersection,Daylight,Regional,No control,Unknown,FALSE,FALSE,FALSE,Clear,FALSE,KING ST E; KING ST E; At; 5 M,1/30/2020 11:43:44 AM,542377.2005,4810247.561,Q3,Working,FALSE
4682,48163,18-216831,9/18/2018 2:32:00 PM,2018,9,18,14,32,Tuesday,541395.8154,4810448.913,-80.488418,43.445806,Non intersection,1,Non-fatal injury,On roadway,SMV,Daylight,Other,No control,Unknown,FALSE,FALSE,FALSE,Clear,FALSE,ST GEORGE ST; ST GEORGE ST ; At; 1 M,2/19/2019 2:08:09 PM,541395.8154,4810448.913,Q3,Working,FALSE
4683,48164,18-216876,9/18/2018 3:25:00 PM,2018,9,18,15,25,Tuesday,544549.3966,4808980.416,-80.449566,43.432403,Private Drive,2,Non-reportable,On roadway,Other,Daylight,Regional,No control,Unknown,FALSE,FALSE,FALSE,Clear,FALSE,FRANCIS ST S; FRANCIS ST S; 5 M,1/30/2020 11:43:43 AM,544549.3966,4808980.416,Q3,Working,FALSE
4684,48165,18-217519,9/19/2018 10:00:00 AM,2018,9,19,10,0,Wednesday,539902.3996,4811151.42,-80.506822,43.452213,Non intersection,2,P.D. only,On roadway,SMV,Daylight,Municipal,No control,Unknown,FALSE,FALSE,FALSE,Clear,FALSE,AGNES ST; AGNES ST ; 3 M,1/30/2020 11:43:42 AM,539902.3996,4811151.42,Q3,Working,FALSE
4685,48166,18-217815,9/17/2018 9:50:00 AM,2018,9,17,9,50,Monday,549804.5208,4805865.336,-80.384923,43.404024,Non intersection,2,P.D. only,On roadway,Rear end,Daylight,Regional,No control,Unknown,FALSE,FALSE,FALSE,Clear,FALSE,KING ST E; KING ST E; Near,1/30/2020 11:43:41 AM,549804.5208,4805865.337,Q3,Working,FALSE
4686,48167,18-218667,9/20/2018 8:45:00 AM,2018,9,20,8,45,Thursday,543856.683,4805114.361,-80.458435,43.397634,Intersection,1,Non-fatal injury,On roadway,Rear end,Daylight,Regional,Sign Control,Functioning,FALSE,FALSE,FALSE,Clear,FALSE,HURON RD; TRILLIUM DR,1/30/2020 11:43:41 AM,543856.683,4805114.361,Q3,Weekend,FALSE
4687,48168,18-219031,9/20/2018 10:30:00 PM,2018,9,20,22,30,Thursday,539801.4443,4811316.929,-80.508058,43.453708,Non intersection,2,P.D. only,Off roadway,SMV,Dark,Municipal,No control,Unknown,FALSE,FALSE,FALSE,Clear,FALSE,GRUHN ST; GRUHN ST ; Near; 5 M,1/30/2020 11:43:39 AM,539801.4443,4811316.929,Q3,Weekend,FALSE
4688,48169,18-219315,9/14/2018 3:00:00 PM,2018,9,14,15,0,Friday,539767.7932,4810163.372,-80.508558,43.443324,Private Drive,2,P.D. only,Off roadway,SMV,Daylight,Regional,No control,Unknown,FALSE,FALSE,FALSE,Clear,FALSE,JACK AVE; JACK AVE,1/30/2020 11:43:39 AM,539767.7932,4810163.373,Q3,Weekend,FALSE
4689,48170,18-219347,9/21/2018 8:05:00 AM,2018,9,21,8,5,Friday,543726.686,4810734.082,-80.459591,43.448242,Intersection,2,P.D. only,On roadway,Intersection,Daylight,Municipal,Sign Control,Functioning,FALSE,FALSE,FALSE,Clear,FALSE,MANCHESTER RD; NOTTINGHAM AVE,1/30/2020 11:43:38 AM,543726.686,4810734.082,Q3,Weekend,FALSE
4690,48171,18-219476,9/21/2018 9:45:00 AM,2018,9,21,9,45,Friday,544603.114,4809259.197,-80.44888,43.43491,Private Drive,2,P.D. only,On roadway,Intersection,Daylight,Other,No control,Unknown,FALSE,FALSE,FALSE,Clear,FALSE,KINZIE AVE ; WEBER ST E,2/19/2019 2:08:08 PM,544603.114,4809259.197,Q3,Weekend,FALSE
4691,48172,18-219694,9/21/2018 3:00:00 AM,2018,9,21,3,0,Friday,539787.6589,4811122.155,-80.508242,43.451955,Non intersection,2,P.D. only,On roadway,SMV,Dark,Municipal,No control,Unknown,FALSE,FALSE,FALSE,Clear,FALSE,DOMINION ST; DOMINION ST ; Near,1/30/2020 11:43:37 AM,539787.6589,4811122.155,Q3,Weekend,FALSE
4692,48173,18-219732,9/21/2018 6:36:00 PM,2018,9,21,18,36,Friday,538140.3847,4810653.278,-80.528634,43.447819,Intersection,2,P.D. only,Off roadway,SMV,Dusk,Municipal,Sign Control,Functioning,FALSE,FALSE,FALSE,Clear,FALSE,INWOOD DR; GLASGOW ST; At,1/30/2020 11:43:36 AM,538140.3847,4810653.278,Q3,Weekend,FALSE
4693,48174,18-220422,9/22/2018 2:30:00 PM,2018,9,22,14,30,Saturday,536837.4607,4808462.416,-80.544884,43.428158,Private Drive,2,P.D. only,On roadway,SMV,Daylight,Municipal,No control,Unknown,FALSE,FALSE,FALSE,Clear,FALSE,WESTMEADOW DR; WESTMEADOW DR ; At,1/30/2020 11:43:35 AM,536837.4607,4808462.416,Q3,Weekend,FALSE
4694,48175,18-221079,9/23/2018 10:31:00 AM,2018,9,23,10,31,Sunday,545316.5795,4804469.798,-80.440462,43.391743,Intersection,1,Non-fatal injury,On roadway,Intersection,Daylight,Municipal,Sign Control,Functioning,FALSE,FALSE,FALSE,Clear,FALSE,DOON VILLAGE RD; BECHTEL DR,1/30/2020 11:43:35 AM,545316.5795,4804469.798,Q3,Weekend,FALSE
4695,48176,18-221090,9/20/2018 2:45:00 PM,2018,9,20,14,45,Thursday,540389.9284,4812516.004,-80.500696,43.464473,Intersection,2,P.D. only,On roadway,Intersection,Daylight,Municipal,Sign Control,Functioning,FALSE,FALSE,FALSE,Clear,FALSE,ELLIS AVE; HARTWOOD AVE,1/30/2020 11:43:34 AM,540389.9284,4812516.005,Q3,Weekend,FALSE
4696,48177,18-221295,9/23/2018 3:47:00 PM,2018,9,23,15,47,Sunday,545276.1157,4806433.719,-80.440799,43.409429,Intersection,2,P.D. only,On roadway,Intersection,Daylight,Other,Sign Control,Functioning,FALSE,FALSE,FALSE,Clear,FALSE,WILSON AVE; WABANAKI DR ; Near; 15.5 M,2/19/2019 2:08:06 PM,545276.1157,4806433.719,Q3,Weekend,FALSE
4697,48178,18-221787,9/24/2018 9:06:00 AM,2018,9,24,9,6,Monday,542312.6464,4816397.265,-80.476626,43.499314,Non intersection,2,Non-reportable,On roadway,SMV,Daylight,Municipal,No control,Unknown,FALSE,FALSE,FALSE,Clear,FALSE,HAWKSWOOD DR ; FALCONRIDGE DR; Near; 30 M,1/30/2020 11:43:33 AM,542312.6464,4816397.265,Q3,Working,FALSE
4698,48179,18-222075,9/15/2018 2:30:00 PM,2018,9,15,14,30,Saturday,547285.7522,4811356.536,-80.415553,43.45363,Private Drive,2,P.D. only,On roadway,Other,Daylight,Municipal,No control,Unknown,FALSE,FALSE,FALSE,Clear,FALSE,ZELLER DR; ZELLER DR,1/30/2020 11:43:32 AM,547285.7522,4811356.536,Q3,Weekend,FALSE
4699,48180,18-222226,9/24/2018 4:45:00 PM,2018,9,24,16,45,Monday,541979.6981,4813761.107,-80.480947,43.475597,Private Drive,2,P.D. only,On roadway,Intersection,Daylight,Municipal,Sign Control,Functioning,FALSE,FALSE,FALSE,Clear,FALSE,RIVERBEND DR; RIVERBEND DR; At; 0 M,1/30/2020 11:43:31 AM,541979.6981,4813761.107,Q3,Working,FALSE
4700,48181,18-222247,9/24/2018 12:00:00 PM,2018,9,24,12,0,Monday,542448.3993,4807282.757,-80.475656,43.417239,Intersection,2,P.D. only,On roadway,Intersection,Daylight,Municipal,Sign Control,Functioning,FALSE,FALSE,FALSE,Clear,FALSE,BLOCK LINE RD; COUNTRY HILL DR,1/30/2020 11:43:30 AM,542448.3993,4807282.757,Q3,Working,FALSE
4701,48182,18-222267,9/24/2018 3:40:00 PM,2018,9,24,15,40,Monday,541897.4539,4812992.172,-80.482023,43.468678,Intersection,2,P.D. only,On roadway,Intersection,Daylight,Municipal,Sign Control,Functioning,FALSE,FALSE,FALSE,Clear,FALSE,BIRCH AVE; ARNOLD ST,1/30/2020 11:43:29 AM,541897.4539,4812992.172,Q3,Working,FALSE
4702,48183,18-222348,9/24/2018 7:30:00 AM,2018,9,24,7,30,Monday,543311.3008,4808500.954,-80.464901,43.428159,Private Drive,2,Non-reportable,Off roadway,Other,Daylight,Municipal,No control,Unknown,FALSE,FALSE,FALSE,Clear,FALSE,WALTON AVE; WALTON AVE,1/30/2020 11:43:28 AM,543311.3008,4808500.954,Q3,Working,FALSE
4703,48184,18-222896,9/25/2018 11:58:00 AM,2018,9,25,11,58,Tuesday,541068,4811108,0,0,Private Drive,2,P.D. only,Off roadway,SMV,Daylight,Municipal,No control,Unknown,FALSE,FALSE,FALSE,Rain,FALSE,WILSON AVE ; EIGHTH AVE ; Near; 20 M,1/30/2020 11:43:27 AM,541068,4811108,Q3,Working,FALSE
4704,48185,18-223355,9/25/2018 10:14:00 PM,2018,9,25,22,14,Tuesday,541690.5288,4811511.393,-80.484695,43.455357,Intersection,2,P.D. only,On roadway,Intersection,Dark,Other,Sign Control,Functioning,FALSE,TRUE,FALSE,Rain,FALSE,QUEEN ST N; ELLEN ST W,2/19/2019 2:08:05 PM,541690.5288,4811511.393,Q3,Working,FALSE
4705,48186,18-223734,9/21/2018 9:00:00 PM,2018,9,21,21,0,Friday,541068,4811108,0,0,Private Drive,2,P.D. only,On roadway,SMV,Dark,Municipal,No control,Unknown,FALSE,FALSE,FALSE,Rain,FALSE,SHADY GLEN CRES; SHADY GLEN CRES ; Near,1/30/2020 11:43:26 AM,541068,4811108,Q3,Weekend,FALSE
4706,48187,18-223876,9/26/2018 2:54:00 PM,2018,9,26,14,54,Wednesday,542148.2398,4807082.823,-80.479379,43.415456,Private Drive,2,P.D. only,On roadway,Intersection,Daylight,Municipal,No control,Unknown,FALSE,FALSE,FALSE,Clear,FALSE,STRASBURG RD ; STRASBURG RD; 3 M,1/30/2020 11:43:25 AM,542148.2398,4807082.823,Q3,Working,FALSE
4707,48188,18-224434,9/27/2018 7:30:00 AM,2018,9,27,7,30,Thursday,540426.4001,4809605.05,-80.50046,43.438261,Non intersection,2,P.D. only,On roadway,Intersection,Daylight,Other,No control,Unknown,FALSE,FALSE,FALSE,Clear,FALSE,QUEENS BLVD; QUEENS BLVD ; At; 5 M,2/19/2019 2:08:04 PM,540426.4001,4809605.05,Q3,Weekend,FALSE
4708,48189,18-224651,9/27/2018 9:30:00 AM,2018,9,27,9,30,Thursday,544549.8775,4808980.419,-80.44956,43.432403,Non intersection,2,P.D. only,On roadway,Intersection,Daylight,Municipal,No control,Unknown,FALSE,FALSE,FALSE,Clear,FALSE,FRANCIS ST S; FRANCIS ST S,1/30/2020 11:43:24 AM,544549.8775,4808980.419,Q3,Weekend,FALSE
4709,48190,18-224733,9/27/2018 11:50:00 AM,2018,9,27,11,50,Thursday,545364.6335,4811021.913,-80.439324,43.450736,Intersection,2,P.D. only,On roadway,Intersection,Daylight,Municipal,Sign Control,Functioning,FALSE,FALSE,FALSE,Clear,FALSE,OLD CHICOPEE DR; HOLBORN DR,1/30/2020 11:43:23 AM,545364.6335,4811021.913,Q3,Weekend,FALSE
4710,48191,18-224757,9/27/2018 7:55:00 AM,2018,9,27,7,55,Thursday,545744.0815,4803034.355,-80.435303,43.378793,Private Drive,2,P.D. only,On roadway,Other,Daylight,Municipal,No control,Unknown,FALSE,FALSE,FALSE,Clear,FALSE,ROBERT FERRIE DR; ROBERT FERRIE DR,1/30/2020 11:43:23 AM,545744.0815,4803034.355,Q3,Weekend,FALSE
4711,48192,18-225276,9/28/2018 6:10:00 AM,2018,9,28,6,10,Friday,541068,4811108,0,0,Non intersection,2,P.D. only,On roadway,SMV,Daylight,Regional,Sign Control,Functioning,FALSE,FALSE,FALSE,Clear,FALSE,HOWE DR; WINDALE CRES ; 10 M,1/30/2020 11:43:22 AM,541068,4811108,Q3,Weekend,FALSE
4712,48193,18-225296,9/28/2018 7:00:00 AM,2018,9,28,7,0,Friday,541793.7527,4812134.811,-80.483371,43.460964,Intersection,1,Non-fatal injury,On roadway,Intersection,Dawn,Other,Signal Control,Functioning,FALSE,FALSE,FALSE,Clear,FALSE,WELLINGTON ST N; LANCASTER ST W,2/19/2019 2:08:02 PM,541793.7527,4812134.811,Q3,Weekend,FALSE
4713,48194,18-225368,9/26/2018 10:30:00 PM,2018,9,26,22,30,Wednesday,546543.6513,4812460.74,-80.42463,43.463618,Private Drive,2,P.D. only,On roadway,SMV,Dark,Municipal,No control,Unknown,FALSE,FALSE,FALSE,Clear,FALSE,OTTERBEIN RD; OTTERBEIN RD ; Near,1/30/2020 11:43:21 AM,546543.6513,4812460.74,Q3,Working,FALSE
4714,48195,18-225452,9/27/2018 10:15:00 PM,2018,9,27,22,15,Thursday,547883.8224,4807451.23,-80.408503,43.418429,Non intersection,2,P.D. only,On roadway,SMV,Dark,Regional,No control,Unknown,FALSE,FALSE,FALSE,Clear,FALSE,KING ST E; KING ST E; Near,1/30/2020 11:43:20 AM,547883.8224,4807451.23,Q3,Weekend,FALSE
4715,48196,18-225553,9/28/2018 12:54:00 PM,2018,9,28,12,54,Friday,541068,4811108,0,0,Private Drive,2,P.D. only,Off roadway,SMV,Daylight,Municipal,No control,Unknown,FALSE,FALSE,FALSE,Clear,FALSE,PATRICIA AVE; PATRICIA AVE ; At; 1 M,1/30/2020 11:43:19 AM,541068,4811108,Q3,Weekend,FALSE
4716,48197,18-225557,9/28/2018 1:00:00 PM,2018,9,28,13,0,Friday,544805.9371,4805155.871,-80.44671,43.397951,Intersection,2,P.D. only,On roadway,Rear end,Daylight,Other,Sign Control,Functioning,FALSE,FALSE,FALSE,Clear,FALSE,DOON VILLAGE RD; FARRIER DR,2/19/2019 2:08:01 PM,544805.9371,4805155.871,Q3,Weekend,FALSE
4717,48198,18-225670,9/28/2018 3:30:00 PM,2018,9,28,15,30,Friday,545781.7639,4803445.871,-80.434804,43.382496,Non intersection,2,P.D. only,On roadway,Rear end,Daylight,Other,Other,Functioning,FALSE,FALSE,FALSE,Clear,FALSE,PINE VALLEY DR; PINE VALLEY DR ; Near; 2 M,2/19/2019 2:08:00 PM,545781.7639,4803445.871,Q3,Weekend,FALSE
4718,48199,18-225778,9/28/2018 6:00:00 PM,2018,9,28,18,0,Friday,544113.4299,4812708.174,-80.454651,43.465993,Non intersection,2,P.D. only,On roadway,SMV,Dusk,Other,No control,Unknown,FALSE,FALSE,FALSE,Rain,FALSE,ROTHSAY AVE; ROTHSAY AVE ; 50 M,2/19/2019 2:07:59 PM,544113.4299,4812708.174,Q3,Weekend,FALSE
4719,48200,18-225830,9/28/2018 7:48:00 PM,2018,9,28,19,48,Friday,545274.1656,4806437.541,-80.440823,43.409464,Intersection,1,Non-fatal injury,On roadway,Intersection,Dusk,Other,Sign Control,Functioning,FALSE,FALSE,FALSE,Rain,FALSE,WILSON AVE; WABANAKI DR; 0 M,2/19/2019 2:07:57 PM,545274.1656,4806437.541,Q3,Weekend,FALSE
4720,48201,18-227082,9/29/2018 8:51:00 PM,2018,9,29,20,51,Saturday,541068,4811108,0,0,Intersection,2,P.D. only,On roadway,Intersection,Dark,Regional,Sign Control,Functioning,FALSE,FALSE,FALSE,Clear,FALSE,LORRAINE AVE ; CONFEDERATION DR,1/30/2020 11:43:18 AM,541068,4811108,Q3,Weekend,FALSE
4721,48202,18-227758,9/30/2018 3:00:00 PM,2018,9,30,15,0,Sunday,541068,4811108,0,0,Private Drive,2,P.D. only,On roadway,Other,Daylight,Regional,Signal Control,Functioning,FALSE,FALSE,FALSE,Clear,FALSE,COURTLAND AVE E; COURTLAND AVE E; At; 5 M,1/30/2020 11:43:17 AM,541068,4811108,Q3,Weekend,FALSE
4722,48203,18-227776,9/30/2018 3:42:00 PM,2018,9,30,15,42,Sunday,542020.6213,4807776.977,-80.480902,43.421713,Other,1,Non-fatal injury,Off roadway,SMV,Daylight,Other,No control,Unknown,FALSE,TRUE,FALSE,Clear,FALSE,SIDEWALK; APPALACHIAN CRES ; At,2/19/2019 2:07:55 PM,542020.6213,4807776.977,Q3,Weekend,FALSE
4723,48204,18-228264,9/30/2018 4:00:00 PM,2018,9,30,16,0,Sunday,541045.7109,4810506.871,-80.49274,43.446347,Private Drive,2,P.D. only,On roadway,Other,Daylight,Other,Signal Control,Functioning,FALSE,FALSE,FALSE,Clear,FALSE,QUEEN ST S; QUEEN ST S; At,2/19/2019 2:07:53 PM,541045.7109,4810506.871,Q3,Weekend,FALSE
4724,48205,18-228300,10/1/2018 11:00:00 AM,2018,10,1,11,0,Monday,545298.2769,4811404.02,-80.440113,43.45418,Non intersection,1,Non-fatal injury,Off roadway,SMV,Daylight,Municipal,No control,Unknown,FALSE,FALSE,FALSE,Rain,FALSE,MONTCALM DR; HAMPTON PL; 35 M,1/30/2020 11:43:16 AM,545298.2769,4811404.02,Q4,Working,FALSE
4725,48206,18-228543,10/1/2018 4:42:00 PM,2018,10,1,16,42,Monday,541068,4811108,0,0,Intersection,2,P.D. only,On roadway,Intersection,Daylight,Municipal,Signal Control,Functioning,FALSE,FALSE,FALSE,Rain,FALSE,SHIRLEY AVE ; RIVERBEND DR,1/30/2020 11:43:15 AM,541068,4811108,Q4,Working,FALSE
4726,48207,18-229112,10/2/2018 11:05:00 AM,2018,10,2,11,5,Tuesday,542165.8615,4810382.593,-80.478907,43.445166,Intersection,2,P.D. only,On roadway,Intersection,Daylight,Other,Sign Control,Functioning,FALSE,FALSE,FALSE,Rain,FALSE,KING ST E; PANDORA AVE N; 2 M,2/19/2019 2:07:52 PM,542165.8615,4810382.593,Q4,Working,FALSE
4727,48208,18-229809,10/3/2018 8:55:00 AM,2018,10,3,8,55,Wednesday,541068,4811108,0,0,Private Drive,1,Non-fatal injury,On roadway,Other,Daylight,Municipal,No control,Unknown,FALSE,FALSE,FALSE,Clear,FALSE,GLASGOW ST; GLASGOW ST ; At; 2 M,1/30/2020 11:43:14 AM,541068,4811108,Q4,Working,FALSE
4728,48209,18-229915,10/3/2018 11:19:00 AM,2018,10,3,11,19,Wednesday,541068,4811108,0,0,Non intersection,2,P.D. only,On roadway,Intersection,Daylight,Regional,No control,Unknown,FALSE,FALSE,FALSE,Clear,FALSE,FREDERICK ST; RIVER RD E; Near; 50 M,1/30/2020 11:43:13 AM,541068,4811108,Q4,Working,FALSE
4729,48210,18-229942,10/3/2018 11:20:00 AM,2018,10,3,11,20,Wednesday,543563.8797,4812257.508,-80.461481,43.461968,Intersection,2,P.D. only,On roadway,Other,Daylight,Other,Signal Control,Functioning,FALSE,FALSE,FALSE,Clear,FALSE,FREDERICK ST; RIVER RD E; Near; 40 M,2/19/2019 2:07:50 PM,543563.8797,4812257.508,Q4,Working,FALSE
4730,48211,18-230142,10/3/2018 8:00:00 AM,2018,10,3,8,0,Wednesday,544233.1497,4809057.169,-80.453467,43.433113,Private Drive,2,P.D. only,Off roadway,SMV,Dawn,Other,No control,Unknown,FALSE,FALSE,FALSE,Clear,FALSE,FOURTH AVE; FOURTH AVE ; 2 M,2/19/2019 2:07:48 PM,544233.1497,4809057.169,Q4,Working,FALSE
4731,48212,18-230283,10/3/2018 6:45:00 PM,2018,10,3,18,45,Wednesday,544559.2757,4811740.314,-80.449219,43.457252,Intersection,1,Non-fatal injury,On roadway,Intersection,Daylight,Other,Signal Control,Functioning,FALSE,FALSE,FALSE,Clear,FALSE,RIVER RD E; LORRAINE AVE,2/19/2019 2:07:47 PM,544559.2757,4811740.314,Q4,Working,FALSE
4732,48213,18-230329,10/3/2018 7:00:00 AM,2018,10,3,7,0,Wednesday,539568.2887,4811423.87,-80.510932,43.454684,Intersection,1,Non-fatal injury,On roadway,SMV,Dawn,Other,Sign Control,Functioning,TRUE,FALSE,FALSE,Clear,FALSE,PARK ST; GREEN ST,2/19/2019 2:07:45 PM,539568.2887,4811423.87,Q4,Working,FALSE
4733,48214,18-230915,10/3/2018 5:05:00 PM,2018,10,3,17,5,Wednesday,542110.4337,4812326.18,-80.479442,43.462669,Intersection,2,P.D. only,On roadway,Rear end,Daylight,Municipal,Sign Control,Functioning,FALSE,FALSE,FALSE,Clear,FALSE,WELLINGTON ST N; SPRING VALLEY RD,1/30/2020 11:43:12 AM,542110.4337,4812326.18,Q4,Working,FALSE
4734,48215,18-231601,10/5/2018 8:50:00 AM,2018,10,5,8,50,Friday,539055.2262,4805938.282,-80.517665,43.405318,Private Drive,2,P.D. only,On roadway,Other,Daylight,Municipal,No control,Unknown,FALSE,FALSE,FALSE,Clear,FALSE,ACTIVA AVE; ACTIVA AVE,1/30/2020 11:43:11 AM,539055.2262,4805938.282,Q4,Weekend,FALSE
4735,48216,18-232532,10/1/2018 10:16:00 AM,2018,10,1,10,16,Monday,542866.3039,4810782.73,-80.47022,43.448729,Intersection,1,Non-fatal injury,On roadway,SMV,Daylight,Other,Sign Control,Functioning,TRUE,FALSE,FALSE,Clear,FALSE,EAST AVE; STIRLING AVE N,2/19/2019 2:07:43 PM,542866.3039,4810782.73,Q4,Working,FALSE
4736,48217,18-232823,10/6/2018 5:40:00 PM,2018,10,6,17,40,Saturday,539731.439,4809665.767,-80.509043,43.438845,Private Drive,1,Non-fatal injury,On roadway,Intersection,Daylight,Other,Signal Control,Functioning,FALSE,FALSE,FALSE,Rain,FALSE,LAWRENCE AVE; HIGHLAND RD W; 200 M,2/19/2019 2:07:41 PM,539731.439,4809665.767,Q4,Weekend,FALSE
4737,48218,18-232894,10/6/2018 7:16:00 PM,2018,10,6,19,16,Saturday,541068,4811108,0,0,Intersection,2,P.D. only,On roadway,SMV,Dark,Municipal,Sign Control,Functioning,FALSE,FALSE,FALSE,Rain,FALSE,DOON VILLAGE RD; ANVIL ST; 5 M,1/30/2020 11:43:10 AM,541068,4811108,Q4,Weekend,FALSE
4738,48219,18-232947,10/6/2018 8:24:00 PM,2018,10,6,20,24,Saturday,544755.5935,4808022.665,-80.447097,43.423767,Intersection,2,P.D. only,On roadway,Intersection,Dark,Other,Signal Control,Functioning,FALSE,FALSE,FALSE,Rain,FALSE,WILSON AVE; TRAYNOR AVE,2/19/2019 2:07:39 PM,544755.5935,4808022.665,Q4,Weekend,FALSE
4739,48220,18-233258,10/7/2018 4:36:00 AM,2018,10,7,4,36,Sunday,541068,4811108,0,0,Non intersection,2,P.D. only,Off roadway,SMV,Dark,Municipal,No control,Unknown,FALSE,FALSE,FALSE,Rain,FALSE,WILSON AVE; WILSON AVE ; Near; 15 M,1/30/2020 11:43:09 AM,541068,4811108,Q4,Weekend,FALSE
4740,48221,18-233610,10/7/2018 4:08:00 PM,2018,10,7,16,8,Sunday,541068,4811108,0,0,Non intersection,2,P.D. only,On roadway,SMV,Daylight,Municipal,No control,Unknown,FALSE,FALSE,FALSE,Other,FALSE,DOON SOUTH DR; DOON SOUTH DR ; Near; 12 M,1/30/2020 11:43:08 AM,541068,4811108,Q4,Weekend,FALSE
4741,48222,18-234037,10/7/2018 6:40:00 AM,2018,10,7,6,40,Sunday,543358.3275,4814568.818,-80.463838,43.482791,Intersection,1,Non-fatal injury,Off roadway,SMV,Dark,Other,Sign Control,Functioning,TRUE,FALSE,FALSE,Clear,FALSE,SCHWEITZER ST ; DANIEL AVE ; Near; 15 M,2/19/2019 2:07:38 PM,543358.3275,4814568.818,Q4,Weekend,FALSE
4742,48223,18-234279,10/8/2018 2:00:00 PM,2018,10,8,14,0,Monday,547287.584,4809374.644,-80.415702,43.435785,Private Drive,1,Non-fatal injury,On roadway,SMV,Daylight,Municipal,No control,Unknown,FALSE,FALSE,TRUE,Clear,FALSE,MORRISON RD ; MORRISON RD ; At; 1 M,1/30/2020 11:43:07 AM,547287.584,4809374.645,Q4,Working,TRUE
4743,48224,18-234919,10/9/2018 12:30:00 PM,2018,10,9,12,30,Tuesday,546298.9664,4804383.182,-80.42834,43.390903,Private Drive,2,P.D. only,On roadway,SMV,Daylight,Other,No control,Unknown,FALSE,FALSE,FALSE,Clear,FALSE,OLD CARRIAGE DR; OLD CARRIAGE DR ; At; 1 M,2/19/2019 2:07:35 PM,546298.9664,4804383.182,Q4,Working,FALSE
4744,48225,18-235207,10/9/2018 6:41:00 PM,2018,10,9,18,41,Tuesday,545636.0795,4808692.857,-80.436164,43.429748,Private Drive,2,P.D. only,On roadway,Intersection,Dawn,Regional,No control,Unknown,FALSE,FALSE,FALSE,Clear,FALSE,KING ST E; KING ST E; At; 1 M,1/30/2020 11:43:06 AM,545636.0795,4808692.857,Q4,Working,FALSE