,OBJECTID,ACCIDENTNUM,ACCIDENTDATE,ACCIDENT_YEAR,ACCIDENT_MONTH,ACCIDENT_DAY,ACCIDENT_HOUR,ACCIDENT_MINUTE,Accident_Day,XCOORD,YCOORD,LONGITUDE,LATITUDE,Accident_Location,COLLISIONTYPE,Accident_Type,Impact_Location,Impact_Type,Light,Road_Jurisdication,Traffic_Control,Traffic_Control_Condition,Pedestrian_Involved,Cyclist_Involved,Motorcyclist_Involved,Environment_Condition,Self_Reported,XMLIMPORTNOTES,LASTEDITEDDATE,x,y,Quarter,Day_Type,Vulnerable_Involved
4745,48226,18-235583,10/10/2018 7:30:00 AM,2018,10,10,7,30,Wednesday,541508.8722,4803883.419,-80.48752,43.386684,Intersection,2,P.D. only,On roadway,Intersection,Daylight,Other,Sign Control,Functioning,FALSE,FALSE,FALSE,Clear,FALSE,CORSICA ST; SOPHIA CRES; Near; 20 M,2/19/2019 2:07:34 PM,541508.8722,4803883.419,Q4,Working,FALSE
4746,48227,18-235626,10/10/2018 8:28:00 AM,2018,10,10,8,28,Wednesday,543728.5967,4810736.011,-80.459567,43.448259,Intersection,2,P.D. only,On roadway,Intersection,Daylight,Other,Sign Control,Functioning,FALSE,FALSE,FALSE,Clear,FALSE,NOTTINGHAM AVE; MANCHESTER RD,2/19/2019 2:07:33 PM,543728.5967,4810736.011,Q4,Working,FALSE
4747,48228,18-235950,10/10/2018 3:04:00 PM,2018,10,10,15,4,Wednesday,538355.3718,4809929.554,-80.526028,43.441292,Non intersection,1,Non-fatal injury,Off roadway,SMV,Daylight,Other,No control,Unknown,FALSE,FALSE,FALSE,Clear,FALSE,CHOPIN DR; CHOPIN DR; At; 2 M,2/19/2019 2:07:31 PM,538355.3718,4809929.554,Q4,Working,FALSE
4748,48229,18-236183,10/10/2018 7:20:00 PM,2018,10,10,19,20,Wednesday,545075.7622,4812150.236,-80.442801,43.460912,Private Drive,2,P.D. only,On roadway,Intersection,Dark,Other,No control,Unknown,FALSE,FALSE,FALSE,Clear,FALSE,CONFEDERATION DR ; CONFEDERATION DR; Near; 20 M,2/19/2019 2:07:30 PM,545075.7622,4812150.236,Q4,Working,FALSE
4749,48230,18-236736,10/11/2018 11:45:00 AM,2018,10,11,11,45,Thursday,547018.497,4809847.298,-80.418986,43.440057,Private Drive,2,P.D. only,On roadway,Other,Daylight,Municipal,No control,Unknown,FALSE,FALSE,FALSE,Clear,FALSE,BEAUMONT CRES; BEAUMONT CRES ; Near,1/30/2020 11:43:05 AM,547018.497,4809847.298,Q4,Weekend,FALSE
4750,48231,18-237032,10/11/2018 6:19:00 PM,2018,10,11,18,19,Thursday,544563.9539,4808368.207,-80.449436,43.42689,Non intersection,2,P.D. only,Off roadway,SMV,Dusk,Other,No control,Unknown,FALSE,FALSE,FALSE,Clear,FALSE,GREENFIELD AVE; GREENFIELD AVE ; 0 M,2/19/2019 2:07:29 PM,544563.9539,4808368.207,Q4,Weekend,FALSE
4751,48232,18-237461,10/11/2018 6:45:00 PM,2018,10,11,18,45,Thursday,537848.9606,4809102.766,-80.532343,43.433873,Other,2,P.D. only,Off roadway,SMV,Dusk,Other,No control,Unknown,FALSE,FALSE,FALSE,Clear,FALSE,PRIVATE DRIVE; OPRINGTON DR ; At; 75 M,2/19/2019 2:07:27 PM,537848.9606,4809102.766,Q4,Weekend,FALSE
4752,48233,18-238623,10/13/2018 4:00:00 PM,2018,10,13,16,0,Saturday,541183.3232,4810691.293,-80.491026,43.448,Intersection,2,P.D. only,Off roadway,SMV,Daylight,Other,Signal Control,Functioning,FALSE,FALSE,FALSE,Clear,FALSE,JOSEPH ST; QUEEN ST S,2/19/2019 2:07:26 PM,541183.3232,4810691.293,Q4,Weekend,FALSE
4753,48234,18-239186,10/13/2018 5:00:00 PM,2018,10,13,17,0,Saturday,541068,4811108,0,0,Non intersection,2,P.D. only,On roadway,SMV,Dark,Municipal,No control,Unknown,FALSE,FALSE,FALSE,Clear,FALSE,SEABROOK DR; SEABROOK DR; At,1/30/2020 11:43:05 AM,541068,4811108,Q4,Weekend,FALSE
4754,48235,18-239826,10/14/2018 2:30:00 PM,2018,10,14,14,30,Sunday,545567.4679,4809027.95,-80.436984,43.43277,Private Drive,1,Non-fatal injury,On roadway,Rear end,Daylight,Other,No control,Unknown,FALSE,FALSE,FALSE,Clear,FALSE,KINZIE AVE; KINZIE AVE ; Near; 1 M,2/19/2019 2:07:24 PM,545567.4679,4809027.95,Q4,Weekend,FALSE
4755,48236,18-240576,10/16/2018 8:30:00 AM,2018,10,16,8,30,Tuesday,543515.4533,4811073.393,-80.462174,43.451309,Intersection,1,Non-fatal injury,On roadway,Intersection,Daylight,Other,Sign Control,Functioning,FALSE,TRUE,FALSE,Clear,FALSE,ADA ST ; WEDGEWOOD DR ; Near; 1 M,2/19/2019 2:07:23 PM,543515.4533,4811073.393,Q4,Working,FALSE
4756,48237,18-240762,10/16/2018 12:30:00 PM,2018,10,16,12,30,Tuesday,541343.3649,4809060.686,-80.489171,43.43331,Intersection,2,P.D. only,On roadway,Intersection,Daylight,Other,Sign Control,Functioning,FALSE,FALSE,FALSE,Clear,FALSE,HIGHLAND RD E; HEIMAN ST,2/19/2019 2:07:22 PM,541343.3649,4809060.686,Q4,Working,FALSE
4757,48238,18-240948,10/13/2018 12:37:00 PM,2018,10,13,12,37,Saturday,548792.8089,4806331.535,-80.397375,43.408288,Non intersection,2,P.D. only,On roadway,Rear end,Daylight,Regional,No control,Unknown,FALSE,FALSE,FALSE,Clear,FALSE,KING ST E; KING ST E,1/30/2020 11:43:04 AM,548792.8089,4806331.535,Q4,Weekend,FALSE
4758,48239,18-240976,10/16/2018 4:00:00 PM,2018,10,16,16,0,Tuesday,537649.8354,4807392.669,-80.534921,43.418485,Intersection,2,P.D. only,On roadway,SMV,Daylight,Other,Sign Control,Functioning,FALSE,FALSE,FALSE,Clear,FALSE,WESTHEIGHTS DR; DRIFTWOOD DR,2/19/2019 2:07:21 PM,537649.8354,4807392.669,Q4,Working,FALSE
4759,48240,18-241512,10/15/2018 3:30:00 PM,2018,10,15,15,30,Monday,536486.9372,4807175.86,-80.549301,43.416591,Private Drive,2,P.D. only,On roadway,SMV,Daylight,Municipal,No control,Unknown,FALSE,FALSE,FALSE,Clear,FALSE,BENT WILLOW DR; BENT WILLOW DR ; Near,1/30/2020 11:43:03 AM,536486.9372,4807175.86,Q4,Working,FALSE
4760,48241,18-241565,10/17/2018 11:00:00 AM,2018,10,17,11,0,Wednesday,544933.3122,4806326.176,-80.445041,43.408481,Private Drive,2,P.D. only,On roadway,Intersection,Daylight,Municipal,No control,Unknown,FALSE,FALSE,FALSE,Clear,FALSE,WABANAKI DR; WABANAKI DR; At; 0 M,1/30/2020 11:43:02 AM,544933.3122,4806326.176,Q4,Working,FALSE
4761,48242,18-241607,10/16/2018 6:30:00 PM,2018,10,16,18,30,Tuesday,542145.7323,4807085.999,-80.47941,43.415485,Private Drive,2,P.D. only,On roadway,Intersection,Daylight,Municipal,Signal Control,Functioning,FALSE,FALSE,FALSE,Clear,FALSE,BLOCK LINE RD; STRASBURG RD,1/30/2020 11:43:01 AM,542145.7323,4807085.999,Q4,Working,FALSE
4762,48243,18-241752,10/17/2018 4:46:00 PM,2018,10,17,16,46,Wednesday,542523.8768,4812526.404,-80.474315,43.464449,Non intersection,2,P.D. only,On roadway,Rear end,Daylight,Other,No control,Unknown,FALSE,FALSE,FALSE,Clear,FALSE,WELLINGTON ST N; WELLINGTON ST N N TO 85 S ON; At; 3 M,2/19/2019 2:07:19 PM,542523.8768,4812526.404,Q4,Working,FALSE
4763,48244,18-241785,10/17/2018 5:20:00 PM,2018,10,17,17,20,Wednesday,540471.9025,4809715.414,-80.49989,43.439252,Private Drive,2,P.D. only,Off roadway,SMV,Daylight,Other,Sign Control,Functioning,FALSE,FALSE,FALSE,Rain,FALSE,QUEENS BLVD ; HIGHLAND RD W; At; 2 M,2/19/2019 2:07:18 PM,540471.9025,4809715.414,Q4,Working,FALSE
4764,48245,18-242452,10/17/2018 7:10:00 PM,2018,10,17,19,10,Wednesday,541035.9516,4810977.397,-80.492825,43.450585,Non intersection,2,P.D. only,Off roadway,SMV,Daylight,Municipal,No control,Unknown,FALSE,FALSE,FALSE,Clear,FALSE,GAUKEL ST; HALLS LANE W; Near; 20 M,1/30/2020 11:43:00 AM,541035.9516,4810977.397,Q4,Working,FALSE
4765,48246,18-243079,10/19/2018 9:03:00 AM,2018,10,19,9,3,Friday,545979.4577,4805450.097,-80.432195,43.40053,Non intersection,2,P.D. only,On roadway,SMV,Daylight,Other,No control,Unknown,FALSE,FALSE,FALSE,Clear,FALSE,MILL PARK DR; GREEN VALLEY DR; 22 M,2/19/2019 2:07:17 PM,545979.4577,4805450.097,Q4,Weekend,FALSE
4766,48247,18-243108,10/18/2018 10:00:00 AM,2018,10,18,10,0,Thursday,546202.5004,4803649.215,-80.429593,43.384301,Private Drive,2,P.D. only,On roadway,Other,Daylight,Municipal,No control,Unknown,FALSE,FALSE,FALSE,Clear,FALSE,DOON MILLS DR; DOON MILLS DR,1/30/2020 11:42:59 AM,546202.5004,4803649.215,Q4,Weekend,FALSE
4767,48248,18-243113,10/17/2018 7:00:00 PM,2018,10,17,19,0,Wednesday,542276.7835,4810556.948,-80.477523,43.44673,Non intersection,2,P.D. only,On roadway,SMV,Dark,Municipal,No control,Unknown,FALSE,FALSE,FALSE,Clear,FALSE,PANDORA AVE N; PANDORA AVE N,1/30/2020 11:42:58 AM,542276.7835,4810556.948,Q4,Working,FALSE
4768,48249,18-243183,10/19/2018 11:29:00 AM,2018,10,19,11,29,Friday,546128.7862,4814092.578,-80.42962,43.478337,Private Drive,2,P.D. only,On roadway,Rear end,Daylight,Municipal,No control,Unknown,FALSE,FALSE,FALSE,Clear,FALSE,SHIRLEY DR; SHIRLEY DR; Near,1/30/2020 11:42:57 AM,546128.7862,4814092.578,Q4,Weekend,FALSE
4769,48250,18-243325,10/19/2018 8:10:00 AM,2018,10,19,8,10,Friday,541801.9846,4810017.191,-80.483432,43.441897,Private Drive,1,Non-fatal injury,Off roadway,SMV,Daylight,Other,No control,Unknown,TRUE,FALSE,FALSE,Clear,FALSE,STIRLING AVE S; STIRLING AVE S; At; 1 M,2/19/2019 2:07:16 PM,541801.9846,4810017.191,Q4,Weekend,FALSE
4770,48251,18-243370,10/19/2018 3:24:00 PM,2018,10,19,15,24,Friday,539593.8328,4806296.772,-80.510988,43.408518,Private Drive,1,Non-fatal injury,On roadway,SMV,Daylight,Other,No control,Unknown,TRUE,FALSE,FALSE,Clear,FALSE,ACTIVA AVE; ACTIVA AVE ; Near; 8 M,2/19/2019 2:07:14 PM,539593.8328,4806296.772,Q4,Weekend,FALSE
4771,48252,18-243561,10/19/2018 5:30:00 PM,2018,10,19,17,30,Friday,540164.5832,4805724.229,-80.503981,43.403332,Non intersection,2,P.D. only,On roadway,SMV,Daylight,Municipal,No control,Unknown,FALSE,FALSE,FALSE,Clear,FALSE,COMMONWEALTH CRES; COMMONWEALTH CRES; Near,1/30/2020 11:42:55 AM,540164.5832,4805724.229,Q4,Weekend,FALSE
4772,48253,18-243571,10/19/2018 7:24:00 PM,2018,10,19,19,24,Friday,538900.9433,4811471.077,-80.519177,43.455144,Intersection,1,Non-fatal injury,On roadway,Intersection,Dark,Other,Sign Control,Functioning,FALSE,TRUE,FALSE,Rain,FALSE,BELMONT AVE W; UNION BLVD; Near; 10 M,2/19/2019 2:07:12 PM,538900.9433,4811471.077,Q4,Weekend,FALSE
4773,48254,18-244033,10/19/2018 9:45:00 PM,2018,10,19,21,45,Friday,543157.2041,4810409.01,-80.466654,43.445348,Non intersection,2,P.D. only,On roadway,SMV,Dark,Municipal,No control,Unknown,FALSE,FALSE,FALSE,Rain,FALSE,MCKENZIE AVE; MCKENZIE AVE,1/30/2020 11:42:54 AM,543157.2041,4810409.01,Q4,Weekend,FALSE
4774,48255,18-244160,10/20/2018 3:15:00 PM,2018,10,20,15,15,Saturday,541068,4811108,0,0,Intersection,1,Non-fatal injury,On roadway,Intersection,Daylight,Other,Sign Control,Functioning,FALSE,TRUE,FALSE,Clear,FALSE,LINCOLN RD; MAYFIELD AVE; 50 M,2/19/2019 2:07:10 PM,541068,4811108,Q4,Weekend,FALSE
4775,48256,18-244196,10/20/2018 3:00:00 PM,2018,10,20,15,0,Saturday,542164.7632,4810543.123,-80.478908,43.446612,Intersection,2,P.D. only,On roadway,Intersection,Daylight,Municipal,Sign Control,Functioning,FALSE,FALSE,FALSE,Clear,FALSE,BETZNER AVE N; DUKE ST E,1/30/2020 11:42:54 AM,542164.7632,4810543.123,Q4,Weekend,FALSE
4776,48257,18-244733,10/21/2018 1:00:00 AM,2018,10,21,1,0,Sunday,541247.1551,4807140.852,-80.490505,43.416029,Non intersection,2,P.D. only,Off roadway,SMV,Dark,Other,No control,Unknown,FALSE,FALSE,FALSE,Clear,FALSE,BLACKHORNE DR ; ROSENEATH CRES ; Near; 9 M,2/19/2019 2:07:09 PM,541247.1551,4807140.852,Q4,Weekend,FALSE
4777,48258,18-244945,10/21/2018 8:30:00 AM,2018,10,21,8,30,Sunday,539582.9952,4810289.302,-80.510832,43.444467,Non intersection,2,P.D. only,On roadway,SMV,Daylight,Municipal,No control,Unknown,FALSE,FALSE,FALSE,Clear,FALSE,TALBOT ST; TALBOT ST,1/30/2020 11:42:53 AM,539582.9952,4810289.302,Q4,Weekend,FALSE
4778,48259,18-245473,10/22/2018 10:25:00 AM,2018,10,22,10,25,Monday,544423.9154,4807836.633,-80.45121,43.422112,Non intersection,2,P.D. only,Off roadway,SMV,Daylight,Municipal,No control,Unknown,FALSE,FALSE,FALSE,Clear,FALSE,BELWOOD CRES; BELWOOD CRES; Near; 1 M,1/30/2020 11:42:52 AM,544423.9154,4807836.633,Q4,Working,FALSE
4779,48260,18-245726,10/22/2018 3:10:00 PM,2018,10,22,15,10,Monday,537622.5342,4807072.538,-80.535281,43.415604,Non intersection,2,Non-reportable,On roadway,Intersection,Daylight,Other,No control,Unknown,FALSE,FALSE,FALSE,Clear,FALSE,PARKLAND CRES; PARKLAND CRES,2/19/2019 2:07:08 PM,537622.5342,4807072.539,Q4,Working,FALSE
4780,48261,18-246116,10/23/2018 6:20:00 AM,2018,10,23,6,20,Tuesday,546697.2223,4802285.289,-80.423602,43.371989,Non intersection,2,P.D. only,Off roadway,SMV,Dark,Other,No control,Unknown,FALSE,FALSE,FALSE,Clear,FALSE,REICHERT DR ; NEW DUNDEE RD ; 100 M,2/19/2019 2:07:06 PM,546697.2223,4802285.289,Q4,Working,FALSE
4781,48262,18-246442,10/23/2018 2:29:00 PM,2018,10,23,14,29,Tuesday,540516.2746,4811536.577,-80.499206,43.455648,Intersection,1,Non-fatal injury,On roadway,Intersection,Daylight,Other,Sign Control,Functioning,FALSE,FALSE,TRUE,Clear,FALSE,WATERLOO ST; WELLINGTON ST N,2/19/2019 2:07:05 PM,540516.2746,4811536.577,Q4,Working,TRUE
4782,48263,18-246589,10/23/2018 3:50:00 PM,2018,10,23,15,50,Tuesday,541068,4811108,0,0,Intersection,2,P.D. only,On roadway,Rear end,Daylight,Regional,Sign Control,Functioning,FALSE,FALSE,FALSE,Clear,FALSE,GLASGOW ST ; WESTWOOD DR,1/30/2020 11:42:50 AM,541068,4811108,Q4,Working,FALSE
4783,48264,18-246997,10/24/2018 9:07:00 AM,2018,10,24,9,7,Wednesday,539176.0649,4810910.485,-80.515816,43.450082,Private Drive,2,P.D. only,On roadway,Rear end,Daylight,Other,No control,Unknown,FALSE,FALSE,FALSE,Clear,FALSE,BELMONT AVE W; BELMONT AVE W; Near; 10 M,2/19/2019 2:07:04 PM,539176.0649,4810910.485,Q4,Working,FALSE
4784,48265,18-247049,10/23/2018 8:30:00 AM,2018,10,23,8,30,Tuesday,541439.7844,4803276.753,-80.488419,43.381225,Intersection,2,P.D. only,On roadway,Rear end,Daylight,Regional,Sign Control,Functioning,FALSE,FALSE,FALSE,Rain,FALSE,HURON RD; FISCHER HALLMAN RD; Near; 100 M,1/30/2020 11:42:49 AM,541439.7844,4803276.753,Q4,Working,FALSE
4785,48266,18-247433,10/13/2018 12:00:00 PM,2018,10,13,12,0,Saturday,539405.5968,4810202.019,-80.513031,43.443691,Non intersection,2,P.D. only,On roadway,SMV,Daylight,Municipal,No control,Unknown,FALSE,FALSE,FALSE,Clear,FALSE,TALBOT ST; TALBOT ST; Near,1/30/2020 11:42:49 AM,539405.5968,4810202.019,Q4,Weekend,FALSE
4786,48267,18-247861,10/24/2018 10:30:00 PM,2018,10,24,22,30,Wednesday,537876.7087,4808864.76,-80.532017,43.431729,Intersection,2,P.D. only,On roadway,SMV,Dark,Municipal,Sign Control,Functioning,FALSE,FALSE,FALSE,Clear,FALSE,OPRINGTON DR ; BANKSIDE DR ; 20 M,1/30/2020 11:42:47 AM,537876.7087,4808864.76,Q4,Working,FALSE
4787,48268,18-247862,10/25/2018 12:01:00 AM,2018,10,25,0,1,Thursday,541961.2098,4804297.206,-80.481903,43.390385,Non intersection,2,P.D. only,On roadway,SMV,Dark,Municipal,No control,Unknown,FALSE,FALSE,FALSE,Clear,FALSE,SORRENTO ST; SORRENTO ST; Near,1/30/2020 11:42:47 AM,541961.2098,4804297.206,Q4,Weekend,FALSE
4788,48269,18-248156,10/25/2018 4:17:00 PM,2018,10,25,16,17,Thursday,543248.6969,4804520.93,-80.46599,43.392326,Intersection,1,Non-fatal injury,On roadway,Intersection,Daylight,Other,Sign Control,Functioning,FALSE,FALSE,FALSE,Clear,FALSE,HURON RD ; STRASBURG RD,2/19/2019 2:07:01 PM,543248.6969,4804520.93,Q4,Weekend,FALSE
4789,48270,18-248223,10/25/2018 4:20:00 PM,2018,10,25,16,20,Thursday,546000.2699,4808536.216,-80.431678,43.428316,Private Drive,2,P.D. only,On roadway,Intersection,Daylight,Regional,No control,Unknown,FALSE,FALSE,FALSE,Clear,FALSE,KING ST E; KING ST E,1/30/2020 11:42:46 AM,546000.2699,4808536.216,Q4,Weekend,FALSE
4790,48271,18-248323,10/25/2018 8:30:00 PM,2018,10,25,20,30,Thursday,543295.7595,4809652.041,-80.465002,43.438524,Non intersection,2,P.D. only,On roadway,SMV,Dark,Municipal,No control,Unknown,FALSE,FALSE,FALSE,Clear,FALSE,FLORAL CRES; FLORAL CRES,1/30/2020 11:42:45 AM,543295.7595,4809652.041,Q4,Weekend,FALSE
4791,48272,18-248930,10/26/2018 4:46:00 PM,2018,10,26,16,46,Friday,545142.6004,4802787.271,-80.442749,43.376604,Intersection,2,P.D. only,On roadway,Intersection,Daylight,Other,Sign Control,Functioning,FALSE,FALSE,FALSE,Clear,FALSE,SOUTH CREEK DR; ELMBANK TRAIL,2/19/2019 2:07:00 PM,545142.6004,4802787.271,Q4,Weekend,FALSE
4792,48273,18-248936,10/26/2018 4:50:00 PM,2018,10,26,16,50,Friday,545035.0635,4807867.153,-80.443658,43.42235,Intersection,2,P.D. only,On roadway,Rear end,Dusk,Other,Signal Control,Functioning,FALSE,FALSE,FALSE,Other,FALSE,KINGSWAY DR; WILSON AVE; Near; 50 M,2/19/2019 2:06:59 PM,545035.0635,4807867.153,Q4,Weekend,FALSE
4793,48274,18-249728,10/27/2018 3:25:00 PM,2018,10,27,15,25,Saturday,543170.8413,4811977.435,-80.466361,43.459469,Non intersection,1,Non-fatal injury,On roadway,SMV,Daylight,Other,No control,Unknown,FALSE,FALSE,FALSE,Rain,FALSE,ROSEMOUNT DR; ROSEMOUNT DR ; 2 M,2/19/2019 2:06:58 PM,543170.8413,4811977.435,Q4,Weekend,FALSE
4794,48275,18-250242,10/28/2018 4:22:00 AM,2018,10,28,4,22,Sunday,546791.5491,4811214.157,-80.421673,43.452379,Non intersection,2,P.D. only,Off roadway,SMV,Dark,Other,No control,Unknown,FALSE,FALSE,FALSE,Rain,FALSE,ZELLER DR; ZELLER DR; At; 2 M,2/19/2019 2:06:57 PM,546791.5491,4811214.157,Q4,Weekend,FALSE
4795,48276,18-251178,10/26/2018 4:00:00 PM,2018,10,26,16,0,Friday,539608.5723,4805615.003,-80.510855,43.402378,Non intersection,2,P.D. only,On roadway,SMV,Daylight,Municipal,No control,Unknown,FALSE,FALSE,FALSE,Clear,FALSE,DONNENWERTH DR ; ACTIVA AVE ; Near; 100 M,1/30/2020 11:42:44 AM,539608.5723,4805615.003,Q4,Weekend,FALSE
4796,48277,18-251227,10/29/2018 2:00:00 PM,2018,10,29,14,0,Monday,548229.947,4806262.137,-80.404333,43.4077,Private Drive,2,P.D. only,On roadway,Intersection,Daylight,Municipal,No control,Unknown,FALSE,FALSE,FALSE,Clear,FALSE,CANDLE CRES; CANDLE CRES ; At,1/30/2020 11:42:42 AM,548229.947,4806262.137,Q4,Working,FALSE
4797,48278,18-251334,10/28/2018 4:00:00 AM,2018,10,28,4,0,Sunday,544512.1494,4808075.618,-80.4501,43.424258,Non intersection,2,P.D. only,On roadway,SMV,Dark,Municipal,No control,Unknown,FALSE,FALSE,FALSE,Rain,FALSE,BYRON AVE; BYRON AVE; Near,1/30/2020 11:42:41 AM,544512.1494,4808075.618,Q4,Weekend,FALSE
4798,48279,18-251444,10/23/2018 8:30:00 AM,2018,10,23,8,30,Tuesday,544829.7062,4805004.304,-80.446429,43.396585,Intersection,2,P.D. only,On roadway,Intersection,Daylight,Municipal,Sign Control,Functioning,FALSE,FALSE,FALSE,Rain,FALSE,MILLWOOD CRES; DOON VILLAGE RD,1/30/2020 11:42:40 AM,544829.7062,4805004.304,Q4,Working,FALSE
4799,48280,18-251674,10/30/2018 6:45:00 AM,2018,10,30,6,45,Tuesday,540912.2022,4801276.344,-80.495081,43.363242,Other,2,P.D. only,Off roadway,SMV,Dark,Other,No control,Unknown,FALSE,FALSE,FALSE,Clear,FALSE,PLAINS RD; At; 5 M,2/19/2019 2:06:55 PM,540912.2022,4801276.344,Q4,Working,FALSE
4800,48281,18-251776,10/30/2018 9:05:00 AM,2018,10,30,9,5,Tuesday,547713.9689,4804211.097,-80.410884,43.389265,Private Drive,1,Non-fatal injury,Off roadway,Intersection,Daylight,Other,No control,Unknown,FALSE,TRUE,FALSE,Clear,FALSE,DOON VALLEY DR; DOON VALLEY DR ; At; 5 M,2/19/2019 2:06:54 PM,547713.9689,4804211.097,Q4,Working,FALSE
4801,48282,18-251819,10/30/2018 9:00:00 AM,2018,10,30,9,0,Tuesday,540172.92,4809412.339,-80.503607,43.43654,Intersection,1,Non-fatal injury,On roadway,SMV,Daylight,Other,Signal Control,Functioning,TRUE,FALSE,FALSE,Clear,FALSE,QUEENS BLVD; BELMONT AVE E,2/19/2019 2:06:53 PM,540172.92,4809412.339,Q4,Working,FALSE
4802,48283,18-251831,10/30/2018 10:08:00 AM,2018,10,30,10,8,Tuesday,541001.4425,4809237.15,-80.493383,43.434917,Non intersection,2,P.D. only,On roadway,SMV,Daylight,Other,No control,Unknown,FALSE,FALSE,FALSE,Clear,FALSE,LORNE AVE ; LORNE AVE ; 1 M,2/19/2019 2:06:51 PM,541001.4425,4809237.15,Q4,Working,FALSE
4803,48284,18-251889,10/29/2018 2:00:00 PM,2018,10,29,14,0,Monday,540799.1645,4812514.981,-80.495637,43.464442,Non intersection,2,P.D. only,On roadway,SMV,Daylight,Municipal,No control,Unknown,FALSE,FALSE,FALSE,Clear,FALSE,MARGARET AVE; MARGARET AVE ; Near,1/30/2020 11:42:39 AM,540799.1645,4812514.981,Q4,Working,FALSE
4804,48285,18-251952,10/30/2018 12:15:00 PM,2018,10,30,12,15,Tuesday,545409.2054,4809347.394,-80.438913,43.435656,Private Drive,2,P.D. only,On roadway,Intersection,Daylight,Other,No control,Unknown,FALSE,FALSE,FALSE,Clear,FALSE,FERGUS AVE; FERGUS AVE ; Near; 5 M,2/19/2019 2:06:50 PM,545409.2054,4809347.394,Q4,Working,FALSE
4805,48286,18-252507,10/30/2018 7:15:00 AM,2018,10,30,7,15,Tuesday,545272.1836,4811157.556,-80.440456,43.451963,Private Drive,2,Non-reportable,On roadway,Other,Dawn,Other,No control,Unknown,FALSE,FALSE,FALSE,Clear,FALSE,OLD CHICOPEE DR; OLD CHICOPEE DR ; At; 1 M,2/19/2019 2:06:49 PM,545272.1836,4811157.556,Q4,Working,FALSE
4806,48287,18-253071,10/31/2018 6:55:00 PM,2018,10,31,18,55,Wednesday,538866.3918,4805710.033,-80.520014,43.403273,Non intersection,1,Non-fatal injury,On roadway,SMV,Dark,Other,No control,Unknown,TRUE,FALSE,FALSE,Clear,FALSE,ACTIVA AVE; SNOWDROP CRES ; Near; 500 M,2/19/2019 2:06:48 PM,538866.3918,4805710.033,Q4,Working,FALSE
4807,48288,18-253432,11/1/2018 7:55:00 AM,2018,11,1,7,55,Thursday,543896.5955,4811907.742,-80.457396,43.458799,Intersection,2,P.D. only,On roadway,Intersection,Daylight,Other,Signal Control,Functioning,FALSE,FALSE,FALSE,Rain,FALSE,KRUG ST; RIVER RD E,2/19/2019 2:06:47 PM,543896.5955,4811907.742,Q4,Weekend,FALSE
4808,48289,18-253509,11/1/2018 8:43:00 AM,2018,11,1,8,43,Thursday,539664.8143,4805440.568,-80.510173,43.400804,Private Drive,2,P.D. only,On roadway,Other,Daylight,Municipal,No control,Unknown,FALSE,FALSE,FALSE,Rain,FALSE,PERIWINKLE ST; PERIWINKLE ST,1/30/2020 11:42:38 AM,539664.8143,4805440.568,Q4,Weekend,FALSE
4809,48290,18-253819,11/1/2018 1:30:00 PM,2018,11,1,13,30,Thursday,544560.2498,4811738.405,-80.449207,43.457235,Non intersection,2,P.D. only,On roadway,Rear end,Daylight,Municipal,Other,Functioning,FALSE,FALSE,FALSE,Rain,FALSE,RIVER RD E; LORRAINE AVE; Near,1/30/2020 11:42:38 AM,544560.2498,4811738.405,Q4,Weekend,FALSE
4810,48291,18-254045,10/31/2018 2:00:00 PM,2018,10,31,14,0,Wednesday,541798.8907,4810619.92,-80.483424,43.447324,Non intersection,2,P.D. only,On roadway,Other,Daylight,Regional,No control,Unknown,FALSE,FALSE,FALSE,Clear,FALSE,KING ST E; CEDAR ST N; Near,1/30/2020 11:42:37 AM,541798.8907,4810619.92,Q4,Working,FALSE
4811,48292,18-254322,11/2/2018 7:45:00 AM,2018,11,2,7,45,Friday,546026.7371,4813465.278,-80.430935,43.472695,Private Drive,2,P.D. only,On roadway,SMV,Dawn,Other,No control,Unknown,FALSE,FALSE,FALSE,Rain,FALSE,CENTENNIAL RD; CENTENNIAL RD ; At; 2 M,2/19/2019 2:06:46 PM,546026.7371,4813465.278,Q4,Weekend,FALSE
4812,48293,18-254389,11/2/2018 6:10:00 AM,2018,11,2,6,10,Friday,536912.9712,4808538.73,-80.543946,43.428841,Private Drive,2,P.D. only,On roadway,SMV,Dark,Municipal,No control,Unknown,FALSE,FALSE,FALSE,Rain,FALSE,HIDDEN CREEK DR; HIDDEN CREEK DR; At,1/30/2020 11:42:36 AM,536912.9712,4808538.731,Q4,Weekend,FALSE
4813,48294,18-254444,11/1/2018 2:54:00 PM,2018,11,1,14,54,Thursday,544640.9573,4804560.343,-80.448796,43.392599,Private Drive,2,P.D. only,Off roadway,Other,Daylight,Municipal,No control,Unknown,FALSE,FALSE,FALSE,Rain,FALSE,NATHANIEL CRES; NATHANIEL CRES; Near,1/30/2020 11:42:35 AM,544640.9573,4804560.343,Q4,Weekend,FALSE
4814,48295,18-254687,11/2/2018 2:39:00 PM,2018,11,2,14,39,Friday,545434.4954,4808343.049,-80.438684,43.426611,Intersection,2,P.D. only,On roadway,Rear end,Daylight,Other,Other,Functioning,FALSE,FALSE,FALSE,Rain,FALSE,KINGSWAY DR ; CEDARWOODS CRES,2/19/2019 2:06:45 PM,545434.4954,4808343.049,Q4,Weekend,FALSE
4815,48296,18-254726,11/2/2018 1:45:00 PM,2018,11,2,13,45,Friday,539406.4196,4811272.396,-80.512943,43.453328,Non intersection,2,P.D. only,On roadway,Intersection,Daylight,Municipal,No control,Unknown,FALSE,FALSE,FALSE,Rain,FALSE,GLASGOW ST; YORK ST; Near,1/30/2020 11:42:34 AM,539406.4196,4811272.396,Q4,Weekend,FALSE
4816,48297,18-254761,11/2/2018 3:59:00 PM,2018,11,2,15,59,Friday,540311.1638,4809615.86,-80.501884,43.438365,Intersection,2,P.D. only,On roadway,Intersection,Daylight,Other,Sign Control,Functioning,FALSE,FALSE,FALSE,Clear,FALSE,QUEENS BLVD; PATRICIA AVE ; Near; 50 M,2/19/2019 2:06:43 PM,540311.1638,4809615.86,Q4,Weekend,FALSE