,OBJECTID,ACCIDENTNUM,ACCIDENTDATE,ACCIDENT_YEAR,ACCIDENT_MONTH,ACCIDENT_DAY,ACCIDENT_HOUR,ACCIDENT_MINUTE,Accident_Day,XCOORD,YCOORD,LONGITUDE,LATITUDE,Accident_Location,COLLISIONTYPE,Accident_Type,Impact_Location,Impact_Type,Light,Road_Jurisdication,Traffic_Control,Traffic_Control_Condition,Pedestrian_Involved,Cyclist_Involved,Motorcyclist_Involved,Environment_Condition,Self_Reported,XMLIMPORTNOTES,LASTEDITEDDATE,x,y,Quarter,Day_Type,Vulnerable_Involved
4817,48298,18-254763,11/1/2018 7:25:00 PM,2018,11,1,19,25,Thursday,541578.4557,4811820.563,-80.486056,43.458147,Other,2,P.D. only,On roadway,Other,Dark,Municipal,Other,Unknown,FALSE,FALSE,FALSE,Rain,FALSE,ST LEGER ST; CN RAIL,1/30/2020 11:42:34 AM,541578.4557,4811820.563,Q4,Weekend,FALSE
4818,48299,18-254838,11/2/2018 5:50:00 PM,2018,11,2,17,50,Friday,542448.3993,4807282.757,-80.475656,43.417239,Intersection,1,Non-fatal injury,On roadway,SMV,Daylight,Regional,Sign Control,Functioning,TRUE,FALSE,FALSE,Clear,FALSE,BLOCK LINE RD ; COUNTRY HILL DR,1/30/2020 11:42:33 AM,542448.3993,4807282.757,Q4,Weekend,FALSE
4819,48300,18-255900,11/4/2018 1:21:00 AM,2018,11,4,1,21,Sunday,543895.1878,4811907.582,-80.457414,43.458798,Non intersection,2,P.D. only,Off roadway,SMV,Dark,Other,Sign Control,Functioning,FALSE,FALSE,FALSE,Clear,FALSE,KRUG ST ; RIVER RD E; Near; 100 M,2/19/2019 2:06:42 PM,543895.1878,4811907.582,Q4,Weekend,FALSE
4820,48301,18-256706,11/4/2018 11:00:00 PM,2018,11,4,23,0,Sunday,539794.9495,4807569.553,-80.508411,43.419967,Non intersection,2,P.D. only,On roadway,SMV,Dark,Municipal,No control,Unknown,FALSE,FALSE,FALSE,Rain,FALSE,WINDALE CRES; WINDALE CRES; Near,1/30/2020 11:42:32 AM,539794.9495,4807569.553,Q4,Weekend,FALSE
4821,48302,18-256892,11/5/2018 1:29:00 PM,2018,11,5,13,29,Monday,545364.924,4811022.12,-80.439321,43.450738,Intersection,2,P.D. only,On roadway,Intersection,Daylight,Other,Sign Control,Functioning,FALSE,FALSE,FALSE,Rain,FALSE,OLD CHICOPEE DR; HOLBORN DR,2/19/2019 2:06:40 PM,545364.924,4811022.12,Q4,Working,FALSE
4822,48303,18-256911,11/5/2018 12:20:00 PM,2018,11,5,12,20,Monday,542858.0933,4806946.932,-80.470622,43.414192,Non intersection,2,P.D. only,On roadway,Other,Daylight,Other,No control,Unknown,FALSE,FALSE,FALSE,Rain,FALSE,COUNTRY HILL DR ; COACH HILL DR ; Near; 10 M,2/19/2019 2:06:39 PM,542858.0933,4806946.932,Q4,Working,FALSE
4823,48304,18-257749,11/5/2018 5:45:00 PM,2018,11,5,17,45,Monday,536851.1217,4808267.353,-80.544729,43.426401,Intersection,2,P.D. only,On roadway,Intersection,Daylight,Municipal,Sign Control,Functioning,FALSE,FALSE,FALSE,Clear,FALSE,BANKSIDE DR; WESTFOREST TRAIL,1/30/2020 11:42:30 AM,536851.1217,4808267.353,Q4,Working,FALSE
4824,48305,18-258058,11/6/2018 8:55:00 PM,2018,11,6,20,55,Tuesday,543045.7731,4813849.669,-80.467759,43.476334,Non intersection,2,P.D. only,Off roadway,SMV,Dark,Other,No control,Unknown,FALSE,FALSE,FALSE,Rain,FALSE,PAIGE PL; PAIGE PL ; At; 1 M,2/19/2019 2:06:38 PM,543045.7731,4813849.67,Q4,Working,FALSE
4825,48306,18-258489,11/6/2018 3:00:00 PM,2018,11,6,15,0,Tuesday,537579.3367,4808086.492,-80.535745,43.424736,Non intersection,2,P.D. only,On roadway,SMV,Daylight,Municipal,No control,Unknown,FALSE,FALSE,FALSE,Rain,FALSE,LANARK CRES; LANARK CRES ; Near,1/30/2020 11:42:30 AM,537579.3367,4808086.492,Q4,Working,FALSE
4826,48307,18-258513,11/7/2018 1:15:00 PM,2018,11,7,13,15,Wednesday,539404.3999,4810382.643,-80.513033,43.445317,Intersection,2,P.D. only,Off roadway,SMV,Daylight,Other,No control,Unknown,FALSE,FALSE,FALSE,Clear,FALSE,BELMONT AVE W; KARN ST ; At; 9 M,2/19/2019 2:06:36 PM,539404.3999,4810382.643,Q4,Working,FALSE
4827,48308,18-258707,11/7/2018 3:50:00 PM,2018,11,7,15,50,Wednesday,539024.3642,4805658.825,-80.518067,43.402803,Private Drive,2,P.D. only,On roadway,Intersection,Daylight,Municipal,No control,Unknown,FALSE,FALSE,FALSE,Clear,FALSE,ACTIVA AVE; ACTIVA AVE ; At,1/30/2020 11:42:29 AM,539024.3642,4805658.825,Q4,Working,FALSE
4828,48309,18-258753,11/5/2018 3:00:00 PM,2018,11,5,15,0,Monday,540832.008,4812602.291,-80.495224,43.465226,Intersection,2,P.D. only,On roadway,SMV,Daylight,Municipal,Sign Control,Functioning,FALSE,FALSE,FALSE,Clear,FALSE,FAIRFIELD AVE; WOODWARD AVE ; Near; 10 M,1/30/2020 11:42:28 AM,540832.008,4812602.291,Q4,Working,FALSE
4829,48310,18-258791,11/7/2018 6:30:00 PM,2018,11,7,18,30,Wednesday,540225.8562,4811991.901,-80.502762,43.459763,Intersection,2,P.D. only,On roadway,Intersection,Dark,Municipal,Sign Control,Functioning,FALSE,FALSE,FALSE,Clear,FALSE,WATERLOO ST; GUELPH ST,1/30/2020 11:42:27 AM,540225.8562,4811991.901,Q4,Working,FALSE
4830,48311,18-258849,11/7/2018 7:56:00 PM,2018,11,7,19,56,Wednesday,542216.1011,4812378.093,-80.478132,43.463131,Non intersection,1,Non-fatal injury,On roadway,SMV,Dark,Regional,No control,Unknown,FALSE,FALSE,FALSE,Clear,FALSE,WELLINGTON ST N; WELLINGTON ST N; At; 3 M,1/30/2020 11:42:26 AM,542216.1011,4812378.093,Q4,Working,FALSE
4831,48312,18-260048,11/8/2018 4:00:00 PM,2018,11,8,16,0,Thursday,541841.183,4808906.673,-80.483032,43.431895,Intersection,1,Non-fatal injury,On roadway,SMV,Daylight,Other,Sign Control,Functioning,TRUE,FALSE,FALSE,Clear,FALSE,MEINZINGER AVE; HOFFMAN ST; 7 M,2/19/2019 2:06:35 PM,541841.183,4808906.673,Q4,Weekend,FALSE
4832,48313,18-260176,11/8/2018 1:00:00 PM,2018,11,8,13,0,Thursday,538312.7437,4807874.321,-80.526699,43.422789,Private Drive,2,P.D. only,On roadway,SMV,Daylight,Municipal,No control,Unknown,FALSE,FALSE,FALSE,Clear,FALSE,SILVER ASPEN CRES; SILVER ASPEN CRES; Near; 1 M,1/30/2020 11:42:25 AM,538312.7437,4807874.321,Q4,Weekend,FALSE
4833,48314,18-260323,11/9/2018 4:26:00 PM,2018,11,9,16,26,Friday,542387.7793,4811333.305,-80.476091,43.453714,Intersection,2,P.D. only,On roadway,Intersection,Daylight,Other,Sign Control,Functioning,FALSE,FALSE,FALSE,Rain,FALSE,LYDIA ST; CHAPEL ST,2/19/2019 2:06:34 PM,542387.7793,4811333.305,Q4,Weekend,FALSE
4834,48315,18-260863,11/10/2018 8:50:00 AM,2018,11,10,8,50,Saturday,543563.8797,4812257.508,-80.461481,43.461968,Intersection,1,Non-fatal injury,On roadway,Intersection,Daylight,Other,Signal Control,Functioning,FALSE,FALSE,FALSE,Snow,FALSE,FREDERICK ST ; RIVER RD E,2/19/2019 2:06:32 PM,543563.8797,4812257.508,Q4,Weekend,FALSE
4835,48316,18-260874,11/10/2018 9:12:00 AM,2018,11,10,9,12,Saturday,542482.3363,4812900.224,-80.4748,43.467817,Non intersection,2,P.D. only,Off roadway,SMV,Daylight,Other,No control,Unknown,FALSE,FALSE,FALSE,Snow,FALSE,SPRING VALLEY RD; GUELPH ST ; Near; 25 M,2/19/2019 2:06:31 PM,542482.3363,4812900.224,Q4,Weekend,FALSE
4836,48317,18-260877,11/10/2018 9:18:00 AM,2018,11,10,9,18,Saturday,541956.1492,4810866.364,-80.481461,43.449534,Intersection,2,P.D. only,On roadway,Rear end,Daylight,Other,Sign Control,Functioning,FALSE,FALSE,FALSE,Snow,FALSE,KRUG ST; LANCASTER ST E,2/19/2019 2:06:30 PM,541956.1492,4810866.364,Q4,Weekend,FALSE
4837,48318,18-260898,11/10/2018 9:05:00 AM,2018,11,10,9,5,Saturday,538220.3628,4808355.973,-80.527807,43.42713,Intersection,2,P.D. only,On roadway,Intersection,Daylight,Regional,Signal Control,Functioning,FALSE,FALSE,FALSE,Clear,FALSE,QUEENS BLVD; ELM RIDGE DR,1/30/2020 11:42:24 AM,538220.3628,4808355.973,Q4,Weekend,FALSE
4838,48319,18-260901,11/10/2018 9:50:00 AM,2018,11,10,9,50,Saturday,542313.2429,4810287.384,-80.477093,43.444301,Non intersection,2,P.D. only,Off roadway,SMV,Daylight,Other,No control,Unknown,FALSE,FALSE,FALSE,Snow,FALSE,STIRLING AVE N; KING ST W; 20 M,2/19/2019 2:06:29 PM,542313.2429,4810287.384,Q4,Weekend,FALSE
4839,48320,18-260914,11/10/2018 9:30:00 AM,2018,11,10,9,30,Saturday,543496.8272,4809571.881,-80.462524,43.43779,Intersection,2,P.D. only,On roadway,Intersection,Daylight,Other,Sign Control,Functioning,FALSE,FALSE,FALSE,Snow,FALSE,DOON RD ; FLORAL CRES ; 1 M,2/19/2019 2:06:27 PM,543496.8272,4809571.881,Q4,Weekend,FALSE
4840,48321,18-260921,11/10/2018 9:10:00 AM,2018,11,10,9,10,Saturday,544561.2112,4811738.411,-80.449195,43.457235,Intersection,2,P.D. only,On roadway,Intersection,Daylight,Regional,Signal Control,Functioning,FALSE,FALSE,FALSE,Clear,FALSE,LORRAINE AVE; RIVER RD E,1/30/2020 11:42:23 AM,544561.2112,4811738.411,Q4,Weekend,FALSE
4841,48322,18-260948,11/10/2018 11:02:00 AM,2018,11,10,11,2,Saturday,537226.8458,4808083.148,-80.540099,43.424724,Non intersection,2,P.D. only,Off roadway,SMV,Daylight,Other,No control,Unknown,FALSE,FALSE,FALSE,Snow,FALSE,HIGH ACRES CRES; HIGH ACRES CRES ; 2 M,2/19/2019 2:06:26 PM,537226.8458,4808083.148,Q4,Weekend,FALSE
4842,48323,18-260987,11/10/2018 11:00:00 AM,2018,11,10,11,0,Saturday,540920.067,4812367.083,-80.494153,43.463104,Intersection,2,P.D. only,On roadway,Rear end,Daylight,Municipal,Signal Control,Functioning,FALSE,FALSE,FALSE,Clear,FALSE,GUELPH ST; MARGARET AVE,1/30/2020 11:42:22 AM,540920.067,4812367.083,Q4,Weekend,FALSE
4843,48324,18-261042,11/9/2018 5:50:00 PM,2018,11,9,17,50,Friday,543074.6876,4812800.452,-80.467485,43.466885,Intersection,2,P.D. only,On roadway,Rear end,Daylight,Regional,Signal Control,Functioning,FALSE,FALSE,FALSE,Rain,FALSE,RIVERBEND DR; WELLINGTON ST N,1/30/2020 11:42:21 AM,543074.6876,4812800.452,Q4,Weekend,FALSE
4844,48325,18-261191,11/10/2018 3:25:00 PM,2018,11,10,15,25,Saturday,542848.9485,4813075.845,-80.470254,43.469377,Intersection,1,Non-fatal injury,On roadway,Rear end,Daylight,Municipal,Sign Control,Functioning,FALSE,FALSE,FALSE,Clear,FALSE,RIVERBEND DR; GUELPH ST; At,1/30/2020 11:42:20 AM,542848.9485,4813075.845,Q4,Weekend,FALSE
4845,48326,18-261201,11/10/2018 9:45:00 AM,2018,11,10,9,45,Saturday,544574.8805,4812075.052,-80.448999,43.460266,Intersection,2,P.D. only,On roadway,Intersection,Daylight,Municipal,Sign Control,Functioning,FALSE,FALSE,FALSE,Snow,FALSE,CONFEDERATION DR; CARSON DR; At,1/30/2020 11:42:19 AM,544574.8805,4812075.052,Q4,Weekend,FALSE
4846,48327,18-261788,11/10/2018 5:35:00 PM,2018,11,10,17,35,Saturday,545232.5715,4808099.586,-80.441199,43.424431,Intersection,2,P.D. only,On roadway,Rear end,Dusk,Municipal,Sign Control,Functioning,FALSE,FALSE,FALSE,Clear,FALSE,KINGSWAY DR; GREENFIELD AVE,1/30/2020 11:42:18 AM,545232.5715,4808099.586,Q4,Weekend,FALSE
4847,48328,18-262387,11/11/2018 4:30:00 PM,2018,11,11,16,30,Sunday,545143.4686,4810864.434,-80.442071,43.449331,Non intersection,2,P.D. only,On roadway,SMV,Daylight,Municipal,No control,Unknown,FALSE,FALSE,FALSE,Clear,FALSE,HOLBORN CRT; HOLBORN CRT,1/30/2020 11:42:17 AM,545143.4686,4810864.434,Q4,Weekend,FALSE
4848,48329,18-262449,11/11/2018 4:30:00 PM,2018,11,11,16,30,Sunday,541871.0652,4810500.106,-80.482541,43.446241,Private Drive,2,P.D. only,On roadway,SMV,Daylight,Municipal,No control,Unknown,FALSE,FALSE,FALSE,Clear,FALSE,MADISON AVE S; MADISON AVE S; 1 M,1/30/2020 11:42:16 AM,541871.0652,4810500.106,Q4,Weekend,FALSE
4849,48330,18-262649,11/12/2018 1:30:00 PM,2018,11,12,13,30,Monday,543073.9013,4812799.869,-80.467495,43.46688,Intersection,2,P.D. only,On roadway,Intersection,Daylight,Regional,Signal Control,Functioning,FALSE,FALSE,FALSE,Clear,FALSE,SHIRLEY AVE; RIVERBEND DR,1/30/2020 11:42:16 AM,543073.9013,4812799.869,Q4,Working,FALSE
4850,48331,18-262674,11/10/2018 9:45:00 AM,2018,11,10,9,45,Saturday,538061.8878,4808308.897,-80.529768,43.426714,Intersection,2,P.D. only,On roadway,Rear end,Daylight,Municipal,Sign Control,Functioning,FALSE,FALSE,FALSE,Clear,FALSE,WESTHEIGHTS DR; QUEENS BLVD,1/30/2020 11:42:15 AM,538061.8878,4808308.897,Q4,Weekend,FALSE
4851,48332,18-262811,11/12/2018 5:20:00 PM,2018,11,12,17,20,Monday,543067.0095,4807437.19,-80.468003,43.418594,Intersection,2,P.D. only,On roadway,Rear end,Dark,Municipal,Sign Control,Functioning,FALSE,FALSE,FALSE,Clear,FALSE,BLOCK LINE RD; FALLOWFIELD DR,1/30/2020 11:42:14 AM,543067.0095,4807437.19,Q4,Working,FALSE
4852,48333,18-263450,11/13/2018 4:05:00 PM,2018,11,13,16,5,Tuesday,542843.1289,4809873.807,-80.470577,43.440547,Intersection,1,Non-fatal injury,On roadway,Intersection,Daylight,Regional,Sign Control,Functioning,FALSE,FALSE,FALSE,Snow,FALSE,CHARLES ST E; SYDNEY ST S,1/30/2020 11:42:12 AM,542843.1289,4809873.807,Q4,Working,FALSE
4853,48334,18-263599,11/13/2018 8:01:00 PM,2018,11,13,20,1,Tuesday,537908.8399,4807484.473,-80.531716,43.419299,Non intersection,2,Non-reportable,Off roadway,Rear end,Dark,Other,No control,Unknown,FALSE,FALSE,FALSE,Snow,FALSE,WESTHEIGHTS DR; WESTHEIGHTS DR ; At; 3 M,2/19/2019 2:06:25 PM,537908.8399,4807484.473,Q4,Working,FALSE
4854,48335,18-263607,11/13/2018 9:10:00 AM,2018,11,13,9,10,Tuesday,538706.4793,4810928.677,-80.521619,43.45027,Non intersection,2,P.D. only,On roadway,Rear end,Daylight,Municipal,Other,Functioning,FALSE,FALSE,FALSE,Clear,FALSE,GLASGOW ST; GLASGOW ST ; Near,1/30/2020 11:42:12 AM,538706.4793,4810928.677,Q4,Working,FALSE
4855,48336,18-263630,11/13/2018 8:56:00 PM,2018,11,13,20,56,Tuesday,536763.8416,4807403.864,-80.545865,43.41863,Non intersection,2,P.D. only,Off roadway,SMV,Dark,Other,No control,Unknown,FALSE,FALSE,FALSE,Snow,FALSE,ROLLING MEADOWS DR ; ROLLING MEADOWS DR; At; 1 M,2/19/2019 2:06:23 PM,536763.8416,4807403.864,Q4,Working,FALSE
4856,48337,18-263649,11/13/2018 9:24:00 PM,2018,11,13,21,24,Tuesday,544612.327,4809092.225,-80.44878,43.433406,Intersection,2,P.D. only,On roadway,Rear end,Dark,Other,Signal Control,Functioning,FALSE,FALSE,FALSE,Clear,FALSE,KINGSWAY DR; FRANKLIN ST S; 7 M,2/19/2019 2:06:22 PM,544612.327,4809092.225,Q4,Working,FALSE
4857,48338,18-263749,11/14/2018 12:37:00 AM,2018,11,14,0,37,Wednesday,542345.1951,4807747.858,-80.476895,43.421433,Non intersection,2,P.D. only,On roadway,SMV,Dark,Other,No control,Unknown,FALSE,FALSE,FALSE,Snow,FALSE,ALPINE ; KINGSWOOD DR ; 200 M,2/19/2019 2:06:21 PM,542345.1951,4807747.858,Q4,Working,FALSE
4858,48339,18-263906,11/14/2018 8:10:00 AM,2018,11,14,8,10,Wednesday,545832.3843,4802614.447,-80.434249,43.375006,Intersection,2,P.D. only,On roadway,Rear end,Daylight,Municipal,Sign Control,Functioning,FALSE,FALSE,FALSE,Snow,FALSE,THOMAS SLEE DR; DOON SOUTH DR,1/30/2020 11:42:11 AM,545832.3843,4802614.447,Q4,Working,FALSE
4859,48340,18-264039,11/14/2018 8:05:00 AM,2018,11,14,8,5,Wednesday,540783.9347,4806221.704,-80.496295,43.407778,Intersection,2,P.D. only,On roadway,Intersection,Daylight,Municipal,Sign Control,Functioning,FALSE,FALSE,FALSE,Clear,FALSE,RITTENHOUSE RD; ERINBROOK DR; At,1/30/2020 11:42:10 AM,540783.9347,4806221.704,Q4,Working,FALSE
4860,48341,18-264064,11/13/2018 8:05:00 PM,2018,11,13,20,5,Tuesday,537215.5565,4807578.523,-80.540273,43.42018,Intersection,2,P.D. only,On roadway,SMV,Daylight,Municipal,Sign Control,Functioning,FALSE,FALSE,FALSE,Clear,FALSE,WESTHEIGHTS DR; BROKEN OAK CRES; Near,1/30/2020 11:42:09 AM,537215.5565,4807578.523,Q4,Working,FALSE
4861,48342,18-264153,10/23/2018 11:00:00 PM,2018,10,23,23,0,Tuesday,541686.1947,4807738.231,-80.485036,43.421383,Non intersection,2,P.D. only,On roadway,SMV,Dark,Municipal,No control,Unknown,FALSE,FALSE,FALSE,Clear,FALSE,KINGSWOOD DR; KINGSWOOD DR; Near,1/30/2020 11:42:08 AM,541686.1947,4807738.231,Q4,Working,FALSE
4862,48343,18-264247,11/14/2018 1:45:00 PM,2018,11,14,13,45,Wednesday,541912.9455,4812111.998,-80.4819,43.460752,Non intersection,2,P.D. only,On roadway,SMV,Daylight,Municipal,No control,Unknown,FALSE,FALSE,FALSE,Clear,FALSE,BREITHAUPT ST; BREITHAUPT ST ; Near,1/30/2020 11:42:07 AM,541912.9455,4812111.998,Q4,Working,FALSE
4863,48344,18-264392,11/14/2018 2:00:00 AM,2018,11,14,2,0,Wednesday,538466.9553,4809921.542,-80.52465,43.441214,Non intersection,2,P.D. only,On roadway,SMV,Dark,Municipal,No control,Unknown,FALSE,FALSE,FALSE,Snow,FALSE,MOOREGATE CRES; MOOREGATE CRES,1/30/2020 11:42:06 AM,538466.9553,4809921.542,Q4,Working,FALSE
4864,48345,18-264845,11/14/2018 9:00:00 PM,2018,11,14,21,0,Wednesday,548148.6635,4810392.32,-80.404973,43.444893,Private Drive,2,P.D. only,On roadway,SMV,Dark,Municipal,No control,Unknown,FALSE,FALSE,FALSE,Clear,FALSE,LOWER MERCER ST; LOWER MERCER ST,1/30/2020 11:42:05 AM,548148.6635,4810392.32,Q4,Working,FALSE
4865,48346,18-264951,11/13/2018 7:00:00 AM,2018,11,13,7,0,Tuesday,536799.3433,4807831.9,-80.545398,43.422482,Non intersection,2,P.D. only,On roadway,Other,Dawn,Municipal,No control,Unknown,FALSE,FALSE,FALSE,Snow,FALSE,ROLLING MEADOWS DR; NEWBURY DR; Near; 50 M,1/30/2020 11:42:04 AM,536799.3433,4807831.9,Q4,Working,FALSE
4866,48347,18-264974,11/14/2018 7:30:00 AM,2018,11,14,7,30,Wednesday,541068,4811108,0,0,Intersection,2,P.D. only,On roadway,Intersection,Daylight,Municipal,Sign Control,Functioning,FALSE,FALSE,FALSE,Clear,FALSE,STEEPLERIDGE ST; MARTINWOOD ST,1/30/2020 11:42:03 AM,541068,4811108,Q4,Working,FALSE
4867,48348,18-265026,11/15/2018 3:40:00 PM,2018,11,15,15,40,Thursday,541068,4811108,0,0,Intersection,2,Non-reportable,On roadway,Rear end,Daylight,Municipal,Sign Control,Functioning,FALSE,FALSE,FALSE,Snow,FALSE,PLEASANT AVE ; GLEN RD ; Near,1/30/2020 11:42:03 AM,541068,4811108,Q4,Weekend,FALSE
4868,48349,18-265033,11/15/2018 8:20:00 AM,2018,11,15,8,20,Thursday,543921.3462,4805134.264,-80.457635,43.397809,Non intersection,2,P.D. only,On roadway,Rear end,Daylight,Other,Sign Control,Functioning,FALSE,FALSE,FALSE,Clear,FALSE,HURON RD; OLD HURON RD OFF TO HURON RD; Near; 0 M,2/19/2019 2:06:19 PM,543921.3462,4805134.264,Q4,Weekend,FALSE
4869,48350,18-265275,11/15/2018 12:00:00 PM,2018,11,15,12,0,Thursday,539051.3256,4809777.098,-80.517439,43.439883,Non intersection,2,P.D. only,On roadway,SMV,Daylight,Regional,No control,Unknown,FALSE,FALSE,FALSE,Snow,FALSE,PAULANDER DR; PAULANDER DR,1/30/2020 11:42:02 AM,539051.3256,4809777.098,Q4,Weekend,FALSE
4870,48351,18-265448,11/15/2018 11:15:00 PM,2018,11,15,23,15,Thursday,540351.7867,4806814.441,-80.501589,43.413138,Intersection,2,P.D. only,Off roadway,SMV,Dark,Other,Sign Control,Functioning,FALSE,FALSE,FALSE,Snow,FALSE,WILLIAMSBURG RD; DINISON CRES,2/19/2019 2:06:18 PM,540351.7867,4806814.441,Q4,Weekend,FALSE
4871,48352,18-265617,11/15/2018 5:45:00 PM,2018,11,15,17,45,Thursday,540154.2657,4811287.201,-80.503699,43.453422,Intersection,2,P.D. only,On roadway,Intersection,Dark,Municipal,Sign Control,Functioning,FALSE,FALSE,FALSE,Snow,FALSE,WALTER ST; WELLINGTON ST S,1/30/2020 11:42:02 AM,540154.2657,4811287.201,Q4,Weekend,FALSE
4872,48353,18-265704,11/15/2018 6:30:00 PM,2018,11,15,18,30,Thursday,541014.1437,4809678.128,-80.493193,43.438887,Intersection,2,P.D. only,On roadway,SMV,Dark,Regional,Signal Control,Functioning,FALSE,FALSE,FALSE,Snow,FALSE,HIGHLAND RD E; SPADINA RD E,1/30/2020 11:42:01 AM,541014.1437,4809678.128,Q4,Weekend,FALSE
4873,48354,18-265761,11/16/2018 8:25:00 AM,2018,11,16,8,25,Friday,542523.6443,4805548.126,-80.474862,43.401616,Intersection,2,P.D. only,On roadway,Intersection,Daylight,Municipal,Sign Control,Functioning,FALSE,FALSE,FALSE,Snow,FALSE,MCBRINE DR; MCBRINE PL,1/30/2020 11:42:01 AM,542523.6443,4805548.126,Q4,Weekend,FALSE
4874,48355,18-266395,11/17/2018 6:30:00 AM,2018,11,17,6,30,Saturday,547890.1076,4811349.654,-80.408084,43.453529,Non intersection,2,P.D. only,Off roadway,SMV,Dark,Other,No control,Unknown,FALSE,FALSE,FALSE,Clear,FALSE,OLD ZELLER DR; OLD ZELLER DR ; At; 1 M,2/19/2019 2:06:17 PM,547890.1076,4811349.654,Q4,Weekend,FALSE
4875,48356,18-266448,11/17/2018 4:00:00 AM,2018,11,17,4,0,Saturday,541068,4811108,0,0,Non intersection,2,P.D. only,On roadway,SMV,Dark,Other,No control,Unknown,FALSE,FALSE,FALSE,Clear,FALSE,WEST OAK TRAIL; WEST OAK TRAIL ; At; 2 M,2/19/2019 2:06:15 PM,541068,4811108,Q4,Weekend,FALSE
4876,48357,18-266451,11/15/2018 6:15:00 PM,2018,11,15,18,15,Thursday,541068,4811108,0,0,Intersection,2,P.D. only,On roadway,Intersection,Dark,Municipal,No control,Unknown,FALSE,FALSE,FALSE,Snow,FALSE,PARK ST ; JUBILEE DR,1/30/2020 11:42:00 AM,541068,4811108,Q4,Weekend,FALSE
4877,48358,18-266532,11/15/2018 11:00:00 AM,2018,11,15,11,0,Thursday,541068,4811108,0,0,Private Drive,2,P.D. only,On roadway,Other,Daylight,Municipal,No control,Unknown,FALSE,FALSE,FALSE,Clear,FALSE,PARK ST; PARK ST ; Near,1/30/2020 11:42:00 AM,541068,4811108,Q4,Weekend,FALSE
4878,48359,18-267181,11/17/2018 8:30:00 PM,2018,11,17,20,30,Saturday,539552.8257,4809701.134,-80.511248,43.439173,Private Drive,2,P.D. only,On roadway,Intersection,Dark,Other,No control,Unknown,FALSE,FALSE,FALSE,Clear,FALSE,LAWRENCE AVE ; HIGHLAND RD W; At; 0 M,2/19/2019 2:06:14 PM,539552.8257,4809701.134,Q4,Weekend,FALSE
4879,48360,18-267213,11/17/2018 10:30:00 PM,2018,11,17,22,30,Saturday,545811.1454,4804718.352,-80.434335,43.393951,Non intersection,2,Non-reportable,On roadway,SMV,Dark,Other,No control,Unknown,FALSE,FALSE,FALSE,Clear,FALSE,PIONEER DR ; OLD CARRIAGE DR ; Near; 50 M,2/19/2019 2:06:12 PM,545811.1454,4804718.352,Q4,Weekend,FALSE
4880,48361,18-267294,11/18/2018 11:28:00 AM,2018,11,18,11,28,Sunday,541068,4811108,0,0,Intersection,2,P.D. only,On roadway,Intersection,Daylight,Municipal,Sign Control,Functioning,FALSE,FALSE,FALSE,Clear,FALSE,STRASBURG RD; OLD COUNTRY DR; Near; 20 M,1/30/2020 11:41:59 AM,541068,4811108,Q4,Weekend,FALSE
4881,48362,18-267391,11/14/2018 8:55:00 AM,2018,11,14,8,55,Wednesday,541068,4811108,0,0,Non intersection,2,P.D. only,On roadway,SMV,Daylight,Municipal,No control,Unknown,FALSE,FALSE,FALSE,Snow,FALSE,HAZELGLEN DR; HAZELGLEN DR ; Near; 15 M,1/30/2020 11:41:58 AM,541068,4811108,Q4,Working,FALSE
4882,48363,18-267997,11/19/2018 9:44:00 AM,2018,11,19,9,44,Monday,541068,4811108,0,0,Non intersection,2,P.D. only,On roadway,SMV,Daylight,Municipal,No control,Unknown,FALSE,FALSE,FALSE,Clear,FALSE,SHADY GLEN CRES; SHADY GLEN CRES; Near,1/30/2020 11:41:58 AM,541068,4811108,Q4,Working,FALSE
4883,48364,18-268052,11/18/2018 6:40:00 PM,2018,11,18,18,40,Sunday,541068,4811108,0,0,Private Drive,2,P.D. only,On roadway,Rear end,Dark,Municipal,No control,Unknown,FALSE,FALSE,FALSE,Clear,FALSE,STRASBURG RD; STRASBURG RD; At,1/30/2020 11:41:57 AM,541068,4811108,Q4,Weekend,FALSE
4884,48365,18-268601,11/20/2018 8:12:00 AM,2018,11,20,8,12,Tuesday,543002.8863,4806162.529,-80.468896,43.407121,Private Drive,2,P.D. only,On roadway,Intersection,Daylight,Other,No control,Unknown,FALSE,FALSE,FALSE,Clear,FALSE,SHOEMAKER ST; SHOEMAKER ST ; At; 1 M,2/19/2019 2:06:11 PM,543002.8863,4806162.529,Q4,Working,FALSE
4885,48366,18-268637,11/20/2018 8:50:00 AM,2018,11,20,8,50,Tuesday,541651.3124,4810880.221,-80.485228,43.449676,Intersection,2,P.D. only,On roadway,Intersection,Daylight,Other,Signal Control,Functioning,FALSE,FALSE,FALSE,Snow,FALSE,SCOTT ST; DUKE ST E,2/19/2019 2:06:10 PM,541651.3124,4810880.221,Q4,Working,FALSE
4886,48367,18-268649,11/20/2018 9:03:00 AM,2018,11,20,9,3,Tuesday,538600.679,4806699.744,-80.523225,43.412198,Intersection,1,Non-fatal injury,On roadway,Other,Daylight,Other,Sign Control,Functioning,FALSE,FALSE,FALSE,Snow,FALSE,FOXGLOVE CRES; WINDFLOWER DR,2/19/2019 2:06:08 PM,538600.679,4806699.744,Q4,Working,FALSE
4887,48368,18-268656,11/20/2018 8:00:00 AM,2018,11,20,8,0,Tuesday,541068,4811108,0,0,Intersection,2,Non-reportable,On roadway,Rear end,Daylight,Municipal,Sign Control,Functioning,FALSE,FALSE,FALSE,Snow,FALSE,BIEHN DR; MARL MEADOW DR,1/30/2020 11:41:56 AM,541068,4811108,Q4,Working,FALSE
4888,48369,18-268699,11/20/2018 7:50:00 AM,2018,11,20,7,50,Tuesday,541068,4811108,0,0,Intersection,2,Non-reportable,On roadway,Rear end,Daylight,Regional,Sign Control,Functioning,FALSE,FALSE,FALSE,Snow,FALSE,HURON RD; STRASBURG RD,1/30/2020 11:41:56 AM,541068,4811108,Q4,Working,FALSE