,OBJECTID,ACCIDENTNUM,ACCIDENTDATE,ACCIDENT_YEAR,ACCIDENT_MONTH,ACCIDENT_DAY,ACCIDENT_HOUR,ACCIDENT_MINUTE,Accident_Day,XCOORD,YCOORD,LONGITUDE,LATITUDE,Accident_Location,COLLISIONTYPE,Accident_Type,Impact_Location,Impact_Type,Light,Road_Jurisdication,Traffic_Control,Traffic_Control_Condition,Pedestrian_Involved,Cyclist_Involved,Motorcyclist_Involved,Environment_Condition,Self_Reported,XMLIMPORTNOTES,LASTEDITEDDATE,x,y,Quarter,Day_Type,Vulnerable_Involved
4889,48370,18-268726,11/20/2018 9:00:00 AM,2018,11,20,9,0,Tuesday,541068,4811108,0,0,Intersection,2,P.D. only,On roadway,Rear end,Daylight,Municipal,Sign Control,Functioning,FALSE,FALSE,FALSE,Snow,FALSE,SUGAR MAPLE ST; HIGHVIEW DR,1/30/2020 11:41:55 AM,541068,4811108,Q4,Working,FALSE
4890,48371,18-268740,11/20/2018 8:35:00 AM,2018,11,20,8,35,Tuesday,541068,4811108,0,0,Intersection,2,P.D. only,On roadway,Rear end,Daylight,Municipal,Sign Control,Functioning,FALSE,FALSE,FALSE,Clear,FALSE,APPLE RIDGE DR; DOON MILLS DR,1/30/2020 11:41:54 AM,541068,4811108,Q4,Working,FALSE
4891,48372,18-268789,11/20/2018 9:00:00 AM,2018,11,20,9,0,Tuesday,541068,4811108,0,0,Non intersection,2,P.D. only,On roadway,SMV,Daylight,Municipal,No control,Unknown,FALSE,FALSE,FALSE,Clear,FALSE,BROKEN OAK CRES; BROKEN OAK CRES; Near,1/30/2020 11:41:54 AM,541068,4811108,Q4,Working,FALSE
4892,48373,18-268859,11/20/2018 8:30:00 AM,2018,11,20,8,30,Tuesday,541068,4811108,0,0,Intersection,2,P.D. only,On roadway,Rear end,Daylight,Municipal,Sign Control,Functioning,FALSE,FALSE,FALSE,Snow,FALSE,KARN ST; BELMONT AVE W,1/30/2020 11:41:53 AM,541068,4811108,Q4,Working,FALSE
4893,48374,18-268899,11/15/2018 5:50:00 PM,2018,11,15,17,50,Thursday,541068,4811108,0,0,Intersection,2,P.D. only,On roadway,Rear end,Dark,Municipal,Sign Control,Functioning,FALSE,FALSE,FALSE,Snow,FALSE,MCINTYRE DR; STRASBURG RD,1/30/2020 11:41:53 AM,541068,4811108,Q4,Weekend,FALSE
4894,48375,18-268940,11/20/2018 1:45:00 PM,2018,11,20,13,45,Tuesday,541068,4811108,0,0,Private Drive,2,P.D. only,On roadway,Other,Daylight,Other,No control,Unknown,FALSE,FALSE,FALSE,Clear,FALSE,HALLIWELL DR; HALLIWELL DR,1/30/2020 11:41:52 AM,541068,4811108,Q4,Working,FALSE
4895,48376,18-268988,11/19/2018 6:00:00 PM,2018,11,19,18,0,Monday,541068,4811108,0,0,Non intersection,2,P.D. only,On roadway,SMV,Dusk,Municipal,No control,Unknown,FALSE,FALSE,FALSE,Clear,FALSE,HIGHBROOK ST; HIGHBROOK ST; Near,1/30/2020 11:41:52 AM,541068,4811108,Q4,Working,FALSE
4896,48377,18-269012,11/20/2018 8:15:00 AM,2018,11,20,8,15,Tuesday,541068,4811108,0,0,Intersection,1,Non-fatal injury,On roadway,Rear end,Daylight,Municipal,Sign Control,Functioning,FALSE,FALSE,FALSE,Clear,FALSE,KARN ST; BELMONT AVE W,1/30/2020 11:41:51 AM,541068,4811108,Q4,Working,FALSE
4897,48378,18-269086,11/20/2018 9:00:00 AM,2018,11,20,9,0,Tuesday,541068,4811108,0,0,Private Drive,2,P.D. only,On roadway,Other,Daylight,Municipal,No control,Unknown,FALSE,FALSE,FALSE,Clear,FALSE,COMMONWEALTH ST; COMMONWEALTH ST,1/30/2020 11:41:50 AM,541068,4811108,Q4,Working,FALSE
4898,48379,18-269125,11/13/2018 5:00:00 PM,2018,11,13,17,0,Tuesday,541068,4811108,0,0,Intersection,2,P.D. only,On roadway,Intersection,Daylight,Regional,Sign Control,Functioning,FALSE,FALSE,FALSE,Clear,FALSE,HURON RD; STRASBURG RD,1/30/2020 11:41:50 AM,541068,4811108,Q4,Working,FALSE
4899,48380,18-269130,11/20/2018 6:10:00 PM,2018,11,20,18,10,Tuesday,541068,4811108,0,0,Non intersection,2,Non-reportable,On roadway,Rear end,Dark,Municipal,Other,Functioning,FALSE,FALSE,FALSE,Clear,FALSE,KINGSWAY DR; KINGSWAY DR; Near,1/30/2020 11:41:49 AM,541068,4811108,Q4,Working,FALSE
4900,48381,18-269357,11/20/2018 8:45:00 AM,2018,11,20,8,45,Tuesday,541068,4811108,0,0,Intersection,1,Non-fatal injury,On roadway,Intersection,Daylight,Municipal,Sign Control,Functioning,FALSE,FALSE,FALSE,Snow,FALSE,FOXGLOVE CRES; WINDFLOWER DR,1/30/2020 11:41:49 AM,541068,4811108,Q4,Working,FALSE
4901,48382,18-269953,11/21/2018 9:16:00 PM,2018,11,21,21,16,Wednesday,545030.9077,4812002.664,-80.443368,43.459586,Intersection,1,Non-fatal injury,On roadway,Rear end,Dark,Other,Sign Control,Functioning,FALSE,FALSE,FALSE,Clear,FALSE,LORRAINE AVE; MONTCALM DR ; Near; 100 M,2/19/2019 2:06:06 PM,545030.9076,4812002.664,Q4,Working,FALSE
4902,48383,18-270086,11/22/2018 5:55:00 AM,2018,11,22,5,55,Thursday,538246.527,4806533.776,-80.527611,43.410722,Non intersection,2,P.D. only,On roadway,Other,Daylight,Other,No control,Unknown,FALSE,FALSE,FALSE,Clear,FALSE,FOXGLOVE CRES ; EVERGLADE CRES ; Near; 50 M,2/19/2019 2:06:05 PM,538246.527,4806533.776,Q4,Weekend,FALSE
4903,48384,18-270187,11/22/2018 8:25:00 AM,2018,11,22,8,25,Thursday,541068,4811108,0,0,Intersection,2,P.D. only,On roadway,Rear end,Daylight,Regional,Sign Control,Functioning,FALSE,FALSE,FALSE,Clear,FALSE,PARKVALE DR; HURON RD; At,1/30/2020 11:41:48 AM,541068,4811108,Q4,Weekend,FALSE
4904,48385,18-270227,11/21/2018 3:05:00 PM,2018,11,21,15,5,Wednesday,541068,4811108,0,0,Intersection,2,P.D. only,On roadway,Other,Daylight,Municipal,Sign Control,Functioning,FALSE,FALSE,FALSE,Clear,FALSE,DOON SOUTH DR; THOMAS SLEE DR; Near,1/30/2020 11:41:48 AM,541068,4811108,Q4,Working,FALSE
4905,48386,18-270403,11/20/2018 9:06:00 AM,2018,11,20,9,6,Tuesday,541068,4811108,0,0,Intersection,2,P.D. only,On roadway,Rear end,Daylight,Municipal,Sign Control,Functioning,FALSE,FALSE,FALSE,Clear,FALSE,HIDDEN CREEK DR; WESTFOREST TRAIL,1/30/2020 11:41:47 AM,541068,4811108,Q4,Working,FALSE
4906,48387,18-270427,11/22/2018 11:15:00 AM,2018,11,22,11,15,Thursday,541068,4811108,0,0,Private Drive,2,P.D. only,On roadway,Other,Daylight,Municipal,No control,Unknown,FALSE,FALSE,FALSE,Clear,FALSE,HIDEAWAY CRT; HIDEAWAY CRT,1/30/2020 11:41:46 AM,541068,4811108,Q4,Weekend,FALSE
4907,48388,18-270972,11/22/2018 3:35:00 PM,2018,11,22,15,35,Thursday,541068,4811108,0,0,Intersection,2,P.D. only,On roadway,Intersection,Daylight,Municipal,Other,Functioning,FALSE,FALSE,FALSE,Clear,FALSE,PIONEER DR; BECHTEL DR,1/30/2020 11:41:46 AM,541068,4811108,Q4,Weekend,FALSE
4908,48389,18-271258,11/23/2018 1:46:00 PM,2018,11,23,13,46,Friday,544937.7038,4807906.734,-80.444857,43.422712,Private Drive,2,P.D. only,On roadway,Intersection,Daylight,Other,No control,Unknown,FALSE,FALSE,FALSE,Clear,FALSE,WILSON AVE ; FAIRWAY RD S; 300 M,2/19/2019 2:06:03 PM,544937.7038,4807906.734,Q4,Weekend,FALSE
4909,48390,18-271364,11/23/2018 3:50:00 PM,2018,11,23,15,50,Friday,541300.1309,4812437.438,-80.48945,43.463716,Intersection,2,P.D. only,On roadway,Intersection,Daylight,Other,Sign Control,Functioning,FALSE,FALSE,FALSE,Clear,FALSE,ST LEGER ST; BLUCHER BLVD,2/19/2019 2:06:02 PM,541300.1309,4812437.438,Q4,Weekend,FALSE
4910,48391,18-271386,11/22/2018 4:00:00 PM,2018,11,22,16,0,Thursday,541068,4811108,0,0,Non intersection,2,P.D. only,On roadway,SMV,Daylight,Municipal,No control,Unknown,FALSE,FALSE,FALSE,Clear,FALSE,WEST AVE; HOMEWOOD AVE; Near,1/30/2020 11:41:45 AM,541068,4811108,Q4,Weekend,FALSE
4911,48392,18-271406,11/23/2018 3:40:00 PM,2018,11,23,15,40,Friday,541068,4811108,0,0,Private Drive,2,P.D. only,On roadway,Other,Daylight,Municipal,No control,Unknown,FALSE,FALSE,FALSE,Clear,FALSE,HOWLAND DR; HOWLAND DR ; Near,1/30/2020 11:41:45 AM,541068,4811108,Q4,Weekend,FALSE
4912,48393,18-271442,11/22/2018 5:30:00 PM,2018,11,22,17,30,Thursday,541068,4811108,0,0,Private Drive,2,P.D. only,On roadway,SMV,Dark,Municipal,No control,Unknown,FALSE,FALSE,FALSE,Clear,FALSE,COACH HILL DR; COACH HILL DR,1/30/2020 11:41:44 AM,541068,4811108,Q4,Weekend,FALSE
4913,48394,18-271981,11/23/2018 5:00:00 PM,2018,11,23,17,0,Friday,541068,4811108,0,0,Private Drive,2,P.D. only,On roadway,SMV,Daylight,Municipal,No control,Unknown,FALSE,FALSE,FALSE,Clear,FALSE,FOREST HILL DR; FOREST HILL DR ; Near,1/30/2020 11:41:43 AM,541068,4811108,Q4,Weekend,FALSE
4914,48395,18-272008,11/24/2018 10:18:00 AM,2018,11,24,10,18,Saturday,539617.3783,4811372.94,-80.510329,43.454223,Intersection,2,P.D. only,On roadway,Intersection,Daylight,Other,Signal Control,Functioning,FALSE,FALSE,FALSE,Rain,FALSE,PARK ST; GLASGOW ST,2/19/2019 2:06:01 PM,539617.3783,4811372.941,Q4,Weekend,FALSE
4915,48396,18-272060,11/24/2018 10:30:00 AM,2018,11,24,10,30,Saturday,541068,4811108,0,0,Private Drive,2,P.D. only,On roadway,Intersection,Daylight,Municipal,No control,Unknown,FALSE,FALSE,FALSE,Rain,FALSE,GREENBROOK DR; GREENBROOK DR ; Near; 30 M,1/30/2020 11:41:42 AM,541068,4811108,Q4,Weekend,FALSE
4916,48397,18-272274,11/24/2018 5:00:00 PM,2018,11,24,17,0,Saturday,541068,4811108,0,0,Non intersection,2,P.D. only,On roadway,SMV,Dusk,Municipal,No control,Unknown,FALSE,FALSE,FALSE,Rain,FALSE,DOON SOUTH DR; DOON SOUTH DR,1/30/2020 11:41:40 AM,541068,4811108,Q4,Weekend,FALSE
4917,48398,18-272379,11/24/2018 7:00:00 PM,2018,11,24,19,0,Saturday,540588.3665,4805565.449,-80.498759,43.401879,Non intersection,2,P.D. only,On roadway,SMV,Dark,Other,No control,Unknown,FALSE,FALSE,FALSE,Rain,FALSE,HARDING ST; HARDING ST ; Near; 13 M,2/19/2019 2:05:59 PM,540588.3665,4805565.449,Q4,Weekend,FALSE
4918,48399,18-272835,11/24/2018 2:15:00 PM,2018,11,24,14,15,Saturday,541068,4811108,0,0,Private Drive,2,P.D. only,On roadway,Other,Daylight,Regional,No control,Unknown,FALSE,FALSE,FALSE,Clear,FALSE,WELLINGTON ST N; WELLINGTON ST N; At,1/30/2020 11:41:40 AM,541068,4811108,Q4,Weekend,FALSE
4919,48400,18-272857,11/21/2018 10:00:00 AM,2018,11,21,10,0,Wednesday,541068,4811108,0,0,Intersection,1,Non-fatal injury,On roadway,Rear end,Daylight,Regional,Signal Control,Functioning,FALSE,FALSE,FALSE,Clear,FALSE,WELLINGTON ST N; SHIRLEY AVE,1/30/2020 11:41:39 AM,541068,4811108,Q4,Working,FALSE
4920,48401,18-272932,11/25/2018 2:00:00 AM,2018,11,25,2,0,Sunday,541068,4811108,0,0,Non intersection,2,P.D. only,On roadway,SMV,Dark,Municipal,No control,Unknown,FALSE,FALSE,FALSE,Clear,FALSE,PATHFINDER CRES; PATHFINDER CRES ; At,1/30/2020 11:41:38 AM,541068,4811108,Q4,Weekend,FALSE
4921,48402,18-273861,11/23/2018 3:00:00 PM,2018,11,23,15,0,Friday,541068,4811108,0,0,Intersection,2,P.D. only,On roadway,Rear end,Daylight,Regional,Sign Control,Functioning,FALSE,FALSE,FALSE,Clear,FALSE,FALLOWFIELD DR; BLOCK LINE RD,1/30/2020 11:41:37 AM,541068,4811108,Q4,Weekend,FALSE
4922,48403,18-274461,11/26/2018 5:50:00 PM,2018,11,26,17,50,Monday,544631.2127,4806285.314,-80.448776,43.408131,Non intersection,2,Non-reportable,On roadway,Intersection,Dark,Other,No control,Unknown,FALSE,FALSE,FALSE,Rain,FALSE,WABANAKI DR; MANITOU DR,2/19/2019 2:05:58 PM,544631.2127,4806285.314,Q4,Working,FALSE
4923,48404,18-274583,11/27/2018 3:38:00 PM,2018,11,27,15,38,Tuesday,539316.4905,4810615.939,-80.514102,43.447422,Intersection,1,Non-fatal injury,On roadway,Intersection,Daylight,Other,Signal Control,Functioning,FALSE,FALSE,FALSE,Clear,FALSE,BELMONT AVE W; GAGE AVE; 0 M,2/19/2019 2:05:57 PM,539316.4905,4810615.939,Q4,Working,FALSE
4924,48405,18-275303,11/28/2018 1:00:00 PM,2018,11,28,13,0,Wednesday,541068,4811108,0,0,Intersection,2,P.D. only,On roadway,Intersection,Daylight,Municipal,Sign Control,Functioning,FALSE,FALSE,FALSE,Clear,FALSE,HALLS LANE E; QUEEN ST S; At,1/30/2020 11:41:36 AM,541068,4811108,Q4,Working,FALSE
4925,48406,18-275350,11/28/2018 2:36:00 PM,2018,11,28,14,36,Wednesday,545446.6878,4811768.253,-80.438248,43.457451,Intersection,2,P.D. only,On roadway,SMV,Daylight,Other,Sign Control,Functioning,FALSE,FALSE,FALSE,Clear,FALSE,QUEENSTON DR ; INDIAN RD ; Near; 25 M,2/19/2019 2:05:56 PM,545446.6878,4811768.253,Q4,Working,FALSE
4926,48407,18-275459,11/28/2018 5:00:00 PM,2018,11,28,17,0,Wednesday,545874.0887,4808591.73,-80.433232,43.428823,Private Drive,2,P.D. only,On roadway,Intersection,Daylight,Other,No control,Unknown,FALSE,FALSE,FALSE,Clear,FALSE,KING ST E; KING ST E; Near; 10 M,2/19/2019 2:05:54 PM,545874.0887,4808591.73,Q4,Working,FALSE
4927,48408,18-275535,11/28/2018 6:53:00 PM,2018,11,28,18,53,Wednesday,538752.9007,4807715.484,-80.521273,43.421336,Private Drive,2,Non-reportable,On roadway,SMV,Dark,Other,No control,Unknown,FALSE,FALSE,FALSE,Clear,FALSE,FOREST GLEN CRES; FOREST GLEN CRES ; At; 1 M,2/19/2019 2:05:53 PM,538752.9007,4807715.484,Q4,Working,FALSE
4928,48409,18-275560,11/28/2018 7:00:00 PM,2018,11,28,19,0,Wednesday,541068,4811108,0,0,Intersection,2,P.D. only,On roadway,Intersection,Dark,Municipal,Sign Control,Functioning,FALSE,FALSE,FALSE,Clear,FALSE,CHARLES ST E; CHARLES ST E; Near,1/30/2020 11:41:35 AM,541068,4811108,Q4,Working,FALSE
4929,48410,18-275877,11/29/2018 8:28:00 AM,2018,11,29,8,28,Thursday,543071.3455,4805495.634,-80.468103,43.401112,Intersection,2,P.D. only,On roadway,Intersection,Daylight,Other,Sign Control,Functioning,FALSE,FALSE,FALSE,Clear,FALSE,STRASBURG RD; TRILLIUM DR,2/19/2019 2:05:50 PM,543071.3455,4805495.634,Q4,Weekend,FALSE
4930,48411,18-276089,11/28/2018 8:00:00 PM,2018,11,28,20,0,Wednesday,541068,4811108,0,0,Private Drive,2,P.D. only,On roadway,SMV,Dark,Municipal,No control,Unknown,FALSE,FALSE,FALSE,Clear,FALSE,THALER AVE; THALER AVE; At; 1 M,1/30/2020 11:41:34 AM,541068,4811108,Q4,Working,FALSE
4931,48412,18-276141,11/29/2018 1:47:00 PM,2018,11,29,13,47,Thursday,546750.1079,4810408.001,-80.422254,43.445123,Intersection,1,Non-fatal injury,On roadway,Intersection,Daylight,Other,Sign Control,Functioning,FALSE,FALSE,FALSE,Clear,FALSE,DAIMLER DR; CORFIELD DR,2/19/2019 2:05:48 PM,546750.1079,4810408.001,Q4,Weekend,FALSE
4932,48413,18-276222,11/28/2018 7:10:00 PM,2018,11,28,19,10,Wednesday,541068,4811108,0,0,Intersection,2,P.D. only,On roadway,Intersection,Dark,Municipal,Sign Control,Functioning,FALSE,FALSE,FALSE,Rain,FALSE,BLACKWELL DR; WESTHEIGHTS DR,1/30/2020 11:41:33 AM,541068,4811108,Q4,Working,FALSE
4933,48414,18-276320,11/29/2018 6:00:00 PM,2018,11,29,18,0,Thursday,541068,4811108,0,0,Intersection,2,P.D. only,On roadway,Intersection,Dark,Municipal,Sign Control,Functioning,FALSE,FALSE,FALSE,Clear,FALSE,WESTHEIGHTS DR; QUEENS BLVD,1/30/2020 11:41:32 AM,541068,4811108,Q4,Weekend,FALSE
4934,48415,18-276678,11/30/2018 6:35:00 AM,2018,11,30,6,35,Friday,541068,4811108,0,0,Non intersection,2,P.D. only,On roadway,SMV,Dark,Municipal,No control,Unknown,FALSE,FALSE,FALSE,Clear,TRUE,PARKVALE DR; PARKVALE DR,1/30/2020 11:41:31 AM,541068,4811108,Q4,Weekend,FALSE
4935,48416,18-276861,11/29/2018 6:00:00 AM,2018,11,29,6,0,Thursday,541068,4811108,0,0,Non intersection,2,P.D. only,On roadway,SMV,Daylight,Municipal,No control,Unknown,FALSE,FALSE,FALSE,Clear,FALSE,RALGREEN CRES; RALGREEN CRES ; Near,1/30/2020 11:41:30 AM,541068,4811108,Q4,Weekend,FALSE
4936,48417,18-277149,11/30/2018 5:20:00 PM,2018,11,30,17,20,Friday,541068,4811108,0,0,Non intersection,2,P.D. only,On roadway,Intersection,Dusk,Municipal,No control,Unknown,FALSE,FALSE,FALSE,Clear,FALSE,PARK ST; PARK ST; Near,1/30/2020 11:41:29 AM,541068,4811108,Q4,Weekend,FALSE
4937,48418,18-277775,12/1/2018 1:12:00 PM,2018,12,1,13,12,Saturday,541068,4811108,0,0,Non intersection,2,P.D. only,On roadway,Rear end,Daylight,Regional,No control,Unknown,FALSE,FALSE,FALSE,Clear,FALSE,KING ST E; SCOTT ST; Near,1/30/2020 11:41:28 AM,541068,4811108,Q4,Weekend,FALSE
4938,48419,18-278390,12/2/2018 9:53:00 AM,2018,12,2,9,53,Sunday,543280.0703,4811500.733,-80.465049,43.45517,Non intersection,1,Non-fatal injury,On roadway,Intersection,Daylight,Other,No control,Unknown,FALSE,FALSE,FALSE,Rain,FALSE,KRUG ST; KRUG ST ; At; 80 M,2/19/2019 2:05:47 PM,543280.0703,4811500.733,Q4,Weekend,FALSE
4939,48420,18-278391,12/2/2018 9:57:00 AM,2018,12,2,9,57,Sunday,541173.4193,4812721.172,-80.490995,43.466278,Intersection,1,Non-fatal injury,On roadway,Intersection,Daylight,Other,Sign Control,Functioning,FALSE,FALSE,FALSE,Clear,FALSE,ST LEGER ST; FAIRFIELD AVE,2/19/2019 2:05:46 PM,541173.4193,4812721.172,Q4,Weekend,FALSE
4940,48421,18-278417,11/23/2018 8:00:00 PM,2018,11,23,20,0,Friday,541068,4811108,0,0,Private Drive,2,P.D. only,On roadway,SMV,Dark,Municipal,No control,Unknown,FALSE,FALSE,FALSE,Clear,FALSE,ROSEWOOD DR; ROSEWOOD DR,1/30/2020 11:41:27 AM,541068,4811108,Q4,Weekend,FALSE
4941,48422,18-279111,12/2/2018 5:30:00 PM,2018,12,2,17,30,Sunday,538979.3949,4808993.02,-80.518384,43.432827,Private Drive,2,P.D. only,On roadway,SMV,Dusk,Other,No control,Unknown,FALSE,FALSE,FALSE,Clear,FALSE,OVERLEA DR; OVERLEA DR,2/19/2019 2:05:43 PM,538979.3949,4808993.02,Q4,Weekend,FALSE
4942,48423,18-279125,12/3/2018 9:22:00 AM,2018,12,3,9,22,Monday,539317.452,4810615.944,-80.51409,43.447422,Intersection,1,Non-fatal injury,On roadway,Intersection,Daylight,Other,Signal Control,Functioning,FALSE,FALSE,FALSE,Clear,FALSE,BELMONT AVE W; GAGE AVE,2/19/2019 2:05:41 PM,539317.452,4810615.944,Q4,Working,FALSE
4943,48424,18-279578,12/3/2018 7:21:00 PM,2018,12,3,19,21,Monday,536958.8946,4808795.229,-80.543361,43.431149,Non intersection,2,P.D. only,On roadway,SMV,Dark,Other,No control,Unknown,FALSE,FALSE,FALSE,Clear,FALSE,HIDDEN CREEK DR; HIDDEN CREEK DR ; Near; 1 M,2/19/2019 2:05:40 PM,536958.8946,4808795.229,Q4,Working,FALSE
4944,48425,18-280334,12/4/2018 6:21:00 PM,2018,12,4,18,21,Tuesday,538841.9981,4805768.386,-80.520311,43.403799,Intersection,2,P.D. only,Off roadway,SMV,Dark,Other,Sign Control,Functioning,FALSE,FALSE,FALSE,Clear,FALSE,ACTIVA AVE; ISAIAH DR,2/19/2019 2:05:38 PM,538841.9981,4805768.386,Q4,Working,FALSE
4945,48426,18-281087,12/3/2018 5:00:00 PM,2018,12,3,17,0,Monday,542549.8287,4811154.751,-80.474102,43.452097,Non intersection,2,P.D. only,Off roadway,SMV,Daylight,Other,No control,Unknown,FALSE,FALSE,FALSE,Clear,FALSE,KRUG ST; KRUG ST; Near,2/19/2019 2:05:37 PM,542549.8287,4811154.751,Q4,Working,FALSE
4946,48427,18-281104,12/5/2018 3:15:00 PM,2018,12,5,15,15,Wednesday,541068,4811108,0,0,Non intersection,2,P.D. only,Off roadway,SMV,Daylight,Regional,No control,Unknown,FALSE,FALSE,FALSE,Clear,FALSE,MORGAN AVE; MORGAN AVE,1/30/2020 11:41:26 AM,541068,4811108,Q4,Working,FALSE
4947,48428,18-281180,12/5/2018 2:30:00 PM,2018,12,5,14,30,Wednesday,546840.716,4804257.452,-80.421662,43.389738,Non intersection,2,P.D. only,On roadway,Intersection,Daylight,Other,No control,Unknown,FALSE,FALSE,FALSE,Clear,FALSE,DOON SOUTH DR; HOMER WATSON BLVD,2/19/2019 2:05:36 PM,546840.716,4804257.452,Q4,Working,FALSE
4948,48429,18-281536,12/6/2018 8:10:00 AM,2018,12,6,8,10,Thursday,541982.1773,4810674.841,-80.481154,43.447808,Intersection,2,P.D. only,On roadway,Intersection,Daylight,Other,Sign Control,Functioning,FALSE,FALSE,FALSE,Snow,FALSE,MADISON AVE N; DUKE ST E,2/19/2019 2:05:34 PM,541982.1773,4810674.841,Q4,Weekend,FALSE
4949,48430,18-281537,12/6/2018 8:10:00 AM,2018,12,6,8,10,Thursday,548085.1398,4804607.292,-80.406267,43.392809,Non intersection,2,P.D. only,On roadway,Intersection,Daylight,Other,No control,Unknown,FALSE,FALSE,FALSE,Snow,FALSE,OLD MILL RD ; DOON VALLEY DR ; Near; 75 M,2/19/2019 2:05:33 PM,548085.1398,4804607.292,Q4,Weekend,FALSE
4950,48431,18-281736,12/6/2018 11:00:00 AM,2018,12,6,11,0,Thursday,542583.0528,4810127.535,-80.473771,43.442846,Intersection,2,P.D. only,Off roadway,SMV,Daylight,Other,Signal Control,Functioning,FALSE,FALSE,FALSE,Snow,FALSE,BORDEN AVE N; KING ST E; 30 M,2/19/2019 2:05:32 PM,542583.0528,4810127.535,Q4,Weekend,FALSE
4951,48432,18-281846,12/6/2018 12:45:00 PM,2018,12,6,12,45,Thursday,541068,4811108,0,0,Intersection,2,P.D. only,On roadway,Other,Daylight,Municipal,Sign Control,Functioning,FALSE,FALSE,FALSE,Snow,FALSE,WATER ST S; HALLS LANE W,1/30/2020 11:41:25 AM,541068,4811108,Q4,Weekend,FALSE
4952,48433,18-281924,12/6/2018 9:25:00 AM,2018,12,6,9,25,Thursday,537944.942,4810344.708,-80.531071,43.445051,Non intersection,2,P.D. only,Off roadway,SMV,Daylight,Other,No control,Unknown,FALSE,FALSE,FALSE,Snow,FALSE,WESTWOOD DR; WESTWOOD DR ; Near; 30 M,2/19/2019 2:05:31 PM,537944.942,4810344.709,Q4,Weekend,FALSE
4953,48434,18-281965,12/6/2018 4:21:00 PM,2018,12,6,16,21,Thursday,541129.3002,4812031.706,-80.491592,43.460073,Intersection,2,P.D. only,Off roadway,SMV,Dusk,Other,Sign Control,Functioning,FALSE,FALSE,FALSE,Snow,FALSE,MARGARET AVE ; ADAM ST ; Near; 7 M,2/19/2019 2:05:30 PM,541129.3002,4812031.706,Q4,Weekend,FALSE
4954,48435,18-282080,12/6/2018 6:27:00 PM,2018,12,6,18,27,Thursday,544141.3234,4808843.612,-80.454619,43.431195,Intersection,1,Non-fatal injury,On roadway,Intersection,Dark,Other,Sign Control,Functioning,FALSE,FALSE,FALSE,Snow,FALSE,CONNAUGHT ST ; FOURTH AVE,2/19/2019 2:05:28 PM,544141.3234,4808843.612,Q4,Weekend,FALSE
4955,48436,18-282244,12/6/2018 5:57:00 PM,2018,12,6,17,57,Thursday,540352.7316,4806817.323,-80.501577,43.413164,Intersection,2,Non-reportable,Off roadway,SMV,Dark,Other,No control,Unknown,FALSE,FALSE,FALSE,Rain,FALSE,WILLIAMSBURG RD; DINISON CRES; 30 M,2/19/2019 2:05:26 PM,540352.7316,4806817.323,Q4,Weekend,FALSE
4956,48437,18-282502,12/6/2018 10:00:00 AM,2018,12,6,10,0,Thursday,542025.8074,4808915.488,-80.480751,43.431964,Non intersection,2,P.D. only,Off roadway,SMV,Daylight,Other,Sign Control,Functioning,FALSE,FALSE,FALSE,Snow,FALSE,DONLEY ST; HOFFMAN ST; Near; 10 M,2/19/2019 2:05:25 PM,542025.8074,4808915.488,Q4,Weekend,FALSE
4957,48438,18-282705,12/7/2018 11:25:00 AM,2018,12,7,11,25,Friday,540912.1937,4807013.157,-80.494652,43.414897,Private Drive,2,P.D. only,On roadway,SMV,Daylight,Other,No control,Unknown,FALSE,FALSE,FALSE,Snow,FALSE,BRIARGATE DR; BRIARGATE DR ; Near,2/19/2019 2:05:24 PM,540912.1937,4807013.157,Q4,Weekend,FALSE
4958,48439,18-282708,12/7/2018 1:59:00 PM,2018,12,7,13,59,Friday,545144.2578,4807123.487,-80.44237,43.415648,Intersection,2,P.D. only,On roadway,Intersection,Daylight,Other,Sign Control,Functioning,FALSE,FALSE,FALSE,Clear,FALSE,GOODRICH DR ; WILSON AVE ; 2 M,2/19/2019 2:05:23 PM,545144.2578,4807123.487,Q4,Weekend,FALSE
4959,48440,18-282724,12/6/2018 9:30:00 PM,2018,12,6,21,30,Thursday,544178.1979,4803739.157,-80.454576,43.385233,Non intersection,2,P.D. only,On roadway,SMV,Daylight,Other,No control,Unknown,FALSE,FALSE,FALSE,Clear,FALSE,CARYNDALE DR; CHAPEL HILL DR; Near; 50 M,2/19/2019 2:05:21 PM,544178.1979,4803739.157,Q4,Weekend,FALSE
4960,48441,18-282906,12/7/2018 6:01:00 PM,2018,12,7,18,1,Friday,545801.1001,4807888.658,-80.434193,43.422497,Non intersection,2,P.D. only,On roadway,SMV,Dark,Other,No control,Unknown,FALSE,FALSE,FALSE,Clear,FALSE,HIDDEN VALLEY RD; WABANAKI DR ; 200 M,2/19/2019 2:05:20 PM,545801.1001,4807888.658,Q4,Weekend,FALSE
4961,48442,18-282919,12/7/2018 6:00:00 PM,2018,12,7,18,0,Friday,540569.7858,4812709.784,-80.498458,43.466208,Intersection,2,P.D. only,On roadway,SMV,Dark,Other,Sign Control,Functioning,FALSE,FALSE,FALSE,Clear,FALSE,UNION ST; MARGARET AVE,2/19/2019 2:05:19 PM,540569.7858,4812709.784,Q4,Weekend,FALSE
4962,48443,18-283333,12/8/2018 10:00:00 AM,2018,12,8,10,0,Saturday,544842.7593,4808247.838,-80.446002,43.425789,Intersection,1,Non-fatal injury,Off roadway,SMV,Dark,Other,Sign Control,Functioning,FALSE,FALSE,FALSE,Clear,FALSE,GREENFIELD AVE; TRAYNOR AVE ; 10 M,2/19/2019 2:05:18 PM,544842.7593,4808247.839,Q4,Weekend,FALSE
4963,48444,18-284182,12/9/2018 12:50:00 PM,2018,12,9,12,50,Sunday,542865.3074,4803678.922,-80.470789,43.384766,Non intersection,2,P.D. only,On roadway,SMV,Daylight,Other,No control,Unknown,FALSE,FALSE,FALSE,Clear,FALSE,ROCKCLIFFE DR; ROCKCLIFFE DR ; At; 2 M,2/19/2019 2:05:17 PM,542865.3074,4803678.922,Q4,Weekend,FALSE