,OBJECTID,ACCIDENTNUM,ACCIDENTDATE,ACCIDENT_YEAR,ACCIDENT_MONTH,ACCIDENT_DAY,ACCIDENT_HOUR,ACCIDENT_MINUTE,Accident_Day,XCOORD,YCOORD,LONGITUDE,LATITUDE,Accident_Location,COLLISIONTYPE,Accident_Type,Impact_Location,Impact_Type,Light,Road_Jurisdication,Traffic_Control,Traffic_Control_Condition,Pedestrian_Involved,Cyclist_Involved,Motorcyclist_Involved,Environment_Condition,Self_Reported,XMLIMPORTNOTES,LASTEDITEDDATE,x,y,Quarter,Day_Type,Vulnerable_Involved
4964,48445,18-284652,12/10/2018 6:24:00 AM,2018,12,10,6,24,Monday,541068,4811108,0,0,Other,2,P.D. only,On roadway,Rear end,Dawn,Other,No control,Unknown,FALSE,FALSE,FALSE,Clear,FALSE,FOUNTAIN ST S TO 401 E ON  ; FOUNTAIN ST S TO 401 E ON  ; At; 15 M,2/19/2019 2:05:15 PM,541068,4811108,Q4,Working,FALSE
4965,48446,18-284721,12/10/2018 8:48:00 AM,2018,12,10,8,48,Monday,541451.7,4812106.986,-80.487601,43.460733,Intersection,2,P.D. only,On roadway,Intersection,Daylight,Other,Sign Control,Functioning,FALSE,FALSE,FALSE,Clear,FALSE,LOUISA ST; ST LEGER ST,2/19/2019 2:05:14 PM,541451.7,4812106.987,Q4,Working,FALSE
4966,48447,18-284947,12/10/2018 2:40:00 PM,2018,12,10,14,40,Monday,541831.0471,4811990.323,-80.482921,43.459661,Private Drive,2,P.D. only,On roadway,Intersection,Daylight,Other,No control,Unknown,FALSE,FALSE,FALSE,Clear,FALSE,LANCASTER ST W; LANCASTER ST W; At; 50 M,2/19/2019 2:05:13 PM,541831.0471,4811990.323,Q4,Working,FALSE
4967,48448,18-285624,12/6/2018 2:30:00 PM,2018,12,6,14,30,Thursday,544883.0352,4804850.455,-80.445783,43.395197,Intersection,2,P.D. only,On roadway,Rear end,Daylight,Other,Signal Control,Functioning,FALSE,FALSE,FALSE,Clear,FALSE,DOON VILLAGE RD; PIONEER DR,2/19/2019 2:05:10 PM,544883.0352,4804850.455,Q4,Weekend,FALSE
4968,48449,18-285656,11/24/2018 4:00:00 PM,2018,11,24,16,0,Saturday,541276.3655,4810925.668,-80.489858,43.450106,Non intersection,2,P.D. only,On roadway,SMV,Daylight,Other,No control,Unknown,FALSE,FALSE,FALSE,Rain,FALSE,KING ST W; KING ST W; Near,2/19/2019 2:05:09 PM,541276.3655,4810925.669,Q4,Weekend,FALSE
4969,48450,18-286203,12/12/2018 6:16:00 AM,2018,12,12,6,16,Wednesday,541068,4811108,0,0,Intersection,2,P.D. only,Off roadway,SMV,Dark,Other,Sign Control,Functioning,FALSE,FALSE,FALSE,Clear,FALSE,AMAND DR ; SEABROOK DR ; At,2/19/2019 2:05:07 PM,541068,4811108,Q4,Working,FALSE
4970,48451,18-286426,12/12/2018 9:00:00 AM,2018,12,12,9,0,Wednesday,536674.8288,4807971.416,-80.546926,43.423745,Private Drive,2,P.D. only,On roadway,Other,Daylight,Other,No control,Unknown,FALSE,FALSE,FALSE,Clear,FALSE,NEWBURY DR; NEWBURY DR ; Near,2/19/2019 2:05:06 PM,536674.8288,4807971.416,Q4,Working,FALSE
4971,48452,18-286571,12/12/2018 8:15:00 AM,2018,12,12,8,15,Wednesday,539618.2188,4809620.298,-80.510446,43.438442,Private Drive,2,P.D. only,On roadway,Intersection,Daylight,Other,No control,Unknown,FALSE,FALSE,FALSE,Clear,FALSE,LAWRENCE AVE ; HIGHLAND RD W,2/19/2019 2:05:05 PM,539618.2188,4809620.298,Q4,Working,FALSE
4972,48453,18-286875,12/12/2018 5:00:00 PM,2018,12,12,17,0,Wednesday,546914.1222,4806977.869,-80.420522,43.414228,Non intersection,2,P.D. only,Off roadway,SMV,Daylight,Other,No control,Unknown,FALSE,FALSE,FALSE,Clear,FALSE,CANTERS CLOSE; HIDDEN VALLEY; At; 10 M,2/19/2019 2:05:01 PM,546914.1222,4806977.869,Q4,Working,FALSE
4973,48454,18-287115,12/12/2018 10:00:00 PM,2018,12,12,22,0,Wednesday,547532.1914,4808083.19,-80.412792,43.424141,Private Drive,2,P.D. only,On roadway,Intersection,Dark,Other,Sign Control,Functioning,FALSE,FALSE,FALSE,Snow,FALSE,KING ST E; KING ST E; Near,2/19/2019 2:05:00 PM,547532.1914,4808083.19,Q4,Working,FALSE
4974,48455,18-287408,12/13/2018 1:30:00 PM,2018,12,13,13,30,Thursday,549489.66,4806210.853,-80.38878,43.407156,Intersection,2,P.D. only,On roadway,Intersection,Daylight,Other,Sign Control,Functioning,FALSE,FALSE,FALSE,Clear,FALSE,TU LANE ST; GATEWAY PARK DR,2/19/2019 2:04:59 PM,549489.66,4806210.853,Q4,Weekend,FALSE
4975,48456,18-287985,12/14/2018 9:22:00 AM,2018,12,14,9,22,Friday,541959.9523,4805246.762,-80.481846,43.398934,Non intersection,2,P.D. only,Off roadway,SMV,Daylight,Other,No control,Unknown,FALSE,FALSE,FALSE,Rain,FALSE,TRILLIUM DR; TRILLIUM DR ; Near; 200 M,2/19/2019 2:04:58 PM,541959.9523,4805246.762,Q4,Weekend,FALSE
4976,48457,18-288955,12/15/2018 2:00:00 PM,2018,12,15,14,0,Saturday,539701.1483,4806619.561,-80.509639,43.411418,Private Drive,2,Non-reportable,On roadway,Rear end,Daylight,Other,No control,Unknown,FALSE,FALSE,FALSE,Clear,FALSE,ACTIVA AVE; ACTIVA AVE,2/19/2019 2:04:56 PM,539701.1483,4806619.561,Q4,Weekend,FALSE
4977,48458,18-288980,12/14/2018 12:00:00 PM,2018,12,14,12,0,Friday,541606.6206,4810798.738,-80.485786,43.448944,Private Drive,2,P.D. only,On roadway,Rear end,Daylight,Other,No control,Unknown,FALSE,FALSE,FALSE,Clear,FALSE,SCOTT ST; SCOTT ST,2/19/2019 2:04:55 PM,541606.6206,4810798.739,Q4,Weekend,FALSE
4978,48459,18-289019,12/15/2018 1:15:00 PM,2018,12,15,13,15,Saturday,545164.8861,4808018.522,-80.442041,43.423705,Non intersection,2,P.D. only,On roadway,Intersection,Daylight,Other,No control,Unknown,FALSE,FALSE,FALSE,Clear,FALSE,KINGSWAY DR; KINGSWAY DR,2/19/2019 2:04:54 PM,545164.8861,4808018.522,Q4,Weekend,FALSE
4979,48460,18-290323,12/17/2018 9:00:00 AM,2018,12,17,9,0,Monday,544805.9371,4805155.871,-80.44671,43.397951,Intersection,2,P.D. only,On roadway,Intersection,Daylight,Other,Sign Control,Functioning,FALSE,FALSE,FALSE,Clear,FALSE,DOON VILLAGE RD; FARRIER DR,2/19/2019 2:04:53 PM,544805.9371,4805155.871,Q4,Working,FALSE
4980,48461,18-290385,12/12/2018 8:50:00 PM,2018,12,12,20,50,Wednesday,541528.7089,4810781.692,-80.48675,43.448795,Non intersection,2,P.D. only,On roadway,Other,Daylight,Other,No control,Unknown,FALSE,FALSE,FALSE,Clear,FALSE,KING ST E; KING ST E; Near,2/19/2019 2:04:52 PM,541528.7089,4810781.692,Q4,Working,FALSE
4981,48462,18-290518,12/17/2018 1:00:00 PM,2018,12,17,13,0,Monday,540738.2945,4810716.312,-80.496524,43.44825,Non intersection,2,P.D. only,Off roadway,SMV,Daylight,Other,No control,Unknown,FALSE,FALSE,FALSE,Rain,FALSE,WATER ST S; JUBILEE DR,2/19/2019 2:04:51 PM,540738.2945,4810716.313,Q4,Working,FALSE
4982,48463,18-291441,12/18/2018 7:30:00 AM,2018,12,18,7,30,Tuesday,540037.5451,4809942.587,-80.505241,43.441321,Non intersection,2,P.D. only,On roadway,SMV,Dawn,Other,No control,Unknown,FALSE,FALSE,FALSE,Clear,FALSE,PATRICIA AVE; PATRICIA AVE,2/19/2019 2:04:49 PM,540037.5451,4809942.587,Q4,Working,FALSE
4983,48464,18-291566,12/18/2018 9:37:00 PM,2018,12,18,21,37,Tuesday,543073.9587,4812798.121,-80.467494,43.466864,Intersection,1,Non-fatal injury,On roadway,Other,Dark,Other,Signal Control,Functioning,FALSE,FALSE,FALSE,Clear,FALSE,WELLINGTON ST N; RIVERBEND DR,2/19/2019 2:04:48 PM,543073.9587,4812798.121,Q4,Working,FALSE
4984,48465,18-292183,12/19/2018 4:38:00 PM,2018,12,19,16,38,Wednesday,536853.0508,4808266.405,-80.544705,43.426392,Intersection,1,Non-fatal injury,Off roadway,SMV,Dark,Other,Sign Control,Functioning,FALSE,FALSE,FALSE,Clear,FALSE,WESTFOREST TRAIL; BANKSIDE DR ; Near; 50 M,2/19/2019 2:04:47 PM,536853.0508,4808266.405,Q4,Working,FALSE
4985,48466,18-292277,12/19/2018 5:00:00 PM,2018,12,19,17,0,Wednesday,545017.3674,4808742.362,-80.443804,43.430232,Non intersection,2,P.D. only,On roadway,SMV,Dark,Other,No control,Unknown,FALSE,FALSE,FALSE,Clear,FALSE,ST JEROME CRES; ST JEROME CRES,2/19/2019 2:04:46 PM,545017.3674,4808742.363,Q4,Working,FALSE
4986,48467,18-292895,12/20/2018 12:40:00 PM,2018,12,20,12,40,Thursday,543896.6953,4807891.722,-80.457718,43.422639,Private Drive,2,P.D. only,On roadway,Other,Daylight,Other,No control,Unknown,FALSE,FALSE,FALSE,Clear,FALSE,VANIER DR; VANIER DR; At; 0 M,2/19/2019 2:04:44 PM,543896.6953,4807891.722,Q4,Weekend,FALSE
4987,48468,18-293041,12/20/2018 12:00:00 PM,2018,12,20,12,0,Thursday,540118.5951,4808512.347,-80.504344,43.428439,Private Drive,2,P.D. only,On roadway,SMV,Daylight,Other,No control,Unknown,FALSE,FALSE,FALSE,Clear,FALSE,GREENBROOK DR; GREENBROOK DR; At; 1 M,2/19/2019 2:04:43 PM,540118.5951,4808512.347,Q4,Weekend,FALSE
4988,48469,18-293106,12/20/2018 4:15:00 PM,2018,12,20,16,15,Thursday,545143.4654,4813471.463,-80.441855,43.472805,Other,2,P.D. only,On roadway,Intersection,Daylight,Other,Signal Control,Functioning,FALSE,FALSE,FALSE,Clear,FALSE,BINGEMANS CENTRE DR; BINGEMANS CENTRE DR; Near,2/19/2019 2:04:42 PM,545143.4654,4813471.463,Q4,Weekend,FALSE
4989,48470,18-293611,12/21/2018 1:00:00 PM,2018,12,21,13,0,Friday,539727.117,4811094.333,-80.508993,43.451708,Non intersection,2,P.D. only,On roadway,Rear end,Daylight,Other,No control,Unknown,FALSE,FALSE,FALSE,Clear,FALSE,STRANGE ST; DOMINION ST; Near; 30 M,2/19/2019 2:04:41 PM,539727.117,4811094.333,Q4,Weekend,FALSE
4990,48471,18-293621,12/21/2018 2:00:00 PM,2018,12,21,14,0,Friday,536801.1692,4810222.57,-80.545214,43.444008,Intersection,2,P.D. only,On roadway,Other,Daylight,Other,Signal Control,Functioning,FALSE,FALSE,FALSE,Clear,FALSE,UNIVERSITY AVE W; FISCHER HALLMAN RD ; 10 M,2/19/2019 2:04:38 PM,536801.1692,4810222.57,Q4,Weekend,FALSE
4991,48472,18-293708,12/21/2018 2:45:00 PM,2018,12,21,14,45,Friday,545035.1183,4807869.23,-80.443657,43.422369,Intersection,2,P.D. only,On roadway,Intersection,Daylight,Other,Signal Control,Functioning,FALSE,FALSE,FALSE,Clear,FALSE,WILSON AVE ; KINGSWAY DR ; At,2/19/2019 2:04:37 PM,545035.1183,4807869.23,Q4,Weekend,FALSE
4992,48473,18-294211,12/21/2018 9:30:00 PM,2018,12,21,21,30,Friday,545869.1184,4809633.205,-80.433206,43.438201,Private Drive,2,P.D. only,On roadway,SMV,Dark,Other,No control,Unknown,FALSE,FALSE,FALSE,Clear,FALSE,SCENIC WOOD CRES; SCENIC WOOD CRES,2/19/2019 2:04:36 PM,545869.1184,4809633.205,Q4,Weekend,FALSE
4993,48474,18-294970,12/22/2018 4:30:00 PM,2018,12,22,16,30,Saturday,536558.3066,4808794.255,-80.548311,43.431159,Private Drive,2,P.D. only,On roadway,SMV,Daylight,Other,No control,Unknown,FALSE,FALSE,FALSE,Clear,FALSE,LAUREL SPRINGS CRT; LAUREL SPRINGS CRT; At,2/19/2019 2:04:35 PM,536558.3066,4808794.255,Q4,Weekend,FALSE
4994,48475,18-295243,12/23/2018 8:03:00 PM,2018,12,23,20,3,Sunday,538474.9024,4809666.432,-80.52457,43.438917,Intersection,2,P.D. only,On roadway,SMV,Daylight,Other,Sign Control,Functioning,FALSE,FALSE,FALSE,Snow,FALSE,MOOREGATE CRES; HAZELGLEN DR ; Near; 5 M,2/19/2019 2:04:34 PM,538474.9024,4809666.432,Q4,Weekend,FALSE
4995,48476,18-295392,12/24/2018 12:25:00 AM,2018,12,24,0,25,Monday,536877.7905,4806620.808,-80.54451,43.411574,Private Drive,2,P.D. only,Off roadway,SMV,Dark,Other,No control,Unknown,FALSE,FALSE,FALSE,Snow,FALSE,YELLOW BIRCH DR; YELLOW BIRCH DR ; At; 3 M,2/19/2019 2:04:32 PM,536877.7905,4806620.808,Q4,Working,FALSE
4996,48477,18-295411,12/24/2018 1:30:00 AM,2018,12,24,1,30,Monday,536462.4441,4809201.658,-80.549468,43.434832,Non intersection,2,P.D. only,On roadway,SMV,Dark,Other,No control,Unknown,FALSE,FALSE,FALSE,Rain,FALSE,WESTFOREST TRAIL; WESTFOREST TRAIL ; At; 2 M,2/19/2019 2:04:31 PM,536462.4441,4809201.658,Q4,Working,FALSE
4997,48478,18-295514,12/23/2018 6:00:00 PM,2018,12,23,18,0,Sunday,536821.3261,4807170.57,-80.545171,43.416527,Non intersection,2,P.D. only,On roadway,SMV,Dark,Other,No control,Unknown,FALSE,FALSE,FALSE,Clear,FALSE,HIGHVIEW DR; HIGHVIEW DR ; Near,2/19/2019 2:04:30 PM,536821.3261,4807170.571,Q4,Weekend,FALSE
4998,48479,18-295639,12/23/2018 1:00:00 AM,2018,12,23,1,0,Sunday,542175.3629,4810721.707,-80.478763,43.448219,Non intersection,2,P.D. only,On roadway,SMV,Dark,Other,No control,Unknown,FALSE,FALSE,FALSE,Clear,FALSE,CAMERON ST N; CAMERON ST N; At,2/19/2019 2:04:28 PM,542175.3629,4810721.707,Q4,Weekend,FALSE
4999,48480,18-295652,12/23/2018 11:30:00 AM,2018,12,23,11,30,Sunday,537880.7124,4810722.911,-80.531838,43.44846,Non intersection,2,P.D. only,Off roadway,SMV,Daylight,Other,No control,Unknown,FALSE,FALSE,FALSE,Clear,FALSE,HUNTLEY CRES; INVERNESS DR; Near; 30 M,2/19/2019 2:04:27 PM,537880.7124,4810722.911,Q4,Weekend,FALSE
5000,48481,18-297496,12/27/2018 1:30:00 PM,2018,12,27,13,30,Thursday,539213.5018,4806692.712,-80.515657,43.412103,Private Drive,2,P.D. only,On roadway,SMV,Daylight,Other,No control,Unknown,FALSE,FALSE,FALSE,Clear,FALSE,GREY FOX DR; GREY FOX DR; At; 0 M,2/19/2019 2:04:26 PM,539213.5018,4806692.713,Q4,Weekend,FALSE
5001,48482,18-297797,12/27/2018 9:41:00 PM,2018,12,27,21,41,Thursday,543569.145,4804978.54,-80.461997,43.396428,Intersection,2,P.D. only,On roadway,Intersection,Dark,Other,Signal Control,Functioning,FALSE,FALSE,FALSE,Rain,FALSE,HURON RD ; BATTLER RD,2/19/2019 2:04:24 PM,543569.145,4804978.54,Q4,Weekend,FALSE
5002,48483,18-298144,12/28/2018 12:15:00 PM,2018,12,28,12,15,Friday,545146.3718,4810416.696,-80.442072,43.4453,Intersection,1,Non-fatal injury,On roadway,Intersection,Daylight,Other,Sign Control,Functioning,FALSE,FALSE,FALSE,Clear,FALSE,BRADLEY DR; DOOLEY DR,2/19/2019 2:04:23 PM,545146.3718,4810416.696,Q4,Weekend,FALSE
5003,48484,18-298245,12/28/2018 2:33:00 PM,2018,12,28,14,33,Friday,543988.9032,4811911.546,-80.456255,43.458828,Private Drive,2,P.D. only,Off roadway,SMV,Daylight,Other,No control,Unknown,FALSE,FALSE,FALSE,Clear,FALSE,RIVER RD E; RIVER RD E; 3 M,2/19/2019 2:04:21 PM,543988.9032,4811911.546,Q4,Weekend,FALSE
5004,48485,18-298299,12/28/2018 4:06:00 PM,2018,12,28,16,6,Friday,541560.0698,4810763.681,-80.486364,43.448631,Other,2,P.D. only,Off roadway,Rear end,Dusk,Other,No control,Unknown,FALSE,FALSE,FALSE,Clear,FALSE,KING ST E; Near; 15 M,2/19/2019 2:04:20 PM,541560.0698,4810763.681,Q4,Weekend,FALSE
5005,48486,18-298903,12/29/2018 2:08:00 PM,2018,12,29,14,8,Saturday,544780.3934,4805276.772,-80.447016,43.399042,Private Drive,2,P.D. only,On roadway,Intersection,Daylight,Other,Signal Control,Functioning,FALSE,FALSE,FALSE,Clear,FALSE,HOMER WATSON BLVD ; DOON VILLAGE RD ; Near; 4 M,2/19/2019 2:04:18 PM,544780.3934,4805276.772,Q4,Weekend,FALSE
5006,48487,18-299045,12/29/2018 5:45:00 PM,2018,12,29,17,45,Saturday,545676.1627,4803969.493,-80.436064,43.387217,Private Drive,2,P.D. only,On roadway,SMV,Dark,Other,No control,Unknown,FALSE,FALSE,FALSE,Clear,FALSE,DOON MILLS DR; DOON MILLS DR ; At; 1 M,2/19/2019 2:04:16 PM,545676.1627,4803969.493,Q4,Weekend,FALSE
5007,48488,18-299765,12/30/2018 7:26:00 PM,2018,12,30,19,26,Sunday,540217.3758,4805819.129,-80.503322,43.404184,Intersection,2,P.D. only,On roadway,Intersection,Dark,Other,Sign Control,Functioning,FALSE,FALSE,FALSE,Clear,FALSE,COMMONWEALTH ST; MAX BECKER DR,2/19/2019 2:04:15 PM,540217.3758,4805819.129,Q4,Weekend,FALSE
5008,48489,18-300121,12/22/2018 10:30:00 PM,2018,12,22,22,30,Saturday,546689.9898,4804121.664,-80.423534,43.388525,Non intersection,2,P.D. only,On roadway,SMV,Dark,Other,No control,Unknown,FALSE,FALSE,FALSE,Clear,FALSE,DOON VILLAGE RD; DOON VILLAGE RD,2/19/2019 2:04:13 PM,546689.9898,4804121.664,Q4,Weekend,FALSE
5009,48490,19-000461,1/1/2019 2:56:00 PM,2019,1,1,14,56,Tuesday,545898.2655,4809800.111,-80.432832,43.439702,Intersection,2,P.D. only,Off roadway,SMV,Daylight,Other,Sign Control,Functioning,FALSE,FALSE,FALSE,Clear,FALSE,OLD CHICOPEE DR ; VERONICA DR,2/19/2019 2:04:12 PM,545898.2655,4809800.111,Q1,Working,FALSE
5010,48491,19-000489,1/1/2019 3:34:00 PM,2019,1,1,15,34,Tuesday,540924.3249,4806992.643,-80.494504,43.414712,Non intersection,2,P.D. only,Off roadway,SMV,Daylight,Other,No control,Unknown,FALSE,FALSE,FALSE,Clear,FALSE,RADCLIFFE DR; BRIARGATE DR ; Near; 200 M,2/19/2019 2:04:11 PM,540924.3249,4806992.643,Q1,Working,FALSE
5011,48492,19-000937,1/2/2019 9:01:00 AM,2019,1,2,9,1,Wednesday,543217.4634,4808898.27,-80.466029,43.431741,Non intersection,2,P.D. only,On roadway,SMV,Daylight,Other,No control,Unknown,FALSE,FALSE,FALSE,Clear,FALSE,DIXON ST; DIXON ST ; 1 M,2/19/2019 2:04:09 PM,543217.4634,4808898.27,Q1,Working,FALSE
5012,48493,19-000961,1/2/2019 6:00:00 AM,2019,1,2,6,0,Wednesday,541258.7462,4812531.352,-80.489954,43.464564,Intersection,2,P.D. only,On roadway,Intersection,Daylight,Other,Sign Control,Functioning,FALSE,FALSE,FALSE,Clear,FALSE,GUELPH ST ; ST LEGER ST,2/19/2019 2:04:08 PM,541258.7462,4812531.352,Q1,Working,FALSE
5013,48494,19-001214,1/2/2019 2:40:00 PM,2019,1,2,14,40,Wednesday,541375.1661,4811025.618,-80.488629,43.451,Private Drive,2,P.D. only,On roadway,Other,Daylight,Other,No control,Unknown,FALSE,FALSE,FALSE,Clear,FALSE,DUKE ST W; DUKE ST W,2/19/2019 2:04:07 PM,541375.1661,4811025.618,Q1,Working,FALSE
5014,48495,19-001394,1/2/2019 6:35:00 PM,2019,1,2,18,35,Wednesday,547783.9123,4811477.529,-80.409385,43.454687,Non intersection,2,P.D. only,On roadway,SMV,Dark,Other,No control,Unknown,FALSE,FALSE,FALSE,Snow,FALSE,OLD ZELLER DR; OLD ZELLER DR,2/19/2019 2:04:06 PM,547783.9123,4811477.529,Q1,Working,FALSE
5015,48496,19-001920,1/3/2019 2:26:00 PM,2019,1,3,14,26,Thursday,539110.4422,4811044.436,-80.516618,43.451291,Private Drive,2,P.D. only,On roadway,Intersection,Daylight,Other,No control,Unknown,FALSE,FALSE,FALSE,Clear,FALSE,GLASGOW ST ; BELMONT AVE W; At; 0 M,2/19/2019 2:04:05 PM,539110.4422,4811044.436,Q1,Weekend,FALSE
5016,48497,19-002038,1/3/2019 4:30:00 PM,2019,1,3,16,30,Thursday,541044.4479,4807108.05,-80.493011,43.415744,Private Drive,2,P.D. only,On roadway,Other,Daylight,Other,No control,Unknown,FALSE,FALSE,FALSE,Clear,FALSE,LAURENTIAN DR; LAURENTIAN DR,2/19/2019 2:04:03 PM,541044.4479,4807108.05,Q1,Weekend,FALSE
5017,48498,19-002080,1/3/2019 5:30:00 PM,2019,1,3,17,30,Thursday,541068,4811108,0,0,Private Drive,2,P.D. only,Off roadway,SMV,Daylight,Other,No control,Unknown,FALSE,FALSE,FALSE,Clear,FALSE,PINEGLEN CRES; PINEGLEN CRES ; Near; 1 M,2/19/2019 2:04:02 PM,541068,4811108,Q1,Weekend,FALSE
5018,48499,19-002319,1/4/2019 2:49:00 AM,2019,1,4,2,49,Friday,538418.4312,4810451.36,-80.525212,43.445987,Non intersection,1,Non-fatal injury,On roadway,SMV,Dark,Other,No control,Unknown,FALSE,FALSE,FALSE,Snow,FALSE,WESTWOOD DR; WESTWOOD DR ; 10 M,2/19/2019 2:04:00 PM,538418.4312,4810451.36,Q1,Weekend,FALSE
5019,48500,19-002501,1/4/2019 10:46:00 AM,2019,1,4,10,46,Friday,541752.2459,4810337.84,-80.484022,43.444786,Other,2,P.D. only,Other,SMV,Daylight,Other,No control,Unknown,FALSE,FALSE,FALSE,Clear,FALSE,CHURCH ST,2/19/2019 2:03:59 PM,541752.2459,4810337.84,Q1,Weekend,FALSE
5020,48501,19-002563,1/4/2019 12:00:00 PM,2019,1,4,12,0,Friday,540150.0514,4808611.805,-80.503948,43.429333,Non intersection,2,P.D. only,Off roadway,SMV,Daylight,Other,No control,Unknown,FALSE,FALSE,FALSE,Clear,FALSE,SHADYWOOD CR.; SHADYWOOD CR.; At; 15 M,2/19/2019 2:03:58 PM,540150.0514,4808611.805,Q1,Weekend,FALSE
5021,48502,19-002910,1/4/2019 8:26:00 PM,2019,1,4,20,26,Friday,545832.5186,4802615.019,-80.434247,43.375011,Intersection,2,P.D. only,On roadway,Intersection,Daylight,Other,Sign Control,Functioning,FALSE,FALSE,FALSE,Clear,FALSE,DOON SOUTH DR; THOMAS SLEE DR,2/19/2019 2:03:57 PM,545832.5186,4802615.019,Q1,Weekend,FALSE
5022,48503,19-003274,1/4/2019 7:00:00 PM,2019,1,4,19,0,Friday,540983.1993,4811064.73,-80.493471,43.451374,Intersection,2,P.D. only,On roadway,Intersection,Dark,Other,Sign Control,Functioning,FALSE,FALSE,FALSE,Clear,FALSE,KING ST W; COLLEGE ST,2/19/2019 2:03:55 PM,540983.1993,4811064.73,Q1,Weekend,FALSE
5023,48504,19-003398,1/4/2019 11:35:00 AM,2019,1,4,11,35,Friday,538369.2513,4806724.588,-80.526082,43.412433,Other,2,P.D. only,Off roadway,SMV,Daylight,Other,No control,Unknown,FALSE,FALSE,FALSE,Clear,FALSE,DRIVEWAY; PROSPERITY DR,2/19/2019 2:03:54 PM,538369.2513,4806724.588,Q1,Weekend,FALSE
5024,48505,19-003555,1/5/2019 4:19:00 PM,2019,1,5,16,19,Saturday,545482.166,4804349.959,-80.438427,43.390654,Intersection,2,P.D. only,On roadway,SMV,Daylight,Other,Sign Control,Functioning,FALSE,FALSE,FALSE,Clear,FALSE,DOON VILLAGE RD ; ANVIL ST,2/19/2019 2:03:52 PM,545482.166,4804349.959,Q1,Weekend,FALSE
5025,48506,19-003632,1/5/2019 6:30:00 PM,2019,1,5,18,30,Saturday,543192.1567,4806496.515,-80.466532,43.410117,Non intersection,2,P.D. only,On roadway,SMV,Dark,Other,No control,Unknown,FALSE,FALSE,FALSE,Clear,FALSE,CENTURY HILL DR; CENTURY HILL DR ; Near; 20 M,2/19/2019 2:03:51 PM,543192.1567,4806496.515,Q1,Weekend,FALSE
5026,48507,19-003679,1/5/2019 7:23:00 PM,2019,1,5,19,23,Saturday,545713.851,4807703.05,-80.435286,43.420831,Intersection,2,P.D. only,On roadway,Intersection,Dark,Other,Sign Control,Functioning,FALSE,FALSE,FALSE,Clear,FALSE,HIDDEN VALLEY RD; WABANAKI DR; 2.5 M,2/19/2019 2:03:49 PM,545713.851,4807703.05,Q1,Weekend,FALSE
5027,48508,19-004705,1/7/2019 6:30:00 AM,2019,1,7,6,30,Monday,546123.9651,4804408.476,-80.430498,43.391142,Private Drive,2,P.D. only,On roadway,SMV,Dark,Other,No control,Unknown,FALSE,FALSE,FALSE,Clear,FALSE, OLD CARRIAGE DR; OLD CARRIAGE DR ; At; 1 M,2/19/2019 2:03:47 PM,546123.9651,4804408.476,Q1,Working,FALSE
5028,48509,19-004828,1/6/2019 8:00:00 PM,2019,1,6,20,0,Sunday,542343.5578,4814233.692,-80.476412,43.479831,Non intersection,2,P.D. only,On roadway,SMV,Dark,Other,No control,Unknown,FALSE,FALSE,FALSE,Clear,FALSE,BRIDGE ST W; BRIDGE ST W,2/19/2019 2:03:44 PM,542343.5578,4814233.692,Q1,Weekend,FALSE
5029,48510,19-005087,1/7/2019 2:30:00 PM,2019,1,7,14,30,Monday,542488.1935,4811126.487,-80.474866,43.451846,Intersection,2,P.D. only,On roadway,Intersection,Daylight,Other,Sign Control,Functioning,FALSE,FALSE,FALSE,Clear,FALSE,KRUG ST; LYDIA ST,2/19/2019 2:03:43 PM,542488.1935,4811126.487,Q1,Working,FALSE
5030,48511,19-005116,1/7/2019 4:13:00 PM,2019,1,7,16,13,Monday,547453.0257,4810630.264,-80.413548,43.44708,Private Drive,2,P.D. only,Off roadway,SMV,Daylight,Other,No control,Unknown,FALSE,FALSE,FALSE,Clear,FALSE,COUNTRY CLAIR ST; COUNTRY CLAIR ST; At; 1 M,2/19/2019 2:03:41 PM,547453.0257,4810630.264,Q1,Working,FALSE
5031,48512,19-005145,1/7/2019 4:45:00 PM,2019,1,7,16,45,Monday,545482.1789,4804348.04,-80.438427,43.390637,Non intersection,2,P.D. only,Other,SMV,Daylight,Other,No control,Unknown,FALSE,FALSE,FALSE,Clear,FALSE,DOON VILLAGE RD; ANVIL ST; 20 M,2/19/2019 2:03:40 PM,545482.1789,4804348.04,Q1,Working,FALSE
5032,48513,19-005721,1/7/2019 1:00:00 PM,2019,1,7,13,0,Monday,539884.7928,4806007.137,-80.507416,43.405894,Private Drive,2,P.D. only,On roadway,Other,Daylight,Other,No control,Unknown,FALSE,FALSE,FALSE,Snow,FALSE,COTTON GRASS ST; COTTON GRASS ST,2/19/2019 2:03:39 PM,539884.7928,4806007.137,Q1,Working,FALSE
5033,48514,19-006016,1/8/2019 4:30:00 PM,2019,1,8,16,30,Tuesday,544908.8379,4804860.706,-80.445464,43.395288,Private Drive,1,Non-fatal injury,On roadway,Rear end,Daylight,Other,No control,Unknown,FALSE,FALSE,FALSE,Rain,FALSE,PIONEER DR; PIONEER DR; At,2/19/2019 2:03:38 PM,544908.8379,4804860.706,Q1,Working,FALSE
5034,48515,19-006643,1/1/2019 3:00:00 PM,2019,1,1,15,0,Tuesday,538986.2185,4807419.201,-80.518412,43.418656,Private Drive,2,P.D. only,On roadway,SMV,Daylight,Other,No control,Unknown,FALSE,FALSE,FALSE,Clear,FALSE,GLEN AVON CRES; GLEN AVON CRES,2/19/2019 2:03:36 PM,538986.2185,4807419.201,Q1,Working,FALSE
5035,48516,19-006828,1/9/2019 4:17:00 PM,2019,1,9,16,17,Wednesday,547715.9074,4804209.193,-80.410861,43.389248,Private Drive,2,P.D. only,On roadway,Intersection,Dark,Other,Sign Control,Functioning,FALSE,FALSE,FALSE,Snow,FALSE,DOON VALLEY DR; DOON VALLEY DR ; Near; 1 M,2/19/2019 2:03:35 PM,547715.9074,4804209.193,Q1,Working,FALSE
5036,48517,19-007262,1/10/2019 8:56:00 AM,2019,1,10,8,56,Thursday,542584.0448,4810122.75,-80.473759,43.442803,Intersection,2,P.D. only,On roadway,Intersection,Daylight,Other,Signal Control,Functioning,FALSE,FALSE,FALSE,Snow,FALSE,KING ST E; BORDEN AVE N,2/19/2019 2:03:34 PM,542584.0448,4810122.75,Q1,Weekend,FALSE