,OBJECTID,ACCIDENTNUM,ACCIDENTDATE,ACCIDENT_YEAR,ACCIDENT_MONTH,ACCIDENT_DAY,ACCIDENT_HOUR,ACCIDENT_MINUTE,Accident_Day,XCOORD,YCOORD,LONGITUDE,LATITUDE,Accident_Location,COLLISIONTYPE,Accident_Type,Impact_Location,Impact_Type,Light,Road_Jurisdication,Traffic_Control,Traffic_Control_Condition,Pedestrian_Involved,Cyclist_Involved,Motorcyclist_Involved,Environment_Condition,Self_Reported,XMLIMPORTNOTES,LASTEDITEDDATE,x,y,Quarter,Day_Type,Vulnerable_Involved
5037,48518,19-007269,1/9/2019 9:00:00 AM,2019,1,9,9,0,Wednesday,540174.4523,4809412.936,-80.503588,43.436545,Intersection,2,P.D. only,On roadway,Rear end,Daylight,Other,Signal Control,Functioning,FALSE,FALSE,FALSE,Clear,FALSE,BELMONT AVE E; QUEENS BLVD; At,2/19/2019 2:03:32 PM,540174.4523,4809412.936,Q1,Working,FALSE
5038,48519,19-007271,1/10/2019 9:10:00 AM,2019,1,10,9,10,Thursday,541749.1804,4813073.049,-80.48385,43.469414,Private Drive,2,P.D. only,On roadway,Other,Daylight,Other,No control,Unknown,FALSE,FALSE,FALSE,Clear,FALSE,ASH ST; ASH ST ; At; 1 M,2/19/2019 2:03:31 PM,541749.1804,4813073.049,Q1,Weekend,FALSE
5039,48520,19-007334,1/10/2019 9:20:00 AM,2019,1,10,9,20,Thursday,544608.7298,4809090.764,-80.448824,43.433393,Intersection,2,P.D. only,On roadway,Intersection,Daylight,Other,Signal Control,Functioning,FALSE,FALSE,FALSE,Snow,FALSE,FRANKLIN ST S; KINGSWAY DR,2/19/2019 2:03:30 PM,544608.7298,4809090.764,Q1,Weekend,FALSE
5040,48521,19-007469,1/10/2019 9:30:00 AM,2019,1,10,9,30,Thursday,539174.6073,4810913.111,-80.515834,43.450106,Private Drive,2,P.D. only,On roadway,Other,Daylight,Other,No control,Unknown,FALSE,FALSE,FALSE,Clear,FALSE,BELMONT AVE W; BELMONT AVE W; At; 0 M,2/19/2019 2:03:29 PM,539174.6073,4810913.111,Q1,Weekend,FALSE
5041,48522,19-007632,1/10/2019 4:11:00 PM,2019,1,10,16,11,Thursday,541858.0047,4806094.884,-80.48304,43.406577,Intersection,2,P.D. only,On roadway,Intersection,Daylight,Other,Sign Control,Functioning,FALSE,FALSE,FALSE,Clear,FALSE,THE COUNTRY WAY ; NICHOLE CRES,2/19/2019 2:03:27 PM,541858.0047,4806094.884,Q1,Weekend,FALSE
5042,48523,19-008000,1/11/2019 12:00:00 AM,2019,1,11,0,0,Friday,542403.0363,4803765.213,-80.47649,43.38557,Non intersection,2,P.D. only,On roadway,SMV,Dark,Municipal,No control,Unknown,FALSE,FALSE,TRUE,Clear,FALSE,HURON RD; HURON RD; ; 1 M,10/24/2019 10:05:57 AM,542403.0363,4803765.213,Q1,Weekend,TRUE
5043,48524,19-008158,1/11/2019 7:38:00 AM,2019,1,11,7,38,Friday,540288.2518,4809880.579,-80.502147,43.440749,Private Drive,2,P.D. only,On roadway,SMV,Daylight,Other,No control,Unknown,FALSE,FALSE,FALSE,Clear,FALSE,VANCAMP AVE; VANCAMP AVE,2/19/2019 2:03:26 PM,540288.2518,4809880.579,Q1,Weekend,FALSE
5044,48525,19-008489,1/11/2019 4:14:00 PM,2019,1,11,16,14,Friday,545035.0763,4807865.236,-80.443658,43.422333,Intersection,1,Non-fatal injury,On roadway,SMV,Daylight,Other,Signal Control,Functioning,TRUE,FALSE,FALSE,Clear,FALSE,KINGSWAY DR; WILSON AVE,2/19/2019 2:03:25 PM,545035.0763,4807865.236,Q1,Weekend,FALSE
5045,48526,19-008564,1/11/2019 5:45:00 PM,2019,1,11,17,45,Friday,549470.7401,4805998.96,-80.389033,43.405249,Non intersection,2,P.D. only,On roadway,Rear end,Dark,Other,No control,Unknown,FALSE,FALSE,FALSE,Clear,FALSE,KING ST E; KING ST E,2/19/2019 2:03:23 PM,549470.7401,4805998.96,Q1,Weekend,FALSE
5046,48527,19-008591,1/11/2019 6:48:00 PM,2019,1,11,18,48,Friday,545910.1471,4809343.683,-80.432724,43.435592,Intersection,2,P.D. only,On roadway,Intersection,Dark,Other,Sign Control,Functioning,FALSE,FALSE,FALSE,Clear,FALSE,KINZIE AVE; THALER AVE,2/19/2019 2:03:22 PM,545910.1471,4809343.683,Q1,Weekend,FALSE
5047,48528,19-009018,1/12/2019 9:55:00 AM,2019,1,12,9,55,Saturday,541136.0562,4812027.436,-80.491509,43.460034,Other,2,P.D. only,Off roadway,SMV,Daylight,Other,No control,Unknown,FALSE,FALSE,FALSE,Clear,FALSE,MARGARET AVE ; MARGARET AVE ; At,2/19/2019 2:03:21 PM,541136.0562,4812027.436,Q1,Weekend,FALSE
5048,48529,19-009030,1/10/2019 3:45:00 PM,2019,1,10,15,45,Thursday,540367.0084,4806368.746,-80.501434,43.409124,Private Drive,2,P.D. only,On roadway,SMV,Daylight,Other,No control,Unknown,FALSE,FALSE,FALSE,Clear,FALSE,HIGHBROOK CRT; HIGHBROOK CRT ; Near,2/19/2019 2:03:20 PM,540367.0084,4806368.746,Q1,Weekend,FALSE
5049,48530,19-009049,1/12/2019 10:00:00 AM,2019,1,12,10,0,Saturday,538134.597,4807509.086,-80.528925,43.419509,Intersection,2,P.D. only,On roadway,Rear end,Daylight,Other,No control,Unknown,FALSE,FALSE,FALSE,Clear,FALSE,MCGARRY DR; ROYAL ORCHARD DR; At,2/19/2019 2:03:19 PM,538134.597,4807509.086,Q1,Weekend,FALSE
5050,48531,19-009115,1/11/2019 1:30:00 PM,2019,1,11,13,30,Friday,543941.2439,4804980.217,-80.457402,43.396421,Private Drive,2,P.D. only,On roadway,Other,Daylight,Other,No control,Unknown,FALSE,FALSE,FALSE,Clear,FALSE,CALVERT CLOSE; CALVERT CLOSE,2/19/2019 2:03:17 PM,543941.2439,4804980.217,Q1,Weekend,FALSE
5051,48532,19-010004,1/13/2019 9:15:00 AM,2019,1,13,9,15,Sunday,541012.5897,4809676.833,-80.493212,43.438876,Intersection,1,Non-fatal injury,On roadway,Rear end,Daylight,Other,Signal Control,Functioning,FALSE,FALSE,FALSE,Clear,FALSE,HIGHLAND RD E; SPADINA RD E,2/19/2019 2:03:16 PM,541012.5897,4809676.833,Q1,Weekend,FALSE
5052,48533,19-010860,1/14/2019 2:45:00 PM,2019,1,14,14,45,Monday,543258.6938,4804361.102,-80.465879,43.390886,Non intersection,1,Non-fatal injury,On roadway,Intersection,Daylight,Other,No control,Unknown,FALSE,FALSE,FALSE,Clear,FALSE,STRASBURG RD; STRASBURG RD,2/19/2019 2:03:14 PM,543258.6938,4804361.102,Q1,Working,FALSE
5053,48534,19-011896,1/13/2019 12:45:00 PM,2019,1,13,12,45,Sunday,545039.7284,4811248.819,-80.443321,43.452798,Private Drive,2,P.D. only,On roadway,Other,Daylight,Other,No control,Unknown,FALSE,FALSE,FALSE,Clear,FALSE,BRECKENRIDGE DR; BRECKENRIDGE DR,2/19/2019 2:03:12 PM,545039.7284,4811248.819,Q1,Weekend,FALSE
5054,48535,19-012228,1/16/2019 4:06:00 AM,2019,1,16,4,6,Wednesday,545875.2312,4808927.068,-80.43319,43.431843,Non intersection,2,P.D. only,Off roadway,SMV,Dark,Other,No control,Unknown,FALSE,FALSE,FALSE,Rain,FALSE,JANSEN AVE; JANSEN AVE ; At; 1 M,2/19/2019 2:03:11 PM,545875.2312,4808927.068,Q1,Working,FALSE
5055,48536,19-012242,1/16/2019 5:37:00 AM,2019,1,16,5,37,Wednesday,540591.7448,4809504.472,-80.498425,43.437347,Non intersection,2,P.D. only,Off roadway,SMV,Dark,Other,No control,Unknown,FALSE,FALSE,FALSE,Rain,FALSE,PLEASANT AVE; PLEASANT AVE ; At; 10 M,2/19/2019 2:03:10 PM,540591.7448,4809504.472,Q1,Working,FALSE
5056,48537,19-012252,1/16/2019 6:18:00 AM,2019,1,16,6,18,Wednesday,539731.2843,4810958.298,-80.508951,43.450483,Other,2,P.D. only,On roadway,SMV,Dawn,Other,Other,Functioning,FALSE,FALSE,FALSE,Snow,FALSE,STRANGE ST; CN RAIL; At; 1 M,2/19/2019 2:03:09 PM,539731.2843,4810958.299,Q1,Working,FALSE
5057,48538,19-012256,1/16/2019 6:40:00 AM,2019,1,16,6,40,Wednesday,542769.5876,4803928.051,-80.471952,43.387015,Intersection,2,P.D. only,On roadway,Intersection,Dark,Other,Sign Control,Functioning,FALSE,FALSE,FALSE,Rain,FALSE,CRANSHAW ST; BANFFSHIRE ST,2/19/2019 2:03:07 PM,542769.5876,4803928.051,Q1,Working,FALSE
5058,48539,19-012418,1/16/2019 8:30:00 AM,2019,1,16,8,30,Wednesday,536852.0731,4808269.275,-80.544717,43.426418,Intersection,2,P.D. only,On roadway,Intersection,Daylight,Other,Sign Control,Functioning,FALSE,FALSE,FALSE,Snow,FALSE,WESTMEADOW DR; WESTFOREST TRAIL,2/19/2019 2:03:06 PM,536852.0731,4808269.275,Q1,Working,FALSE
5059,48540,19-012513,1/16/2019 1:22:00 PM,2019,1,16,13,22,Wednesday,541228.1483,4811868.827,-80.490383,43.458601,Intersection,1,Non-fatal injury,On roadway,SMV,Daylight,Other,Signal Control,Functioning,TRUE,FALSE,FALSE,Clear,FALSE,WELLINGTON ST N; MARGARET AVE,2/19/2019 2:03:05 PM,541228.1483,4811868.827,Q1,Working,FALSE
5060,48541,19-012528,1/15/2019 12:30:00 PM,2019,1,15,12,30,Tuesday,541847.6016,4805284.184,-80.483231,43.399278,Non intersection,2,P.D. only,Off roadway,SMV,Daylight,Other,No control,Unknown,FALSE,FALSE,FALSE,Clear,FALSE,TRILLIUM DR; TRILLIUM DR; Near; 100 M,2/19/2019 2:03:03 PM,541847.6016,4805284.184,Q1,Working,FALSE
5061,48542,19-012648,1/16/2019 4:11:00 PM,2019,1,16,16,11,Wednesday,547176.7649,4809013.26,-80.417102,43.432538,Non intersection,2,P.D. only,On roadway,SMV,Daylight,Other,No control,Unknown,FALSE,FALSE,FALSE,Clear,FALSE,QUINTE CRES; QUINTE CRT ; Near; 68 M,2/19/2019 2:03:01 PM,547176.7649,4809013.26,Q1,Working,FALSE
5062,48543,19-012730,1/16/2019 5:30:00 AM,2019,1,16,5,30,Wednesday,545098.7956,4813022.382,-80.442444,43.468764,Non intersection,2,P.D. only,On roadway,SMV,Dark,Other,No control,Unknown,FALSE,FALSE,FALSE,Snow,FALSE,SMETANA DR ; SMETANA DR,2/19/2019 2:02:59 PM,545098.7956,4813022.382,Q1,Working,FALSE
5063,48544,19-013165,1/17/2019 12:05:00 AM,2019,1,17,0,5,Thursday,541466.9145,4808997.331,-80.48765,43.432732,Non intersection,2,P.D. only,On roadway,SMV,Dark,Other,No control,Unknown,FALSE,FALSE,FALSE,Clear,FALSE,SOUTHDALE AVE; SOUTHDALE AVE; Near,2/19/2019 2:02:58 PM,541466.9145,4808997.331,Q1,Weekend,FALSE
5064,48545,19-013203,1/17/2019 10:04:00 AM,2019,1,17,10,4,Thursday,541181.0559,4809391.041,-80.491152,43.436293,Intersection,2,P.D. only,On roadway,Intersection,Daylight,Other,Signal Control,Functioning,FALSE,FALSE,FALSE,Clear,FALSE,STIRLING AVE S; HIGHLAND RD E,2/19/2019 2:02:57 PM,541181.0559,4809391.041,Q1,Weekend,FALSE
5065,48546,19-013936,1/18/2019 8:00:00 AM,2019,1,18,8,0,Friday,545924.9701,4812088.737,-80.432309,43.460307,Private Drive,2,P.D. only,Off roadway,SMV,Daylight,Other,No control,Unknown,FALSE,FALSE,FALSE,Clear,FALSE,ROSE GARDEN ST; ROSE GARDEN ST ; Near; 20 M,2/19/2019 2:02:56 PM,545924.9701,4812088.737,Q1,Weekend,FALSE
5066,48547,19-014015,1/18/2019 9:30:00 AM,2019,1,18,9,30,Friday,541957.3811,4815743.95,-80.48107,43.493451,Intersection,2,P.D. only,On roadway,Intersection,Daylight,Other,Sign Control,Functioning,FALSE,FALSE,FALSE,Clear,FALSE,WOOLWICH ST; FALCONRIDGE DR,2/19/2019 2:02:54 PM,541957.3811,4815743.95,Q1,Weekend,FALSE
5067,48548,19-014365,1/18/2019 4:12:00 PM,2019,1,18,16,12,Friday,545875.6062,4802791.832,-80.4337,43.376601,Intersection,2,P.D. only,On roadway,Intersection,Daylight,Other,Sign Control,Functioning,FALSE,FALSE,FALSE,Clear,FALSE,DOON SOUTH DR; CRANBROOK ST,2/19/2019 2:02:53 PM,545875.6062,4802791.832,Q1,Weekend,FALSE
5068,48549,19-014460,1/18/2019 5:59:00 PM,2019,1,18,17,59,Friday,544035.8797,4807717.919,-80.456013,43.421066,Other,2,P.D. only,Off roadway,SMV,Daylight,Other,No control,Unknown,FALSE,FALSE,FALSE,Clear,FALSE,VANIER DR ; VANIER; Near; 20 M,2/19/2019 2:02:52 PM,544035.8797,4807717.919,Q1,Weekend,FALSE
5069,48550,19-014792,1/19/2019 12:38:00 AM,2019,1,19,0,38,Saturday,541342.3984,4809274.041,-80.489167,43.435231,Non intersection,2,P.D. only,Off roadway,SMV,Dark,Other,No control,Unknown,FALSE,FALSE,FALSE,Clear,FALSE,CHARLES BEST PL; CHARLES BEST PL ; 4 M,2/19/2019 2:02:51 PM,541342.3984,4809274.041,Q1,Weekend,FALSE
5070,48551,19-015048,1/19/2019 10:57:00 AM,2019,1,19,10,57,Saturday,547517.4906,4804532.897,-80.413282,43.392175,Non intersection,2,Non-reportable,Off roadway,SMV,Dark,Other,No control,Unknown,FALSE,FALSE,FALSE,Snow,FALSE,AMHERST DR ; AMHERST DR ; At; 50 M,2/19/2019 2:02:49 PM,547517.4906,4804532.897,Q1,Weekend,FALSE
5071,48552,19-015090,1/19/2019 11:56:00 AM,2019,1,19,11,56,Saturday,542839.2699,4809875.699,-80.470625,43.440564,Intersection,2,P.D. only,On roadway,Intersection,Daylight,Other,Sign Control,Functioning,FALSE,FALSE,FALSE,Snow,FALSE,CHARLES ST E; SYDNEY ST S,2/19/2019 2:02:48 PM,542839.2699,4809875.699,Q1,Weekend,FALSE
5072,48553,19-015188,1/18/2019 9:00:00 PM,2019,1,18,21,0,Friday,542368.0723,4806375.183,-80.476719,43.409072,Non intersection,2,P.D. only,On roadway,SMV,Dark,Other,No control,Unknown,FALSE,FALSE,FALSE,Clear,FALSE,TUERR DR; THE COUNTRY WAY; Near; 50 M,2/19/2019 2:02:47 PM,542368.0723,4806375.183,Q1,Weekend,FALSE
5073,48554,19-015694,1/20/2019 7:20:00 AM,2019,1,20,7,20,Sunday,545070.0479,4807716.801,-80.443238,43.420994,Non intersection,1,Non-fatal injury,On roadway,SMV,Dawn,Other,No control,Unknown,TRUE,FALSE,FALSE,Snow,FALSE,WILSON AVE; FAIRWAY RD S; 38 M,2/19/2019 2:02:45 PM,545070.0479,4807716.801,Q1,Weekend,FALSE
5074,48555,19-015714,1/20/2019 8:18:00 AM,2019,1,20,8,18,Sunday,545350.3308,4806453.348,-80.439881,43.409601,Non intersection,2,P.D. only,Off roadway,SMV,Daylight,Other,No control,Unknown,FALSE,FALSE,FALSE,Clear,FALSE,WABANAKI DR ; WILSON AVE ; 75 M,2/19/2019 2:02:43 PM,545350.3308,4806453.348,Q1,Weekend,FALSE
5075,48556,19-015831,1/20/2019 11:00:00 AM,2019,1,20,11,0,Sunday,541181.6677,4809393.226,-80.491144,43.436313,Intersection,1,Non-fatal injury,On roadway,Intersection,Daylight,Other,Signal Control,Functioning,FALSE,FALSE,FALSE,Clear,FALSE,HIGHLAND RD E; STIRLING AVE S,2/19/2019 2:02:41 PM,541181.6677,4809393.226,Q1,Weekend,FALSE
5076,48557,19-015856,1/20/2019 12:00:00 AM,2019,1,20,0,0,Sunday,540991.8672,4812248.983,-80.493275,43.462036,Non intersection,2,P.D. only,Off roadway,SMV,Dark,Municipal,No control,Unknown,FALSE,FALSE,FALSE,Snow,FALSE,223 MARGARET AVE; MARGARET AVE; At; 3 M,10/24/2019 10:06:00 AM,540991.8672,4812248.983,Q1,Weekend,FALSE
5077,48558,19-015953,1/19/2019 4:30:00 PM,2019,1,19,16,30,Saturday,541068,4811108,0,0,Intersection,2,P.D. only,On roadway,Rear end,Daylight,Other,Sign Control,Functioning,FALSE,FALSE,FALSE,Snow,FALSE,UNIVERSITY AVE W; BAKER ST; At,2/19/2019 2:02:37 PM,541068,4811108,Q1,Weekend,FALSE
5078,48559,19-015986,1/20/2019 2:32:00 PM,2019,1,20,14,32,Sunday,540337.5799,4805511.074,-80.50186,43.401403,Intersection,2,P.D. only,Off roadway,SMV,Daylight,Other,Sign Control,Functioning,FALSE,FALSE,FALSE,Snow,FALSE,COMMONWEALTH CRES; COMMONWEALTH ST; At; 1 M,2/19/2019 2:02:36 PM,540337.5799,4805511.074,Q1,Weekend,FALSE
5079,48560,19-016050,1/19/2019 7:00:00 PM,2019,1,19,19,0,Saturday,536574.9346,4807474.102,-80.548194,43.419272,Intersection,2,P.D. only,Off roadway,SMV,Dark,Other,Sign Control,Functioning,FALSE,FALSE,FALSE,Snow,FALSE,TRADEWINDS PL; ROLLING MEADOWS DR ; Near,2/19/2019 2:02:34 PM,536574.9346,4807474.102,Q1,Weekend,FALSE
5080,48561,19-016066,1/20/2019 4:46:00 PM,2019,1,20,16,46,Sunday,540797.6023,4809181.694,-80.495905,43.434429,Intersection,2,P.D. only,On roadway,Intersection,Dusk,Other,Sign Control,Functioning,FALSE,FALSE,FALSE,Clear,FALSE,STIRLING AVE S; PLEASANT AVE ; 5 M,2/19/2019 2:02:33 PM,540797.6023,4809181.694,Q1,Weekend,FALSE
5081,48562,19-016120,1/20/2019 4:45:00 PM,2019,1,20,16,45,Sunday,537223.5565,4809364.136,-80.540053,43.436258,Intersection,2,P.D. only,Off roadway,SMV,Daylight,Other,Sign Control,Functioning,FALSE,FALSE,FALSE,Snow,FALSE,LYNNVALLEY CRES ; TRELAWNEY ST,2/19/2019 2:02:31 PM,537223.5565,4809364.136,Q1,Weekend,FALSE
5082,48563,19-016592,1/21/2019 11:05:00 AM,2019,1,21,11,5,Monday,548582.3756,4806623.898,-80.399948,43.410934,Private Drive,2,P.D. only,Off roadway,SMV,Daylight,Other,Sign Control,Functioning,FALSE,FALSE,FALSE,Clear,FALSE,DEER RIDGE DR; KING ST E; Near; 12 M,2/19/2019 2:02:28 PM,548582.3756,4806623.898,Q1,Working,FALSE
5083,48564,19-033873,2/11/2019 12:00:00 AM,2019,2,11,0,0,Monday,542627.6232,4803998.127,-80.473699,43.387654,Non intersection,1,Non-fatal injury,On roadway,Intersection,Daylight,Municipal,No control,Unknown,FALSE,FALSE,FALSE,Clear,FALSE,HURON RD; HURON RD; Near; 2 M,10/24/2019 10:05:58 AM,542627.6232,4803998.127,Q1,Working,FALSE
5084,48565,19-035659,2/13/2019 12:00:00 AM,2019,2,13,0,0,Wednesday,542962.9431,4814158.655,-80.468759,43.47912,Private Drive,1,Non-fatal injury,On roadway,Intersection,Dark,Municipal,No control,Unknown,FALSE,FALSE,FALSE,Clear,FALSE,TAGGE ST; TAGGE ST; Near; 1 M,10/24/2019 10:06:03 AM,542962.9431,4814158.655,Q1,Working,FALSE
5085,48566,19-040014,2/19/2019 12:00:00 AM,2019,2,19,0,0,Tuesday,548117.638,4804527.387,-80.405873,43.392087,Intersection,2,P.D. only,On roadway,Intersection,Daylight,Regional,No control,Functioning,FALSE,FALSE,FALSE,Clear,FALSE,DOON VALLEY DR; OLD MILL RD; ; 5 M,10/24/2019 10:06:05 AM,548117.638,4804527.387,Q1,Working,FALSE
5086,48567,19-040043,2/19/2019 12:00:00 AM,2019,2,19,0,0,Tuesday,545095.4648,4813568.497,-80.44244,43.473681,Non intersection,2,P.D. only,Off roadway,SMV,Daylight,Municipal,No control,Unknown,FALSE,FALSE,FALSE,Clear,FALSE,SHIRLEY DR; BINGEMANS CENTRE DR; ; 37 M,10/24/2019 10:06:07 AM,545095.4648,4813568.497,Q1,Working,FALSE
5087,48568,19-040379,2/19/2019 12:00:00 AM,2019,2,19,0,0,Tuesday,545273.7007,4806434.409,-80.440829,43.409435,Intersection,2,P.D. only,On roadway,Intersection,Dark,Regional,No control,Functioning,FALSE,FALSE,FALSE,Clear,FALSE,WABANAKI DR; WILSON AVE,10/24/2019 10:06:09 AM,545273.7007,4806434.409,Q1,Working,FALSE
5088,48569,19-041206,2/20/2019 12:00:00 AM,2019,2,20,0,0,Wednesday,542631.195,4803745.71,-80.473674,43.385381,Private Drive,2,P.D. only,Off roadway,SMV,Dark,Municipal,No control,Unknown,FALSE,FALSE,FALSE,Rain,FALSE,BANFFSHIRE ST; BANFFSHIRE ST; At; 1 M,10/24/2019 10:06:13 AM,542631.195,4803745.71,Q1,Working,FALSE
5089,48570,19-041218,2/20/2019 12:00:00 AM,2019,2,20,0,0,Wednesday,540949.5842,4816468.367,-80.49348,43.50003,Intersection,2,P.D. only,On roadway,Intersection,Dark,Municipal,No control,Unknown,FALSE,FALSE,FALSE,Rain,FALSE,WOOLWICH ST; KIWANIS PARK DR,10/24/2019 10:05:54 AM,540949.5842,4816468.367,Q1,Working,FALSE
5090,48571,19-042606,2/22/2019 12:00:00 AM,2019,2,22,0,0,Friday,546019.7017,4803252.286,-80.431883,43.380738,Private Drive,2,P.D. only,On roadway,SMV,Daylight,Municipal,No control,Unknown,FALSE,FALSE,FALSE,Clear,FALSE,DOON SOUTH DR; DOON SOUTH DR; At; 1 M,10/24/2019 10:06:15 AM,546019.7017,4803252.286,Q1,Weekend,FALSE
5091,48572,19-044298,2/24/2019 12:00:00 AM,2019,2,24,0,0,Sunday,538196.5016,4809023.548,-80.528055,43.433142,Intersection,2,P.D. only,On roadway,SMV,Daylight,Municipal,No control,Functioning,FALSE,FALSE,FALSE,Clear,FALSE,BANKSIDE DR; BENESFORT DR,10/24/2019 10:06:18 AM,538196.5016,4809023.548,Q1,Weekend,FALSE
5092,48573,19-045399,2/26/2019 12:00:00 AM,2019,2,26,0,0,Tuesday,541444.4765,4810410.959,-80.48782,43.445462,Intersection,2,P.D. only,On roadway,SMV,Dawn,Regional,No control,Functioning,FALSE,FALSE,FALSE,Clear,FALSE,ST GEORGE ST; PETER ST,10/24/2019 10:06:19 AM,541444.4765,4810410.959,Q1,Working,FALSE
5093,48574,19-046322,2/27/2019 12:00:00 AM,2019,2,27,0,0,Wednesday,540294.1756,4806732.395,-80.502306,43.412403,Intersection,2,P.D. only,Off roadway,SMV,Daylight,Municipal,No control,Functioning,FALSE,FALSE,FALSE,Snow,FALSE,RISTAU CRES; DINISON CRES; At,10/24/2019 10:06:20 AM,540294.1756,4806732.395,Q1,Working,FALSE
5094,48575,19-047515,2/27/2019 12:00:00 AM,2019,2,27,0,0,Wednesday,543238.7207,4807282.91,-80.465894,43.417195,Private Drive,2,P.D. only,Other,SMV,Daylight,Regional,No control,Unknown,FALSE,FALSE,FALSE,Snow,FALSE,BRITTON PL; BRITTON PL; Near; 1 M,10/24/2019 10:06:22 AM,543238.7207,4807282.91,Q1,Working,FALSE
5095,48576,19-047898,3/1/2019 12:00:00 AM,2019,3,1,0,0,Friday,539002.515,4811281.201,-80.517935,43.453429,Intersection,1,Non-fatal injury,On roadway,Intersection,Daylight,Municipal,No control,Functioning,FALSE,FALSE,FALSE,Clear,FALSE,BELMONT AVE W; CLAREMONT AVE,10/24/2019 10:06:23 AM,539002.515,4811281.201,Q1,Weekend,FALSE
5096,48577,19-048180,3/1/2019 12:00:00 AM,2019,3,1,0,0,Friday,543568.7175,4804978.094,-80.462002,43.396424,Intersection,2,P.D. only,On roadway,Intersection,Daylight,Regional,No control,Functioning,FALSE,FALSE,FALSE,Clear,FALSE,HURON RD; BATTLER RD,10/24/2019 10:06:24 AM,543568.7175,4804978.094,Q1,Weekend,FALSE
5097,48578,19-049744,3/3/2019 12:00:00 AM,2019,3,3,0,0,Sunday,543548.3374,4811200.634,-80.461757,43.452453,Private Drive,2,P.D. only,Off roadway,SMV,Daylight,Municipal,No control,Unknown,FALSE,FALSE,FALSE,Clear,FALSE,DONALD ST; DONALD ST; At; 0 M,10/24/2019 10:06:26 AM,543548.3374,4811200.634,Q1,Weekend,FALSE
5098,48579,19-052649,3/7/2019 12:00:00 AM,2019,3,7,0,0,Thursday,543463.7981,4804693.808,-80.46332,43.39387,Private Drive,2,P.D. only,On roadway,Rear end,Daylight,Municipal,No control,Unknown,FALSE,FALSE,FALSE,Clear,FALSE,TEMPLEWOOD DR; TEMPLEWOOD DR; At; 1 M,10/24/2019 10:05:49 AM,543463.7981,4804693.808,Q1,Weekend,FALSE
5099,48580,19-053681,3/8/2019 12:00:00 AM,2019,3,8,0,0,Friday,536537.9627,4808249.513,-80.548599,43.426255,Private Drive,2,P.D. only,Off roadway,SMV,Daylight,Municipal,No control,Unknown,FALSE,FALSE,FALSE,Clear,FALSE,WESTMEADOW DR; WESTMEADOW DR; ; 4 M,10/24/2019 10:06:27 AM,536537.9627,4808249.513,Q1,Weekend,FALSE
5100,48581,19-055641,3/10/2019 12:00:00 AM,2019,3,10,0,0,Sunday,543545.997,4809132.624,-80.461951,43.433833,Non intersection,2,P.D. only,Off roadway,SMV,Dark,Municipal,No control,Unknown,FALSE,FALSE,FALSE,Clear,FALSE,CORNELL AVE; CORNELL AVE; ; 7 M,10/24/2019 10:06:28 AM,543545.997,4809132.624,Q1,Weekend,FALSE
5101,48582,19-060349,3/16/2019 12:00:00 AM,2019,3,16,0,0,Saturday,541649.9355,4809313.253,-80.485364,43.435567,Intersection,2,P.D. only,On roadway,Intersection,Daylight,Regional,No control,Functioning,FALSE,FALSE,FALSE,Clear,FALSE,MILL ST; HEIMAN ST,10/24/2019 10:06:29 AM,541649.9355,4809313.253,Q1,Weekend,FALSE
5102,48583,19-062187,3/17/2019 12:00:00 AM,2019,3,17,0,0,Sunday,540005.0136,4810954.669,-80.505568,43.450436,Private Drive,1,Non-fatal injury,On roadway,Intersection,Daylight,Municipal,No control,Unknown,FALSE,FALSE,FALSE,Clear,FALSE,PARK ST; STEWART ST; ; 50 M,10/24/2019 10:06:31 AM,540005.0136,4810954.669,Q1,Weekend,FALSE
5103,48584,19-064777,3/20/2019 12:00:00 AM,2019,3,20,0,0,Wednesday,540830.2596,4811684.694,-80.495315,43.456964,Non intersection,2,P.D. only,On roadway,Intersection,Daylight,Municipal,No control,Unknown,FALSE,TRUE,FALSE,Clear,FALSE,LOUISA ST; WEBER ST W; ; 15 M,10/24/2019 10:06:32 AM,540830.2596,4811684.694,Q1,Working,FALSE
5104,48585,19-064915,3/20/2019 12:00:00 AM,2019,3,20,0,0,Wednesday,542240.6552,4809532.798,-80.478048,43.43751,Non intersection,2,P.D. only,On roadway,Rear end,Dark,Regional,No control,Unknown,FALSE,FALSE,FALSE,Rain,FALSE,COURTLAND AVE E; ; At; 15 M,10/24/2019 10:06:33 AM,542240.6552,4809532.798,Q1,Working,FALSE
5105,48586,19-080693,4/8/2019 12:00:00 AM,2019,4,8,0,0,Monday,540639.5543,4800793.773,-80.498481,43.358912,Non intersection,1,Non-fatal injury,Off roadway,SMV,Daylight,Municipal,No control,Unknown,FALSE,FALSE,FALSE,Clear,FALSE,PLAINS RD; PLAINS RD; ; 10 M,10/24/2019 10:06:35 AM,540639.5543,4800793.773,Q2,Working,FALSE
5106,48587,19-096983,4/27/2019 12:00:00 AM,2019,4,27,0,0,Saturday,544755.1743,4808023.478,-80.447102,43.423775,Intersection,1,Non-fatal injury,On roadway,Intersection,Dark,Regional,No control,Functioning,FALSE,FALSE,FALSE,Clear,FALSE,WILSON AVE; TRAYNOR AVE,10/24/2019 10:06:37 AM,544755.1743,4808023.478,Q2,Weekend,FALSE
5107,48588,19-097248,4/28/2019 12:00:00 AM,2019,4,28,0,0,Sunday,542466.2149,4807015.055,-80.475457,43.414828,Private Drive,2,P.D. only,On roadway,SMV,Dawn,Municipal,No control,Unknown,FALSE,FALSE,FALSE,Clear,FALSE,CENTURY HILL DR; CENTURY HILL DR; ; 13 M,10/24/2019 10:06:39 AM,542466.2149,4807015.055,Q2,Weekend,FALSE
5108,48589,19-103255,5/5/2019 12:00:00 AM,2019,5,5,0,0,Sunday,545116.7083,4812046.428,-80.442304,43.459975,Non intersection,2,P.D. only,Off roadway,SMV,Daylight,Regional,No control,Unknown,FALSE,FALSE,FALSE,Clear,FALSE,LORRAINE AVE; CONFEDERATION DR; ; 10 M,10/24/2019 10:06:40 AM,545116.7083,4812046.428,Q2,Weekend,FALSE