,OBJECTID,ACCIDENTNUM,ACCIDENTDATE,ACCIDENT_YEAR,ACCIDENT_MONTH,ACCIDENT_DAY,ACCIDENT_HOUR,ACCIDENT_MINUTE,Accident_Day,XCOORD,YCOORD,LONGITUDE,LATITUDE,Accident_Location,COLLISIONTYPE,Accident_Type,Impact_Location,Impact_Type,Light,Road_Jurisdication,Traffic_Control,Traffic_Control_Condition,Pedestrian_Involved,Cyclist_Involved,Motorcyclist_Involved,Environment_Condition,Self_Reported,XMLIMPORTNOTES,LASTEDITEDDATE,x,y,Quarter,Day_Type,Vulnerable_Involved
5109,48590,19-110198,5/13/2019 12:00:00 AM,2019,5,13,0,0,Monday,542784.7315,4804145.448,-80.471748,43.388972,Intersection,1,Non-fatal injury,On roadway,Intersection,Daylight,Municipal,No control,Functioning,FALSE,FALSE,FALSE,Rain,FALSE,HURON RD; PARKVALE DR; At; 5 M,10/24/2019 10:06:42 AM,542784.7315,4804145.448,Q2,Working,FALSE
5110,48591,19-110984,5/14/2019 12:00:00 AM,2019,5,14,0,0,Tuesday,541151.5722,4810990.908,-80.491395,43.4507,Other,1,Non-fatal injury,Off roadway,SMV,Daylight,Regional,No control,Unknown,FALSE,FALSE,FALSE,Clear,FALSE,KING ST W; YOUNG ST; ; 70 M,10/24/2019 10:06:44 AM,541151.5722,4810990.908,Q2,Working,FALSE
5111,48592,19-116591,5/21/2019 12:00:00 AM,2019,5,21,0,0,Tuesday,541183.2934,4810692.108,-80.491026,43.448008,Intersection,2,P.D. only,Off roadway,SMV,Dark,Municipal,No control,Functioning,FALSE,FALSE,FALSE,Clear,FALSE,JOSEPH ST; QUEEN ST S; ; 3 M,10/24/2019 10:06:46 AM,541183.2934,4810692.108,Q2,Working,FALSE
5112,48593,19-118717,5/23/2019 12:00:00 AM,2019,5,23,0,0,Thursday,539111.7644,4811655.688,-80.516558,43.456795,Intersection,2,Non-reportable,On roadway,Rear end,Daylight,Regional,No control,Functioning,FALSE,FALSE,FALSE,Clear,FALSE,UNION BLVD; PARK ST; At,10/24/2019 10:06:47 AM,539111.7644,4811655.688,Q2,Weekend,FALSE
5113,48594,19-122946,5/28/2019 12:00:00 AM,2019,5,28,0,0,Tuesday,545052.9815,4807854.682,-80.443437,43.422237,Non intersection,1,Non-fatal injury,On roadway,Rear end,Daylight,Municipal,No control,Unknown,FALSE,FALSE,FALSE,Clear,FALSE,WILSON AVE; KINGSWAY DR; ; 20 M,10/24/2019 10:06:12 AM,545052.9815,4807854.682,Q2,Working,FALSE
5114,48595,19-124106,5/29/2019 12:00:00 AM,2019,5,29,0,0,Wednesday,540555.0917,4808570.822,-80.498947,43.428942,Intersection,1,Non-fatal injury,On roadway,SMV,Daylight,Municipal,No control,Functioning,TRUE,FALSE,FALSE,Clear,FALSE,GREENBROOK DR; LAKESIDE DR,10/24/2019 10:06:48 AM,540555.0917,4808570.822,Q2,Working,FALSE
5115,48596,19-124256,5/29/2019 12:00:00 AM,2019,5,29,0,0,Wednesday,543237.9299,4811479.778,-80.465572,43.454984,Non intersection,2,P.D. only,Off roadway,SMV,Dark,Regional,No control,Unknown,FALSE,FALSE,FALSE,Clear,FALSE,KRUG ST; KRUG ST; At; 1 M,10/24/2019 10:06:50 AM,543237.9299,4811479.778,Q2,Working,FALSE
5116,48597,19-126566,6/1/2019 12:00:00 AM,2019,6,1,0,0,Saturday,546184.9241,4804377.29,-80.429748,43.390857,Non intersection,2,P.D. only,On roadway,SMV,Daylight,Municipal,No control,Unknown,FALSE,FALSE,FALSE,Clear,FALSE,OLD CARRIAGE DR; OLD CARRIAGE DR; Near; 7 M,10/24/2019 10:06:51 AM,546184.9241,4804377.29,Q2,Weekend,FALSE
5117,48598,19-128142,6/3/2019 12:00:00 AM,2019,6,3,0,0,Monday,543536.9272,4809883.942,-80.462003,43.440598,Private Drive,1,Non-fatal injury,Off roadway,SMV,Daylight,Municipal,No control,Unknown,FALSE,FALSE,FALSE,Clear,FALSE,PRIVATE DRIVE; CLIFFORD RD; At; 1 M,10/24/2019 10:06:52 AM,543536.9272,4809883.942,Q2,Working,FALSE
5118,48599,19-128258,6/3/2019 12:00:00 AM,2019,6,3,0,0,Monday,539988.5439,4810783.675,-80.505784,43.448897,Non intersection,1,Non-fatal injury,Off roadway,SMV,Daylight,Municipal,No control,Unknown,FALSE,FALSE,FALSE,Clear,FALSE,CHERRY ST; CHERRY ST; At; 0 M,10/24/2019 10:06:53 AM,539988.5439,4810783.675,Q2,Working,FALSE
5119,48600,19-128289,6/3/2019 12:00:00 AM,2019,6,3,0,0,Monday,542744.1155,4806082.247,-80.472098,43.406413,Non intersection,2,P.D. only,On roadway,Intersection,Daylight,Regional,No control,Unknown,FALSE,FALSE,FALSE,Clear,FALSE,SHOEMAKER ST; STRASBURG RD; ; 200 M,10/24/2019 10:06:54 AM,542744.1155,4806082.247,Q2,Working,FALSE
5120,48601,19-129819,6/5/2019 12:00:00 AM,2019,6,5,0,0,Wednesday,539295.7361,4811575.052,-80.51429,43.456059,Intersection,1,Non-fatal injury,On roadway,Intersection,Daylight,Municipal,No control,Functioning,FALSE,FALSE,FALSE,Rain,FALSE,PARK ST; MT HOPE ST,10/24/2019 10:06:56 AM,539295.7361,4811575.052,Q2,Working,FALSE
5121,48602,19-129875,6/5/2019 12:00:00 AM,2019,6,5,0,0,Wednesday,541770.0073,4811056.017,-80.483747,43.451252,Non intersection,2,P.D. only,On roadway,SMV,Daylight,Municipal,No control,Unknown,FALSE,FALSE,FALSE,Clear,FALSE,PEARL PL; SCOTT ST; ; 5 M,10/24/2019 10:06:57 AM,541770.0073,4811056.017,Q2,Working,FALSE
5122,48603,19-129906,6/5/2019 12:00:00 AM,2019,6,5,0,0,Wednesday,542785.4943,4804146.604,-80.471738,43.388982,Intersection,1,Non-fatal injury,On roadway,Intersection,Daylight,Regional,No control,Functioning,FALSE,FALSE,FALSE,Rain,FALSE,HURON RD; PARKVALE DR,10/24/2019 10:06:43 AM,542785.4942,4804146.604,Q2,Working,FALSE
5123,48604,19-130977,6/6/2019 12:00:00 AM,2019,6,6,0,0,Thursday,540775.8074,4809830.268,-80.496126,43.44027,Non intersection,1,Non-fatal injury,On roadway,Rear end,Daylight,Municipal,No control,Unknown,FALSE,FALSE,FALSE,Clear,FALSE,HIGHLAND RD E; RUBY ST; Near; 8 M,10/24/2019 10:06:58 AM,540775.8074,4809830.268,Q2,Weekend,FALSE
5124,48605,19-131104,6/6/2019 12:00:00 AM,2019,6,6,0,0,Thursday,542261.4174,4806121.756,-80.478056,43.406796,Private Drive,2,P.D. only,Off roadway,SMV,Dusk,Regional,No control,Unknown,FALSE,FALSE,FALSE,Clear,FALSE,THE COUNTRY WAY; THE COUNTRY WAY; At; 5 M,10/24/2019 10:07:00 AM,542261.4174,4806121.756,Q2,Weekend,FALSE
5125,48606,19-132094,6/7/2019 12:00:00 AM,2019,6,7,0,0,Friday,544057.9523,4804179.216,-80.456025,43.389202,Intersection,1,Non-fatal injury,On roadway,Intersection,Dusk,Municipal,No control,Functioning,FALSE,FALSE,FALSE,Clear,FALSE,BIEHN DR; ROBERTSON CRES,10/24/2019 10:07:01 AM,544057.9523,4804179.216,Q2,Weekend,FALSE
5126,48607,19-132226,6/7/2019 12:00:00 AM,2019,6,7,0,0,Friday,543689.9173,4813019.95,-80.459862,43.468826,Non intersection,2,P.D. only,On roadway,Rear end,Dark,Municipal,No control,Unknown,FALSE,FALSE,FALSE,Clear,FALSE,SHIRLEY AVE; SHIRLEY AVE; At; 0 M,10/24/2019 10:07:03 AM,543689.9173,4813019.951,Q2,Weekend,FALSE
5127,48608,19-132941,6/8/2019 12:00:00 AM,2019,6,8,0,0,Saturday,540566.0314,4810275.082,-80.498685,43.444287,Non intersection,2,P.D. only,On roadway,SMV,Daylight,Municipal,No control,Unknown,FALSE,FALSE,FALSE,Clear,FALSE,DILL ST; DAVID ST; Near; 100 M,10/24/2019 10:07:05 AM,540566.0314,4810275.082,Q2,Weekend,FALSE
5128,48609,19-134965,6/10/2019 12:00:00 AM,2019,6,10,0,0,Monday,539699.5877,4811080.182,-80.509334,43.451582,Intersection,2,P.D. only,On roadway,SMV,Dark,Municipal,No control,Unknown,FALSE,FALSE,FALSE,Clear,FALSE,STRANGE ST; DOMINION ST,10/24/2019 10:07:07 AM,539699.5877,4811080.182,Q2,Working,FALSE
5129,48610,19-135277,6/11/2019 12:00:00 AM,2019,6,11,0,0,Tuesday,539080.3271,4811110.77,-80.516985,43.45189,Intersection,1,Non-fatal injury,Off roadway,Intersection,Daylight,Regional,No control,Unknown,TRUE,TRUE,FALSE,Clear,FALSE,BELMONT AVE W; BELMONT AVE W; At; 0 K,10/24/2019 10:07:08 AM,539080.3271,4811110.77,Q2,Working,FALSE
5130,48611,19-135726,6/11/2019 12:00:00 AM,2019,6,11,0,0,Tuesday,541324.6073,4810864.608,-80.489266,43.449553,Non intersection,2,P.D. only,On roadway,Intersection,Daylight,Regional,No control,Unknown,FALSE,FALSE,FALSE,Clear,FALSE,20 QUEEN ST S; KING ST W,10/24/2019 10:07:17 AM,541324.6073,4810864.608,Q2,Working,FALSE
5131,48612,19-137072,6/13/2019 12:00:00 AM,2019,6,13,0,0,Thursday,541266.4777,4809003.768,-80.490126,43.432801,Private Drive,1,Non-fatal injury,On roadway,Other,Daylight,Municipal,No control,Unknown,FALSE,FALSE,FALSE,Rain,FALSE,PPRIVATE DRIVE; HEIMAN ST; At; 2 M,10/24/2019 10:07:19 AM,541266.4777,4809003.768,Q2,Weekend,FALSE
5132,48613,19-137538,6/13/2019 12:00:00 AM,2019,6,13,0,0,Thursday,542096.7516,4804324.831,-80.480228,43.390626,Intersection,1,Non-fatal injury,On roadway,Intersection,Daylight,Regional,No control,Functioning,FALSE,TRUE,FALSE,Clear,FALSE,BIANCA CRT; SORRENTO ST,10/24/2019 10:07:20 AM,542096.7516,4804324.831,Q2,Weekend,FALSE
5133,48614,19-137588,6/13/2019 12:00:00 AM,2019,6,13,0,0,Thursday,543537.5894,4804939.724,-80.462389,43.39608,Private Drive,2,P.D. only,On roadway,Intersection,Daylight,Municipal,No control,Unknown,FALSE,FALSE,FALSE,Clear,FALSE,HURON RD; HURON RD; At; 1 M,10/24/2019 10:07:21 AM,543537.5894,4804939.724,Q2,Weekend,FALSE
5134,48615,19-138017,6/14/2019 12:00:00 AM,2019,6,14,0,0,Friday,542447.1505,4807282.375,-80.475672,43.417236,Intersection,2,P.D. only,On roadway,Intersection,Daylight,Regional,No control,Functioning,FALSE,FALSE,FALSE,Clear,FALSE,BLOCK LINE RD; COUNTRY HILL DR; At,10/24/2019 10:07:22 AM,542447.1504,4807282.375,Q2,Weekend,FALSE
5135,48616,19-138255,6/14/2019 12:00:00 AM,2019,6,14,0,0,Friday,545119.3772,4807679.695,-80.442632,43.420657,Private Drive,2,P.D. only,On roadway,Rear end,Daylight,Regional,No control,Unknown,FALSE,FALSE,FALSE,Clear,FALSE,WILSON AVE; FAIRWAY RD S; Near; 1 M,10/24/2019 10:07:24 AM,545119.3772,4807679.695,Q2,Weekend,FALSE
5136,48617,19-139503,6/15/2019 12:00:00 AM,2019,6,15,0,0,Saturday,543757.0761,4806542.74,-80.459551,43.410501,Non intersection,2,P.D. only,On roadway,Rear end,Dark,Regional,No control,Unknown,FALSE,FALSE,FALSE,Clear,FALSE,BLEAMS RD; HOMER WATSON BLVD; Near; 300 M,10/24/2019 10:07:25 AM,543757.0761,4806542.74,Q2,Weekend,FALSE
5137,48618,19-139720,6/16/2019 12:00:00 AM,2019,6,16,0,0,Sunday,537216.4153,4809544.601,-80.540129,43.437883,Non intersection,1,Non-fatal injury,On roadway,SMV,Daylight,Municipal,No control,Unknown,FALSE,FALSE,FALSE,Clear,FALSE,LENNOX CRES; LENNOX CRES; Near; 45 M,10/24/2019 10:07:26 AM,537216.4152,4809544.601,Q2,Weekend,FALSE
5138,48619,19-141626,6/18/2019 12:00:00 AM,2019,6,18,0,0,Tuesday,545850.8214,4809757.219,-80.433422,43.439319,Intersection,1,Non-fatal injury,On roadway,Rear end,Daylight,Regional,No control,Unknown,FALSE,FALSE,FALSE,Clear,FALSE,RIVER RD E; OLD CHICOPEE DR,10/24/2019 10:07:28 AM,545850.8214,4809757.219,Q2,Working,FALSE
5139,48620,19-141797,6/18/2019 12:00:00 AM,2019,6,18,0,0,Tuesday,546456.2832,4810998.9,-80.425835,43.450462,Private Drive,1,Non-fatal injury,Off roadway,SMV,Daylight,Other,No control,Unknown,TRUE,FALSE,FALSE,Clear,FALSE,WENDY CRT; WENDY CRT; At; 1 M,10/24/2019 10:07:15 AM,546456.2832,4810998.9,Q2,Working,FALSE
5140,48621,19-143108,6/20/2019 12:00:00 AM,2019,6,20,0,0,Thursday,543702.8589,4812050.544,-80.459779,43.460096,Non intersection,2,P.D. only,Off roadway,SMV,Dark,Regional,No control,Unknown,FALSE,FALSE,FALSE,Rain,FALSE,RIVER RD E; RIVER RD E; At; 1 M,10/24/2019 10:07:27 AM,543702.8589,4812050.544,Q2,Weekend,FALSE
5141,48622,19-143363,6/20/2019 12:00:00 AM,2019,6,20,0,0,Thursday,542110.8035,4812326.628,-80.479437,43.462673,Intersection,2,P.D. only,On roadway,Intersection,Daylight,Regional,No control,Functioning,FALSE,FALSE,FALSE,Clear,FALSE,WELLINGTON ST N; SPRING VALLEY DR; Near; 1 M,10/24/2019 10:07:31 AM,542110.8035,4812326.628,Q2,Weekend,FALSE
5142,48623,19-144048,6/21/2019 12:00:00 AM,2019,6,21,0,0,Friday,542010.8027,4810483.624,-80.480815,43.446085,Intersection,2,P.D. only,On roadway,Intersection,Daylight,Regional,No control,Functioning,FALSE,FALSE,FALSE,Clear,FALSE,CAMERON ST S; KING ST E,10/24/2019 10:07:32 AM,542010.8027,4810483.624,Q2,Weekend,FALSE
5143,48624,19-144481,6/21/2019 12:00:00 AM,2019,6,21,0,0,Friday,539404.0786,4810382.649,-80.513037,43.445317,Intersection,2,P.D. only,Off roadway,SMV,Daylight,Regional,No control,Unknown,FALSE,FALSE,FALSE,Clear,FALSE,BELMONT AVE W; KARN ST,10/24/2019 10:07:33 AM,539404.0786,4810382.649,Q2,Weekend,FALSE
5144,48625,19-144687,6/14/2019 12:00:00 AM,2019,6,14,0,0,Friday,545275.2389,4806434.611,-80.44081,43.409437,Intersection,2,P.D. only,On roadway,Intersection,Daylight,Municipal,No control,Functioning,FALSE,FALSE,FALSE,Clear,FALSE,WILSON AVE; WABANAKI DR; ; 0 M,10/24/2019 10:07:36 AM,545275.2389,4806434.612,Q2,Weekend,FALSE
5145,48626,19-144992,6/22/2019 12:00:00 AM,2019,6,22,0,0,Saturday,538063.375,4808311.612,-80.529749,43.426739,Intersection,1,Non-fatal injury,Off roadway,SMV,Dawn,Municipal,No control,Functioning,FALSE,FALSE,FALSE,Clear,FALSE,WESTHEIGHTS DR; QUEENS BLVD,10/24/2019 10:07:40 AM,538063.375,4808311.612,Q2,Weekend,FALSE
5146,48627,19-145585,6/22/2019 12:00:00 AM,2019,6,22,0,0,Saturday,544805.8734,4805155.633,-80.446711,43.397949,Intersection,2,Other,On roadway,Intersection,Daylight,Municipal,No control,Functioning,FALSE,FALSE,FALSE,Clear,FALSE,DOON VILLAGE RD; MILLWOOD CRES,10/24/2019 10:07:41 AM,544805.8734,4805155.633,Q2,Weekend,FALSE
5147,48628,19-146077,6/23/2019 12:00:00 AM,2019,6,23,0,0,Sunday,543442.3013,4811580.48,-80.463038,43.455879,Intersection,1,Non-fatal injury,On roadway,Rear end,Daylight,Municipal,No control,Unknown,FALSE,FALSE,FALSE,Clear,FALSE,KRUG ST; CAMBRIDGE AVE,10/24/2019 10:07:42 AM,543442.3013,4811580.48,Q2,Weekend,FALSE
5148,48629,19-147119,6/24/2019 12:00:00 AM,2019,6,24,0,0,Monday,540375.2468,4809643.966,-80.50109,43.438614,Non intersection,1,Non-fatal injury,On roadway,Intersection,Daylight,Municipal,No control,Unknown,FALSE,FALSE,FALSE,Clear,FALSE,QUEENS BLVD; QUEENS BLVD; ; 5 M,10/24/2019 10:07:37 AM,540375.2468,4809643.966,Q2,Working,FALSE
5149,48630,19-147422,6/24/2019 12:00:00 AM,2019,6,24,0,0,Monday,542107.2022,4807129.003,-80.479883,43.415874,Intersection,2,P.D. only,On roadway,Intersection,Dark,Municipal,No control,Functioning,FALSE,FALSE,FALSE,Rain,FALSE,STRASBURG RD; BLOCK LINE RD; At,10/24/2019 10:07:44 AM,542107.2022,4807129.003,Q2,Working,FALSE
5150,48631,19-148806,6/26/2019 12:00:00 AM,2019,6,26,0,0,Wednesday,544780.3842,4805277.631,-80.447016,43.399049,Intersection,1,Non-fatal injury,On roadway,Intersection,Daylight,Municipal,No control,Functioning,FALSE,FALSE,FALSE,Clear,FALSE,DOON VILLAGE RD; MILLWOOD CRES,10/24/2019 10:07:45 AM,544780.3842,4805277.631,Q2,Working,FALSE
5151,48632,19-148824,6/26/2019 12:00:00 AM,2019,6,26,0,0,Wednesday,541184.5402,4810692.24,-80.491011,43.448009,Intersection,2,P.D. only,Off roadway,Intersection,Daylight,Municipal,No control,Unknown,FALSE,TRUE,FALSE,Clear,FALSE,JOSEPH ST; QUEEN ST S; ; 2 M,10/24/2019 10:07:46 AM,541184.5402,4810692.24,Q2,Working,FALSE
5152,48633,19-148938,6/26/2019 12:00:00 AM,2019,6,26,0,0,Wednesday,538294.1902,4809842.844,-80.52679,43.440514,Intersection,2,P.D. only,Off roadway,SMV,Daylight,Regional,No control,Functioning,FALSE,FALSE,FALSE,Clear,FALSE,CHOPIN DR; HAZELGLEN DR; At; 17 M,10/24/2019 10:07:47 AM,538294.1902,4809842.844,Q2,Working,FALSE
5153,48634,19-149096,6/26/2019 12:00:00 AM,2019,6,26,0,0,Wednesday,538591.1076,4808650.659,-80.523206,43.429765,Private Drive,1,Non-fatal injury,On roadway,Intersection,Daylight,Municipal,No control,Unknown,FALSE,FALSE,FALSE,Clear,FALSE,OVERLEA CRES; OVERLEA CRES; Near; 0 M,10/24/2019 10:07:48 AM,538591.1076,4808650.66,Q2,Working,FALSE
5154,48635,19-151874,6/29/2019 12:00:00 AM,2019,6,29,0,0,Saturday,542043.9335,4804223.133,-80.480888,43.389713,Non intersection,1,Non-fatal injury,On roadway,SMV,Daylight,Municipal,No control,Unknown,FALSE,FALSE,FALSE,Clear,FALSE,PARKVALE DR; PARKVALE DR; Near; 10 M,10/24/2019 10:07:50 AM,542043.9335,4804223.133,Q2,Weekend,FALSE
5155,48636,19-152764,6/30/2019 12:00:00 AM,2019,6,30,0,0,Sunday,545053.7049,4811499.039,-80.443128,43.45505,Other,2,P.D. only,Off roadway,SMV,Daylight,Other,No control,Unknown,FALSE,FALSE,FALSE,Clear,FALSE,OLD YORK CRES,10/24/2019 10:07:51 AM,545053.7049,4811499.039,Q2,Weekend,FALSE
5156,48637,19-155079,7/3/2019 12:00:00 AM,2019,7,3,0,0,Wednesday,544719.6525,4808596.703,-80.447494,43.428938,Non intersection,2,P.D. only,On roadway,Other,Daylight,Municipal,No control,Unknown,FALSE,FALSE,FALSE,Clear,FALSE,CONNAUGHT ST; CARROL ST; Near; 15 M,10/24/2019 10:07:53 AM,544719.6525,4808596.703,Q3,Working,FALSE
5157,48638,19-157158,7/5/2019 12:00:00 AM,2019,7,5,0,0,Friday,543429.4429,4807179.548,-80.463547,43.416254,Private Drive,2,P.D. only,On roadway,SMV,Daylight,Municipal,No control,Unknown,FALSE,FALSE,FALSE,Clear,FALSE,BRISBANE DR; BRISBANE DR; At; 2 M,10/24/2019 10:07:54 AM,543429.4429,4807179.548,Q3,Weekend,FALSE
5158,48639,19-157179,7/5/2019 12:00:00 AM,2019,7,5,0,0,Friday,548157.297,4804447.988,-80.40539,43.39137,Other,2,Other,Off roadway,SMV,Daylight,Other,Sign Control,Functioning,FALSE,FALSE,FALSE,Clear,FALSE,THROUGH ROAD; DOON VALLEY DR; At; 300 M,10/24/2019 10:07:14 AM,548157.297,4804447.988,Q3,Weekend,FALSE
5159,48640,19-157645,7/6/2019 12:00:00 AM,2019,7,6,0,0,Saturday,539088.733,4810784.3,-80.516905,43.44895,Intersection,2,P.D. only,Off roadway,SMV,Daylight,Municipal,No control,Unknown,FALSE,FALSE,FALSE,Clear,FALSE,BRANDON AVE; MARINA RD,10/24/2019 10:07:56 AM,539088.733,4810784.3,Q3,Weekend,FALSE
5160,48641,19-157737,7/6/2019 12:00:00 AM,2019,7,6,0,0,Saturday,541342.2885,4809065.459,-80.489184,43.433353,Intersection,2,P.D. only,On roadway,Intersection,Daylight,Municipal,No control,Functioning,FALSE,FALSE,FALSE,Clear,FALSE,HIGHLAND RD E; HEIMAN ST,10/24/2019 10:07:57 AM,541342.2885,4809065.459,Q3,Weekend,FALSE
5161,48642,19-158094,7/6/2019 12:00:00 AM,2019,7,6,0,0,Saturday,538071.6952,4807550.183,-80.5297,43.419882,Intersection,2,P.D. only,On roadway,Rear end,Daylight,Municipal,No control,Functioning,FALSE,FALSE,FALSE,Clear,FALSE,WESTHEIGHTS DR; MCGARRY DR,10/24/2019 10:08:00 AM,538071.6952,4807550.183,Q3,Weekend,FALSE
5162,48643,19-158700,7/7/2019 12:00:00 AM,2019,7,7,0,0,Sunday,539560.745,4809022.455,-80.511199,43.433062,Non intersection,1,Non-fatal injury,On roadway,SMV,Daylight,Municipal,No control,Unknown,FALSE,FALSE,FALSE,Clear,FALSE,QUEENS BLVD; WESTMOUNT RD E; ; 100 M,10/24/2019 10:07:38 AM,539560.745,4809022.455,Q3,Weekend,FALSE
5163,48644,19-161341,7/10/2019 12:00:00 AM,2019,7,10,0,0,Wednesday,539703.2367,4810376.945,-80.50934,43.44525,Other,1,Non-fatal injury,Off roadway,Intersection,Daylight,Other,No control,Unknown,FALSE,TRUE,FALSE,Clear,FALSE,PATRICIA AVE; ; At,10/24/2019 10:07:13 AM,539703.2367,4810376.945,Q3,Working,FALSE
5164,48645,19-162189,7/11/2019 12:00:00 AM,2019,7,11,0,0,Thursday,542559.6044,4812550.404,-80.473872,43.464663,Intersection,1,Non-fatal injury,On roadway,Intersection,Daylight,Municipal,No control,Functioning,FALSE,FALSE,FALSE,Clear,FALSE,WELLINGTON ST N; 85 S OFF TO WELLINGTON ST N,10/24/2019 10:07:30 AM,542559.6044,4812550.404,Q3,Weekend,FALSE
5165,48646,19-163012,7/12/2019 12:00:00 AM,2019,7,12,0,0,Friday,542307.2895,4811038.799,-80.477108,43.451067,Intersection,2,P.D. only,On roadway,Intersection,Daylight,Regional,No control,Functioning,FALSE,FALSE,FALSE,Clear,FALSE,KRUG ST; SAMUEL ST; At; 5 M,10/24/2019 10:08:01 AM,542307.2895,4811038.799,Q3,Weekend,FALSE
5166,48647,19-163225,7/12/2019 12:00:00 AM,2019,7,12,0,0,Friday,544896.957,4811396.191,-80.445073,43.454134,Non intersection,1,Non-fatal injury,On roadway,Intersection,Daylight,Municipal,No control,Unknown,FALSE,FALSE,FALSE,Clear,FALSE,BRECKENRIDGE DR; 50 BRECKENRIDGE DR; At; 5 M,10/24/2019 10:08:04 AM,544896.957,4811396.191,Q3,Weekend,FALSE
5167,48648,19-163328,7/12/2019 12:00:00 AM,2019,7,12,0,0,Friday,547357.4053,4804245.239,-80.415284,43.389595,Intersection,2,P.D. only,Off roadway,SMV,Dusk,Municipal,No control,Functioning,FALSE,FALSE,FALSE,Clear,FALSE,PRIVATE LAWN; PINNACLE DR; Near; 6 M,10/24/2019 10:08:08 AM,547357.4053,4804245.24,Q3,Weekend,FALSE
5168,48649,19-165130,7/15/2019 12:00:00 AM,2019,7,15,0,0,Monday,545094.1675,4808424.49,-80.442882,43.427365,Private Drive,2,P.D. only,Off roadway,SMV,Dark,Municipal,No control,Unknown,FALSE,FALSE,FALSE,Clear,FALSE,CEDARWOODS CRES; CEDARWOODS CRES; At; 5 M,10/24/2019 10:08:09 AM,545094.1675,4808424.49,Q3,Working,FALSE
5169,48650,19-168364,7/18/2019 12:00:00 AM,2019,7,18,0,0,Thursday,543663.8528,4804889.284,-80.460834,43.395618,Intersection,2,P.D. only,On roadway,SMV,Daylight,Regional,No control,Functioning,FALSE,FALSE,FALSE,Clear,FALSE,OLD HURON RD; BATTLER RD; Near; 30 M,10/24/2019 10:08:10 AM,543663.8528,4804889.284,Q3,Weekend,FALSE
5170,48651,19-168969,7/19/2019 12:00:00 AM,2019,7,19,0,0,Friday,541637.9844,4805541.407,-80.485799,43.401605,Intersection,1,Non-fatal injury,On roadway,Intersection,Daylight,Municipal,No control,Functioning,FALSE,TRUE,FALSE,Clear,FALSE,WASHBURN DR; TRILLIUM DR,10/24/2019 10:08:12 AM,541637.9844,4805541.407,Q3,Weekend,FALSE
5171,48652,19-169359,7/20/2019 12:00:00 AM,2019,7,20,0,0,Saturday,544014.8901,4808542.598,-80.456206,43.428493,Intersection,1,Non-fatal injury,Off roadway,SMV,Dark,Municipal,No control,Functioning,FALSE,FALSE,FALSE,Clear,FALSE,WILSON AVE; FOURTH AVE,10/24/2019 10:08:14 AM,544014.8901,4808542.598,Q3,Weekend,FALSE
5172,48653,19-169706,7/20/2019 12:00:00 AM,2019,7,20,0,0,Saturday,540824.1023,4811303.177,-80.495419,43.45353,Non intersection,1,Non-fatal injury,Off roadway,SMV,Daylight,Regional,No control,Unknown,FALSE,FALSE,FALSE,Clear,FALSE,DUKE ST W; VICTORIA ST N; Near; 75 M,10/24/2019 10:08:16 AM,540824.1023,4811303.177,Q3,Weekend,FALSE
5173,48654,19-169713,7/20/2019 12:00:00 AM,2019,7,20,0,0,Saturday,538627.4809,4807727.084,-80.522822,43.421447,Intersection,1,Non-fatal injury,On roadway,Rear end,Daylight,Regional,No control,Unknown,FALSE,FALSE,FALSE,Clear,FALSE,MCGARRY DR; PINEHURST CRES,10/24/2019 10:08:18 AM,538627.4809,4807727.084,Q3,Weekend,FALSE
5174,48655,19-170335,7/21/2019 12:00:00 AM,2019,7,21,0,0,Sunday,542670.1672,4806929.115,-80.472945,43.414042,Intersection,1,Non-fatal injury,Off roadway,SMV,Dark,Municipal,No control,Functioning,FALSE,FALSE,FALSE,Clear,FALSE,OLD COUNTRY DR; COUNTRY HILL DR,10/24/2019 10:08:20 AM,542670.1672,4806929.115,Q3,Weekend,FALSE
5175,48656,19-170751,7/21/2019 12:00:00 AM,2019,7,21,0,0,Sunday,539640.2019,4807404.395,-80.510335,43.418488,Private Drive,2,P.D. only,On roadway,Rear end,Daylight,Regional,No control,Unknown,FALSE,FALSE,FALSE,Clear,FALSE,VALLEYVIEW RD; VALLEYVIEW RD; At; 10 M,10/24/2019 10:08:21 AM,539640.2019,4807404.395,Q3,Weekend,FALSE
5176,48657,19-171657,7/22/2019 12:00:00 AM,2019,7,22,0,0,Monday,546857.4946,4811246.608,-80.420855,43.452667,Non intersection,2,P.D. only,On roadway,Intersection,Daylight,Regional,No control,Unknown,FALSE,FALSE,FALSE,Clear,FALSE,ZELLER DR; JANET CRT; ; 30 M,10/24/2019 10:08:22 AM,546857.4946,4811246.608,Q3,Working,FALSE
5177,48658,19-173088,7/24/2019 12:00:00 AM,2019,7,24,0,0,Wednesday,548346.8428,4804583.127,-80.403038,43.392575,Non intersection,1,Non-fatal injury,On roadway,Intersection,Daylight,Municipal,No control,Unknown,FALSE,FALSE,FALSE,Clear,FALSE,DOON VALLEY DR; DOON VALLEY DR; At; 2 M,10/24/2019 10:08:06 AM,548346.8428,4804583.127,Q3,Working,FALSE
5178,48659,19-173400,7/24/2019 12:00:00 AM,2019,7,24,0,0,Wednesday,537355.2583,4809950.867,-80.538385,43.441534,Private Drive,1,Non-fatal injury,On roadway,SMV,Daylight,Municipal,No control,Unknown,TRUE,FALSE,FALSE,Clear,FALSE,WESTWOOD DR; WESTWOOD DR; At; 1 M,10/24/2019 10:08:23 AM,537355.2583,4809950.867,Q3,Working,FALSE
5179,48660,19-173928,7/25/2019 12:00:00 AM,2019,7,25,0,0,Thursday,537511.4627,4808815.997,-80.536533,43.431308,Private Drive,2,P.D. only,Off roadway,SMV,Daylight,Other,No control,Unknown,FALSE,FALSE,FALSE,Clear,FALSE,EASTFOREST TRAIL; EASTFOREST TRAIL; ; 9 M,10/24/2019 10:08:25 AM,537511.4627,4808815.997,Q3,Weekend,FALSE