,OBJECTID,ACCIDENTNUM,ACCIDENTDATE,ACCIDENT_YEAR,ACCIDENT_MONTH,ACCIDENT_DAY,ACCIDENT_HOUR,ACCIDENT_MINUTE,Accident_Day,XCOORD,YCOORD,LONGITUDE,LATITUDE,Accident_Location,COLLISIONTYPE,Accident_Type,Impact_Location,Impact_Type,Light,Road_Jurisdication,Traffic_Control,Traffic_Control_Condition,Pedestrian_Involved,Cyclist_Involved,Motorcyclist_Involved,Environment_Condition,Self_Reported,XMLIMPORTNOTES,LASTEDITEDDATE,x,y,Quarter,Day_Type,Vulnerable_Involved
5180,48661,19-176123,7/27/2019 12:00:00 AM,2019,7,27,0,0,Saturday,548005.5212,4806203.428,-80.40711,43.407186,Non intersection,2,P.D. only,On roadway,SMV,Daylight,Municipal,No control,Unknown,FALSE,FALSE,FALSE,Clear,FALSE,DEER RIDGE DR; DEER RIDGE DR; At; 1 M,10/24/2019 10:08:29 AM,548005.5212,4806203.428,Q3,Weekend,FALSE
5181,48662,19-176312,7/27/2019 12:00:00 AM,2019,7,27,0,0,Saturday,538369.3814,4809770.229,-80.525866,43.439857,Non intersection,2,P.D. only,Off roadway,SMV,Dark,Municipal,No control,Unknown,FALSE,FALSE,FALSE,Clear,FALSE,HAZELGLEN DR; HAZELGLEN DR; At; 6 M,10/24/2019 10:08:30 AM,538369.3814,4809770.229,Q3,Weekend,FALSE
5182,48663,19-176682,7/28/2019 12:00:00 AM,2019,7,28,0,0,Sunday,543584.4789,4804802.096,-80.461821,43.394838,Intersection,2,P.D. only,On roadway,SMV,Dawn,Municipal,No control,Functioning,FALSE,FALSE,FALSE,Clear,FALSE,OLD HURON RD; MARIANNE DORN TRAIL; At,10/24/2019 10:08:31 AM,543584.4789,4804802.096,Q3,Weekend,FALSE
5183,48664,19-177734,7/29/2019 12:00:00 AM,2019,7,29,0,0,Monday,541074.6592,4813134.195,-80.492184,43.470002,Non intersection,2,P.D. only,Off roadway,SMV,Daylight,Municipal,No control,Unknown,FALSE,FALSE,FALSE,Clear,FALSE,UNION ST; UNION ST; Near; 1 M,10/24/2019 10:08:33 AM,541074.6592,4813134.195,Q3,Working,FALSE
5184,48665,19-177887,7/29/2019 12:00:00 AM,2019,7,29,0,0,Monday,542581.4422,4810126.708,-80.473791,43.442839,Intersection,2,P.D. only,On roadway,Rear end,Dark,Regional,No control,Functioning,FALSE,FALSE,FALSE,Rain,FALSE,KING ST E; BORDEN AVE N; At,10/24/2019 10:08:34 AM,542581.4422,4810126.708,Q3,Working,FALSE
5185,48666,19-179973,8/1/2019 12:00:00 AM,2019,8,1,0,0,Thursday,542905.5876,4812718.048,-80.469582,43.466153,Intersection,1,Non-fatal injury,On roadway,Intersection,Daylight,Municipal,No control,Functioning,FALSE,FALSE,FALSE,Clear,FALSE,WELLINGTON ST N; 85 N OFF TO WELLINGTON ST N N,10/24/2019 10:08:37 AM,542905.5876,4812718.048,Q3,Weekend,FALSE
5186,48667,19-180519,8/1/2019 12:00:00 AM,2019,8,1,0,0,Thursday,539675.8373,4806484.958,-80.509961,43.410208,Intersection,1,Non-fatal injury,On roadway,Intersection,Daylight,Municipal,No control,Functioning,FALSE,TRUE,FALSE,Clear,FALSE,WILDERNESS DR; ACTIVA AVE,10/24/2019 10:08:38 AM,539675.8373,4806484.958,Q3,Weekend,FALSE
5187,48668,19-181902,8/3/2019 12:00:00 AM,2019,8,3,0,0,Saturday,541359.6462,4808641.96,-80.489002,43.429538,Intersection,1,Non-fatal injury,On roadway,Intersection,Daylight,Regional,No control,Functioning,FALSE,FALSE,FALSE,Clear,FALSE,HOMER WATSON BLVD; HOFFMAN ST,10/24/2019 10:08:39 AM,541359.6462,4808641.96,Q3,Weekend,FALSE
5188,48669,19-186676,8/9/2019 12:00:00 AM,2019,8,9,0,0,Friday,541509.1578,4809198.951,-80.487112,43.434545,Intersection,1,Non-fatal injury,On roadway,Rear end,Daylight,Municipal,No control,Unknown,FALSE,FALSE,FALSE,Clear,FALSE,KEHL ST; HEIMAN ST; ; 20 M,10/24/2019 10:08:41 AM,541509.1578,4809198.951,Q3,Weekend,FALSE
5189,48670,19-187927,8/11/2019 12:00:00 AM,2019,8,11,0,0,Sunday,542855.9795,4803897.478,-80.470887,43.386735,Non intersection,2,P.D. only,On roadway,SMV,Dark,Regional,No control,Unknown,FALSE,FALSE,FALSE,Clear,FALSE,TUDOR ST; TUDOR ST; Near; 30 M,10/24/2019 10:08:42 AM,542855.9795,4803897.478,Q3,Weekend,FALSE
5190,48671,19-188290,8/11/2019 12:00:00 AM,2019,8,11,0,0,Sunday,546063.1918,4809493.42,-80.43082,43.436931,Intersection,2,P.D. only,On roadway,Intersection,Daylight,Regional,No control,Functioning,FALSE,FALSE,FALSE,Clear,FALSE,KINZIE AVE; RIVER RD E; ; 0 M,10/24/2019 10:08:43 AM,546063.1918,4809493.42,Q3,Weekend,FALSE
5191,48672,19-188911,8/12/2019 12:00:00 AM,2019,8,12,0,0,Monday,542626.5511,4804000.231,-80.473712,43.387673,Intersection,2,P.D. only,On roadway,Rear end,Daylight,Regional,No control,Functioning,FALSE,FALSE,FALSE,Clear,FALSE,HURON RD; FEATHERSTONE ST,10/24/2019 10:08:46 AM,542626.5511,4804000.231,Q3,Working,FALSE
5192,48673,19-188967,8/12/2019 12:00:00 AM,2019,8,12,0,0,Monday,544778.9168,4804997.654,-80.447057,43.396528,Non intersection,2,P.D. only,On roadway,Rear end,Daylight,Municipal,No control,Unknown,FALSE,FALSE,FALSE,Clear,FALSE,MILLWOOD CRES; DOON VALLEY DR; ; 50 M,10/24/2019 10:08:47 AM,544778.9168,4804997.654,Q3,Working,FALSE
5193,48674,19-190812,8/14/2019 12:00:00 AM,2019,8,14,0,0,Wednesday,541662.3169,4810408.969,-80.485128,43.445432,Intersection,2,P.D. only,On roadway,Intersection,Daylight,Regional,No control,Functioning,FALSE,FALSE,FALSE,Clear,FALSE,CEDAR ST S; CHURCH ST,10/24/2019 10:08:48 AM,541662.3169,4810408.97,Q3,Working,FALSE
5194,48675,19-191351,8/15/2019 12:00:00 AM,2019,8,15,0,0,Thursday,541256.4078,4811455.629,-80.490065,43.454879,Intersection,1,Non-fatal injury,Off roadway,SMV,Daylight,Municipal,No control,Functioning,FALSE,FALSE,FALSE,Clear,FALSE,AHRENS ST W; MAYNARD AVE,10/24/2019 10:08:49 AM,541256.4078,4811455.629,Q3,Weekend,FALSE
5195,48676,19-191413,8/15/2019 12:00:00 AM,2019,8,15,0,0,Thursday,542444.2344,4811614.471,-80.475371,43.456242,Non intersection,2,P.D. only,Off roadway,SMV,Daylight,Regional,No control,Unknown,FALSE,FALSE,FALSE,Clear,FALSE,EAST AVE; EAST AVE; ; 6 M,10/24/2019 10:08:50 AM,542444.2344,4811614.471,Q3,Weekend,FALSE
5196,48677,19-192367,8/16/2019 12:00:00 AM,2019,8,16,0,0,Friday,541829.4922,4807821.108,-80.48326,43.422121,Intersection,1,Non-fatal injury,Off roadway,SMV,Daylight,Municipal,No control,Unknown,FALSE,FALSE,FALSE,Clear,FALSE,KINGSWOOD DR; ROBERTS CRES; Near; 1 M,10/24/2019 10:08:51 AM,541829.4922,4807821.108,Q3,Weekend,FALSE
5197,48678,19-194025,8/18/2019 12:00:00 AM,2019,8,18,0,0,Sunday,542763.6704,4811565.355,-80.471427,43.455782,Intersection,1,Non-fatal injury,Off roadway,SMV,Daylight,Regional,No control,Functioning,FALSE,FALSE,TRUE,Clear,FALSE,DUMFRIES AVE; CHAPEL ST; ; 8 M,10/24/2019 10:08:52 AM,542763.6704,4811565.355,Q3,Weekend,TRUE
5198,48679,19-194235,8/18/2019 12:00:00 AM,2019,8,18,0,0,Sunday,546062.6789,4809490.637,-80.430827,43.436906,Intersection,1,Non-fatal injury,On roadway,Intersection,Daylight,Regional,No control,Functioning,FALSE,FALSE,FALSE,Clear,FALSE,KINZIE AVE; RIVER RD E,10/24/2019 10:08:44 AM,546062.6789,4809490.637,Q3,Weekend,FALSE
5199,48680,19-194467,8/19/2019 12:00:00 AM,2019,8,19,0,0,Monday,546098.3938,4811085.533,-80.430251,43.451264,Private Drive,2,P.D. only,Off roadway,SMV,Daylight,Municipal,No control,Unknown,FALSE,FALSE,FALSE,Clear,FALSE,OLDFIELD DR; OLDFIELD DR; At; 3 M,10/24/2019 10:08:53 AM,546098.3938,4811085.533,Q3,Working,FALSE
5200,48681,19-197531,8/22/2019 12:00:00 AM,2019,8,22,0,0,Thursday,545575.7153,4808931.87,-80.43689,43.431904,Non intersection,2,P.D. only,On roadway,SMV,Daylight,Municipal,No control,Unknown,FALSE,FALSE,FALSE,Clear,FALSE,HUBER ST; HUBER ST; At; 4 M,10/24/2019 10:08:55 AM,545575.7153,4808931.87,Q3,Weekend,FALSE
5201,48682,19-202241,8/28/2019 12:00:00 AM,2019,8,28,0,0,Wednesday,542453.8478,4807263.6,-80.475591,43.417066,Private Drive,2,P.D. only,Off roadway,SMV,Dark,Municipal,No control,Unknown,FALSE,FALSE,FALSE,Clear,FALSE,COUNTRY HILL DR; COUNTRY HILL DR; Near; 20 M,10/24/2019 10:08:56 AM,542453.8478,4807263.6,Q3,Working,FALSE
5202,48683,19-204428,8/31/2019 12:00:00 AM,2019,8,31,0,0,Saturday,542581.9382,4810126.447,-80.473785,43.442836,Intersection,1,Non-fatal injury,On roadway,Rear end,Daylight,Regional,No control,Unknown,FALSE,FALSE,FALSE,Clear,FALSE,KING ST E; KING ST E; At; 1 M,10/24/2019 10:08:36 AM,542581.9382,4810126.447,Q3,Weekend,FALSE
5203,48684,19000461,1/1/2019 2:56:00 PM,2019,1,1,14,56,Tuesday,545897.4859,4809799.152,-80.432842,43.439694,Intersection,2,P.D. only,Off roadway,SMV,Daylight,Municipal,Sign Control,Functioning,FALSE,FALSE,FALSE,Clear,FALSE,Road 1: OLD CHICOPEE DR (50 km/h); Road 2: VERONICA DR (50 km/h); Vehicle #1     Make: NISS     Model: PFI     Colour: BLK     Style: TY,4/9/2021 4:26:57 PM,545897.4859,4809799.152,Q1,Working,FALSE
5204,48685,19000489,1/1/2019 3:34:00 PM,2019,1,1,15,34,Tuesday,540923.2678,4806988.985,-80.494517,43.414679,Non intersection,2,P.D. only,Off roadway,SMV,Daylight,Municipal,No control,Unknown,FALSE,FALSE,FALSE,Clear,FALSE,Road 1: RADCLIFFE DR (50 km/h); Road 2: BRIARGATE DR; Distance: 200.0 M S; Vehicle #1     Make: MAZD     Model: M3I     Colour: WHI     Style: 4D,4/9/2021 4:25:29 PM,540923.2678,4806988.985,Q1,Working,FALSE
5205,48686,19000937,1/2/2019 9:01:00 AM,2019,1,2,9,1,Wednesday,543218.0296,4808898.026,-80.466022,43.431739,Non intersection,2,P.D. only,On roadway,SMV,Daylight,Municipal,No control,Unknown,FALSE,FALSE,FALSE,Clear,FALSE,Road 1: 307 DIXON ST (50 km/h); Road 2: DIXON ST; Distance: 1.0 M E; Vehicle #1     Make: VOLK     Model: JGS     Colour: BLK     Style: 4D; Vehicle #2     Make: JEEP     Model: CPT     Colour: RED     Style: TY,4/9/2021 4:25:36 PM,543218.0296,4808898.026,Q1,Working,FALSE
5206,48687,19000961,1/2/2019 6:00:00 AM,2019,1,2,6,0,Wednesday,541257.1618,4812530.705,-80.489974,43.464558,Intersection,2,P.D. only,On roadway,Intersection,Dark,Municipal,Sign Control,Functioning,FALSE,FALSE,FALSE,Clear,FALSE,Road 1: GUELPH ST (50 km/h); Road 2: ST LEGER ST (50 km/h); Vehicle #1     Make: CHEV     Model: SIL     Colour: RED     Style: PK; Vehicle #2     Make: HOND     Model: UDY     Colour: BLU     Style: TY; Vehicle #3     Make: PONT     Model: GTP     Colour,4/9/2021 4:28:24 PM,541257.1618,4812530.705,Q1,Working,FALSE
5207,48688,19001214,1/2/2019 2:40:00 PM,2019,1,2,14,40,Wednesday,541372.4105,4811026.387,-80.488663,43.451007,Private Drive,2,P.D. only,On roadway,Other,Daylight,Regional,No control,Unknown,FALSE,FALSE,FALSE,Clear,TRUE,Road 1: 7 DUKE ST W (50 km/h); Road 2: DUKE ST W; Vehicle #1     Make: WORK     Model: W31     Colour: BRN     Style: PD; Vehicle #2     Make: FORD     Model: COF     Colour: BLK     Style: PK,4/9/2021 4:29:25 PM,541372.4105,4811026.387,Q1,Working,FALSE
5208,48689,19001394,1/2/2019 6:35:00 PM,2019,1,2,18,35,Wednesday,547786.9338,4811477.351,-80.409348,43.454686,Non intersection,2,P.D. only,On roadway,SMV,Dark,Municipal,No control,Unknown,FALSE,FALSE,FALSE,Snow,TRUE,Road 1: 1278 OLD ZELLER DR (50 km/h); Road 2: OLD ZELLER DR; Vehicle #1     Make: NISS     Model: MSV     Colour: BRN     Style: 4D; Vehicle #2     Make: NISS     Model: LFS     Colour: RED     Style: 4B,4/9/2021 4:25:38 PM,547786.9338,4811477.351,Q1,Working,FALSE
5209,48690,19001920,1/3/2019 2:26:00 PM,2019,1,3,14,26,Thursday,539110.0727,4811045.2,-80.516622,43.451298,Private Drive,2,P.D. only,On roadway,Intersection,Daylight,Municipal,No control,Unknown,FALSE,FALSE,FALSE,Clear,FALSE,Road 1: 604 GLASGOW ST (50 km/h); Road 2: BELMONT AVE W; Distance: 0.0 M S; Vehicle #1     Make: TOYT     Model: MTL     Colour: RED     Style: 4D; Vehicle #2     Make: HYUN     Model: TUC     Colour: RED     Style: TY,4/9/2021 4:29:08 PM,539110.0727,4811045.2,Q1,Weekend,FALSE
5210,48691,19002038,1/3/2019 4:30:00 PM,2019,1,3,16,30,Thursday,541043.6483,4807109.527,-80.493021,43.415758,Private Drive,2,P.D. only,On roadway,Other,Daylight,Municipal,No control,Unknown,FALSE,FALSE,FALSE,Clear,TRUE,Road 1: 191 LAURENTIAN DR (50 km/h); Road 2: LAURENTIAN DR; Vehicle #1     Make: ACUR     Model: AWT     Colour: BLK     Style: 4D; Vehicle #2     Make: HYUN     Model: ESM     Colour: BLU     Style: 4D,4/9/2021 4:29:25 PM,541043.6483,4807109.527,Q1,Weekend,FALSE
5211,48692,19002319,1/4/2019 2:49:00 AM,2019,1,4,2,49,Friday,538418.7616,4810451.216,-80.525208,43.445986,Non intersection,1,Non-fatal injury,On roadway,SMV,Dark,Municipal,No control,Unknown,FALSE,FALSE,FALSE,Snow,FALSE,Road 1: 57 WESTWOOD DR (50 km/h); Road 2: WESTWOOD DR; Distance: 10.0 M W; Vehicle #1     Make: NISS     Model: VSL     Colour: BLK     Style: 4B; Vehicle #2     Make: TOYT     Model: MTL     Colour: BLU     Style: 4D,4/9/2021 4:25:37 PM,538418.7616,4810451.216,Q1,Weekend,FALSE
5212,48693,19002563,1/4/2019 12:00:00 PM,2019,1,4,12,0,Friday,540149.5485,4808611.258,-80.503954,43.429328,Non intersection,2,P.D. only,Off roadway,SMV,Daylight,Municipal,No control,Unknown,FALSE,FALSE,FALSE,Clear,FALSE,Road 1: 96 SHADYWOOD CR. (50 km/h); Road 2: SHADYWOOD CR.; Distance: 15.0 M S; Vehicle #1     Make: FORD     Model: EPR     Colour: GRY     Style: TY,3/26/2021 11:53:07 AM,540149.5485,4808611.258,Q1,Weekend,FALSE
5213,48694,19002910,1/4/2019 8:26:00 PM,2019,1,4,20,26,Friday,545834.149,4802617.183,-80.434227,43.375031,Intersection,2,P.D. only,On roadway,Intersection,Dark,Municipal,No control,Functioning,FALSE,FALSE,FALSE,Clear,FALSE,Road 1: DOON SOUTH DR (50 km/h); Road 2: THOMAS SLEE DR (50 km/h); Vehicle #1     Make: HYUN     Model: ESM     Colour: GRY     Style: 4D; Vehicle #2     Make: KIA     Model: OPTI     Colour: GRY     Style: PAS,4/9/2021 4:28:11 PM,545834.149,4802617.183,Q1,Weekend,FALSE
5214,48695,19003274,1/4/2019 7:00:00 PM,2019,1,4,19,0,Friday,540982.8136,4811065.423,-80.493475,43.45138,Intersection,2,P.D. only,On roadway,Intersection,Dark,Municipal,No control,Functioning,FALSE,FALSE,FALSE,Clear,FALSE,Road 1: KING ST W (50 km/h); Road 2: COLLEGE ST (50 km/h); Vehicle #1     Make: NISS     Model: VNR     Colour: BLK     Style: 4B; Vehicle #2     Make: CHEV     Model: BSS     Colour: BLK     Style: 4D,4/27/2022 10:38:52 AM,540982.8136,4811065.423,Q1,Weekend,FALSE
5215,48696,19003429,1/5/2019 1:20:00 PM,2019,1,5,13,20,Saturday,543761.6986,4807836.26,-80.45939,43.422147,Private Drive,2,P.D. only,Off roadway,Intersection,Daylight,Municipal,No control,Unknown,FALSE,TRUE,FALSE,Clear,FALSE,Road 1: SHELLEY DR (50 km/h); Road 2: COURTLAND AVE E; Distance: 85.0 M N; Vehicle #1     Make: HOND     Model: CRV     Colour: GRY     Style: 4W; Vehicle #2     Make:      Model: BICY     Colour:      Style:,4/9/2021 4:29:15 PM,543761.6986,4807836.26,Q1,Weekend,FALSE
5216,48697,19003555,1/5/2019 4:19:00 PM,2019,1,5,16,19,Saturday,545483.6349,4804349.33,-80.438409,43.390649,Intersection,2,Non-reportable,On roadway,SMV,Daylight,Municipal,Sign Control,Functioning,FALSE,FALSE,FALSE,Clear,FALSE,Road 1: DOON VILLAGE RD (50 km/h); Road 2: ANVIL ST (50 km/h); Vehicle #1     Make: FORD     Model: COF     Colour: WHI     Style: PK,4/9/2021 4:28:24 PM,545483.6349,4804349.331,Q1,Weekend,FALSE
5217,48698,19003632,1/5/2019 6:30:00 PM,2019,1,5,18,30,Saturday,543120.4695,4806548.97,-80.467413,43.410594,Non intersection,2,P.D. only,On roadway,SMV,Dark,Municipal,No control,Unknown,FALSE,FALSE,FALSE,Clear,FALSE,Road 1: 160 CENTURY HILL DR (50 km/h); Road 2: CENTURY HILL DR; Distance: 20.0 M N; Vehicle #1     Make: CHEV     Model: CAL     Colour: WHI     Style: PK; Vehicle #2     Make: VOLK     Model: CJS     Colour: GRY     Style: 4D; Vehicle #3     Make: FORD  ,4/9/2021 4:25:30 PM,543120.4695,4806548.97,Q1,Weekend,FALSE
5218,48699,19003679,1/5/2019 7:23:00 PM,2019,1,5,19,23,Saturday,545855.612,4807129.562,-80.433583,43.415659,Intersection,2,P.D. only,On roadway,Intersection,Dark,Municipal,No control,Functioning,FALSE,FALSE,FALSE,Clear,FALSE,Road 1: HIDDEN VALLEY RD (50 km/h); Road 2: WABANAKI DR (50 km/h); Vehicle #1     Make: HOND     Model: CRV     Colour: RED     Style: 4W; Vehicle #2     Make: NISS     Model: PFI     Colour: SIL     Style: TY,4/9/2021 4:28:22 PM,545855.612,4807129.562,Q1,Weekend,FALSE
5219,48700,19004705,1/7/2019 6:30:00 AM,2019,1,7,6,30,Monday,546113.0596,4804413.037,-80.430633,43.391184,Private Drive,2,P.D. only,On roadway,SMV,Dark,Municipal,No control,Unknown,FALSE,FALSE,FALSE,Clear,FALSE,Road 1: 170 OLD CARRIAGE DR (50 km/h); Road 2: OLD CARRIAGE DR; Distance: 1.0 M S; Vehicle #1     Make: BMW     Model: 28X     Colour: GRY     Style: 4D,4/9/2021 4:29:23 PM,546113.0596,4804413.037,Q1,Working,FALSE
5220,48701,19005087,1/7/2019 2:30:00 PM,2019,1,7,14,30,Monday,542488.8838,4811127.425,-80.474857,43.451854,Intersection,2,P.D. only,On roadway,Intersection,Daylight,Municipal,Sign Control,Functioning,FALSE,FALSE,FALSE,Clear,FALSE,Road 1: KRUG ST (50 km/h); Road 2: LYDIA ST (50 km/h); Vehicle #1     Make: HOND     Model: UDY     Colour: SIL     Style: TY; Vehicle #2     Make: HOND     Model: UCL     Colour: WHI     Style: 4D,4/9/2021 4:28:03 PM,542488.8838,4811127.425,Q1,Working,FALSE
5221,48702,19005116,1/7/2019 4:13:00 PM,2019,1,7,16,13,Monday,547448.3822,4810632.706,-80.413606,43.447102,Private Drive,2,P.D. only,Off roadway,SMV,Daylight,Municipal,No control,Unknown,FALSE,FALSE,FALSE,Clear,FALSE,Road 1: 82 COUNTRY CLAIR ST (50 km/h); Road 2: COUNTRY CLAIR ST; Distance: 1.0 M S; Vehicle #1     Make: INTL     Model: PB1     Colour: YEL     Style: BU; Vehicle #2     Make: ACUR     Model: CCS     Colour: WHI     Style: 4D,4/9/2021 4:29:17 PM,547448.3822,4810632.706,Q1,Working,FALSE
5222,48703,19005145,1/7/2019 4:45:00 PM,2019,1,7,16,45,Monday,545464.8691,4804361.86,-80.43864,43.390763,Non intersection,2,P.D. only,Other,SMV,Dusk,Municipal,No control,Unknown,FALSE,FALSE,FALSE,Clear,FALSE,Road 1: DOON VILLAGE RD (50 km/h); Road 2: ANVIL ST; Distance: 20.0 M N; Vehicle #1     Make: FORD     Model: EPR     Colour: GRY     Style: TY,3/26/2021 11:53:24 AM,545464.8691,4804361.86,Q1,Working,FALSE
5223,48704,19005721,1/7/2019 1:00:00 PM,2019,1,7,13,0,Monday,539880.5817,4806005.831,-80.507468,43.405883,Private Drive,2,P.D. only,On roadway,Other,Daylight,Regional,No control,Unknown,FALSE,FALSE,FALSE,Snow,TRUE,Road 1: 152 COTTON GRASS ST (50 km/h); Road 2: COTTON GRASS ST; Vehicle #1     Make: FORD     Model: FE     Colour: BLK     Style: 4D; Vehicle #2     Make: FORD     Model: SPE     Colour: BLK     Style: TY,4/9/2021 4:29:05 PM,539880.5817,4806005.831,Q1,Working,FALSE
5224,48705,19006016,1/8/2019 4:30:00 PM,2019,1,8,16,30,Tuesday,544917.7004,4804865.309,-80.445354,43.395329,Private Drive,1,Non-fatal injury,On roadway,Rear end,Daylight,Municipal,No control,Unknown,FALSE,FALSE,FALSE,Rain,TRUE,Road 1: 450 PIONEER DR (50 km/h); Road 2: PIONEER DR; Vehicle #1     Make: HOND     Model: CCL     Colour: WHI     Style: 4D; Vehicle #2     Make: HYUN     Model: SFT     Colour: GRY     Style: TY,4/9/2021 4:29:06 PM,544917.7004,4804865.309,Q1,Working,FALSE
5225,48706,19006643,1/1/2019 3:00:00 PM,2019,1,1,15,0,Tuesday,538987.6172,4807420.257,-80.518395,43.418665,Private Drive,2,P.D. only,On roadway,SMV,Daylight,Municipal,No control,Unknown,FALSE,FALSE,FALSE,Clear,TRUE,Road 1: 51 GLEN AVON CRES (50 km/h); Road 2: GLEN AVON CRES; Vehicle #1     Make: CHEV     Model: MAL     Colour:      Style: 4D; Vehicle #2     Make: CHEV     Model: TRL     Colour: GRY     Style: TY,4/9/2021 4:29:12 PM,538987.6172,4807420.257,Q1,Working,FALSE
5226,48707,19006828,1/9/2019 4:17:00 PM,2019,1,9,16,17,Wednesday,548239.1363,4804558.932,-80.40437,43.392364,Private Drive,2,P.D. only,On roadway,Intersection,Dusk,Regional,No control,Unknown,FALSE,FALSE,FALSE,Snow,FALSE,Road 1: 299 DOON VALLEY DR (50 km/h); Road 2: DOON VALLEY DR; Distance: 1.0 M E; Vehicle #1     Make: MAZD     Model: 3TR     Colour: BLU     Style: 4D; Vehicle #2     Make: JEEP     Model: CHK     Colour: GRY     Style: TY,4/9/2021 4:29:04 PM,548239.1363,4804558.932,Q1,Working,FALSE
5227,48708,19007269,1/9/2019 9:00:00 AM,2019,1,9,9,0,Wednesday,540174.9617,4809411.659,-80.503582,43.436533,Intersection,2,P.D. only,On roadway,Rear end,Daylight,Municipal,Signal Control,Functioning,FALSE,FALSE,FALSE,Clear,TRUE,Road 1: BELMONT AVE E (50 km/h); Road 2: QUEENS BLVD (50 km/h); Vehicle #1     Make: DODG     Model: JOU     Colour: RED     Style: TY; Vehicle #2     Make: DODG     Model: RPC     Colour: RED     Style: PK,4/9/2021 4:26:59 PM,540174.9617,4809411.659,Q1,Working,FALSE
5228,48709,19007271,1/10/2019 9:10:00 AM,2019,1,10,9,10,Thursday,541748.3112,4813072.279,-80.483861,43.469408,Private Drive,2,P.D. only,On roadway,Other,Daylight,Municipal,No control,Unknown,FALSE,FALSE,FALSE,Clear,FALSE,Road 1: 11 ASH ST (50 km/h); Road 2: ASH ST; Distance: 1.0 M N; Vehicle #1     Make: HYUN     Model: ETG     Colour: GRY     Style: 4B; Vehicle #2     Make: DODG     Model: RPC     Colour: WHI     Style: CT,4/9/2021 4:29:13 PM,541748.3112,4813072.279,Q1,Weekend,FALSE
5229,48710,19007334,1/10/2019 9:20:00 AM,2019,1,10,9,20,Thursday,544611.222,4809092.38,-80.448793,43.433407,Intersection,2,P.D. only,On roadway,Intersection,Daylight,Municipal,Signal Control,Functioning,FALSE,FALSE,FALSE,Snow,TRUE,Road 1: FRANKLIN ST S (50 km/h); Road 2: KINGSWAY DR (50 km/h); Vehicle #1     Make: HYUN     Model: SFT     Colour: SIL     Style: TY; Vehicle #2     Make: HYUN     Model: CFE     Colour: SIL     Style: TY,4/9/2021 4:28:09 PM,544611.222,4809092.38,Q1,Weekend,FALSE
5230,48711,19007469,1/10/2019 9:30:00 AM,2019,1,10,9,30,Thursday,539174.7373,4810914.68,-80.515832,43.45012,Private Drive,2,P.D. only,On roadway,Other,Daylight,Municipal,No control,Unknown,FALSE,FALSE,FALSE,Clear,FALSE,Road 1: 564 BELMONT AVE W (50 km/h); Road 2: BELMONT AVE W; Distance: 0.0 M E; Vehicle #1     Make: CHEV     Model: EQU     Colour: BRN     Style: TY; Vehicle #2     Make: LINC     Model: MSA     Colour: BLK     Style: 4D,4/9/2021 4:29:08 PM,539174.7373,4810914.68,Q1,Weekend,FALSE
5231,48712,19007632,1/10/2019 4:11:00 PM,2019,1,10,16,11,Thursday,541751.154,4806103.815,-80.484359,43.406663,Intersection,2,P.D. only,On roadway,Intersection,Daylight,Municipal,Sign Control,Functioning,FALSE,FALSE,FALSE,Clear,FALSE,Road 1: THE COUNTRY WAY (40 km/h); Road 2: NICHOLE CRES (50 km/h); Vehicle #1     Make: FORD     Model: TST     Colour: WHI     Style: FV; Vehicle #2     Make: FORD     Model: FE     Colour: BLK     Style: 4D,4/9/2021 4:28:02 PM,541751.154,4806103.815,Q1,Weekend,FALSE
5232,48713,19007903,1/10/2019 10:06:00 PM,2019,1,10,22,6,Thursday,541670.12,4803583.3,-80.485552,43.383973,Non intersection,2,P.D. only,Off roadway,SMV,Dark,Municipal,No control,Unknown,FALSE,FALSE,FALSE,Clear,FALSE,Road 1: FRANKFURT ST (50 km/h); Road 2: 23 FRANKFURT ST; Distance: 1.0 M S; Vehicle #1     Make: PETE     Model:      Colour:      Style: ; Vehicle #2     Make: HYUN     Model: GN2     Colour: GRY     Style: 2D,4/9/2021 4:25:29 PM,541670.12,4803583.3,Q1,Weekend,FALSE
5233,48714,19008000,1/11/2019 1:09:00 AM,2019,1,11,1,9,Friday,542403.6336,4803764.733,-80.476482,43.385565,Non intersection,2,P.D. only,On roadway,SMV,Dark,Municipal,No control,Unknown,FALSE,FALSE,TRUE,Clear,FALSE,Road 1: 731 HURON RD (60 km/h); Road 2: HURON RD; Distance: 1.0 M W; Vehicle #1     Make: HOND     Model: VCA     Colour: GRY     Style: MS,4/9/2021 4:25:29 PM,542403.6336,4803764.733,Q1,Weekend,TRUE
5234,48715,19008158,1/11/2019 7:38:00 AM,2019,1,11,7,38,Friday,540288.8566,4809881.617,-80.50214,43.440759,Private Drive,2,P.D. only,On roadway,SMV,Dawn,Municipal,No control,Unknown,FALSE,FALSE,FALSE,Clear,TRUE,Road 1: 58 VANCAMP AVE (50 km/h); Road 2: VANCAMP AVE; Vehicle #1     Make: DODG     Model: CAR     Colour: WHI     Style: VN; Vehicle #2     Make: LEXS     Model: E33     Colour: GRY     Style: 4D,4/9/2021 4:29:10 PM,540288.8566,4809881.617,Q1,Weekend,FALSE