,OBJECTID,ACCIDENTNUM,ACCIDENTDATE,ACCIDENT_YEAR,ACCIDENT_MONTH,ACCIDENT_DAY,ACCIDENT_HOUR,ACCIDENT_MINUTE,Accident_Day,XCOORD,YCOORD,LONGITUDE,LATITUDE,Accident_Location,COLLISIONTYPE,Accident_Type,Impact_Location,Impact_Type,Light,Road_Jurisdication,Traffic_Control,Traffic_Control_Condition,Pedestrian_Involved,Cyclist_Involved,Motorcyclist_Involved,Environment_Condition,Self_Reported,XMLIMPORTNOTES,LASTEDITEDDATE,x,y,Quarter,Day_Type,Vulnerable_Involved
5235,48716,19008489,1/11/2019 4:14:00 PM,2019,1,11,16,14,Friday,545035.6451,4807866.014,-80.443651,43.42234,Intersection,1,Non-fatal injury,On roadway,SMV,Daylight,Municipal,Signal Control,Functioning,TRUE,FALSE,FALSE,Clear,FALSE,Road 1: KINGSWAY DR (50 km/h); Road 2: WILSON AVE (50 km/h); Vehicle #1     Make: NISS     Model: SBL     Colour: RED     Style: 4D,4/9/2021 4:28:02 PM,545035.6451,4807866.014,Q1,Weekend,FALSE
5236,48717,19008591,1/11/2019 6:48:00 PM,2019,1,11,18,48,Friday,545907.8346,4809344.005,-80.432752,43.435595,Intersection,2,Non-reportable,On roadway,Intersection,Dark,Municipal,No control,Functioning,FALSE,FALSE,FALSE,Clear,FALSE,Road 1: KINZIE AVE (50 km/h); Road 2: THALER AVE (50 km/h); Vehicle #1     Make: HYUN     Model: SAN     Colour: RED     Style: TY; Vehicle #2     Make: FORD     Model: SPE     Colour: BLK     Style: TY,4/9/2021 4:28:20 PM,545907.8346,4809344.005,Q1,Weekend,FALSE
5237,48718,19009018,1/12/2019 9:55:00 AM,2019,1,12,9,55,Saturday,541144.6254,4812021.965,-80.491403,43.459984,Other,2,Non-reportable,Off roadway,SMV,Daylight,Municipal,No control,Unknown,FALSE,FALSE,FALSE,Clear,TRUE,Road 1: MARGARET AVE; Road 2: 147 MARGARET AVE; Vehicle #1     Make: HYUN     Model: PGS     Colour: RED     Style: 4D,4/9/2021 4:30:18 PM,541144.6254,4812021.965,Q1,Weekend,FALSE
5238,48719,19009030,1/10/2019 3:45:00 PM,2019,1,10,15,45,Thursday,540366.4858,4806368.177,-80.50144,43.409119,Private Drive,2,P.D. only,On roadway,SMV,Daylight,Municipal,No control,Unknown,FALSE,FALSE,FALSE,Clear,TRUE,Road 1: 504 HIGHBROOK CRT (50 km/h); Road 2: HIGHBROOK CRT; Vehicle #1     Make: TOYT     Model: CEN     Colour: WHI     Style: TY; Vehicle #2     Make: NISS     Model: SBL     Colour: SIL     Style: 4D,4/9/2021 4:29:10 PM,540366.4858,4806368.177,Q1,Weekend,FALSE
5239,48720,19009049,1/12/2019 10:00:00 AM,2019,1,12,10,0,Saturday,538134.2994,4807508.447,-80.528929,43.419503,Intersection,2,P.D. only,On roadway,Rear end,Daylight,Municipal,Sign Control,Unknown,FALSE,FALSE,FALSE,Clear,TRUE,Road 1: MCGARRY DR (50 km/h); Road 2: ROYAL ORCHARD DR (50 km/h); Vehicle #1     Make: HOND     Model: AXL     Colour: GRY     Style: 4D; Vehicle #2     Make: MAZD     Model: M3S     Colour: GRY     Style: 4D,4/9/2021 4:27:00 PM,538134.2994,4807508.447,Q1,Weekend,FALSE
5240,48721,19009115,1/11/2019 1:30:00 PM,2019,1,11,13,30,Friday,543939.0229,4804979.105,-80.457429,43.396411,Private Drive,2,P.D. only,On roadway,Other,Daylight,Municipal,No control,Unknown,FALSE,FALSE,FALSE,Clear,TRUE,Road 1: 11 CALVERT CLOSE (50 km/h); Road 2: CALVERT CLOSE; Vehicle #1     Make: TOYT     Model: RV4     Colour: GRY     Style: TY; Vehicle #2     Make: NISS     Model: CXT     Colour: BLK     Style: TY,4/9/2021 4:29:08 PM,543939.0229,4804979.106,Q1,Weekend,FALSE
5241,48722,19010004,1/13/2019 9:15:00 AM,2019,1,13,9,15,Sunday,541019.0966,4809678.409,-80.493131,43.438889,Intersection,1,Non-fatal injury,On roadway,Rear end,Daylight,Municipal,Signal Control,Functioning,FALSE,FALSE,FALSE,Clear,FALSE,Road 1: HIGHLAND RD E (50 km/h); Road 2: SPADINA RD E (50 km/h); Vehicle #1     Make: CHEV     Model: CZT     Colour: RED     Style: 4D; Vehicle #2     Make: MAZD     Model: 3TR     Colour: BLU     Style: 4B,4/9/2021 4:27:15 PM,541019.0966,4809678.409,Q1,Weekend,FALSE
5242,48723,19010720,1/14/2019 1:10:00 PM,2019,1,14,13,10,Monday,541636.1545,4811414.255,-80.485374,43.454485,Intersection,1,Non-fatal injury,On roadway,Rear end,Daylight,Municipal,Signal Control,Functioning,FALSE,FALSE,FALSE,Clear,FALSE,Road 1: QUEEN ST N (50 km/h); Road 2: OTTO ST (50 km/h); Distance: 5.0 M S; Vehicle #1     Make: GMC     Model: TER     Colour: WHI     Style: TY; Vehicle #2     Make: MERZ     Model: SMA     Colour: SIL     Style: 2D,4/9/2021 4:27:14 PM,541636.1545,4811414.255,Q1,Working,FALSE
5243,48724,19010860,1/14/2019 2:45:00 PM,2019,1,14,14,45,Monday,543106.6872,4804748.646,-80.467725,43.394384,Non intersection,1,Non-fatal injury,On roadway,Intersection,Daylight,Municipal,No control,Unknown,FALSE,FALSE,FALSE,Clear,TRUE,Road 1: 1825 STRASBURG RD (50 km/h); Road 2: STRASBURG RD; Vehicle #1     Make: TOYT     Model: CTR     Colour: WHI     Style: 4B; Vehicle #2     Make: HOND     Model: CRV     Colour: GRY     Style: TY,4/9/2021 4:25:26 PM,543106.6872,4804748.646,Q1,Working,FALSE
5244,48725,19011806,1/15/2019 4:47:00 PM,2019,1,15,16,47,Tuesday,543073.5003,4812800.394,-80.4675,43.466884,Intersection,2,P.D. only,On roadway,Intersection,Dusk,Municipal,No control,Functioning,FALSE,FALSE,FALSE,Clear,FALSE,Road 1: WELLINGTON ST N (60 km/h); Road 2: RIVERBEND DR (60 km/h); Distance:  K; Vehicle #1     Make: HOND     Model: UCL     Colour: SIL     Style: 4D; Vehicle #2     Make: TOYT     Model: CUB     Colour: GRY     Style: 4D; Vehicle #3     Make: CHEV     ,4/9/2021 4:28:12 PM,543073.5003,4812800.394,Q1,Working,FALSE
5245,48726,19011859,1/15/2019 4:50:00 PM,2019,1,15,16,50,Tuesday,548246.1679,4804558.373,-80.404283,43.392358,Private Drive,2,P.D. only,On roadway,Intersection,Dusk,Municipal,No control,Unknown,FALSE,FALSE,FALSE,Clear,TRUE,Road 1: 299 CONESTOGA COLLEGE BLVD (50 km/h); Road 2: DOON VALLEY DR; Vehicle #1     Make: TOYT     Model: MTL     Colour: GRY     Style: 4D; Vehicle #2     Make: TOYO     Model: COR     Colour: BRN     Style: 4D,4/9/2021 4:29:05 PM,548246.1679,4804558.373,Q1,Working,FALSE
5246,48727,19011896,1/13/2019 12:45:00 PM,2019,1,13,12,45,Sunday,545036.4075,4811250.57,-80.443362,43.452814,Private Drive,2,P.D. only,On roadway,Other,Daylight,Municipal,No control,Unknown,FALSE,FALSE,FALSE,Clear,TRUE,Road 1: 109 BRECKENRIDGE DR (50 km/h); Road 2: BRECKENRIDGE DR; Vehicle #1     Make: FORD     Model: FSL     Colour: GRY     Style: VN; Vehicle #2     Make: TOYT     Model: UCS     Colour: RED     Style: 4D,4/9/2021 4:29:09 PM,545036.4075,4811250.57,Q1,Weekend,FALSE
5247,48728,19012228,1/16/2019 4:06:00 AM,2019,1,16,4,6,Wednesday,545877.8626,4808928.595,-80.433157,43.431856,Non intersection,1,Non-fatal injury,Off roadway,SMV,Dark,Municipal,No control,Unknown,FALSE,FALSE,FALSE,Rain,FALSE,Road 1: 117 JANSEN AVE (50 km/h); Road 2: JANSEN AVE; Distance: 1.0 M N; Vehicle #1     Make: HYUN     Model: EGM     Colour: WHI     Style: 4D,4/9/2021 4:25:31 PM,545877.8626,4808928.595,Q1,Working,FALSE
5248,48729,19012242,1/16/2019 5:37:00 AM,2019,1,16,5,37,Wednesday,540590.3684,4809506.343,-80.498442,43.437363,Non intersection,2,Non-reportable,Off roadway,SMV,Dark,Municipal,No control,Unknown,FALSE,FALSE,FALSE,Rain,FALSE,Road 1: 64 PLEASANT AVE (50 km/h); Road 2: PLEASANT AVE; Distance: 10.0 M W; Vehicle #1     Make: VOLK     Model: JBS     Colour: GRY     Style: 4D,4/9/2021 4:25:47 PM,540590.3684,4809506.343,Q1,Working,FALSE
5249,48730,19012252,1/16/2019 6:18:00 AM,2019,1,16,6,18,Wednesday,539732.6306,4810959.694,-80.508934,43.450496,Other,2,Non-reportable,On roadway,SMV,Dark,Municipal,No control,Unknown,FALSE,FALSE,FALSE,Snow,FALSE,Road 1: STRANGE ST (50 km/h); Road 2: CN RAIL; Distance: 1.0 M W; Vehicle #1     Make: INTL     Model: 70S     Colour: WHI     Style: DP,4/9/2021 4:30:20 PM,539732.6306,4810959.694,Q1,Working,FALSE
5250,48731,19012256,1/16/2019 6:40:00 AM,2019,1,16,6,40,Wednesday,542769.7593,4803928.699,-80.471949,43.387021,Intersection,2,P.D. only,On roadway,Intersection,Dark,Municipal,Sign Control,Functioning,FALSE,FALSE,FALSE,Rain,FALSE,Road 1: CRANSHAW ST (50 km/h); Road 2: BANFFSHIRE ST (50 km/h); Vehicle #1     Make: TRAC     Model: MT^     Colour: YEL     Style: PLO; Vehicle #2     Make: GMC     Model: SIE     Colour: BLK     Style: PK,4/9/2021 4:28:16 PM,542769.7593,4803928.699,Q1,Working,FALSE
5251,48732,19012418,1/16/2019 8:30:00 AM,2019,1,16,8,30,Wednesday,536852.1003,4808267.362,-80.544716,43.426401,Intersection,2,P.D. only,On roadway,Intersection,Daylight,Municipal,No control,Functioning,FALSE,FALSE,FALSE,Snow,TRUE,Road 1: WESTMEADOW DR (50 km/h); Road 2: WESTFOREST TRAIL (50 km/h); Vehicle #1     Make: MAZD     Model: M3I     Colour: SIL     Style: 4B; Vehicle #2     Make: HYUN     Model: SFT     Colour: BLK     Style: TY,4/9/2021 4:28:17 PM,536852.1003,4808267.362,Q1,Working,FALSE
5252,48733,19012513,1/16/2019 1:22:00 PM,2019,1,16,13,22,Wednesday,541226.9591,4811868.475,-80.490397,43.458597,Intersection,1,Non-fatal injury,On roadway,SMV,Daylight,Municipal,Signal Control,Functioning,TRUE,FALSE,FALSE,Clear,FALSE,Road 1: WELLINGTON ST N (50 km/h); Road 2: MARGARET AVE (50 km/h); Vehicle #1     Make: NISS     Model: VSL     Colour: SIL     Style: 4B,4/9/2021 4:28:22 PM,541226.9591,4811868.475,Q1,Working,FALSE
5253,48734,19012528,1/15/2019 12:30:00 PM,2019,1,15,12,30,Tuesday,541839.8016,4805286.279,-80.483327,43.399297,Non intersection,2,P.D. only,Off roadway,SMV,Daylight,Municipal,No control,Unknown,FALSE,FALSE,FALSE,Clear,FALSE,Road 1: 815 TRILLIUM DR (50 km/h); Road 2: TRILLIUM DR; Distance: 100.0 M E; Vehicle #1     Make: FORD     Model: TST     Colour: WHI     Style: FV,4/9/2021 4:25:33 PM,541839.8016,4805286.279,Q1,Working,FALSE
5254,48735,19012648,1/16/2019 4:11:00 PM,2019,1,16,16,11,Wednesday,547277.2311,4809105.207,-80.415853,43.433359,Non intersection,2,P.D. only,On roadway,SMV,Daylight,Municipal,No control,Unknown,FALSE,FALSE,FALSE,Clear,FALSE,Road 1: QUINTE CRES (50 km/h); Road 2: QUINTE CRT; Distance: 68.0 M W; Vehicle #1     Make: TOYT     Model: COR     Colour: GRY     Style: 4D; Vehicle #2     Make: HOND     Model: UDY     Colour: PLE     Style: TY,4/9/2021 4:25:38 PM,547277.2311,4809105.208,Q1,Working,FALSE
5255,48736,19012730,1/16/2019 5:30:00 AM,2019,1,16,5,30,Wednesday,545081.2807,4813088.406,-80.442655,43.469359,Non intersection,2,P.D. only,On roadway,SMV,Dark,Municipal,No control,Unknown,FALSE,FALSE,FALSE,Snow,TRUE,Road 1: 17 SMETANA DR (50 km/h); Road 2: SMETANA DR; Vehicle #1     Make: MITS     Model: OUT     Colour: BLK     Style: TY,4/9/2021 4:25:33 PM,545081.2807,4813088.406,Q1,Working,FALSE
5256,48737,19012774,1/16/2019 8:08:00 AM,2019,1,16,8,8,Wednesday,539532.7698,4810110.744,-80.511466,43.442862,Non intersection,2,P.D. only,On roadway,Intersection,Daylight,Municipal,No control,Unknown,FALSE,FALSE,FALSE,Snow,TRUE,Road 1: 297 BELMONT AVE W (50 km/h); Road 2: BELMONT AVE W; Vehicle #1     Make:      Model:      Colour:      Style: ; Vehicle #2     Make: HYUN     Model: TUC     Colour: GRY     Style: TY,4/9/2021 4:25:25 PM,539532.7698,4810110.744,Q1,Working,FALSE
5257,48738,19013165,1/17/2019 12:05:00 AM,2019,1,17,0,5,Thursday,541465.9938,4808998.26,-80.487661,43.432741,Non intersection,2,P.D. only,On roadway,SMV,Dark,Municipal,No control,Unknown,FALSE,FALSE,FALSE,Clear,TRUE,Road 1: 16 SOUTHDALE AVE (50 km/h); Road 2: SOUTHDALE AVE; Vehicle #1     Make:      Model:      Colour:      Style: ; Vehicle #2     Make: ACUR     Model: CCS     Colour: SIL     Style: 4D,4/9/2021 4:25:34 PM,541465.9938,4808998.26,Q1,Weekend,FALSE
5258,48739,19013735,1/17/2019 10:05:00 PM,2019,1,17,22,5,Thursday,542314.0026,4810287.679,-80.477084,43.444303,Intersection,2,P.D. only,On roadway,Intersection,Dark,Regional,Signal Control,Functioning,FALSE,FALSE,FALSE,Snow,FALSE,Road 1: KING ST E (50 km/h); Road 2: STIRLING AVE N (50 km/h); Vehicle #1     Make: VOLK     Model: PTS     Colour: BLK     Style: 4D; Vehicle #2     Make: CHEV     Model: MAL     Colour: GRN     Style: 4D,4/9/2021 4:28:15 PM,542314.0026,4810287.679,Q1,Weekend,FALSE
5259,48740,19013936,1/18/2019 8:00:00 AM,2019,1,18,8,0,Friday,545924.3743,4812085.504,-80.432317,43.460278,Private Drive,2,P.D. only,Off roadway,SMV,Daylight,Municipal,No control,Unknown,FALSE,FALSE,FALSE,Clear,FALSE,Road 1: 46 ROSE GARDEN ST (50 km/h); Road 2: ROSE GARDEN ST; Distance: 20.0 M W; Vehicle #1     Make: HYUN     Model: GN4     Colour: GRY     Style: 4D,4/9/2021 4:29:23 PM,545924.3743,4812085.504,Q1,Weekend,FALSE
5260,48741,19014015,1/18/2019 9:30:00 AM,2019,1,18,9,30,Friday,541954.3582,4815744.365,-80.481108,43.493455,Intersection,2,P.D. only,On roadway,Intersection,Daylight,Municipal,Sign Control,Functioning,FALSE,FALSE,FALSE,Clear,FALSE,Road 1: WOOLWICH ST (50 km/h); Road 2: FALCONRIDGE DR (50 km/h); Vehicle #1     Make: RAM     Model: RTR     Colour: BLK     Style: CW; Vehicle #2     Make: NISS     Model: ROG     Colour: RED     Style: 4W,4/9/2021 4:28:23 PM,541954.3582,4815744.365,Q1,Weekend,FALSE
5261,48742,19014365,1/18/2019 4:12:00 PM,2019,1,18,16,12,Friday,545877.8846,4802790.408,-80.433672,43.376588,Intersection,2,Non-reportable,On roadway,Intersection,Daylight,Municipal,Sign Control,Functioning,FALSE,FALSE,FALSE,Clear,FALSE,Road 1: DOON SOUTH DR (50 km/h); Road 2: CRANBROOK ST (50 km/h); Vehicle #1     Make: HYUN     Model: ASE     Colour: GRY     Style: 4D; Vehicle #2     Make: DODG     Model: DUR     Colour: RED     Style: TY,4/9/2021 4:28:01 PM,545877.8846,4802790.408,Q1,Weekend,FALSE
5262,48743,19014460,1/18/2019 5:59:00 PM,2019,1,18,17,59,Friday,543933.2981,4807652.277,-80.457285,43.420481,Other,2,P.D. only,Off roadway,SMV,Dark,Other,No control,Unknown,FALSE,FALSE,FALSE,Clear,FALSE,Road 1: VANIER DR; Road 2: 553 VANIER; Distance: 20.0 M N; Vehicle #1     Make: DODG     Model: DAK     Colour: BLU     Style: PK,4/9/2021 4:30:19 PM,543933.2981,4807652.277,Q1,Weekend,FALSE
5263,48744,19014792,1/19/2019 12:38:00 AM,2019,1,19,0,38,Saturday,541341.9977,4809273.915,-80.489172,43.43523,Non intersection,2,Non-reportable,Off roadway,SMV,Dark,Municipal,No control,Unknown,FALSE,FALSE,FALSE,Clear,FALSE,Road 1: 52 CHARLES BEST PL (50 km/h); Road 2: CHARLES BEST PL; Distance: 4.0 M W; Vehicle #1     Make: PONT     Model:      Colour: RED     Style: 2D,3/26/2021 11:53:27 AM,541341.9977,4809273.915,Q1,Weekend,FALSE
5264,48745,19015046,1/19/2019 10:53:00 AM,2019,1,19,10,53,Saturday,540492.6936,4807838.054,-80.499772,43.422347,Intersection,2,P.D. only,On roadway,SMV,Daylight,Municipal,Sign Control,Functioning,FALSE,FALSE,FALSE,Snow,FALSE,Road 1: CHANDLER DR (50 km/h); Road 2: MOWAT BLVD (50 km/h); Vehicle #1     Make: FORD     Model: FE     Colour: GRY     Style: 4D,4/9/2021 4:28:17 PM,540492.6936,4807838.054,Q1,Weekend,FALSE
5265,48746,19015048,1/19/2019 10:57:00 PM,2019,1,19,22,57,Saturday,547518.8265,4804533.037,-80.413266,43.392176,Non intersection,2,P.D. only,Off roadway,SMV,Dark,Municipal,No control,Unknown,FALSE,FALSE,FALSE,Snow,FALSE,Road 1: 23 AMHERST DR (50 km/h); Road 2: AMHERST DR; Distance: 50.0 M S; Vehicle #1     Make:      Model:      Colour:      Style: ; Vehicle #2     Make: TOYT     Model: MTL     Colour: GRY     Style: 4D,4/9/2021 4:25:39 PM,547518.8265,4804533.037,Q1,Weekend,FALSE
5266,48747,19015090,1/19/2019 11:56:00 AM,2019,1,19,11,56,Saturday,542842.1794,4809871.884,-80.470589,43.440529,Intersection,2,P.D. only,On roadway,Intersection,Daylight,Regional,No control,Functioning,FALSE,FALSE,FALSE,Snow,FALSE,Road 1: CHARLES ST E (60 km/h); Road 2: SYDNEY ST S (50 km/h); Vehicle #1     Make:      Model:      Colour:      Style: ; Vehicle #2     Make: MERZ     Model: B20     Colour: BLK     Style: 4W,4/27/2022 10:41:05 AM,542842.1794,4809871.884,Q1,Weekend,FALSE
5267,48748,19015188,1/18/2019 9:00:00 PM,2019,1,18,21,0,Friday,542055.659,4806511.738,-80.480567,43.410319,Non intersection,2,P.D. only,On roadway,SMV,Dark,Municipal,No control,Unknown,FALSE,FALSE,FALSE,Clear,TRUE,Road 1: TUERR DR (50 km/h); Road 2: THE COUNTRY WAY; Distance: 50.0 M N; Vehicle #1     Make:      Model:      Colour:      Style: ; Vehicle #2     Make: HYUN     Model: TUC     Colour: SIL     Style: TY,4/9/2021 4:25:38 PM,542055.659,4806511.738,Q1,Weekend,FALSE
5268,48749,19015237,1/19/2019 3:43:00 PM,2019,1,19,15,43,Saturday,539079.85,4811110.859,-80.516991,43.451891,Intersection,2,P.D. only,On roadway,Intersection,Daylight,Regional,Signal Control,Functioning,FALSE,FALSE,FALSE,Snow,FALSE,Road 1: BELMONT AVE W (50 km/h); Road 2: GLASGOW ST (50 km/h); Vehicle #1     Make: HYUN     Model: SPL     Colour: GRY     Style: 4D; Vehicle #2     Make: VOLK     Model: GTI     Colour: BLK     Style: 4B,4/9/2021 4:28:34 PM,539079.85,4811110.859,Q1,Weekend,FALSE
5269,48750,19015525,1/19/2019 10:52:00 PM,2019,1,19,22,52,Saturday,538664.1189,4806543.224,-80.522453,43.410785,Intersection,2,P.D. only,Off roadway,SMV,Dark,Municipal,Signal Control,Functioning,FALSE,FALSE,FALSE,Snow,FALSE,Road 1: DAVID BERGEY DR (50 km/h); Road 2: OTTAWA ST S (60 km/h); Vehicle #1     Make: KIA     Model: SOU     Colour: GRY     Style: TY,4/9/2021 4:27:01 PM,538664.1189,4806543.224,Q1,Weekend,FALSE
5270,48751,19015694,1/20/2019 7:20:00 AM,2019,1,20,7,20,Sunday,545100.0024,4807763.775,-80.442864,43.421415,Non intersection,1,Non-fatal injury,On roadway,SMV,Dawn,Municipal,No control,Unknown,TRUE,FALSE,FALSE,Snow,FALSE,Road 1: WILSON AVE (50 km/h); Road 2: FAIRWAY RD S; Distance: 38.0 M W; Vehicle #1     Make: HOND     Model: CRV     Colour: SIL     Style: 4W,3/26/2021 11:53:25 AM,545100.0024,4807763.775,Q1,Weekend,FALSE
5271,48752,19015714,1/20/2019 8:18:00 AM,2019,1,20,8,18,Sunday,545348.9417,4806452.78,-80.439898,43.409596,Non intersection,2,P.D. only,Off roadway,SMV,Daylight,Municipal,No control,Unknown,FALSE,FALSE,FALSE,Clear,FALSE,Road 1: 998 WABANAKI DR (50 km/h); Road 2: WILSON AVE; Distance: 75.0 M E; Vehicle #1     Make: VOLK     Model: JES     Colour: WHI     Style: 4D,4/9/2021 4:25:39 PM,545348.9417,4806452.78,Q1,Weekend,FALSE
5272,48753,19015830,1/20/2019 11:00:00 AM,2019,1,20,11,0,Sunday,539467.205,4807813.195,-80.512442,43.422178,Private Drive,2,P.D. only,Off roadway,SMV,Daylight,Municipal,No control,Unknown,FALSE,FALSE,FALSE,Snow,FALSE,Road 1: 525 GREENBROOK DR (50 km/h); Road 2: GREENBROOK DR; Distance: 2.0 K E; Vehicle #1     Make: DODG     Model: CAR     Colour: SIL     Style: VN,4/9/2021 4:29:14 PM,539467.205,4807813.195,Q1,Weekend,FALSE
5273,48754,19015856,1/20/2019 11:31:00 PM,2019,1,20,23,31,Sunday,540991.5439,4812247.612,-80.493279,43.462024,Non intersection,2,P.D. only,Off roadway,SMV,Dark,Municipal,No control,Unknown,FALSE,FALSE,FALSE,Snow,FALSE,Road 1: 223 MARGARET AVE (50 km/h); Road 2: MARGARET AVE; Distance: 3.0 M W; Vehicle #1     Make: FORD     Model: CVL     Colour:      Style: 4D,4/9/2021 4:25:31 PM,540991.5439,4812247.612,Q1,Weekend,FALSE
5274,48755,19015986,1/20/2019 2:32:00 PM,2019,1,20,14,32,Sunday,540337.2243,4805513.152,-80.501865,43.401422,Intersection,2,Non-reportable,Off roadway,SMV,Daylight,Regional,Sign Control,Functioning,FALSE,FALSE,FALSE,Snow,FALSE,Road 1: COMMONWEALTH CRES (50 km/h); Road 2: COMMONWEALTH ST (50 km/h); Distance: 1.0 M S; Vehicle #1     Make: DODG     Model: CTX     Colour: WHI     Style: 2D,4/9/2021 4:26:59 PM,540337.2243,4805513.153,Q1,Weekend,FALSE
5275,48756,19016004,1/20/2019 1:00:00 PM,2019,1,20,13,0,Sunday,544563.4253,4808498.47,-80.449432,43.428063,Private Drive,2,P.D. only,On roadway,SMV,Daylight,Municipal,No control,Unknown,FALSE,FALSE,FALSE,Clear,FALSE,Road 1: 172 NINTH AVE (50 km/h); Road 2: NINTH AVE; Distance: 0.0 K S; Vehicle #1     Make: TOYT     Model: TAC     Colour: GRY     Style: PK; Vehicle #2     Make: VOLK     Model: JSA     Colour: GRY     Style: 4D,4/9/2021 4:29:11 PM,544563.4253,4808498.47,Q1,Weekend,FALSE
5276,48757,19016050,1/19/2019 7:00:00 PM,2019,1,19,19,0,Saturday,536573.9806,4807475.702,-80.548205,43.419286,Intersection,2,P.D. only,Off roadway,SMV,Dark,Municipal,Sign Control,Functioning,FALSE,FALSE,FALSE,Snow,TRUE,Road 1: TRADEWINDS PL (50 km/h); Road 2: ROLLING MEADOWS DR (50 km/h); Vehicle #1     Make: NISS     Model: VNR     Colour: BLU     Style: 4B,4/9/2021 4:26:58 PM,536573.9806,4807475.702,Q1,Weekend,FALSE
5277,48758,19016066,1/20/2019 4:46:00 PM,2019,1,20,16,46,Sunday,540794.5034,4809184.115,-80.495943,43.434451,Intersection,2,P.D. only,On roadway,Intersection,Dusk,Municipal,Sign Control,Functioning,FALSE,FALSE,FALSE,Clear,FALSE,Road 1: STIRLING AVE S (50 km/h); Road 2: PLEASANT AVE (50 km/h); Distance: 5.0 M S; Vehicle #1     Make: TOYT     Model: MTL     Colour: RED     Style: 4D; Vehicle #2     Make: ACUR     Model: MDX     Colour: WHI     Style: TY,4/9/2021 4:28:09 PM,540794.5034,4809184.116,Q1,Weekend,FALSE
5278,48759,19016120,1/20/2019 4:45:00 PM,2019,1,20,16,45,Sunday,537224.5491,4809361.587,-80.540041,43.436235,Intersection,2,P.D. only,Off roadway,SMV,Dusk,Municipal,Sign Control,Functioning,FALSE,FALSE,FALSE,Snow,FALSE,Road 1: LYNNVALLEY CRES (50 km/h); Road 2: TRELAWNEY ST (50 km/h); Vehicle #1     Make: CHEV     Model: IMT     Colour: GRY     Style: 4D,4/9/2021 4:27:00 PM,537224.5491,4809361.587,Q1,Weekend,FALSE
5279,48760,19016575,1/21/2019 9:15:00 AM,2019,1,21,9,15,Monday,539057.6933,4809319.706,-80.517393,43.435764,Private Drive,2,P.D. only,On roadway,Other,Daylight,Municipal,No control,Unknown,FALSE,FALSE,FALSE,Clear,TRUE,Road 1: 61 HIGHLAND CRES (50 km/h); Road 2: HIGHLAND CRES; Vehicle #1     Make: TOYT     Model: CEN     Colour: BLK     Style: TY; Vehicle #2     Make: NISS     Model: ATS     Colour: BLU     Style: 4D,4/9/2021 4:29:07 PM,539057.6933,4809319.706,Q1,Working,FALSE
5280,48761,19016592,1/21/2019 11:05:00 AM,2019,1,21,11,5,Monday,548497.4561,4806561.261,-80.401003,43.410376,Private Drive,2,P.D. only,Off roadway,Other,Daylight,Municipal,No control,Unknown,FALSE,FALSE,FALSE,Clear,FALSE,Road 1: 4195 DEER RIDGE DR (50 km/h); Road 2: KING ST E; Distance: 12.0 M S; Vehicle #1     Make: SUBA     Model: STI     Colour: BLU     Style: 4D; Vehicle #2     Make: RAM     Model: RTR     Colour: WHI     Style: CW,4/9/2021 4:29:09 PM,548497.4561,4806561.261,Q1,Working,FALSE
5281,48762,19016632,1/31/2019 11:45:00 AM,2019,1,31,11,45,Thursday,544831.9127,4810445.512,-80.445955,43.445578,Intersection,2,P.D. only,On roadway,Intersection,Daylight,Municipal,Sign Control,Functioning,FALSE,FALSE,FALSE,Clear,FALSE,Road 1: MIDLAND DR (50 km/h); Road 2: BRADLEY DR (50 km/h); Distance:  K; Vehicle #1     Make: VOLK     Model: G37     Colour:      Style: 4DR; Vehicle #2     Make: VOLK     Model: JSA     Colour: GRY     Style: 4D,4/9/2021 4:28:11 PM,544831.9127,4810445.512,Q1,Weekend,FALSE
5282,48763,19016650,1/31/2019 12:53:00 PM,2019,1,31,12,53,Thursday,539662.3595,4808510.717,-80.509981,43.428449,Private Drive,2,P.D. only,On roadway,SMV,Daylight,Municipal,No control,Unknown,FALSE,FALSE,FALSE,Clear,FALSE,Road 1: WARREN RD (50 km/h); Road 2: 177 WARREN RD; Distance: 0.0 K N; Vehicle #1     Make: TOYT     Model: LCW     Colour: WHI     Style: TY; Vehicle #2     Make: GMC     Model: SIE     Colour: BLK     Style: PK,4/9/2021 4:29:10 PM,539662.3595,4808510.717,Q1,Weekend,FALSE
5283,48764,19017268,1/22/2019 8:40:00 AM,2019,1,22,8,40,Tuesday,544116.9913,4811895.93,-80.454673,43.45868,Intersection,2,P.D. only,On roadway,Intersection,Daylight,Regional,No control,Functioning,FALSE,FALSE,FALSE,Clear,FALSE,Road 1: RIVER RD E (50 km/h); Road 2: MANCHESTER RD (50 km/h); Vehicle #1     Make: VOLK     Model: JES     Colour: WHI     Style: 4D; Vehicle #2     Make: NFLY     Model: D8D     Colour: WHI     Style: BU,4/9/2021 4:28:18 PM,544116.9913,4811895.93,Q1,Working,FALSE