,OBJECTID,ACCIDENTNUM,ACCIDENTDATE,ACCIDENT_YEAR,ACCIDENT_MONTH,ACCIDENT_DAY,ACCIDENT_HOUR,ACCIDENT_MINUTE,Accident_Day,XCOORD,YCOORD,LONGITUDE,LATITUDE,Accident_Location,COLLISIONTYPE,Accident_Type,Impact_Location,Impact_Type,Light,Road_Jurisdication,Traffic_Control,Traffic_Control_Condition,Pedestrian_Involved,Cyclist_Involved,Motorcyclist_Involved,Environment_Condition,Self_Reported,XMLIMPORTNOTES,LASTEDITEDDATE,x,y,Quarter,Day_Type,Vulnerable_Involved
5284,48765,19017668,1/21/2019 2:50:00 PM,2019,1,21,14,50,Monday,539080.7369,4811109.964,-80.51698,43.451883,Intersection,2,Non-reportable,On roadway,Other,Daylight,Municipal,Signal Control,Functioning,FALSE,FALSE,FALSE,Clear,TRUE,Road 1: BELMONT AVE W; Road 2: GLASGOW ST; Vehicle #1     Make: TOYT     Model: HIG     Colour: WHI     Style: TY; Vehicle #2     Make:      Model:      Colour:      Style:,4/9/2021 4:27:15 PM,539080.7369,4811109.964,Q1,Working,FALSE
5285,48766,19017758,1/22/2019 4:45:00 PM,2019,1,22,16,45,Tuesday,542842.6948,4809874.163,-80.470583,43.44055,Intersection,2,P.D. only,On roadway,Intersection,Dusk,Regional,No control,Functioning,FALSE,FALSE,FALSE,Clear,TRUE,Road 1: CHARLES ST E; Road 2: SYDNEY ST S; Vehicle #1     Make: NISS     Model: CXT     Colour: BLK     Style: TY; Vehicle #2     Make: TOYT     Model: UXS     Colour: BRN     Style: 4D,4/27/2022 10:41:08 AM,542842.6948,4809874.163,Q1,Working,FALSE
5286,48767,19017791,1/22/2019 4:50:00 PM,2019,1,22,16,50,Tuesday,541661.6152,4810409.289,-80.485136,43.445435,Intersection,2,P.D. only,On roadway,Intersection,Dusk,Municipal,No control,Functioning,FALSE,FALSE,FALSE,Clear,TRUE,Road 1: CEDAR ST S; Road 2: CHURCH ST; Vehicle #1     Make: PONT     Model: VIB     Colour: WHI     Style: 4B; Vehicle #2     Make: FORD     Model: FE     Colour: GRY     Style: 4D,4/27/2022 10:41:48 AM,541661.6152,4810409.289,Q1,Working,FALSE
5287,48768,19018227,1/23/2019 9:45:00 AM,2019,1,23,9,45,Wednesday,544496.5167,4807782.585,-80.450317,43.421621,Private Drive,2,P.D. only,Off roadway,Intersection,Daylight,Municipal,No control,Unknown,FALSE,FALSE,FALSE,Snow,TRUE,Road 1: TRAYNOR AVE (IN FRONT OF 249); Vehicle #1     Make: HYUN     Model: TUC     Colour: GRY     Style: TY; Vehicle #2     Make: BUIC     Model: AXS     Colour: BRN     Style: 4D,4/9/2021 4:29:17 PM,544496.5167,4807782.585,Q1,Working,FALSE
5288,48769,19018327,1/23/2019 9:02:00 AM,2019,1,23,9,2,Wednesday,542108.4791,4807131.648,-80.479867,43.415898,Intersection,2,P.D. only,On roadway,Rear end,Daylight,Municipal,Signal Control,Functioning,FALSE,FALSE,FALSE,Snow,TRUE,Road 1: BLOCK LINE RD; Road 2: STRASBURG RD; Vehicle #1     Make: KIA     Model: SOU     Colour: WHI     Style: TY; Vehicle #2     Make: HYUN     Model: ESE     Colour: BLU     Style: 4D,4/9/2021 4:27:16 PM,542108.4791,4807131.648,Q1,Working,FALSE
5289,48770,19018694,1/23/2019 6:45:00 PM,2019,1,23,18,45,Wednesday,539204.8699,4807795.304,-80.515684,43.422031,Non intersection,2,P.D. only,On roadway,Intersection,Dark,Municipal,No control,Unknown,FALSE,FALSE,FALSE,Rain,TRUE,Road 1: 91 UPLANDS DR; Vehicle #1     Make: SUBA     Model: IPR     Colour: BLK     Style: SW; Vehicle #2     Make: CHEV     Model: SIL     Colour: WHI     Style: PK,4/9/2021 4:25:55 PM,539204.8699,4807795.304,Q1,Working,FALSE
5290,48771,19018907,2/23/2019 12:07:00 AM,2019,2,23,0,7,Saturday,541096.5252,4812890.843,-80.491933,43.46781,Intersection,2,P.D. only,Off roadway,SMV,Dark,Municipal,Sign Control,Functioning,FALSE,FALSE,FALSE,Snow,FALSE,Road 1: ST LEGER ST (40 km/h); Road 2: PRUETER AVE (40 km/h); Vehicle #1     Make: CHEV     Model: RAX     Colour: RED     Style: TY,4/9/2021 4:26:56 PM,541096.5252,4812890.843,Q1,Weekend,FALSE
5291,48772,19019175,1/24/2019 8:55:00 AM,2019,1,24,8,55,Thursday,537421.1632,4806703.213,-80.537793,43.412289,Private Drive,2,P.D. only,On roadway,SMV,Daylight,Municipal,No control,Unknown,FALSE,FALSE,FALSE,Clear,TRUE,Road 1: 242 DRIFTWOOD DR; Vehicle #1     Make: BUIC     Model: CCU     Colour: GRY     Style: 4D; Vehicle #2     Make: FORD     Model: ESC     Colour: GRN     Style: 4D,4/9/2021 4:29:36 PM,537421.1632,4806703.213,Q1,Weekend,FALSE
5292,48773,19019196,1/24/2019 8:30:00 AM,2019,1,24,8,30,Thursday,545296.2259,4813684.3,-80.439948,43.474712,Non intersection,2,P.D. only,On roadway,Intersection,Daylight,Municipal,No control,Unknown,FALSE,FALSE,FALSE,Clear,TRUE,Road 1: SHIRLEY DR KITCHENER ON; Road 2: HESH CRESSCENT; Distance: 65.0 M W; Vehicle #1     Make: NISS     Model: NV2     Colour: WHI     Style: FV; Vehicle #2     Make: JEEP     Model: LIB     Colour: GRY     Style: TY,3/26/2021 11:53:11 AM,545296.2259,4813684.3,Q1,Weekend,FALSE
5293,48774,19019277,1/24/2019 10:40:00 AM,2019,1,24,10,40,Thursday,547853.3553,4804459.787,-80.409142,43.391496,Non intersection,2,P.D. only,On roadway,Rear end,Daylight,Municipal,No control,Unknown,FALSE,FALSE,FALSE,Clear,TRUE,Road 1: DOON VALLEY DR (IFO 210); Road 2: ORCHARD MILL CRESCENT; Distance: 20.0 M E; Vehicle #1     Make: DODG     Model: CXT     Colour: WHI     Style: 4D; Vehicle #2     Make: SUZI     Model: H3N     Colour: BLU     Style: 4B,3/26/2021 11:53:13 AM,547853.3553,4804459.788,Q1,Weekend,FALSE
5294,48775,19019482,1/24/2019 3:15:00 PM,2019,1,24,15,15,Thursday,539566.8017,4811350.354,-80.510955,43.454022,Non intersection,2,Non-reportable,On roadway,Intersection,Daylight,Municipal,No control,Unknown,FALSE,FALSE,FALSE,Clear,TRUE,Road 1: GLASGOW ST; Road 2: PARK ST; Vehicle #1     Make: FORD     Model: FMS     Colour: GRY     Style: 4B; Vehicle #2     Make:      Model:      Colour:      Style:,4/9/2021 4:26:02 PM,539566.8017,4811350.354,Q1,Weekend,FALSE
5295,48776,19019971,1/25/2019 7:00:00 AM,2019,1,25,7,0,Friday,546066.1793,4809148.59,-80.430812,43.433826,Non intersection,2,P.D. only,On roadway,SMV,Dark,Municipal,No control,Unknown,FALSE,FALSE,FALSE,Clear,TRUE,Road 1: 164 THALER AVE; Vehicle #1     Make:      Model:      Colour:      Style: ; Vehicle #2     Make: HOND     Model: AXL     Colour: BLK     Style: 2D,4/9/2021 4:26:08 PM,546066.1793,4809148.59,Q1,Weekend,FALSE
5296,48777,19019980,1/25/2019 9:15:00 AM,2019,1,25,9,15,Friday,537538.3972,4810024.632,-80.536117,43.442189,Private Drive,2,P.D. only,On roadway,Other,Daylight,Municipal,No control,Unknown,FALSE,FALSE,FALSE,Clear,TRUE,Road 1: WESTWOOD DR (IFO 313); Road 2: INADALE CT; Distance: 30.0 M E; Vehicle #1     Make: CHEV     Model: SIL     Colour: RED     Style: PK; Vehicle #2     Make: CHEV     Model: CZT     Colour: GRY     Style: 4D,4/9/2021 4:29:41 PM,537538.3972,4810024.632,Q1,Weekend,FALSE
5297,48778,19020082,1/25/2019 8:15:00 AM,2019,1,25,8,15,Friday,548540.141,4806590.262,-80.400473,43.410634,Non intersection,2,P.D. only,On roadway,Rear end,Daylight,Municipal,No control,Unknown,FALSE,FALSE,FALSE,Clear,TRUE,Road 1: DEER RIDGE DR; Road 2: KING ST E; Vehicle #1     Make: HYUN     Model: ESS     Colour: GRY     Style: 4D; Vehicle #2     Make: TOYT     Model: RV4     Colour: WHI     Style: TY,4/9/2021 4:25:53 PM,548540.141,4806590.262,Q1,Weekend,FALSE
5298,48779,19020269,1/25/2019 1:15:00 PM,2019,1,25,13,15,Friday,539534.7604,4809510.186,-80.511485,43.437455,Private Drive,2,Non-reportable,On roadway,Intersection,Daylight,Municipal,No control,Unknown,FALSE,FALSE,FALSE,Clear,TRUE,Road 1: 370 HIGHLAND RD W; Vehicle #1     Make: HYUN     Model: EGM     Colour: RED     Style: 4D; Vehicle #2     Make:      Model:      Colour:      Style:,4/27/2022 10:42:44 AM,539534.7604,4809510.186,Q1,Weekend,FALSE
5299,48780,19020275,1/25/2019 1:50:00 PM,2019,1,25,13,50,Friday,541747.415,4810736.127,-80.484051,43.448373,Private Drive,2,P.D. only,On roadway,Other,Daylight,Municipal,No control,Unknown,FALSE,FALSE,FALSE,Snow,TRUE,Road 1: EBY ST N; Road 2: MARKET LN; Vehicle #1     Make: HOND     Model: ULX     Colour: RED     Style: 2D; Vehicle #2     Make: DODG     Model: CAR     Colour: BLK     Style: VN,4/9/2021 4:29:43 PM,541747.415,4810736.127,Q1,Weekend,FALSE
5300,48781,19020290,1/25/2019 12:30:00 PM,2019,1,25,12,30,Friday,537917.5403,4810038.458,-80.531431,43.442295,Private Drive,2,P.D. only,Off roadway,SMV,Daylight,Municipal,No control,Unknown,FALSE,FALSE,FALSE,Snow,TRUE,Road 1: 127 MARKWOOD DR; Vehicle #1     Make: DODG     Model: CHA     Colour: SIL     Style: 4D; Vehicle #2     Make: KIA     Model: CRO     Colour: WHI     Style: 4B,4/9/2021 4:29:47 PM,537917.5403,4810038.459,Q1,Weekend,FALSE
5301,48782,19020356,1/25/2019 3:45:00 PM,2019,1,25,15,45,Friday,541373.2248,4808667.309,-80.488832,43.429766,Private Drive,2,P.D. only,On roadway,Other,Daylight,Municipal,No control,Unknown,FALSE,FALSE,FALSE,Clear,TRUE,Road 1: HOFFMAN ST; Road 2: HOMER WATSON BV; Distance: 30.0 M N; Vehicle #1     Make: KIA     Model: SOR     Colour: RED     Style: TY; Vehicle #2     Make: MAZD     Model: M3I     Colour: WHI     Style: 4B,4/9/2021 4:29:48 PM,541373.2248,4808667.309,Q1,Weekend,FALSE
5302,48783,19020491,1/26/2019 6:25:00 PM,2019,1,26,18,25,Saturday,545280.5557,4810744.322,-80.440386,43.448241,Private Drive,2,P.D. only,On roadway,SMV,Dark,Municipal,No control,Unknown,FALSE,FALSE,FALSE,Snow,FALSE,Road 1: 60 CONWAY DR (50 km/h); Road 2: CONWAY DR; Distance: 20.0 K E; Vehicle #1     Make: JEEP     Model: GCK     Colour: BLK     Style: TY; Vehicle #2     Make: GMC     Model: SIE     Colour: BLU     Style: PK,4/9/2021 4:29:14 PM,545280.5557,4810744.322,Q1,Weekend,FALSE
5303,48784,19020523,1/25/2019 7:30:00 PM,2019,1,25,19,30,Friday,540217.8958,4805818.975,-80.503316,43.404182,Intersection,2,P.D. only,On roadway,Intersection,Dark,Municipal,No control,Functioning,FALSE,FALSE,FALSE,Snow,TRUE,Road 1: COMMONWEALTH ST; Road 2: MAX BECKER DR; Vehicle #1     Make: TOYT     Model: MTL     Colour: BLK     Style: 4D; Vehicle #2     Make: FORD     Model: COF     Colour: WHI     Style: PK,4/9/2021 4:28:47 PM,540217.8958,4805818.975,Q1,Weekend,FALSE
5304,48785,19021078,1/26/2019 1:00:00 PM,2019,1,26,13,0,Saturday,546977.5803,4810001.012,-80.419478,43.441444,Private Drive,2,P.D. only,Off roadway,SMV,Daylight,Regional,No control,Unknown,FALSE,FALSE,FALSE,Clear,FALSE,Road 1: 53 BRIARFIELD ST (50 km/h); Road 2: BRIARFIELD ST; Distance: 1.0 M W; Vehicle #1     Make: TOYT     Model: CHB     Colour: SIL     Style: 4D; Vehicle #2     Make: FORD     Model: COF     Colour: BLU     Style: CW,4/9/2021 4:29:15 PM,546977.5803,4810001.012,Q1,Weekend,FALSE
5305,48786,19021761,1/27/2019 8:45:00 AM,2019,1,27,8,45,Sunday,545915.7326,4805543.015,-80.432974,43.40137,Intersection,2,P.D. only,On roadway,SMV,Daylight,Municipal,Sign Control,Unknown,FALSE,FALSE,FALSE,Snow,TRUE,Road 1: HURON RD; Road 2: MILL PARK DR; Vehicle #1     Make: HOND     Model: UAX     Colour: GRN     Style: 4D,4/9/2021 4:27:42 PM,545915.7326,4805543.015,Q1,Weekend,FALSE
5306,48787,19021871,1/27/2019 3:30:00 PM,2019,1,27,15,30,Sunday,540576.0712,4809520.674,-80.498617,43.437493,Intersection,2,P.D. only,On roadway,Other,Daylight,Municipal,Sign Control,Functioning,FALSE,FALSE,FALSE,Clear,FALSE,Road 1: PLEASANT AVE (50 km/h); Road 2: BINSCARTH RD (50 km/h); Distance: 5.0 M W; Vehicle #1     Make: VOLK     Model: GLF     Colour: SIL     Style: 4B; Vehicle #2     Make: NISS     Model: ATS     Colour: BLK     Style: 4D,4/9/2021 4:28:14 PM,540576.0712,4809520.674,Q1,Weekend,FALSE
5307,48788,19021979,1/27/2019 6:00:00 PM,2019,1,27,18,0,Sunday,546840.4003,4804258.847,-80.421666,43.38975,Intersection,2,P.D. only,On roadway,Rear end,Dark,Municipal,Signal Control,Functioning,FALSE,FALSE,FALSE,Clear,TRUE,Road 1: DOON VILLAGE RD; Road 2: DOON S DR; Distance: 10.0 M S; Vehicle #1     Make: STRN     Model: SI2     Colour: BLU     Style: 2D; Vehicle #2     Make: HOND     Model: CRV     Colour: BLU     Style: TY,4/9/2021 4:28:46 PM,546840.4003,4804258.847,Q1,Weekend,FALSE
5308,48789,19022550,1/28/2019 1:30:00 PM,2019,1,28,13,30,Monday,540714.8678,4812606.628,-80.496672,43.465272,Non intersection,2,P.D. only,Off roadway,SMV,Daylight,Municipal,No control,Unknown,FALSE,FALSE,FALSE,Clear,TRUE,Road 1: MARGARET AVE; Road 2: HARTWOOD AVE; Distance: 100.0 M E; Vehicle #1     Make: MAZD     Model: TRI     Colour: SIL     Style: TY,4/9/2021 4:26:39 PM,540714.8678,4812606.628,Q1,Working,FALSE
5309,48790,19022599,1/28/2019 2:17:00 PM,2019,1,28,14,17,Monday,545035.1994,4807869.6,-80.443656,43.422372,Intersection,2,Non-reportable,On roadway,Rear end,Daylight,Municipal,Signal Control,Functioning,FALSE,FALSE,FALSE,Snow,TRUE,Road 1: WILSON AVE; Road 2: KINGSWAY DR; Vehicle #1     Make: TOYT     Model: PRI     Colour: BLU     Style: 4B; Vehicle #2     Make:      Model:      Colour:      Style:,4/9/2021 4:27:21 PM,545035.1994,4807869.6,Q1,Working,FALSE
5310,48791,19022645,1/28/2019 10:30:00 AM,2019,1,28,10,30,Monday,542414.5572,4816069.672,-80.475391,43.496358,Non intersection,2,P.D. only,On roadway,Other,Daylight,Municipal,No control,Unknown,FALSE,FALSE,FALSE,Clear,TRUE,Road 1: HAWKSWOOD DR; Road 2: RIVERLINK WAY; Distance: 20.0 M S; Vehicle #1     Make: HYUN     Model: ASE     Colour: GRY     Style: 4B; Vehicle #2     Make: TOYT     Model: RV4     Colour: WHI     Style: TY,4/9/2021 4:26:37 PM,542414.5572,4816069.672,Q1,Working,FALSE
5311,48792,19022688,1/28/2019 5:30:00 PM,2019,1,28,17,30,Monday,541140.9787,4806765.391,-80.491845,43.412654,Intersection,2,P.D. only,On roadway,Rear end,Dusk,Municipal,No control,Functioning,FALSE,FALSE,FALSE,Snow,TRUE,Road 1: BLOCK LINE RD; Road 2: LAURENTIAN DR; Vehicle #1     Make: STRN     Model: SI3     Colour: GRY     Style: 4D; Vehicle #2     Make: DODG     Model: JOU     Colour: ONG     Style: TY,4/9/2021 4:27:42 PM,541140.9787,4806765.391,Q1,Working,FALSE
5312,48793,19022744,1/28/2019 4:35:00 PM,2019,1,28,16,35,Monday,545067.6254,4807839.308,-80.443258,43.422098,Other,2,P.D. only,On roadway,Rear end,Daylight,Municipal,No control,Unknown,FALSE,FALSE,FALSE,Snow,TRUE,Road 1: WILSON AVE (NEAR RAILWAY CROSSING); Road 2: KINGSWAY DR; Vehicle #1     Make: HYUN     Model: ESM     Colour: BLK     Style: 4D; Vehicle #2     Make: MAZD     Model: 3TR     Colour: RED     Style: 4D,4/9/2021 4:30:16 PM,545067.6254,4807839.308,Q1,Working,FALSE
5313,48794,19023077,1/29/2019 6:30:00 AM,2019,1,29,6,30,Tuesday,544571.4751,4813350.532,-80.448936,43.47175,Private Drive,2,P.D. only,On roadway,Intersection,Dark,Municipal,No control,Unknown,FALSE,FALSE,FALSE,Clear,TRUE,Road 1: BINGEMANS CENTRE DR (IFO 460); Road 2: SHIRLEY DR; Distance: 500.0 M W; Vehicle #1     Make: FORD     Model: DRW     Colour: WHI     Style: CB; Vehicle #2     Make: HOND     Model: CRV     Colour: SIL     Style: TY,4/9/2021 4:30:09 PM,544571.4751,4813350.532,Q1,Working,FALSE
5314,48795,19023305,1/28/2019 5:30:00 PM,2019,1,28,17,30,Monday,541877.3936,4807412.565,-80.4827,43.41844,Non intersection,2,P.D. only,On roadway,Intersection,Dusk,Municipal,No control,Unknown,FALSE,FALSE,FALSE,Snow,TRUE,Road 1: STRASBURG RD; Road 2: SELKIRK DR; Distance: 30.0 M N; Vehicle #1     Make: DODG     Model: CAR     Colour: BGE     Style: VN; Vehicle #2     Make: HOND     Model: UCD     Colour: SIL     Style: 4D,4/9/2021 4:27:03 PM,541877.3936,4807412.565,Q1,Working,FALSE
5315,48796,19023319,1/28/2019 4:30:00 PM,2019,1,28,16,30,Monday,540375.8807,4805919.224,-80.501357,43.405076,Intersection,2,Non-reportable,On roadway,Rear end,Daylight,Municipal,No control,Unknown,FALSE,FALSE,FALSE,Clear,TRUE,Road 1: MAX BECKER DR; Road 2: FISCHER-HALLMAN RD; Distance: 5.0 M W; Vehicle #1     Make: TOYT     Model: SIE     Colour: GRY     Style: VN; Vehicle #2     Make: INFI     Model: XTR     Colour: BLU     Style: TY,8/16/2022 3:01:49 PM,540375.8807,4805919.224,Q1,Working,FALSE
5316,48797,19023423,1/29/2019 9:13:00 AM,2019,1,29,9,13,Tuesday,543988.4095,4807776.911,-80.456594,43.4216,Intersection,2,P.D. only,On roadway,Intersection,Daylight,Municipal,No control,Functioning,FALSE,FALSE,FALSE,Clear,TRUE,Road 1: VANIER DR; Road 2: SIEBERT AVE; Vehicle #1     Make: HYUN     Model: VEL     Colour: WHI     Style: 4D; Vehicle #2     Make:      Model:      Colour:      Style:,4/9/2021 4:28:49 PM,543988.4095,4807776.912,Q1,Working,FALSE
5317,48798,19023439,1/29/2019 3:20:00 PM,2019,1,29,15,20,Tuesday,546751.5629,4804934.166,-80.422705,43.395836,Non intersection,2,P.D. only,On roadway,SMV,Daylight,Municipal,No control,Unknown,FALSE,FALSE,FALSE,Snow,TRUE,Road 1: MILL PARK DR; Vehicle #1     Make: SUBA     Model: FOR     Colour: GRN     Style: 4W,4/9/2021 4:26:40 PM,546751.5629,4804934.166,Q1,Working,FALSE
5318,48799,19023489,1/25/2019 8:00:00 AM,2019,1,25,8,0,Friday,547391.8023,4810111.768,-80.41435,43.442415,Intersection,2,P.D. only,On roadway,SMV,Daylight,Municipal,Sign Control,Unknown,FALSE,FALSE,FALSE,Clear,TRUE,Road 1: TREMAINE DR; Vehicle #1     Make: JEEP     Model: WUL     Colour: BRN     Style: TY,4/9/2021 4:27:46 PM,547391.8023,4810111.768,Q1,Weekend,FALSE
5319,48800,19023506,1/29/2019 5:05:00 PM,2019,1,29,17,5,Tuesday,542570.6273,4805980.781,-80.474248,43.405509,Intersection,2,Non-reportable,On roadway,Intersection,Dusk,Municipal,Sign Control,Unknown,FALSE,FALSE,FALSE,Snow,TRUE,Road 1: STRASBURG RD; Road 2: SHOEMAKER ST; Vehicle #1     Make: MAZD     Model: CX5     Colour: GRY     Style: TY; Vehicle #2     Make: HYUN     Model: CAS     Colour: SIL     Style: 2B,4/9/2021 4:27:30 PM,542570.6273,4805980.781,Q1,Working,FALSE
5320,48801,19023513,1/29/2019 5:20:00 PM,2019,1,29,17,20,Tuesday,545134.3878,4807616.607,-80.442451,43.420088,Non intersection,2,P.D. only,On roadway,Intersection,Dusk,Municipal,No control,Unknown,FALSE,FALSE,FALSE,Clear,TRUE,Road 1: 509 WILSON AVE (NEAR BABIES R U PARKING ENTRACE); Vehicle #1     Make: VOLK     Model: TIG     Colour: BLU     Style: TY; Vehicle #2     Make: HINO     Model: 338     Colour: WHI     Style: FV,4/9/2021 4:26:33 PM,545134.3878,4807616.607,Q1,Working,FALSE
5321,48802,19023561,1/29/2019 8:10:00 AM,2019,1,29,8,10,Tuesday,543391.4777,4804756.32,-80.464208,43.394437,Intersection,2,Non-reportable,On roadway,Rear end,Daylight,Municipal,No control,Functioning,FALSE,FALSE,FALSE,Clear,TRUE,Road 1: HURON RD; Road 2: TEMPLEWOOD DR; Distance: 5.0 M S; Vehicle #1     Make:      Model:      Colour:      Style: ; Vehicle #2     Make: KIA     Model: SED     Colour: SIL     Style: VN,4/9/2021 4:27:29 PM,543391.4777,4804756.32,Q1,Working,FALSE
5322,48803,19023839,1/30/2019 7:00:00 AM,2019,1,30,7,0,Wednesday,546129.0769,4804999.628,-80.430385,43.396464,Intersection,1,Non-fatal injury,On roadway,SMV,Dawn,Municipal,Sign Control,Functioning,TRUE,FALSE,FALSE,Clear,FALSE,Road 1: PIONEER DR (50 km/h); Road 2: GREEN VALLEY DR (50 km/h); Distance:  K; Vehicle #1     Make:      Model: -     Colour:      Style: ; Vehicle #2     Make:      Model: -     Colour:      Style:,4/9/2021 4:28:23 PM,546129.0769,4804999.629,Q1,Working,FALSE
5323,48804,19024073,1/30/2019 10:00:00 AM,2019,1,30,10,0,Wednesday,541876.1914,4811808.99,-80.482377,43.458026,Intersection,2,P.D. only,On roadway,Intersection,Daylight,Municipal,No control,Functioning,FALSE,FALSE,FALSE,Clear,TRUE,Road 1: LANCASTER ST E; Road 2: QUEEN ST N; Vehicle #1     Make: HYUN     Model: SFT     Colour: WHI     Style: TY; Vehicle #2     Make: HYUN     Model: SHL     Colour: GRY     Style: 4D,8/16/2022 3:03:18 PM,541876.1914,4811808.991,Q1,Working,FALSE
5324,48805,19024157,1/29/2019 6:43:00 PM,2019,1,29,18,43,Tuesday,538354.6301,4805449.25,-80.526352,43.400951,Non intersection,2,Non-reportable,Off roadway,SMV,Dark,Municipal,No control,Unknown,FALSE,FALSE,FALSE,Snow,TRUE,Road 1: GRAVEL RIDGE TRAIL; Road 2: ELIZA AVE; Distance: 120.0 M N; Vehicle #1     Make:      Model:      Colour:      Style: ; Vehicle #2     Make: PONT     Model: GAS     Colour: WHI     Style: 4D,4/9/2021 4:26:19 PM,538354.6301,4805449.25,Q1,Working,FALSE
5325,48806,19024361,1/30/2019 6:10:00 PM,2019,1,30,18,10,Wednesday,545851.4161,4809756.511,-80.433415,43.439312,Intersection,2,P.D. only,Off roadway,Intersection,Dark,Municipal,Signal Control,Functioning,FALSE,FALSE,FALSE,Clear,TRUE,Road 1: RIVER RD E; Road 2: OLD CHICOPEE DR; Vehicle #1     Make:      Model:      Colour:      Style: ; Vehicle #2     Make: FORD     Model: RNG     Colour: BLU     Style: PK,4/9/2021 4:27:29 PM,545851.4161,4809756.511,Q1,Working,FALSE
5326,48807,19024366,1/26/2019 2:15:00 PM,2019,1,26,14,15,Saturday,540930.7944,4810828.91,-80.494136,43.449253,Non intersection,2,P.D. only,On roadway,Intersection,Daylight,Municipal,No control,Unknown,FALSE,FALSE,FALSE,Clear,TRUE,Road 1: JOSEPH ST; Road 2: GAUKEL ST; Vehicle #1     Make: HOND     Model: UCL     Colour: SIL     Style: 4D; Vehicle #2     Make:      Model:      Colour:      Style:,4/9/2021 4:26:40 PM,540930.7944,4810828.91,Q1,Weekend,FALSE
5327,48808,19024735,1/31/2019 8:03:00 AM,2019,1,31,8,3,Thursday,543100.2894,4804770.621,-80.467802,43.394583,Private Drive,2,P.D. only,On roadway,Intersection,Daylight,Municipal,No control,Unknown,FALSE,FALSE,FALSE,Clear,FALSE,Road 1: 1825 STRASBURG RD (50 km/h); Road 2: STRASBURG RD; Distance: 1.0 M S; Vehicle #1     Make: CHEV     Model: SSC     Colour: BLK     Style: 2D; Vehicle #2     Make: CHEV     Model: VTL     Colour: BLU     Style: 4B,4/9/2021 4:29:07 PM,543100.2894,4804770.621,Q1,Weekend,FALSE
5328,48809,19024754,1/31/2019 8:32:00 AM,2019,1,31,8,32,Thursday,540390.3595,4812517.048,-80.50069,43.464483,Intersection,2,P.D. only,On roadway,Intersection,Daylight,Municipal,Sign Control,Functioning,FALSE,FALSE,FALSE,Clear,FALSE,Road 1: HARTWOOD AVE (50 km/h); Road 2: ELLIS AVE (50 km/h); Vehicle #1     Make: BMW     Model: MI5     Colour: BLK     Style: 2D; Vehicle #2     Make: PONT     Model: TOR     Colour: BRN     Style: TY,4/9/2021 4:28:13 PM,540390.3595,4812517.048,Q1,Weekend,FALSE
5329,48810,19024765,1/31/2019 8:30:00 AM,2019,1,31,8,30,Thursday,545275.7376,4806435.416,-80.440803,43.409444,Intersection,2,Non-reportable,On roadway,Intersection,Daylight,Municipal,Sign Control,Functioning,FALSE,FALSE,FALSE,Snow,TRUE,Road 1: WILSON AVE; Road 2: WABANAKI DR; Vehicle #1     Make: TOYT     Model: CTR     Colour: GRY     Style: 4B; Vehicle #2     Make: TOYT     Model: CH4     Colour: GRY     Style: 4D,4/9/2021 4:27:30 PM,545275.7376,4806435.416,Q1,Weekend,FALSE
5330,48811,19024783,1/31/2019 9:10:00 AM,2019,1,31,9,10,Thursday,538902.4989,4811024.061,-80.519189,43.451119,Intersection,2,Non-reportable,On roadway,Intersection,Daylight,Municipal,Sign Control,Unknown,FALSE,FALSE,FALSE,Clear,TRUE,Road 1: GLASGOW ST; Road 2: MARINA RD; Vehicle #1     Make: FORD     Model: SPE     Colour: RED     Style: TY; Vehicle #2     Make:      Model:      Colour:      Style:,4/9/2021 4:28:39 PM,538902.4989,4811024.061,Q1,Weekend,FALSE
5331,48812,19024788,1/31/2019 9:10:00 AM,2019,1,31,9,10,Thursday,545314.9373,4804469.414,-80.440482,43.39174,Intersection,2,P.D. only,On roadway,Intersection,Daylight,Municipal,No control,Functioning,FALSE,FALSE,FALSE,Clear,TRUE,Road 1: BECHTEL DR; Road 2: DOON VILLAGE RD; Vehicle #1     Make: NISS     Model: A2B     Colour: BLK     Style: 4D; Vehicle #2     Make: LEXS     Model: RX5     Colour: GRY     Style: TY,4/9/2021 4:27:27 PM,545314.9373,4804469.414,Q1,Weekend,FALSE
5332,48813,19024839,1/31/2019 10:20:00 AM,2019,1,31,10,20,Thursday,540682.8493,4811615.744,-80.497142,43.456352,Intersection,2,P.D. only,On roadway,Intersection,Daylight,Municipal,No control,Functioning,FALSE,FALSE,FALSE,Clear,TRUE,Road 1: WELLINGTON ST N; Road 2: DUKE ST W; Vehicle #1     Make: HOND     Model: UCL     Colour: SIL     Style: 4D; Vehicle #2     Make: GMC     Model: SIE     Colour: RED     Style: PK,4/9/2021 4:28:43 PM,540682.8493,4811615.744,Q1,Weekend,FALSE