,OBJECTID,ACCIDENTNUM,ACCIDENTDATE,ACCIDENT_YEAR,ACCIDENT_MONTH,ACCIDENT_DAY,ACCIDENT_HOUR,ACCIDENT_MINUTE,Accident_Day,XCOORD,YCOORD,LONGITUDE,LATITUDE,Accident_Location,COLLISIONTYPE,Accident_Type,Impact_Location,Impact_Type,Light,Road_Jurisdication,Traffic_Control,Traffic_Control_Condition,Pedestrian_Involved,Cyclist_Involved,Motorcyclist_Involved,Environment_Condition,Self_Reported,XMLIMPORTNOTES,LASTEDITEDDATE,x,y,Quarter,Day_Type,Vulnerable_Involved
5333,48814,19025521,2/1/2019 9:49:00 PM,2019,2,1,21,49,Friday,549012.7024,4806206.943,-80.394671,43.407152,Non intersection,2,Non-reportable,On roadway,Rear end,Dark,Municipal,No control,Unknown,FALSE,FALSE,FALSE,Clear,TRUE,Road 1: SPORTSWORLD DR; Road 2: KING ST E; Distance: 80.0 M N; Vehicle #1     Make: TOYT     Model: RV4     Colour: GRY     Style: TY; Vehicle #2     Make:      Model:      Colour:      Style:,8/16/2022 3:04:30 PM,549012.7024,4806206.943,Q1,Weekend,FALSE
5334,48815,19025547,2/1/2019 8:00:00 AM,2019,2,1,8,0,Friday,547877.214,4806852.702,-80.408638,43.41304,Non intersection,2,P.D. only,On roadway,Other,Daylight,Municipal,No control,Unknown,FALSE,FALSE,FALSE,Clear,TRUE,Road 1: GRAND HILL DR (@ THE END OF DRIVEWAY FOR 54 GRAND HILL); Road 2: THE KIRKSWAY; Distance: 120.0 M W; Vehicle #1     Make: HOND     Model: CVT     Colour: BLU     Style: 4D; Vehicle #2     Make: JEEP     Model: CMP     Colour: WHI     Style: TY,4/9/2021 4:26:41 PM,547877.214,4806852.702,Q1,Weekend,FALSE
5335,48816,19025641,2/1/2019 8:55:00 AM,2019,2,1,8,55,Friday,540265.6904,4805500.516,-80.502749,43.401312,Non intersection,2,Non-reportable,On roadway,Intersection,Daylight,Municipal,No control,Unknown,FALSE,FALSE,FALSE,Clear,TRUE,Road 1: COMMONWEALTH CRESCENT; Vehicle #1     Make: DODG     Model: CAR     Colour: GRY     Style: VN; Vehicle #2     Make: HYUN     Model: SFT     Colour: GRY     Style: TY,4/9/2021 4:26:11 PM,540265.6904,4805500.516,Q1,Weekend,FALSE
5336,48817,19025827,2/1/2019 1:30:00 PM,2019,2,1,13,30,Friday,545147.4631,4807559.567,-80.442295,43.419574,Private Drive,2,P.D. only,On roadway,Intersection,Daylight,Municipal,No control,Unknown,FALSE,FALSE,FALSE,Clear,TRUE,Road 1: WILSON AVE (IFO 696 WILSON AVE); Road 2: FAIRWAY RD S; Vehicle #1     Make: BMW     Model: 52X     Colour: SIL     Style: 4D; Vehicle #2     Make: MAZD     Model: 3TR     Colour: SIL     Style: 4D,4/9/2021 4:30:08 PM,545147.4631,4807559.568,Q1,Weekend,FALSE
5337,48818,19025830,2/1/2019 1:45:00 PM,2019,2,1,13,45,Friday,542473.0839,4812922.47,-80.474913,43.468018,Intersection,2,P.D. only,On roadway,Intersection,Daylight,Municipal,Sign Control,Improper,FALSE,FALSE,FALSE,Clear,TRUE,Road 1: SPRING VALLEY RD; Road 2: 111 TORYORK DR; Vehicle #1     Make: FORD     Model: FPH     Colour: BLK     Style: 4D; Vehicle #2     Make: FORD     Model: TST     Colour: WHI     Style: FV,4/9/2021 4:28:48 PM,542473.0839,4812922.47,Q1,Weekend,FALSE
5338,48819,19026075,2/1/2019 8:58:00 PM,2019,2,1,20,58,Friday,540802.3238,4811143.382,-80.4957,43.452092,Non intersection,2,P.D. only,On roadway,Rear end,Dark,Municipal,No control,Unknown,FALSE,FALSE,FALSE,Clear,TRUE,Road 1: KING ST W; Road 2: WATER ST S; Distance: 100.0 M W; Vehicle #1     Make: HYUN     Model: TUC     Colour: BLK     Style: TY; Vehicle #2     Make: DODG     Model: JOU     Colour: BLK     Style: TY,4/27/2022 10:39:21 AM,540802.3238,4811143.382,Q1,Weekend,FALSE
5339,48820,19026084,2/1/2019 4:30:00 PM,2019,2,1,16,30,Friday,542152.2072,4810391.936,-80.479075,43.445251,Non intersection,2,P.D. only,On roadway,Rear end,Daylight,Municipal,No control,Unknown,FALSE,FALSE,FALSE,Clear,TRUE,Road 1: PANDORA AVE S; Road 2: KING ST EAST KITCHENER; Distance: 15.0 M E; Vehicle #1     Make: TOYT     Model: CHR     Colour: BLU     Style: 4W; Vehicle #2     Make: TOYT     Model: CBA     Colour: WHI     Style: 4D,4/9/2021 4:26:42 PM,542152.2072,4810391.937,Q1,Weekend,FALSE
5340,48821,19026270,2/1/2019 6:40:00 PM,2019,2,1,18,40,Friday,545364.5857,4811022.306,-80.439325,43.450739,Intersection,2,P.D. only,On roadway,Rear end,Dark,Municipal,No control,Functioning,FALSE,FALSE,FALSE,Clear,FALSE,Road 1: OLD CHICOPEE DR (50 km/h); Road 2: HOLBORN DR (50 km/h); Vehicle #1     Make: HOND     Model: UCL     Colour: SIL     Style: 2D; Vehicle #2     Make: TOYT     Model: YAR     Colour: BLU     Style: 4B,4/9/2021 4:28:18 PM,545364.5857,4811022.306,Q1,Weekend,FALSE
5341,48822,19026625,1/30/2019 10:00:00 AM,2019,1,30,10,0,Wednesday,539823.3715,4805602.75,-80.508204,43.402256,Non intersection,2,Non-reportable,On roadway,SMV,Daylight,Municipal,No control,Unknown,FALSE,FALSE,FALSE,Clear,TRUE,Road 1: 1122 COPPER LEAF CRESCENT (IN FRONT OF 1122 COPPER LEAF CRESCENT); Road 2: MAX BECKER DR; Distance: 50.0 M W; Vehicle #1     Make:      Model:      Colour:      Style: ; Vehicle #2     Make: HYUN     Model: EGM     Colour: RED     Style: 4D,4/9/2021 4:26:19 PM,539823.3715,4805602.75,Q1,Working,FALSE
5342,48823,19027109,2/2/2019 10:00:00 PM,2019,2,2,22,0,Saturday,539396.3164,4808472.961,-80.51327,43.428123,Private Drive,2,P.D. only,On roadway,SMV,Dark,Municipal,No control,Unknown,FALSE,FALSE,FALSE,Clear,TRUE,Road 1: FOREST HILL DR (IFO 377 FOREST HILL DR); Road 2: DEERPARK CRESCENT; Distance: 30.0 M N; Vehicle #1     Make:      Model:      Colour:      Style: ; Vehicle #2     Make: MAZD     Model: M3I     Colour: GRY     Style: 4D,4/9/2021 4:29:57 PM,539396.3164,4808472.961,Q1,Weekend,FALSE
5343,48824,19027470,1/26/2019 1:15:00 PM,2019,1,26,13,15,Saturday,538365.6029,4810426.551,-80.525867,43.445766,Private Drive,2,P.D. only,On roadway,Other,Daylight,Municipal,No control,Unknown,FALSE,FALSE,FALSE,Clear,TRUE,Road 1: 69 WESTWOOD DR; Vehicle #1     Make: FORD     Model: FSL     Colour: RED     Style: VN; Vehicle #2     Make: ACUR     Model: RLA     Colour: GRY     Style: 4D,4/9/2021 4:30:06 PM,538365.6029,4810426.551,Q1,Weekend,FALSE
5344,48825,19027552,2/1/2019 3:30:00 PM,2019,2,1,15,30,Friday,545201.8732,4810469.217,-80.441382,43.445769,Non intersection,2,P.D. only,On roadway,Rear end,Daylight,Municipal,No control,Unknown,FALSE,FALSE,FALSE,Clear,TRUE,Road 1: RIVER RD E; Road 2: BRADLEY DR; Distance: 20.0 M N; Vehicle #1     Make: HOND     Model: CTU     Colour: SIL     Style: 4D; Vehicle #2     Make:      Model:      Colour:      Style:,4/9/2021 4:26:41 PM,545201.8732,4810469.217,Q1,Weekend,FALSE
5345,48826,19027587,2/3/2019 3:00:00 PM,2019,2,3,15,0,Sunday,542582.0928,4810126.155,-80.473783,43.442834,Intersection,2,P.D. only,On roadway,Intersection,Daylight,Municipal,Signal Control,Functioning,FALSE,FALSE,FALSE,Clear,TRUE,Road 1: KING ST E; Road 2: BORDEN AVE S; Vehicle #1     Make: MERZ     Model: MS6     Colour: WHI     Style: TY; Vehicle #2     Make: HOND     Model: UCC     Colour: SIL     Style: 2B,4/9/2021 4:27:58 PM,542582.0928,4810126.155,Q1,Weekend,FALSE
5346,48827,19027721,2/3/2019 4:30:00 PM,2019,2,3,16,30,Sunday,543620.9565,4812489.712,-80.460757,43.464055,Other,2,P.D. only,Off roadway,SMV,Daylight,Other,No control,Unknown,FALSE,FALSE,FALSE,Clear,TRUE,Road 1: 49 TURNER AVE (DRIVEWAY); Vehicle #1     Make:      Model:      Colour:      Style: ; Vehicle #2     Make: JEEP     Model: CHK     Colour: BLU     Style: TY,4/9/2021 4:30:17 PM,543620.9565,4812489.712,Q1,Weekend,FALSE
5347,48828,19027870,2/3/2019 8:58:00 PM,2019,2,3,20,58,Sunday,538888.0316,4810240.572,-80.519424,43.444065,Non intersection,2,P.D. only,On roadway,Other,Dark,Municipal,No control,Unknown,FALSE,FALSE,FALSE,Clear,FALSE,Road 1: 111 BRYBECK CRES (40 km/h); Road 2: BRYBECK CRES; Distance: 5.0 M N; Vehicle #1     Make: HYUN     Model: SAN     Colour: GRY     Style: TY; Vehicle #2     Make: TOYT     Model: ECH     Colour: GRY     Style: 4D,3/26/2021 11:53:13 AM,538888.0316,4810240.572,Q1,Weekend,FALSE
5348,48829,19028265,2/3/2019 10:00:00 AM,2019,2,3,10,0,Sunday,543356.4646,4809214.763,-80.464287,43.434583,Private Drive,2,P.D. only,Off roadway,SMV,Daylight,Municipal,No control,Unknown,FALSE,FALSE,FALSE,Clear,TRUE,Road 1: CARWOOD CRESCENT; Road 2: DOON RD; Distance: 100.0 M W; Vehicle #1     Make:      Model:      Colour:      Style: ; Vehicle #2     Make: DODG     Model: CAR     Colour: GRY     Style: VN,4/9/2021 4:29:00 PM,543356.4646,4809214.763,Q1,Weekend,FALSE
5349,48830,19028317,2/1/2019 12:14:00 PM,2019,2,1,12,14,Friday,539582.8459,4805790.428,-80.51116,43.403959,Private Drive,2,Non-reportable,Off roadway,SMV,Daylight,Municipal,No control,Unknown,FALSE,FALSE,FALSE,Clear,TRUE,Road 1: DONNENWERTH DR (IFO 2 DONNENWERTH DR); Road 2: BRIDLEWREATH ST; Vehicle #1     Make:      Model:      Colour:      Style: ; Vehicle #2     Make: TOYT     Model: RV4     Colour: WHI     Style: TY,4/9/2021 4:30:02 PM,539582.8459,4805790.428,Q1,Weekend,FALSE
5350,48831,19028351,2/4/2019 11:05:00 AM,2019,2,4,11,5,Monday,545214.51,4810450.927,-80.441227,43.445604,Intersection,2,Non-reportable,On roadway,Other,Daylight,Municipal,Sign Control,Functioning,FALSE,FALSE,FALSE,Clear,TRUE,Road 1: BRADLEY DR; Road 2: RIVER RD E; Distance: 10.0 M N; Vehicle #1     Make: MITS     Model: LANC     Colour: WHI     Style: 4D; Vehicle #2     Make:      Model:      Colour:      Style:,4/9/2021 4:26:56 PM,545214.51,4810450.927,Q1,Working,FALSE
5351,48832,19028485,2/4/2019 3:45:00 PM,2019,2,4,15,45,Monday,543568.4539,4804977.837,-80.462005,43.396421,Intersection,2,P.D. only,On roadway,Rear end,Daylight,Municipal,Signal Control,Functioning,FALSE,FALSE,FALSE,Clear,TRUE,Road 1: HURON RD; Road 2: BATTLER RD; Vehicle #1     Make: RAM     Model: RTR     Colour: RED     Style: PK; Vehicle #2     Make: BMW     Model: BX6     Colour: RED     Style: TY,4/9/2021 4:26:54 PM,543568.4539,4804977.837,Q1,Working,FALSE
5352,48833,19029110,2/5/2019 10:02:00 AM,2019,2,5,10,2,Tuesday,545275.7537,4806433.015,-80.440803,43.409423,Intersection,2,Non-reportable,On roadway,Rear end,Daylight,Municipal,Sign Control,Unknown,FALSE,FALSE,FALSE,Clear,TRUE,Road 1: WILSON AVE; Road 2: WABANAKI DR; Vehicle #1     Make: NEWF     Model: XD4     Colour: WHI     Style: BU; Vehicle #2     Make: MERZ     Model: C30     Colour: SIL     Style: 4D,4/9/2021 4:27:49 PM,545275.7537,4806433.015,Q1,Working,FALSE
5353,48834,19029115,2/5/2019 10:20:00 AM,2019,2,5,10,20,Tuesday,536425.9002,4808711.473,-80.549952,43.43042,Non intersection,2,P.D. only,On roadway,Other,Daylight,Municipal,No control,Unknown,FALSE,FALSE,FALSE,Clear,TRUE,Road 1: HUCK CRESCENT; Road 2: HIGHGATE RD; Distance: 50.0 M W; Vehicle #1     Make: TOYT     Model: RG4     Colour: GRY     Style: TY; Vehicle #2     Make:      Model:      Colour:      Style:,3/26/2021 11:53:21 AM,536425.9002,4808711.473,Q1,Working,FALSE
5354,48835,19029260,2/5/2019 2:47:00 PM,2019,2,5,14,47,Tuesday,545274.1365,4806434.605,-80.440823,43.409437,Intersection,2,P.D. only,On roadway,Intersection,Daylight,Municipal,Sign Control,Functioning,FALSE,FALSE,FALSE,Clear,TRUE,Road 1: WABANAKI DR; Road 2: WILSON AVE; Vehicle #1     Make: FORD     Model: TST     Colour: WHI     Style: FV; Vehicle #2     Make: TOYT     Model: VEN     Colour: BRN     Style: TY,4/9/2021 4:27:48 PM,545274.1365,4806434.605,Q1,Working,FALSE
5355,48836,19029824,1/23/2019 8:30:00 PM,2019,1,23,20,30,Wednesday,547479.5356,4803815.347,-80.413813,43.385717,Non intersection,2,P.D. only,On roadway,Other,Dark,Regional,No control,Unknown,FALSE,FALSE,FALSE,Clear,TRUE,Road 1: PINNACLE DR; Road 2: CONESTOGA COLLEGE BLVD; Distance: 100.0 M S; Vehicle #1     Make: GMC     Model: SIE     Colour: GRY     Style: PK; Vehicle #2     Make:      Model:      Colour:      Style:,4/9/2021 4:27:06 PM,547479.5356,4803815.347,Q1,Working,FALSE
5356,48837,19030013,1/23/2019 8:00:00 AM,2019,1,23,8,0,Wednesday,545996.9458,4803218.491,-80.432167,43.380435,Non intersection,2,P.D. only,On roadway,Rear end,Daylight,Municipal,No control,Unknown,FALSE,FALSE,FALSE,Clear,TRUE,Road 1: 436 DOON SOUTH DR; Road 2: DOON SOUTH DR; Vehicle #1     Make: VOLK     Model: PTS     Colour: GRY     Style: 4D; Vehicle #2     Make: RAM     Model: RTR     Colour: GRN     Style: PK,4/9/2021 4:25:55 PM,545996.9458,4803218.491,Q1,Working,FALSE
5357,48838,19030689,2/7/2019 11:55:00 AM,2019,2,7,11,55,Thursday,541808.782,4810637.228,-80.4833,43.447479,Non intersection,2,Non-reportable,On roadway,SMV,Daylight,Municipal,No control,Unknown,FALSE,FALSE,FALSE,Clear,TRUE,Road 1: KING ST E; Road 2: CEDAR ST S; Distance: 20.0 M N; Vehicle #1     Make:      Model:      Colour:      Style: ; Vehicle #2     Make: CHEV     Model: ETV     Colour: WHI     Style: CB,3/26/2021 11:53:23 AM,541808.782,4810637.228,Q1,Weekend,FALSE
5358,48839,19031427,2/8/2019 8:30:00 AM,2019,2,8,8,30,Friday,544644.4703,4805071.177,-80.448711,43.397199,Non intersection,2,Non-reportable,On roadway,SMV,Daylight,Municipal,No control,Unknown,FALSE,FALSE,FALSE,Clear,TRUE,Road 1: HARCOURT CRESCENT; Road 2: MILLWOOD CRESCENT; Distance: 100.0 M W; Vehicle #1     Make: CHEV     Model: ML     Colour: GRY     Style: 4D,3/26/2021 11:53:09 AM,544644.4703,4805071.177,Q1,Weekend,FALSE
5359,48840,19031528,2/7/2019 7:00:00 PM,2019,2,7,19,0,Thursday,540995.2214,4806802.534,-80.493642,43.412996,Private Drive,2,Non-reportable,On roadway,SMV,Dark,Other,No control,Unknown,FALSE,FALSE,FALSE,Clear,TRUE,Road 1: 39 RADCLIFFE DR; Vehicle #1     Make:      Model:      Colour:      Style: ; Vehicle #2     Make: CHEV     Model: SIL     Colour: RED     Style: CW,4/9/2021 4:28:51 PM,540995.2214,4806802.534,Q1,Weekend,FALSE
5360,48841,19031578,2/8/2019 12:42:00 PM,2019,2,8,12,42,Friday,542484.5021,4809357.332,-80.475049,43.435917,Other,2,P.D. only,Off roadway,SMV,Daylight,Other,No control,Unknown,FALSE,FALSE,FALSE,Clear,FALSE,Road 1: 244 SYDNEY ST S; Road 2: SYDNEY ST S; Vehicle #1     Make: TOYT     Model: CXL     Colour: GRY     Style: 4D,4/9/2021 4:30:17 PM,542484.5021,4809357.332,Q1,Weekend,FALSE
5361,48842,19031643,2/8/2019 12:50:00 PM,2019,2,8,12,50,Friday,542247.2572,4810235.871,-80.477912,43.443841,Non intersection,2,P.D. only,On roadway,Intersection,Daylight,Municipal,No control,Unknown,FALSE,FALSE,FALSE,Clear,TRUE,Road 1: 32 STIRLING AVE S; Vehicle #1     Make: ACUR     Model: RDX     Colour: BRN     Style: TY; Vehicle #2     Make: MAZD     Model: X3T     Colour: RED     Style: 4W,3/26/2021 11:53:21 AM,542247.2572,4810235.871,Q1,Weekend,FALSE
5362,48843,19031673,2/8/2019 2:20:00 PM,2019,2,8,14,20,Friday,538921.8746,4810084.291,-80.519017,43.442656,Private Drive,2,Non-reportable,Off roadway,SMV,Daylight,Other,No control,Unknown,FALSE,FALSE,FALSE,Clear,TRUE,Road 1: 12 WEICHEL ST (STREET PARKING); Vehicle #1     Make:      Model:      Colour:      Style: ; Vehicle #2     Make: HOND     Model: CCL     Colour: BLK     Style: 4D,4/9/2021 4:28:52 PM,538921.8746,4810084.292,Q1,Weekend,FALSE
5363,48844,19031779,2/8/2019 8:00:00 AM,2019,2,8,8,0,Friday,537386.9018,4810286.765,-80.537971,43.444557,Other,2,Non-reportable,Off roadway,Intersection,Daylight,Other,No control,Unknown,FALSE,FALSE,FALSE,Clear,TRUE,Road 1: 754 GLASGOW ST (DRIVE WAY); Vehicle #1     Make: TOYT     Model: HIG     Colour: BLK     Style: TY; Vehicle #2     Make:      Model:      Colour:      Style:,4/9/2021 4:30:17 PM,537386.9018,4810286.765,Q1,Weekend,FALSE
5364,48845,19032405,2/9/2019 7:45:00 PM,2019,2,9,19,45,Saturday,540360.6417,4806982.268,-80.501467,43.414649,Private Drive,2,P.D. only,On roadway,SMV,Dark,Municipal,No control,Unknown,FALSE,FALSE,FALSE,Clear,FALSE,Road 1: 39 LITTLEFIELD CRES (50 km/h); Road 2: LITTLEFIELD CRES; Distance: 2.0 M S; Vehicle #1     Make: DODG     Model: RPC     Colour: BLK     Style: PK; Vehicle #2     Make: MERZ     Model: E32     Colour: GRN     Style: 4D,4/9/2021 4:29:04 PM,540360.6417,4806982.268,Q1,Weekend,FALSE
5365,48846,19032503,2/9/2019 2:45:00 PM,2019,2,9,14,45,Saturday,543230.6165,4804478.425,-80.466216,43.391944,Intersection,2,P.D. only,On roadway,SMV,Daylight,Municipal,Sign Control,Unknown,FALSE,FALSE,FALSE,Clear,TRUE,Road 1: HURON RD @; Road 2: STRASBURG RD; Vehicle #1     Make: INFI     Model: Q5S     Colour: BLK     Style: 4D,4/9/2021 4:27:45 PM,543230.6165,4804478.425,Q1,Weekend,FALSE
5366,48847,19032934,2/10/2019 2:08:00 AM,2019,2,10,2,8,Sunday,542239.2692,4810497.5,-80.477991,43.446197,Intersection,2,P.D. only,Off roadway,SMV,Dark,Regional,Sign Control,Unknown,FALSE,FALSE,FALSE,Clear,FALSE,Road 1: PANDORA AVE N (50 km/h); Road 2: DUKE ST E (50 km/h); Vehicle #1     Make: DODG     Model: CHS     Colour: RED     Style: 4D,4/9/2021 4:26:50 PM,542239.2692,4810497.5,Q1,Weekend,FALSE
5367,48848,19033078,2/9/2019 6:30:00 PM,2019,2,9,18,30,Saturday,539059.1196,4806886.255,-80.51755,43.413853,Intersection,2,P.D. only,On roadway,Rear end,Dark,Municipal,Sign Control,Functioning,FALSE,FALSE,FALSE,Clear,TRUE,Road 1: WAKE ROBIN DR; Road 2: INTERNATIONAL PL; Vehicle #1     Make: HYUN     Model: TUC     Colour: GRY     Style: TY; Vehicle #2     Make:      Model:      Colour:      Style:,4/9/2021 4:26:50 PM,539059.1196,4806886.255,Q1,Weekend,FALSE
5368,48849,19033126,2/8/2019 4:55:00 PM,2019,2,8,16,55,Friday,543584.502,4808934.608,-80.461491,43.432047,Private Drive,2,Non-reportable,On roadway,Other,Daylight,Municipal,No control,Unknown,FALSE,FALSE,FALSE,Clear,TRUE,Road 1: 197 DIXON ST; Vehicle #1     Make: MAZD     Model: PDS     Colour: BLK     Style: 4D; Vehicle #2     Make:      Model:      Colour:      Style:,4/9/2021 4:29:00 PM,543584.502,4808934.608,Q1,Weekend,FALSE
5369,48850,19033334,2/9/2019 6:00:00 PM,2019,2,9,18,0,Saturday,539058.6907,4806885.641,-80.517555,43.413848,Intersection,2,P.D. only,On roadway,Rear end,Dusk,Municipal,Sign Control,Functioning,FALSE,FALSE,FALSE,Clear,TRUE,Road 1: MILFOIL CRESCENT; Road 2: INTERNATIONAL PL; Vehicle #1     Make: HOND     Model: RID     Colour: SIL     Style: PK; Vehicle #2     Make:      Model:      Colour:      Style:,4/9/2021 4:27:49 PM,539058.6907,4806885.641,Q1,Weekend,FALSE
5370,48851,19033391,2/10/2019 6:41:00 PM,2019,2,10,18,41,Sunday,542793.5165,4811268.88,-80.471081,43.453111,Non intersection,2,P.D. only,On roadway,SMV,Dark,Regional,No control,Unknown,FALSE,FALSE,FALSE,Clear,FALSE,Road 1: 250 KRUG ST (50 km/h); Road 2: KRUG ST; Distance: 4.0 M E; Vehicle #1     Make: STRN     Model: SI2     Colour: GRY     Style: 2D; Vehicle #2     Make: MAZD     Model: X3T     Colour: RED     Style: SW,3/26/2021 11:53:08 AM,542793.5165,4811268.88,Q1,Weekend,FALSE
5371,48852,19033873,2/11/2019 11:22:00 AM,2019,2,11,11,22,Monday,542487.1852,4803863.484,-80.475443,43.38645,Non intersection,2,P.D. only,On roadway,Intersection,Daylight,Municipal,No control,Unknown,FALSE,FALSE,FALSE,Clear,FALSE,Road 1: 655 HURON RD (60 km/h); Road 2: HURON RD; Distance: 2.0 M S; Vehicle #1     Make: KIA     Model: RIL     Colour: SIL     Style: 4D; Vehicle #2     Make: LEXS     Model: A35     Colour: WHI     Style: 4D,3/26/2021 11:53:14 AM,542487.1852,4803863.485,Q1,Working,FALSE
5372,48853,19034013,2/11/2019 2:08:00 PM,2019,2,11,14,8,Monday,542753.2531,4816228.085,-80.471189,43.497766,Non intersection,2,P.D. only,On roadway,SMV,Daylight,Municipal,No control,Unknown,FALSE,FALSE,FALSE,Clear,FALSE,Road 1: EAGLECREST ST (50 km/h); Road 2: KESTREL ST; Distance: 100.0 M N; Vehicle #1     Make: BMW     Model: BX3     Colour: WHI     Style: TY; Vehicle #2     Make: LEXS     Model: IS3     Colour: WHI     Style: 4D,3/26/2021 11:53:08 AM,542753.2531,4816228.085,Q1,Working,FALSE
5373,48854,19034516,2/12/2019 8:53:00 AM,2019,2,12,8,53,Tuesday,538632.6375,4806607.033,-80.522837,43.411361,Intersection,2,P.D. only,On roadway,SMV,Daylight,Municipal,Sign Control,Unknown,FALSE,FALSE,FALSE,Snow,TRUE,Road 1: WINDFLOWER DR; Road 2: WAKE ROBIN DR; Vehicle #1     Make: FORD     Model: SPE     Colour: SIL     Style: TY,4/9/2021 4:27:52 PM,538632.6375,4806607.033,Q1,Working,FALSE
5374,48855,19034608,2/8/2019 7:46:00 AM,2019,2,8,7,46,Friday,537351.0791,4810268.49,-80.538415,43.444394,Non intersection,2,Non-reportable,On roadway,Intersection,Daylight,Municipal,No control,Unknown,FALSE,FALSE,FALSE,Clear,TRUE,Road 1: 768 GLASGOW ST; Vehicle #1     Make: MACK     Model: 800     Colour: BLU     Style: CT; Vehicle #2     Make:      Model:      Colour:      Style:,3/26/2021 11:53:10 AM,537351.0791,4810268.49,Q1,Weekend,FALSE
5375,48856,19034645,1/25/2019 6:25:00 PM,2019,1,25,18,25,Friday,537024.2868,4809365.208,-80.542515,43.436277,Non intersection,2,P.D. only,On roadway,SMV,Dark,Municipal,No control,Unknown,FALSE,FALSE,FALSE,Clear,TRUE,Road 1: 48 LYNNVALLEY CRESCENT (ROAD SIDE PARKING); Vehicle #1     Make:      Model:      Colour:      Style: ; Vehicle #2     Make: HOND     Model: UDY     Colour: BLU     Style: TY,4/9/2021 4:26:35 PM,537024.2868,4809365.208,Q1,Weekend,FALSE
5376,48857,19034757,2/12/2019 3:15:00 PM,2019,2,12,15,15,Tuesday,540796.6596,4809182.95,-80.495917,43.43444,Intersection,2,P.D. only,On roadway,Rear end,Daylight,Municipal,Sign Control,Functioning,FALSE,FALSE,FALSE,Rain,FALSE,Road 1: STIRLING AVE S (50 km/h); Road 2: PLEASANT AVE (50 km/h); Distance:  K; Vehicle #1     Make: HOND     Model: ACT     Colour: BLK     Style: TY; Vehicle #2     Make: HOND     Model: UDY     Colour: WHI     Style: TY,4/9/2021 4:27:57 PM,540796.6596,4809182.95,Q1,Working,FALSE
5377,48858,19034829,2/12/2019 9:35:00 AM,2019,2,12,9,35,Tuesday,540571.7615,4812710.152,-80.498433,43.466212,Intersection,2,Non-reportable,On roadway,SMV,Daylight,Municipal,Sign Control,Unknown,FALSE,FALSE,FALSE,Snow,TRUE,Road 1: MARGARET AVE S; Road 2: UNION ST; Vehicle #1     Make: FORD     Model: FSE     Colour: YEL     Style: 4D,4/9/2021 4:27:57 PM,540571.7615,4812710.152,Q1,Working,FALSE
5378,48859,19034855,2/12/2019 6:02:00 PM,2019,2,12,18,2,Tuesday,544296.6723,4813255.949,-80.452342,43.470915,Non intersection,2,P.D. only,Off roadway,SMV,Dark,Municipal,No control,Unknown,FALSE,FALSE,FALSE,Rain,FALSE,Road 1: 400 BINGEMANS CENTRE DR (50 km/h); Road 2: BINGEMANS CENTRE DR; Distance: 30.0 M E; Vehicle #1     Make: NISS     Model: SML     Colour: BLK     Style: 4D,3/26/2021 11:53:15 AM,544296.6723,4813255.949,Q1,Working,FALSE
5379,48860,19034903,2/12/2019 2:40:00 PM,2019,2,12,14,40,Tuesday,545188.537,4813354.736,-80.441307,43.471751,Intersection,2,Non-reportable,On roadway,Intersection,Daylight,Municipal,Signal Control,Functioning,FALSE,FALSE,FALSE,Rain,TRUE,Road 1: BINGEMANS CENTRE DR; Road 2: VICTORIA ST N; Vehicle #1     Make: TOYT     Model: RG4     Colour: WHI     Style: TY; Vehicle #2     Make:      Model:      Colour:      Style:,4/9/2021 4:26:54 PM,545188.537,4813354.736,Q1,Working,FALSE
5380,48861,19035358,2/13/2019 12:12:00 PM,2019,2,13,12,12,Wednesday,543248.1414,4804518.951,-80.465997,43.392308,Intersection,1,Non-fatal injury,On roadway,Other,Daylight,Regional,Sign Control,Functioning,FALSE,FALSE,FALSE,Snow,FALSE,Road 1: HURON RD (50 km/h); Road 2: STRASBURG RD (50 km/h); Distance: 20.0 M E; Vehicle #1     Make: VOLK     Model: GLF     Colour: WHI     Style: 2B; Vehicle #2     Make: CHEV     Model: CAV     Colour: RED     Style: 4D,4/9/2021 4:26:48 PM,543248.1414,4804518.951,Q1,Working,FALSE