,OBJECTID,ACCIDENTNUM,ACCIDENTDATE,ACCIDENT_YEAR,ACCIDENT_MONTH,ACCIDENT_DAY,ACCIDENT_HOUR,ACCIDENT_MINUTE,Accident_Day,XCOORD,YCOORD,LONGITUDE,LATITUDE,Accident_Location,COLLISIONTYPE,Accident_Type,Impact_Location,Impact_Type,Light,Road_Jurisdication,Traffic_Control,Traffic_Control_Condition,Pedestrian_Involved,Cyclist_Involved,Motorcyclist_Involved,Environment_Condition,Self_Reported,XMLIMPORTNOTES,LASTEDITEDDATE,x,y,Quarter,Day_Type,Vulnerable_Involved
5381,48862,19035443,2/13/2019 10:40:00 AM,2019,2,13,10,40,Wednesday,540288.2956,4810698.531,-80.502086,43.448114,Non intersection,2,Non-reportable,On roadway,Rear end,Daylight,Municipal,No control,Unknown,FALSE,FALSE,FALSE,Snow,TRUE,Road 1: PARK ST; Road 2: VICTORIA ST S; Distance: 50.0 M S; Vehicle #1     Make: FORD     Model: VAN     Colour: WHI     Style: FV; Vehicle #2     Make:      Model:      Colour:      Style:,3/26/2021 11:53:20 AM,540288.2956,4810698.531,Q1,Working,FALSE
5382,48863,19035477,2/3/2019 12:00:00 AM,2019,2,3,0,0,Sunday,538910.8046,4810023.802,-80.519158,43.442112,Private Drive,2,P.D. only,On roadway,SMV,Dark,Municipal,No control,Unknown,FALSE,FALSE,FALSE,Clear,TRUE,Road 1: BELTON DR (IFO 11); Vehicle #1     Make:      Model:      Colour:      Style: ; Vehicle #2     Make: MERZ     Model: MG3     Colour: GRY     Style: TY,4/9/2021 4:29:57 PM,538910.8046,4810023.802,Q1,Weekend,FALSE
5383,48864,19035511,2/13/2019 4:20:00 PM,2019,2,13,16,20,Wednesday,545146.7399,4807126.134,-80.442339,43.415671,Intersection,2,Non-reportable,On roadway,Rear end,Daylight,Municipal,Sign Control,Unknown,FALSE,FALSE,FALSE,Snow,TRUE,Road 1: WILSON AVE; Road 2: GOODRICH DR; Vehicle #1     Make: FORD     Model: FE     Colour: RED     Style: 4D; Vehicle #2     Make: CHEV     Model: SIL     Colour: WHI     Style: CB,4/9/2021 4:27:58 PM,545146.7399,4807126.134,Q1,Working,FALSE
5384,48865,19035517,2/13/2019 4:21:00 PM,2019,2,13,16,21,Wednesday,542116.0267,4811415.596,-80.479443,43.45447,Private Drive,2,P.D. only,On roadway,Other,Daylight,Municipal,No control,Unknown,FALSE,FALSE,FALSE,Clear,TRUE,Road 1: SAMUEL ST (IFO 11 SAMUEL ST); Road 2: FREDERICK ST; Vehicle #1     Make: DODG     Model: CAR     Colour: RED     Style: VN; Vehicle #2     Make:      Model:      Colour:      Style:,4/9/2021 4:28:53 PM,542116.0267,4811415.596,Q1,Working,FALSE
5385,48866,19035581,2/12/2019 7:30:00 PM,2019,2,12,19,30,Tuesday,541548.7021,4811886.686,-80.486419,43.458744,Intersection,2,P.D. only,On roadway,Intersection,Dark,Municipal,Sign Control,Functioning,FALSE,FALSE,FALSE,Rain,TRUE,Road 1: BREITHAUPT ST; Road 2: ST LEGER ST; Vehicle #1     Make: MERZ     Model: GL3     Colour: BLK     Style: TY; Vehicle #2     Make:      Model:      Colour:      Style:,4/9/2021 4:27:52 PM,541548.7021,4811886.686,Q1,Working,FALSE
5386,48867,19035653,2/13/2019 7:00:00 PM,2019,2,13,19,0,Wednesday,545274.1312,4806435.405,-80.440823,43.409444,Intersection,2,P.D. only,On roadway,Rear end,Dark,Municipal,Sign Control,Functioning,FALSE,FALSE,FALSE,Snow,TRUE,Road 1: WILSON AVE; Road 2: WABANAKI DR; Distance: 0.0 M W; Vehicle #1     Make: NISS     Model: SML     Colour: BLK     Style: 4D; Vehicle #2     Make: CHEV     Model: UPL     Colour: GRY     Style: VN,4/9/2021 4:27:48 PM,545274.1312,4806435.405,Q1,Working,FALSE
5387,48868,19035659,3/25/2019 7:20:00 AM,2019,3,25,7,20,Monday,542962.5388,4814157.842,-80.468764,43.479113,Private Drive,2,P.D. only,On roadway,Intersection,Daylight,Municipal,No control,Unknown,FALSE,FALSE,FALSE,Clear,FALSE,Road 1: TAGGE ST (50 km/h); Road 2: TAGGE ST; Distance: 1.0 M W; Vehicle #1     Make: GMC     Model: SIE     Colour: RED     Style: PK; Vehicle #2     Make:      Model:      Colour:      Style: 4D,4/9/2021 4:29:17 PM,542962.5388,4814157.842,Q1,Working,FALSE
5388,48869,19035985,2/14/2019 9:20:00 AM,2019,2,14,9,20,Thursday,539316.6627,4810616.199,-80.5141,43.447425,Intersection,2,P.D. only,On roadway,Other,Daylight,Municipal,Signal Control,Unknown,FALSE,FALSE,FALSE,Clear,TRUE,Road 1: BELMONT ST KITCHENER; Road 2: GAGE ST KITCHENER; Vehicle #1     Make: TOYT     Model: HIG     Colour: BLK     Style: TY; Vehicle #2     Make: MAZD     Model: M3S     Colour: SIL     Style: 4D,4/9/2021 4:26:52 PM,539316.6627,4810616.199,Q1,Weekend,FALSE
5389,48870,19036023,2/14/2019 9:10:00 AM,2019,2,14,9,10,Thursday,542410.709,4807653.55,-80.476093,43.42058,Non intersection,2,Non-reportable,On roadway,SMV,Daylight,Municipal,No control,Unknown,FALSE,FALSE,FALSE,Clear,TRUE,Road 1: GRACEFIELD CRESCENT; Vehicle #1     Make: DODG     Model: CAR     Colour: SIL     Style: VN; Vehicle #2     Make: TOYT     Model: RV4     Colour: WHI     Style: TY,3/26/2021 11:53:19 AM,542410.709,4807653.55,Q1,Weekend,FALSE
5390,48871,19036034,2/14/2019 8:10:00 AM,2019,2,14,8,10,Thursday,544116.8269,4811895.974,-80.454675,43.45868,Intersection,2,Non-reportable,On roadway,Rear end,Daylight,Municipal,No control,Functioning,FALSE,FALSE,FALSE,Clear,TRUE,Road 1: MANCHESTER RD; Road 2: RIVER RD E; Vehicle #1     Make: HOND     Model: ELE     Colour: BLK     Style: TY; Vehicle #2     Make:      Model:      Colour:      Style:,4/9/2021 4:27:59 PM,544116.8269,4811895.974,Q1,Weekend,FALSE
5391,48872,19036342,2/14/2019 12:30:00 PM,2019,2,14,12,30,Thursday,548535.7406,4806587.829,-80.400528,43.410613,Non intersection,2,Non-reportable,On roadway,Intersection,Daylight,Municipal,No control,Unknown,FALSE,FALSE,FALSE,Clear,TRUE,Road 1: DEER RIDGE DR; Road 2: KING ST E; Distance: 60.0 M N; Vehicle #1     Make: HOND     Model: CIV     Colour: GRY     Style: 4D; Vehicle #2     Make:      Model:      Colour:      Style:,3/26/2021 11:53:22 AM,548535.7406,4806587.829,Q1,Weekend,FALSE
5392,48873,19036347,2/14/2019 8:00:00 AM,2019,2,14,8,0,Thursday,545666.1187,4803703.44,-80.43621,43.384822,Private Drive,2,Non-reportable,On roadway,Other,Daylight,Municipal,No control,Unknown,FALSE,FALSE,FALSE,Clear,TRUE,Road 1: 80 APPLE RIDGE DR; Vehicle #1     Make: GMC     Model: SAV     Colour: WHI     Style: FV; Vehicle #2     Make:      Model:      Colour:      Style:,4/9/2021 4:29:00 PM,545666.1187,4803703.44,Q1,Weekend,FALSE
5393,48874,19036403,2/14/2019 2:20:00 PM,2019,2,14,14,20,Thursday,545907.2924,4809345.685,-80.432759,43.43561,Intersection,2,P.D. only,On roadway,Intersection,Daylight,Municipal,No control,Functioning,FALSE,FALSE,FALSE,Clear,TRUE,Road 1: KINZIE AVE; Road 2: THALER AVE; Vehicle #1     Make: HYUN     Model: SGL     Colour: BLK     Style: 4D; Vehicle #2     Make: TOYT     Model: UCS     Colour: BLU     Style: 4D,4/9/2021 4:27:51 PM,545907.2924,4809345.685,Q1,Weekend,FALSE
5394,48875,19036799,2/15/2019 6:59:00 AM,2019,2,15,6,59,Friday,546734.7557,4802140.199,-80.423151,43.370681,Non intersection,2,P.D. only,Off roadway,SMV,Dawn,Municipal,No control,Unknown,FALSE,FALSE,FALSE,Rain,FALSE,Road 1: REICHERT DR (80 km/h); Road 2: NEW DUNDEE RD; Distance: 250.0 K S; Vehicle #1     Make: KIA     Model: SOR     Colour: BLK     Style: TY,3/26/2021 11:53:09 AM,546734.7557,4802140.199,Q1,Weekend,FALSE
5395,48876,19036807,2/15/2019 6:59:00 AM,2019,2,15,6,59,Friday,546733.9492,4802140.594,-80.423161,43.370684,Non intersection,2,P.D. only,Off roadway,SMV,Dawn,Municipal,No control,Unknown,FALSE,FALSE,FALSE,Rain,FALSE,Road 1: REICHERT DR (80 km/h); Road 2: NEW DUNDEE RD; Distance: 250.0 M S; Vehicle #1     Make: TOYT     Model: CTX     Colour: BLK     Style: 4B,3/26/2021 11:53:09 AM,546733.9492,4802140.594,Q1,Weekend,FALSE
5396,48877,19036939,2/15/2019 10:00:00 AM,2019,2,15,10,0,Friday,542452.4871,4811201.837,-80.475301,43.452527,Intersection,2,P.D. only,On roadway,SMV,Daylight,Municipal,Sign Control,Functioning,FALSE,FALSE,FALSE,Snow,FALSE,Road 1: BRUBACHER ST (50 km/h); Road 2: LYDIA ST (50 km/h); Vehicle #1     Make: HOND     Model: UDV     Colour: BLU     Style: 4D,4/9/2021 4:27:47 PM,542452.4871,4811201.837,Q1,Weekend,FALSE
5397,48878,19037002,2/13/2019 6:30:00 PM,2019,2,13,18,30,Wednesday,540218.0589,4805818.876,-80.503314,43.404181,Intersection,2,P.D. only,On roadway,Rear end,Dark,Municipal,No control,Functioning,FALSE,FALSE,FALSE,Snow,TRUE,Road 1: MAX BECKER DR; Road 2: COMMONWEALTH ST; Vehicle #1     Make: MERZ     Model: CW3     Colour: WHI     Style: 4D; Vehicle #2     Make:      Model:      Colour:      Style:,4/9/2021 4:27:50 PM,540218.0589,4805818.876,Q1,Working,FALSE
5398,48879,19037039,2/14/2019 2:45:00 PM,2019,2,14,14,45,Thursday,538025.8385,4807056.87,-80.5303,43.415443,Non intersection,2,P.D. only,On roadway,SMV,Daylight,Municipal,No control,Unknown,FALSE,FALSE,FALSE,Snow,TRUE,Road 1: ROYAL ORCHARD DR; Road 2: DEERWOOD CRESCENT; Vehicle #1     Make: HOND     Model: CS3     Colour: BLU     Style: 4D,3/26/2021 11:53:16 AM,538025.8385,4807056.87,Q1,Weekend,FALSE
5399,48880,19037154,2/15/2019 8:35:00 AM,2019,2,15,8,35,Friday,542212.2648,4806728.089,-80.478616,43.412258,Non intersection,2,Non-reportable,On roadway,Intersection,Daylight,Municipal,No control,Unknown,FALSE,FALSE,FALSE,Clear,TRUE,Road 1: 60 THE COUNTRY WAY; Vehicle #1     Make: HOND     Model: PIL     Colour: BGE     Style: TY; Vehicle #2     Make: CHEV     Model: MBL     Colour: WHI     Style: 4D,3/26/2021 11:53:19 AM,542212.2648,4806728.089,Q1,Weekend,FALSE
5400,48881,19037923,2/14/2019 8:45:00 AM,2019,2,14,8,45,Thursday,545314.4192,4810772.742,-80.439966,43.448495,Non intersection,2,Non-reportable,On roadway,Intersection,Daylight,Municipal,No control,Unknown,FALSE,FALSE,FALSE,Clear,TRUE,Road 1: CONWAY DR; Road 2: GAY CRESCENT; Distance: 100.0 M W; Vehicle #1     Make: TOYO     Model: COR     Colour: GRY     Style: 4D; Vehicle #2     Make:      Model:      Colour:      Style:,3/26/2021 11:53:20 AM,545314.4192,4810772.742,Q1,Weekend,FALSE
5401,48882,19037928,2/15/2019 11:50:00 PM,2019,2,15,23,50,Friday,538915.6863,4810255.64,-80.519081,43.444199,Non intersection,2,P.D. only,On roadway,Rear end,Dark,Municipal,No control,Unknown,FALSE,FALSE,FALSE,Clear,TRUE,Road 1: BRYBECK CRESCENT; Road 2: WESTMOUNT RD W; Distance: 300.0 M E; Vehicle #1     Make: NISS     Model: ATS     Colour: GRY     Style: 4D; Vehicle #2     Make:      Model:      Colour:      Style:,3/26/2021 11:53:12 AM,538915.6863,4810255.64,Q1,Weekend,FALSE
5402,48883,19038549,2/17/2019 6:30:00 AM,2019,2,17,6,30,Sunday,544393.6651,4802922.323,-80.451982,43.377865,Non intersection,2,P.D. only,Off roadway,SMV,Dark,Municipal,No control,Unknown,FALSE,FALSE,FALSE,Snow,FALSE,Road 1: CARYNDALE DR (50 km/h); Road 2: ROBERT FERRIE DR; Distance: 50.0 M S; Vehicle #1     Make: SUBA     Model: ISE     Colour: BLU     Style: SW,3/26/2021 11:53:11 AM,544393.6651,4802922.323,Q1,Weekend,FALSE
5403,48884,19038992,2/18/2019 1:00:00 AM,2019,2,18,1,0,Monday,542108.784,4807131.05,-80.479863,43.415892,Intersection,2,P.D. only,On roadway,Intersection,Dark,Municipal,Signal Control,Functioning,FALSE,FALSE,FALSE,Snow,TRUE,Road 1: BLOCK LINE RD; Road 2: STRASBURG RD; Vehicle #1     Make: HOND     Model: UCD     Colour: RED     Style: 4D; Vehicle #2     Make: HOND     Model: UDY     Colour: BLK     Style: VN,4/9/2021 4:27:45 PM,542108.784,4807131.05,Q1,Working,FALSE
5404,48885,19039856,2/19/2019 8:50:00 AM,2019,2,19,8,50,Tuesday,549339.5655,4805843.61,-80.390667,43.403859,Intersection,2,P.D. only,On roadway,Other,Daylight,Municipal,Sign Control,Unknown,FALSE,FALSE,FALSE,Clear,TRUE,Road 1: EDGEHILL DR; Road 2: STANSON CLOSE; Vehicle #1     Make: LNDR     Model: DIS     Colour: BLK     Style: TY; Vehicle #2     Make:      Model:      Colour:      Style:,4/9/2021 4:26:51 PM,549339.5655,4805843.61,Q1,Working,FALSE
5405,48886,19039889,2/17/2019 6:55:00 PM,2019,2,17,18,55,Sunday,543073.6549,4812799.218,-80.467498,43.466874,Intersection,2,P.D. only,On roadway,Rear end,Dark,Municipal,No control,Functioning,FALSE,FALSE,FALSE,Clear,TRUE,Road 1: SHIRLEY AVE; Road 2: RIVERBEND DR; Vehicle #1     Make: HYUN     Model: ESS     Colour: RED     Style: 4D; Vehicle #2     Make: FORD     Model: EDG     Colour: GRY     Style: TY,4/9/2021 4:26:53 PM,543073.6549,4812799.218,Q1,Weekend,FALSE
5406,48887,19039905,2/16/2019 1:00:00 PM,2019,2,16,13,0,Saturday,538688.3082,4807649.179,-80.522076,43.420742,Non intersection,2,P.D. only,Off roadway,SMV,Daylight,Municipal,No control,Unknown,FALSE,FALSE,FALSE,Clear,TRUE,Road 1: PINEHURST CRESCENT; Road 2: MCGARRY DR; Distance: 100.0 M N; Vehicle #1     Make: FORD     Model: SPE     Colour: WHI     Style: TY; Vehicle #2     Make: TOYT     Model: RV4     Colour: GRY     Style: TY,3/26/2021 11:53:18 AM,538688.3082,4807649.179,Q1,Weekend,FALSE
5407,48888,19040014,2/19/2019 1:00:00 PM,2019,2,19,13,0,Tuesday,548117.8601,4804527.785,-80.40587,43.392091,Intersection,2,P.D. only,On roadway,Intersection,Daylight,Regional,Sign Control,Functioning,FALSE,FALSE,FALSE,Clear,FALSE,Road 1: DOON VALLEY DR (50 km/h); Road 2: OLD MILL RD (50 km/h); Distance: 5.0 M S; Vehicle #1     Make: DODG     Model: CTX     Colour: YEL     Style: 2D; Vehicle #2     Make: TOYT     Model: CCX     Colour: GRY     Style: 4D,4/9/2021 4:27:50 PM,548117.8601,4804527.785,Q1,Working,FALSE
5408,48889,19040043,2/19/2019 2:15:00 PM,2019,2,19,14,15,Tuesday,544231.3018,4813253.956,-80.45315,43.470901,Non intersection,2,P.D. only,Off roadway,SMV,Daylight,Municipal,No control,Unknown,FALSE,FALSE,FALSE,Clear,FALSE,Road 1: SHIRLEY AVE (60 km/h); Road 2: BINGEMANS CENTRE DR; Distance: 37.0 M E; Vehicle #1     Make: MACK     Model: 600     Colour: BLU     Style: CB,3/26/2021 11:53:14 AM,544231.3018,4813253.956,Q1,Working,FALSE
5409,48890,19040158,2/19/2019 6:05:00 AM,2019,2,19,6,5,Tuesday,539268.2967,4810592.157,-80.514699,43.447211,Private Drive,2,Non-reportable,On roadway,Intersection,Dark,Municipal,No control,Unknown,FALSE,FALSE,FALSE,Clear,TRUE,Road 1: GAGE AVE; Road 2: BELMONT AVE W; Vehicle #1     Make: CHEV     Model: SIL     Colour: WHI     Style: PK; Vehicle #2     Make: INFI     Model: EXA     Colour: WHI     Style: SW,4/9/2021 4:29:02 PM,539268.2967,4810592.157,Q1,Working,FALSE
5410,48891,19040379,2/19/2019 10:21:00 PM,2019,2,19,22,21,Tuesday,545274.8074,4806435.334,-80.440815,43.409444,Intersection,2,P.D. only,On roadway,Intersection,Dark,Regional,Sign Control,Functioning,FALSE,FALSE,FALSE,Clear,FALSE,Road 1: WABANAKI DR (50 km/h); Road 2: WILSON AVE (50 km/h); Vehicle #1     Make: VOLK     Model: CGD     Colour: SIL     Style: 4B; Vehicle #2     Make: LEXS     Model: HS2     Colour: GRY     Style: 4D,4/9/2021 4:27:48 PM,545274.8074,4806435.334,Q1,Working,FALSE
5411,48892,19040600,2/20/2019 9:23:00 AM,2019,2,20,9,23,Wednesday,543045.295,4809760.617,-80.468088,43.439516,Intersection,2,Non-reportable,On roadway,Rear end,Daylight,Municipal,Sign Control,Improper,FALSE,FALSE,FALSE,Clear,TRUE,Road 1: PRESTON ST; Road 2: CHARLES ST E; Vehicle #1     Make: HOND     Model: UCD     Colour: GRY     Style: 4D; Vehicle #2     Make: HYUN     Model: TUC     Colour: BLK     Style: TY,4/9/2021 4:28:00 PM,543045.295,4809760.617,Q1,Working,FALSE
5412,48893,19040885,2/20/2019 2:50:00 PM,2019,2,20,14,50,Wednesday,540487.4218,4809736.478,-80.499697,43.439441,Intersection,2,P.D. only,On roadway,Intersection,Daylight,Municipal,Sign Control,Functioning,FALSE,FALSE,FALSE,Clear,TRUE,Road 1: SPADINA RD W; Road 2: QUEEN'S BLVD; Vehicle #1     Make: CHEV     Model: CZT     Colour: RED     Style: 4D; Vehicle #2     Make: DODG     Model: CAR     Colour: GRY     Style: VN,4/9/2021 4:27:54 PM,540487.4218,4809736.478,Q1,Working,FALSE
5413,48894,19041060,2/20/2019 6:48:00 PM,2019,2,20,18,48,Wednesday,541001.3845,4810880.792,-80.49326,43.449717,Private Drive,1,Non-fatal injury,Off roadway,SMV,Dark,Municipal,No control,Unknown,TRUE,FALSE,FALSE,Rain,FALSE,Road 1: 15 CHARLES ST E (50 km/h); Road 2: CHARLES ST E; Distance: 1.0 M N; Vehicle #1     Make: ALEX     Model: ENV     Colour: GRN     Style: BU,4/27/2022 10:42:30 AM,541001.3845,4810880.792,Q1,Working,FALSE
5414,48895,19041071,2/16/2019 11:00:00 AM,2019,2,16,11,0,Saturday,539891.6031,4807659.633,-80.507211,43.420773,Non intersection,2,P.D. only,On roadway,SMV,Daylight,Municipal,No control,Unknown,FALSE,FALSE,FALSE,Clear,TRUE,Road 1: 147 WINDALE CRESCENT; Vehicle #1     Make:      Model:      Colour:      Style: ; Vehicle #2     Make: CADI     Model: CT     Colour: RED     Style: 4D,3/26/2021 11:53:17 AM,539891.6031,4807659.633,Q1,Weekend,FALSE
5415,48896,19041206,2/20/2019 10:01:00 PM,2019,2,20,22,1,Wednesday,542632.1918,4803742.947,-80.473662,43.385356,Private Drive,2,P.D. only,Off roadway,SMV,Dark,Municipal,No control,Unknown,FALSE,FALSE,FALSE,Rain,FALSE,Road 1: 130 BANFFSHIRE ST (50 km/h); Road 2: BANFFSHIRE ST; Distance: 1.0 M N; Vehicle #1     Make: HYUN     Model: ESM     Colour: BLK     Style: 4D,4/9/2021 4:28:52 PM,542632.1918,4803742.947,Q1,Working,FALSE
5416,48897,19041218,2/20/2019 10:41:00 PM,2019,2,20,22,41,Wednesday,541936.8675,4816313.698,-80.48128,43.498583,Intersection,2,P.D. only,On roadway,Other,Dark,Municipal,Sign Control,Unknown,FALSE,FALSE,FALSE,Rain,FALSE,Road 1: WOOLWICH ST (50 km/h); Road 2: KIWANIS PARK DR (50 km/h); Vehicle #1     Make: AUDI     Model: CQ5     Colour: GRY     Style: TY; Vehicle #2     Make: CHEV     Model: MZ     Colour: BLK     Style: 4D,4/9/2021 4:26:50 PM,541936.8675,4816313.698,Q1,Working,FALSE
5417,48898,19041707,2/21/2019 3:00:00 PM,2019,2,21,15,0,Thursday,545906.8869,4809346.282,-80.432764,43.435615,Intersection,2,P.D. only,On roadway,Intersection,Daylight,Municipal,No control,Functioning,FALSE,FALSE,FALSE,Clear,TRUE,Road 1: KINZIE AVE; Road 2: THALER AVE; Vehicle #1     Make: HYUN     Model: AGS     Colour: WHI     Style: 4B; Vehicle #2     Make: VOLK     Model: JBS     Colour: WHI     Style: 4D,4/9/2021 4:27:51 PM,545906.8869,4809346.282,Q1,Weekend,FALSE
5418,48899,19042606,2/22/2019 5:17:00 PM,2019,2,22,17,17,Friday,546019.7163,4803252.594,-80.431883,43.380741,Private Drive,2,P.D. only,On roadway,SMV,Dusk,Municipal,No control,Unknown,FALSE,FALSE,FALSE,Clear,FALSE,Road 1: 424 DOON SOUTH DR (50 km/h); Road 2: DOON SOUTH DR; Distance: 1.0 K S; Vehicle #1     Make: NISS     Model: SBL     Colour: BLK     Style: 4D; Vehicle #2     Make: CHEV     Model: EQU     Colour: BLK     Style: TY,4/9/2021 4:28:53 PM,546019.7163,4803252.594,Q1,Weekend,FALSE
5419,48900,19042622,2/22/2019 5:40:00 PM,2019,2,22,17,40,Friday,546063.4734,4809492.295,-80.430817,43.43692,Intersection,2,P.D. only,On roadway,Intersection,Dusk,Municipal,Signal Control,Functioning,FALSE,FALSE,FALSE,Clear,TRUE,Road 1: RIVER RD E; Road 2: KINZIE AVE; Vehicle #1     Make: KIA     Model: SOR     Colour: WHI     Style: TY; Vehicle #2     Make: MERZ     Model: C23     Colour: BLK     Style: 4D,4/9/2021 4:26:55 PM,546063.4734,4809492.295,Q1,Weekend,FALSE
5420,48901,19043105,2/21/2019 4:30:00 PM,2019,2,21,16,30,Thursday,543185.8556,4804484.866,-80.466768,43.392005,Non intersection,2,P.D. only,On roadway,Rear end,Daylight,Municipal,No control,Unknown,FALSE,FALSE,FALSE,Clear,TRUE,Road 1: HURON RD (STRASBURG ROAD); Vehicle #1     Make: MERZ     Model: 4M4     Colour: BLK     Style: 4D; Vehicle #2     Make: CHEV     Model: RAX     Colour: WHI     Style: TY,3/26/2021 11:53:29 AM,543185.8556,4804484.866,Q1,Weekend,FALSE
5421,48902,19043184,2/23/2019 10:00:00 AM,2019,2,23,10,0,Saturday,541142.5924,4806764.2,-80.491825,43.412643,Intersection,2,P.D. only,On roadway,Rear end,Daylight,Municipal,No control,Functioning,FALSE,FALSE,FALSE,Clear,TRUE,Road 1: BLOCK LINE RD; Road 2: LAURENTIAN DR; Vehicle #1     Make: HYUN     Model: ETG     Colour: BLU     Style: 4B; Vehicle #2     Make: RAM     Model: RTR     Colour: BLU     Style: PK,4/9/2021 4:27:33 PM,541142.5924,4806764.2,Q1,Weekend,FALSE
5422,48903,19044052,2/24/2019 10:33:00 AM,2019,2,24,10,33,Sunday,540799.8319,4806481.796,-80.49608,43.410119,Private Drive,2,P.D. only,On roadway,SMV,Daylight,Municipal,No control,Unknown,FALSE,FALSE,FALSE,Clear,TRUE,Road 1: 3 DUNEDIN COURT (IFO 3 DUNEDUN COURT); Vehicle #1     Make: HOND     Model: UAX     Colour: BLK     Style: 4D; Vehicle #2     Make: KIA     Model: RES     Colour: GRY     Style: 4D,4/9/2021 4:29:59 PM,540799.8319,4806481.796,Q1,Weekend,FALSE
5423,48904,19044298,2/24/2019 5:00:00 PM,2019,2,24,17,0,Sunday,538196.4776,4809022.573,-80.528055,43.433133,Intersection,2,P.D. only,On roadway,SMV,Daylight,Municipal,Sign Control,Functioning,FALSE,FALSE,FALSE,Clear,FALSE,Road 1: BANKSIDE DR (50 km/h); Road 2: BENESFORT DR (50 km/h); Vehicle #1     Make: LEXS     Model: E35     Colour: BRN     Style: 4D,4/9/2021 4:28:20 PM,538196.4776,4809022.573,Q1,Weekend,FALSE
5424,48905,19044399,2/24/2019 8:13:00 PM,2019,2,24,20,13,Sunday,542108.8909,4807131.446,-80.479862,43.415896,Intersection,1,Non-fatal injury,On roadway,Intersection,Dark,Municipal,Signal Control,Functioning,FALSE,FALSE,FALSE,Snow,FALSE,Road 1: BLOCK LINE RD (50 km/h); Road 2: STRASBURG RD (50 km/h); Vehicle #1     Make: TOYT     Model: MTL     Colour: RED     Style: 4D; Vehicle #2     Make: HYUN     Model: SAN     Colour: BRN     Style: TY,4/9/2021 4:28:21 PM,542108.8909,4807131.447,Q1,Weekend,FALSE
5425,48906,19044764,2/24/2019 1:00:00 AM,2019,2,24,1,0,Sunday,547425.0453,4809731.801,-80.413972,43.438992,Non intersection,2,Non-reportable,Off roadway,SMV,Dark,Municipal,No control,Unknown,FALSE,FALSE,FALSE,Clear,TRUE,Road 1: 14 GRASSWOOD ST (IN FRONT OF 14 GRASSWOOD); Road 2: WATERBEND CRES; Distance: 40.0 M E; Vehicle #1     Make:      Model:      Colour:      Style: ; Vehicle #2     Make: TOYT     Model: RG4     Colour: GRN     Style: TY,4/9/2021 4:26:22 PM,547425.0453,4809731.801,Q1,Weekend,FALSE
5426,48907,19044827,2/25/2019 8:45:00 AM,2019,2,25,8,45,Monday,541620.9097,4805593.842,-80.486006,43.402079,Non intersection,2,P.D. only,On roadway,SMV,Daylight,Municipal,No control,Unknown,FALSE,FALSE,FALSE,Snow,TRUE,Road 1: TRILLIUM DR; Road 2: WASHBURN DR; Vehicle #1     Make: FORD     Model: FHY     Colour: WHI     Style: 4D,4/9/2021 4:26:30 PM,541620.9097,4805593.842,Q1,Working,FALSE
5427,48908,19044840,2/25/2019 11:57:00 AM,2019,2,25,11,57,Monday,542303.37,4810268.936,-80.477216,43.444135,Private Drive,2,P.D. only,On roadway,Intersection,Daylight,Municipal,No control,Unknown,FALSE,FALSE,FALSE,Other,FALSE,Road 1: STIRLING AVE N (50 km/h); Road 2: KING ST E; Distance: 20.0 M S; Vehicle #1     Make:      Model:      Colour:      Style: ; Vehicle #2     Make: HYUN     Model: ELA     Colour: BLU     Style: 4D,4/9/2021 4:29:24 PM,542303.37,4810268.936,Q1,Working,FALSE
5428,48909,19044841,2/25/2019 11:30:00 AM,2019,2,25,11,30,Monday,542988.8259,4807932.811,-80.46893,43.423062,Non intersection,2,P.D. only,On roadway,Intersection,Daylight,Other,No control,Unknown,FALSE,FALSE,FALSE,Snow,TRUE,Road 1: LENNOX LEWIS WAY KITCHENER; Road 2: ACTIVA SPORTS CENTRE; Vehicle #1     Make: MAZD     Model: 3TR     Colour: GRY     Style: 4B; Vehicle #2     Make: HOND     Model: HRV     Colour: WHI     Style: TY,4/9/2021 4:26:31 PM,542988.8259,4807932.811,Q1,Working,FALSE
5429,48910,19044866,2/25/2019 12:25:00 PM,2019,2,25,12,25,Monday,545092.954,4807789.562,-80.442949,43.421648,Non intersection,2,Non-reportable,On roadway,Rear end,Daylight,Municipal,No control,Unknown,FALSE,FALSE,FALSE,Snow,TRUE,Road 1: WILSON AVE; Road 2: KINGSWAY DR; Distance: 100.0 M S; Vehicle #1     Make: DODG     Model: CAR     Colour: RED     Style: VN; Vehicle #2     Make: HOND     Model: UDY     Colour: GRY     Style: TY,4/9/2021 4:26:00 PM,545092.954,4807789.562,Q1,Working,FALSE