,OBJECTID,ACCIDENTNUM,ACCIDENTDATE,ACCIDENT_YEAR,ACCIDENT_MONTH,ACCIDENT_DAY,ACCIDENT_HOUR,ACCIDENT_MINUTE,Accident_Day,XCOORD,YCOORD,LONGITUDE,LATITUDE,Accident_Location,COLLISIONTYPE,Accident_Type,Impact_Location,Impact_Type,Light,Road_Jurisdication,Traffic_Control,Traffic_Control_Condition,Pedestrian_Involved,Cyclist_Involved,Motorcyclist_Involved,Environment_Condition,Self_Reported,XMLIMPORTNOTES,LASTEDITEDDATE,x,y,Quarter,Day_Type,Vulnerable_Involved
5430,48911,19045007,2/25/2019 4:00:00 PM,2019,2,25,16,0,Monday,544884.0451,4804849.824,-80.445771,43.395191,Intersection,2,P.D. only,On roadway,Intersection,Daylight,Municipal,Signal Control,Functioning,FALSE,FALSE,FALSE,Clear,TRUE,Road 1: DOON VILLAGE RD; Road 2: PIONEER DR; Vehicle #1     Make: AUDI     Model: 41Q     Colour: GRN     Style: 4D; Vehicle #2     Make: TOYT     Model: MTL     Colour: GRY     Style: 4D,4/9/2021 4:28:45 PM,544884.0451,4804849.824,Q1,Working,FALSE
5431,48912,19045177,2/25/2019 9:30:00 AM,2019,2,25,9,30,Monday,542076.0389,4807373.795,-80.480249,43.41808,Private Drive,2,P.D. only,On roadway,SMV,Daylight,Municipal,No control,Unknown,FALSE,FALSE,FALSE,Other,TRUE,Road 1: SELKIRK DR (IFO 141); Vehicle #1     Make:      Model:      Colour:      Style: ; Vehicle #2     Make: CHEV     Model: EXP     Colour: WHI     Style: FV,4/9/2021 4:30:01 PM,542076.0389,4807373.795,Q1,Working,FALSE
5432,48913,19045399,3/21/2019 7:35:00 AM,2019,3,21,7,35,Thursday,541444.724,4810410.305,-80.487816,43.445456,Intersection,2,P.D. only,On roadway,SMV,Daylight,Regional,Sign Control,Functioning,FALSE,FALSE,FALSE,Clear,FALSE,Road 1: ST GEORGE ST (50 km/h); Road 2: PETER ST (50 km/h); Vehicle #1     Make:      Model:      Colour:      Style:,4/9/2021 4:28:22 PM,541444.724,4810410.305,Q1,Weekend,FALSE
5433,48914,19045726,2/23/2019 8:45:00 AM,2019,2,23,8,45,Saturday,548002.0325,4811102.468,-80.406722,43.451297,Intersection,2,Non-reportable,On roadway,Intersection,Daylight,Municipal,Sign Control,Functioning,FALSE,FALSE,FALSE,Clear,TRUE,Road 1: PEBBLECREEK DR; Road 2: OLD ZELLER DR; Distance: 5.0 M W; Vehicle #1     Make: TOYT     Model: TIM     Colour: BLK     Style: 4B; Vehicle #2     Make:      Model:      Colour:      Style:,4/9/2021 4:28:00 PM,548002.0325,4811102.468,Q1,Weekend,FALSE
5434,48915,19045728,2/24/2019 12:40:00 PM,2019,2,24,12,40,Sunday,547416.6107,4809731.802,-80.414076,43.438992,Non intersection,2,Non-reportable,On roadway,Other,Daylight,Other,No control,Unknown,FALSE,FALSE,FALSE,Clear,TRUE,Road 1: 10 GRASSWOOD ST (STREET PARKING); Vehicle #1     Make: CHEV     Model: CZT     Colour: ONG     Style: 4D; Vehicle #2     Make:      Model:      Colour:      Style:,4/9/2021 4:26:00 PM,547416.6107,4809731.802,Q1,Weekend,FALSE
5435,48916,19045865,2/26/2019 5:10:00 PM,2019,2,26,17,10,Tuesday,541630.6915,4810890.019,-80.485482,43.449765,Non intersection,2,P.D. only,On roadway,Intersection,Daylight,Municipal,No control,Unknown,FALSE,FALSE,FALSE,Clear,TRUE,Road 1: 50 DUKE ST E CITY COMMERCIAL CORE (PARKING EXIT RAMP); Vehicle #1     Make: CHEV     Model: IMT     Colour: SIL     Style: 4D; Vehicle #2     Make: DODG     Model: CAR     Colour: RED     Style: VN,4/9/2021 4:26:31 PM,541630.6915,4810890.019,Q1,Working,FALSE
5436,48917,19045892,2/26/2019 5:46:00 PM,2019,2,26,17,46,Tuesday,538343.6868,4808420.926,-80.526279,43.427709,Private Drive,2,P.D. only,On roadway,Intersection,Dusk,Municipal,No control,Unknown,FALSE,FALSE,FALSE,Clear,TRUE,Road 1: QUEEN'S BLVD (IFO 204); Vehicle #1     Make: DODG     Model: CAR     Colour: GRY     Style: VN; Vehicle #2     Make: CHEV     Model: BLT     Colour: RED     Style: 4D,4/9/2021 4:29:01 PM,538343.6868,4808420.926,Q1,Working,FALSE
5437,48918,19045979,2/26/2019 3:40:00 PM,2019,2,26,15,40,Tuesday,547780.744,4804386.688,-80.410045,43.390842,Intersection,2,P.D. only,On roadway,Other,Daylight,Municipal,Sign Control,Unknown,FALSE,FALSE,FALSE,Clear,TRUE,Road 1: CONESTOGA COLLEGE BLVD; Road 2: DOON VALLEY DRIVE; Vehicle #1     Make: LEXS     Model: RX5     Colour: WHI     Style: TY; Vehicle #2     Make:      Model:      Colour:      Style:,4/9/2021 4:27:37 PM,547780.744,4804386.688,Q1,Working,FALSE
5438,48919,19046300,2/26/2019 3:30:00 PM,2019,2,26,15,30,Tuesday,541986.7281,4807720.351,-80.481325,43.421205,Non intersection,2,P.D. only,On roadway,Other,Daylight,Municipal,No control,Unknown,FALSE,FALSE,FALSE,Clear,TRUE,Road 1: APPALACHIAN CRESCENT; Road 2: KINGSWOOD DR; Distance: 200.0 M S; Vehicle #1     Make: MAZD     Model: TRI     Colour: GRY     Style: TY; Vehicle #2     Make: DODG     Model: AVN     Colour: RED     Style: 4D,4/9/2021 4:26:33 PM,541986.7281,4807720.351,Q1,Working,FALSE
5439,48920,19046322,2/27/2019 11:00:00 AM,2019,2,27,11,0,Wednesday,540292.3148,4806729.822,-80.502329,43.41238,Intersection,2,P.D. only,Off roadway,SMV,Daylight,Municipal,Sign Control,Functioning,FALSE,FALSE,FALSE,Snow,FALSE,Road 1: RISTAU CRESCENT (50 km/h); Road 2: DINISON CRESCENT (50 km/h); Distance:  K; Vehicle #1     Make:      Model: -     Colour:      Style:,4/9/2021 4:27:17 PM,540292.3148,4806729.822,Q1,Working,FALSE
5440,48921,19046344,2/27/2019 11:30:00 AM,2019,2,27,11,30,Wednesday,539316.7236,4810616.036,-80.514099,43.447423,Intersection,2,P.D. only,On roadway,Intersection,Daylight,Municipal,Signal Control,Functioning,FALSE,FALSE,FALSE,Snow,TRUE,Road 1: BELMONT AVE W; Road 2: GAGE AVE; Vehicle #1     Make: TOYT     Model: CBL     Colour: RED     Style: 4D; Vehicle #2     Make: FORD     Model: CVI     Colour: GRN     Style: 4D; Vehicle #3     Make:      Model:      Colour:      Style: ; Vehicle #4,4/9/2021 4:27:53 PM,539316.7236,4810616.036,Q1,Working,FALSE
5441,48922,19046370,2/27/2019 11:00:00 AM,2019,2,27,11,0,Wednesday,539991.4544,4811358.21,-80.505706,43.45407,Intersection,2,P.D. only,On roadway,Rear end,Daylight,Municipal,No control,Functioning,FALSE,FALSE,FALSE,Snow,TRUE,Road 1: AGNES ST; Road 2: WALTER ST; Vehicle #1     Make: TOYT     Model: RG4     Colour: GRY     Style: TY; Vehicle #2     Make: FORD     Model: FSE     Colour: GRY     Style: 4B,4/9/2021 4:27:59 PM,539991.4544,4811358.211,Q1,Working,FALSE
5442,48923,19046433,2/27/2019 1:30:00 PM,2019,2,27,13,30,Wednesday,545121.7023,4807672.731,-80.442604,43.420594,Non intersection,2,P.D. only,On roadway,Rear end,Daylight,Municipal,No control,Unknown,FALSE,FALSE,FALSE,Snow,TRUE,Road 1: WILSON AVE; Road 2: FAIRWAY RD S; Vehicle #1     Make: ACUR     Model: CEP     Colour: SIL     Style: 4D; Vehicle #2     Make:      Model:      Colour:      Style: ; Vehicle #3     Make: FORD     Model: COF     Colour: BLU     Style: PK,3/26/2021 11:53:15 AM,545121.7023,4807672.731,Q1,Working,FALSE
5443,48924,19046528,2/27/2019 3:00:00 PM,2019,2,27,15,0,Wednesday,543131.9509,4805308.854,-80.467369,43.399427,Private Drive,2,P.D. only,On roadway,Intersection,Daylight,Regional,No control,Unknown,FALSE,FALSE,FALSE,Snow,TRUE,Road 1: STRASBURG RD (IFO 1548); Road 2: BLEAMS; Vehicle #1     Make: AMER     Model: A45     Colour: WHI     Style: FV; Vehicle #2     Make: VOLK     Model: TOUA     Colour: GRY     Style: MUL,4/9/2021 4:29:03 PM,543131.9509,4805308.854,Q1,Working,FALSE
5444,48925,19046587,2/27/2019 4:15:00 PM,2019,2,27,16,15,Wednesday,541217.3822,4811273.325,-80.490561,43.453239,Intersection,2,P.D. only,Off roadway,SMV,Daylight,Municipal,Signal Control,Functioning,FALSE,FALSE,FALSE,Snow,FALSE,Road 1: YOUNG ST (50 km/h); Road 2: PRINCESS ST E (50 km/h); Vehicle #1     Make:      Model: -     Colour:      Style:,4/9/2021 4:28:21 PM,541217.3822,4811273.325,Q1,Working,FALSE
5445,48926,19046753,2/27/2019 8:30:00 PM,2019,2,27,20,30,Wednesday,541165.9619,4809910.551,-80.491299,43.440972,Other,2,P.D. only,Off roadway,SMV,Dark,Other,No control,Unknown,FALSE,FALSE,FALSE,Snow,FALSE,Road 1: 106 MILL ST; Vehicle #1     Make: TOYT     Model: UVL     Colour: BLU     Style: 4D; Vehicle #2     Make: TOYT     Model: RV4     Colour: BLU     Style: TY; Vehicle #3     Make: OLDS     Model: SED     Colour: GRY     Style:,4/9/2021 4:30:19 PM,541165.9619,4809910.551,Q1,Working,FALSE
5446,48927,19046826,2/28/2019 1:28:00 PM,2019,2,28,13,28,Thursday,541570.5469,4803901.201,-80.486757,43.386841,Private Drive,2,P.D. only,On roadway,SMV,Daylight,Municipal,No control,Unknown,FALSE,FALSE,FALSE,Clear,TRUE,Road 1: SOPHIA CRESCENT (IFO 258); Vehicle #1     Make:      Model:      Colour:      Style: ; Vehicle #2     Make: ACUR     Model: TXT     Colour: SIL     Style: 4D,4/9/2021 4:30:07 PM,541570.5469,4803901.201,Q1,Weekend,FALSE
5447,48928,19046908,2/28/2019 4:38:00 AM,2019,2,28,4,38,Thursday,541747.2796,4811607.557,-80.483986,43.456219,Non intersection,2,P.D. only,On roadway,Rear end,Dark,Municipal,No control,Unknown,FALSE,FALSE,FALSE,Clear,TRUE,Road 1: QUEEN ST N; Road 2: ST LEGER ST; Distance: 20.0 M S; Vehicle #1     Make: TOYT     Model: CTX     Colour: GRY     Style: 4B; Vehicle #2     Make:      Model:      Colour:      Style:,4/9/2021 4:26:38 PM,541747.2796,4811607.557,Q1,Weekend,FALSE
5448,48929,19046970,2/28/2019 8:05:00 AM,2019,2,28,8,5,Thursday,542021.2136,4808007.942,-80.480877,43.423793,Non intersection,2,P.D. only,On roadway,Intersection,Daylight,Municipal,No control,Unknown,FALSE,FALSE,FALSE,Clear,TRUE,Road 1: ALPINE ST KITCHENER; Road 2: VICTORIA ST KITCHENER; Vehicle #1     Make: HOND     Model: FKG     Colour: WHI     Style: 4B; Vehicle #2     Make: HYUN     Model: ESM     Colour: WHI     Style: 4D,4/9/2021 4:26:38 PM,542021.2136,4808007.942,Q1,Weekend,FALSE
5449,48930,19047010,2/28/2019 9:00:00 AM,2019,2,28,9,0,Thursday,541922.8705,4809248.609,-80.481997,43.434969,Private Drive,2,P.D. only,On roadway,SMV,Daylight,Municipal,No control,Unknown,FALSE,FALSE,FALSE,Clear,TRUE,Road 1: MILL ST (IFO 359); Vehicle #1     Make:      Model:      Colour:      Style: ; Vehicle #2     Make: HYUN     Model: TUC     Colour: BLK     Style: TY,4/9/2021 4:30:07 PM,541922.8705,4809248.609,Q1,Weekend,FALSE
5450,48931,19047515,3/1/2019 8:00:00 PM,2019,3,1,20,0,Friday,543237.2485,4807280.257,-80.465913,43.417172,Private Drive,2,P.D. only,Other,SMV,Dark,Municipal,No control,Unknown,FALSE,FALSE,FALSE,Snow,FALSE,Road 1: 221 BRITTON PLACE (50 km/h); Road 2: BRITTON PL; Distance: 1.0 M S; Vehicle #1     Make: MAZD     Model: M3H     Colour: WHI     Style: 4B; Vehicle #2     Make: HOND     Model: CIL     Colour: BLU     Style: 2D,4/9/2021 4:29:22 PM,543237.2485,4807280.257,Q1,Weekend,FALSE
5451,48932,19047824,3/1/2019 8:25:00 AM,2019,3,1,8,25,Friday,545178.7382,4806406.352,-80.442004,43.409188,Non intersection,2,P.D. only,On roadway,Rear end,Daylight,Municipal,No control,Unknown,FALSE,FALSE,FALSE,Clear,TRUE,Road 1: WABANAKI DR; Road 2: WILSON AVE; Distance: 100.0 M W; Vehicle #1     Make: JEEP     Model: LIB     Colour: SIL     Style: TY; Vehicle #2     Make: HYUN     Model: EGM     Colour: WHI     Style: 4D,4/9/2021 4:27:04 PM,545178.7382,4806406.352,Q1,Weekend,FALSE
5452,48933,19047845,3/1/2019 8:15:00 AM,2019,3,1,8,15,Friday,543647.378,4809907.446,-80.460637,43.440803,Non intersection,2,Non-reportable,On roadway,Rear end,Daylight,Municipal,No control,Unknown,FALSE,FALSE,FALSE,Clear,TRUE,Road 1: BRENTWOOD ST KITCHENER; Road 2: JACKSON ST KITCHENER; Distance: 50.0 M S; Vehicle #1     Make: NISS     Model: ROG     Colour: SIL     Style: TY; Vehicle #2     Make: MAZD     Model: CX5     Colour: BLU     Style: TY,4/9/2021 4:26:22 PM,543647.378,4809907.446,Q1,Weekend,FALSE
5453,48934,19047898,3/1/2019 10:30:00 AM,2019,3,1,10,30,Friday,539003.1101,4811280.938,-80.517927,43.453426,Intersection,2,P.D. only,On roadway,Intersection,Daylight,Municipal,Sign Control,Functioning,FALSE,FALSE,FALSE,Clear,FALSE,Road 1: BELMONT AVE W (50 km/h); Road 2: CLAREMONT AVE (50 km/h); Vehicle #1     Make: LEXS     Model: E3H     Colour: GRY     Style: 4D; Vehicle #2     Make: NOVA     Model: LFS     Colour: WHI     Style: BU,4/9/2021 4:28:23 PM,539003.1101,4811280.938,Q1,Weekend,FALSE
5454,48935,19047915,3/1/2019 11:00:00 AM,2019,3,1,11,0,Friday,541416.9006,4811538.384,-80.488075,43.455615,Non intersection,2,Non-reportable,On roadway,Intersection,Daylight,Municipal,No control,Unknown,FALSE,FALSE,FALSE,Clear,TRUE,Road 1: MARGARET AVE; Road 2: VICTORIA ST N; Vehicle #1     Make:      Model:      Colour:      Style: ; Vehicle #2     Make: GMC     Model: JMY     Colour: BLK     Style: TY,4/9/2021 4:26:24 PM,541416.9006,4811538.384,Q1,Weekend,FALSE
5455,48936,19048005,3/1/2019 12:19:00 PM,2019,3,1,12,19,Friday,539058.5,4811155.426,-80.517252,43.452293,Non intersection,2,P.D. only,On roadway,Intersection,Daylight,Municipal,No control,Unknown,FALSE,FALSE,FALSE,Clear,TRUE,Road 1: BELMONT AVE W; Road 2: GLASGOW ST; Distance: 50.0 M N; Vehicle #1     Make: GMC     Model: W55     Colour: WHI     Style: VN; Vehicle #2     Make: HOND     Model: CCR     Colour: BGE     Style: 4W,4/9/2021 4:27:05 PM,539058.5,4811155.426,Q1,Weekend,FALSE
5456,48937,19048086,3/1/2019 12:45:00 PM,2019,3,1,12,45,Friday,549269.6978,4806288.174,-80.39149,43.407867,Non intersection,2,P.D. only,On roadway,Intersection,Daylight,Municipal,No control,Unknown,FALSE,FALSE,FALSE,Clear,TRUE,Road 1: GATEWAY DR KITCHENER; Road 2: SPORTSWORLD DRIVE KITCHENER; Distance: 150.0 M E; Vehicle #1     Make: MAZD     Model: M3I     Colour: WHI     Style: 4D; Vehicle #2     Make: LEXS     Model: I35     Colour: WHI     Style: 4D,4/9/2021 4:26:21 PM,549269.6978,4806288.174,Q1,Weekend,FALSE
5457,48938,19048180,3/1/2019 3:51:00 PM,2019,3,1,15,51,Friday,543568.8919,4804977.003,-80.462,43.396414,Intersection,2,P.D. only,On roadway,Intersection,Daylight,Regional,Signal Control,Functioning,FALSE,FALSE,FALSE,Clear,FALSE,Road 1: HURON RD (50 km/h); Road 2: BATTLER RD (50 km/h); Vehicle #1     Make: GMC     Model: SAV     Colour: MLT     Style: FV; Vehicle #2     Make: TOYT     Model: CYR     Colour: RED     Style: 4B,4/9/2021 4:28:25 PM,543568.8919,4804977.003,Q1,Weekend,FALSE
5458,48939,19048292,3/1/2019 6:17:00 PM,2019,3,1,18,17,Friday,543349.2057,4809760.233,-80.464333,43.439495,Non intersection,2,P.D. only,On roadway,SMV,Dusk,Municipal,No control,Unknown,FALSE,FALSE,FALSE,Clear,TRUE,Road 1: JACKSON AVE; Road 2: KING ST E; Vehicle #1     Make: DODG     Model: CAR     Colour: ONG     Style: VN; Vehicle #2     Make: MERZ     Model: C6G     Colour: WHI     Style: 4D,4/9/2021 4:27:07 PM,543349.2057,4809760.233,Q1,Weekend,FALSE
5459,48940,19048324,2/28/2019 5:30:00 PM,2019,2,28,17,30,Thursday,544657.4128,4806289.387,-80.448452,43.408167,Non intersection,2,P.D. only,On roadway,Intersection,Dusk,Municipal,No control,Unknown,FALSE,FALSE,FALSE,Clear,TRUE,Road 1: WABANAKI DR; Road 2: MANITOU DR; Distance: 30.0 M E; Vehicle #1     Make: CHEV     Model: CZS     Colour: GRY     Style: 4D; Vehicle #2     Make: MAZD     Model: MA5     Colour: GRY     Style: 4B,4/9/2021 4:27:06 PM,544657.4128,4806289.387,Q1,Weekend,FALSE
5460,48941,19048329,3/1/2019 7:30:00 PM,2019,3,1,19,30,Friday,541387.4021,4809636.1,-80.488584,43.438488,Intersection,2,P.D. only,On roadway,Intersection,Dark,Municipal,Sign Control,Unknown,FALSE,FALSE,FALSE,Clear,TRUE,Road 1: MILL ST; Road 2: WOODLAND AVE; Vehicle #1     Make: HOND     Model: CIVI     Colour: BLK     Style: 2D; Vehicle #2     Make: ACUR     Model: RDX     Colour: GRY     Style: TY,4/9/2021 4:27:18 PM,541387.4021,4809636.1,Q1,Weekend,FALSE
5461,48942,19048426,3/1/2019 10:00:00 PM,2019,3,1,22,0,Friday,548109.6944,4811385.993,-80.405367,43.453842,Non intersection,2,Non-reportable,Off roadway,SMV,Dark,Municipal,No control,Unknown,FALSE,FALSE,FALSE,Clear,TRUE,Road 1: 62 EDEN OAK TRAIL (STREET PARKING); Vehicle #1     Make:      Model:      Colour:      Style: ; Vehicle #2     Make: HOND     Model: CXG     Colour: GRY     Style: 4D,4/9/2021 4:26:23 PM,548109.6944,4811385.993,Q1,Weekend,FALSE
5462,48943,19048614,3/2/2019 2:00:00 AM,2019,3,2,2,0,Saturday,539374.7813,4806754.214,-80.51366,43.412648,Intersection,2,P.D. only,Off roadway,SMV,Dark,Municipal,Sign Control,Unknown,FALSE,FALSE,FALSE,Clear,FALSE,Road 1: ORCHID CRES (50 km/h); Road 2: GREY FOX DR (50 km/h); Distance:  K; Vehicle #1     Make: INFI     Model: GBS     Colour: BLK     Style: 2D,4/9/2021 4:27:17 PM,539374.7813,4806754.214,Q1,Weekend,FALSE
5463,48944,19048914,3/2/2019 9:45:00 AM,2019,3,2,9,45,Saturday,544758.8506,4804286.666,-80.447363,43.390128,Non intersection,2,Non-reportable,On roadway,SMV,Daylight,Municipal,No control,Unknown,FALSE,FALSE,FALSE,Snow,TRUE,Road 1: 44 WHEATFIELD CRESCENT; Vehicle #1     Make: RAM     Model: RTR     Colour: GRY     Style: CW; Vehicle #2     Make: VOLK     Model: CTJ     Colour: BLK     Style: 4D,4/9/2021 4:26:24 PM,544758.8506,4804286.666,Q1,Weekend,FALSE
5464,48945,19049486,3/6/2019 5:20:00 AM,2019,3,6,5,20,Wednesday,537782.776,4809942.765,-80.533103,43.44144,Private Drive,2,P.D. only,Off roadway,Other,Dark,Municipal,No control,Unknown,FALSE,FALSE,FALSE,Clear,FALSE,Road 1: 8 SHADELAND CRESCENT (50 km/h); Road 2: SHADELAND CRES; Distance: 1.0 M W; Vehicle #1     Make: MERZ     Model: C25     Colour: BLK     Style: 4D; Vehicle #2     Make: FORD     Model: EPR     Colour: BLU     Style: TY,4/9/2021 4:29:06 PM,537782.776,4809942.765,Q1,Working,FALSE
5465,48946,19049546,3/2/2019 9:00:00 PM,2019,3,2,21,0,Saturday,542963.5572,4806593.463,-80.469347,43.411003,Private Drive,2,Non-reportable,On roadway,SMV,Dark,Municipal,No control,Unknown,FALSE,FALSE,FALSE,Clear,TRUE,Road 1: CENTURY HILL DR (IFO 101); Vehicle #1     Make:      Model:      Colour:      Style: ; Vehicle #2     Make: TOYT     Model: C4E     Colour: WHI     Style: 4D,4/9/2021 4:29:53 PM,542963.5572,4806593.463,Q1,Weekend,FALSE
5466,48947,19049659,3/3/2019 12:22:00 PM,2019,3,3,12,22,Sunday,541973.3004,4810421.419,-80.481284,43.445527,Non intersection,2,P.D. only,Off roadway,Other,Daylight,Municipal,No control,Unknown,FALSE,FALSE,FALSE,Clear,FALSE,Road 1: 19 CAMERON ST S (50 km/h); Road 2: CHARLES ST E; Distance: 15.0 M S; Vehicle #1     Make: DODG     Model: CPO     Colour: BLK     Style: 4D; Vehicle #2     Make: MAZD     Model: 3TR     Colour: WHI     Style: 4B,4/9/2021 4:25:35 PM,541973.3004,4810421.419,Q1,Weekend,FALSE
5467,48948,19049744,3/3/2019 1:15:00 PM,2019,3,3,13,15,Sunday,543553.8348,4811202.594,-80.461689,43.45247,Private Drive,2,P.D. only,Off roadway,SMV,Daylight,Municipal,No control,Unknown,FALSE,FALSE,FALSE,Clear,FALSE,Road 1: 101 DONALD ST (50 km/h); Road 2: DONALD ST; Distance: 40.0 M E; Vehicle #1     Make: SUBA     Model: UVT     Colour: RED     Style: 4W; Vehicle #2     Make: NISS     Model: VNS     Colour: BLU     Style: 4B,4/9/2021 4:29:25 PM,543553.8348,4811202.594,Q1,Weekend,FALSE
5468,48949,19050184,3/4/2019 6:39:00 AM,2019,3,4,6,39,Monday,541787.685,4803784.044,-80.484085,43.385774,Intersection,2,P.D. only,On roadway,Intersection,Dawn,Municipal,Sign Control,Functioning,FALSE,FALSE,FALSE,Clear,FALSE,Road 1: WOODBINE AVE (50 km/h); Road 2: MAITLAND ST (50 km/h); Vehicle #1     Make: TOYT     Model: UCS     Colour: GRY     Style: 4D; Vehicle #2     Make:      Model: TRAC     Colour:      Style: TRA,4/9/2021 4:27:00 PM,541787.685,4803784.044,Q1,Working,FALSE
5469,48950,19050245,3/4/2019 9:00:00 AM,2019,3,4,9,0,Monday,543230.6079,4808458.431,-80.465901,43.42778,Non intersection,2,Non-reportable,On roadway,Rear end,Daylight,Municipal,No control,Unknown,FALSE,FALSE,FALSE,Clear,TRUE,Road 1: WALTON ST KITCHENER (COURTLAND DR KITCHENER); Vehicle #1     Make: HYUN     Model: SSE     Colour: WHI     Style: 4D; Vehicle #2     Make:      Model:      Colour:      Style:,4/9/2021 4:26:25 PM,543230.6079,4808458.431,Q1,Working,FALSE
5470,48951,19050529,3/4/2019 5:46:00 PM,2019,3,4,17,46,Monday,541698.3618,4806209.413,-80.485003,43.407617,Private Drive,2,P.D. only,On roadway,SMV,Dusk,Municipal,No control,Unknown,FALSE,FALSE,FALSE,Clear,TRUE,Road 1: ERINBROOK DR (IFO 51); Vehicle #1     Make:      Model:      Colour:      Style: ; Vehicle #2     Make: MITS     Model: LST     Colour: GRY     Style: 4D,4/9/2021 4:30:15 PM,541698.3618,4806209.413,Q1,Working,FALSE
5471,48952,19050559,3/4/2019 2:51:00 PM,2019,3,4,14,51,Monday,541715.1264,4808849.37,-80.484594,43.431386,Private Drive,2,Non-reportable,On roadway,SMV,Daylight,Municipal,No control,Unknown,FALSE,FALSE,FALSE,Clear,TRUE,Road 1: HOFFMAN ST (IFO 132); Vehicle #1     Make: DODG     Model: CAR     Colour: WHI     Style: VN; Vehicle #2     Make: MAZD     Model: 3GT     Colour: RED     Style: 4D,4/9/2021 4:29:54 PM,541715.1264,4808849.37,Q1,Working,FALSE
5472,48953,19050591,3/4/2019 8:00:00 AM,2019,3,4,8,0,Monday,539549.7951,4811341.856,-80.511166,43.453946,Non intersection,2,P.D. only,On roadway,Rear end,Daylight,Municipal,No control,Unknown,FALSE,FALSE,FALSE,Clear,TRUE,Road 1: GLASGOW ST; Road 2: PARK ST; Distance: 75.0 M W; Vehicle #1     Make: TOYT     Model: XLL     Colour: BRN     Style: 4D; Vehicle #2     Make: SUBA     Model: FOR     Colour: BRZ     Style: TY,4/9/2021 4:27:07 PM,539549.7951,4811341.856,Q1,Working,FALSE
5473,48954,19050610,3/4/2019 11:30:00 AM,2019,3,4,11,30,Monday,539776.8467,4809663.542,-80.508482,43.438823,Private Drive,2,P.D. only,Off roadway,SMV,Daylight,Regional,No control,Unknown,FALSE,FALSE,FALSE,Clear,TRUE,Road 1: 149 ROXBOROUGH AVE (AT DRIVEWAY); Vehicle #1     Make:      Model:      Colour:      Style: ; Vehicle #2     Make: TOYT     Model: RV4     Colour: RED     Style: TY,4/9/2021 4:30:14 PM,539776.8467,4809663.542,Q1,Working,FALSE
5474,48955,19051007,3/4/2019 3:30:00 PM,2019,3,4,15,30,Monday,547287.4905,4811357.165,-80.415531,43.453635,Non intersection,2,Non-reportable,On roadway,Other,Daylight,Municipal,No control,Unknown,FALSE,FALSE,FALSE,Clear,TRUE,Road 1: 302 ZELLER DRIVE KITCHENER; Vehicle #1     Make: CADI     Model: XPX     Colour: WHI     Style: 4D; Vehicle #2     Make:      Model:      Colour:      Style:,4/9/2021 4:26:27 PM,547287.4905,4811357.165,Q1,Working,FALSE
5475,48956,19051110,3/5/2019 9:30:00 AM,2019,3,5,9,30,Tuesday,538283.1191,4810388.334,-80.526889,43.445427,Intersection,2,P.D. only,Off roadway,SMV,Daylight,Municipal,Sign Control,Functioning,FALSE,FALSE,FALSE,Snow,FALSE,Road 1: WESTWOOD DR (40 km/h); Road 2: INWOOD DR (50 km/h); Distance: 3.0 M W; Vehicle #1     Make: SUZI     Model: VIT     Colour: BLK     Style: TY,4/9/2021 4:27:18 PM,538283.1191,4810388.334,Q1,Working,FALSE
5476,48957,19051332,3/21/2019 11:30:00 AM,2019,3,21,11,30,Thursday,541419.6931,4810599.377,-80.488111,43.44716,Private Drive,2,P.D. only,On roadway,SMV,Daylight,Municipal,No control,Unknown,FALSE,FALSE,FALSE,Clear,TRUE,Road 1: CHURCH ST (IFO 53); Vehicle #1     Make:      Model:      Colour:      Style: ; Vehicle #2     Make: NISS     Model: A2B     Colour: BLK     Style: 4D,4/9/2021 4:30:07 PM,541419.6931,4810599.377,Q1,Weekend,FALSE
5477,48958,19051416,3/5/2019 3:30:00 PM,2019,3,5,15,30,Tuesday,545711.7891,4807701.598,-80.435312,43.420819,Intersection,2,P.D. only,On roadway,Rear end,Daylight,Municipal,Sign Control,Unknown,FALSE,FALSE,FALSE,Clear,TRUE,Road 1: WABANAKI DR KITCHENER ON; Road 2: HIDDEN VALLEY RD KITCHENER ON; Vehicle #1     Make: HOND     Model: UDY     Colour: SIL     Style: VN; Vehicle #2     Make: NISS     Model: MSV     Colour: GLD     Style: 4D,4/9/2021 4:27:46 PM,545711.7891,4807701.598,Q1,Working,FALSE
5478,48959,19051614,3/1/2019 1:00:00 PM,2019,3,1,13,0,Friday,537248.4337,4808055.596,-80.539835,43.424474,Private Drive,2,P.D. only,On roadway,SMV,Daylight,Municipal,No control,Unknown,FALSE,FALSE,FALSE,Clear,TRUE,Road 1: HIGH ACRES CRESCENT (IFO 108); Vehicle #1     Make: PONT     Model: TOR     Colour: WHI     Style: TY; Vehicle #2     Make: NISS     Model: ATS     Colour: BLK     Style: 4D,4/9/2021 4:30:15 PM,537248.4337,4808055.596,Q1,Weekend,FALSE