,OBJECTID,ACCIDENTNUM,ACCIDENTDATE,ACCIDENT_YEAR,ACCIDENT_MONTH,ACCIDENT_DAY,ACCIDENT_HOUR,ACCIDENT_MINUTE,Accident_Day,XCOORD,YCOORD,LONGITUDE,LATITUDE,Accident_Location,COLLISIONTYPE,Accident_Type,Impact_Location,Impact_Type,Light,Road_Jurisdication,Traffic_Control,Traffic_Control_Condition,Pedestrian_Involved,Cyclist_Involved,Motorcyclist_Involved,Environment_Condition,Self_Reported,XMLIMPORTNOTES,LASTEDITEDDATE,x,y,Quarter,Day_Type,Vulnerable_Involved
5479,48960,19051804,3/6/2019 7:50:00 AM,2019,3,6,7,50,Wednesday,544806.1481,4805155.878,-80.446708,43.397952,Intersection,2,P.D. only,On roadway,Intersection,Daylight,Other,Sign Control,Functioning,FALSE,FALSE,FALSE,Clear,TRUE,Road 1: DOON VILLAGE RD; Road 2: MILLWOOD CRESCENT; Vehicle #1     Make: DODG     Model: CJO     Colour: SIL     Style: TY; Vehicle #2     Make: VOLK     Model: GLF     Colour: BLK     Style: 2B,4/9/2021 4:28:41 PM,544806.1481,4805155.879,Q1,Working,FALSE
5480,48961,19052786,3/7/2019 10:30:00 AM,2019,3,7,10,30,Thursday,541056.2015,4808831.864,-80.492737,43.431265,Private Drive,2,P.D. only,Off roadway,SMV,Daylight,Municipal,No control,Unknown,FALSE,FALSE,FALSE,Clear,TRUE,Road 1: HEIMAN ST (IN FRONT OF 234 HEIMAN (ON ROADWAY)); Road 2: HUGO CRES; Distance: 200.0 M W; Vehicle #1     Make:      Model:      Colour:      Style: ; Vehicle #2     Make: MERZ     Model: CSP     Colour: WHI     Style: FV,4/9/2021 4:29:55 PM,541056.2015,4808831.864,Q1,Weekend,FALSE
5481,48962,19052908,3/6/2019 4:30:00 PM,2019,3,6,16,30,Wednesday,545234.4748,4802585.09,-80.441631,43.374778,Non intersection,2,Non-reportable,On roadway,SMV,Daylight,Municipal,No control,Unknown,FALSE,FALSE,FALSE,Clear,TRUE,Road 1: MOORLANDS CRES; Road 2: S CREEK DRIVE; Distance: 20.0 M W; Vehicle #1     Make: DODG     Model: CVR     Colour: WHI     Style: VN; Vehicle #2     Make:      Model:      Colour:      Style:,4/9/2021 4:25:51 PM,545234.4748,4802585.09,Q1,Working,FALSE
5482,48963,19053681,3/8/2019 7:30:00 AM,2019,3,8,7,30,Friday,536550.3453,4808244.378,-80.548446,43.426209,Private Drive,2,P.D. only,Off roadway,SMV,Daylight,Municipal,No control,Unknown,FALSE,FALSE,FALSE,Clear,FALSE,Road 1: 330 WESTMEADOW DR (50 km/h); Road 2: WESTMEADOW DR; Distance: 4.0 M E; Vehicle #1     Make:      Model:      Colour:      Style: ; Vehicle #2     Make: HYUN     Model: ESM     Colour: BLK     Style: 4D,4/9/2021 4:29:24 PM,536550.3453,4808244.379,Q1,Weekend,FALSE
5483,48964,19053856,3/8/2019 4:00:00 PM,2019,3,8,16,0,Friday,545293.0833,4805281.281,-80.440685,43.399051,Non intersection,2,P.D. only,On roadway,Intersection,Daylight,Municipal,No control,Unknown,FALSE,FALSE,FALSE,Clear,TRUE,Road 1: BRASSEY COURT (IFO 25); Vehicle #1     Make: CADI     Model: ALA     Colour: BLK     Style: 4D; Vehicle #2     Make: KIA     Model: RIL     Colour: BLU     Style: 4B,4/9/2021 4:26:42 PM,545293.0833,4805281.281,Q1,Weekend,FALSE
5484,48965,19053865,3/8/2019 4:00:00 PM,2019,3,8,16,0,Friday,539832.9108,4808044.943,-80.507908,43.424246,Non intersection,2,Non-reportable,On roadway,SMV,Daylight,Municipal,No control,Unknown,FALSE,FALSE,FALSE,Clear,TRUE,Road 1: 260 STONYBROOK DR; Vehicle #1     Make:      Model:      Colour:      Style: ; Vehicle #2     Make: TOYT     Model: SIE     Colour: BLK     Style: VN,4/9/2021 4:26:11 PM,539832.9108,4808044.943,Q1,Weekend,FALSE
5485,48966,19054047,3/3/2019 6:55:00 PM,2019,3,3,18,55,Sunday,540500.8331,4805821.747,-80.499821,43.404192,Non intersection,2,Non-reportable,On roadway,SMV,Dark,Municipal,No control,Unknown,FALSE,FALSE,FALSE,Clear,TRUE,Road 1: 146 HARDING ST; Vehicle #1     Make:      Model:      Colour:      Style: ; Vehicle #2     Make: TOYT     Model: RG4     Colour: GRY     Style: TY,4/9/2021 4:26:09 PM,540500.8331,4805821.747,Q1,Weekend,FALSE
5486,48967,19054678,3/9/2019 4:00:00 PM,2019,3,9,16,0,Saturday,541878.7762,4803490.411,-80.482983,43.383125,Intersection,2,P.D. only,On roadway,Intersection,Daylight,Municipal,Sign Control,Functioning,FALSE,FALSE,FALSE,Clear,TRUE,Road 1: HURON RD KITCHENER; Road 2: WOODBINE AVE KITCHENER; Vehicle #1     Make: HYUN     Model: SON     Colour: BLK     Style: 4D; Vehicle #2     Make: GMC     Model: SIE     Colour: WHI     Style: CW,4/9/2021 4:27:22 PM,541878.7762,4803490.411,Q1,Weekend,FALSE
5487,48968,19055269,3/9/2019 1:30:00 PM,2019,3,9,13,30,Saturday,538040.0536,4807202.523,-80.530115,43.416754,Non intersection,2,P.D. only,On roadway,SMV,Daylight,Municipal,No control,Unknown,FALSE,FALSE,FALSE,Clear,TRUE,Road 1: 11 RED MAPLE PLACE; Vehicle #1     Make:      Model:      Colour:      Style: ; Vehicle #2     Make: CHEV     Model: CZS     Colour: RED     Style: 4D,4/9/2021 4:27:02 PM,538040.0536,4807202.523,Q1,Weekend,FALSE
5488,48969,19055274,3/10/2019 10:30:00 PM,2019,3,10,22,30,Sunday,542060.7712,4804481.897,-80.48066,43.392042,Private Drive,2,Non-reportable,Off roadway,SMV,Dark,Other,No control,Unknown,FALSE,FALSE,FALSE,Clear,TRUE,Road 1: 425 WOODBINE AVE; Vehicle #1     Make:      Model:      Colour:      Style: ; Vehicle #2     Make: HYUN     Model: SGL     Colour: BRN     Style: 4D,4/9/2021 4:29:50 PM,542060.7712,4804481.897,Q1,Weekend,FALSE
5489,48970,19055641,3/10/2019 9:00:00 PM,2019,3,10,21,0,Sunday,543545.9324,4809138.741,-80.461952,43.433888,Non intersection,2,P.D. only,Off roadway,SMV,Dark,Municipal,No control,Unknown,FALSE,FALSE,FALSE,Clear,FALSE,Road 1: 75 CORNELL AVE (50 km/h); Road 2: CORNELL AVE; Distance: 7.0 M S; Vehicle #1     Make: SUBA     Model: FOR     Colour: WHI     Style: TY; Vehicle #2     Make: CHEV     Model: CZZ     Colour: BLK     Style: 4D,4/9/2021 4:25:36 PM,543545.9324,4809138.741,Q1,Weekend,FALSE
5490,48971,19056159,3/11/2019 12:30:00 PM,2019,3,11,12,30,Monday,543040.0692,4812843.384,-80.467909,43.467273,Non intersection,2,Non-reportable,On roadway,Rear end,Daylight,Municipal,No control,Unknown,FALSE,FALSE,FALSE,Clear,TRUE,Road 1: RIVERBEND DR; Road 2: WELLINGTON ST N; Vehicle #1     Make: MERZ     Model: CSP     Colour: WHI     Style: FV; Vehicle #2     Make: MAZD     Model: CX5     Colour: GRY     Style: TY,4/9/2021 4:26:15 PM,543040.0692,4812843.384,Q1,Working,FALSE
5491,48972,19056289,3/17/2019 9:00:00 PM,2019,3,17,21,0,Sunday,540655.297,4807978.127,-80.497753,43.4236,Private Drive,2,P.D. only,On roadway,SMV,Dark,Municipal,No control,Unknown,FALSE,FALSE,FALSE,Clear,TRUE,Road 1: CHANDLER DR; Road 2: ELMSDALE DR; Distance: 100.0 M S; Vehicle #1     Make:      Model:      Colour:      Style: ; Vehicle #2     Make: FORD     Model: SPE     Colour: BLK     Style: TY,4/9/2021 4:29:54 PM,540655.297,4807978.127,Q1,Weekend,FALSE
5492,48973,19056993,3/22/2019 6:10:00 AM,2019,3,22,6,10,Friday,545342.3364,4802519.433,-80.440305,43.374181,Non intersection,2,Non-reportable,On roadway,SMV,Dark,Municipal,No control,Unknown,FALSE,FALSE,FALSE,Clear,TRUE,Road 1: 16 MEDOWRIDGE ST KITCHENER; Vehicle #1     Make:      Model:      Colour:      Style: ; Vehicle #2     Make: TOYT     Model: UCS     Colour: GRY     Style: 4D,4/9/2021 4:25:44 PM,545342.3364,4802519.433,Q1,Weekend,FALSE
5493,48974,19057178,3/12/2019 5:40:00 PM,2019,3,12,17,40,Tuesday,545300.268,4811279.899,-80.440098,43.453062,Private Drive,2,Non-reportable,On roadway,SMV,Daylight,Municipal,No control,Unknown,FALSE,FALSE,FALSE,Clear,TRUE,Road 1: BISHOP COURT (IFO 12); Vehicle #1     Make:      Model:      Colour:      Style: ; Vehicle #2     Make: HOND     Model: UCS     Colour: GRY     Style: 2D,4/9/2021 4:29:39 PM,545300.268,4811279.899,Q1,Working,FALSE
5494,48975,19057726,3/8/2019 9:30:00 PM,2019,3,8,21,30,Friday,543982.8614,4803441.655,-80.457012,43.382565,Private Drive,2,P.D. only,On roadway,SMV,Dark,Municipal,No control,Unknown,FALSE,FALSE,FALSE,Clear,TRUE,Road 1: HEARTHBRIDGE ST (IFO 23); Vehicle #1     Make:      Model:      Colour:      Style: ; Vehicle #2     Make: FORD     Model: COF     Colour: GRY     Style: PK,4/9/2021 4:29:37 PM,543982.8614,4803441.655,Q1,Weekend,FALSE
5495,48976,19057956,1/28/2019 9:00:00 PM,2019,1,28,21,0,Monday,544250.7354,4809096.51,-80.453247,43.433466,Non intersection,2,Non-reportable,On roadway,SMV,Dark,Municipal,No control,Unknown,FALSE,FALSE,FALSE,Clear,TRUE,Road 1: 47 4TH AVE; Vehicle #1     Make:      Model:      Colour:      Style: ; Vehicle #2     Make: TOYT     Model: YAR     Colour: GRY     Style: 4D,4/9/2021 4:26:03 PM,544250.7354,4809096.51,Q1,Working,FALSE
5496,48977,19058605,3/11/2019 3:00:00 PM,2019,3,11,15,0,Monday,540150.3047,4808613.257,-80.503945,43.429346,Private Drive,2,P.D. only,Off roadway,SMV,Daylight,Other,No control,Unknown,FALSE,FALSE,FALSE,Clear,TRUE,Road 1: 96 SHADYWOOD CRESCENT; Vehicle #1     Make:      Model:      Colour:      Style: ; Vehicle #2     Make: TOYT     Model: RV4     Colour: GRY     Style: TY,4/9/2021 4:29:22 PM,540150.3047,4808613.257,Q1,Working,FALSE
5497,48978,19059281,3/14/2019 1:15:00 PM,2019,3,14,13,15,Thursday,544860.2801,4806308.597,-80.445945,43.408327,Non intersection,2,Non-reportable,On roadway,Intersection,Daylight,Municipal,No control,Unknown,FALSE,FALSE,FALSE,Clear,TRUE,Road 1: WABANAKI DR (IFO 610); Vehicle #1     Make: NISS     Model: VSL     Colour: RED     Style: 4B; Vehicle #2     Make: ACUR     Model: CSX     Colour: GRY     Style: 4D,4/9/2021 4:26:23 PM,544860.2801,4806308.597,Q1,Weekend,FALSE
5498,48979,19059312,3/14/2019 9:30:00 AM,2019,3,14,9,30,Thursday,537045.2601,4807738.609,-80.542366,43.42163,Private Drive,2,Non-reportable,On roadway,SMV,Daylight,Municipal,No control,Unknown,FALSE,FALSE,FALSE,Clear,TRUE,Road 1: WESTVIEW COURT (IFO 210); Vehicle #1     Make: DODG     Model: CAR     Colour: GRY     Style: VN; Vehicle #2     Make: CHEV     Model: EXP     Colour: WHI     Style: VN,4/9/2021 4:29:53 PM,537045.2601,4807738.609,Q1,Weekend,FALSE
5499,48980,19059883,3/15/2019 10:24:00 PM,2019,3,15,22,24,Friday,542760.7185,4811005.063,-80.471507,43.450737,Intersection,2,P.D. only,On roadway,Rear end,Dark,Municipal,Signal Control,Functioning,FALSE,FALSE,FALSE,Snow,FALSE,Road 1: EAST AVE (50 km/h); Road 2: CAMERON ST N (50 km/h); Vehicle #1     Make: OLDS     Model: AG     Colour: WHI     Style: 4D; Vehicle #2     Make: TOYT     Model: CTX     Colour: GRY     Style: 4B; Vehicle #3     Make: JEEP     Model: CHK     Colour:,4/9/2021 4:28:03 PM,542760.7185,4811005.063,Q1,Weekend,FALSE
5500,48981,19060019,4/23/2019 1:30:00 AM,2019,4,23,1,30,Tuesday,544046.5833,4808883.971,-80.455786,43.431564,Intersection,2,P.D. only,Off roadway,SMV,Dark,Municipal,Sign Control,Functioning,FALSE,FALSE,FALSE,Snow,FALSE,Road 1: 207 CONNAUGHT ST (50 km/h); Road 2: CONNAUGHT ST (50 km/h); Distance:  K; Vehicle #1     Make: HOND     Model: PILO     Colour:      Style:,4/9/2021 4:27:15 PM,544046.5833,4808883.971,Q2,Working,FALSE
5501,48982,19060349,3/16/2019 12:08:00 PM,2019,3,16,12,8,Saturday,541651.4126,4809314.494,-80.485346,43.435578,Intersection,2,P.D. only,On roadway,Intersection,Daylight,Regional,Sign Control,Functioning,FALSE,FALSE,FALSE,Clear,FALSE,Road 1: MILL ST (50 km/h); Road 2: HEIMAN ST (50 km/h); Vehicle #1     Make: BMW     Model: 43X     Colour: BLK     Style: 2D; Vehicle #2     Make: VOLK     Model: ATL     Colour: SIL     Style: TY,4/9/2021 4:28:21 PM,541651.4126,4809314.494,Q1,Weekend,FALSE
5502,48983,19060431,3/16/2019 2:07:00 PM,2019,3,16,14,7,Saturday,544761.5787,4811448.008,-80.446742,43.454609,Intersection,2,P.D. only,On roadway,Rear end,Daylight,Municipal,Signal Control,Functioning,FALSE,FALSE,FALSE,Clear,FALSE,Road 1: RIVER RD E (60 km/h); Road 2: HICKSON DR (40 km/h); Vehicle #1     Make: HOND     Model: UCL     Colour: BLU     Style: 4D; Vehicle #2     Make: TOYT     Model: UCS     Colour: GRY     Style: 4D; Vehicle #3     Make: GMC     Model: DEN     Colour:,4/9/2021 4:28:13 PM,544761.5787,4811448.008,Q1,Weekend,FALSE
5503,48984,19062187,3/17/2019 6:28:00 PM,2019,3,17,18,28,Sunday,540016.3325,4811011.451,-80.505424,43.450946,Private Drive,2,P.D. only,On roadway,Intersection,Dark,Municipal,No control,Unknown,FALSE,FALSE,FALSE,Clear,FALSE,Road 1: STEWART ST (50 km/h); Road 2: PARK ST; Distance: 50.0 M W; Vehicle #1     Make: NISS     Model: PFI     Colour: BLK     Style: TY; Vehicle #2     Make: TOYT     Model: RV4     Colour: WHI     Style: TY,4/9/2021 4:29:04 PM,540016.3325,4811011.451,Q1,Weekend,FALSE
5504,48985,19062391,3/17/2019 10:13:00 PM,2019,3,17,22,13,Sunday,542581.9655,4810126.066,-80.473785,43.442833,Intersection,2,P.D. only,On roadway,Intersection,Dark,Regional,Signal Control,Functioning,FALSE,TRUE,FALSE,Clear,FALSE,Road 1: BORDEN AVE N (50 km/h); Road 2: KING ST E (50 km/h); Distance:  K; Vehicle #1     Make: PETE     Model:      Colour:      Style: BIC; Vehicle #2     Make: DODG     Model: DAS     Colour: BLK     Style: 4D,4/9/2021 4:26:57 PM,542581.9655,4810126.066,Q1,Weekend,FALSE
5505,48986,19063034,3/18/2019 3:15:00 PM,2019,3,18,15,15,Monday,541687.5285,4811102.497,-80.484763,43.451675,Non intersection,2,Non-reportable,On roadway,Other,Daylight,Municipal,No control,Unknown,FALSE,FALSE,FALSE,Clear,TRUE,Road 1: SPETZ ST; Road 2: FREDERICK ST; Distance: 40.0 M S; Vehicle #1     Make: HYUN     Model: ESS     Colour: BLU     Style: 4D; Vehicle #2     Make: SUBA     Model: ITS     Colour: GRN     Style: 4W,4/9/2021 4:26:25 PM,541687.5285,4811102.497,Q1,Working,FALSE
5506,48987,19063614,3/19/2019 10:00:00 AM,2019,3,19,10,0,Tuesday,541603.9206,4810793.496,-80.48582,43.448897,Non intersection,2,P.D. only,On roadway,SMV,Daylight,Municipal,No control,Unknown,FALSE,FALSE,FALSE,Clear,TRUE,Road 1: SCOTT ST; Road 2: MARKET LN; Distance: 30.0 M S; Vehicle #1     Make: DODG     Model: RPC     Colour: WHI     Style: PK; Vehicle #2     Make: HOND     Model: UCD     Colour: BGE     Style: 4D,4/9/2021 4:26:08 PM,541603.9206,4810793.496,Q1,Working,FALSE
5507,48988,19063698,3/19/2019 10:30:00 AM,2019,3,19,10,30,Tuesday,541637.8575,4810719.346,-80.485406,43.448228,Non intersection,2,P.D. only,On roadway,Rear end,Daylight,Municipal,No control,Unknown,FALSE,FALSE,FALSE,Clear,TRUE,Road 1: 235 KING ST EAST KITCHENER; Vehicle #1     Make: TOYT     Model: CBS     Colour: GRY     Style: 4D; Vehicle #2     Make: HOND     Model: UCL     Colour: WHI     Style: 2D,4/27/2022 10:40:08 AM,541637.8575,4810719.346,Q1,Working,FALSE
5508,48989,19063857,3/19/2019 3:24:00 PM,2019,3,19,15,24,Tuesday,546468.1683,4808919.282,-80.425865,43.431736,Non intersection,2,P.D. only,Off roadway,SMV,Daylight,Regional,No control,Unknown,FALSE,FALSE,FALSE,Clear,FALSE,Road 1: RIVER RD E (50 km/h); Road 2: SCENIC DR; Distance: 100.0 M S; Vehicle #1     Make: HYUN     Model: CSN     Colour: WHI     Style: 4D,3/26/2021 11:53:25 AM,546468.1683,4808919.282,Q1,Working,FALSE
5509,48990,19064694,3/20/2019 2:50:00 PM,2019,3,20,14,50,Wednesday,544861.4261,4804898.51,-80.446046,43.395631,Non intersection,2,Non-reportable,On roadway,Rear end,Daylight,Regional,No control,Unknown,FALSE,FALSE,FALSE,Clear,TRUE,Road 1: DOON VILLAGE RD; Road 2: PIONEER DR; Distance:  K N; Vehicle #1     Make: KIA     Model: FLX     Colour: WHI     Style: 4D; Vehicle #2     Make: CHEV     Model: RAX     Colour: BLK     Style: TY,4/9/2021 4:25:40 PM,544861.4261,4804898.51,Q1,Working,FALSE
5510,48991,19064729,3/20/2019 11:10:00 AM,2019,3,20,11,10,Wednesday,539828.4377,4809154.939,-80.507882,43.43424,Private Drive,2,P.D. only,On roadway,Intersection,Daylight,Municipal,No control,Unknown,FALSE,FALSE,FALSE,Clear,TRUE,Road 1: QUEEN'S BLVD; Road 2: WESTMOUNT RD; Distance: 200.0 M E; Vehicle #1     Make: KIA     Model: SPO     Colour: BLU     Style: TY; Vehicle #2     Make: HOND     Model: UDY     Colour: BLU     Style: VN,4/9/2021 4:29:26 PM,539828.4377,4809154.939,Q1,Working,FALSE
5511,48992,19064915,3/20/2019 7:56:00 PM,2019,3,20,19,56,Wednesday,542241.2941,4809511.598,-80.478042,43.43732,Non intersection,2,P.D. only,On roadway,Rear end,Dark,Regional,No control,Unknown,FALSE,FALSE,FALSE,Rain,FALSE,Road 1: GRENVILLE AVE (50 km/h); Road 2: COURTLAND AVE E; Distance: 15.0 M W; Vehicle #1     Make: MAZD     Model: 3SP     Colour: GRY     Style: 4D; Vehicle #2     Make: TESL     Model: 3     Colour: GRY     Style: 4D,4/9/2021 4:25:35 PM,542241.2941,4809511.598,Q1,Working,FALSE
5512,48993,19064973,3/20/2019 9:15:00 PM,2019,3,20,21,15,Wednesday,543074.8534,4812800.025,-80.467483,43.466881,Intersection,2,P.D. only,On roadway,Intersection,Dark,Municipal,No control,Functioning,FALSE,FALSE,FALSE,Rain,FALSE,Road 1: WELLINGTON ST N (50 km/h); Road 2: RIVERBEND DR (50 km/h); Vehicle #1     Make: DODG     Model: CXA     Colour: GRY     Style: 4D; Vehicle #2     Make: HOND     Model: UDY     Colour: SIL     Style: VN,4/9/2021 4:28:03 PM,543074.8534,4812800.025,Q1,Working,FALSE
5513,48994,19065393,3/21/2019 12:15:00 PM,2019,3,21,12,15,Thursday,540938.5944,4811216.851,-80.494011,43.452746,Intersection,1,Non-fatal injury,On roadway,SMV,Daylight,Regional,Signal Control,Functioning,TRUE,FALSE,FALSE,Clear,FALSE,Road 1: WATER ST N (50 km/h); Road 2: DUKE ST W (50 km/h); Distance:  K; Vehicle #1     Make: KIA     Model: FEX     Colour: SIL     Style: 4D,4/9/2021 4:28:01 PM,540938.5944,4811216.851,Q1,Weekend,FALSE
5514,48995,19065581,3/21/2019 4:34:00 PM,2019,3,21,16,34,Thursday,539079.7023,4811110.258,-80.516993,43.451886,Intersection,2,P.D. only,On roadway,Intersection,Daylight,Regional,Signal Control,Functioning,FALSE,FALSE,FALSE,Clear,FALSE,Road 1: GLASGOW ST (40 km/h); Road 2: BELMONT AVE W (50 km/h); Distance: 0.0 K; Vehicle #1     Make: NISS     Model: ROG     Colour: BLK     Style: TY; Vehicle #2     Make: HOND     Model: CCL     Colour: BLK     Style: 4D,4/9/2021 4:28:19 PM,539079.7023,4811110.258,Q1,Weekend,FALSE
5515,48996,19066386,3/22/2019 12:15:00 PM,2019,3,22,12,15,Friday,538413.9517,4810448.215,-80.525268,43.445959,Non intersection,2,Non-reportable,Other,SMV,Daylight,Other,No control,Unknown,FALSE,FALSE,FALSE,Clear,TRUE,Road 1: 57 WESTWOOD DR WESTMOUNT; Vehicle #1     Make: KIA     Model: RBL     Colour: BLK     Style: 4D; Vehicle #2     Make: MAZD     Model: MCX     Colour: BLK     Style: TY,4/9/2021 4:25:37 PM,538413.9517,4810448.215,Q1,Weekend,FALSE
5516,48997,19066569,3/22/2019 6:30:00 PM,2019,3,22,18,30,Friday,545034.3511,4802589.466,-80.444101,43.37483,Private Drive,2,P.D. only,On roadway,SMV,Dark,Municipal,No control,Unknown,FALSE,FALSE,FALSE,Clear,TRUE,Road 1: 274 MOORLANDS CRESCENT; Vehicle #1     Make: KIA     Model: RIE     Colour: WHI     Style: 4B; Vehicle #2     Make: HYUN     Model: EGM     Colour: BLK     Style: 4D,4/9/2021 4:29:30 PM,545034.3511,4802589.466,Q1,Weekend,FALSE
5517,48998,19067175,3/23/2019 2:00:00 PM,2019,3,23,14,0,Saturday,545998.7792,4805181.726,-80.431979,43.398112,Private Drive,2,P.D. only,On roadway,Intersection,Daylight,Municipal,No control,Unknown,FALSE,FALSE,FALSE,Clear,TRUE,Road 1: 35 GREEN VALLEY DR; Vehicle #1     Make: HYUN     Model: ASE     Colour: GRY     Style: 2B; Vehicle #2     Make: BMW     Model: 28X     Colour: SIL     Style: 4D,4/9/2021 4:29:33 PM,545998.7792,4805181.726,Q1,Weekend,FALSE
5518,48999,19067252,3/23/2019 1:40:00 PM,2019,3,23,13,40,Saturday,538797.6611,4808844.055,-80.52064,43.431495,Private Drive,2,Non-reportable,On roadway,SMV,Daylight,Municipal,No control,Unknown,FALSE,FALSE,FALSE,Clear,TRUE,Road 1: 55 EAGEN DR; Vehicle #1     Make: DODG     Model: CAR     Colour: BGE     Style: VN; Vehicle #2     Make:      Model:      Colour:      Style:,4/9/2021 4:29:33 PM,538797.6611,4808844.055,Q1,Weekend,FALSE
5519,49000,19067278,3/23/2019 4:00:00 PM,2019,3,23,16,0,Saturday,543569.6589,4804977.845,-80.46199,43.396421,Intersection,2,P.D. only,On roadway,Intersection,Daylight,Municipal,Signal Control,Functioning,FALSE,FALSE,FALSE,Clear,TRUE,Road 1: HURON RD; Road 2: BATTLER RD; Vehicle #1     Make: HYUN     Model: ESM     Colour: WHI     Style: 4D; Vehicle #2     Make: BUIC     Model: ENR     Colour: BLK     Style: TY,4/9/2021 4:27:22 PM,543569.6589,4804977.845,Q1,Weekend,FALSE
5520,49001,19067395,3/23/2019 7:30:00 PM,2019,3,23,19,30,Saturday,548539.5443,4806589.457,-80.40048,43.410627,Non intersection,2,P.D. only,On roadway,Intersection,Dark,Municipal,No control,Unknown,FALSE,FALSE,FALSE,Clear,TRUE,Road 1: DEER RIDGE DR; Road 2: KING ST E; Vehicle #1     Make: HOND     Model: UCL     Colour: WHI     Style: 2D; Vehicle #2     Make: MERZ     Model: M35     Colour: SIL     Style: TY,4/9/2021 4:25:52 PM,548539.5443,4806589.457,Q1,Weekend,FALSE
5521,49002,19067861,3/23/2019 10:00:00 AM,2019,3,23,10,0,Saturday,540888.9332,4808512.835,-80.494827,43.428402,Private Drive,2,P.D. only,On roadway,SMV,Daylight,Municipal,No control,Unknown,FALSE,FALSE,FALSE,Clear,TRUE,Road 1: SOUTHMOOR DR (IN FRONT OF 23 SOUTHMOOR DR); Road 2: YAGER AVE; Distance:  N; Vehicle #1     Make: FORD     Model: FSE     Colour: BLK     Style: 4B; Vehicle #2     Make: HYUN     Model: SAN     Colour: BLK     Style: TY,4/9/2021 4:29:30 PM,540888.9332,4808512.835,Q1,Weekend,FALSE
5522,49003,19068501,3/25/2019 9:45:00 AM,2019,3,25,9,45,Monday,541296.8012,4811068.469,-80.489595,43.45139,Intersection,2,P.D. only,On roadway,Rear end,Daylight,Municipal,Signal Control,Functioning,FALSE,FALSE,FALSE,Clear,TRUE,Road 1: DUKE ST W; Road 2: ONTARIO ST N; Vehicle #1     Make: VOLK     Model: JBS     Colour: WHI     Style: 4D; Vehicle #2     Make: TOYT     Model: UCS     Colour: RED     Style: 4D,4/9/2021 4:27:35 PM,541296.8012,4811068.469,Q1,Working,FALSE
5523,49004,19068778,3/25/2019 3:30:00 PM,2019,3,25,15,30,Monday,541073.0816,4811028.799,-80.492363,43.451045,Non intersection,2,P.D. only,On roadway,Rear end,Daylight,Municipal,No control,Unknown,FALSE,FALSE,FALSE,Clear,TRUE,Road 1: KING ST W; Road 2: YOUNG ST; Distance:  K W; Vehicle #1     Make:      Model:      Colour:      Style: ; Vehicle #2     Make: CHEV     Model: EXP     Colour: WHI     Style: FV,4/9/2021 4:26:10 PM,541073.0816,4811028.799,Q1,Working,FALSE
5524,49005,19068906,3/25/2019 5:55:00 PM,2019,3,25,17,55,Monday,540642.6797,4811703.751,-80.497632,43.457146,Intersection,2,P.D. only,On roadway,Intersection,Daylight,Municipal,Sign Control,Functioning,FALSE,FALSE,FALSE,Clear,FALSE,Road 1: DUKE ST W (50 km/h); Road 2: LOUISA ST (50 km/h); Vehicle #1     Make: FORD     Model: FSE     Colour: WHI     Style: 4D; Vehicle #2     Make: TOYT     Model: YAR     Colour: BLU     Style: 2B,4/9/2021 4:28:09 PM,540642.6797,4811703.752,Q1,Working,FALSE
5525,49006,19068981,3/25/2019 8:00:00 PM,2019,3,25,20,0,Monday,545136.7781,4804513.755,-80.442678,43.39215,Private Drive,2,P.D. only,On roadway,SMV,Dark,Municipal,No control,Unknown,FALSE,FALSE,FALSE,Clear,TRUE,Road 1: HARVEST COURT (PULLING OUT OF DRIVEWAY); Vehicle #1     Make: CHEV     Model: BLT     Colour: RED     Style: 4D; Vehicle #2     Make: VOLK     Model: RAB     Colour: BLK     Style: 4B,4/9/2021 4:29:51 PM,545136.7781,4804513.755,Q1,Working,FALSE
5526,49007,19068991,3/25/2019 1:20:00 PM,2019,3,25,13,20,Monday,540920.6681,4810497.32,-80.494286,43.446268,Non intersection,2,Non-reportable,On roadway,SMV,Daylight,Municipal,No control,Unknown,FALSE,FALSE,FALSE,Clear,TRUE,Road 1: HILDA PL; Road 2: DAVID ST; Distance:  K E; Vehicle #1     Make: DODG     Model: DAK     Colour: GRY     Style: PK; Vehicle #2     Make:      Model:      Colour:      Style:,4/9/2021 4:26:09 PM,540920.6681,4810497.32,Q1,Working,FALSE