,OBJECTID,ACCIDENTNUM,ACCIDENTDATE,ACCIDENT_YEAR,ACCIDENT_MONTH,ACCIDENT_DAY,ACCIDENT_HOUR,ACCIDENT_MINUTE,Accident_Day,XCOORD,YCOORD,LONGITUDE,LATITUDE,Accident_Location,COLLISIONTYPE,Accident_Type,Impact_Location,Impact_Type,Light,Road_Jurisdication,Traffic_Control,Traffic_Control_Condition,Pedestrian_Involved,Cyclist_Involved,Motorcyclist_Involved,Environment_Condition,Self_Reported,XMLIMPORTNOTES,LASTEDITEDDATE,x,y,Quarter,Day_Type,Vulnerable_Involved
5527,49008,19069190,3/26/2019 1:00:00 PM,2019,3,26,13,0,Tuesday,549172.9448,4806309.88,-80.392683,43.408069,Non intersection,2,P.D. only,On roadway,Intersection,Daylight,Municipal,No control,Unknown,FALSE,FALSE,FALSE,Clear,TRUE,Road 1: GATEWAY DRIVE KITCHENER; Road 2: SPORTSWORLD DRIVE KITCHENER; Vehicle #1     Make: FORD     Model: FE     Colour: GRY     Style: 4D; Vehicle #2     Make: CHEV     Model: VKG     Colour: GRY     Style: PK,4/9/2021 4:26:21 PM,549172.9448,4806309.88,Q1,Working,FALSE
5528,49009,19069237,3/26/2019 8:09:00 AM,2019,3,26,8,9,Tuesday,548583.4628,4806119.936,-80.39998,43.406397,Non intersection,2,P.D. only,On roadway,Rear end,Daylight,Municipal,No control,Unknown,FALSE,FALSE,FALSE,Clear,FALSE,Road 1: 98 PIONEER TOWER RD (50 km/h); Road 2: PIONEER TOWER RD; Distance: 2.0 M N; Vehicle #1     Make: KIA     Model: FLX     Colour: SIL     Style: 4D; Vehicle #2     Make: ACUR     Model: RDX     Colour: WHI     Style: TY,4/9/2021 4:25:26 PM,548583.4628,4806119.936,Q1,Working,FALSE
5529,49010,19069545,3/19/2019 5:00:00 PM,2019,3,19,17,0,Tuesday,547623.9633,4803949.849,-80.412018,43.386919,Intersection,2,P.D. only,On roadway,Rear end,Daylight,Regional,Signal Control,Functioning,FALSE,FALSE,FALSE,Clear,TRUE,Road 1: CONESTOGA COLLEGE BLVD; Road 2: HOMER WATSON BLVD; Distance: 0.0 M W; Vehicle #1     Make: KIA     Model: OLX     Colour: SIL     Style: 4D; Vehicle #2     Make: MAZD     Model: 3TR     Colour: GRY     Style: 4D,4/9/2021 4:27:28 PM,547623.9633,4803949.849,Q1,Working,FALSE
5530,49011,19069854,3/26/2019 9:02:00 PM,2019,3,26,21,2,Tuesday,542313.8453,4810287.451,-80.477086,43.444301,Intersection,2,P.D. only,On roadway,Intersection,Dark,Regional,Signal Control,Functioning,FALSE,FALSE,FALSE,Clear,FALSE,Road 1: KING ST E (50 km/h); Road 2: STIRLING AVE N (50 km/h); Vehicle #1     Make: KIA     Model: OLX     Colour: SIL     Style: 4D; Vehicle #2     Make: TOYT     Model: CBS     Colour: BLU     Style: 4D,4/9/2021 4:26:59 PM,542313.8453,4810287.451,Q1,Working,FALSE
5531,49012,19070225,3/27/2019 10:30:00 AM,2019,3,27,10,30,Wednesday,541874.8662,4810744.025,-80.482475,43.448437,Intersection,2,P.D. only,On roadway,Intersection,Daylight,Municipal,No control,Functioning,FALSE,FALSE,FALSE,Clear,TRUE,Road 1: CEDAR ST N; Road 2: DUKE ST E; Vehicle #1     Make: KIA     Model: RIL     Colour: SIL     Style: 4B; Vehicle #2     Make: NISS     Model: ASL     Colour: BRN     Style: 4D,4/9/2021 4:28:37 PM,541874.8662,4810744.025,Q1,Working,FALSE
5532,49013,19070377,3/27/2019 2:04:00 PM,2019,3,27,14,4,Wednesday,541797.8779,4810621.536,-80.483436,43.447338,Intersection,1,Non-fatal injury,On roadway,Intersection,Daylight,Regional,Signal Control,Functioning,FALSE,FALSE,FALSE,Clear,FALSE,Road 1: KING ST E (50 km/h); Road 2: CEDAR ST N (50 km/h); Distance:  K; Vehicle #1     Make: RAM     Model: RTR     Colour: WHI     Style: PK; Vehicle #2     Make: HOND     Model: UDY     Colour: BLU     Style: TY,4/9/2021 4:28:25 PM,541797.8779,4810621.536,Q1,Working,FALSE
5533,49014,19071177,3/14/2019 9:20:00 AM,2019,3,14,9,20,Thursday,544865.567,4809190.822,-80.445643,43.434279,Non intersection,2,Non-reportable,Off roadway,SMV,Daylight,Municipal,No control,Unknown,FALSE,FALSE,FALSE,Clear,TRUE,Road 1: ARLINGTON BLVD (IFO 50); Vehicle #1     Make:      Model:      Colour:      Style: ; Vehicle #2     Make: CHEV     Model: CZS     Colour: BLK     Style: 4D,3/26/2021 11:53:23 AM,544865.567,4809190.823,Q1,Weekend,FALSE
5534,49015,19071196,3/27/2019 3:30:00 PM,2019,3,27,15,30,Wednesday,539279.7253,4802875.411,-80.515113,43.377728,Non intersection,2,Non-reportable,On roadway,Rear end,Daylight,Municipal,No control,Unknown,FALSE,FALSE,FALSE,Clear,TRUE,Road 1: HURON RD; Road 2: TRUSSLER RD; Distance: 30.0 M E; Vehicle #1     Make: FORD     Model: TST     Colour: WHI     Style: FV; Vehicle #2     Make:      Model:      Colour:      Style:,4/9/2021 4:26:06 PM,539279.7253,4802875.411,Q1,Working,FALSE
5535,49016,19071240,3/28/2019 2:06:00 PM,2019,3,28,14,6,Thursday,541922.3574,4810539.677,-80.481904,43.446594,Private Drive,2,P.D. only,Off roadway,Intersection,Daylight,Regional,No control,Unknown,FALSE,TRUE,FALSE,Clear,FALSE,Road 1: waterloo regional road 15 (IFO 450) (50 km/h); Road 2: MADISON AVE NORTH; Distance: 3.0 M E; Vehicle #1     Make: BICY     Model:      Colour:      Style: ; Vehicle #2     Make:      Model:      Colour:      Style: BK,4/27/2022 10:42:27 AM,541922.3574,4810539.677,Q1,Weekend,FALSE
5536,49017,19072022,3/29/2019 11:00:00 AM,2019,3,29,11,0,Friday,539946.7061,4811684.799,-80.506235,43.457013,Non intersection,2,P.D. only,On roadway,SMV,Daylight,Municipal,No control,Unknown,FALSE,FALSE,FALSE,Clear,TRUE,Road 1: 53 BRAUN ST; Vehicle #1     Make: BUIC     Model: AXL     Colour: GRY     Style: 4D; Vehicle #2     Make: NISS     Model: USE     Colour: BLU     Style: 4D,4/9/2021 4:26:01 PM,539946.7061,4811684.8,Q1,Weekend,FALSE
5537,49018,19072274,3/25/2019 5:30:00 PM,2019,3,25,17,30,Monday,540140.4171,4808330.057,-80.504088,43.426796,Private Drive,2,Non-reportable,On roadway,SMV,Daylight,Municipal,No control,Unknown,FALSE,FALSE,FALSE,Clear,TRUE,Road 1: 114 VILLAGE RD; Vehicle #1     Make:      Model:      Colour:      Style: ; Vehicle #2     Make: FORD     Model: MUS     Colour: GRY     Style: CV,4/9/2021 4:29:12 PM,540140.4171,4808330.057,Q1,Working,FALSE
5538,49019,19072314,3/29/2019 5:45:00 PM,2019,3,29,17,45,Friday,545547.9676,4804672.686,-80.437588,43.393556,Intersection,2,P.D. only,On roadway,Rear end,Daylight,Other,Sign Control,Functioning,FALSE,FALSE,FALSE,Clear,TRUE,Road 1: PIONEER DR; Road 2: BECHTEL DR; Vehicle #1     Make: TOYT     Model: MTL     Colour: WHI     Style: 4D; Vehicle #2     Make: TOYT     Model: RV4     Colour: GRY     Style: TY,4/9/2021 4:27:09 PM,545547.9676,4804672.686,Q1,Weekend,FALSE
5539,49020,19072862,3/30/2019 12:26:00 PM,2019,3,30,12,26,Saturday,544925.86,4811105.677,-80.44474,43.451516,Private Drive,1,Non-fatal injury,On roadway,Intersection,Daylight,Municipal,No control,Unknown,FALSE,FALSE,FALSE,Rain,FALSE,Road 1: 1020 RIVER RD E (50 km/h); Road 2: OTTAWA ST N; Distance: 3.0 K W; Vehicle #1     Make: TOYT     Model: MTL     Colour: GRY     Style: 4D; Vehicle #2     Make: TOYT     Model: HIG     Colour: GRY     Style: TY,4/9/2021 4:29:15 PM,544925.86,4811105.677,Q1,Weekend,FALSE
5540,49021,19072924,3/30/2019 11:00:00 AM,2019,3,30,11,0,Saturday,539772.8777,4805748.716,-80.508816,43.403573,Non intersection,2,Non-reportable,On roadway,SMV,Daylight,Municipal,No control,Unknown,FALSE,FALSE,FALSE,Rain,TRUE,Road 1: MAX BECKER DR; Road 2: ACTIVA AVE; Vehicle #1     Make:      Model:      Colour:      Style: ; Vehicle #2     Make: MAZD     Model: M3I     Colour: RED     Style: 4B,4/9/2021 4:26:01 PM,539772.8777,4805748.716,Q1,Weekend,FALSE
5541,49022,19072945,3/30/2019 1:34:00 PM,2019,3,30,13,34,Saturday,541402.2208,4809503.923,-80.488411,43.437297,Non intersection,2,P.D. only,On roadway,Rear end,Daylight,Regional,No control,Unknown,FALSE,FALSE,FALSE,Rain,TRUE,Road 1: STIRLING (COURTLAND); Vehicle #1     Make: NISS     Model: ROG     Colour: WHI     Style: TY; Vehicle #2     Make: TOYT     Model: HIG     Colour: BRN     Style: TY,4/9/2021 4:26:05 PM,541402.2208,4809503.923,Q1,Weekend,FALSE
5542,49023,19073386,3/31/2019 12:24:00 AM,2019,3,31,0,24,Sunday,539483.3324,4805583.242,-80.512404,43.402099,Non intersection,2,P.D. only,Off roadway,SMV,Dark,Municipal,No control,Unknown,FALSE,FALSE,FALSE,Snow,FALSE,Road 1: activa ave (50 km/h); Road 2: PERIWINKLE ST; Distance: 25.0 K S; Vehicle #1     Make: VOLK     Model: JES     Colour: WHI     Style: 4D; Vehicle #2     Make: HYUN     Model: SFT     Colour: GRY     Style: TY,4/9/2021 4:25:32 PM,539483.3324,4805583.242,Q1,Weekend,FALSE
5543,49024,19073440,3/31/2019 2:09:00 AM,2019,3,31,2,9,Sunday,536583.2795,4809634.793,-80.547946,43.438727,Non intersection,2,P.D. only,On roadway,SMV,Dark,Municipal,No control,Unknown,FALSE,FALSE,FALSE,Snow,FALSE,Road 1: RESURRECTION DR (50 km/h); Road 2: NORTHMANOR CRESCENT; Distance: 150.0 M E; Vehicle #1     Make: MERZ     Model: 24M     Colour: GRY     Style: 4D,3/26/2021 11:53:27 AM,536583.2795,4809634.793,Q1,Weekend,FALSE
5544,49025,19073528,3/31/2019 1:30:00 AM,2019,3,31,1,30,Sunday,545223.8762,4810435.268,-80.441113,43.445462,Non intersection,2,P.D. only,Off roadway,SMV,Dark,Regional,No control,Unknown,FALSE,FALSE,FALSE,Snow,FALSE,Road 1: RIVER RD E (60 km/h); Road 2: BRADLEY DR; Distance: 18.0 M E; Vehicle #1     Make: MAZD     Model: M3I     Colour: BLU     Style: 4D,3/26/2021 11:53:26 AM,545223.8762,4810435.268,Q1,Weekend,FALSE
5545,49026,19073585,3/31/2019 9:30:00 AM,2019,3,31,9,30,Sunday,536819.046,4807483.202,-80.545178,43.419342,Private Drive,2,Non-reportable,On roadway,Other,Daylight,Municipal,No control,Unknown,FALSE,FALSE,FALSE,Snow,TRUE,Road 1: TIMBERLANE CRESCENT (AT DRIVEWAY OF 84 TIMBERLANE CRES); Road 2: ROLLING MEADOWS DR; Distance: 50.0 M N; Vehicle #1     Make: STRN     Model: SI2     Colour: WHI     Style: 4D; Vehicle #2     Make: DODG     Model: DAK     Colour: RED     Style: PK,4/9/2021 4:29:11 PM,536819.046,4807483.202,Q1,Weekend,FALSE
5546,49027,19073629,3/30/2019 4:00:00 PM,2019,3,30,16,0,Saturday,540335.2562,4805885.201,-80.501861,43.404772,Intersection,2,P.D. only,On roadway,Rear end,Daylight,Municipal,Sign Control,Functioning,FALSE,FALSE,FALSE,Clear,TRUE,Road 1: HELENA FEASBY ST; Road 2: MAX BECKER DR; Vehicle #1     Make: NISS     Model: SML     Colour: GRY     Style: 4D; Vehicle #2     Make:      Model:      Colour:      Style:,4/9/2021 4:27:44 PM,540335.2562,4805885.201,Q1,Weekend,FALSE
5547,49028,19073682,3/31/2019 12:15:00 PM,2019,3,31,12,15,Sunday,540228.0055,4809505.126,-80.502919,43.437372,Intersection,2,P.D. only,On roadway,Intersection,Daylight,Municipal,Sign Control,Unknown,FALSE,FALSE,FALSE,Clear,TRUE,Road 1: QUEEN'S BLVD; Road 2: NORTH DR; Vehicle #1     Make: MAZD     Model: M3I     Colour: BLK     Style: 4D; Vehicle #2     Make:      Model:      Colour:      Style:,4/9/2021 4:27:02 PM,540228.0055,4809505.126,Q1,Weekend,FALSE
5548,49029,19074154,4/1/2019 6:25:00 AM,2019,4,1,6,25,Monday,536912.5904,4807920.605,-80.543993,43.423276,Non intersection,2,P.D. only,On roadway,Other,Dawn,Municipal,No control,Unknown,FALSE,FALSE,FALSE,Clear,FALSE,Road 1: CONNELLY DR (50 km/h); Road 2: WESTHEIGHTS DR; Distance: 81.0 K E; Vehicle #1     Make: FRHT     Model: FM2     Colour: WHI     Style: DP; Vehicle #2     Make: CHEV     Model: CZT     Colour: RED     Style: 4D,4/9/2021 4:25:27 PM,536912.5904,4807920.605,Q2,Working,FALSE
5549,49030,19074211,4/1/2019 8:09:00 AM,2019,4,1,8,9,Monday,541185.9256,4810971.506,-80.490972,43.450523,Non intersection,2,P.D. only,On roadway,Other,Daylight,Regional,No control,Unknown,FALSE,FALSE,FALSE,Clear,FALSE,Road 1: KING ST W (50 km/h); Road 2: ONTARIO ST N; Distance: 50.0 M W; Vehicle #1     Make: STRN     Model: AXR     Colour: BLK     Style: 4D; Vehicle #2     Make: NOVA     Model: LFS     Colour: WHI     Style: BU,4/27/2022 10:39:33 AM,541185.9256,4810971.506,Q2,Working,FALSE
5550,49031,19074314,3/29/2019 3:40:00 PM,2019,3,29,15,40,Friday,539567.9013,4811425.143,-80.510936,43.454695,Intersection,2,P.D. only,On roadway,Intersection,Daylight,Municipal,Sign Control,Functioning,FALSE,FALSE,FALSE,Clear,TRUE,Road 1: PARK ST KITCHENER WATERLOO REGIONAL MUNICIPALITY; Road 2: GREEN ST; Vehicle #1     Make: TOYT     Model: CBL     Colour: GRY     Style: 4D; Vehicle #2     Make: KIA     Model: SOU     Colour: WHI     Style: TY,4/9/2021 4:27:01 PM,539567.9013,4811425.143,Q1,Weekend,FALSE
5551,49032,19074533,4/1/2019 2:52:00 PM,2019,4,1,14,52,Monday,540417.0581,4810595.08,-80.500503,43.447176,Non intersection,2,P.D. only,Off roadway,SMV,Daylight,Municipal,No control,Unknown,FALSE,FALSE,FALSE,Clear,FALSE,Road 1: PARK ST (50 km/h); Road 2: JUBILEE DR; Distance: 1.0 K W; Vehicle #1     Make:      Model:      Colour:      Style:,4/9/2021 4:25:27 PM,540417.0581,4810595.08,Q2,Working,FALSE
5552,49033,19074575,4/1/2019 3:45:00 PM,2019,4,1,15,45,Monday,538492.4369,4810824.024,-80.524271,43.449339,Non intersection,2,P.D. only,On roadway,Rear end,Daylight,Regional,No control,Unknown,FALSE,FALSE,FALSE,Clear,TRUE,Road 1: GLASGOW ST; Road 2: WESTMOUNT RD W; Vehicle #1     Make: DODG     Model: CAR     Colour: BLU     Style: VN; Vehicle #2     Make: CHEV     Model: SIL     Colour: BLK     Style: PK,4/9/2021 4:25:28 PM,538492.4369,4810824.024,Q2,Working,FALSE
5553,49034,19074586,4/1/2019 3:53:00 PM,2019,4,1,15,53,Monday,546042.1756,4803281.738,-80.431603,43.381002,Other,2,P.D. only,Off roadway,SMV,Daylight,Regional,No control,Unknown,FALSE,FALSE,FALSE,Clear,FALSE,Road 1: 412 DOON SOUTH DR; Road 2: DOON SOUTH DR; Vehicle #1     Make: TOYT     Model: UCS     Colour: GRN     Style: 4D,4/9/2021 4:30:19 PM,546042.1756,4803281.738,Q2,Working,FALSE
5554,49035,19074907,4/2/2019 12:07:00 AM,2019,4,2,0,7,Tuesday,545671.5899,4811895.795,-80.435457,43.458585,Private Drive,2,P.D. only,Off roadway,SMV,Dark,Municipal,No control,Unknown,FALSE,FALSE,FALSE,Clear,FALSE,Road 1: 124 OAKHURST CRESCENT (50 km/h); Road 2: OAKHURST CRES; Distance: 0.0 K N; Vehicle #1     Make: FORD     Model: SPE     Colour: BLU     Style: TY,4/9/2021 4:29:55 PM,545671.5899,4811895.795,Q2,Working,FALSE
5555,49036,19075464,4/1/2019 11:45:00 AM,2019,4,1,11,45,Monday,540431.5301,4809652.287,-80.500394,43.438686,Intersection,2,P.D. only,On roadway,Intersection,Daylight,Municipal,Sign Control,Functioning,FALSE,FALSE,FALSE,Clear,TRUE,Road 1: QUEEN'S BLVD; Road 2: REX DR; Vehicle #1     Make: CHEV     Model: CZT     Colour: BLU     Style: 4D; Vehicle #2     Make: GMC     Model: ACA     Colour: BLK     Style: TY,4/9/2021 4:28:51 PM,540431.5301,4809652.287,Q2,Working,FALSE
5556,49037,19076278,3/1/2019 7:45:00 AM,2019,3,1,7,45,Friday,543418.0803,4810298.254,-80.463439,43.444335,Private Drive,2,P.D. only,On roadway,SMV,Daylight,Municipal,No control,Unknown,FALSE,FALSE,FALSE,Clear,TRUE,Road 1: 51 RANDERSON AVE; Vehicle #1     Make:      Model:      Colour:      Style: ; Vehicle #2     Make: HOND     Model: UCL     Colour: BLK     Style: 4D,4/9/2021 4:29:27 PM,543418.0803,4810298.254,Q1,Weekend,FALSE
5557,49038,19076320,2/23/2019 3:00:00 PM,2019,2,23,15,0,Saturday,546115.7792,4809538.112,-80.430166,43.43733,Intersection,2,Non-reportable,On roadway,Rear end,Daylight,Municipal,Sign Control,Functioning,FALSE,FALSE,FALSE,Clear,TRUE,Road 1: VERONICA DR; Road 2: KINZIE AVE; Vehicle #1     Make: TOYT     Model: HIG     Colour: GRY     Style: TY; Vehicle #2     Make:      Model:      Colour:      Style:,4/9/2021 4:26:49 PM,546115.7792,4809538.112,Q1,Weekend,FALSE
5558,49039,19076417,2/23/2019 3:00:00 PM,2019,2,23,15,0,Saturday,541358.0631,4813265.067,-80.488671,43.471165,Intersection,2,P.D. only,On roadway,Rear end,Daylight,Municipal,Sign Control,Functioning,FALSE,FALSE,FALSE,Clear,TRUE,Road 1: UNION ST; Road 2: EDWIN ST; Vehicle #1     Make: CHRY     Model: 3TR     Colour: BLK     Style: 4D; Vehicle #2     Make:      Model:      Colour:      Style:,4/9/2021 4:26:52 PM,541358.0631,4813265.067,Q1,Weekend,FALSE
5559,49040,19076459,4/2/2019 12:45:00 PM,2019,4,2,12,45,Tuesday,542406.5578,4806619.664,-80.476225,43.411271,Intersection,2,P.D. only,On roadway,Other,Daylight,Municipal,No control,Functioning,FALSE,FALSE,FALSE,Clear,TRUE,Road 1: OLD COUNTRY DR; Road 2: STRASBURG; Distance: 25.0 M S; Vehicle #1     Make: KIA     Model: FNG     Colour: BLK     Style: 4D; Vehicle #2     Make: SUBA     Model: ISP     Colour: WHI     Style: 2D,4/9/2021 4:27:25 PM,542406.5578,4806619.664,Q2,Working,FALSE
5560,49041,19076481,2/22/2019 10:15:00 PM,2019,2,22,22,15,Friday,545191.6653,4811620.672,-80.441412,43.456137,Private Drive,2,P.D. only,On roadway,SMV,Dark,Municipal,No control,Unknown,FALSE,FALSE,FALSE,Clear,TRUE,Road 1: 59 TECUMSEH CRESCENT; Vehicle #1     Make:      Model:      Colour:      Style: ; Vehicle #2     Make: VOLK     Model: JSA     Colour: BLK     Style: 4D,4/9/2021 4:28:58 PM,545191.6653,4811620.672,Q1,Weekend,FALSE
5561,49042,19077054,4/3/2019 1:30:00 PM,2019,4,3,13,30,Wednesday,547945.4137,4810758.597,-80.407452,43.448204,Private Drive,2,Non-reportable,On roadway,SMV,Daylight,Municipal,No control,Unknown,FALSE,FALSE,FALSE,Clear,TRUE,Road 1: 66 COLTON CIRCLE; Vehicle #1     Make: FORD     Model: VAN     Colour: WHI     Style: VN; Vehicle #2     Make: INFI     Model: G3S     Colour: BLK     Style: 2D,4/9/2021 4:29:40 PM,547945.4137,4810758.597,Q2,Working,FALSE
5562,49043,19077433,4/5/2019 10:38:00 PM,2019,4,5,22,38,Friday,545657.8938,4813286.482,-80.43551,43.471108,Intersection,1,Non-fatal injury,On roadway,Intersection,Dark,Municipal,Sign Control,Functioning,FALSE,FALSE,FALSE,Clear,FALSE,Road 1: FORWELL RD (50 km/h); Road 2: CENTENNIAL RD (50 km/h); Distance:  K; Vehicle #1     Make: TOYT     Model: CSM     Colour: BLU     Style: 4B; Vehicle #2     Make: TOYT     Model: RV4     Colour: RED     Style: TY,4/9/2021 4:28:13 PM,545657.8938,4813286.482,Q2,Weekend,FALSE
5563,49044,19077890,4/5/2019 9:15:00 AM,2019,4,5,9,15,Friday,542333.3471,4810987.107,-80.47679,43.4506,Private Drive,2,Non-reportable,On roadway,Intersection,Daylight,Municipal,No control,Unknown,FALSE,FALSE,FALSE,Clear,TRUE,Road 1: 127 SAMUEL ST KITCHNER; Road 2: KRUG ST; Distance: 50.0 M W; Vehicle #1     Make: FORD     Model: 5LM     Colour: WHI     Style: 4D; Vehicle #2     Make:      Model:      Colour:      Style:,4/9/2021 4:29:42 PM,542333.3471,4810987.107,Q2,Weekend,FALSE
5564,49045,19077992,4/5/2019 2:56:00 PM,2019,4,5,14,56,Friday,545754.7987,4808642.169,-80.434702,43.429285,Non intersection,2,P.D. only,On roadway,Intersection,Daylight,Municipal,No control,Unknown,FALSE,FALSE,FALSE,Clear,TRUE,Road 1: 2934 KING ST E; Vehicle #1     Make: INTL     Model: PRO     Colour: RED     Style: CT; Vehicle #2     Make: VOLK     Model: JES     Colour: BLK     Style: 4D,4/9/2021 4:26:12 PM,545754.7987,4808642.169,Q2,Weekend,FALSE
5565,49046,19078109,4/3/2019 4:00:00 AM,2019,4,3,4,0,Wednesday,541021.1896,4813526.679,-80.492816,43.473539,Non intersection,2,P.D. only,On roadway,Other,Dark,Municipal,No control,Unknown,FALSE,FALSE,FALSE,Clear,TRUE,Road 1: CONESTOGA PKWY (HIGHWAY 85); Road 2: WELLINGTON ST N (OVERPASS); Vehicle #1     Make: TOYT     Model: RG4     Colour: BRN     Style: TY; Vehicle #2     Make:      Model:      Colour:      Style:,4/9/2021 4:25:51 PM,541021.1896,4813526.679,Q2,Working,FALSE
5566,49047,19078595,4/6/2019 8:58:00 AM,2019,4,6,8,58,Saturday,542489.1837,4811125.068,-80.474854,43.451833,Intersection,2,Non-reportable,On roadway,Intersection,Daylight,Municipal,Sign Control,Functioning,FALSE,FALSE,FALSE,Clear,TRUE,Road 1: KRUG ST; Road 2: LYDIA ST; Distance: 0.0 M E; Vehicle #1     Make: TOYT     Model: CBS     Colour: BLU     Style: 4D; Vehicle #2     Make:      Model:      Colour:      Style:,4/9/2021 4:28:36 PM,542489.1837,4811125.068,Q2,Weekend,FALSE
5567,49048,19078812,4/6/2019 10:00:00 AM,2019,4,6,10,0,Saturday,543467.5425,4807315.414,-80.463065,43.417475,Private Drive,2,P.D. only,On roadway,Intersection,Daylight,Municipal,No control,Unknown,FALSE,FALSE,FALSE,Clear,TRUE,Road 1: 141 FALLOWFIELD DR; Vehicle #1     Make: ACUR     Model: AWT     Colour: WHI     Style: 4D; Vehicle #2     Make: CHEV     Model: EQU     Colour: BLU     Style: TY,4/9/2021 4:29:37 PM,543467.5425,4807315.414,Q2,Weekend,FALSE
5568,49049,19080145,4/8/2019 8:30:00 AM,2019,4,8,8,30,Monday,541362.3878,4808641.53,-80.488968,43.429534,Intersection,2,P.D. only,On roadway,Intersection,Daylight,Municipal,Signal Control,Functioning,FALSE,FALSE,FALSE,Clear,TRUE,Road 1: HOMER WATSON BLVD KITCHENER; Road 2: HOFFMAN ST KITCHENER; Vehicle #1     Make: NISS     Model: NNV     Colour: WHI     Style: FV; Vehicle #2     Make: TOYT     Model: MTL     Colour: GRY     Style: 4D,4/9/2021 4:28:48 PM,541362.3878,4808641.53,Q2,Working,FALSE
5569,49050,19080218,4/1/2019 12:00:00 PM,2019,4,1,12,0,Monday,544140.5341,4808844.285,-80.454629,43.431202,Intersection,2,Non-reportable,On roadway,Intersection,Daylight,Municipal,Sign Control,Functioning,FALSE,FALSE,FALSE,Clear,TRUE,Road 1: CONNAUGHT ST; Road 2: 4TH AVE; Distance: 0.0 M N; Vehicle #1     Make: VOLK     Model: 25P     Colour: SIL     Style: 4D; Vehicle #2     Make:      Model:      Colour:      Style:,4/9/2021 4:28:40 PM,544140.5341,4808844.285,Q2,Working,FALSE
5570,49051,19080227,4/1/2019 3:30:00 PM,2019,4,1,15,30,Monday,540171.8964,4809415.29,-80.503619,43.436566,Intersection,2,Non-reportable,On roadway,Intersection,Daylight,Municipal,Signal Control,Functioning,FALSE,FALSE,FALSE,Clear,TRUE,Road 1: QUEEN'S BLVD; Road 2: BELMONT AVE W; Vehicle #1     Make: FORD     Model: EDG     Colour: WHI     Style: TY; Vehicle #2     Make: TOYT     Model: HIG     Colour: MRN     Style: TY,4/9/2021 4:27:26 PM,540171.8964,4809415.291,Q2,Working,FALSE
5571,49052,19080305,4/2/2019 7:20:00 PM,2019,4,2,19,20,Tuesday,542263.7967,4811648.393,-80.477599,43.456558,Non intersection,2,P.D. only,On roadway,SMV,Daylight,Municipal,No control,Unknown,FALSE,FALSE,FALSE,Clear,TRUE,Road 1: LOCUST ST; Road 2: FREDERICK ST; Vehicle #1     Make:      Model:      Colour:      Style: ; Vehicle #2     Make: TOYT     Model: MTL     Colour: BLK     Style: 4D,4/9/2021 4:26:12 PM,542263.7967,4811648.393,Q2,Working,FALSE
5572,49053,19080584,4/8/2019 4:25:00 PM,2019,4,8,16,25,Monday,545832.6782,4802616.678,-80.434245,43.375026,Intersection,2,P.D. only,On roadway,Intersection,Daylight,Regional,No control,Functioning,FALSE,FALSE,FALSE,Clear,FALSE,Road 1: THOMAS SLEE DR (50 km/h); Road 2: DOON SOUTH DR (50 km/h); Vehicle #1     Make: JEEP     Model: CMP     Colour: RED     Style: TY; Vehicle #2     Make: HYUN     Model: SFT     Colour: GRY     Style: TY,4/9/2021 4:28:10 PM,545832.6782,4802616.678,Q2,Working,FALSE
5573,49054,19080630,2/25/2019 7:30:00 AM,2019,2,25,7,30,Monday,539690.2093,4806563.79,-80.509778,43.410917,Intersection,2,Non-reportable,On roadway,Intersection,Daylight,Municipal,Sign Control,Unknown,FALSE,FALSE,FALSE,Snow,TRUE,Road 1: ACTIVA AVE; Road 2: BUSH CLOVER CRESCENT; Vehicle #1     Make: KIA     Model: ROE     Colour: SIL     Style: SW; Vehicle #2     Make:      Model:      Colour:      Style:,4/9/2021 4:26:54 PM,539690.2093,4806563.79,Q1,Working,FALSE
5574,49055,19080659,4/16/2019 8:47:00 AM,2019,4,16,8,47,Tuesday,541468.2757,4810562.167,-80.487514,43.446822,Private Drive,2,P.D. only,On roadway,SMV,Daylight,Municipal,No control,Unknown,FALSE,FALSE,FALSE,Clear,FALSE,Road 1: 81 CHURCH ST (50 km/h); Road 2: CHURCH ST; Distance: 3.0 M N; Vehicle #1     Make: INTL     Model: PB1     Colour: YEL     Style: BU; Vehicle #2     Make: FORD     Model: MUS     Colour: BLK     Style: 2D,4/9/2021 4:29:13 PM,541468.2757,4810562.167,Q2,Working,FALSE