,OBJECTID,ACCIDENTNUM,ACCIDENTDATE,ACCIDENT_YEAR,ACCIDENT_MONTH,ACCIDENT_DAY,ACCIDENT_HOUR,ACCIDENT_MINUTE,Accident_Day,XCOORD,YCOORD,LONGITUDE,LATITUDE,Accident_Location,COLLISIONTYPE,Accident_Type,Impact_Location,Impact_Type,Light,Road_Jurisdication,Traffic_Control,Traffic_Control_Condition,Pedestrian_Involved,Cyclist_Involved,Motorcyclist_Involved,Environment_Condition,Self_Reported,XMLIMPORTNOTES,LASTEDITEDDATE,x,y,Quarter,Day_Type,Vulnerable_Involved
5625,49106,19090914,4/21/2019 12:27:00 AM,2019,4,21,0,27,Sunday,545680.3224,4809118.165,-80.435582,43.433575,Intersection,1,Non-fatal injury,On roadway,SMV,Dark,Municipal,Sign Control,Unknown,TRUE,FALSE,FALSE,Rain,FALSE,Road 1: KINZIE AVE (50 km/h); Road 2: HAROLD AVE (50 km/h); Vehicle #1     Make:      Model:      Colour:      Style:,4/9/2021 4:28:41 PM,545680.3224,4809118.165,Q2,Weekend,FALSE
5626,49107,19091191,4/21/2019 8:15:00 AM,2019,4,21,8,15,Sunday,539112.5746,4811655.635,-80.516548,43.456794,Intersection,2,P.D. only,On roadway,Intersection,Daylight,Municipal,Signal Control,Functioning,FALSE,FALSE,FALSE,Clear,TRUE,Road 1: PARK ST; Road 2: UNION ST; Vehicle #1     Make: TOYT     Model: SIE     Colour: RED     Style: VN; Vehicle #2     Make: MITS     Model: LES     Colour: BLU     Style: 4D,4/9/2021 4:28:50 PM,539112.5746,4811655.635,Q2,Weekend,FALSE
5627,49108,19091245,4/19/2019 5:50:00 PM,2019,4,19,17,50,Friday,542051.6793,4806610.831,-80.480608,43.411212,Private Drive,2,Non-reportable,On roadway,SMV,Daylight,Other,No control,Unknown,FALSE,FALSE,FALSE,Rain,TRUE,Road 1: 83 SETTLERS DR; Road 2: THE COUNTRY WAY; Distance:  S; Vehicle #1     Make: DODG     Model: CAR     Colour: WHI     Style: VN; Vehicle #2     Make:      Model:      Colour:      Style:,4/9/2021 4:29:32 PM,542051.6793,4806610.831,Q2,Weekend,FALSE
5628,49109,19091247,4/19/2019 4:20:00 PM,2019,4,19,16,20,Friday,537848.482,4809108.111,-80.532349,43.433921,Intersection,2,P.D. only,On roadway,Intersection,Daylight,Regional,Sign Control,Unknown,FALSE,FALSE,FALSE,Clear,TRUE,Road 1: OPRINGTON DR; Road 2: BENESFORT DR; Distance:  S; Vehicle #1     Make: VOLK     Model: CFT     Colour: BLK     Style: 4D; Vehicle #2     Make:      Model:      Colour:      Style:,4/9/2021 4:27:32 PM,537848.482,4809108.111,Q2,Weekend,FALSE
5629,49110,19091461,4/20/2019 5:30:00 PM,2019,4,20,17,30,Saturday,542108.4797,4807131.548,-80.479867,43.415897,Intersection,2,P.D. only,On roadway,Intersection,Daylight,Municipal,Signal Control,Functioning,FALSE,FALSE,FALSE,Rain,TRUE,Road 1: BLOCK LINE RD; Road 2: STRASBURG RD; Vehicle #1     Make: CHEV     Model: EQU     Colour: RED     Style: TY; Vehicle #2     Make:      Model:      Colour:      Style: ; Vehicle #3     Make: TOYT     Model: MTL     Colour: GRY     Style: 4D,4/9/2021 4:27:44 PM,542108.4797,4807131.548,Q2,Weekend,FALSE
5630,49111,19091482,4/21/2019 3:00:00 PM,2019,4,21,15,0,Sunday,539353.8511,4811707.412,-80.513562,43.457248,Non intersection,2,Non-reportable,On roadway,SMV,Daylight,Municipal,No control,Unknown,FALSE,FALSE,FALSE,Clear,TRUE,Road 1: MT HOPE ST; Road 2: KING ST W; Vehicle #1     Make:      Model:      Colour:      Style: ; Vehicle #2     Make: TOYT     Model: CBL     Colour: GRY     Style: 4D,4/9/2021 4:25:52 PM,539353.8511,4811707.412,Q2,Weekend,FALSE
5631,49112,19092076,4/18/2019 10:00:00 PM,2019,4,18,22,0,Thursday,546026.3044,4808907.069,-80.431325,43.431653,Private Drive,2,P.D. only,On roadway,SMV,Dark,Regional,No control,Unknown,FALSE,FALSE,FALSE,Clear,TRUE,Road 1: JANSEN AVE; Road 2: FAIRWAY RD N; Vehicle #1     Make:      Model:      Colour:      Style: ; Vehicle #2     Make: TOYT     Model: UCS     Colour: RED     Style: 4D,4/9/2021 4:30:14 PM,546026.3044,4808907.069,Q2,Weekend,FALSE
5632,49113,19092743,4/22/2019 3:50:00 PM,2019,4,22,15,50,Monday,540922.2912,4810569.829,-80.494261,43.446921,Intersection,2,P.D. only,On roadway,Rear end,Daylight,Municipal,No control,Functioning,FALSE,FALSE,FALSE,Clear,TRUE,Road 1: JUBILEE DR; Road 2: DAVID ST; Vehicle #1     Make: MAZD     Model: M3I     Colour: SIL     Style: 4D; Vehicle #2     Make: HYUN     Model: ESM     Colour: RED     Style: 4D,4/9/2021 4:28:42 PM,540922.2912,4810569.829,Q2,Working,FALSE
5633,49114,19092762,4/23/2019 9:20:00 AM,2019,4,23,9,20,Tuesday,544780.665,4805276.953,-80.447013,43.399043,Intersection,2,P.D. only,On roadway,Intersection,Daylight,Regional,Signal Control,Functioning,FALSE,FALSE,FALSE,Clear,TRUE,Road 1: DOON VILLAGE RD; Road 2: HOMER WATSON BLVD; Vehicle #1     Make: TOYT     Model: CBL     Colour: RED     Style: 4D; Vehicle #2     Make:      Model:      Colour:      Style:,4/9/2021 4:27:32 PM,544780.665,4805276.953,Q2,Working,FALSE
5634,49115,19092803,4/3/2019 2:45:00 PM,2019,4,3,14,45,Wednesday,541695.7033,4810228.059,-80.484729,43.443801,Private Drive,2,Non-reportable,On roadway,SMV,Daylight,Municipal,No control,Unknown,FALSE,FALSE,FALSE,Clear,TRUE,Road 1: 111 MADISON AVE S; Vehicle #1     Make: CHEV     Model: EQU     Colour: BLU     Style: TY; Vehicle #2     Make:      Model:      Colour:      Style:,4/9/2021 4:29:38 PM,541695.7033,4810228.059,Q2,Working,FALSE
5635,49116,19092878,4/23/2019 11:30:00 AM,2019,4,23,11,30,Tuesday,542582.166,4810126.092,-80.473782,43.442833,Intersection,1,Non-fatal injury,On roadway,SMV,Daylight,Regional,Signal Control,Functioning,TRUE,FALSE,FALSE,Rain,FALSE,Road 1: KING ST E (50 km/h); Road 2: BORDEN AVE S (50 km/h); Vehicle #1     Make: HOND     Model: UCL     Colour: BLU     Style: 2D,4/9/2021 4:28:08 PM,542582.166,4810126.092,Q2,Working,FALSE
5636,49117,19093012,4/23/2019 1:40:00 PM,2019,4,23,13,40,Tuesday,539652.156,4811392.473,-80.509897,43.454397,Non intersection,2,P.D. only,On roadway,Other,Daylight,Municipal,No control,Unknown,FALSE,FALSE,FALSE,Clear,TRUE,Road 1: GLASGOW ST; Road 2: GRUHN ST; Vehicle #1     Make: HOND     Model: CCL     Colour: BLK     Style: 4D; Vehicle #2     Make: INTL     Model: PRO     Colour: WHI     Style: CT,4/9/2021 4:27:04 PM,539652.156,4811392.473,Q2,Working,FALSE
5637,49118,19093247,4/23/2019 3:06:00 PM,2019,4,23,15,6,Tuesday,545035.2343,4807869.069,-80.443655,43.422367,Intersection,2,Non-reportable,On roadway,Rear end,Daylight,Municipal,Signal Control,Functioning,FALSE,FALSE,FALSE,Clear,TRUE,Road 1: WILSON AVE; Road 2: KINGS WAY DRIVE; Vehicle #1     Make: STRN     Model: AXR     Colour: BRN     Style: 4D; Vehicle #2     Make: CHRY     Model: 3TR     Colour: BLU     Style: 4D,4/9/2021 4:27:19 PM,545035.2343,4807869.069,Q2,Working,FALSE
5638,49119,19093583,4/24/2019 7:30:00 AM,2019,4,24,7,30,Wednesday,546993.4556,4808375.499,-80.419422,43.426807,Intersection,2,P.D. only,On roadway,Intersection,Daylight,Municipal,Sign Control,Unknown,FALSE,FALSE,FALSE,Clear,TRUE,Road 1: RIVER RD E; Road 2: GRAND RIVER BLVD; Distance: 10.0 M S; Vehicle #1     Make: HOND     Model: HRV     Colour: WHI     Style: TY; Vehicle #2     Make: HOND     Model: CRV     Colour: BRN     Style: TY,4/9/2021 4:28:50 PM,546993.4556,4808375.499,Q2,Working,FALSE
5639,49120,19093998,4/24/2019 3:30:00 PM,2019,4,24,15,30,Wednesday,542387.9826,4806692.158,-80.476449,43.411925,Non intersection,2,Non-reportable,On roadway,Intersection,Daylight,Municipal,No control,Unknown,FALSE,FALSE,FALSE,Clear,TRUE,Road 1: 842 STRASBURG RD (IFO); Vehicle #1     Make: TOYT     Model: RG4     Colour: GRY     Style: TY; Vehicle #2     Make:      Model:      Colour:      Style:,4/9/2021 4:25:52 PM,542387.9826,4806692.158,Q2,Working,FALSE
5640,49121,19094073,4/21/2019 3:00:00 PM,2019,4,21,15,0,Sunday,541027.1575,4813044.683,-80.492778,43.469199,Private Drive,2,P.D. only,On roadway,SMV,Daylight,Municipal,No control,Unknown,FALSE,FALSE,FALSE,Clear,TRUE,Road 1: SAINT LEGER ST (IFO 468); Vehicle #1     Make: HOND     Model: UEX     Colour: GRY     Style: 4D; Vehicle #2     Make: HYUN     Model: ESS     Colour: RED     Style: 4D,4/9/2021 4:29:35 PM,541027.1575,4813044.683,Q2,Weekend,FALSE
5641,49122,19094104,4/24/2019 4:50:00 PM,2019,4,24,16,50,Wednesday,543074.8534,4812800.025,-80.467483,43.466881,Intersection,2,P.D. only,On roadway,Intersection,Daylight,Municipal,No control,Functioning,FALSE,FALSE,FALSE,Clear,TRUE,Road 1: SHIRLEY AVE; Road 2: RIVERBEND DR; Vehicle #1     Make: DODG     Model: CAR     Colour: BLU     Style: VN; Vehicle #2     Make: HYUN     Model: SFT     Colour: GRY     Style: TY,4/9/2021 4:28:49 PM,543074.8534,4812800.025,Q2,Working,FALSE
5642,49123,19094665,3/17/2019 5:33:00 PM,2019,3,17,17,33,Sunday,540134.9996,4809513.881,-80.504068,43.437456,Private Drive,2,P.D. only,On roadway,SMV,Daylight,Municipal,No control,Unknown,FALSE,FALSE,FALSE,Clear,TRUE,Road 1: SPADINA RD W; Road 2: NORTH DR; Vehicle #1     Make:      Model:      Colour:      Style: ; Vehicle #2     Make: TOYT     Model: CEP     Colour: GRY     Style: 4D,4/9/2021 4:29:39 PM,540134.9996,4809513.881,Q1,Weekend,FALSE
5643,49124,19094684,3/1/2019 4:15:00 PM,2019,3,1,16,15,Friday,536472.4544,4809555.744,-80.549321,43.43802,Private Drive,2,Non-reportable,On roadway,SMV,Daylight,Municipal,No control,Unknown,FALSE,FALSE,FALSE,Clear,TRUE,Road 1: 229 NORTHMANOR CRESCENT; Vehicle #1     Make:      Model:      Colour:      Style: ; Vehicle #2     Make: DODG     Model: CAR     Colour: GRY     Style: VN,4/9/2021 4:29:51 PM,536472.4544,4809555.744,Q1,Weekend,FALSE
5644,49125,19094688,3/1/2019 3:30:00 PM,2019,3,1,15,30,Friday,539618.6239,4811375.853,-80.510313,43.454249,Intersection,2,P.D. only,On roadway,Rear end,Daylight,Municipal,Signal Control,Functioning,FALSE,FALSE,FALSE,Clear,TRUE,Road 1: GLASGOW ST; Road 2: PARK ST; Vehicle #1     Make: KIA     Model: RIO     Colour: BLU     Style: 4D; Vehicle #2     Make:      Model:      Colour:      Style:,4/9/2021 4:28:41 PM,539618.6239,4811375.853,Q1,Weekend,FALSE
5645,49126,19094706,2/27/2019 1:00:00 PM,2019,2,27,13,0,Wednesday,540172.5021,4809414.694,-80.503612,43.436561,Intersection,2,P.D. only,On roadway,Intersection,Daylight,Municipal,Signal Control,Functioning,FALSE,FALSE,FALSE,Snow,TRUE,Road 1: BELMONT AVE W; Road 2: QUEEN'S BLVD; Vehicle #1     Make: HOND     Model: UCD     Colour: WHI     Style: 4D; Vehicle #2     Make: HYUN     Model: ESM     Colour: GRY     Style: 4D,4/9/2021 4:27:56 PM,540172.5021,4809414.694,Q1,Working,FALSE
5646,49127,19094711,2/27/2019 7:30:00 PM,2019,2,27,19,30,Wednesday,546247.1729,4809408.705,-80.428554,43.436156,Private Drive,2,Non-reportable,On roadway,SMV,Dark,Municipal,No control,Unknown,FALSE,FALSE,FALSE,Snow,TRUE,Road 1: 298 VERONICA DR; Vehicle #1     Make:      Model:      Colour:      Style: ; Vehicle #2     Make: TOYT     Model: SCM     Colour: WHI     Style: 4B,4/9/2021 4:29:50 PM,546247.1729,4809408.705,Q1,Working,FALSE
5647,49128,19094720,2/27/2019 10:45:00 AM,2019,2,27,10,45,Wednesday,540171.0935,4809415.286,-80.503629,43.436566,Intersection,2,P.D. only,On roadway,Rear end,Daylight,Municipal,Signal Control,Functioning,FALSE,FALSE,FALSE,Clear,TRUE,Road 1: BELMOUNT AVE; Road 2: QUEENS BLVD; Vehicle #1     Make: GMC     Model: SIE     Colour: WHI     Style: PK; Vehicle #2     Make:      Model:      Colour:      Style:,4/9/2021 4:27:56 PM,540171.0935,4809415.286,Q1,Working,FALSE
5648,49129,19094723,2/27/2019 9:00:00 AM,2019,2,27,9,0,Wednesday,543067.7111,4807436.858,-80.467995,43.418591,Intersection,2,Non-reportable,On roadway,Rear end,Daylight,Municipal,Sign Control,Functioning,FALSE,FALSE,FALSE,Clear,TRUE,Road 1: FALLOWFIELD DR; Road 2: BLOCK LINE RD; Vehicle #1     Make: NISS     Model: MSV     Colour: BLK     Style: 4D; Vehicle #2     Make: FORD     Model: EDG     Colour: BLK     Style: TY,4/9/2021 4:27:23 PM,543067.7111,4807436.858,Q1,Working,FALSE
5649,49130,19094730,2/26/2019 9:15:00 AM,2019,2,26,9,15,Tuesday,545381.6608,4803510.735,-80.439738,43.383104,Private Drive,2,Non-reportable,On roadway,SMV,Daylight,Municipal,No control,Unknown,FALSE,FALSE,FALSE,Clear,TRUE,Road 1: PINE VALLEY DR (IFO 382); Vehicle #1     Make:      Model:      Colour:      Style: ; Vehicle #2     Make: NISS     Model: SBL     Colour: BLU     Style: 4D,4/9/2021 4:28:54 PM,545381.6608,4803510.735,Q1,Working,FALSE
5650,49131,19094742,2/28/2019 2:30:00 PM,2019,2,28,14,30,Thursday,545183.1873,4813374.69,-80.441372,43.471931,Non intersection,2,P.D. only,On roadway,Intersection,Daylight,Municipal,No control,Unknown,FALSE,FALSE,FALSE,Clear,TRUE,Road 1: BINGEMANS CENTRE DR; Road 2: VICTORIA ST N; Distance: 20.0 M N; Vehicle #1     Make: NISS     Model: JUK     Colour: WHI     Style: TY; Vehicle #2     Make: HOND     Model: UAX     Colour: BLK     Style: 4D,4/9/2021 4:26:20 PM,545183.1873,4813374.69,Q1,Weekend,FALSE
5651,49132,19094760,2/28/2019 3:45:00 PM,2019,2,28,15,45,Thursday,543922.8865,4812042.194,-80.45706,43.460008,Private Drive,2,Non-reportable,On roadway,SMV,Daylight,Municipal,No control,Unknown,FALSE,FALSE,FALSE,Clear,TRUE,Road 1: ROSEMOUNT DR (IFO 354); Vehicle #1     Make:      Model:      Colour:      Style: ; Vehicle #2     Make: FORD     Model: FE     Colour: WHI     Style: 4D,4/9/2021 4:29:52 PM,543922.8865,4812042.194,Q1,Weekend,FALSE
5652,49133,19094777,3/10/2019 12:30:00 PM,2019,3,10,12,30,Sunday,541495.104,4811174.294,-80.487136,43.452332,Non intersection,2,P.D. only,On roadway,Rear end,Daylight,Municipal,No control,Unknown,FALSE,FALSE,FALSE,Rain,TRUE,Road 1: QUEEN ST N; Road 2: WEBER ST W; Vehicle #1     Make: HOND     Model: CUS     Colour: BLK     Style: 4D; Vehicle #2     Make: DODG     Model: AXT     Colour: SIL     Style: 4D,4/22/2022 2:25:10 PM,541495.104,4811174.294,Q1,Weekend,FALSE
5653,49134,19094875,3/3/2019 4:00:00 PM,2019,3,3,16,0,Sunday,544132.6703,4803886.453,-80.455126,43.386561,Non intersection,2,Non-reportable,Off roadway,SMV,Daylight,Municipal,No control,Unknown,FALSE,FALSE,FALSE,Clear,TRUE,Road 1: CARYNDALE DR; Road 2: BIEHN DR; Distance: 60.0 M N; Vehicle #1     Make:      Model:      Colour:      Style: ; Vehicle #2     Make: MAZD     Model: 3SP     Colour: SIL     Style: 4B,4/9/2021 4:25:44 PM,544132.6703,4803886.453,Q1,Weekend,FALSE
5654,49135,19094886,3/4/2019 3:30:00 PM,2019,3,4,15,30,Monday,541753.1155,4810649.624,-80.483987,43.447594,Non intersection,2,P.D. only,On roadway,Intersection,Daylight,Municipal,No control,Unknown,FALSE,FALSE,FALSE,Clear,TRUE,Road 1: KING ST E; Road 2: EBY ST S; Vehicle #1     Make: ACUR     Model: ATL     Colour: GRY     Style: 4D; Vehicle #2     Make:      Model:      Colour:      Style:,4/27/2022 10:40:16 AM,541753.1155,4810649.624,Q1,Working,FALSE
5655,49136,19095406,4/25/2019 5:22:00 PM,2019,4,25,17,22,Thursday,541142.1957,4806763.397,-80.49183,43.412636,Intersection,2,P.D. only,On roadway,Intersection,Daylight,Municipal,No control,Functioning,FALSE,FALSE,FALSE,Rain,TRUE,Road 1: BLOCK LINE RD; Road 2: LAURENTIAN DR; Vehicle #1     Make: CHRY     Model: INT     Colour: GLD     Style: 4D; Vehicle #2     Make: CHEV     Model: UPL     Colour: RED     Style: VN,4/9/2021 4:28:33 PM,541142.1957,4806763.397,Q2,Weekend,FALSE
5656,49137,19095439,4/25/2019 10:00:00 PM,2019,4,25,22,0,Thursday,539568.1259,4811425.39,-80.510934,43.454697,Intersection,2,P.D. only,On roadway,Intersection,Dark,Municipal,Sign Control,Functioning,FALSE,FALSE,FALSE,Rain,FALSE,Road 1: PARK ST (50 km/h); Road 2: GREEN ST (50 km/h); Distance:  K W; Vehicle #1     Make: TOYT     Model: CIE     Colour: WHI     Style: VN; Vehicle #2     Make: HYUN     Model: EGM     Colour: GRY     Style: 4D,4/9/2021 4:28:19 PM,539568.1259,4811425.39,Q2,Weekend,FALSE
5657,49138,19095490,4/25/2019 11:40:00 PM,2019,4,25,23,40,Thursday,541875.8283,4811809.407,-80.482382,43.45803,Intersection,1,Non-fatal injury,On roadway,SMV,Dark,Municipal,No control,Functioning,TRUE,FALSE,FALSE,Rain,FALSE,Road 1: LANCASTER ST E (40 km/h); Road 2: QUEEN ST N (40 km/h); Charged Driver #1 on page 1: NA NA (NA) (NA); Vehicle #1     Make: HOND     Model: UCL     Colour: GRY     Style: 4D,4/27/2022 10:41:53 AM,541875.8283,4811809.407,Q2,Weekend,FALSE
5658,49139,19095976,4/26/2019 9:30:00 AM,2019,4,26,9,30,Friday,540178.623,4810787.339,-80.503435,43.44892,Non intersection,2,Non-reportable,Off roadway,SMV,Daylight,Municipal,No control,Unknown,FALSE,FALSE,FALSE,Clear,TRUE,Road 1: 105 PARK ST; Vehicle #1     Make:      Model:      Colour:      Style: ; Vehicle #2     Make: VOLK     Model: BTL     Colour: GRY     Style: CV,4/9/2021 4:26:14 PM,540178.623,4810787.339,Q2,Weekend,FALSE
5659,49140,19095979,4/26/2019 3:00:00 PM,2019,4,26,15,0,Friday,541449.6992,4812106.18,-80.487626,43.460725,Intersection,2,P.D. only,On roadway,Intersection,Daylight,Municipal,No control,Functioning,FALSE,FALSE,FALSE,Clear,TRUE,Road 1: ST LEGER ST; Road 2: LOUISA ST; Vehicle #1     Make: HYUN     Model: SSE     Colour: BLU     Style: 4D; Vehicle #2     Make: INFI     Model: QX8     Colour: SIL     Style: TY,4/9/2021 4:28:42 PM,541449.6992,4812106.18,Q2,Weekend,FALSE
5660,49141,19096156,4/26/2019 3:00:00 PM,2019,4,26,15,0,Friday,545034.8058,4807868.397,-80.443661,43.422361,Intersection,2,P.D. only,On roadway,Intersection,Daylight,Municipal,Signal Control,Functioning,FALSE,FALSE,FALSE,Clear,TRUE,Road 1: KINGSWAY DR; Road 2: WILSON AVE; Vehicle #1     Make: MAZD     Model: M3H     Colour: RED     Style: 4B; Vehicle #2     Make: NISS     Model: VSL     Colour: SIL     Style: 4D; Vehicle #3     Make: TOYT     Model: CHB     Colour: GRY     Style: 4D,4/9/2021 4:27:20 PM,545034.8058,4807868.397,Q2,Weekend,FALSE
5661,49142,19096710,4/27/2019 1:00:00 PM,2019,4,27,13,0,Saturday,540740.1869,4810094.118,-80.496547,43.442648,Private Drive,2,P.D. only,On roadway,Rear end,Daylight,Regional,No control,Unknown,FALSE,FALSE,FALSE,Clear,TRUE,Road 1: WATERLOO REGIONAL RD 6; Road 2: HIGHLAND RD W; Vehicle #1     Make: HYUN     Model: ACC     Colour: BRN     Style: 4W; Vehicle #2     Make: TOYT     Model: SIE     Colour: GRN     Style: VN,4/22/2022 2:26:55 PM,540740.1869,4810094.118,Q2,Weekend,FALSE
5662,49143,19096948,4/27/2019 7:52:00 PM,2019,4,27,19,52,Saturday,545759.0783,4803938.702,-80.435043,43.386934,Private Drive,2,P.D. only,On roadway,Other,Dusk,Municipal,No control,Unknown,FALSE,FALSE,FALSE,Clear,TRUE,Road 1: 2 APPLE RIDGE DR; Vehicle #1     Make: BMW     Model: 28X     Colour: RED     Style: 4D; Vehicle #2     Make: NISS     Model: ROG     Colour: WHI     Style: TY,4/9/2021 4:29:42 PM,545759.0783,4803938.702,Q2,Weekend,FALSE
5663,49144,19096983,4/27/2019 9:13:00 PM,2019,4,27,21,13,Saturday,544755.1769,4808023.091,-80.447102,43.423771,Intersection,2,P.D. only,On roadway,Intersection,Dark,Municipal,Signal Control,Functioning,FALSE,FALSE,FALSE,Clear,FALSE,Road 1: WILSON AVE (50 km/h); Road 2: TRAYNOR AVE (50 km/h); Vehicle #1     Make: TOYT     Model: HIG     Colour: GRY     Style: TY; Vehicle #2     Make: HOND     Model: UCD     Colour: SIL     Style: 4D,4/9/2021 4:28:14 PM,544755.1769,4808023.091,Q2,Weekend,FALSE
5664,49145,19097248,4/28/2019 5:30:00 AM,2019,4,28,5,30,Sunday,542757.133,4806612.31,-80.471895,43.411185,Private Drive,2,P.D. only,On roadway,SMV,Dawn,Municipal,No control,Unknown,FALSE,FALSE,FALSE,Clear,FALSE,Road 1: 45 CENTURY HILL DR (50 km/h); Road 2: CENTURY HILL DR; Distance: 13.0 M S; Vehicle #1     Make: TOYT     Model: RG4     Colour: GRY     Style: TY; Vehicle #2     Make: CHEV     Model: MLT     Colour: BLU     Style: 4D; Vehicle #3     Make: HOND   ,4/9/2021 4:29:12 PM,542757.133,4806612.31,Q2,Weekend,FALSE
5665,49146,19097402,4/28/2019 11:15:00 AM,2019,4,28,11,15,Sunday,543522.764,4804746.159,-80.462588,43.394338,Intersection,2,P.D. only,On roadway,SMV,Daylight,Municipal,Sign Control,Functioning,FALSE,FALSE,FALSE,Clear,FALSE,Road 1: NORTHBROOK PL (50 km/h); Road 2: OLD HURON RD (50 km/h); Distance:  K; Vehicle #1     Make: HOND     Model: CIV     Colour: WHI     Style: 4D,4/9/2021 4:26:57 PM,543522.764,4804746.159,Q2,Weekend,FALSE
5666,49147,19097470,4/20/2019 5:00:00 PM,2019,4,20,17,0,Saturday,540753.8459,4810015.982,-80.496384,43.441943,Non intersection,2,Non-reportable,Off roadway,SMV,Daylight,Regional,No control,Unknown,FALSE,FALSE,FALSE,Clear,TRUE,Road 1: WOODSIDE AVE; Road 2: QUEEN ST S; Vehicle #1     Make:      Model:      Colour:      Style: ; Vehicle #2     Make: TOYT     Model: SIE     Colour: BLU     Style: VN,4/9/2021 4:26:02 PM,540753.8459,4810015.982,Q2,Weekend,FALSE
5667,49148,19097619,4/28/2019 4:40:00 PM,2019,4,28,16,40,Sunday,544466.7453,4810704.071,-80.450447,43.447928,Non intersection,2,Non-reportable,On roadway,Intersection,Daylight,Regional,No control,Unknown,FALSE,FALSE,FALSE,Clear,TRUE,Road 1: FRANKLIN ST N; Road 2: OTTAWA ST N KITCHENER; Distance: 80.0 M S; Vehicle #1     Make: TOYT     Model: RV4     Colour: BLU     Style: TY; Vehicle #2     Make:      Model:      Colour:      Style:,4/27/2022 10:40:47 AM,544466.7453,4810704.071,Q2,Weekend,FALSE
5668,49149,19098328,4/27/2019 8:30:00 AM,2019,4,27,8,30,Saturday,539734.6328,4808904.126,-80.509059,43.431987,Non intersection,2,P.D. only,On roadway,SMV,Daylight,Municipal,No control,Unknown,FALSE,FALSE,FALSE,Clear,TRUE,Road 1: 196 GATEWOOD DR KITCHENER; Vehicle #1     Make: STRN     Model: VUE     Colour: GRY     Style: TY; Vehicle #2     Make: TOYT     Model: RV4     Colour: BLK     Style: TY,4/9/2021 4:26:10 PM,539734.6328,4808904.126,Q2,Weekend,FALSE
5669,49150,19098390,4/29/2019 3:22:00 PM,2019,4,29,15,22,Monday,547293.0505,4805704.127,-80.415952,43.402735,Private Drive,2,P.D. only,On roadway,Intersection,Daylight,Municipal,No control,Unknown,FALSE,FALSE,FALSE,Rain,FALSE,Road 1: 204 JOSEPH SCHOERG CRES (50 km/h); Road 2: DEER RIDGE DR; Distance: 30.0 M S; Vehicle #1     Make: ACUR     Model: RDX     Colour: GRY     Style: TY; Vehicle #2     Make: TOYT     Model: C4E     Colour: BLU     Style: 4D,4/9/2021 4:29:14 PM,547293.0505,4805704.127,Q2,Working,FALSE
5670,49151,19098454,4/29/2019 4:30:00 PM,2019,4,29,16,30,Monday,541784.957,4806425.222,-80.483917,43.409555,Intersection,2,P.D. only,On roadway,SMV,Daylight,Municipal,Sign Control,Functioning,FALSE,FALSE,FALSE,Rain,TRUE,Road 1: RITTENHOUSE RD; Road 2: GOUNDRY CRESCENT; Vehicle #1     Make: NISS     Model: VSL     Colour: BLK     Style: 4B,4/9/2021 4:27:27 PM,541784.957,4806425.222,Q2,Working,FALSE
5671,49152,19098466,4/29/2019 5:00:00 PM,2019,4,29,17,0,Monday,541347.0055,4809685.696,-80.489079,43.438937,Intersection,2,Non-reportable,On roadway,Intersection,Daylight,Municipal,Sign Control,Functioning,FALSE,FALSE,FALSE,Clear,TRUE,Road 1: MILL ST; Road 2: MADISON AVE S; Vehicle #1     Make: DODG     Model: CXT     Colour: BLU     Style: 4D; Vehicle #2     Make: TOYT     Model: UXS     Colour: RED     Style: 4D,4/9/2021 4:28:34 PM,541347.0055,4809685.696,Q2,Working,FALSE
5672,49153,19098645,4/29/2019 9:45:00 PM,2019,4,29,21,45,Monday,545275.0122,4806434.735,-80.440812,43.409438,Intersection,2,P.D. only,On roadway,Intersection,Dark,Municipal,Sign Control,Functioning,FALSE,FALSE,FALSE,Rain,FALSE,Road 1: WABANAKI DR (50 km/h); Road 2: WILSON AVE (50 km/h); Vehicle #1     Make: HOND     Model: CXG     Colour: RED     Style: 4D; Vehicle #2     Make: NISS     Model: VSL     Colour: BLU     Style: 4B,4/9/2021 4:28:16 PM,545275.0122,4806434.735,Q2,Working,FALSE