,OBJECTID,ACCIDENTNUM,ACCIDENTDATE,ACCIDENT_YEAR,ACCIDENT_MONTH,ACCIDENT_DAY,ACCIDENT_HOUR,ACCIDENT_MINUTE,Accident_Day,XCOORD,YCOORD,LONGITUDE,LATITUDE,Accident_Location,COLLISIONTYPE,Accident_Type,Impact_Location,Impact_Type,Light,Road_Jurisdication,Traffic_Control,Traffic_Control_Condition,Pedestrian_Involved,Cyclist_Involved,Motorcyclist_Involved,Environment_Condition,Self_Reported,XMLIMPORTNOTES,LASTEDITEDDATE,x,y,Quarter,Day_Type,Vulnerable_Involved
5673,49154,19098930,4/29/2019 11:45:00 AM,2019,4,29,11,45,Monday,544830.4965,4805008.792,-80.446419,43.396626,Intersection,2,P.D. only,On roadway,Intersection,Daylight,Municipal,Sign Control,Functioning,FALSE,FALSE,FALSE,Clear,TRUE,Road 1: MILLWOOD CRES KITCHENER; Road 2: DOON VILLAGE RD KITCHENER; Vehicle #1     Make: HYUN     Model: C2G     Colour: GRY     Style: 4B; Vehicle #2     Make:      Model:      Colour:      Style:,4/9/2021 4:27:36 PM,544830.4965,4805008.792,Q2,Working,FALSE
5674,49155,19098977,4/27/2019 12:00:00 AM,2019,4,27,0,0,Saturday,540140.0293,4808625.404,-80.504071,43.429456,Private Drive,2,Non-reportable,Off roadway,SMV,Dark,Municipal,No control,Unknown,FALSE,FALSE,FALSE,Clear,TRUE,Road 1: 84 SHADYWOOD CRES KITCHENER; Vehicle #1     Make:      Model:      Colour:      Style: ; Vehicle #2     Make: MAZD     Model: MA5     Colour: SIL     Style: SW,4/9/2021 4:29:22 PM,540140.0293,4808625.404,Q2,Weekend,FALSE
5675,49156,19099080,4/12/2019 3:30:00 PM,2019,4,12,15,30,Friday,544754.4489,4808022.753,-80.447111,43.423768,Intersection,2,Non-reportable,On roadway,Rear end,Daylight,Municipal,Signal Control,Functioning,FALSE,FALSE,FALSE,Clear,TRUE,Road 1: WILSON AVE; Road 2: TRAYNOR AVE; Vehicle #1     Make: HYUN     Model: EGM     Colour: WHI     Style: 4D; Vehicle #2     Make:      Model:      Colour:      Style:,4/9/2021 4:28:35 PM,544754.4489,4808022.753,Q2,Weekend,FALSE
5676,49157,19099118,4/30/2019 12:45:00 PM,2019,4,30,12,45,Tuesday,543196.0638,4808445.66,-80.466329,43.427667,Private Drive,2,P.D. only,On roadway,Intersection,Daylight,Regional,No control,Unknown,FALSE,FALSE,FALSE,Clear,TRUE,Road 1: WALTON AVE; Road 2: COURTLAND AVE; Vehicle #1     Make: GMC     Model: SAV     Colour: WHI     Style: CB; Vehicle #2     Make: HOND     Model: USE     Colour: GLD     Style: 4D,4/9/2021 4:30:04 PM,543196.0638,4808445.66,Q2,Working,FALSE
5677,49158,19099216,4/30/2019 2:04:00 PM,2019,4,30,14,4,Tuesday,545095.0759,4807781.387,-80.442923,43.421574,Non intersection,2,P.D. only,On roadway,Rear end,Daylight,Municipal,No control,Unknown,FALSE,FALSE,FALSE,Clear,TRUE,Road 1: WILSON AVE; Road 2: FAIRWAY RD S; Vehicle #1     Make: FORD     Model: SRW     Colour: WHI     Style: PK; Vehicle #2     Make: KIA     Model: RES     Colour: BLK     Style: 4D,4/9/2021 4:26:32 PM,545095.0759,4807781.387,Q2,Working,FALSE
5678,49159,19099237,4/30/2019 12:00:00 PM,2019,4,30,12,0,Tuesday,543351.6116,4811534.744,-80.464162,43.455472,Private Drive,2,Non-reportable,On roadway,SMV,Daylight,Municipal,No control,Unknown,FALSE,FALSE,FALSE,Clear,TRUE,Road 1: 441 KRUG ST KITCHNER; Vehicle #1     Make:      Model:      Colour:      Style: ; Vehicle #2     Make: DODG     Model: CGS     Colour: SIL     Style: 4D,4/9/2021 4:29:48 PM,543351.6115,4811534.744,Q2,Working,FALSE
5679,49160,19099507,4/30/2019 8:15:00 PM,2019,4,30,20,15,Tuesday,543756.1717,4809222.467,-80.459347,43.434629,Intersection,2,P.D. only,On roadway,SMV,Dark,Municipal,No control,Unknown,FALSE,FALSE,FALSE,Clear,FALSE,Road 1: ECKERT ST (50 km/h); Road 2: DIXON ST (50 km/h); Distance:  K; Vehicle #1     Make: MAZD     Model: 3TR     Colour: WHI     Style: 4D,4/9/2021 4:27:54 PM,543756.1717,4809222.467,Q2,Working,FALSE
5680,49161,19099766,5/1/2019 8:01:00 AM,2019,5,1,8,1,Wednesday,537848.5941,4809108.325,-80.532347,43.433923,Intersection,2,P.D. only,On roadway,Intersection,Daylight,Municipal,Sign Control,Functioning,FALSE,FALSE,FALSE,Rain,FALSE,Road 1: BENESFORT DR (50 km/h); Road 2: OPRINGTON DR (50 km/h); Distance:  K; Vehicle #1     Make: NISS     Model: ATS     Colour: BLK     Style: 4D; Vehicle #2     Make: HOND     Model: UDV     Colour: GRY     Style: 4D,4/9/2021 5:47:36 PM,537848.5941,4809108.325,Q2,Working,FALSE
5681,49162,19099969,5/1/2019 11:55:00 AM,2019,5,1,11,55,Wednesday,543566.5665,4811712.153,-80.461491,43.457057,Private Drive,2,P.D. only,On roadway,Intersection,Daylight,Municipal,No control,Unknown,FALSE,FALSE,FALSE,Clear,TRUE,Road 1: 520 KRUG ST; Vehicle #1     Make: JEEP     Model: GCK     Colour: BLK     Style: TY; Vehicle #2     Make: HOND     Model: ULS     Colour: WHI     Style: 4D,4/9/2021 5:47:39 PM,543566.5665,4811712.153,Q2,Working,FALSE
5682,49163,19100202,5/1/2019 4:50:00 PM,2019,5,1,16,50,Wednesday,541424.9894,4811533.648,-80.487975,43.455572,Intersection,2,P.D. only,On roadway,Intersection,Daylight,Municipal,Sign Control,Functioning,FALSE,FALSE,FALSE,Rain,TRUE,Road 1: MARGARET AVE; Road 2: MAYNARD AVE; Vehicle #1     Make: TOYT     Model: PRI     Colour: WHI     Style: 4B; Vehicle #2     Make: FORD     Model: FSE     Colour: GRY     Style: 4D,4/9/2021 5:47:32 PM,541424.9894,4811533.648,Q2,Working,FALSE
5683,49164,19100215,5/1/2019 3:00:00 PM,2019,5,1,15,0,Wednesday,544768.9975,4805327.683,-80.447152,43.399501,Non intersection,2,P.D. only,On roadway,Intersection,Daylight,Regional,No control,Unknown,FALSE,FALSE,FALSE,Rain,TRUE,Road 1: DOON VILLAGE RD; Road 2: HOMER WATSON BLVD; Distance: 50.0 M N; Vehicle #1     Make: FORD     Model: FSE     Colour: RED     Style: 4B; Vehicle #2     Make: RAM     Model: RTR     Colour: BLK     Style: CW,8/16/2022 3:01:34 PM,544768.9975,4805327.683,Q2,Working,FALSE
5684,49165,19100223,5/1/2019 1:00:00 AM,2019,5,1,1,0,Wednesday,542111.03,4803810.463,-80.480091,43.385993,Private Drive,2,P.D. only,On roadway,SMV,Dark,Municipal,No control,Unknown,FALSE,FALSE,FALSE,Clear,TRUE,Road 1: 55 MADELEINE ST (PARKED ON STREET); Vehicle #1     Make:      Model:      Colour:      Style: ; Vehicle #2     Make: KIA     Model: SOR     Colour: WHI     Style: TY,4/9/2021 5:47:40 PM,542111.03,4803810.463,Q2,Working,FALSE
5685,49166,19100682,5/2/2019 9:10:00 AM,2019,5,2,9,10,Thursday,541550.0452,4811885.423,-80.486403,43.458732,Intersection,2,P.D. only,On roadway,Intersection,Daylight,Municipal,Sign Control,Functioning,FALSE,FALSE,FALSE,Clear,TRUE,Road 1: ST LEGER ST KITCHENER; Road 2: BREITHAUPT ST KITCHENER; Vehicle #1     Make: NISS     Model: PFI     Colour: WHI     Style: TY; Vehicle #2     Make: HOND     Model: CRV     Colour: BLU     Style: TY,4/9/2021 5:47:06 PM,541550.0452,4811885.423,Q2,Weekend,FALSE
5686,49167,19100910,5/2/2019 12:45:00 PM,2019,5,2,12,45,Thursday,542108.4807,4807131.399,-80.479867,43.415896,Intersection,2,P.D. only,On roadway,Rear end,Daylight,Municipal,Signal Control,Functioning,FALSE,FALSE,FALSE,Clear,TRUE,Road 1: BLOCK LINE RD; Road 2: STRASBURG RD; Vehicle #1     Make: BUIC     Model: CCU     Colour: BRN     Style: 4D; Vehicle #2     Make:      Model:      Colour:      Style: ; Vehicle #3     Make: HOND     Model: CRV     Colour: BLU     Style: 4W,4/9/2021 5:47:06 PM,542108.4807,4807131.399,Q2,Weekend,FALSE
5687,49168,19101334,5/2/2019 6:45:00 PM,2019,5,2,18,45,Thursday,542145.3899,4807088.318,-80.479414,43.415506,Private Drive,2,P.D. only,On roadway,Intersection,Daylight,Municipal,No control,Unknown,FALSE,FALSE,FALSE,Clear,TRUE,Road 1: 655 STRASBURG RD; Vehicle #1     Make: NISS     Model: MUR     Colour: RED     Style: TY; Vehicle #2     Make: SUBA     Model: FOR     Colour: WHI     Style: TY,4/9/2021 5:47:14 PM,542145.3899,4807088.318,Q2,Weekend,FALSE
5688,49169,19101551,5/3/2019 8:00:00 AM,2019,5,3,8,0,Friday,539053.7646,4811097.781,-80.517314,43.451775,Non intersection,2,P.D. only,On roadway,Rear end,Daylight,Municipal,No control,Unknown,FALSE,FALSE,FALSE,Rain,TRUE,Road 1: GLASGOW ST (IN FROM OF 223 GLASGLOW); Road 2: BELMONT AVE W; Distance: 30.0 M W; Vehicle #1     Make: TOYT     Model: HIG     Colour: RED     Style: TY; Vehicle #2     Make: VOLK     Model: GTD     Colour: GRY     Style: 4B,4/9/2021 5:47:14 PM,539053.7646,4811097.781,Q2,Weekend,FALSE
5689,49170,19102360,5/4/2019 1:10:00 AM,2019,5,4,1,10,Saturday,542108.7301,4807131.655,-80.479864,43.415898,Intersection,2,P.D. only,On roadway,Intersection,Dark,Municipal,Signal Control,Functioning,FALSE,FALSE,FALSE,Clear,FALSE,Road 1: BLOCK LINE RD (50 km/h); Road 2: STRASBURG RD (50 km/h); Vehicle #1     Make:      Model:      Colour:      Style: ; Vehicle #2     Make: HOND     Model: CRV     Colour: WHI     Style: TY,4/9/2021 5:47:35 PM,542108.7301,4807131.655,Q2,Weekend,FALSE
5690,49171,19102660,5/3/2019 12:00:00 PM,2019,5,3,12,0,Friday,538356.0249,4809789.119,-80.52603,43.440027,Intersection,2,P.D. only,On roadway,Intersection,Daylight,Municipal,Sign Control,Functioning,FALSE,FALSE,FALSE,Clear,TRUE,Road 1: HAZELGLEN DR; Road 2: MOOREGATE CRESCENT; Vehicle #1     Make: HOND     Model: CXG     Colour: BRN     Style: 4D; Vehicle #2     Make: LEXS     Model: R33     Colour: GRY     Style: TY,4/9/2021 5:47:07 PM,538356.0249,4809789.119,Q2,Weekend,FALSE
5691,49172,19102801,5/4/2019 1:00:00 PM,2019,5,4,13,0,Saturday,541345.6618,4809061.206,-80.489143,43.433314,Intersection,2,P.D. only,On roadway,Intersection,Daylight,Regional,Sign Control,Functioning,FALSE,FALSE,FALSE,Clear,TRUE,Road 1: HEIMAN ST; Road 2: HIGHLAND RD E; Distance:  W; Vehicle #1     Make: HOND     Model: ULX     Colour: BLU     Style: 4D; Vehicle #2     Make: KIA     Model: ROL     Colour: SIL     Style: SW,4/9/2021 5:47:56 PM,541345.6618,4809061.206,Q2,Weekend,FALSE
5692,49173,19103255,5/5/2019 7:09:00 AM,2019,5,5,7,9,Sunday,545117.2833,4812046.706,-80.442296,43.459978,Non intersection,2,P.D. only,Off roadway,SMV,Daylight,Municipal,No control,Unknown,FALSE,FALSE,FALSE,Clear,FALSE,Road 1: LORRAINE AVE (50 km/h); Road 2: CONFEDERATION DR; Distance: 10.0 M W; Vehicle #1     Make: TOYT     Model: UCS     Colour: BRN     Style: 4D,4/9/2021 5:48:01 PM,545117.2833,4812046.707,Q2,Weekend,FALSE
5693,49174,19103541,5/5/2019 2:00:00 PM,2019,5,5,14,0,Sunday,547833.9951,4810922.445,-80.408815,43.449686,Private Drive,2,P.D. only,On roadway,Other,Daylight,Municipal,No control,Unknown,FALSE,FALSE,FALSE,Clear,TRUE,Road 1: 244 COLTON CIRCLE; Vehicle #1     Make:      Model:      Colour:      Style: ; Vehicle #2     Make: DODG     Model: CAR     Colour: SIL     Style: VN,4/9/2021 5:47:38 PM,547833.9951,4810922.445,Q2,Weekend,FALSE
5694,49175,19103751,5/5/2019 7:33:00 PM,2019,5,5,19,33,Sunday,545934.268,4805413.022,-80.432756,43.400199,Non intersection,2,P.D. only,On roadway,Other,Daylight,Municipal,No control,Unknown,FALSE,FALSE,FALSE,Clear,FALSE,Road 1: 15 GREEN VALLEY DR (50 km/h); Road 2: GREEN VALLEY DR; Distance: 2.0 M W; Vehicle #1     Make: FORD     Model: FLE     Colour: BLK     Style: TY; Vehicle #2     Make: KIA     Model: RES     Colour: GRY     Style: 4B,4/9/2021 5:47:47 PM,545934.268,4805413.022,Q2,Weekend,FALSE
5695,49176,19104249,5/6/2019 11:33:00 AM,2019,5,6,11,33,Monday,540792.7514,4809120.447,-80.49597,43.433878,Intersection,2,P.D. only,Off roadway,SMV,Daylight,Municipal,Sign Control,Functioning,FALSE,FALSE,FALSE,Clear,FALSE,Road 1: MAUSSER AVE (40 km/h); Road 2: STIRLING AVE S (40 km/h); Vehicle #1     Make: NOVA     Model: LFS     Colour: WHI     Style: BU; Vehicle #2     Make: PONT     Model: VIB     Colour: WHI     Style: 4B,4/9/2021 5:47:10 PM,540792.7514,4809120.447,Q2,Working,FALSE
5696,49177,19104578,5/6/2019 6:02:00 PM,2019,5,6,18,2,Monday,546126.1131,4803370.24,-80.430559,43.381794,Non intersection,2,P.D. only,On roadway,SMV,Daylight,Municipal,No control,Unknown,FALSE,FALSE,FALSE,Clear,FALSE,Road 1: 357 DOON SOUTH DR (50 km/h); Road 2: THOMAS SLEE DR; Distance: 2.0 M S; Vehicle #1     Make: RAM     Model: RTR     Colour: WHI     Style: PK; Vehicle #2     Make: HYUN     Model: SAN     Colour: WHI     Style: TY,4/9/2021 5:47:49 PM,546126.1131,4803370.24,Q2,Working,FALSE
5697,49178,19104731,5/6/2019 9:21:00 PM,2019,5,6,21,21,Monday,542843.1726,4809874.645,-80.470577,43.440554,Intersection,2,P.D. only,On roadway,Intersection,Dark,Municipal,No control,Functioning,FALSE,FALSE,FALSE,Clear,FALSE,Road 1: CHARLES ST E (50 km/h); Road 2: SYDNEY ST S (50 km/h); Distance:  K; Charged Driver #1 on page 1: NA NA (NA) (NA); Vehicle #1     Make: HOND     Model: ULS     Colour: WHI     Style: 4D; Vehicle #2     Make: FORD     Model: COF     Colour: GRY    ,4/27/2022 10:41:02 AM,542843.1726,4809874.645,Q2,Working,FALSE
5698,49179,19104745,5/5/2019 2:30:00 PM,2019,5,5,14,30,Sunday,539558.2737,4805937.733,-80.511453,43.405287,Private Drive,2,Non-reportable,On roadway,SMV,Daylight,Municipal,No control,Unknown,FALSE,FALSE,FALSE,Clear,TRUE,Road 1: 44 MAX BECKER DR; Vehicle #1     Make:      Model:      Colour:      Style: ; Vehicle #2     Make: CHEV     Model: OPT     Colour: GRY     Style: 4D,4/9/2021 5:47:37 PM,539558.2737,4805937.733,Q2,Weekend,FALSE
5699,49180,19104748,5/6/2019 2:20:00 PM,2019,5,6,14,20,Monday,541184.6411,4810692.274,-80.491009,43.448009,Intersection,2,P.D. only,On roadway,Rear end,Daylight,Municipal,Signal Control,Functioning,FALSE,FALSE,FALSE,Clear,TRUE,Road 1: QUEEN ST S; Road 2: JOSEPH ST; Vehicle #1     Make: DODG     Model: CAR     Colour: SIL     Style: VN; Vehicle #2     Make: KIA     Model: SOU     Colour: BLK     Style: TY; Vehicle #3     Make: FORD     Model: COF     Colour: GRY     Style: PK,4/9/2021 5:47:07 PM,541184.6411,4810692.274,Q2,Working,FALSE
5700,49181,19106063,5/6/2019 5:00:00 PM,2019,5,6,17,0,Monday,543763.022,4806853.578,-80.459453,43.413299,Private Drive,2,Non-reportable,On roadway,Intersection,Daylight,Regional,No control,Unknown,FALSE,FALSE,FALSE,Clear,TRUE,Road 1: FALLOWFIELD DR (IFO 294); Road 2: BLEAMS; Distance: 100.0 M N; Vehicle #1     Make:      Model:      Colour:      Style: ; Vehicle #2     Make: CHEV     Model: ML     Colour: BRN     Style: 4D,4/9/2021 5:48:11 PM,543763.022,4806853.578,Q2,Working,FALSE
5701,49182,19106288,5/11/2019 9:10:00 AM,2019,5,11,9,10,Saturday,545119.6482,4807677.946,-80.442628,43.420641,Non intersection,1,Non-fatal injury,On roadway,SMV,Daylight,Regional,No control,Unknown,TRUE,FALSE,FALSE,Clear,FALSE,Road 1: WILSON AVE (50 km/h); Road 2: FAIRWAY RD S; Distance: 48.0 M E; Vehicle #1     Make: CHEV     Model: EQU     Colour: BLK     Style: TY,4/9/2021 5:48:05 PM,545119.6482,4807677.946,Q2,Weekend,FALSE
5702,49183,19106387,5/8/2019 4:05:00 PM,2019,5,8,16,5,Wednesday,547158.9246,4804761.088,-80.41769,43.394253,Intersection,2,P.D. only,On roadway,Rear end,Daylight,Municipal,No control,Functioning,FALSE,FALSE,FALSE,Clear,TRUE,Road 1: OLD MILL RD; Road 2: MILL PARK DR; Vehicle #1     Make: MAZD     Model: M3I     Colour: RED     Style: 4D; Vehicle #2     Make: HOND     Model: PIL     Colour: SIL     Style: TY,4/9/2021 5:47:09 PM,547158.9246,4804761.088,Q2,Working,FALSE
5703,49184,19106843,5/9/2019 12:09:00 PM,2019,5,9,12,9,Thursday,541867.5493,4810435.985,-80.482589,43.445664,Non intersection,2,P.D. only,Off roadway,SMV,Daylight,Municipal,No control,Unknown,FALSE,FALSE,FALSE,Clear,FALSE,Road 1: MADISON AVE S (50 km/h); Road 2: CHARLES ST E; Distance: 40.0 M W; Vehicle #1     Make: FORD     Model: EPR     Colour: BLU     Style: TY,4/9/2021 5:47:48 PM,541867.5493,4810435.985,Q2,Weekend,FALSE
5704,49185,19106898,5/9/2019 8:00:00 AM,2019,5,9,8,0,Thursday,545079.7222,4813536.752,-80.442637,43.473396,Intersection,2,P.D. only,On roadway,Rear end,Daylight,Municipal,Sign Control,Functioning,FALSE,FALSE,FALSE,Clear,TRUE,Road 1: SHIRLEY DRIVE KITCHENER; Road 2: BINGEMANS CENTRE DRIVE; Vehicle #1     Make: CHEV     Model: SIL     Colour: WHI     Style: PK; Vehicle #2     Make: TOYT     Model: FRS     Colour: BLK     Style: 2D,4/9/2021 5:47:12 PM,545079.7222,4813536.752,Q2,Weekend,FALSE
5705,49186,19106924,5/9/2019 1:20:00 PM,2019,5,9,13,20,Thursday,543728.8533,4810736.417,-80.459564,43.448262,Intersection,2,P.D. only,On roadway,Intersection,Daylight,Municipal,Sign Control,Functioning,FALSE,FALSE,FALSE,Clear,TRUE,Road 1: MANCHESTER RD; Road 2: NOTTINGHAM DR KITCHNER; Vehicle #1     Make: MAZD     Model: M5T     Colour: BLK     Style: SW; Vehicle #2     Make: NISS     Model: FRT     Colour: WHI     Style: PK,4/9/2021 5:47:08 PM,543728.8533,4810736.417,Q2,Weekend,FALSE
5706,49187,19107021,5/9/2019 3:25:00 PM,2019,5,9,15,25,Thursday,545596.9756,4804265.906,-80.437017,43.389891,Intersection,2,P.D. only,On roadway,Rear end,Daylight,Regional,Sign Control,Functioning,FALSE,FALSE,FALSE,Clear,TRUE,Road 1: THMOAS LEE; Road 2: DOON VILLAGE RD; Distance:  N; Vehicle #1     Make: LEXS     Model: LX5     Colour: BLK     Style: TY; Vehicle #2     Make: HOND     Model: PIL     Colour: BLK     Style: TY,4/9/2021 5:48:00 PM,545596.9756,4804265.906,Q2,Weekend,FALSE
5707,49188,19107195,5/8/2019 8:08:00 AM,2019,5,8,8,8,Wednesday,539091.856,4810226.218,-80.516906,43.443925,Private Drive,2,Non-reportable,On roadway,SMV,Daylight,Municipal,No control,Unknown,FALSE,FALSE,FALSE,Clear,TRUE,Road 1: 372 KARN ST; Vehicle #1     Make:      Model:      Colour:      Style: ; Vehicle #2     Make: HOND     Model: UCS     Colour: RED     Style: 4D,4/9/2021 5:47:46 PM,539091.856,4810226.218,Q2,Working,FALSE
5708,49189,19107203,5/9/2019 4:55:00 PM,2019,5,9,16,55,Thursday,540178.629,4810786.339,-80.503435,43.448911,Non intersection,2,Non-reportable,On roadway,Rear end,Daylight,Regional,No control,Unknown,FALSE,FALSE,FALSE,Rain,TRUE,Road 1: 105 PARK ST; Road 2: VICTORIA ST; Vehicle #1     Make: HYUN     Model: SFT     Colour: GRY     Style: TY; Vehicle #2     Make:      Model:      Colour:      Style:,4/9/2021 5:48:12 PM,540178.629,4810786.339,Q2,Weekend,FALSE
5709,49190,19107205,5/8/2019 1:45:00 PM,2019,5,8,13,45,Wednesday,541496.8834,4808743.213,-80.487299,43.430443,Intersection,2,P.D. only,On roadway,Intersection,Daylight,Regional,No control,Functioning,FALSE,FALSE,FALSE,Clear,TRUE,Road 1: HIGHLAND RD E; Road 2: HOFFMAN ST; Vehicle #1     Make: FORD     Model: FEE     Colour: BLK     Style: 4B; Vehicle #2     Make:      Model:      Colour:      Style:,4/9/2021 5:47:59 PM,541496.8834,4808743.213,Q2,Working,FALSE
5710,49191,19107648,5/9/2019 4:20:00 PM,2019,5,9,16,20,Thursday,547729.4905,4806119.144,-80.410526,43.406444,Intersection,2,Non-reportable,On roadway,Rear end,Daylight,Municipal,No control,Functioning,FALSE,FALSE,FALSE,Rain,TRUE,Road 1: DEER RIDGE DR; Road 2: FALL HARVEST DR; Vehicle #1     Make: NISS     Model: S18     Colour: BLU     Style: 4D; Vehicle #2     Make:      Model:      Colour:      Style:,4/9/2021 5:47:34 PM,547729.4905,4806119.144,Q2,Weekend,FALSE
5711,49192,19107938,5/8/2019 7:30:00 AM,2019,5,8,7,30,Wednesday,540590.0577,4811678.841,-80.498284,43.456925,Non intersection,2,P.D. only,Off roadway,SMV,Daylight,Municipal,No control,Unknown,FALSE,FALSE,FALSE,Clear,TRUE,Road 1: LOUISA ST; Road 2: DUKE ST W; Vehicle #1     Make: HOND     Model: CIL     Colour: BLK     Style: 4D; Vehicle #2     Make: MERZ     Model: ML3     Colour: WHI     Style: TY,4/9/2021 5:47:18 PM,540590.0577,4811678.841,Q2,Working,FALSE
5712,49193,19108013,5/10/2019 9:00:00 AM,2019,5,10,9,0,Friday,541496.7714,4808744.679,-80.4873,43.430456,Intersection,2,P.D. only,On roadway,Rear end,Daylight,Municipal,No control,Functioning,FALSE,FALSE,FALSE,Clear,TRUE,Road 1: HIGHLAND RD KITCHNER; Road 2: HOFFMAN ST KITCHENER; Vehicle #1     Make: ACUR     Model: RDX     Colour: GRY     Style: TY; Vehicle #2     Make: HOND     Model: CTU     Colour: WHI     Style: 4D,4/27/2022 10:40:27 AM,541496.7714,4808744.679,Q2,Weekend,FALSE
5713,49194,19108331,5/11/2019 8:04:00 AM,2019,5,11,8,4,Saturday,536515.8121,4807723.292,-80.548907,43.421518,Non intersection,2,P.D. only,Off roadway,SMV,Daylight,Municipal,No control,Unknown,FALSE,FALSE,FALSE,Clear,FALSE,Road 1: 26 COVINGTON CRESCENT (50 km/h); Road 2: COVINGTON CRES; Distance: 5.0 K E; Vehicle #1     Make: MAZD     Model: M5T     Colour: GRY     Style: SW,4/9/2021 5:47:50 PM,536515.8121,4807723.292,Q2,Weekend,FALSE
5714,49195,19108494,5/11/2019 10:55:00 AM,2019,5,11,10,55,Saturday,545547.5932,4804672.823,-80.437593,43.393557,Intersection,2,P.D. only,On roadway,Rear end,Daylight,Other,Sign Control,Unknown,FALSE,FALSE,FALSE,Clear,TRUE,Road 1: BECHTEL DR; Road 2: PIONEER DR; Vehicle #1     Make: TOYT     Model: HIG     Colour: WHI     Style: TY; Vehicle #2     Make: STRN     Model: SI1     Colour: RED     Style: 4D,4/9/2021 5:47:28 PM,545547.5932,4804672.823,Q2,Weekend,FALSE
5715,49196,19108655,5/11/2019 3:30:00 PM,2019,5,11,15,30,Saturday,543143.9203,4810141.706,-80.466839,43.442942,Non intersection,2,P.D. only,On roadway,Intersection,Daylight,Regional,No control,Unknown,FALSE,FALSE,FALSE,Clear,TRUE,Road 1: SYDNEY ST N; Road 2: WEBER ST E; Vehicle #1     Make: TOYT     Model: RG4     Colour: BLK     Style: TY; Vehicle #2     Make: CHEV     Model: ML2     Colour: WHI     Style: 4D,4/9/2021 5:48:06 PM,543143.9203,4810141.706,Q2,Weekend,FALSE
5716,49197,19108757,5/11/2019 12:15:00 PM,2019,5,11,12,15,Saturday,540793.0056,4811771.051,-80.495769,43.457744,Non intersection,2,Non-reportable,On roadway,Intersection,Daylight,Regional,No control,Unknown,FALSE,FALSE,FALSE,Clear,TRUE,Road 1: LOUISA ST; Road 2: WEBER ST W; Vehicle #1     Make: DODG     Model: CJO     Colour: GRY     Style: TY; Vehicle #2     Make:      Model:      Colour:      Style:,4/9/2021 5:48:12 PM,540793.0056,4811771.052,Q2,Weekend,FALSE
5717,49198,19109059,5/12/2019 2:30:00 AM,2019,5,12,2,30,Sunday,538815.109,4809194.442,-80.520399,43.434649,Intersection,2,P.D. only,On roadway,Intersection,Dark,Municipal,No control,Functioning,FALSE,FALSE,FALSE,Clear,TRUE,Road 1: HIGHLAND CRESCENT; Road 2: FIELD GATE ST; Vehicle #1     Make: HOND     Model: UDY     Colour: BLK     Style: VN; Vehicle #2     Make: DODG     Model: DAK     Colour: BLK     Style: PK,4/27/2022 10:41:37 AM,538815.109,4809194.442,Q2,Weekend,FALSE
5718,49199,19109502,5/12/2019 8:00:00 PM,2019,5,12,20,0,Sunday,541536.9089,4808761.063,-80.486803,43.430601,Non intersection,2,P.D. only,On roadway,Rear end,Dusk,Municipal,No control,Unknown,FALSE,FALSE,FALSE,Clear,TRUE,Road 1: HOFFMAN AVE KITCHENER; Road 2: SOUTHDALE AVE KITCHNER; Vehicle #1     Make: DODG     Model: CAR     Colour: SIL     Style: VN; Vehicle #2     Make: TOYT     Model: CTR     Colour: BLU     Style: 4B,4/9/2021 5:47:19 PM,541536.9089,4808761.063,Q2,Weekend,FALSE
5719,49200,19109547,5/12/2019 9:30:00 PM,2019,5,12,21,30,Sunday,547287.5009,4804709.679,-80.416106,43.393782,Non intersection,2,P.D. only,On roadway,SMV,Dark,Municipal,No control,Unknown,FALSE,FALSE,FALSE,Clear,TRUE,Road 1: OLD MILL RD KITCHENER; Road 2: HOMER WATSON BLVD KITCHENER; Vehicle #1     Make: HYUN     Model: BGS     Colour: RED     Style: 4D,4/9/2021 5:47:19 PM,547287.5009,4804709.679,Q2,Weekend,FALSE
5720,49201,19109702,5/12/2019 8:30:00 PM,2019,5,12,20,30,Sunday,542111.5505,4815957.242,-80.479147,43.495363,Private Drive,2,Non-reportable,On roadway,SMV,Dusk,Municipal,No control,Unknown,FALSE,FALSE,FALSE,Rain,TRUE,Road 1: 40 HAWKSWOOD DR; Vehicle #1     Make:      Model:      Colour:      Style: ; Vehicle #2     Make: NISS     Model: MSV     Colour: BLK     Style: 4D,4/9/2021 5:47:51 PM,542111.5505,4815957.242,Q2,Weekend,FALSE