,OBJECTID,ACCIDENTNUM,ACCIDENTDATE,ACCIDENT_YEAR,ACCIDENT_MONTH,ACCIDENT_DAY,ACCIDENT_HOUR,ACCIDENT_MINUTE,Accident_Day,XCOORD,YCOORD,LONGITUDE,LATITUDE,Accident_Location,COLLISIONTYPE,Accident_Type,Impact_Location,Impact_Type,Light,Road_Jurisdication,Traffic_Control,Traffic_Control_Condition,Pedestrian_Involved,Cyclist_Involved,Motorcyclist_Involved,Environment_Condition,Self_Reported,XMLIMPORTNOTES,LASTEDITEDDATE,x,y,Quarter,Day_Type,Vulnerable_Involved
5721,49202,19110161,5/13/2019 5:40:00 PM,2019,5,13,17,40,Monday,541548.9458,4811886.251,-80.486416,43.45874,Intersection,2,P.D. only,On roadway,Intersection,Daylight,Regional,Sign Control,Functioning,FALSE,FALSE,FALSE,Rain,FALSE,Road 1: ST LEGER ST (50 km/h); Road 2: BREITHAUPT ST (50 km/h); Distance:  K; Vehicle #1     Make: TOYT     Model: XLL     Colour: RED     Style: 4D; Vehicle #2     Make: HOND     Model: UAX     Colour: WHI     Style: 4D,4/9/2021 5:48:01 PM,541548.9458,4811886.251,Q2,Working,FALSE
5722,49203,19110198,5/13/2019 6:28:00 PM,2019,5,13,18,28,Monday,542785.9694,4804146.907,-80.471732,43.388985,Intersection,2,P.D. only,On roadway,Intersection,Daylight,Municipal,No control,Functioning,FALSE,FALSE,FALSE,Rain,FALSE,Road 1: HURON RD (50 km/h); Road 2: PARKVALE DR (50 km/h); Distance: 5.0 M E; Vehicle #1     Make: NISS     Model: SL2     Colour: RED     Style: 4D; Vehicle #2     Make: HOND     Model: ULX     Colour: BLK     Style: 4D,4/9/2021 5:48:15 PM,542785.9694,4804146.907,Q2,Working,FALSE
5723,49204,19110267,5/13/2019 1:30:00 PM,2019,5,13,13,30,Monday,544684.6703,4806292.556,-80.448115,43.408193,Non intersection,2,P.D. only,On roadway,Rear end,Daylight,Regional,No control,Unknown,FALSE,FALSE,FALSE,Clear,TRUE,Road 1: WABANAKI DR; Road 2: MANITOU DR KITCHENER; Vehicle #1     Make: HYUN     Model: ESS     Colour: WHI     Style: 4D; Vehicle #2     Make: MAZD     Model: MAZD     Colour:      Style: 4DR,4/9/2021 5:48:06 PM,544684.6703,4806292.556,Q2,Working,FALSE
5724,49205,19110984,5/14/2019 4:23:00 PM,2019,5,14,16,23,Tuesday,541146.946,4810992.653,-80.491452,43.450716,Other,2,P.D. only,Off roadway,SMV,Daylight,Regional,No control,Unknown,FALSE,FALSE,FALSE,Clear,FALSE,Road 1: 125 KING ST W (50 km/h); Road 2: YOUNG ST; Distance: 70.0 M E; Charged Driver #1 on page 1: NA NA (NA) (NA); Vehicle #1     Make: FORD     Model: FTP     Colour: WHI     Style: 4D; Vehicle #2     Make: GMC     Model: YUK     Colour: BLK     Style:,4/27/2022 10:42:52 AM,541146.946,4810992.653,Q2,Working,FALSE
5725,49206,19111014,5/14/2019 5:03:00 PM,2019,5,14,17,3,Tuesday,540085.1559,4807708.849,-80.504816,43.421206,Private Drive,2,P.D. only,On roadway,Intersection,Daylight,Municipal,No control,Unknown,FALSE,FALSE,TRUE,Clear,FALSE,Road 1: HOWE DR (IFO 50) (50 km/h); Road 2: HOWE DR; Distance: 1.0 K S; Vehicle #1     Make: DODG     Model: CAR     Colour: BLU     Style: 4W; Vehicle #2     Make: HD     Model: LTR     Colour: RED     Style: MS,4/9/2021 5:47:48 PM,540085.1559,4807708.849,Q2,Working,TRUE
5726,49207,19111181,5/13/2019 3:35:00 PM,2019,5,13,15,35,Monday,544251.1675,4803470.167,-80.453697,43.382806,Non intersection,2,Non-reportable,Off roadway,SMV,Daylight,Municipal,No control,Unknown,FALSE,FALSE,FALSE,Clear,TRUE,Road 1: CARYNDALE DR; Vehicle #1     Make: HYUN     Model: SFT     Colour: GRY     Style: TY; Vehicle #2     Make: TOYT     Model: HIG     Colour: BLK     Style: TY,4/9/2021 5:47:50 PM,544251.1675,4803470.167,Q2,Working,FALSE
5727,49208,19111449,5/15/2019 8:05:00 AM,2019,5,15,8,5,Wednesday,545874.8338,4809386.052,-80.433156,43.435975,Private Drive,2,P.D. only,On roadway,Intersection,Daylight,Municipal,No control,Unknown,FALSE,FALSE,FALSE,Clear,TRUE,Road 1: 83 THALER AVE KITCHENER; Vehicle #1     Make: TOYT     Model: RG4     Colour: BLK     Style: TY; Vehicle #2     Make: TOYT     Model: MTL     Colour: GRY     Style: 4D,4/9/2021 5:47:21 PM,545874.8338,4809386.052,Q2,Working,FALSE
5728,49209,19111685,5/14/2019 12:45:00 PM,2019,5,14,12,45,Tuesday,541673.4959,4811116.38,-80.484935,43.451801,Non intersection,2,P.D. only,On roadway,SMV,Daylight,Municipal,No control,Unknown,FALSE,FALSE,FALSE,Clear,TRUE,Road 1: SPETZ ST; Road 2: FREDERICK ST; Distance: 20.0 M S; Vehicle #1     Make: FORD     Model: COF     Colour: GRY     Style: PK; Vehicle #2     Make: DODG     Model: JOU     Colour: WHI     Style: TY,4/9/2021 5:47:21 PM,541673.4959,4811116.38,Q2,Working,FALSE
5729,49210,19112118,5/15/2019 9:42:00 PM,2019,5,15,21,42,Wednesday,543237.1028,4812239.647,-80.465522,43.461826,Non intersection,2,P.D. only,On roadway,SMV,Dark,Municipal,No control,Unknown,FALSE,FALSE,FALSE,Clear,FALSE,Road 1: 519 EPHRAIM ST (50 km/h); Road 2: EPHRAIM ST; Distance: 20.0 M S; Vehicle #1     Make: STRN     Model: SL1     Colour: GLD     Style: 4D; Vehicle #2     Make: HOND     Model: CCL     Colour: GRY     Style: 4D,4/9/2021 5:47:50 PM,543237.1028,4812239.647,Q2,Working,FALSE
5730,49211,19112308,5/16/2019 6:45:00 AM,2019,5,16,6,45,Thursday,547005.2166,4809643.64,-80.419167,43.438225,Non intersection,2,P.D. only,On roadway,Other,Daylight,Municipal,No control,Unknown,FALSE,FALSE,FALSE,Clear,TRUE,Road 1: 111 SIMS ESTATE DR; Road 2: MORRISON RD; Vehicle #1     Make: VOLK     Model: JBS     Colour: BLK     Style: 4D; Vehicle #2     Make: MAZD     Model: 3TR     Colour: WHI     Style: 4D,4/9/2021 5:47:22 PM,547005.2166,4809643.64,Q2,Weekend,FALSE
5731,49212,19113072,5/17/2019 9:40:00 PM,2019,5,17,21,40,Friday,543569.2323,4804977.234,-80.461996,43.396416,Intersection,2,P.D. only,On roadway,Intersection,Dark,Municipal,Signal Control,Functioning,FALSE,FALSE,FALSE,Clear,FALSE,Road 1: HURON RD (50 km/h); Road 2: BATTLER RD (50 km/h); Distance:  K; Vehicle #1     Make: HOND     Model: UCL     Colour: BLK     Style: 4DR; Vehicle #2     Make: KIA     Model: FLX     Colour: RED     Style: 4D,4/9/2021 5:47:33 PM,543569.2323,4804977.234,Q2,Weekend,FALSE
5732,49213,19113312,5/17/2019 7:30:00 AM,2019,5,17,7,30,Friday,541859.3981,4807432.86,-80.48292,43.418624,Non intersection,2,P.D. only,On roadway,Rear end,Daylight,Municipal,No control,Unknown,FALSE,FALSE,FALSE,Clear,TRUE,Road 1: STRASBURG RD; Road 2: SELKIRK DR; Vehicle #1     Make: CHRY     Model: 2LM     Colour: SIL     Style: 4D; Vehicle #2     Make: MAZD     Model: MGR     Colour: GRY     Style: 4D,4/9/2021 4:25:40 PM,541859.3981,4807432.86,Q2,Weekend,FALSE
5733,49214,19113432,5/16/2019 3:00:00 PM,2019,5,16,15,0,Thursday,539102.7744,4811057.956,-80.516712,43.451413,Non intersection,2,P.D. only,On roadway,Intersection,Daylight,Municipal,No control,Unknown,FALSE,FALSE,FALSE,Clear,TRUE,Road 1: BELMONT ST KITCHENER; Road 2: GLASGOW ST KITCHENER; Vehicle #1     Make: FORD     Model: EPR     Colour: GRY     Style: TY; Vehicle #2     Make: SUZI     Model: CXJ     Colour: GRY     Style: 4B,4/9/2021 5:47:23 PM,539102.7744,4811057.956,Q2,Weekend,FALSE
5734,49215,19113528,5/17/2019 11:30:00 AM,2019,5,17,11,30,Friday,542108.2788,4807130.903,-80.479869,43.415891,Intersection,2,Non-reportable,On roadway,Rear end,Daylight,Municipal,Signal Control,Functioning,FALSE,FALSE,FALSE,Clear,TRUE,Road 1: BLOCK LINE RD; Road 2: STRASSBURG RD; Vehicle #1     Make: LEXS     Model: RX5     Colour: BRN     Style: TY; Vehicle #2     Make:      Model:      Colour:      Style:,4/9/2021 5:47:35 PM,542108.2788,4807130.903,Q2,Weekend,FALSE
5735,49216,19113746,5/17/2019 4:30:00 PM,2019,5,17,16,30,Friday,538261.0233,4807545.725,-80.527361,43.419832,Non intersection,2,P.D. only,On roadway,Intersection,Daylight,Regional,No control,Unknown,FALSE,FALSE,FALSE,Clear,TRUE,Road 1: MCGARRY DR (IN FRONT OF 197 MCGARRY); Road 2: FORESTWOOD DRIVE; Vehicle #1     Make: VOLK     Model: OP1     Colour: GRY     Style: 4D; Vehicle #2     Make: CHEV     Model: SIL     Colour: GRY     Style: PK,4/9/2021 5:48:08 PM,538261.0233,4807545.725,Q2,Weekend,FALSE
5736,49217,19114561,5/18/2019 3:58:00 PM,2019,5,18,15,58,Saturday,538305.1872,4809857.183,-80.526653,43.440643,Private Drive,2,P.D. only,Off roadway,SMV,Daylight,Other,No control,Unknown,FALSE,FALSE,FALSE,Clear,FALSE,Road 1: CHOPIN DR (50 km/h); Road 2: HAZELGLEN DR; Distance: 20.0 M N; Vehicle #1     Make: NISS     Model: ROG     Colour: BLK     Style: TY,4/9/2021 4:29:24 PM,538305.1872,4809857.183,Q2,Weekend,FALSE
5737,49218,19115176,5/19/2019 8:40:00 AM,2019,5,19,8,40,Sunday,537085.6174,4807148.423,-80.541908,43.416314,Private Drive,2,P.D. only,On roadway,SMV,Daylight,Municipal,No control,Unknown,FALSE,FALSE,FALSE,Clear,TRUE,Road 1: HIGHVIEW DR; Road 2: DRIFTWOOD DR; Vehicle #1     Make: HOND     Model: CCL     Colour: BLU     Style: 4D; Vehicle #2     Make: NISS     Model: VNS     Colour: BLK     Style: 4B,4/9/2021 4:29:27 PM,537085.6174,4807148.424,Q2,Weekend,FALSE
5738,49219,19115326,5/19/2019 12:00:00 PM,2019,5,19,12,0,Sunday,545682.6403,4809252.394,-80.435542,43.434784,Private Drive,2,P.D. only,On roadway,SMV,Daylight,Municipal,No control,Unknown,FALSE,FALSE,FALSE,Clear,TRUE,Road 1: 71 OBERMEYER DR (ROADSIDE PARKING); Vehicle #1     Make: GMC     Model: CAN     Colour: WHI     Style: PK; Vehicle #2     Make: HOND     Model: UCL     Colour: BLK     Style: 4D,4/9/2021 4:29:26 PM,545682.6403,4809252.394,Q2,Weekend,FALSE
5739,49220,19115370,5/19/2019 2:00:00 PM,2019,5,19,14,0,Sunday,539776.1551,4806832.955,-80.508697,43.413336,Non intersection,2,P.D. only,On roadway,Intersection,Daylight,Regional,No control,Unknown,FALSE,FALSE,FALSE,Clear,TRUE,Road 1: ACTIVA AVE; Road 2: FISCHER-HALLMAN RD; Vehicle #1     Make: KIA     Model: SPO     Colour: WHI     Style: TY; Vehicle #2     Make: KIA     Model: FNG     Colour: WHI     Style: 4D,4/9/2021 4:25:43 PM,539776.1551,4806832.955,Q2,Weekend,FALSE
5740,49221,19115886,5/17/2019 6:00:00 PM,2019,5,17,18,0,Friday,541616.009,4804006.569,-80.486188,43.387787,Non intersection,2,P.D. only,On roadway,SMV,Daylight,Regional,No control,Unknown,FALSE,FALSE,FALSE,Clear,TRUE,Road 1: 20 SEABROOK DR; Vehicle #1     Make:      Model:      Colour:      Style: ; Vehicle #2     Make: HYUN     Model: ASE     Colour: WHI     Style: 4B,4/9/2021 5:48:15 PM,541616.009,4804006.569,Q2,Weekend,FALSE
5741,49222,19116591,5/21/2019 4:25:00 AM,2019,5,21,4,25,Tuesday,541183.4204,4810691.851,-80.491024,43.448005,Intersection,2,P.D. only,Off roadway,SMV,Dark,Regional,Signal Control,Functioning,FALSE,FALSE,FALSE,Clear,FALSE,Road 1: JOSEPH ST (50 km/h); Road 2: QUEEN ST S (40 km/h); Distance: 3.0 M W; Vehicle #1     Make: GMC     Model: ENV     Colour: GRY     Style: TY,4/9/2021 4:28:08 PM,541183.4204,4810691.851,Q2,Working,FALSE
5742,49223,19116635,5/21/2019 6:30:00 AM,2019,5,21,6,30,Tuesday,539872.6454,4805740.941,-80.507585,43.403498,Intersection,2,P.D. only,On roadway,Intersection,Daylight,Municipal,Sign Control,Functioning,FALSE,FALSE,FALSE,Clear,TRUE,Road 1: MAX BECKER DR; Road 2: COPPER LEAF ST; Vehicle #1     Make: HYUN     Model: SFT     Colour: RED     Style: TY; Vehicle #2     Make: HOND     Model: FKG     Colour: GRY     Style: 4B,4/9/2021 4:28:25 PM,539872.6454,4805740.941,Q2,Working,FALSE
5743,49224,19116955,5/21/2019 1:06:00 PM,2019,5,21,13,6,Tuesday,541762.4315,4809280.634,-80.483977,43.435267,Private Drive,2,P.D. only,On roadway,Other,Daylight,Municipal,No control,Unknown,FALSE,FALSE,FALSE,Clear,TRUE,Road 1: 334 MILL ST KICTCHENER; Vehicle #1     Make: TOYT     Model: AXP     Colour: BLK     Style: 4D; Vehicle #2     Make: KIA     Model: SOR     Colour: SIL     Style: TY,4/9/2021 4:29:29 PM,541762.4315,4809280.634,Q2,Working,FALSE
5744,49225,19117099,5/21/2019 8:20:00 AM,2019,5,21,8,20,Tuesday,535847.7566,4809497.292,-80.557043,43.437524,Private Drive,2,Non-reportable,On roadway,SMV,Daylight,Municipal,No control,Unknown,FALSE,FALSE,FALSE,Clear,TRUE,Road 1: IRON GATE ST (IFO 27); Vehicle #1     Make:      Model:      Colour:      Style: ; Vehicle #2     Make: NISS     Model: VSL     Colour: BLK     Style: 4B,4/9/2021 4:28:51 PM,535847.7566,4809497.292,Q2,Working,FALSE
5745,49226,19117107,5/21/2019 4:00:00 PM,2019,5,21,16,0,Tuesday,538711.3667,4810930.86,-80.521558,43.450289,Non intersection,2,Non-reportable,On roadway,Rear end,Daylight,Regional,No control,Unknown,FALSE,FALSE,FALSE,Clear,TRUE,Road 1: GLASGOW ST (IFO 320); Road 2: WESTMOUNT RD; Vehicle #1     Make: HYUN     Model: CFE     Colour: BLK     Style: TY; Vehicle #2     Make: DODG     Model: JOU     Colour: WHI     Style: TY,4/9/2021 4:26:13 PM,538711.3667,4810930.86,Q2,Working,FALSE
5746,49227,19117171,5/21/2019 4:30:00 PM,2019,5,21,16,30,Tuesday,540761.6979,4811521.023,-80.496174,43.455494,Private Drive,2,P.D. only,On roadway,SMV,Daylight,Municipal,No control,Unknown,FALSE,FALSE,FALSE,Clear,TRUE,Road 1: BREITHAUPT ST (102); Road 2: DUKE ST W; Distance: 30.0 M E; Vehicle #1     Make:      Model:      Colour:      Style: ; Vehicle #2     Make: JEEP     Model: CHK     Colour: GRY     Style: TY,4/9/2021 4:29:03 PM,540761.6979,4811521.023,Q2,Working,FALSE
5747,49228,19117378,5/21/2019 7:10:00 AM,2019,5,21,7,10,Tuesday,538842.3737,4805801.465,-80.520304,43.404097,Non intersection,2,Non-reportable,On roadway,Other,Daylight,Regional,No control,Unknown,FALSE,FALSE,FALSE,Clear,TRUE,Road 1: 422 ACTIVA AVE; Vehicle #1     Make: DODG     Model: CJO     Colour: WHI     Style: TY; Vehicle #2     Make: HOND     Model: UDY     Colour: BLK     Style: VN,4/9/2021 4:26:43 PM,538842.3737,4805801.465,Q2,Working,FALSE
5748,49229,19117381,5/19/2019 12:00:00 PM,2019,5,19,12,0,Sunday,540300.7695,4805855.983,-80.502289,43.404511,Non intersection,2,Non-reportable,Off roadway,SMV,Daylight,Municipal,No control,Unknown,FALSE,FALSE,FALSE,Clear,TRUE,Road 1: 315 MAX BECKER DR; Vehicle #1     Make:      Model:      Colour:      Style: ; Vehicle #2     Make: VOLK     Model: JWE     Colour: RED     Style: 4D,4/9/2021 4:26:13 PM,540300.7695,4805855.984,Q2,Weekend,FALSE
5749,49230,19117607,5/22/2019 9:00:00 AM,2019,5,22,9,0,Wednesday,539573.6942,4806250.593,-80.51124,43.408103,Intersection,2,P.D. only,On roadway,Rear end,Daylight,Municipal,Sign Control,Unknown,FALSE,FALSE,FALSE,Clear,FALSE,Road 1: ACTIVA AVE (50 km/h); Road 2: COPPER LEAF ST (50 km/h); Distance:  K; Vehicle #1     Make: INTL     Model: PB1     Colour: YEL     Style: BU; Vehicle #2     Make: TOYT     Model: CBS     Colour: SIL     Style: 4D,4/9/2021 4:28:34 PM,539573.6942,4806250.593,Q2,Working,FALSE
5750,49231,19118167,5/22/2019 3:30:00 PM,2019,5,22,15,30,Wednesday,541179.9269,4809392.484,-80.491166,43.436306,Intersection,2,Non-reportable,On roadway,Rear end,Daylight,Municipal,Signal Control,Functioning,FALSE,FALSE,FALSE,Clear,TRUE,Road 1: HIGHLAND RD E; Road 2: STIRLING AVE S; Vehicle #1     Make: CHEV     Model: SIL     Colour: SIL     Style: PK; Vehicle #2     Make:      Model:      Colour:      Style:,4/9/2021 4:28:39 PM,541179.9269,4809392.484,Q2,Working,FALSE
5751,49232,19118220,5/23/2019 11:05:00 PM,2019,5,23,23,5,Thursday,542941.4766,4811984.484,-80.469196,43.459546,Non intersection,2,P.D. only,On roadway,Intersection,Dark,Regional,No control,Unknown,FALSE,FALSE,FALSE,Clear,FALSE,Road 1: FREDERICK ST (50 km/h); Road 2: LOIS ST; Distance: 100.0 M S; Vehicle #1     Make: MERZ     Model: C4A     Colour: SIL     Style: 4D; Vehicle #2     Make: TOYT     Model: RUN     Colour: BLK     Style: TY,3/26/2021 11:53:26 AM,542941.4766,4811984.484,Q2,Weekend,FALSE
5752,49233,19118613,5/23/2019 11:39:00 AM,2019,5,23,11,39,Thursday,545398.9445,4808860.903,-80.43908,43.431276,Non intersection,2,Non-reportable,On roadway,Intersection,Daylight,Municipal,No control,Unknown,FALSE,FALSE,FALSE,Rain,TRUE,Road 1: KINZIE AVE KITCHENER; Road 2: WEBER ST KITCHENER; Vehicle #1     Make: NISS     Model: ROG     Colour: SIL     Style: TY; Vehicle #2     Make:      Model:      Colour:      Style:,4/9/2021 4:26:03 PM,545398.9445,4808860.903,Q2,Weekend,FALSE
5753,49234,19118694,5/23/2019 3:00:00 PM,2019,5,23,15,0,Thursday,541499.8283,4811996.047,-80.487015,43.459731,Intersection,2,P.D. only,On roadway,Intersection,Daylight,Municipal,Sign Control,Functioning,FALSE,FALSE,FALSE,Clear,FALSE,Road 1: ST LEGER ST (50 km/h); Road 2: WELLINGTON ST N (50 km/h); Distance: 4.0 M W; Vehicle #1     Make: FORD     Model: EXPL     Colour:      Style: COM; Vehicle #2     Make: CHRY     Model: PTC     Colour: RED     Style: VN,4/9/2021 4:27:25 PM,541499.8283,4811996.047,Q2,Weekend,FALSE
5754,49235,19118717,5/23/2019 3:23:00 PM,2019,5,23,15,23,Thursday,539112.0822,4811655.656,-80.516554,43.456795,Intersection,2,P.D. only,On roadway,Rear end,Daylight,Municipal,Signal Control,Functioning,FALSE,FALSE,FALSE,Clear,FALSE,Road 1: UNION BLVD (50 km/h); Road 2: PARK ST (50 km/h); Vehicle #1     Make: NISS     Model: VSL     Colour: RED     Style: 4B; Vehicle #2     Make: HOND     Model: CCL     Colour: GRY     Style: 4D; Vehicle #3     Make: TOYT     Model: RUN     Colour: G,4/9/2021 4:26:55 PM,539112.0822,4811655.656,Q2,Weekend,FALSE
5755,49236,19118786,5/23/2019 10:30:00 AM,2019,5,23,10,30,Thursday,546290.4123,4803408.431,-80.428528,43.382127,Intersection,2,P.D. only,On roadway,Intersection,Daylight,Municipal,Sign Control,Functioning,FALSE,FALSE,FALSE,Clear,TRUE,Road 1: DOON SOUTH DR; Road 2: DOON MILLS DRIVE; Vehicle #1     Make: HYUN     Model: CFE     Colour: BLU     Style: TY; Vehicle #2     Make: HOND     Model: UEX     Colour: GRY     Style: 4D,4/9/2021 4:28:31 PM,546290.4123,4803408.431,Q2,Weekend,FALSE
5756,49237,19119352,5/24/2019 10:00:00 AM,2019,5,24,10,0,Friday,541639.7998,4810717.545,-80.485382,43.448212,Non intersection,2,P.D. only,On roadway,Intersection,Daylight,Municipal,No control,Unknown,FALSE,FALSE,FALSE,Clear,TRUE,Road 1: KING ST E (IN FRONT OF 235 KING ST E); Road 2: EBY ST N; Distance: 50.0 M W; Vehicle #1     Make: HYUN     Model: EGM     Colour: SIL     Style: 4D; Vehicle #2     Make: HOND     Model: UCL     Colour: BLU     Style: 4D; Vehicle #3     Make:      ,8/16/2022 3:00:29 PM,541639.7998,4810717.545,Q2,Weekend,FALSE
5757,49238,19119533,5/24/2019 1:30:00 PM,2019,5,24,13,30,Friday,543082.7299,4812047.113,-80.467445,43.460101,Non intersection,2,P.D. only,On roadway,Rear end,Daylight,Regional,No control,Unknown,FALSE,FALSE,FALSE,Clear,TRUE,Road 1: FREDERICK ST; Road 2: BRUCE ST; Vehicle #1     Make: KIA     Model: FKG     Colour: GRY     Style: 4D; Vehicle #2     Make: ACUR     Model: IGS     Colour: WHI     Style: 2B; Vehicle #3     Make: TOYT     Model: CEC     Colour: BLU     Style: 4B,4/27/2022 10:40:51 AM,543082.7299,4812047.113,Q2,Weekend,FALSE
5758,49239,19119826,5/24/2019 1:30:00 PM,2019,5,24,13,30,Friday,543073.2383,4812801.614,-80.467503,43.466895,Intersection,2,Non-reportable,On roadway,Intersection,Daylight,Municipal,No control,Functioning,FALSE,FALSE,FALSE,Clear,TRUE,Road 1: WELLINGTON ST N; Road 2: RIVERBEND DR; Vehicle #1     Make:      Model:      Colour:      Style: ; Vehicle #2     Make: FORD     Model: DRW     Colour: RED     Style: PK,4/9/2021 4:27:28 PM,543073.2383,4812801.614,Q2,Weekend,FALSE
5759,49240,19119848,5/24/2019 7:40:00 PM,2019,5,24,19,40,Friday,542307.3511,4811038.453,-80.477108,43.451064,Intersection,2,P.D. only,On roadway,Intersection,Daylight,Municipal,Sign Control,Functioning,FALSE,FALSE,FALSE,Clear,TRUE,Road 1: SAMUEL ST; Road 2: KRUG ST; Vehicle #1     Make: TOYT     Model: CEC     Colour: BLU     Style: 2B; Vehicle #2     Make: HYUN     Model: SAN     Colour: BLK     Style: TY,4/9/2021 4:28:35 PM,542307.3511,4811038.453,Q2,Weekend,FALSE
5760,49241,19119953,5/24/2019 2:00:00 PM,2019,5,24,14,0,Friday,543607.1992,4812170.151,-80.460952,43.461179,Intersection,2,P.D. only,On roadway,Intersection,Daylight,Regional,Sign Control,Functioning,FALSE,FALSE,FALSE,Clear,TRUE,Road 1: ROSEMOUNT DR; Road 2: RIVER RD E; Vehicle #1     Make: TOYT     Model: YSE     Colour: GRY     Style: 4B; Vehicle #2     Make: TOYT     Model: UCS     Colour: GRY     Style: 4D,4/9/2021 4:27:31 PM,543607.1992,4812170.151,Q2,Weekend,FALSE
5761,49242,19119956,5/24/2019 2:00:00 PM,2019,5,24,14,0,Friday,541251.8937,4806245.232,-80.490514,43.407964,Non intersection,2,P.D. only,On roadway,SMV,Daylight,Municipal,No control,Unknown,FALSE,FALSE,FALSE,Clear,TRUE,Road 1: FOLKSTONE CRESCENT (IN FRONT OF 79 FOLKSTONE); Road 2: RITTENHOUSE RD; Vehicle #1     Make: RAM     Model: RTR     Colour: BLU     Style: CW; Vehicle #2     Make: MAZD     Model: M6I     Colour: GRY     Style: 4B,4/9/2021 5:47:20 PM,541251.8937,4806245.232,Q2,Weekend,FALSE
5762,49243,19120341,5/25/2019 11:00:00 AM,2019,5,25,11,0,Saturday,543044.3212,4809761.205,-80.4681,43.439521,Intersection,2,P.D. only,On roadway,Intersection,Daylight,Municipal,No control,Functioning,FALSE,FALSE,FALSE,Clear,TRUE,Road 1: CHARLES ST E; Road 2: PRESTON ST; Vehicle #1     Make: GMC     Model: SIE     Colour: BLK     Style: PK; Vehicle #2     Make: NISS     Model: VNR     Colour: SIL     Style: 4B,4/27/2022 10:41:28 AM,543044.3212,4809761.205,Q2,Weekend,FALSE
5763,49244,19120399,5/25/2019 12:35:00 PM,2019,5,25,12,35,Saturday,547739.8829,4811093.451,-80.409963,43.451232,Non intersection,2,Non-reportable,On roadway,Rear end,Daylight,Municipal,No control,Unknown,FALSE,FALSE,FALSE,Clear,TRUE,Road 1: 477 ZELLER DR; Vehicle #1     Make: TOYT     Model: HIG     Colour: GRY     Style: TY; Vehicle #2     Make: TOYT     Model: RUN     Colour: BLU     Style: TY,4/9/2021 4:26:05 PM,547739.8829,4811093.451,Q2,Weekend,FALSE
5764,49245,19120415,5/25/2019 11:00:00 AM,2019,5,25,11,0,Saturday,541854.0784,4803512.898,-80.483286,43.383329,Intersection,2,P.D. only,On roadway,Intersection,Daylight,Municipal,Sign Control,Functioning,FALSE,FALSE,FALSE,Rain,TRUE,Road 1: HURON RD (ROUNABOUT); Road 2: WOODBINE AVE; Vehicle #1     Make: FORD     Model: COF     Colour: BLK     Style: PK; Vehicle #2     Make: KIA     Model: SED     Colour: RED     Style: VN,4/9/2021 4:27:31 PM,541854.0784,4803512.898,Q2,Weekend,FALSE
5765,49246,19121334,5/26/2019 12:30:00 PM,2019,5,26,12,30,Sunday,549118.633,4806322.372,-80.393352,43.408185,Intersection,2,P.D. only,On roadway,Intersection,Daylight,Municipal,No control,Unknown,FALSE,FALSE,FALSE,Clear,TRUE,Road 1: GATEWAY PARK DR; Road 2: SPORTSWORLD DR; Vehicle #1     Make: HOND     Model: CIV     Colour: GRY     Style: 4D; Vehicle #2     Make: FORD     Model: FE     Colour: BLK     Style: 4D,4/27/2022 10:41:33 AM,549118.633,4806322.372,Q2,Weekend,FALSE
5766,49247,19121443,5/26/2019 2:45:00 PM,2019,5,26,14,45,Sunday,538267.5227,4808381.708,-80.527222,43.427359,Non intersection,2,P.D. only,On roadway,Intersection,Daylight,Regional,No control,Unknown,FALSE,FALSE,FALSE,Clear,TRUE,Road 1: QUEEN'S BLVD; Road 2: ELM RIDGE DR; Vehicle #1     Make: KIA     Model: OLX     Colour: BLU     Style: 4D; Vehicle #2     Make: FORD     Model: EPR     Colour: WHI     Style: TY,4/9/2021 4:25:42 PM,538267.5227,4808381.708,Q2,Weekend,FALSE
5767,49248,19122055,5/27/2019 10:00:00 AM,2019,5,27,10,0,Monday,544123.7472,4812015.877,-80.45458,43.459759,Non intersection,2,P.D. only,On roadway,SMV,Daylight,Municipal,No control,Unknown,FALSE,FALSE,FALSE,Clear,TRUE,Road 1: 168 EKLINGTON DR KITCHENER; Vehicle #1     Make: HOND     Model: UCL     Colour: SIL     Style: 4D; Vehicle #2     Make: FORD     Model: DRW     Colour: WHI     Style: CB,4/9/2021 4:26:27 PM,544123.7472,4812015.877,Q2,Working,FALSE
5768,49249,19122371,5/24/2019 7:30:00 PM,2019,5,24,19,30,Friday,541363.0467,4813216.952,-80.488613,43.470732,Private Drive,2,Non-reportable,On roadway,SMV,Daylight,Municipal,No control,Unknown,FALSE,FALSE,FALSE,Clear,TRUE,Road 1: 363 EDWIN ST; Vehicle #1     Make:      Model:      Colour:      Style: ; Vehicle #2     Make: GMC     Model: SIE     Colour: BLK     Style: PK,4/9/2021 4:29:39 PM,541363.0467,4813216.952,Q2,Weekend,FALSE