,OBJECTID,ACCIDENTNUM,ACCIDENTDATE,ACCIDENT_YEAR,ACCIDENT_MONTH,ACCIDENT_DAY,ACCIDENT_HOUR,ACCIDENT_MINUTE,Accident_Day,XCOORD,YCOORD,LONGITUDE,LATITUDE,Accident_Location,COLLISIONTYPE,Accident_Type,Impact_Location,Impact_Type,Light,Road_Jurisdication,Traffic_Control,Traffic_Control_Condition,Pedestrian_Involved,Cyclist_Involved,Motorcyclist_Involved,Environment_Condition,Self_Reported,XMLIMPORTNOTES,LASTEDITEDDATE,x,y,Quarter,Day_Type,Vulnerable_Involved
5769,49250,19122539,5/27/2019 5:19:00 PM,2019,5,27,17,19,Monday,545035.9997,4807870.006,-80.443646,43.422376,Intersection,2,Non-reportable,On roadway,Intersection,Daylight,Municipal,Signal Control,Functioning,FALSE,FALSE,FALSE,Clear,TRUE,Road 1: WILSON AVE; Road 2: KINGSWAY DR; Vehicle #1     Make:      Model:      Colour:      Style: ; Vehicle #2     Make: HOND     Model: HRV     Colour: BLU     Style: TY,4/9/2021 4:27:21 PM,545035.9997,4807870.006,Q2,Working,FALSE
5770,49251,19122760,5/28/2019 5:50:00 AM,2019,5,28,5,50,Tuesday,546635.9611,4802741.051,-80.424319,43.376097,Intersection,2,P.D. only,On roadway,Rear end,Dawn,Municipal,Sign Control,Unknown,FALSE,FALSE,FALSE,Rain,TRUE,Road 1: THOMAS SLEE DR; Road 2: ROBERT FERRIE; Vehicle #1     Make: JEEP     Model: GCK     Colour: BRN     Style: TY; Vehicle #2     Make: HYUN     Model: ESM     Colour: BLK     Style: 4D,4/9/2021 4:27:18 PM,546635.9611,4802741.051,Q2,Working,FALSE
5771,49252,19122816,5/27/2019 6:00:00 PM,2019,5,27,18,0,Monday,548383.3586,4806477.559,-80.402419,43.40963,Private Drive,2,P.D. only,On roadway,Rear end,Daylight,Other,No control,Unknown,FALSE,FALSE,FALSE,Clear,TRUE,Road 1: 4273 KING ST E; Vehicle #1     Make: VOLK     Model: JBS     Colour: BLK     Style: 4D; Vehicle #2     Make: VOLK     Model: GLF     Colour: WHI     Style: 4B,8/16/2022 2:56:19 PM,548383.3586,4806477.559,Q2,Working,FALSE
5772,49253,19122946,5/28/2019 12:18:00 PM,2019,5,28,12,18,Tuesday,545112.9313,4807706.611,-80.442709,43.4209,Non intersection,2,P.D. only,On roadway,Rear end,Daylight,Municipal,No control,Unknown,FALSE,FALSE,FALSE,Clear,FALSE,Road 1: WILSON AVE (50 km/h); Road 2: KINGSWAY DR; Distance: 20.0 M S; Vehicle #1     Make: MERZ     Model: GK3     Colour: BLK     Style: TY; Vehicle #2     Make: FORD     Model: EPR     Colour: BLU     Style: TY,3/26/2021 11:53:16 AM,545112.9313,4807706.611,Q2,Working,FALSE
5773,49254,19123101,5/27/2019 5:55:00 PM,2019,5,27,17,55,Monday,539266.8854,4810591.142,-80.514717,43.447202,Private Drive,2,P.D. only,On roadway,Intersection,Daylight,Municipal,No control,Unknown,FALSE,FALSE,FALSE,Clear,TRUE,Road 1: BELMONT AVE W (IFO 525); Vehicle #1     Make: MAZD     Model: MCX     Colour: GRY     Style: TY; Vehicle #2     Make:      Model:      Colour:      Style:,4/9/2021 4:29:35 PM,539266.8854,4810591.142,Q2,Working,FALSE
5774,49255,19123281,5/26/2019 5:00:00 PM,2019,5,26,17,0,Sunday,541058.27,4805788.09,-80.49294,43.403859,Private Drive,2,Non-reportable,On roadway,SMV,Daylight,Municipal,No control,Unknown,FALSE,FALSE,FALSE,Clear,TRUE,Road 1: 16 TAMVALE CRESCENT; Vehicle #1     Make:      Model:      Colour:      Style: ; Vehicle #2     Make: HOND     Model: CRV     Colour: WHI     Style: TY,4/9/2021 4:29:38 PM,541058.27,4805788.09,Q2,Weekend,FALSE
5775,49256,19123603,5/28/2019 7:00:00 PM,2019,5,28,19,0,Tuesday,540940.3087,4812088.843,-80.493924,43.460597,Private Drive,2,P.D. only,On roadway,SMV,Daylight,Municipal,No control,Unknown,FALSE,FALSE,FALSE,Clear,TRUE,Road 1: DIEPPE AVE; Road 2: WILHELM ST; Vehicle #1     Make:      Model:      Colour:      Style: ; Vehicle #2     Make: ACUR     Model: TL     Colour: SIL     Style: 4D,4/9/2021 4:29:29 PM,540940.3087,4812088.843,Q2,Working,FALSE
5776,49257,19124106,5/29/2019 6:50:00 PM,2019,5,29,18,50,Wednesday,540555.1784,4808570.308,-80.498946,43.428937,Intersection,2,P.D. only,On roadway,SMV,Daylight,Municipal,Sign Control,Functioning,TRUE,FALSE,FALSE,Clear,FALSE,Road 1: GREENBROOK DR (50 km/h); Road 2: LAKESIDE DR (50 km/h); Vehicle #1     Make: TOYT     Model: MTL     Colour: WHI     Style: 4D,4/9/2021 4:27:55 PM,540555.1784,4808570.308,Q2,Working,FALSE
5777,49258,19124256,5/29/2019 10:29:00 PM,2019,5,29,22,29,Wednesday,543233.9681,4811478.278,-80.465621,43.454971,Non intersection,2,P.D. only,Off roadway,SMV,Dark,Regional,No control,Unknown,FALSE,FALSE,FALSE,Clear,FALSE,Road 1: 407 KRUG ST (50 km/h); Road 2: KRUG ST; Distance: 1.0 M N; Vehicle #1     Make: PONT     Model: MON     Colour: BLU     Style: VN; Vehicle #2     Make: GMC     Model: SAV     Colour: WHI     Style: FV,3/26/2021 11:53:28 AM,543233.9681,4811478.278,Q2,Working,FALSE
5778,49259,19124604,5/30/2019 10:30:00 AM,2019,5,30,10,30,Thursday,542907.4062,4803802.675,-80.47026,43.385878,Non intersection,2,P.D. only,On roadway,SMV,Daylight,Municipal,No control,Unknown,FALSE,FALSE,FALSE,Clear,TRUE,Road 1: NEWCASTLE DR; Road 2: TWEEBSDALE; Vehicle #1     Make: TOYT     Model: PRI     Colour: WHI     Style: 4B; Vehicle #2     Make: JEEP     Model: CHK     Colour: RED     Style: TY,4/9/2021 4:25:45 PM,542907.4062,4803802.675,Q2,Weekend,FALSE
5779,49260,19125314,5/30/2019 5:30:00 PM,2019,5,30,17,30,Thursday,538867.8751,4811007.5,-80.519618,43.450971,Intersection,2,P.D. only,On roadway,Intersection,Daylight,Municipal,Sign Control,Unknown,FALSE,FALSE,FALSE,Clear,TRUE,Road 1: GLASGOW ST KITCHENER; Road 2: AVONDALE AVE; Vehicle #1     Make: HOND     Model: RID     Colour: SIL     Style: PK; Vehicle #2     Make:      Model:      Colour:      Style:,4/9/2021 4:27:36 PM,538867.8751,4811007.5,Q2,Weekend,FALSE
5780,49261,19125458,5/30/2019 12:00:00 AM,2019,5,30,0,0,Thursday,539009.7912,4810300.944,-80.517915,43.444602,Non intersection,2,Non-reportable,On roadway,SMV,Dark,Municipal,No control,Unknown,FALSE,FALSE,FALSE,Clear,TRUE,Road 1: 76 BRYBECK CRESCENT; Vehicle #1     Make: MAZD     Model: MWG     Colour: GRY     Style: VN; Vehicle #2     Make:      Model:      Colour:      Style:,4/9/2021 4:25:54 PM,539009.7912,4810300.944,Q2,Weekend,FALSE
5781,49262,19125808,5/31/2019 5:02:00 PM,2019,5,31,17,2,Friday,540886.9732,4812000.226,-80.49459,43.459802,Intersection,2,P.D. only,On roadway,Intersection,Daylight,Municipal,Sign Control,Functioning,FALSE,FALSE,FALSE,Clear,FALSE,Road 1: WILHELM ST (50 km/h); Road 2: AHRENS ST W (50 km/h); Distance:  K; Vehicle #1     Make: NISS     Model: ROG     Colour: BLK     Style: TY; Vehicle #2     Make: SUBA     Model: WPR     Colour: GRY     Style: SW,4/9/2021 4:28:19 PM,540886.9732,4812000.226,Q2,Weekend,FALSE
5782,49263,19126002,5/30/2019 7:15:00 AM,2019,5,30,7,15,Thursday,544133.0829,4811930.071,-80.454471,43.458986,Private Drive,2,Non-reportable,On roadway,Other,Daylight,Municipal,No control,Unknown,FALSE,FALSE,FALSE,Clear,TRUE,Road 1: 485 MANCHESTER RD; Vehicle #1     Make: MAZD     Model: CX9     Colour: BLK     Style: TY; Vehicle #2     Make:      Model:      Colour:      Style:,4/9/2021 4:29:34 PM,544133.0829,4811930.071,Q2,Weekend,FALSE
5783,49264,19126405,6/1/2019 10:00:00 AM,2019,6,1,10,0,Saturday,541939.7053,4808785.967,-80.481824,43.430803,Non intersection,2,Non-reportable,On roadway,SMV,Daylight,Municipal,No control,Unknown,FALSE,FALSE,FALSE,Clear,TRUE,Road 1: 47 DONLEY ST KITCHENER; Vehicle #1     Make: GMC     Model: SAV     Colour: WHI     Style: FV; Vehicle #2     Make: HYUN     Model: TUC     Colour: GRY     Style: TY,4/9/2021 4:26:26 PM,541939.7053,4808785.967,Q2,Weekend,FALSE
5784,49265,19126566,6/1/2019 2:57:00 PM,2019,6,1,14,57,Saturday,546186.5386,4804376.191,-80.429728,43.390847,Non intersection,2,P.D. only,On roadway,SMV,Daylight,Municipal,No control,Unknown,FALSE,FALSE,FALSE,Clear,FALSE,Road 1: 165 OLD CARRIAGE DR (50 km/h); Road 2: OLD CARRIAGE DR; Distance: 7.0 M N; Vehicle #1     Make: FORD     Model: FZT     Colour: GRN     Style: 4D; Vehicle #2     Make: TOYT     Model: TAC     Colour: GRY     Style: PK,4/9/2021 4:25:31 PM,546186.5386,4804376.191,Q2,Weekend,FALSE
5785,49266,19126728,6/1/2019 6:53:00 PM,2019,6,1,18,53,Saturday,541661.4767,4811460.614,-80.485058,43.454901,Non intersection,2,P.D. only,On roadway,Rear end,Daylight,Regional,No control,Unknown,FALSE,FALSE,FALSE,Rain,FALSE,Road 1: 101 QUEEN ST N (50 km/h); Road 2: QUEEN ST N; Distance: 25.0 M S; Vehicle #1     Make: GMC     Model: SIE     Colour: WHI     Style: PK; Vehicle #2     Make: TOYT     Model: CBL     Colour: RED     Style: 4D,4/27/2022 10:39:49 AM,541661.4767,4811460.614,Q2,Weekend,FALSE
5786,49267,19127015,6/2/2019 1:30:00 AM,2019,6,2,1,30,Sunday,537988.449,4808488.082,-80.530663,43.428331,Non intersection,2,P.D. only,Off roadway,SMV,Dark,Municipal,No control,Unknown,FALSE,FALSE,FALSE,Rain,FALSE,Road 1: 35 WESTHEIGHTS DR (50 km/h); Road 2: WESTHEIGHTS DR; Distance: 0.0 K S; Vehicle #1     Make: PONT     Model: VIB     Colour:      Style: 4B; Vehicle #2     Make: CHEV     Model: EQU     Colour: WHI     Style: TY,4/9/2021 4:25:56 PM,537988.449,4808488.082,Q2,Weekend,FALSE
5787,49268,19127169,6/1/2019 4:30:00 PM,2019,6,1,16,30,Saturday,541466.7402,4809537.687,-80.487611,43.437598,Intersection,2,P.D. only,On roadway,Rear end,Daylight,Municipal,Signal Control,Functioning,FALSE,FALSE,FALSE,Rain,TRUE,Road 1: STIRLING AVE S; Road 2: MILL ST; Vehicle #1     Make: KIA     Model: SPO     Colour: BLU     Style: TY; Vehicle #2     Make: DODG     Model: CAR     Colour: WHI     Style: VN,4/9/2021 4:27:23 PM,541466.7402,4809537.687,Q2,Weekend,FALSE
5788,49269,19127385,6/2/2019 1:15:00 PM,2019,6,2,13,15,Sunday,541877.2228,4807560.411,-80.48269,43.419771,Private Drive,2,P.D. only,On roadway,SMV,Daylight,Municipal,No control,Unknown,FALSE,FALSE,FALSE,Clear,TRUE,Road 1: 63 LUCERNE DR; Vehicle #1     Make: HYUN     Model: SPL     Colour: BLU     Style: 4D; Vehicle #2     Make: FORD     Model: SPE     Colour: GRY     Style: TY,4/9/2021 4:30:13 PM,541877.2228,4807560.411,Q2,Weekend,FALSE
5789,49270,19127980,6/3/2019 10:30:00 AM,2019,6,3,10,30,Monday,539094.8397,4811208.348,-80.516799,43.452768,Non intersection,2,P.D. only,On roadway,SMV,Daylight,Municipal,No control,Unknown,FALSE,FALSE,FALSE,Clear,TRUE,Road 1: BELMONT AVE W (IN FRONT OF 660); Vehicle #1     Make: HOND     Model: UDY     Colour: BLU     Style: VN; Vehicle #2     Make: HYUN     Model: TUC     Colour: BLK     Style: TY,4/9/2021 4:27:08 PM,539094.8397,4811208.348,Q2,Working,FALSE
5790,49271,19128042,6/3/2019 11:30:00 AM,2019,6,3,11,30,Monday,539004.564,4808935.26,-80.518077,43.432306,Private Drive,2,P.D. only,On roadway,SMV,Daylight,Municipal,No control,Unknown,FALSE,FALSE,FALSE,Clear,TRUE,Road 1: KELLY DR (IFO 40); Vehicle #1     Make: FORD     Model: COF     Colour: BLK     Style: PK; Vehicle #2     Make: MAZD     Model: X3S     Colour: BLK     Style: 4W,4/9/2021 4:30:00 PM,539004.564,4808935.26,Q2,Working,FALSE
5791,49272,19128142,6/3/2019 3:34:00 PM,2019,6,3,15,34,Monday,543569.5902,4809842.608,-80.461603,43.440224,Private Drive,2,P.D. only,Off roadway,SMV,Daylight,Municipal,No control,Unknown,FALSE,FALSE,FALSE,Clear,FALSE,Road 1: 7 PRIVATE DRIVE (50 km/h); Road 2: CLIFFORD RD; Distance: 1.0 M S; Vehicle #1     Make: NISS     Model: MIC     Colour: BLK     Style: 4B; Vehicle #2     Make: TOYT     Model: CTR     Colour: BLK     Style: 4B,4/9/2021 4:29:02 PM,543569.5902,4809842.608,Q2,Working,FALSE
5792,49273,19128258,6/3/2019 5:39:00 PM,2019,6,3,17,39,Monday,539995.0139,4810791.067,-80.505704,43.448963,Non intersection,2,P.D. only,Off roadway,SMV,Daylight,Other,No control,Unknown,FALSE,FALSE,FALSE,Clear,FALSE,Road 1: 25 CHERRY ST (50 km/h); Road 2: CHERRY ST; Distance: 0.0 K E; Vehicle #1     Make: CHEV     Model: EXP     Colour: WHI     Style: FV,3/26/2021 11:53:27 AM,539995.0139,4810791.067,Q2,Working,FALSE
5793,49274,19128289,6/3/2019 6:13:00 PM,2019,6,3,18,13,Monday,542741.6476,4806082.164,-80.472128,43.406412,Non intersection,2,P.D. only,On roadway,Intersection,Daylight,Regional,No control,Unknown,FALSE,FALSE,FALSE,Clear,FALSE,Road 1: SHOEMAKER ST (50 km/h); Road 2: STRASBURG RD; Distance: 200.0 M W; Vehicle #1     Make: MAZD     Model: M3I     Colour: WHI     Style: 4D; Vehicle #2     Make: MAZD     Model: B22     Colour: BLK     Style: PK,4/9/2021 4:25:27 PM,542741.6476,4806082.164,Q2,Working,FALSE
5794,49275,19129150,6/3/2019 5:50:00 PM,2019,6,3,17,50,Monday,543895.5079,4805116.256,-80.457956,43.397649,Non intersection,2,P.D. only,On roadway,Rear end,Daylight,Municipal,No control,Unknown,FALSE,FALSE,FALSE,Clear,TRUE,Road 1: OLD HURON RD; Road 2: BIEHN DR; Distance:  E; Vehicle #1     Make: FORD     Model: COF     Colour: WHI     Style: CW; Vehicle #2     Make: MERZ     Model: GK3     Colour: SIL     Style: TY,4/9/2021 4:27:03 PM,543895.5079,4805116.256,Q2,Working,FALSE
5795,49276,19129702,6/4/2019 3:45:00 PM,2019,6,4,15,45,Tuesday,544836.0347,4809712.721,-80.445965,43.43898,Non intersection,2,P.D. only,On roadway,Rear end,Daylight,Municipal,No control,Unknown,FALSE,FALSE,FALSE,Clear,TRUE,Road 1: 207 FRANKLIN ST N; Vehicle #1     Make: HOND     Model: ODY     Colour: GRY     Style: VN; Vehicle #2     Make: DODG     Model: CAR     Colour: WHI     Style: VN,4/9/2021 4:27:05 PM,544836.0347,4809712.721,Q2,Working,FALSE
5796,49277,19129819,6/5/2019 2:14:00 PM,2019,6,5,14,14,Wednesday,539296.11,4811575.441,-80.514285,43.456063,Intersection,2,P.D. only,On roadway,Intersection,Daylight,Municipal,Sign Control,Functioning,FALSE,FALSE,FALSE,Rain,FALSE,Road 1: PARK ST (50 km/h); Road 2: MT HOPE ST (50 km/h); Vehicle #1     Make: VOLK     Model: GLF     Colour: WHI     Style: 4B; Vehicle #2     Make: HOND     Model: CLL     Colour: WHI     Style: 2D,4/9/2021 4:28:01 PM,539296.11,4811575.441,Q2,Working,FALSE
5797,49278,19129875,6/5/2019 3:41:00 PM,2019,6,5,15,41,Wednesday,541769.7865,4811055.801,-80.48375,43.45125,Non intersection,2,P.D. only,On roadway,SMV,Daylight,Municipal,No control,Unknown,FALSE,FALSE,FALSE,Clear,FALSE,Road 1: 87 PEARL PL (50 km/h); Road 2: SCOTT ST; Distance: 5.0 M S; Vehicle #1     Make: SUBA     Model: IPR     Colour: SIL     Style: SW,4/9/2021 4:25:30 PM,541769.7865,4811055.801,Q2,Working,FALSE
5798,49279,19129878,6/5/2019 9:00:00 AM,2019,6,5,9,0,Wednesday,539394.3184,4808471.349,-80.513295,43.428108,Private Drive,2,P.D. only,On roadway,SMV,Daylight,Municipal,No control,Unknown,FALSE,FALSE,FALSE,Clear,TRUE,Road 1: 377 FOREST HILL DR; Vehicle #1     Make:      Model:      Colour:      Style: ; Vehicle #2     Make: NISS     Model: 2LS     Colour: SIL     Style: 2D,4/9/2021 4:30:13 PM,539394.3184,4808471.349,Q2,Working,FALSE
5799,49280,19129906,6/5/2019 4:10:00 PM,2019,6,5,16,10,Wednesday,542784.9714,4804145.9,-80.471745,43.388976,Intersection,2,P.D. only,On roadway,Intersection,Daylight,Regional,No control,Functioning,FALSE,FALSE,FALSE,Rain,FALSE,Road 1: HURON RD (60 km/h); Road 2: PARKVALE DR (50 km/h); Vehicle #1     Make: TOYT     Model: CIE     Colour: BRN     Style: VN; Vehicle #2     Make: CHRY     Model: 2LX     Colour: BLK     Style: 4D,4/9/2021 4:28:26 PM,542784.9714,4804145.9,Q2,Working,FALSE
5800,49281,19130397,6/6/2019 9:10:00 AM,2019,6,6,9,10,Thursday,541498.2041,4811998.964,-80.487035,43.459757,Intersection,2,P.D. only,On roadway,Intersection,Daylight,Municipal,Sign Control,Functioning,FALSE,FALSE,FALSE,Clear,TRUE,Road 1: LEGER ST KITCHENER; Road 2: WELINGTON ST KITCHENER; Vehicle #1     Make: KIA     Model: SOR     Colour: BLK     Style: TY; Vehicle #2     Make: HOND     Model: CCL     Colour: GRY     Style: 4D,4/9/2021 4:27:25 PM,541498.2041,4811998.964,Q2,Weekend,FALSE
5801,49282,19130631,6/6/2019 9:15:00 AM,2019,6,6,9,15,Thursday,536741.334,4806563.177,-80.546199,43.411062,Private Drive,2,P.D. only,On roadway,SMV,Daylight,Municipal,No control,Unknown,FALSE,FALSE,FALSE,Clear,TRUE,Road 1: FRAN ELLEN CRESCENT; Road 2: YELLOW BIRCH DR; Vehicle #1     Make:      Model:      Colour:      Style: ; Vehicle #2     Make: MAZD     Model: CX9     Colour: BLK     Style: TY,4/9/2021 4:30:14 PM,536741.334,4806563.177,Q2,Weekend,FALSE
5802,49283,19130847,6/6/2019 4:45:00 PM,2019,6,6,16,45,Thursday,541254.8518,4810937.783,-80.490123,43.450216,Private Drive,2,Non-reportable,Off roadway,Other,Daylight,Other,No control,Unknown,FALSE,FALSE,FALSE,Clear,TRUE,Road 1: 64 KING ST W; Vehicle #1     Make: MAZD     Model: 3TR     Colour: BLU     Style: 4D; Vehicle #2     Make: NISS     Model: PFI     Colour: WHI     Style: TY,4/27/2022 10:42:40 AM,541254.8518,4810937.783,Q2,Weekend,FALSE
5803,49284,19130883,6/6/2019 12:00:00 PM,2019,6,6,12,0,Thursday,544455.2372,4813296.221,-80.450378,43.471268,Non intersection,2,Non-reportable,On roadway,Rear end,Daylight,Regional,No control,Unknown,FALSE,FALSE,FALSE,Clear,TRUE,Road 1: 425 BINGEMANS CENTRE DR; Vehicle #1     Make: NISS     Model: SML     Colour: BLU     Style: 4D; Vehicle #2     Make: HOND     Model: AXL     Colour: WHI     Style: 2D,4/9/2021 4:25:41 PM,544455.2372,4813296.221,Q2,Weekend,FALSE
5804,49285,19130977,6/6/2019 6:55:00 PM,2019,6,6,18,55,Thursday,540762.7299,4809837.867,-80.496287,43.440339,Non intersection,2,P.D. only,On roadway,Rear end,Daylight,Regional,No control,Unknown,FALSE,FALSE,FALSE,Clear,FALSE,Road 1: HIGHLAND RD E (50 km/h); Road 2: RUBY ST; Distance: 8.0 M W; Charged Driver #1 on page 1: NA NA (NA) (NA); Vehicle #1     Make: HOND     Model: CUI     Colour: BLK     Style: 2D; Vehicle #2     Make: KIA     Model: SED     Colour: GRN     Style: V,4/27/2022 10:39:54 AM,540762.7299,4809837.868,Q2,Weekend,FALSE
5805,49286,19131104,6/6/2019 9:30:00 PM,2019,6,6,21,30,Thursday,542262.2563,4806121.42,-80.478045,43.406793,Private Drive,2,P.D. only,Off roadway,SMV,Dark,Municipal,No control,Unknown,FALSE,FALSE,FALSE,Clear,FALSE,Road 1: 255 THE COUNTRY WAY (50 km/h); Road 2: THE COUNTRY WAY; Distance: 5.0 M E; Vehicle #1     Make: KIA     Model: RBL     Colour: CPR     Style: 4D; Vehicle #2     Make: CHEV     Model: CZT     Colour: WHI     Style: 4D,4/9/2021 4:29:16 PM,542262.2563,4806121.42,Q2,Weekend,FALSE
5806,49287,19131348,6/7/2019 6:30:00 AM,2019,6,7,6,30,Friday,547066.1412,4810447.987,-80.418345,43.445463,Non intersection,2,P.D. only,Off roadway,SMV,Daylight,Municipal,No control,Unknown,FALSE,FALSE,FALSE,Clear,TRUE,Road 1: ROLLING ACRES DR (IN FRONT OF 58 ROLLING ACRES); Road 2: CORFIELD DR; Vehicle #1     Make:      Model:      Colour:      Style: ; Vehicle #2     Make: HYUN     Model: SAN     Colour: GRY     Style: TY,4/9/2021 4:27:09 PM,547066.1412,4810447.987,Q2,Weekend,FALSE
5807,49288,19131682,6/7/2019 1:00:00 PM,2019,6,7,13,0,Friday,541691.6231,4814717.681,-80.484436,43.484226,Non intersection,2,Non-reportable,On roadway,Intersection,Daylight,Municipal,No control,Unknown,FALSE,FALSE,FALSE,Clear,TRUE,Road 1: WOOLWICH ST WATERLOO; Road 2: HILLCREST LN; Distance: 10.0 M N; Vehicle #1     Make:      Model:      Colour:      Style: ; Vehicle #2     Make: NISS     Model: LFS     Colour: RED     Style: 4B,4/9/2021 4:25:57 PM,541691.6231,4814717.681,Q2,Weekend,FALSE
5808,49289,19131876,6/7/2019 5:00:00 PM,2019,6,7,17,0,Friday,545102.5972,4804762.595,-80.44308,43.394393,Non intersection,2,Non-reportable,On roadway,Intersection,Daylight,Municipal,No control,Unknown,FALSE,FALSE,FALSE,Clear,TRUE,Road 1: 384 PIONEER DR (IN FRONT OF 384 PIONEER); Vehicle #1     Make: CHEV     Model: EQU     Colour: GRY     Style: TY; Vehicle #2     Make:      Model:      Colour:      Style:,4/9/2021 4:25:57 PM,545102.5972,4804762.595,Q2,Weekend,FALSE
5809,49290,19131908,6/7/2019 5:10:00 PM,2019,6,7,17,10,Friday,541383.9905,4810866.167,-80.488532,43.449564,Non intersection,2,Non-reportable,On roadway,Other,Daylight,Regional,No control,Unknown,FALSE,FALSE,FALSE,Clear,TRUE,Road 1: KING ST E; Road 2: QUEEN ST N; Vehicle #1     Make:      Model:      Colour:      Style: ; Vehicle #2     Make: HOND     Model: CCL     Colour: WHI     Style: 4D,4/27/2022 10:40:44 AM,541383.9905,4810866.167,Q2,Weekend,FALSE
5810,49291,19132094,6/7/2019 9:24:00 PM,2019,6,7,21,24,Friday,544057.1473,4804178.971,-80.456035,43.3892,Intersection,2,P.D. only,On roadway,Intersection,Dusk,Municipal,Sign Control,Functioning,FALSE,FALSE,FALSE,Clear,FALSE,Road 1: BIEHN DR (50 km/h); Road 2: ROBERTSON CRES (50 km/h); Vehicle #1     Make: MERZ     Model: GLA     Colour: SIL     Style: TY; Vehicle #2     Make: HYUN     Model: VRZ     Colour: BLU     Style: TY,4/9/2021 4:27:17 PM,544057.1473,4804178.971,Q2,Weekend,FALSE
5811,49292,19132226,6/7/2019 11:45:00 PM,2019,6,7,23,45,Friday,543663.2737,4813007.567,-80.460192,43.468716,Non intersection,2,P.D. only,On roadway,Rear end,Dark,Municipal,No control,Unknown,FALSE,FALSE,FALSE,Clear,FALSE,Road 1: 200 SHIRLEY AVE (70 km/h); Road 2: SHIRLEY AVE; Distance: 0.0 M W; Vehicle #1     Make: PETE     Model:      Colour:      Style: ; Vehicle #2     Make: MAZD     Model: 3GT     Colour: GRY     Style: 4D,4/9/2021 4:25:28 PM,543663.2737,4813007.567,Q2,Weekend,FALSE
5812,49293,19132556,6/7/2019 4:10:00 PM,2019,6,7,16,10,Friday,539134.4401,4811706.406,-80.516274,43.45725,Non intersection,2,Non-reportable,On roadway,Rear end,Daylight,Municipal,No control,Unknown,FALSE,FALSE,FALSE,Clear,TRUE,Road 1: UNION BLVD KITCHENER; Road 2: PARK ST; Vehicle #1     Make:      Model:      Colour:      Style: ; Vehicle #2     Make: CHEV     Model: EQU     Colour: GRY     Style: TY,4/9/2021 4:25:58 PM,539134.4401,4811706.406,Q2,Weekend,FALSE
5813,49294,19132564,6/7/2019 8:00:00 PM,2019,6,7,20,0,Friday,541455.0438,4811248.477,-80.487625,43.453002,Non intersection,2,Non-reportable,On roadway,SMV,Daylight,Municipal,No control,Unknown,FALSE,FALSE,FALSE,Clear,TRUE,Road 1: ROY ST (IFO 20); Vehicle #1     Make: TOYT     Model: UCS     Colour: GRY     Style: 4D; Vehicle #2     Make: TOYT     Model: CBL     Colour: BLK     Style: 4D,4/9/2021 4:25:56 PM,541455.0438,4811248.477,Q2,Weekend,FALSE
5814,49295,19132673,6/7/2019 11:15:00 PM,2019,6,7,23,15,Friday,543534.1815,4804935.186,-80.462432,43.396039,Non intersection,2,P.D. only,On roadway,SMV,Dark,Regional,No control,Unknown,FALSE,FALSE,FALSE,Clear,TRUE,Road 1: HURON RD; Road 2: BATTLER RD; Vehicle #1     Make: CHEV     Model: BLT     Colour: BLK     Style: 4D,4/9/2021 4:26:28 PM,543534.1815,4804935.186,Q2,Weekend,FALSE
5815,49296,19132941,6/8/2019 5:25:00 PM,2019,6,8,17,25,Saturday,540566.6965,4810274.344,-80.498677,43.44428,Non intersection,2,P.D. only,On roadway,SMV,Daylight,Municipal,No control,Unknown,FALSE,FALSE,FALSE,Clear,FALSE,Road 1: DILL ST (40 km/h); Road 2: DAVID ST; Distance: 100.0 M W; Vehicle #1     Make: TOYT     Model: CYR     Colour: BLU     Style: 4B; Vehicle #2     Make: PONT     Model: GS1     Colour: BLK     Style: 4D,4/9/2021 4:25:32 PM,540566.6965,4810274.344,Q2,Weekend,FALSE
5816,49297,19133653,6/8/2019 12:15:00 PM,2019,6,8,12,15,Saturday,543156.6449,4810297.026,-80.46667,43.444339,Non intersection,2,P.D. only,On roadway,Rear end,Daylight,Regional,No control,Unknown,FALSE,FALSE,FALSE,Clear,TRUE,Road 1: OTTAWA ST N; Road 2: MCKENZIE AVE; Vehicle #1     Make: VOLK     Model: CTS     Colour: WHI     Style: 4D; Vehicle #2     Make: CHEV     Model: EXP     Colour: WHI     Style: FV,4/9/2021 4:26:28 PM,543156.6449,4810297.026,Q2,Weekend,FALSE