,OBJECTID,ACCIDENTNUM,ACCIDENTDATE,ACCIDENT_YEAR,ACCIDENT_MONTH,ACCIDENT_DAY,ACCIDENT_HOUR,ACCIDENT_MINUTE,Accident_Day,XCOORD,YCOORD,LONGITUDE,LATITUDE,Accident_Location,COLLISIONTYPE,Accident_Type,Impact_Location,Impact_Type,Light,Road_Jurisdication,Traffic_Control,Traffic_Control_Condition,Pedestrian_Involved,Cyclist_Involved,Motorcyclist_Involved,Environment_Condition,Self_Reported,XMLIMPORTNOTES,LASTEDITEDDATE,x,y,Quarter,Day_Type,Vulnerable_Involved
5817,49298,19133777,6/9/2019 1:50:00 PM,2019,6,9,13,50,Sunday,549157.9228,4806312.435,-80.392868,43.408092,Private Drive,2,Non-reportable,On roadway,Intersection,Daylight,Municipal,No control,Unknown,FALSE,FALSE,FALSE,Clear,TRUE,Road 1: 50 GATEWAY PARK DR; Vehicle #1     Make: MAZD     Model: 3TR     Colour: SIL     Style: 4D; Vehicle #2     Make:      Model:      Colour:      Style:,4/9/2021 4:29:28 PM,549157.9228,4806312.435,Q2,Weekend,FALSE
5818,49299,19133804,6/7/2019 12:30:00 PM,2019,6,7,12,30,Friday,541658.3077,4814506.438,-80.484864,43.482326,Non intersection,2,Non-reportable,On roadway,Intersection,Daylight,Municipal,No control,Unknown,FALSE,FALSE,FALSE,Clear,TRUE,Road 1: WOOLWICH ST; Road 2: BRIDGE ST W; Vehicle #1     Make:      Model:      Colour:      Style: ; Vehicle #2     Make: DODG     Model: RPC     Colour: BLU     Style: PK,4/9/2021 4:25:42 PM,541658.3077,4814506.438,Q2,Weekend,FALSE
5819,49300,19133805,6/2/2019 6:00:00 PM,2019,6,2,18,0,Sunday,542852.8099,4803913.138,-80.470925,43.386876,Non intersection,2,Non-reportable,Off roadway,SMV,Daylight,Municipal,No control,Unknown,FALSE,FALSE,FALSE,Clear,TRUE,Road 1: 23 TUDOR ST; Vehicle #1     Make:      Model:      Colour:      Style: ; Vehicle #2     Make: TOYT     Model: TIM     Colour: BLU     Style: 4B,4/9/2021 4:25:42 PM,542852.8099,4803913.138,Q2,Weekend,FALSE
5820,49301,19134383,6/10/2019 8:00:00 AM,2019,6,10,8,0,Monday,539971.9741,4808883.067,-80.506128,43.431785,Private Drive,2,Non-reportable,On roadway,Other,Daylight,Regional,No control,Unknown,FALSE,FALSE,FALSE,Clear,TRUE,Road 1: 116 GATEWOOD RD; Vehicle #1     Make: TOYT     Model: CTX     Colour: GRY     Style: 4B; Vehicle #2     Make: FORD     Model: COF     Colour: BLU     Style: PK,4/9/2021 4:29:28 PM,539971.9741,4808883.067,Q2,Working,FALSE
5821,49302,19134463,6/10/2019 8:00:00 AM,2019,6,10,8,0,Monday,547369.3742,4809848.614,-80.41465,43.440047,Private Drive,2,P.D. only,On roadway,SMV,Daylight,Municipal,No control,Unknown,FALSE,FALSE,FALSE,Clear,TRUE,Road 1: 242 WATERBEND CRESCENT; Vehicle #1     Make:      Model:      Colour:      Style: ; Vehicle #2     Make: VOLK     Model: RAB     Colour: BLK     Style: 4B,4/9/2021 4:29:56 PM,547369.3742,4809848.614,Q2,Working,FALSE
5822,49303,19134869,6/10/2019 5:15:00 PM,2019,6,10,17,15,Monday,540687.2493,4808006.327,-80.497356,43.423852,Non intersection,2,P.D. only,On roadway,SMV,Daylight,Municipal,No control,Unknown,FALSE,FALSE,FALSE,Rain,TRUE,Road 1: CHANDLER DR; Road 2: ELMSDALE DR; Vehicle #1     Make: KIA     Model: SOU     Colour: BLK     Style: TY; Vehicle #2     Make: LEXS     Model: ES3     Colour: GRY     Style: 4D,4/9/2021 4:26:29 PM,540687.2493,4808006.327,Q2,Working,FALSE
5823,49304,19134965,6/10/2019 9:10:00 PM,2019,6,10,21,10,Monday,539699.2518,4811078.997,-80.509338,43.451572,Intersection,2,P.D. only,On roadway,SMV,Dusk,Other,Sign Control,Unknown,FALSE,FALSE,FALSE,Clear,FALSE,Road 1: STRANGE ST (50 km/h); Road 2: DOMINION ST (50 km/h); Vehicle #1     Make:      Model:      Colour:      Style: 4B,4/9/2021 4:28:26 PM,539699.2518,4811078.997,Q2,Working,FALSE
5824,49305,19135277,6/11/2019 10:02:00 AM,2019,6,11,10,2,Tuesday,539059.2056,4811158.53,-80.517243,43.452321,Intersection,2,P.D. only,Off roadway,Intersection,Daylight,Regional,Sign Control,Unknown,FALSE,TRUE,FALSE,Clear,FALSE,Road 1: 660 BELMONT AVE W (50 km/h); Road 2: BELMONT AVE W; Distance: 1.0 M S; Vehicle #1     Make: CHRY     Model: SLT     Colour: WHI     Style: CV; Vehicle #2     Make: BICY     Model: BICY     Colour:      Style:,4/9/2021 4:26:48 PM,539059.2056,4811158.53,Q2,Working,FALSE
5825,49306,19135532,6/10/2019 3:10:00 PM,2019,6,10,15,10,Monday,541305.4613,4810839.945,-80.489505,43.449332,Intersection,2,Non-reportable,On roadway,Intersection,Daylight,Regional,Sign Control,Functioning,FALSE,FALSE,FALSE,Rain,TRUE,Road 1: HALLS LN W; Road 2: QUEEN ST S; Vehicle #1     Make: SAA     Model: 93L     Colour: GRY     Style: 4D; Vehicle #2     Make:      Model:      Colour:      Style:,4/9/2021 4:28:31 PM,541305.4613,4810839.945,Q2,Working,FALSE
5826,49307,19135641,6/10/2019 3:05:00 PM,2019,6,10,15,5,Monday,537750.5458,4808797.692,-80.53358,43.431131,Intersection,2,Non-reportable,On roadway,Intersection,Daylight,Municipal,No control,Functioning,FALSE,FALSE,FALSE,Clear,TRUE,Road 1: BANKSIDE DR; Road 2: EASTFOREST TRAIL; Vehicle #1     Make: TOYT     Model: CIE     Colour: RED     Style: VN; Vehicle #2     Make: FRHT     Model: FM2     Colour: WHI     Style: CT,4/9/2021 4:27:19 PM,537750.5458,4808797.692,Q2,Working,FALSE
5827,49308,19135726,6/11/2019 6:30:00 PM,2019,6,11,18,30,Tuesday,541323.7214,4810863.338,-80.489278,43.449542,Non intersection,2,P.D. only,On roadway,Intersection,Daylight,Regional,No control,Unknown,FALSE,FALSE,FALSE,Clear,FALSE,Road 1: 20 QUEEN ST S (50 km/h); Road 2: KING ST W (50 km/h); Vehicle #1     Make: HYUN     Model: SAN     Colour: SIL     Style: TY; Vehicle #2     Make: FORD     Model: SPE     Colour: GRY     Style: TY,3/26/2021 11:53:29 AM,541323.7214,4810863.338,Q2,Working,FALSE
5828,49309,19136346,3/27/2019 2:00:00 PM,2019,3,27,14,0,Wednesday,541307.7938,4809455.969,-80.489581,43.436871,Private Drive,2,Non-reportable,On roadway,Intersection,Daylight,Municipal,No control,Unknown,FALSE,FALSE,FALSE,Clear,TRUE,Road 1: 419 STIRLING AVE S (PARTIALLY IN DRIVEWAY); Road 2: RUSSELL ST; Distance: 30.0 M E; Vehicle #1     Make: DODG     Model: CTL     Colour: RED     Style: 4D; Vehicle #2     Make:      Model: CAR     Colour:      Style:,4/9/2021 4:29:49 PM,541307.7938,4809455.969,Q1,Working,FALSE
5829,49310,19136355,6/12/2019 12:26:00 PM,2019,6,12,12,26,Wednesday,544471.6675,4808407.088,-80.450573,43.427245,Non intersection,1,Non-fatal injury,Off roadway,SMV,Daylight,Municipal,No control,Unknown,FALSE,FALSE,FALSE,Clear,FALSE,Road 1: GREENFIELD AVE (50 km/h); Road 2: EIGTH AVE; Distance: 54.0 M N; Vehicle #1     Make: KIA     Model: SX5     Colour: BLK     Style: 4B,3/26/2021 11:53:22 AM,544471.6675,4808407.088,Q2,Working,FALSE
5830,49311,19136703,6/12/2019 6:00:00 PM,2019,6,12,18,0,Wednesday,540311.71,4809616.613,-80.501877,43.438371,Intersection,2,P.D. only,On roadway,Intersection,Daylight,Municipal,No control,Unknown,FALSE,FALSE,FALSE,Clear,TRUE,Road 1: QUEEN'S BLVD; Road 2: PATRICIA AVE; Vehicle #1     Make: CHEV     Model: CAV     Colour: RED     Style: 4D; Vehicle #2     Make: CHEV     Model: SNT     Colour: BLK     Style: 4D,4/9/2021 4:27:33 PM,540311.71,4809616.613,Q2,Working,FALSE
5831,49312,19137072,6/13/2019 8:56:00 AM,2019,6,13,8,56,Thursday,541269.2109,4809004.069,-80.490092,43.432804,Private Drive,2,P.D. only,On roadway,Other,Daylight,Other,No control,Unknown,FALSE,FALSE,FALSE,Rain,FALSE,Road 1: 150 PRIVATE DRIVE (50 km/h); Road 2: HEIMAN ST; Distance: 2.0 M E; Vehicle #1     Make: FORD     Model: COF     Colour: WHI     Style: PK; Vehicle #2     Make: TOYT     Model: YAR     Colour: BLK     Style: 4B,4/9/2021 4:29:05 PM,541269.2109,4809004.069,Q2,Weekend,FALSE
5832,49313,19137340,6/13/2019 1:45:00 PM,2019,6,13,13,45,Thursday,540683.1515,4811615.546,-80.497138,43.45635,Intersection,2,P.D. only,On roadway,Intersection,Daylight,Municipal,No control,Functioning,FALSE,FALSE,FALSE,Rain,TRUE,Road 1: WELLINGTON ST N; Road 2: DUKE ST W; Vehicle #1     Make: KIA     Model: SOU     Colour: SIL     Style: TY; Vehicle #2     Make: HYUN     Model: EGM     Colour: BLK     Style: 4D,4/9/2021 4:28:43 PM,540683.1515,4811615.546,Q2,Weekend,FALSE
5833,49314,19137391,6/13/2019 4:35:00 PM,2019,6,13,16,35,Thursday,545395.1161,4808294.825,-80.439174,43.426179,Non intersection,2,P.D. only,On roadway,Intersection,Daylight,Municipal,No control,Unknown,FALSE,FALSE,FALSE,Clear,TRUE,Road 1: KINGSWAY DR; Road 2: CEDARWOODS CRES; Vehicle #1     Make: CHEV     Model: IP     Colour: GRY     Style: 4D; Vehicle #2     Make: CHEV     Model: TRX     Colour: WHI     Style: TY,4/9/2021 4:26:30 PM,545395.1161,4808294.825,Q2,Weekend,FALSE
5834,49315,19137538,6/13/2019 6:11:00 PM,2019,6,13,18,11,Thursday,542097.0981,4804325.642,-80.480223,43.390633,Intersection,2,P.D. only,On roadway,Intersection,Daylight,Municipal,Sign Control,Functioning,FALSE,TRUE,FALSE,Clear,FALSE,Road 1: BIANCA CRT (50 km/h); Road 2: SORRENTO ST (50 km/h); Vehicle #1     Make: PETE     Model:      Colour:      Style: ; Vehicle #2     Make: DODG     Model: JOU     Colour: BLU     Style: TY,4/9/2021 4:28:08 PM,542097.0981,4804325.642,Q2,Weekend,FALSE
5835,49316,19137588,6/13/2019 7:15:00 PM,2019,6,13,19,15,Thursday,543535.8079,4804936.961,-80.462412,43.396055,Private Drive,2,P.D. only,On roadway,Intersection,Daylight,Municipal,No control,Unknown,FALSE,FALSE,FALSE,Clear,FALSE,Road 1: 1606 HURON RD (50 km/h); Road 2: HURON RD; Distance: 1.0 M W; Vehicle #1     Make: HOND     Model: CIVI     Colour:      Style: ; Vehicle #2     Make: MAZD     Model: X3T     Colour: WHI     Style: 4W,4/9/2021 4:29:07 PM,543535.8079,4804936.961,Q2,Weekend,FALSE
5836,49317,19138017,6/14/2019 9:14:00 AM,2019,6,14,9,14,Friday,542447.4908,4807282.309,-80.475668,43.417235,Intersection,2,P.D. only,On roadway,Intersection,Daylight,Municipal,Sign Control,Functioning,FALSE,FALSE,FALSE,Clear,FALSE,Road 1: BLOCK LINE RD (50 km/h); Road 2: COUNTRY HILL DR (50 km/h); Vehicle #1     Make: CHEV     Model: ML     Colour: GRY     Style: 4D; Vehicle #2     Make: CHEV     Model: ETV     Colour: YEL     Style: BU,4/9/2021 4:26:48 PM,542447.4908,4807282.309,Q2,Weekend,FALSE
5837,49318,19138255,6/14/2019 1:40:00 PM,2019,6,14,13,40,Friday,545145.0962,4807565.479,-80.442323,43.419627,Private Drive,2,P.D. only,On roadway,Rear end,Daylight,Regional,No control,Unknown,FALSE,FALSE,FALSE,Clear,FALSE,Road 1: 385 WILSON AVE (50 km/h); Road 2: FAIRWAY RD S; Distance: 1.0 M E; Vehicle #1     Make: VOLK     Model: GLF     Colour: BLK     Style: 4D; Vehicle #2     Make: AUDI     Model: AQ5     Colour: GRY     Style: TY,4/9/2021 4:29:01 PM,545145.0962,4807565.479,Q2,Weekend,FALSE
5838,49319,19138987,6/15/2019 10:45:00 AM,2019,6,15,10,45,Saturday,545777.4605,4808631.26,-80.434423,43.429185,Non intersection,2,Non-reportable,On roadway,Rear end,Daylight,Regional,No control,Unknown,FALSE,FALSE,FALSE,Clear,TRUE,Road 1: KING ST E; Road 2: MORGAN AVE; Vehicle #1     Make: KIA     Model: SPO     Colour: WHI     Style: TY; Vehicle #2     Make:      Model:      Colour:      Style:,8/16/2022 3:01:03 PM,545777.4605,4808631.26,Q2,Weekend,FALSE
5839,49320,19139051,6/6/2019 3:00:00 PM,2019,6,6,15,0,Thursday,539243.4052,4805981.328,-80.515338,43.405696,Private Drive,2,Non-reportable,Off roadway,SMV,Daylight,Other,No control,Unknown,FALSE,FALSE,FALSE,Clear,TRUE,Road 1: 242 ACTIVA AVE; Road 2: PARKED; Vehicle #1     Make:      Model:      Colour:      Style: ; Vehicle #2     Make: NISS     Model: FRT     Colour: SIL     Style: PK,4/9/2021 4:29:31 PM,539243.4052,4805981.328,Q2,Weekend,FALSE
5840,49321,19139065,4/9/2019 5:45:00 PM,2019,4,9,17,45,Tuesday,543463.6241,4804694.717,-80.463322,43.393878,Intersection,2,Non-reportable,On roadway,Rear end,Daylight,Municipal,Sign Control,Functioning,FALSE,FALSE,FALSE,Clear,TRUE,Road 1: OLD HURON RD; Road 2: TEMPLEWOOD DR; Distance: 0.0 M N; Vehicle #1     Make: FORD     Model: COF     Colour: RED     Style: CW; Vehicle #2     Make:      Model:      Colour:      Style:,4/9/2021 4:28:38 PM,543463.6241,4804694.717,Q2,Working,FALSE
5841,49322,19139174,6/10/2019 4:30:00 PM,2019,6,10,16,30,Monday,541616.2083,4814145.118,-80.485412,43.479075,Private Drive,2,P.D. only,On roadway,SMV,Daylight,Other,No control,Unknown,FALSE,FALSE,FALSE,Rain,TRUE,Road 1: 10 GENERAL DR; Vehicle #1     Make: NISS     Model: ASL     Colour: BLK     Style: 4D; Vehicle #2     Make: AUDI     Model: GF8     Colour: SIL     Style: 4W,4/9/2021 4:29:56 PM,541616.2083,4814145.118,Q2,Working,FALSE
5842,49323,19139184,5/19/2019 12:00:00 PM,2019,5,19,12,0,Sunday,544779.229,4807884.566,-80.446817,43.422522,Non intersection,2,Non-reportable,On roadway,Other,Daylight,Municipal,No control,Unknown,FALSE,FALSE,FALSE,Clear,TRUE,Road 1: 21 BALFOUR CRESCENT; Vehicle #1     Make: HYUN     Model: ESM     Colour: WHI     Style: 4D; Vehicle #2     Make: TOYT     Model: CEC     Colour: BLU     Style: 4B,4/9/2021 4:25:44 PM,544779.229,4807884.566,Q2,Weekend,FALSE
5843,49324,19139720,6/16/2019 6:22:00 AM,2019,6,16,6,22,Sunday,537213.4791,4809546.243,-80.540165,43.437898,Non intersection,2,P.D. only,On roadway,SMV,Daylight,Municipal,No control,Unknown,FALSE,FALSE,FALSE,Clear,FALSE,Road 1: 206 LENNOX CRES (50 km/h); Road 2: LENNOX CRES; Distance: 45.0 M S; Vehicle #1     Make: HYUN     Model: VTO     Colour: BLK     Style: 4D,4/9/2021 4:25:33 PM,537213.4791,4809546.243,Q2,Weekend,FALSE
5844,49325,19139858,6/2/2019 1:30:00 AM,2019,6,2,1,30,Sunday,536179.2963,4809631.922,-80.552938,43.43872,Private Drive,2,P.D. only,On roadway,SMV,Dark,Municipal,No control,Unknown,FALSE,FALSE,FALSE,Clear,TRUE,Road 1: 1100 COUNTRYSTONE DR; Vehicle #1     Make:      Model:      Colour:      Style: ; Vehicle #2     Make: BMW     Model: BX5     Colour: BGE     Style: 4W,4/9/2021 4:29:58 PM,536179.2963,4809631.922,Q2,Weekend,FALSE
5845,49326,19139993,6/16/2019 2:38:00 PM,2019,6,16,14,38,Sunday,541182.101,4809393.796,-80.491139,43.436318,Intersection,2,P.D. only,On roadway,Rear end,Daylight,Regional,Signal Control,Functioning,FALSE,FALSE,FALSE,Clear,TRUE,Road 1: STIRLING AVE S; Road 2: HIGHLAND RD KITCHENER; Vehicle #1     Make: BMW     Model: 28I     Colour: SIL     Style: 4D; Vehicle #2     Make: VOLK     Model: PTL     Colour: MLT     Style: 4D; Vehicle #3     Make: HYUN     Model: SFT     Colour: GRY ,4/9/2021 4:27:24 PM,541182.101,4809393.796,Q2,Weekend,FALSE
5846,49327,19140450,6/17/2019 6:00:00 AM,2019,6,17,6,0,Monday,536393.7306,4806655.663,-80.550487,43.411911,Private Drive,2,Non-reportable,On roadway,SMV,Daylight,Other,No control,Unknown,FALSE,FALSE,FALSE,Clear,TRUE,Road 1: 242 YELLOW BIRCH DR; Vehicle #1     Make:      Model:      Colour:      Style: ; Vehicle #2     Make: MITS     Model: LES     Colour: WHI     Style: 4D,4/9/2021 4:29:31 PM,536393.7306,4806655.663,Q2,Working,FALSE
5847,49328,19141626,6/18/2019 1:04:00 PM,2019,6,18,13,4,Tuesday,545851.2653,4809756.666,-80.433416,43.439314,Intersection,2,P.D. only,On roadway,Rear end,Daylight,Municipal,Signal Control,Unknown,FALSE,FALSE,FALSE,Clear,FALSE,Road 1: RIVER RD E (60 km/h); Road 2: OLD CHICOPEE DR (50 km/h); Vehicle #1     Make: FORD     Model: FSE     Colour: GRY     Style: 4B; Vehicle #2     Make: NISS     Model: VNS     Colour: WHI     Style: 4B,4/9/2021 4:26:58 PM,545851.2653,4809756.666,Q2,Working,FALSE
5848,49329,19141690,6/18/2019 3:00:00 PM,2019,6,18,15,0,Tuesday,538078.2552,4807919.727,-80.529593,43.423209,Private Drive,2,P.D. only,On roadway,Other,Daylight,Municipal,No control,Unknown,FALSE,FALSE,FALSE,Clear,TRUE,Road 1: 208 WESTHEIGHTS DR; Vehicle #1     Make: JEEP     Model: CMP     Colour: SIL     Style: TY; Vehicle #2     Make: TOYT     Model: MTL     Colour: GRY     Style: 4D,4/9/2021 4:30:03 PM,538078.2552,4807919.727,Q2,Working,FALSE
5849,49330,19141797,6/18/2019 5:18:00 PM,2019,6,18,17,18,Tuesday,546456.888,4810999.713,-80.425827,43.450469,Private Drive,1,Non-fatal injury,Off roadway,SMV,Daylight,Municipal,No control,Unknown,TRUE,FALSE,FALSE,Clear,FALSE,Road 1: 114 WENDY CRT (50 km/h); Road 2: WENDY CRT; Distance: 1.0 M S; Vehicle #1     Make: KIA     Model: SOU     Colour: ONG     Style: TY,4/9/2021 4:28:58 PM,546456.888,4810999.713,Q2,Working,FALSE
5850,49331,19142615,6/19/2019 3:30:00 PM,2019,6,19,15,30,Wednesday,539785.2207,4809134.224,-80.508417,43.434056,Intersection,2,P.D. only,On roadway,Intersection,Daylight,Municipal,Sign Control,Functioning,FALSE,FALSE,FALSE,Clear,TRUE,Road 1: QUEEN'S BLVD; Road 2: HAHN PL; Vehicle #1     Make: NISS     Model: NV2     Colour: WHI     Style: FV; Vehicle #2     Make: TOYO     Model: RAV     Colour: GRY     Style: 4W,4/9/2021 4:27:35 PM,539785.2207,4809134.224,Q2,Working,FALSE
5851,49332,19142628,6/19/2019 4:00:00 PM,2019,6,19,16,0,Wednesday,539773.0025,4810789.603,-80.508448,43.448962,Non intersection,2,P.D. only,On roadway,Rear end,Daylight,Municipal,No control,Unknown,FALSE,FALSE,FALSE,Clear,TRUE,Road 1: STRANGE ST; Road 2: WAVERLY RD; Distance: 60.0 M N; Vehicle #1     Make: TOYT     Model: UCS     Colour: BGE     Style: 4D; Vehicle #2     Make: HOND     Model: UCL     Colour: RED     Style: 4D,4/9/2021 4:26:44 PM,539773.0025,4810789.603,Q2,Working,FALSE
5852,49333,19143108,6/20/2019 5:38:00 AM,2019,6,20,5,38,Thursday,543718.579,4812033.351,-80.459587,43.459941,Non intersection,2,P.D. only,Off roadway,SMV,Dawn,Municipal,No control,Unknown,FALSE,FALSE,FALSE,Rain,FALSE,Road 1: 205 RIVER RD E (50 km/h); Road 2: RIVER RD E; Distance: 1.0 M E; Vehicle #1     Make: BUIC     Model: ACX     Colour: WHI     Style: 4D; Vehicle #2     Make: TOYT     Model: CXL     Colour: GRY     Style: 4D; Vehicle #3     Make: RAM     Model: RT,4/9/2021 4:25:34 PM,543718.579,4812033.351,Q2,Weekend,FALSE
5853,49334,19143198,6/20/2019 8:45:00 AM,2019,6,20,8,45,Thursday,538111.5259,4810638.698,-80.528992,43.44769,Non intersection,2,P.D. only,On roadway,Rear end,Daylight,Municipal,No control,Unknown,FALSE,FALSE,FALSE,Clear,TRUE,Road 1: GLASGOW ST; Road 2: INWOOD DR; Distance: 30.0 M W; Vehicle #1     Make: MAZD     Model: M6I     Colour: WHI     Style: 4D; Vehicle #2     Make: FORD     Model: EDG     Colour: BLK     Style: TY,4/9/2021 4:26:39 PM,538111.5259,4810638.698,Q2,Weekend,FALSE
5854,49335,19143343,6/20/2019 10:00:00 AM,2019,6,20,10,0,Thursday,545894.9759,4809361.975,-80.43291,43.435757,Private Drive,2,Non-reportable,On roadway,SMV,Daylight,Other,No control,Unknown,FALSE,FALSE,FALSE,Clear,TRUE,Road 1: 95 THALER AVE; Vehicle #1     Make:      Model:      Colour:      Style: ; Vehicle #2     Make: TOYT     Model: RG4     Colour: BLK     Style: TY,4/9/2021 4:29:34 PM,545894.9759,4809361.975,Q2,Weekend,FALSE
5855,49336,19143363,6/20/2019 12:14:00 PM,2019,6,20,12,14,Thursday,542111.3807,4812323.9,-80.47943,43.462649,Intersection,2,P.D. only,On roadway,Intersection,Daylight,Regional,Sign Control,Functioning,FALSE,FALSE,FALSE,Clear,FALSE,Road 1: WELLINGTON ST N (50 km/h); Road 2: SPRING VALLEY DR (50 km/h); Distance: 1.0 M N; Vehicle #1     Make: TOYT     Model: HIG     Colour: GRY     Style: TY; Vehicle #2     Make: TOYT     Model: CHL     Colour: WHI     Style: 4D,4/9/2021 4:27:14 PM,542111.3807,4812323.9,Q2,Weekend,FALSE
5856,49337,19144048,6/21/2019 8:10:00 AM,2019,6,21,8,10,Friday,542010.8303,4810483.615,-80.480815,43.446085,Intersection,2,P.D. only,On roadway,Intersection,Daylight,Regional,No control,Functioning,FALSE,FALSE,FALSE,Clear,FALSE,Road 1: CAMERON ST S (50 km/h); Road 2: KING ST E (50 km/h); Vehicle #1     Make: LEXS     Model: E35     Colour: BRN     Style: 4D; Vehicle #2     Make: LINC     Model: MSA     Colour: BLK     Style: 4D,4/27/2022 10:42:00 AM,542010.8303,4810483.615,Q2,Weekend,FALSE
5857,49338,19144481,6/21/2019 4:32:00 PM,2019,6,21,16,32,Friday,539404.121,4810382.698,-80.513036,43.445318,Intersection,2,P.D. only,Off roadway,SMV,Daylight,Municipal,Sign Control,Unknown,FALSE,FALSE,FALSE,Clear,FALSE,Road 1: BELMONT AVE W (50 km/h); Road 2: KARN ST (50 km/h); Vehicle #1     Make:      Model: -     Colour:      Style:,4/9/2021 4:28:10 PM,539404.121,4810382.698,Q2,Weekend,FALSE
5858,49339,19144495,6/21/2019 4:45:00 PM,2019,6,21,16,45,Friday,540943.6571,4810189.366,-80.494025,43.443494,Non intersection,2,P.D. only,On roadway,Intersection,Daylight,Municipal,No control,Unknown,FALSE,TRUE,FALSE,Clear,TRUE,Road 1: MILL ST; Road 2: QUEEN ST S; Vehicle #1     Make:      Model:      Colour:      Style: ; Vehicle #2     Make: MAZD     Model: 3TR     Colour: WHI     Style: 4D,4/9/2021 4:26:34 PM,540943.6571,4810189.366,Q2,Weekend,FALSE
5859,49340,19144531,6/21/2019 5:30:00 PM,2019,6,21,17,30,Friday,541946.4189,4810961.441,-80.481574,43.450391,Intersection,2,P.D. only,On roadway,SMV,Daylight,Municipal,Sign Control,Functioning,FALSE,FALSE,FALSE,Clear,TRUE,Road 1: LANCASTER ST E; Road 2: IRVIN ST; Vehicle #1     Make: TOYT     Model: CH4     Colour: WHI     Style: 4D,4/9/2021 4:28:46 PM,541946.4189,4810961.441,Q2,Weekend,FALSE
5860,49341,19144687,6/14/2019 8:25:00 PM,2019,6,14,20,25,Friday,545275.0145,4806434.386,-80.440812,43.409435,Intersection,2,P.D. only,On roadway,Intersection,Daylight,Municipal,Sign Control,Functioning,FALSE,FALSE,FALSE,Clear,FALSE,Road 1: WILSON AVE (50 km/h); Road 2: WABANAKI DR (50 km/h); Vehicle #1     Make: VOLK     Model: JTC     Colour: SIL     Style: 4D; Vehicle #2     Make: NISS     Model: SML     Colour: BLK     Style: 4D,4/9/2021 4:28:16 PM,545275.0145,4806434.386,Q2,Weekend,FALSE
5861,49342,19144992,6/22/2019 5:01:00 AM,2019,6,22,5,1,Saturday,538063.0842,4808311.261,-80.529753,43.426736,Intersection,2,P.D. only,Off roadway,SMV,Dawn,Municipal,Sign Control,Functioning,FALSE,FALSE,FALSE,Clear,FALSE,Road 1: WESTHEIGHTS DR (50 km/h); Road 2: QUEENS BLVD (50 km/h); Vehicle #1     Make: HYUN     Model: ION     Colour: GRY     Style: 4B,4/9/2021 4:28:12 PM,538063.0842,4808311.261,Q2,Weekend,FALSE
5862,49343,19145249,6/22/2019 12:00:00 PM,2019,6,22,12,0,Saturday,546190.3145,4809716.822,-80.42923,43.438934,Private Drive,2,P.D. only,Off roadway,Other,Daylight,Other,No control,Unknown,FALSE,FALSE,FALSE,Clear,TRUE,Road 1: 504 VERONICA DR; Road 2: NEAR HOUSE; Vehicle #1     Make: MAZD     Model: 3TR     Colour: GRY     Style: 4D; Vehicle #2     Make: CHRY     Model: 3TR     Colour: SIL     Style: 4D,4/9/2021 4:30:04 PM,546190.3145,4809716.822,Q2,Weekend,FALSE
5863,49344,19145333,6/22/2019 2:00:00 PM,2019,6,22,14,0,Saturday,547144.8967,4809726.715,-80.417434,43.438964,Private Drive,2,P.D. only,On roadway,SMV,Daylight,Municipal,No control,Unknown,FALSE,FALSE,FALSE,Clear,TRUE,Road 1: 292 BEAUMONT CRESCENT; Vehicle #1     Make: HYUN     Model: SAN     Colour: GRY     Style: TY; Vehicle #2     Make: MAZD     Model: 3GT     Colour: RED     Style: 4D; Vehicle #3     Make:      Model:      Colour:      Style:,4/9/2021 4:30:05 PM,547144.8967,4809726.715,Q2,Weekend,FALSE
5864,49345,19145585,6/22/2019 8:25:00 PM,2019,6,22,20,25,Saturday,544805.9331,4805155.548,-80.44671,43.397949,Intersection,2,P.D. only,On roadway,Intersection,Daylight,Other,Sign Control,Functioning,FALSE,FALSE,FALSE,Clear,FALSE,Road 1: DOON VILLAGE RD (50 km/h); Road 2: MILLWOOD CRES (50 km/h); Vehicle #1     Make: HYUN     Model: ESM     Colour: BLK     Style: 4D; Vehicle #2     Make: HOND     Model: UAX     Colour: GRY     Style: 4D,4/9/2021 4:27:47 PM,544805.9331,4805155.548,Q2,Weekend,FALSE
5865,49346,19146017,6/23/2019 9:30:00 AM,2019,6,23,9,30,Sunday,539869.84,4810633.98,-80.507262,43.447556,Intersection,2,P.D. only,On roadway,Intersection,Daylight,Municipal,Sign Control,Improper,FALSE,FALSE,FALSE,Clear,TRUE,Road 1: CHERRY ST; Road 2: STRANGE ST; Vehicle #1     Make: FORD     Model: EDG     Colour: GRN     Style: TY; Vehicle #2     Make: DODG     Model: CXT     Colour: WHI     Style: 4D,4/9/2021 4:28:36 PM,539869.84,4810633.98,Q2,Weekend,FALSE