,OBJECTID,ACCIDENTNUM,ACCIDENTDATE,ACCIDENT_YEAR,ACCIDENT_MONTH,ACCIDENT_DAY,ACCIDENT_HOUR,ACCIDENT_MINUTE,Accident_Day,XCOORD,YCOORD,LONGITUDE,LATITUDE,Accident_Location,COLLISIONTYPE,Accident_Type,Impact_Location,Impact_Type,Light,Road_Jurisdication,Traffic_Control,Traffic_Control_Condition,Pedestrian_Involved,Cyclist_Involved,Motorcyclist_Involved,Environment_Condition,Self_Reported,XMLIMPORTNOTES,LASTEDITEDDATE,x,y,Quarter,Day_Type,Vulnerable_Involved
5866,49347,19146027,6/23/2019 9:30:00 AM,2019,6,23,9,30,Sunday,542416.8039,4806565.517,-80.476102,43.410783,Non intersection,2,P.D. only,On roadway,Rear end,Daylight,Municipal,No control,Unknown,FALSE,FALSE,FALSE,Clear,TRUE,Road 1: STRASBURG RD; Road 2: OLD COUNTRY DR; Vehicle #1     Make: NISS     Model: CXT     Colour: RED     Style: TY; Vehicle #2     Make: TOYT     Model: TAC     Colour: RED     Style: PK,4/9/2021 4:26:36 PM,542416.8039,4806565.517,Q2,Weekend,FALSE
5867,49348,19146191,6/22/2019 5:30:00 PM,2019,6,22,17,30,Saturday,541050.2607,4810730.523,-80.492667,43.448361,Non intersection,2,P.D. only,On roadway,Other,Daylight,Municipal,No control,Unknown,FALSE,FALSE,FALSE,Clear,TRUE,Road 1: DAVID ST; Road 2: JOSEPH ST; Vehicle #1     Make: TOYT     Model: RG4     Colour: GRY     Style: TY; Vehicle #2     Make: NISS     Model: VNR     Colour: RED     Style: 4B,4/9/2021 4:26:36 PM,541050.2607,4810730.523,Q2,Weekend,FALSE
5868,49349,19146229,6/22/2019 8:15:00 PM,2019,6,22,20,15,Saturday,540998.9189,4810870.934,-80.493291,43.449628,Private Drive,2,P.D. only,Off roadway,SMV,Daylight,Municipal,No control,Unknown,FALSE,FALSE,FALSE,Clear,TRUE,Road 1: GAUKEL ST; Road 2: CHARLES ST W; Vehicle #1     Make:      Model:      Colour:      Style: ; Vehicle #2     Make: TOYT     Model: ECH     Colour: GRN     Style: 4D,4/9/2021 4:30:05 PM,540998.9189,4810870.934,Q2,Weekend,FALSE
5869,49350,19146322,6/23/2019 4:00:00 PM,2019,6,23,16,0,Sunday,546076.5189,4805069.303,-80.431028,43.397095,Non intersection,2,P.D. only,On roadway,Intersection,Daylight,Municipal,No control,Unknown,FALSE,FALSE,FALSE,Clear,TRUE,Road 1: 54 GREEN VALLEY DR; Vehicle #1     Make: TOYT     Model: CBS     Colour: GRY     Style: 4D; Vehicle #2     Make: RAM     Model: RTR     Colour: RED     Style: CW,4/9/2021 4:26:03 PM,546076.5189,4805069.303,Q2,Weekend,FALSE
5870,49351,19147119,6/24/2019 3:01:00 PM,2019,6,24,15,1,Monday,540425.3985,4809599.673,-80.500473,43.438213,Non intersection,2,P.D. only,On roadway,Intersection,Daylight,Municipal,No control,Unknown,FALSE,FALSE,FALSE,Clear,FALSE,Road 1: 911 QUEENS BLVD (50 km/h); Road 2: QUEENS BLVD; Distance: 5.0 M E; Vehicle #1     Make: NISS     Model: SBL     Colour: GRY     Style: 4D; Vehicle #2     Make: FORD     Model: FEE     Colour: BLK     Style: 4B,3/26/2021 11:53:12 AM,540425.3985,4809599.673,Q2,Working,FALSE
5871,49352,19147284,6/24/2019 7:00:00 PM,2019,6,24,19,0,Monday,547721.0766,4808879.597,-80.410389,43.4313,Non intersection,2,P.D. only,On roadway,Intersection,Daylight,Municipal,No control,Unknown,FALSE,FALSE,FALSE,Clear,TRUE,Road 1: 287 GRAND RIVER BLVD; Vehicle #1     Make: HOND     Model: PRE     Colour: BLK     Style: 2D; Vehicle #2     Make: GMC     Model: TER     Colour: BLU     Style: TY,4/9/2021 4:26:04 PM,547721.0766,4808879.597,Q2,Working,FALSE
5872,49353,19147305,6/24/2019 11:00:00 AM,2019,6,24,11,0,Monday,541624.8526,4810726.491,-80.485566,43.448293,Non intersection,2,Non-reportable,On roadway,SMV,Daylight,Municipal,No control,Unknown,FALSE,FALSE,FALSE,Clear,TRUE,Road 1: 210 KING ST E (STREET PARKING); Vehicle #1     Make:      Model:      Colour:      Style: ; Vehicle #2     Make: HOND     Model: UDY     Colour: RED     Style: VN,4/27/2022 10:40:13 AM,541624.8526,4810726.491,Q2,Working,FALSE
5873,49354,19147422,6/24/2019 10:16:00 PM,2019,6,24,22,16,Monday,542109.707,4807131.169,-80.479852,43.415893,Intersection,2,P.D. only,On roadway,Intersection,Dark,Regional,Signal Control,Functioning,FALSE,FALSE,FALSE,Rain,FALSE,Road 1: STRASBURG RD (50 km/h); Road 2: BLOCK LINE RD (50 km/h); Vehicle #1     Make: NISS     Model: MUR     Colour: GRY     Style: TY; Vehicle #2     Make: MAZD     Model: M3I     Colour: GRY     Style: 4D,4/9/2021 4:26:49 PM,542109.7069,4807131.169,Q2,Working,FALSE
5874,49355,19147585,6/25/2019 6:30:00 AM,2019,6,25,6,30,Tuesday,538256.3856,4806539.234,-80.527489,43.41077,Non intersection,2,P.D. only,On roadway,SMV,Daylight,Municipal,No control,Unknown,FALSE,FALSE,FALSE,Clear,TRUE,Road 1: FOXGLOVE CRESCENT; Road 2: EVERGLADE CRESCENT; Vehicle #1     Make: NISS     Model: SSR     Colour: BLK     Style: 4D; Vehicle #2     Make: NISS     Model: A2S     Colour: BLK     Style: 4D,4/9/2021 4:26:07 PM,538256.3856,4806539.234,Q2,Working,FALSE
5875,49356,19148003,6/25/2019 12:00:00 PM,2019,6,25,12,0,Tuesday,541573.6047,4806511.123,-80.486521,43.41034,Non intersection,2,Non-reportable,On roadway,SMV,Daylight,Municipal,No control,Unknown,FALSE,FALSE,TRUE,Clear,TRUE,Road 1: FAIRBANK CRES KITCHNER (IFO 23); Vehicle #1     Make:      Model:      Colour:      Style: ; Vehicle #2     Make: HYUN     Model: ESM     Colour: WHI     Style: 4D,4/9/2021 4:25:58 PM,541573.6047,4806511.123,Q2,Working,TRUE
5876,49357,19148159,6/25/2019 6:40:00 PM,2019,6,25,18,40,Tuesday,546746.0961,4811085.624,-80.422246,43.451224,Private Drive,2,Non-reportable,Off roadway,SMV,Daylight,Municipal,No control,Unknown,FALSE,FALSE,FALSE,Clear,TRUE,Road 1: 45 ZELLER DR; Vehicle #1     Make:      Model:      Colour:      Style: ; Vehicle #2     Make: FORD     Model: COF     Colour: RED     Style: CW,4/9/2021 4:29:53 PM,546746.0961,4811085.624,Q2,Working,FALSE
5877,49358,19148659,6/26/2019 10:50:00 AM,2019,6,26,10,50,Wednesday,545050.472,4810838.48,-80.443222,43.449103,Intersection,2,P.D. only,On roadway,Intersection,Daylight,Regional,Signal Control,Functioning,FALSE,FALSE,FALSE,Clear,TRUE,Road 1: RIVER RD E; Road 2: HOLBORN DR; Vehicle #1     Make: TOYT     Model: TIM     Colour: WHI     Style: 4B; Vehicle #2     Make: SUBA     Model: 25B     Colour: BLU     Style: 4W,4/9/2021 4:28:38 PM,545050.472,4810838.48,Q2,Working,FALSE
5878,49359,19148696,6/25/2019 2:30:00 PM,2019,6,25,14,30,Tuesday,539878.4702,4809717.982,-80.507223,43.439307,Non intersection,2,P.D. only,On roadway,Rear end,Daylight,Regional,No control,Unknown,FALSE,FALSE,FALSE,Clear,TRUE,Road 1: BELMONT AVE W; Road 2: HIGHLAND RD W; Vehicle #1     Make: DODG     Model: CAR     Colour: BLU     Style: VN; Vehicle #2     Make: HOND     Model: CVT     Colour: WHI     Style: 4D,4/9/2021 4:26:06 PM,539878.4702,4809717.982,Q2,Working,FALSE
5879,49360,19148806,6/26/2019 1:35:00 PM,2019,6,26,13,35,Wednesday,544806.7874,4805155.91,-80.4467,43.397952,Intersection,2,P.D. only,On roadway,Intersection,Daylight,Other,Sign Control,Functioning,FALSE,FALSE,FALSE,Clear,FALSE,Road 1: DOON VILLAGE RD (50 km/h); Road 2: MILLWOOD CRESCENT (50 km/h); Distance: 1.0 M N; Vehicle #1     Make: TOYT     Model: UCS     Colour: GRN     Style: 4D; Vehicle #2     Make: MAZD     Model: CX9     Colour: WHI     Style: TY,4/9/2021 4:28:11 PM,544806.7874,4805155.91,Q2,Working,FALSE
5880,49361,19148824,6/26/2019 1:52:00 PM,2019,6,26,13,52,Wednesday,541154.5591,4810714.787,-80.491379,43.448214,Private Drive,2,P.D. only,Off roadway,Intersection,Daylight,Municipal,No control,Unknown,FALSE,TRUE,FALSE,Clear,FALSE,Road 1: 150 JOSEPH ST (50 km/h); Road 2: QUEEN ST S; Distance: 2.0 M S; Vehicle #1     Make: BICY     Model: BICY     Colour:      Style: BI; Vehicle #2     Make: FORD     Model: EDG     Colour: GRY     Style: TY,4/9/2021 4:28:53 PM,541154.5591,4810714.787,Q2,Working,FALSE
5881,49362,19148825,6/25/2019 10:00:00 PM,2019,6,25,22,0,Tuesday,539528.253,4805593.212,-80.511849,43.402186,Non intersection,2,Non-reportable,Off roadway,SMV,Dark,Municipal,No control,Unknown,FALSE,FALSE,FALSE,Clear,TRUE,Road 1: ACTIVA AVE (IFO 709); Vehicle #1     Make:      Model:      Colour:      Style: ; Vehicle #2     Make: HYUN     Model: SAN     Colour: GRY     Style: TY,3/26/2021 11:53:07 AM,539528.253,4805593.212,Q2,Working,FALSE
5882,49363,19148938,6/26/2019 4:17:00 PM,2019,6,26,16,17,Wednesday,538293.2644,4809842.405,-80.526802,43.44051,Intersection,2,P.D. only,Off roadway,SMV,Daylight,Municipal,No control,Functioning,FALSE,FALSE,FALSE,Clear,FALSE,Road 1: 100 CHOPIN DR (50 km/h); Road 2: HAZELGLEN DR (50 km/h); Distance: 17.0 M; Vehicle #1     Make: FORD     Model: FEE     Colour: GRN     Style: 4B,4/9/2021 4:26:53 PM,538293.2644,4809842.405,Q2,Working,FALSE
5883,49364,19148960,6/26/2019 4:40:00 PM,2019,6,26,16,40,Wednesday,541466.8473,4809536.596,-80.487609,43.437588,Intersection,2,P.D. only,On roadway,Intersection,Daylight,Municipal,Signal Control,Functioning,FALSE,FALSE,FALSE,Clear,TRUE,Road 1: MILL ST; Road 2: STIRLING AVE S; Vehicle #1     Make: TOYT     Model: MTL     Colour: BLU     Style: 4D; Vehicle #2     Make: TOYT     Model: CTR     Colour: GRY     Style: 4B,4/9/2021 4:28:32 PM,541466.8473,4809536.596,Q2,Working,FALSE
5884,49365,19148971,6/25/2019 2:35:00 PM,2019,6,25,14,35,Tuesday,540558.6006,4810084.056,-80.498791,43.442567,Non intersection,2,P.D. only,Off roadway,SMV,Daylight,Municipal,No control,Unknown,FALSE,FALSE,FALSE,Clear,TRUE,Road 1: 39 HOMEWOOD AVE; Vehicle #1     Make:      Model:      Colour:      Style: ; Vehicle #2     Make: HOND     Model: UCL     Colour: GRY     Style: 4D,4/9/2021 4:26:06 PM,540558.6006,4810084.057,Q2,Working,FALSE
5885,49366,19149011,6/26/2019 5:30:00 PM,2019,6,26,17,30,Wednesday,545548.0912,4804673.427,-80.437586,43.393563,Intersection,2,P.D. only,On roadway,Intersection,Daylight,Other,Sign Control,Functioning,FALSE,FALSE,FALSE,Clear,TRUE,Road 1: PIONEER DR; Road 2: BECHTEL DR; Vehicle #1     Make: HOND     Model: CXG     Colour: BLU     Style: 4D; Vehicle #2     Make: NISS     Model: XTR     Colour: BGE     Style: TY,4/9/2021 4:27:36 PM,545548.0912,4804673.427,Q2,Working,FALSE
5886,49367,19149096,6/26/2019 7:53:00 PM,2019,6,26,19,53,Wednesday,538591.2392,4808649.593,-80.523204,43.429755,Private Drive,2,P.D. only,On roadway,Intersection,Daylight,Municipal,No control,Unknown,FALSE,FALSE,FALSE,Clear,FALSE,Road 1: 70 OVERLEA CRES (50 km/h); Road 2: OVERLEA CRES; Distance: 1.0 M N; Vehicle #1     Make: HOND     Model: UDY     Colour: WHI     Style: TY; Vehicle #2     Make: FORD     Model: SPE     Colour: WHI     Style: TY,4/9/2021 4:29:16 PM,538591.2392,4808649.593,Q2,Working,FALSE
5887,49368,19149145,6/26/2019 11:30:00 AM,2019,6,26,11,30,Wednesday,545109.932,4812043.005,-80.442388,43.459945,Private Drive,2,P.D. only,On roadway,SMV,Daylight,Municipal,No control,Unknown,FALSE,FALSE,FALSE,Clear,TRUE,Road 1: 165 LORRAINE AVE; Vehicle #1     Make: INTL     Model: 70S     Colour: GRY     Style: DP; Vehicle #2     Make: NISS     Model: ASL     Colour: BRN     Style: 4D,4/9/2021 4:29:40 PM,545109.932,4812043.005,Q2,Working,FALSE
5888,49369,19149162,6/25/2019 6:40:00 PM,2019,6,25,18,40,Tuesday,541430.1666,4808605.587,-80.488133,43.429207,Non intersection,2,Non-reportable,On roadway,Rear end,Daylight,Regional,No control,Unknown,FALSE,FALSE,FALSE,Clear,TRUE,Road 1: HOMER WATSON BLVD; Road 2: HOFFMAN ST; Vehicle #1     Make: MAZD     Model: M3I     Colour: GRY     Style: 4D; Vehicle #2     Make: VOLK     Model: JBS     Colour: SIL     Style: 4D,4/9/2021 4:26:26 PM,541430.1666,4808605.587,Q2,Working,FALSE
5889,49370,19149610,6/27/2019 12:00:00 PM,2019,6,27,12,0,Thursday,541141.777,4806766.196,-80.491835,43.412661,Intersection,2,P.D. only,On roadway,Intersection,Daylight,Regional,No control,Functioning,FALSE,FALSE,FALSE,Clear,TRUE,Road 1: BLOCK LINE RD; Road 2: LAURENTIAN DR; Vehicle #1     Make: GMC     Model: SIE     Colour: BLU     Style: PK; Vehicle #2     Make: TOYT     Model: UCS     Colour: GRN     Style: 4D,4/9/2021 4:28:33 PM,541141.777,4806766.196,Q2,Weekend,FALSE
5890,49371,19149755,6/26/2019 4:00:00 PM,2019,6,26,16,0,Wednesday,545105.7993,4802772.396,-80.443204,43.376473,Non intersection,2,P.D. only,On roadway,SMV,Daylight,Municipal,No control,Unknown,FALSE,FALSE,FALSE,Clear,TRUE,Road 1: 15 ELMBANK TRAIL; Vehicle #1     Make: GMC     Model: STV     Colour: YEL     Style: BU; Vehicle #2     Make: DODG     Model: CAR     Colour: BLK     Style: VN,4/9/2021 4:25:46 PM,545105.7993,4802772.396,Q2,Working,FALSE
5891,49372,19149768,6/26/2019 12:00:00 AM,2019,6,26,0,0,Wednesday,544647.5666,4807805.648,-80.448449,43.42182,Private Drive,2,P.D. only,On roadway,SMV,Dark,Municipal,No control,Unknown,FALSE,FALSE,FALSE,Clear,TRUE,Road 1: 53 BALFOUR CRESCENT; Vehicle #1     Make:      Model:      Colour:      Style: ; Vehicle #2     Make: HYUN     Model: ESS     Colour: BLK     Style: 4D,4/9/2021 4:29:32 PM,544647.5666,4807805.648,Q2,Working,FALSE
5892,49373,19149799,5/30/2019 3:47:00 PM,2019,5,30,15,47,Thursday,539403.862,4810382.586,-80.513039,43.445317,Intersection,2,P.D. only,On roadway,Intersection,Daylight,Municipal,Sign Control,Functioning,FALSE,FALSE,FALSE,Clear,TRUE,Road 1: KARN ST; Road 2: BELMONT AVE W; Vehicle #1     Make: CHEV     Model: HHR     Colour: RED     Style: TY; Vehicle #2     Make: TOYT     Model: CMB     Colour: GRY     Style: 4D,4/9/2021 4:27:41 PM,539403.862,4810382.586,Q2,Weekend,FALSE
5893,49374,19149972,6/27/2019 2:30:00 PM,2019,6,27,14,30,Thursday,545652.2544,4811277.61,-80.435748,43.45302,Private Drive,2,Non-reportable,Off roadway,SMV,Daylight,Municipal,No control,Unknown,FALSE,FALSE,FALSE,Clear,TRUE,Road 1: 77 CARNABY CRESCENT; Vehicle #1     Make:      Model:      Colour:      Style: ; Vehicle #2     Make: ACUR     Model: CSX     Colour: GRY     Style: 4D,4/9/2021 4:29:52 PM,545652.2544,4811277.61,Q2,Weekend,FALSE
5894,49375,19149975,6/25/2019 5:00:00 PM,2019,6,25,17,0,Tuesday,541696.9099,4810227.667,-80.484714,43.443798,Non intersection,2,Non-reportable,Off roadway,SMV,Daylight,Municipal,No control,Unknown,FALSE,FALSE,FALSE,Clear,TRUE,Road 1: 111 MADISON AVE S; Vehicle #1     Make: HYUN     Model: C2G     Colour: RED     Style: 4B; Vehicle #2     Make:      Model:      Colour:      Style:,4/9/2021 4:26:20 PM,541696.9099,4810227.667,Q2,Working,FALSE
5895,49376,19150040,6/27/2019 9:00:00 PM,2019,6,27,21,0,Thursday,541430.3043,4810838.889,-80.487962,43.449316,Non intersection,2,P.D. only,On roadway,Intersection,Dusk,Regional,No control,Unknown,FALSE,FALSE,FALSE,Clear,TRUE,Road 1: 70 KING ST E; Vehicle #1     Make: FORD     Model: COF     Colour: WHI     Style: PK; Vehicle #2     Make: HYUN     Model: GC3     Colour: GRY     Style: 2D,8/16/2022 3:00:58 PM,541430.3043,4810838.889,Q2,Weekend,FALSE
5896,49377,19150504,6/27/2019 8:30:00 PM,2019,6,27,20,30,Thursday,540225.6624,4809496.471,-80.502949,43.437294,Non intersection,2,P.D. only,On roadway,Intersection,Dusk,Municipal,No control,Unknown,FALSE,FALSE,FALSE,Clear,TRUE,Road 1: QUEEN'S BLVD; Road 2: NORTH DR; Distance:  S; Vehicle #1     Make: HYUN     Model: ESM     Colour: WHI     Style: 4D; Vehicle #2     Make: KIA     Model: SOR     Colour: SIL     Style: TY,4/9/2021 4:25:54 PM,540225.6624,4809496.471,Q2,Weekend,FALSE
5897,49378,19150512,6/27/2019 4:30:00 AM,2019,6,27,4,30,Thursday,545485.738,4804676.626,-80.438356,43.393595,Intersection,2,Non-reportable,On roadway,SMV,Dark,Municipal,Sign Control,Unknown,FALSE,FALSE,FALSE,Clear,TRUE,Road 1: PIONEER DR; Road 2: UPPER CANADA DR; Distance:  E; Vehicle #1     Make: FIAT     Model: 50L     Colour: WHI     Style: TY,4/9/2021 4:27:26 PM,545485.738,4804676.626,Q2,Weekend,FALSE
5898,49379,19150713,6/28/2019 11:19:00 AM,2019,6,28,11,19,Friday,545567.2643,4813477.14,-80.436615,43.47283,Non intersection,2,Non-reportable,On roadway,Other,Daylight,Municipal,No control,Unknown,FALSE,FALSE,FALSE,Clear,TRUE,Road 1: FORWELL RD; Road 2: VICTORIA ST N; Vehicle #1     Make: SUZI     Model: XL7     Colour: GRY     Style: TY; Vehicle #2     Make:      Model:      Colour:      Style:,4/9/2021 4:26:18 PM,545567.2643,4813477.14,Q2,Weekend,FALSE
5899,49380,19150871,6/28/2019 6:00:00 PM,2019,6,28,18,0,Friday,541257.5856,4810868.245,-80.490094,43.44959,Non intersection,2,Non-reportable,On roadway,Other,Daylight,Regional,No control,Unknown,FALSE,FALSE,FALSE,Clear,TRUE,Road 1: HALLS LN E; Road 2: QUEEN ST S; Vehicle #1     Make:      Model:      Colour:      Style: ; Vehicle #2     Make: KIA     Model: OHY     Colour: GRY     Style: 4D,4/9/2021 4:25:59 PM,541257.5856,4810868.245,Q2,Weekend,FALSE
5900,49381,19151600,6/28/2019 6:00:00 PM,2019,6,28,18,0,Friday,545758.8682,4808892.719,-80.434631,43.431541,Non intersection,2,P.D. only,On roadway,SMV,Daylight,Regional,No control,Unknown,FALSE,FALSE,FALSE,Clear,TRUE,Road 1: WALKER ST; Road 2: JANSEN AVE; Distance:  N; Vehicle #1     Make:      Model:      Colour:      Style: ; Vehicle #2     Make: NISS     Model: MEL     Colour: GLD     Style: 4D,4/9/2021 4:25:59 PM,545758.8682,4808892.719,Q2,Weekend,FALSE
5901,49382,19151692,6/29/2019 3:30:00 PM,2019,6,29,15,30,Saturday,541360.4875,4808641.566,-80.488992,43.429535,Intersection,2,P.D. only,On roadway,Rear end,Daylight,Regional,Signal Control,Functioning,FALSE,FALSE,FALSE,Clear,TRUE,Road 1: HOMER WATSON BLVD; Road 2: HOFFMAN ST; Distance:  W; Vehicle #1     Make: GMC     Model: SIE     Colour: RED     Style: PK; Vehicle #2     Make: TOYT     Model: PRV     Colour: GRY     Style: SW,4/9/2021 4:27:34 PM,541360.4875,4808641.566,Q2,Weekend,FALSE
5902,49383,19152764,6/30/2019 7:55:00 PM,2019,6,30,19,55,Sunday,545053.5079,4811498.496,-80.44313,43.455046,Other,2,P.D. only,Off roadway,SMV,Daylight,Other,No control,Unknown,FALSE,FALSE,FALSE,Clear,FALSE,Road 1: 28 OLD YORK CRES; Vehicle #1     Make: JEEP     Model: CHK     Colour: BLK     Style: TY; Vehicle #2     Make: TOYT     Model: MTL     Colour: BLK     Style: 4D; Vehicle #3     Make: DODG     Model: CAR     Colour: BLK     Style: VN,4/9/2021 4:30:18 PM,545053.5079,4811498.496,Q2,Weekend,FALSE
5903,49384,19153145,6/29/2019 9:30:00 AM,2019,6,29,9,30,Saturday,537204.644,4808110.48,-80.540372,43.424971,Private Drive,2,Non-reportable,Off roadway,SMV,Daylight,Municipal,No control,Unknown,FALSE,FALSE,FALSE,Clear,TRUE,Road 1: 89 HIGH ACRES CRESCENT; Vehicle #1     Make:      Model:      Colour:      Style: ; Vehicle #2     Make: NISS     Model: MUR     Colour: BLK     Style: TY,4/9/2021 4:29:36 PM,537204.644,4808110.48,Q2,Weekend,FALSE
5904,49385,19153668,7/1/2019 10:17:00 PM,2019,7,1,22,17,Monday,539944.4419,4808995.885,-80.50646,43.432802,Non intersection,2,P.D. only,Off roadway,SMV,Dark,Regional,No control,Unknown,FALSE,FALSE,FALSE,Clear,FALSE,Road 1: BLUERIDGE AVE (50 km/h); Road 2: QUEENS BLVD; Distance: 200.0 M E; Vehicle #1     Make: TOYT     Model: YAR     Colour: BLU     Style: 4D; Vehicle #2     Make: RAM     Model: RTR     Colour: RED     Style: PK,4/9/2021 5:48:11 PM,539944.4419,4808995.885,Q3,Working,FALSE
5905,49386,19153940,7/2/2019 8:15:00 AM,2019,7,2,8,15,Tuesday,544132.4686,4809671.603,-80.454662,43.438651,Intersection,2,P.D. only,On roadway,Intersection,Daylight,Municipal,Sign Control,Functioning,FALSE,FALSE,FALSE,Clear,TRUE,Road 1: ROSS AVE; Road 2: PROSPECT AVE; Vehicle #1     Make: HOND     Model: UDY     Colour: GRY     Style: VN; Vehicle #2     Make: BUIC     Model: ACX     Colour: GRY     Style: 4D,4/9/2021 5:47:13 PM,544132.4686,4809671.603,Q3,Working,FALSE
5906,49387,19153991,7/2/2019 9:57:00 AM,2019,7,2,9,57,Tuesday,538348.8714,4810419.688,-80.526074,43.445705,Private Drive,2,Non-reportable,On roadway,Other,Daylight,Municipal,No control,Unknown,FALSE,FALSE,FALSE,Clear,TRUE,Road 1: WESTWOOD DR (IFO 72); Road 2: WESTMOUNT ROAD; Distance: 180.0 M W; Vehicle #1     Make: TOYT     Model: CXL     Colour: GRY     Style: 4D; Vehicle #2     Make: TOYT     Model: YAR     Colour: BLK     Style: 4D,4/9/2021 5:47:45 PM,538348.8714,4810419.688,Q3,Working,FALSE
5907,49388,19154204,7/2/2019 11:30:00 AM,2019,7,2,11,30,Tuesday,536646.2659,4809064.959,-80.547206,43.433593,Private Drive,2,P.D. only,Off roadway,SMV,Daylight,Other,No control,Unknown,FALSE,FALSE,FALSE,Clear,TRUE,Road 1: 26 SHADYRIDGE PLACE; Road 2: NEAR HOUSE; Vehicle #1     Make: FORD     Model: EDG     Colour: BLK     Style: TY; Vehicle #2     Make: VOLK     Model: GEL     Colour: BLU     Style: 4B,4/9/2021 5:48:01 PM,536646.2659,4809064.959,Q3,Working,FALSE
5908,49389,19154874,7/3/2019 11:30:00 PM,2019,7,3,23,30,Wednesday,539832.1989,4809984.625,-80.507775,43.441711,Private Drive,2,P.D. only,On roadway,SMV,Dark,Municipal,No control,Unknown,FALSE,FALSE,FALSE,Clear,TRUE,Road 1: 37 METZLOFF DR; Vehicle #1     Make: GMC     Model: SIE     Colour: WHI     Style: PK; Vehicle #2     Make: FORD     Model: MUS     Colour: BLK     Style: 2D,4/9/2021 5:47:24 PM,539832.1989,4809984.625,Q3,Working,FALSE
5909,49390,19154936,7/3/2019 11:10:00 AM,2019,7,3,11,10,Wednesday,541409.635,4811272.81,-80.488185,43.453224,Private Drive,2,Non-reportable,On roadway,SMV,Daylight,Municipal,No control,Unknown,FALSE,FALSE,FALSE,Clear,TRUE,Road 1: 36 ROY ST; Vehicle #1     Make:      Model:      Colour:      Style: ; Vehicle #2     Make: HYUN     Model: TUC     Colour: WHI     Style: TY,4/9/2021 5:47:16 PM,541409.635,4811272.811,Q3,Working,FALSE
5910,49391,19155079,7/3/2019 2:21:00 PM,2019,7,3,14,21,Wednesday,544719.524,4808596.531,-80.447496,43.428936,Non intersection,2,P.D. only,On roadway,Other,Daylight,Municipal,No control,Unknown,FALSE,FALSE,FALSE,Clear,FALSE,Road 1: CONNAUGHT ST (50 km/h); Road 2: CARROL ST; Distance: 15.0 M S; Vehicle #1     Make: FRHT     Model: FM2     Colour: BRN     Style: CT; Vehicle #2     Make: TOYT     Model: MTL     Colour: WHI     Style: 4D,4/9/2021 5:48:02 PM,544719.524,4808596.531,Q3,Working,FALSE
5911,49392,19155120,7/1/2019 5:30:00 PM,2019,7,1,17,30,Monday,545170.7323,4813407.19,-80.441523,43.472224,Non intersection,2,P.D. only,On roadway,Rear end,Daylight,Regional,No control,Unknown,FALSE,FALSE,FALSE,Clear,TRUE,Road 1: BINGEMANS CENTRE DR; Road 2: VICTORIA ST N; Vehicle #1     Make: RAM     Model: RTR     Colour: BLU     Style: PK; Vehicle #2     Make: MAZD     Model: 3SP     Colour: GRY     Style: 4B,4/9/2021 5:48:09 PM,545170.7323,4813407.19,Q3,Working,FALSE
5912,49393,19155360,7/2/2019 11:00:00 PM,2019,7,2,23,0,Tuesday,541914.4128,4803603.454,-80.482534,43.384141,Non intersection,2,P.D. only,Off roadway,SMV,Dark,Municipal,No control,Unknown,FALSE,FALSE,FALSE,Clear,TRUE,Road 1: 7 CANNES ST; Vehicle #1     Make:      Model:      Colour:      Style: ; Vehicle #2     Make: CHEV     Model: SIL     Colour: BLU     Style: PK,4/9/2021 5:47:23 PM,541914.4128,4803603.454,Q3,Working,FALSE
5913,49394,19155998,7/2/2019 1:00:00 PM,2019,7,2,13,0,Tuesday,545444.1332,4803346.705,-80.43898,43.381623,Non intersection,2,P.D. only,Off roadway,SMV,Daylight,Municipal,No control,Unknown,FALSE,FALSE,FALSE,Clear,TRUE,Road 1: 325 PINE VALLEY DR; Vehicle #1     Make: RAM     Model: RTR     Colour: GRY     Style: CW; Vehicle #2     Make: FORD     Model: TAUR     Colour:      Style: 4DO,4/9/2021 5:47:24 PM,545444.1332,4803346.705,Q3,Working,FALSE
5914,49395,19156068,7/4/2019 4:10:00 PM,2019,7,4,16,10,Thursday,539333.6186,4811662.932,-80.513815,43.456849,Non intersection,2,P.D. only,On roadway,Intersection,Daylight,Municipal,No control,Unknown,FALSE,FALSE,FALSE,Clear,TRUE,Road 1: MT HOPE ST; Road 2: MUTUAL DR; Vehicle #1     Make: PONT     Model: GPX     Colour: RED     Style: 4D; Vehicle #2     Make: MAZD     Model: CX5     Colour: RED     Style: TY,4/9/2021 5:47:25 PM,539333.6186,4811662.932,Q3,Weekend,FALSE