,OBJECTID,ACCIDENTNUM,ACCIDENTDATE,ACCIDENT_YEAR,ACCIDENT_MONTH,ACCIDENT_DAY,ACCIDENT_HOUR,ACCIDENT_MINUTE,Accident_Day,XCOORD,YCOORD,LONGITUDE,LATITUDE,Accident_Location,COLLISIONTYPE,Accident_Type,Impact_Location,Impact_Type,Light,Road_Jurisdication,Traffic_Control,Traffic_Control_Condition,Pedestrian_Involved,Cyclist_Involved,Motorcyclist_Involved,Environment_Condition,Self_Reported,XMLIMPORTNOTES,LASTEDITEDDATE,x,y,Quarter,Day_Type,Vulnerable_Involved
5915,49396,19156420,7/5/2019 12:54:00 AM,2019,7,5,0,54,Friday,547359.1271,4803517.324,-80.415325,43.383041,Non intersection,2,P.D. only,On roadway,SMV,Dark,Municipal,No control,Unknown,FALSE,FALSE,FALSE,Clear,FALSE,Road 1: PINNACLE DR (50 km/h); Road 2: PINE HILL PL; Distance: 300.0 M W; Vehicle #1     Make: BMW     Model: 30I     Colour: SIL     Style: 4D,4/9/2021 5:47:44 PM,547359.1271,4803517.324,Q3,Weekend,FALSE
5916,49397,19156922,7/5/2019 2:52:00 PM,2019,7,5,14,52,Friday,545275.5408,4806434.814,-80.440806,43.409439,Intersection,1,Non-fatal injury,On roadway,Intersection,Daylight,Regional,Sign Control,Functioning,FALSE,FALSE,FALSE,Clear,TRUE,Road 1: WABANAKI DR; Road 2: WILSON AVE; Distance:  S; Vehicle #1     Make: HOND     Model: UCS     Colour: BLK     Style: 4D; Vehicle #2     Make: FORD     Model: COF     Colour: GRY     Style: CW,4/9/2021 5:47:58 PM,545275.5408,4806434.814,Q3,Weekend,FALSE
5917,49398,19156955,7/5/2019 3:45:00 PM,2019,7,5,15,45,Friday,542444.0115,4803819.833,-80.475979,43.386059,Non intersection,2,P.D. only,On roadway,Other,Daylight,Regional,No control,Unknown,FALSE,FALSE,FALSE,Clear,TRUE,Road 1: 710 HURON RD; Vehicle #1     Make: GMC     Model: SIE     Colour: BLK     Style: PK; Vehicle #2     Make: HYUN     Model: ESM     Colour: WHI     Style: 4D,4/9/2021 5:48:11 PM,542444.0115,4803819.833,Q3,Weekend,FALSE
5918,49399,19156958,6/8/2019 12:00:00 PM,2019,6,8,12,0,Saturday,539847.4606,4805849.057,-80.507888,43.404473,Private Drive,2,P.D. only,On roadway,SMV,Daylight,Municipal,No control,Unknown,FALSE,FALSE,FALSE,Clear,TRUE,Road 1: 164 COPPER LEAF ST; Road 2: DRIVE WAY; Vehicle #1     Make:      Model:      Colour:      Style: ; Vehicle #2     Make: TOYT     Model: TUN     Colour: GRY     Style: PK,4/9/2021 4:30:06 PM,539847.4606,4805849.057,Q2,Weekend,FALSE
5919,49400,19157158,7/5/2019 6:47:00 PM,2019,7,5,18,47,Friday,543431.3677,4807180.752,-80.463523,43.416264,Private Drive,2,P.D. only,On roadway,SMV,Daylight,Other,No control,Unknown,FALSE,FALSE,FALSE,Clear,FALSE,Road 1: 38 BRISBANE DR (50 km/h); Road 2: BRISBANE DR; Distance: 2.0 M W; Vehicle #1     Make: HOND     Model: UAX     Colour: SIL     Style: 4D; Vehicle #2     Make: VOLV     Model: ST5     Colour: BGE     Style: 4D,4/9/2021 5:48:14 PM,543431.3677,4807180.752,Q3,Weekend,FALSE
5920,49401,19157179,7/5/2019 6:10:00 PM,2019,7,5,18,10,Friday,548244.2997,4804558.32,-80.404306,43.392358,Other,2,P.D. only,Off roadway,SMV,Daylight,Municipal,No control,Unknown,FALSE,FALSE,FALSE,Clear,FALSE,Road 1: 299 THROUGH ROAD (40 km/h); Road 2: DOON VALLEY DR; Distance: 300.0 M S; Vehicle #1     Make: HYUN     Model: ESM     Colour: GRY     Style: 4D,4/9/2021 5:48:02 PM,548244.2997,4804558.32,Q3,Weekend,FALSE
5921,49402,19157538,7/6/2019 8:30:00 AM,2019,7,6,8,30,Saturday,540302.1765,4805855.792,-80.502272,43.404509,Non intersection,2,Non-reportable,On roadway,SMV,Daylight,Municipal,No control,Unknown,FALSE,FALSE,FALSE,Clear,TRUE,Road 1: 315 MAX BECKER DR (STREET PARKING); Vehicle #1     Make: CHRY     Model: 43C     Colour: SIL     Style: 4D; Vehicle #2     Make: MAZD     Model: M3I     Colour: RED     Style: 4D,4/9/2021 5:47:43 PM,540302.1765,4805855.792,Q3,Weekend,FALSE
5922,49403,19157645,7/6/2019 11:33:00 AM,2019,7,6,11,33,Saturday,539089.4119,4810784.078,-80.516896,43.448948,Intersection,2,P.D. only,Off roadway,SMV,Daylight,Municipal,Sign Control,Unknown,FALSE,FALSE,FALSE,Clear,FALSE,Road 1: BRANDON AVE (50 km/h); Road 2: MARINA RD (50 km/h); Vehicle #1     Make: FORD     Model: EPR     Colour: BLU     Style: TY,4/9/2021 5:47:33 PM,539089.4119,4810784.078,Q3,Weekend,FALSE
5923,49404,19157737,7/6/2019 2:33:00 PM,2019,7,6,14,33,Saturday,541343.1659,4809062.865,-80.489174,43.433329,Intersection,2,P.D. only,On roadway,Intersection,Daylight,Municipal,Sign Control,Functioning,FALSE,FALSE,FALSE,Clear,FALSE,Road 1: HIGHLAND RD E (50 km/h); Road 2: HEIMAN ST (50 km/h); Vehicle #1     Make: PONT     Model: G5     Colour: GRY     Style: 4D; Vehicle #2     Make: TOYT     Model: CTX     Colour: RED     Style: 4B; Vehicle #3     Make:      Model: -     Colour:    ,4/9/2021 5:47:55 PM,541343.1659,4809062.865,Q3,Weekend,FALSE
5924,49405,19158094,7/6/2019 9:40:00 PM,2019,7,6,21,40,Saturday,538072.0904,4807548.334,-80.529695,43.419866,Intersection,2,P.D. only,On roadway,Rear end,Dark,Municipal,No control,Functioning,FALSE,FALSE,FALSE,Clear,FALSE,Road 1: WESTHEIGHTS DR (40 km/h); Road 2: MCGARRY DR (40 km/h); Vehicle #1     Make: CHEV     Model: IPL     Colour: GRY     Style: 4D; Vehicle #2     Make: CHEV     Model: SIL     Colour: BLK     Style: CW,4/9/2021 5:47:54 PM,538072.0904,4807548.334,Q3,Weekend,FALSE
5925,49406,19158513,7/7/2019 10:30:00 AM,2019,7,7,10,30,Sunday,540584.1233,4810381.165,-80.498454,43.445241,Non intersection,2,P.D. only,Off roadway,SMV,Daylight,Municipal,No control,Unknown,FALSE,FALSE,FALSE,Clear,TRUE,Road 1: SCHNEIDER AVE; Road 2: DILL ST; Vehicle #1     Make: TOYT     Model: PRV     Colour: BLU     Style: SW; Vehicle #2     Make:      Model:      Colour:      Style:,4/9/2021 5:47:15 PM,540584.1233,4810381.165,Q3,Weekend,FALSE
5926,49407,19158554,7/6/2019 11:11:00 AM,2019,7,6,11,11,Saturday,541581.9576,4809057.466,-80.486224,43.433267,Private Drive,2,Non-reportable,On roadway,SMV,Daylight,Municipal,No control,Unknown,FALSE,FALSE,FALSE,Clear,TRUE,Road 1: 50 KEHL ST; Vehicle #1     Make: GMC     Model: SIE     Colour: WHI     Style: PK; Vehicle #2     Make: FORD     Model: FSE     Colour: GRY     Style: 4B,4/9/2021 5:47:44 PM,541581.9576,4809057.466,Q3,Weekend,FALSE
5927,49408,19158561,6/22/2019 1:00:00 PM,2019,6,22,13,0,Saturday,537892.3534,4808666.735,-80.531837,43.429945,Non intersection,2,P.D. only,On roadway,SMV,Daylight,Municipal,No control,Unknown,FALSE,FALSE,FALSE,Clear,TRUE,Road 1: EASTFOREST TRAIL; Road 2: HIGHLAND RD W; Vehicle #1     Make:      Model:      Colour:      Style: ; Vehicle #2     Make: KIA     Model: RES     Colour: GRY     Style: 4B,4/9/2021 4:26:35 PM,537892.3534,4808666.735,Q2,Weekend,FALSE
5928,49409,19158564,7/7/2019 8:00:00 AM,2019,7,7,8,0,Sunday,545733.7611,4807748.955,-80.435037,43.421244,Non intersection,2,P.D. only,On roadway,SMV,Daylight,Municipal,No control,Unknown,FALSE,FALSE,FALSE,Clear,TRUE,Road 1: HIDDEN VALLEY RD; Road 2: WABANAKI DR; Vehicle #1     Make: DODG     Model: CGS     Colour: WHI     Style: 4D,4/9/2021 5:47:15 PM,545733.7611,4807748.955,Q3,Weekend,FALSE
5929,49410,19158574,7/6/2019 1:30:00 PM,2019,7,6,13,30,Saturday,542743.2046,4811608.481,-80.471676,43.456171,Non intersection,2,P.D. only,On roadway,Intersection,Daylight,Municipal,No control,Unknown,FALSE,FALSE,FALSE,Clear,TRUE,Road 1: 222 DUMFRIES AVE; Vehicle #1     Make: DODG     Model: RPC     Colour: BLU     Style: PK; Vehicle #2     Make: MITS     Model: LST     Colour: GRY     Style: 4D,4/9/2021 5:47:39 PM,542743.2046,4811608.481,Q3,Weekend,FALSE
5930,49411,19158700,7/7/2019 5:00:00 PM,2019,7,7,17,0,Sunday,539561.1898,4809022.809,-80.511194,43.433065,Non intersection,2,P.D. only,On roadway,SMV,Daylight,Regional,No control,Unknown,FALSE,FALSE,FALSE,Clear,FALSE,Road 1: QUEENS BLVD (50 km/h); Road 2: WESTMOUNT RD E; Distance: 100.0 M W; Vehicle #1     Make: HYUN     Model: SAN     Colour: BLK     Style: TY; Vehicle #2     Make: MAZD     Model: 3TR     Colour: BLU     Style: 4B,4/9/2021 5:48:13 PM,539561.1898,4809022.809,Q3,Weekend,FALSE
5931,49412,19159159,7/8/2019 9:30:00 AM,2019,7,8,9,30,Monday,545860.6203,4813966.589,-80.432947,43.477219,Non intersection,2,P.D. only,On roadway,Intersection,Daylight,Municipal,No control,Unknown,FALSE,FALSE,FALSE,Clear,TRUE,Road 1: SHIRLEY DR; Road 2: CEDARVIEW PLACE; Vehicle #1     Make: CHEV     Model: SIL     Colour: BLU     Style: PK; Vehicle #2     Make: HOND     Model: FLX     Colour: TRQ     Style: 4B,4/9/2021 5:47:15 PM,545860.6203,4813966.589,Q3,Working,FALSE
5932,49413,19159212,7/7/2019 1:00:00 PM,2019,7,7,13,0,Sunday,543549.5733,4811310.585,-80.461733,43.453443,Non intersection,2,Non-reportable,On roadway,SMV,Daylight,Municipal,No control,Unknown,FALSE,FALSE,FALSE,Clear,TRUE,Road 1: 123 BELLEVIEW AVE; Vehicle #1     Make:      Model:      Colour:      Style: ; Vehicle #2     Make: CHEV     Model: SIL     Colour: WHI     Style: CW,4/9/2021 5:48:03 PM,543549.5733,4811310.585,Q3,Weekend,FALSE
5933,49414,19160060,7/8/2019 5:30:00 PM,2019,7,8,17,30,Monday,536039.1704,4807471.224,-80.554812,43.419272,Private Drive,2,P.D. only,On roadway,SMV,Daylight,Municipal,No control,Unknown,FALSE,FALSE,FALSE,Clear,TRUE,Road 1: 76 PENELOPE DR; Vehicle #1     Make:      Model:      Colour:      Style: ; Vehicle #2     Make: TOYT     Model: CBL     Colour: GRY     Style: 4D,4/9/2021 5:47:16 PM,536039.1704,4807471.224,Q3,Working,FALSE
5934,49415,19160973,7/9/2019 12:00:00 AM,2019,7,9,0,0,Tuesday,545582.9365,4809382.406,-80.436763,43.43596,Private Drive,2,P.D. only,On roadway,SMV,Dark,Municipal,No control,Unknown,FALSE,FALSE,FALSE,Clear,TRUE,Road 1: 22 OBERMEYER DR; Vehicle #1     Make:      Model:      Colour:      Style: ; Vehicle #2     Make: BMW     Model: X13     Colour: BLU     Style: SW,4/9/2021 5:47:17 PM,545582.9365,4809382.406,Q3,Working,FALSE
5935,49416,19161270,7/10/2019 3:00:00 PM,2019,7,10,15,0,Wednesday,541631.337,4810723.642,-80.485486,43.448267,Non intersection,2,Non-reportable,Off roadway,SMV,Daylight,Municipal,No control,Unknown,FALSE,FALSE,FALSE,Clear,TRUE,Road 1: 235 KING ST E CITY COMMERCIAL CORE; Vehicle #1     Make:      Model:      Colour:      Style: ; Vehicle #2     Make: JEEP     Model: CPT     Colour: GRY     Style: TY,4/22/2022 2:25:04 PM,541631.337,4810723.642,Q3,Working,FALSE
5936,49417,19161390,7/10/2019 6:10:00 PM,2019,7,10,18,10,Wednesday,539080.1315,4811110.56,-80.516988,43.451888,Intersection,2,P.D. only,On roadway,Intersection,Daylight,Regional,Signal Control,Functioning,FALSE,FALSE,FALSE,Clear,TRUE,Road 1: GLASGOW ST; Road 2: BELMONT AVE W; Vehicle #1     Make: CHRY     Model: 2LX     Colour: SIL     Style: 4D; Vehicle #2     Make: TOYT     Model: UCS     Colour: BLU     Style: 4D,4/9/2021 5:47:57 PM,539080.1315,4811110.56,Q3,Working,FALSE
5937,49418,19161947,7/10/2019 4:20:00 PM,2019,7,10,16,20,Wednesday,541550.688,4812016.943,-80.486385,43.459916,Non intersection,2,P.D. only,On roadway,Rear end,Daylight,Municipal,No control,Unknown,FALSE,FALSE,FALSE,Clear,TRUE,Road 1: WELLINGTON ST N; Road 2: ST LEGER ST; Vehicle #1     Make: FORD     Model: TST     Colour: WHI     Style: FV; Vehicle #2     Make: VOLK     Model: CTJ     Colour: BGE     Style: 4D,4/9/2021 5:47:18 PM,541550.688,4812016.943,Q3,Working,FALSE
5938,49419,19162026,7/11/2019 12:30:00 PM,2019,7,11,12,30,Thursday,542156.3535,4815784.315,-80.478607,43.493804,Private Drive,2,P.D. only,On roadway,Intersection,Daylight,Municipal,No control,Unknown,FALSE,FALSE,FALSE,Clear,TRUE,Road 1: FALCONRIDGE DR; Road 2: REDTAIL ST; Vehicle #1     Make: LINC     Model: MKX     Colour: BLK     Style: TY; Vehicle #2     Make: CHEV     Model: SIL     Colour: RED     Style: PK,4/9/2021 5:47:27 PM,542156.3535,4815784.315,Q3,Weekend,FALSE
5939,49420,19162029,7/10/2019 3:30:00 PM,2019,7,10,15,30,Wednesday,543597.3473,4808404.49,-80.461375,43.427273,Non intersection,2,P.D. only,On roadway,SMV,Daylight,Municipal,No control,Unknown,FALSE,FALSE,FALSE,Clear,TRUE,Road 1: 108 MASSEY AVE; Vehicle #1     Make: FRHT     Model: FM2     Colour: WHI     Style: CT; Vehicle #2     Make: TOYT     Model: RV4     Colour: GRY     Style: TY,4/9/2021 5:47:17 PM,543597.3473,4808404.49,Q3,Working,FALSE
5940,49421,19162189,7/11/2019 3:30:00 PM,2019,7,11,15,30,Thursday,542561.1663,4812547.981,-80.473853,43.464641,Intersection,2,P.D. only,On roadway,Intersection,Daylight,Regional,Sign Control,Functioning,FALSE,FALSE,FALSE,Clear,FALSE,Road 1: WELLINGTON ST N (60 km/h); Road 2: 85 S OFF TO WELLINGTON ST N (50 km/h); Vehicle #1     Make: CHRY     Model: 30C     Colour: BLK     Style: 4D; Vehicle #2     Make: HYUN     Model: ESM     Colour: GRY     Style: 4D,4/9/2021 5:47:59 PM,542561.1663,4812547.981,Q3,Weekend,FALSE
5941,49422,19162201,7/11/2019 3:50:00 PM,2019,7,11,15,50,Thursday,541948.5861,4808311.268,-80.481751,43.426528,Non intersection,2,P.D. only,On roadway,Intersection,Daylight,Regional,No control,Unknown,FALSE,FALSE,FALSE,Clear,TRUE,Road 1: HOMER WATSON BLVD; Road 2: OTTAWA ST S; Vehicle #1     Make:      Model:      Colour:      Style: ; Vehicle #2     Make: FORD     Model: FSE     Colour: GRY     Style: 4B,8/16/2022 2:59:44 PM,541948.5861,4808311.268,Q3,Weekend,FALSE
5942,49423,19162317,7/2/2019 2:10:00 AM,2019,7,2,2,10,Tuesday,539139.9135,4805905.05,-80.516622,43.405014,Non intersection,2,Non-reportable,Off roadway,SMV,Dark,Municipal,No control,Unknown,FALSE,FALSE,FALSE,Clear,TRUE,Road 1: 15 BERRY MOSS ST; Vehicle #1     Make: CHEV     Model: ML1     Colour: GRY     Style: 4D; Vehicle #2     Make:      Model:      Colour:      Style:,4/9/2021 5:47:38 PM,539139.9135,4805905.05,Q3,Working,FALSE
5943,49424,19163012,7/12/2019 2:43:00 PM,2019,7,12,14,43,Friday,542307.6631,4811038.669,-80.477104,43.451066,Intersection,2,P.D. only,On roadway,Intersection,Daylight,Municipal,Sign Control,Functioning,FALSE,FALSE,FALSE,Clear,FALSE,Road 1: KRUG ST (50 km/h); Road 2: SAMUEL ST (50 km/h); Distance: 5.0 M E; Vehicle #1     Make: SUBA     Model: TRI     Colour: SIL     Style: TY; Vehicle #2     Make: TOYT     Model: FRS     Colour: BLU     Style: 2D,4/9/2021 5:47:56 PM,542307.6631,4811038.669,Q3,Weekend,FALSE
5944,49425,19163225,7/12/2019 6:51:00 PM,2019,7,12,18,51,Friday,544896.3855,4811395.379,-80.445081,43.454127,Non intersection,2,P.D. only,On roadway,Intersection,Daylight,Municipal,No control,Unknown,FALSE,FALSE,FALSE,Clear,FALSE,Road 1: PRIVATE DRIVE BRECKENRIDGE DR (50 km/h); Road 2: 50 BRECKENRIDGE DR; Distance: 5.0 M S; Vehicle #1     Make: TOYT     Model: CAM     Colour: RED     Style: 4D; Vehicle #2     Make: HOND     Model: FXL     Colour: WHI     Style: 4B,4/9/2021 5:48:04 PM,544896.3855,4811395.379,Q3,Weekend,FALSE
5945,49426,19163328,7/12/2019 8:25:00 PM,2019,7,12,20,25,Friday,547354.9093,4804271.16,-80.415312,43.389829,Private Drive,2,P.D. only,Off roadway,SMV,Dusk,Municipal,No control,Unknown,FALSE,FALSE,FALSE,Clear,FALSE,Road 1: 107 PRIVATE LAWN (50 km/h); Road 2: PINNACLE DR; Distance: 6.0 M S; Vehicle #1     Make: FORD     Model: SPE     Colour: WHI     Style: TY,4/9/2021 5:47:49 PM,547354.9093,4804271.16,Q3,Weekend,FALSE
5946,49427,19163699,7/13/2019 9:30:00 AM,2019,7,13,9,30,Saturday,545124.2306,4807654.942,-80.442574,43.420434,Private Drive,2,P.D. only,On roadway,Intersection,Daylight,Regional,No control,Unknown,FALSE,FALSE,FALSE,Clear,TRUE,Road 1: WILSON AVE; Road 2: FAIRWAY RD S; Vehicle #1     Make: NISS     Model: MUR     Colour: BLK     Style: TY; Vehicle #2     Make: TRIU     Model: TR6     Colour: RED     Style: 2D,4/9/2021 5:48:05 PM,545124.2306,4807654.942,Q3,Weekend,FALSE
5947,49428,19163880,7/13/2019 1:15:00 PM,2019,7,13,13,15,Saturday,541769.4013,4810767.084,-80.483777,43.44865,Non intersection,2,Non-reportable,On roadway,SMV,Daylight,Municipal,No control,Unknown,FALSE,FALSE,FALSE,Clear,TRUE,Road 1: EBY STREET N; Road 2: DUKE ST EAST; Vehicle #1     Make:      Model:      Colour:      Style: ; Vehicle #2     Make: SUBA     Model: FOR     Colour: GRY     Style: TY,4/9/2021 5:47:47 PM,541769.4013,4810767.084,Q3,Weekend,FALSE
5948,49429,19163986,7/13/2019 9:45:00 AM,2019,7,13,9,45,Saturday,545148.123,4810996.092,-80.442002,43.450516,Private Drive,2,P.D. only,On roadway,Other,Daylight,Municipal,No control,Unknown,FALSE,FALSE,FALSE,Clear,TRUE,Road 1: 10 HOLBORN CT STANLEY PARK; Road 2: HOLBORN DRIVE; Vehicle #1     Make: HOND     Model: UCL     Colour: BLK     Style: 4D; Vehicle #2     Make: CHEV     Model: VTL     Colour: RED     Style: 4B,4/9/2021 5:47:08 PM,545148.123,4810996.092,Q3,Weekend,FALSE
5949,49430,19164905,7/14/2019 7:30:00 PM,2019,7,14,19,30,Sunday,539106.0036,4811054.775,-80.516672,43.451385,Non intersection,2,P.D. only,On roadway,Intersection,Daylight,Municipal,No control,Unknown,FALSE,FALSE,FALSE,Clear,TRUE,Road 1: BELMONT ST KITCHENER; Road 2: GLASGOW ST; Vehicle #1     Make: NISS     Model: SBL     Colour: BLK     Style: 4D; Vehicle #2     Make: TOYT     Model: SIE     Colour: BLU     Style: VN,4/9/2021 5:47:23 PM,539106.0036,4811054.775,Q3,Weekend,FALSE
5950,49431,19165130,7/15/2019 3:29:00 AM,2019,7,15,3,29,Monday,545094.0612,4808422.872,-80.442883,43.42735,Private Drive,2,P.D. only,Off roadway,SMV,Dark,Municipal,No control,Unknown,FALSE,FALSE,FALSE,Clear,FALSE,Road 1: 178 CEDARWOODS CRES (50 km/h); Road 2: CEDARWOODS CRES; Distance: 5.0 M W; Vehicle #1     Make: MAZD     Model: 3TR     Colour: GRY     Style: 4D; Vehicle #2     Make: MITS     Model: LZR     Colour: GLD     Style: 4D,4/9/2021 5:48:03 PM,545094.0612,4808422.872,Q3,Working,FALSE
5951,49432,19166209,7/7/2019 11:30:00 AM,2019,7,7,11,30,Sunday,540078.5749,4805557.206,-80.505055,43.401833,Private Drive,2,P.D. only,On roadway,SMV,Daylight,Municipal,No control,Unknown,FALSE,FALSE,FALSE,Clear,TRUE,Road 1: 20 ISABELLA ST; Vehicle #1     Make: HOND     Model: UDY     Colour: SIL     Style: VN; Vehicle #2     Make: ACUR     Model: TXT     Colour: WHI     Style: 4D,4/9/2021 5:48:04 PM,540078.5749,4805557.206,Q3,Weekend,FALSE
5952,49433,19167062,7/12/2019 4:30:00 PM,2019,7,12,16,30,Friday,544464.0285,4807968.617,-80.450703,43.423298,Intersection,2,Non-reportable,On roadway,SMV,Daylight,Municipal,Sign Control,Functioning,FALSE,FALSE,FALSE,Clear,TRUE,Road 1: WOODHAVEN RD (IFO 138); Road 2: GERARD AVE; Distance: 10.0 M N; Vehicle #1     Make:      Model:      Colour:      Style: ; Vehicle #2     Make: CHRY     Model: 2TR     Colour: RED     Style: CV,4/9/2021 5:47:34 PM,544464.0285,4807968.617,Q3,Weekend,FALSE
5953,49434,19167086,7/17/2019 8:30:00 AM,2019,7,17,8,30,Wednesday,541486.8373,4803975.561,-80.487785,43.387515,Intersection,2,P.D. only,On roadway,Intersection,Daylight,Municipal,Sign Control,Functioning,FALSE,FALSE,FALSE,Rain,TRUE,Road 1: SEABROOK DR; Road 2: CORSICA ST; Vehicle #1     Make: MERZ     Model: CSP     Colour: WHI     Style: FV; Vehicle #2     Make: FORD     Model: SRW     Colour: WHI     Style: PK,4/9/2021 5:47:09 PM,541486.8373,4803975.561,Q3,Working,FALSE
5954,49435,19167458,7/17/2019 3:00:00 PM,2019,7,17,15,0,Wednesday,545054.165,4803319.744,-80.443796,43.381404,Private Drive,2,P.D. only,On roadway,SMV,Daylight,Municipal,No control,Unknown,FALSE,FALSE,FALSE,Clear,TRUE,Road 1: 79 DOON CREEK ST; Vehicle #1     Make: CHEV     Model: EXP     Colour: WHI     Style: FV; Vehicle #2     Make: HOND     Model: UAX     Colour: BLU     Style: 4D,4/9/2021 5:47:27 PM,545054.165,4803319.744,Q3,Working,FALSE
5955,49436,19167468,7/16/2019 9:30:00 AM,2019,7,16,9,30,Tuesday,542707.097,4810050.473,-80.472244,43.442145,Non intersection,2,P.D. only,On roadway,Rear end,Daylight,Regional,No control,Unknown,FALSE,FALSE,FALSE,Clear,TRUE,Road 1: KING ST E; Road 2: ONWARD AVE; Vehicle #1     Make: TOYT     Model: CHL     Colour: WHI     Style: 4D; Vehicle #2     Make: HYUN     Model: ESM     Colour: BLU     Style: 4D,4/27/2022 10:38:47 AM,542707.097,4810050.473,Q3,Working,FALSE
5956,49437,19168029,7/1/2019 3:45:00 PM,2019,7,1,15,45,Monday,541458.465,4809857.836,-80.487689,43.440481,Non intersection,2,P.D. only,On roadway,Other,Daylight,Other,No control,Unknown,FALSE,FALSE,FALSE,Clear,TRUE,Road 1: 224 MADISON AVE S; Vehicle #1     Make: NISS     Model: FRT     Colour: GRY     Style: PK; Vehicle #2     Make: BMW     Model: 325     Colour: GRY     Style: 4D,4/9/2021 5:48:14 PM,541458.465,4809857.836,Q3,Working,FALSE
5957,49438,19168127,6/11/2019 6:15:00 PM,2019,6,11,18,15,Tuesday,542411.5352,4812896.38,-80.475675,43.467786,Private Drive,2,P.D. only,On roadway,Other,Daylight,Other,No control,Unknown,FALSE,FALSE,FALSE,Clear,TRUE,Road 1: 987 GUELPH ST; Vehicle #1     Make: BMW     Model: BX4     Colour: BLK     Style: TY; Vehicle #2     Make:      Model:      Colour:      Style:,4/9/2021 4:29:58 PM,542411.5352,4812896.38,Q2,Working,FALSE
5958,49439,19168223,7/18/2019 5:30:00 PM,2019,7,18,17,30,Thursday,546686.6423,4802327.976,-80.423729,43.372374,Non intersection,2,P.D. only,On roadway,Rear end,Daylight,Regional,No control,Unknown,FALSE,FALSE,FALSE,Clear,TRUE,Road 1: REICHERT DR; Road 2: NEW DUNDEE RD; Vehicle #1     Make:      Model:      Colour:      Style: ; Vehicle #2     Make: HOND     Model: CCR     Colour: WHI     Style: TY,4/9/2021 5:48:09 PM,546686.6423,4802327.976,Q3,Weekend,FALSE
5959,49440,19168364,7/18/2019 11:12:00 PM,2019,7,18,23,12,Thursday,543683.9578,4804910.913,-80.460584,43.395812,Non intersection,2,P.D. only,On roadway,SMV,Dark,Municipal,No control,Unknown,FALSE,FALSE,FALSE,Clear,FALSE,Road 1: OLD HURON RD (50 km/h); Road 2: BATTLER RD (50 km/h); Distance: 30.0 M E; Vehicle #1     Make: HOND     Model: UDY     Colour: GRY     Style: VN; Vehicle #2     Make: TOYT     Model: MTL     Colour: BLK     Style: 4D,4/9/2021 5:47:41 PM,543683.9578,4804910.913,Q3,Weekend,FALSE
5960,49441,19168787,7/19/2019 1:30:00 PM,2019,7,19,13,30,Friday,541248.9484,4810978.113,-80.490193,43.450579,Non intersection,2,P.D. only,On roadway,SMV,Daylight,Municipal,No control,Unknown,FALSE,FALSE,FALSE,Clear,TRUE,Road 1: ONTARIO ST S; Road 2: KING ST W; Vehicle #1     Make: HOND     Model: UEX     Colour: BLK     Style: 2D; Vehicle #2     Make: FORD     Model: SRW     Colour: BLU     Style: PK,4/9/2021 5:47:36 PM,541248.9484,4810978.113,Q3,Weekend,FALSE
5961,49442,19168848,7/19/2019 2:20:00 PM,2019,7,19,14,20,Friday,543894.05,4805115.205,-80.457974,43.397639,Non intersection,2,Non-reportable,On roadway,Rear end,Daylight,Regional,No control,Unknown,FALSE,FALSE,FALSE,Clear,TRUE,Road 1: HURON RD; Road 2: TRILLIUM DR; Vehicle #1     Make: PONT     Model: GRA     Colour: GRY     Style: 4D; Vehicle #2     Make: CHEV     Model: CZT     Colour: BLK     Style: 4D,4/9/2021 5:48:10 PM,543894.05,4805115.205,Q3,Weekend,FALSE
5962,49443,19168969,7/19/2019 4:37:00 PM,2019,7,19,16,37,Friday,541638.0447,4805541.275,-80.485799,43.401604,Intersection,2,P.D. only,On roadway,Intersection,Daylight,Municipal,Sign Control,Functioning,FALSE,TRUE,FALSE,Clear,FALSE,Road 1: WASHBURN DR (50 km/h); Road 2: TRILLIUM DR (50 km/h); Vehicle #1     Make: HOND     Model: ULX     Colour: SIL     Style: 4D; Vehicle #2     Make: BICY     Model: MOUN     Colour:      Style: MOU,4/9/2021 5:47:33 PM,541638.0447,4805541.275,Q3,Weekend,FALSE
5963,49444,19169145,7/19/2019 9:00:00 PM,2019,7,19,21,0,Friday,539428.9838,4809854.799,-80.512767,43.440563,Non intersection,2,P.D. only,On roadway,Intersection,Dusk,Other,No control,Unknown,FALSE,FALSE,FALSE,Clear,TRUE,Road 1: 273 LAWRENCE AVE; Vehicle #1     Make: TOYT     Model: MTL     Colour: BLK     Style: 4D; Vehicle #2     Make: VOLK     Model: DTC     Colour: SIL     Style: 4D,4/9/2021 5:48:13 PM,539428.9838,4809854.799,Q3,Weekend,FALSE