,OBJECTID,ACCIDENTNUM,ACCIDENTDATE,ACCIDENT_YEAR,ACCIDENT_MONTH,ACCIDENT_DAY,ACCIDENT_HOUR,ACCIDENT_MINUTE,Accident_Day,XCOORD,YCOORD,LONGITUDE,LATITUDE,Accident_Location,COLLISIONTYPE,Accident_Type,Impact_Location,Impact_Type,Light,Road_Jurisdication,Traffic_Control,Traffic_Control_Condition,Pedestrian_Involved,Cyclist_Involved,Motorcyclist_Involved,Environment_Condition,Self_Reported,XMLIMPORTNOTES,LASTEDITEDDATE,x,y,Quarter,Day_Type,Vulnerable_Involved
5964,49445,19169163,7/19/2019 8:00:00 PM,2019,7,19,20,0,Friday,541624.8526,4810726.491,-80.485566,43.448293,Non intersection,2,P.D. only,On roadway,Other,Daylight,Regional,No control,Unknown,FALSE,FALSE,FALSE,Clear,TRUE,Road 1: 210 KING ST E; Vehicle #1     Make: NISS     Model: CXT     Colour: SIL     Style: TY; Vehicle #2     Make: HOND     Model: UAX     Colour: SIL     Style: 4D,4/22/2022 2:25:04 PM,541624.8526,4810726.491,Q3,Weekend,FALSE
5965,49446,19169359,7/20/2019 1:21:00 AM,2019,7,20,1,21,Saturday,544022.5091,4808558.167,-80.45611,43.428632,Private Drive,2,P.D. only,Off roadway,SMV,Dark,Municipal,No control,Unknown,FALSE,FALSE,FALSE,Clear,FALSE,Road 1: WILSON AVE (50 km/h); Road 2: FOURTH AVE (50 km/h); Vehicle #1     Make: MERZ     Model: C45     Colour: BLK     Style: 4D,4/9/2021 5:47:43 PM,544022.5091,4808558.167,Q3,Weekend,FALSE
5966,49447,19169706,7/20/2019 1:20:00 PM,2019,7,20,13,20,Saturday,540826.0258,4811301.735,-80.495396,43.453516,Non intersection,2,P.D. only,Off roadway,SMV,Daylight,Regional,No control,Unknown,FALSE,FALSE,FALSE,Clear,FALSE,Road 1: DUKE ST W (50 km/h); Road 2: VICTORIA ST N; Distance: 75.0 M S; Vehicle #1     Make: GMC     Model: SIE     Colour: BLK     Style: PK,4/9/2021 5:48:13 PM,540826.0258,4811301.735,Q3,Weekend,FALSE
5967,49448,19169713,7/20/2019 1:22:00 PM,2019,7,20,13,22,Saturday,538629.4184,4807729.129,-80.522797,43.421465,Intersection,2,P.D. only,On roadway,Rear end,Daylight,Municipal,Sign Control,Unknown,FALSE,FALSE,FALSE,Clear,FALSE,Road 1: MCGARRY DR (40 km/h); Road 2: PINEHURST CRES (50 km/h); Vehicle #1     Make: CHRY     Model: 2LX     Colour: BLU     Style: 4D; Vehicle #2     Make: KIA     Model: SOR     Colour: BLU     Style: TY,4/9/2021 5:47:34 PM,538629.4184,4807729.129,Q3,Weekend,FALSE
5968,49449,19170335,7/21/2019 4:24:00 AM,2019,7,21,4,24,Sunday,542670.209,4806929.118,-80.472944,43.414042,Intersection,2,P.D. only,Off roadway,SMV,Other,Regional,Sign Control,Functioning,FALSE,FALSE,FALSE,Clear,FALSE,Road 1: OLD COUNTRY DR (50 km/h); Road 2: COUNTRY HILL DR (50 km/h); Vehicle #1     Make: HYUN     Model: EGM     Colour: SIL     Style: 4D,4/9/2021 5:48:00 PM,542670.209,4806929.118,Q3,Weekend,FALSE
5969,49450,19170353,7/21/2019 5:38:00 AM,2019,7,21,5,38,Sunday,545060.05,4808897.185,-80.443264,43.431623,Non intersection,2,P.D. only,Off roadway,SMV,Dawn,Municipal,No control,Unknown,FALSE,FALSE,FALSE,Clear,FALSE,Road 1: KINGSWAY DR (50 km/h); Road 2: ST JEROME AVE; Distance: 200.0 M E; Vehicle #1     Make: DODG     Model: AXT     Colour: BLK     Style: 4D; Vehicle #2     Make:      Model:      Colour:      Style: 4D; Vehicle #3     Make:      Model: -     Colour:,4/9/2021 5:47:47 PM,545060.05,4808897.185,Q3,Weekend,FALSE
5970,49451,19170751,7/21/2019 6:00:00 PM,2019,7,21,18,0,Sunday,539640.1402,4807406.354,-80.510335,43.418506,Private Drive,2,P.D. only,On roadway,Rear end,Daylight,Municipal,No control,Unknown,FALSE,FALSE,FALSE,Clear,FALSE,Road 1: 28 VALLEYVIEW RD (50 km/h); Road 2: VALLEYVIEW RD; Distance: 10.0 M W; Vehicle #1     Make: PETE     Model:      Colour:      Style: 4DR; Vehicle #2     Make: HOND     Model: CXG     Colour: SIL     Style: 4D,4/9/2021 5:47:43 PM,539640.1402,4807406.354,Q3,Weekend,FALSE
5971,49452,19171421,7/22/2019 2:00:00 PM,2019,7,22,14,0,Monday,542628.5807,4810098.35,-80.473211,43.442581,Non intersection,2,P.D. only,On roadway,Rear end,Daylight,Regional,No control,Unknown,FALSE,FALSE,FALSE,Clear,TRUE,Road 1: KING ST E; Road 2: BORDEN AVE N; Vehicle #1     Make: DODG     Model: CAR     Colour: WHI     Style: VN; Vehicle #2     Make: DODG     Model: CAR     Colour: GLD     Style: VN,4/9/2021 5:48:09 PM,542628.5807,4810098.35,Q3,Working,FALSE
5972,49453,19171444,7/22/2019 2:50:00 PM,2019,7,22,14,50,Monday,541286.8014,4810815.915,-80.489737,43.449117,Non intersection,2,P.D. only,On roadway,SMV,Daylight,Regional,No control,Unknown,FALSE,FALSE,FALSE,Clear,TRUE,Road 1: QUEEN ST S; Road 2: CHARLES ST W; Vehicle #1     Make: CHEV     Model: AVL     Colour: BLK     Style: PK; Vehicle #2     Make:      Model:      Colour:      Style:,4/9/2021 5:48:07 PM,541286.8014,4810815.915,Q3,Working,FALSE
5973,49454,19171620,7/20/2019 8:30:00 PM,2019,7,20,20,30,Saturday,546098.4963,4809448.731,-80.430388,43.436526,Non intersection,2,P.D. only,On roadway,SMV,Dusk,Regional,No control,Unknown,FALSE,FALSE,FALSE,Clear,TRUE,Road 1: RIVER RD E; Road 2: KINZIE AVE; Vehicle #1     Make: HYUN     Model: SSE     Colour: GRY     Style: 4D,4/9/2021 5:48:07 PM,546098.4963,4809448.731,Q3,Weekend,FALSE
5974,49455,19171622,7/22/2019 4:40:00 PM,2019,7,22,16,40,Monday,545694.7381,4812598.514,-80.435112,43.464911,Private Drive,2,P.D. only,Off roadway,SMV,Daylight,Municipal,No control,Unknown,FALSE,FALSE,FALSE,Clear,TRUE,Road 1: 234 KEEWATIN AVE; Vehicle #1     Make: CHEV     Model: EXP     Colour: WHI     Style: FV; Vehicle #2     Make: STRN     Model: SI3     Colour: GRY     Style: 2D,4/9/2021 5:47:25 PM,545694.7381,4812598.514,Q3,Working,FALSE
5975,49456,19171657,7/22/2019 8:01:00 PM,2019,7,22,20,1,Monday,546858.7554,4811246.854,-80.420839,43.452669,Non intersection,2,P.D. only,On roadway,Intersection,Daylight,Municipal,No control,Unknown,FALSE,FALSE,FALSE,Clear,FALSE,Road 1: ZELLER DR (50 km/h); Road 2: JANET CRT; Distance: 30.0 M W; Vehicle #1     Make: NISS     Model: SL2     Colour: BGE     Style: 4D; Vehicle #2     Make: TOYT     Model: RG4     Colour: GRY     Style: TY,4/9/2021 5:47:49 PM,546858.7554,4811246.854,Q3,Working,FALSE
5976,49457,19172145,7/23/2019 12:00:00 PM,2019,7,23,12,0,Tuesday,540799.7488,4808814.828,-80.495906,43.431126,Non intersection,2,Non-reportable,On roadway,Intersection,Daylight,Municipal,No control,Unknown,FALSE,FALSE,FALSE,Clear,TRUE,Road 1: HOMER WATSON BLVD; Road 2: STIRLING AVE S; Vehicle #1     Make: DODG     Model: CAR     Colour: SIL     Style: VN; Vehicle #2     Make: FORD     Model: FEE     Colour: BLU     Style: 4B,4/27/2022 10:40:23 AM,540799.7488,4808814.828,Q3,Working,FALSE
5977,49458,19172336,7/23/2019 12:00:00 PM,2019,7,23,12,0,Tuesday,545430.7928,4812113.388,-80.438416,43.460559,Private Drive,2,Non-reportable,On roadway,SMV,Daylight,Municipal,No control,Unknown,FALSE,FALSE,FALSE,Clear,TRUE,Road 1: 7 OAKHURST CRESCENT; Vehicle #1     Make:      Model:      Colour:      Style: ; Vehicle #2     Make: TOYT     Model: CBA     Colour: GRY     Style: 4D,4/9/2021 5:47:36 PM,545430.7928,4812113.388,Q3,Working,FALSE
5978,49459,19172879,7/24/2019 7:45:00 AM,2019,7,24,7,45,Wednesday,545146.5458,4807125.132,-80.442342,43.415662,Intersection,2,P.D. only,On roadway,Rear end,Daylight,Municipal,Sign Control,Unknown,FALSE,FALSE,FALSE,Clear,TRUE,Road 1: WILSON AVE; Road 2: GOODRICH DR; Vehicle #1     Make: STRN     Model: SI2     Colour: BLK     Style: 4D; Vehicle #2     Make: FORD     Model: COF     Colour: WHI     Style: PK,4/9/2021 5:47:10 PM,545146.5458,4807125.133,Q3,Working,FALSE
5979,49460,19172978,7/24/2019 10:00:00 AM,2019,7,24,10,0,Wednesday,540425.5546,4806670.485,-80.500688,43.411838,Non intersection,2,P.D. only,On roadway,Intersection,Daylight,Municipal,No control,Unknown,FALSE,FALSE,FALSE,Clear,TRUE,Road 1: RISTAU PL; Road 2: RISTAU CRESCENT; Vehicle #1     Make: VOLK     Model: JET     Colour: RED     Style: 4D; Vehicle #2     Make: VOLK     Model: JTD     Colour: WHI     Style: 4D,4/9/2021 5:47:11 PM,540425.5546,4806670.485,Q3,Working,FALSE
5980,49461,19173088,7/24/2019 12:14:00 PM,2019,7,24,12,14,Wednesday,548347.2086,4804583.471,-80.403033,43.392578,Non intersection,2,P.D. only,On roadway,Intersection,Daylight,Municipal,No control,Unknown,FALSE,FALSE,FALSE,Clear,FALSE,Road 1: 400 DOON VALLEY DR (50 km/h); Road 2: DOON VALLEY DR; Distance: 2.0 M S; Vehicle #1     Make: TOYT     Model: HV4     Colour: WHI     Style: TY; Vehicle #2     Make: HOND     Model: UCL     Colour: GRN     Style: 4D,4/9/2021 5:47:40 PM,548347.2086,4804583.471,Q3,Working,FALSE
5981,49462,19173128,7/12/2019 2:00:00 PM,2019,7,12,14,0,Friday,540772.6933,4811526.107,-80.496038,43.45554,Private Drive,2,P.D. only,On roadway,SMV,Daylight,Municipal,No control,Unknown,FALSE,FALSE,FALSE,Clear,TRUE,Road 1: 105 BREITHAUPT ST; Vehicle #1     Make: CHEV     Model: SIL     Colour: WHI     Style: PK; Vehicle #2     Make: FORD     Model: COF     Colour: BLK     Style: PK,4/9/2021 5:47:20 PM,540772.6933,4811526.107,Q3,Weekend,FALSE
5982,49463,19173170,7/15/2019 4:15:00 PM,2019,7,15,16,15,Monday,544854.1426,4812671.564,-80.445498,43.46562,Private Drive,2,Non-reportable,Off roadway,SMV,Daylight,Municipal,No control,Unknown,FALSE,FALSE,FALSE,Clear,TRUE,Road 1: 135 MATTHEW ST; Vehicle #1     Make:      Model:      Colour:      Style: ; Vehicle #2     Make: KIA     Model: FLX     Colour: WHI     Style: 4D,4/9/2021 5:47:37 PM,544854.1426,4812671.564,Q3,Working,FALSE
5983,49464,19173184,7/24/2019 2:30:00 PM,2019,7,24,14,30,Wednesday,542108.3812,4807131.256,-80.479868,43.415894,Intersection,2,P.D. only,On roadway,Intersection,Daylight,Regional,Signal Control,Functioning,FALSE,FALSE,FALSE,Clear,TRUE,Road 1: STRASBURG RD; Road 2: BLOCK LINE RD; Vehicle #1     Make: CHEV     Model: RAX     Colour: GRY     Style: TY; Vehicle #2     Make: HOND     Model: CRV     Colour: WHI     Style: TY,4/9/2021 5:47:58 PM,542108.3812,4807131.256,Q3,Working,FALSE
5984,49465,19173186,7/24/2019 2:00:00 PM,2019,7,24,14,0,Wednesday,542561.3648,4812550.335,-80.47385,43.464662,Intersection,2,P.D. only,On roadway,Intersection,Daylight,Regional,Sign Control,Unknown,FALSE,FALSE,FALSE,Clear,TRUE,Road 1: WELLINGTON ST N; Road 2: CONESTOGA PKWY; Vehicle #1     Make: FORD     Model: CTV     Colour: WHI     Style: CB; Vehicle #2     Make: VOLK     Model: TLP     Colour: GRY     Style: 4D,4/9/2021 5:47:59 PM,542561.3648,4812550.335,Q3,Working,FALSE
5985,49466,19173295,7/24/2019 3:30:00 PM,2019,7,24,15,30,Wednesday,545095.294,4807778.788,-80.442921,43.421551,Non intersection,2,P.D. only,On roadway,Rear end,Daylight,Municipal,No control,Unknown,FALSE,FALSE,FALSE,Clear,TRUE,Road 1: WILSON AVE; Road 2: FAIRWAY RD S; Vehicle #1     Make: MITS     Model: LES     Colour: BLU     Style: 4D; Vehicle #2     Make: HOND     Model: UCL     Colour: BGE     Style: 4D,4/9/2021 5:47:22 PM,545095.294,4807778.788,Q3,Working,FALSE
5986,49467,19173400,7/24/2019 6:17:00 PM,2019,7,24,18,17,Wednesday,537378.3805,4809958.162,-80.538099,43.441599,Private Drive,2,P.D. only,On roadway,SMV,Daylight,Municipal,No control,Unknown,FALSE,FALSE,FALSE,Clear,FALSE,Road 1: 352 WESTWOOD DR (50 km/h); Road 2: WESTWOOD DR; Distance: 1.0 M W; Vehicle #1     Make: NEWF     Model: XD4     Colour: WHI     Style: BU; Vehicle #2     Make: MACK     Model: 800     Colour: WHI     Style: MX,4/9/2021 5:47:41 PM,537378.3805,4809958.162,Q3,Working,FALSE
5987,49468,19173501,7/23/2019 3:00:00 PM,2019,7,23,15,0,Tuesday,544520.6422,4810584.671,-80.449791,43.446849,Intersection,2,Non-reportable,On roadway,Intersection,Daylight,Municipal,Sign Control,Functioning,FALSE,FALSE,FALSE,Clear,TRUE,Road 1: FRANKLIN ST N; Road 2: DREGER ST; Vehicle #1     Make: STRN     Model: VUE     Colour: GRY     Style: TY; Vehicle #2     Make: MAZD     Model: M3I     Colour: BLU     Style: 4D,4/9/2021 5:47:55 PM,544520.6422,4810584.671,Q3,Working,FALSE
5988,49469,19173783,7/25/2019 7:05:00 AM,2019,7,25,7,5,Thursday,543857.2158,4805116.089,-80.458428,43.397649,Intersection,2,P.D. only,On roadway,Intersection,Daylight,Municipal,Signal Control,Functioning,FALSE,FALSE,FALSE,Clear,TRUE,Road 1: HURON RD; Road 2: TRILLIUM DR; Vehicle #1     Make: RAM     Model: RTR     Colour: RED     Style: PK; Vehicle #2     Make: FORD     Model: SPE     Colour: RED     Style: TY,4/9/2021 5:47:11 PM,543857.2158,4805116.089,Q3,Weekend,FALSE
5989,49470,19173928,7/25/2019 10:19:00 AM,2019,7,25,10,19,Thursday,537511.4798,4808814.43,-80.536533,43.431294,Private Drive,2,P.D. only,Off roadway,SMV,Daylight,Municipal,No control,Unknown,FALSE,FALSE,FALSE,Clear,FALSE,Road 1: 173 EASTFOREST TRAIL (50 km/h); Road 2: EASTFOREST TRAIL; Distance: 9.0 M W; Vehicle #1     Make: PETE     Model:      Colour:      Style:,4/9/2021 5:47:42 PM,537511.4798,4808814.431,Q3,Weekend,FALSE
5990,49471,19174186,7/25/2019 2:50:00 PM,2019,7,25,14,50,Thursday,539337.7051,4810562.765,-80.513844,43.446942,Non intersection,2,P.D. only,On roadway,Intersection,Daylight,Municipal,No control,Unknown,FALSE,FALSE,FALSE,Clear,TRUE,Road 1: BELMONT AVE W; Road 2: GAGE AVE; Vehicle #1     Make: HOND     Model: UDY     Colour: SIL     Style: TY; Vehicle #2     Make: CHEV     Model: MLT     Colour: GRY     Style: 4D,4/9/2021 5:47:26 PM,539337.7051,4810562.765,Q3,Weekend,FALSE
5991,49472,19174311,7/25/2019 4:20:00 PM,2019,7,25,16,20,Thursday,546062.9994,4809492.583,-80.430822,43.436923,Intersection,2,P.D. only,On roadway,Rear end,Daylight,Regional,Signal Control,Functioning,FALSE,FALSE,FALSE,Clear,TRUE,Road 1: KINZIE AVE; Road 2: RIVER RD E; Vehicle #1     Make: TOYT     Model: UCS     Colour: BRN     Style: 4D; Vehicle #2     Make: KIA     Model: SOR     Colour: SIL     Style: TY,4/9/2021 5:47:57 PM,546062.9994,4809492.583,Q3,Weekend,FALSE
5992,49473,19174577,7/24/2019 1:00:00 PM,2019,7,24,13,0,Wednesday,541451.9795,4810085.953,-80.487751,43.442535,Non intersection,2,Non-reportable,On roadway,Other,Daylight,Regional,No control,Unknown,FALSE,FALSE,FALSE,Clear,TRUE,Road 1: CEDAR ST S; Road 2: COURTLAND AVE E; Vehicle #1     Make:      Model:      Colour:      Style: ; Vehicle #2     Make: VOLK     Model: JL1     Colour: BLK     Style: 4D,4/9/2021 5:48:10 PM,541451.9795,4810085.953,Q3,Working,FALSE
5993,49474,19176123,7/27/2019 4:10:00 PM,2019,7,27,16,10,Saturday,548008.5999,4806202.332,-80.407072,43.407176,Non intersection,2,P.D. only,On roadway,SMV,Daylight,Municipal,No control,Unknown,FALSE,FALSE,FALSE,Clear,FALSE,Road 1: 141 DEER RIDGE DR (50 km/h); Road 2: DEER RIDGE DR; Distance: 1.0 M E; Vehicle #1     Make: MERZ     Model: C4A     Colour: WHI     Style: CV; Vehicle #2     Make: VOLK     Model: JSL     Colour: WHI     Style: 4D,4/9/2021 5:47:42 PM,548008.5999,4806202.332,Q3,Weekend,FALSE
5994,49475,19176312,7/27/2019 9:06:00 PM,2019,7,27,21,6,Saturday,538379.1931,4809758.118,-80.525746,43.439747,Non intersection,2,P.D. only,Off roadway,SMV,Dark,Municipal,No control,Unknown,FALSE,FALSE,FALSE,Clear,FALSE,Road 1: 75 HAZELGLEN DR (50 km/h); Road 2: HAZELGLEN DR; Distance: 6.0 M W; Vehicle #1     Make: MAZD     Model: M3I     Colour: SIL     Style: 4D; Vehicle #2     Make: MAZD     Model: CX5     Colour: GRY     Style: TY,4/9/2021 5:47:46 PM,538379.1931,4809758.118,Q3,Weekend,FALSE
5995,49476,19176682,7/28/2019 4:00:00 AM,2019,7,28,4,0,Sunday,543584.7949,4804802.73,-80.461817,43.394844,Intersection,2,P.D. only,On roadway,SMV,Dawn,Municipal,No control,Functioning,FALSE,FALSE,FALSE,Clear,FALSE,Road 1: OLD HURON RD (50 km/h); Road 2: MARIANNE DORN TRAIL (50 km/h); Vehicle #1     Make:      Model:      Colour:      Style: ; Vehicle #2     Make: VOLK     Model: JET     Colour: WHI     Style: 4D,4/9/2021 5:47:41 PM,543584.7949,4804802.73,Q3,Weekend,FALSE
5996,49477,19177371,7/29/2019 9:24:00 AM,2019,7,29,9,24,Monday,541419.3368,4810761.221,-80.488104,43.448617,Non intersection,2,P.D. only,On roadway,Rear end,Daylight,Municipal,No control,Unknown,FALSE,FALSE,FALSE,Clear,FALSE,Road 1: BENTON ST (50 km/h); Road 2: HALLS LANE E; Distance: 4.0 M S; Vehicle #1     Make: PONT     Model: VIB     Colour: RED     Style: 4B; Vehicle #2     Make: HYUN     Model: SAN     Colour: BLK     Style: TY,4/9/2021 5:47:46 PM,541419.3368,4810761.222,Q3,Working,FALSE
5997,49478,19177734,7/29/2019 6:04:00 PM,2019,7,29,18,4,Monday,541074.9283,4813133.913,-80.492181,43.47,Non intersection,2,P.D. only,Off roadway,SMV,Daylight,Municipal,No control,Unknown,FALSE,FALSE,FALSE,Clear,FALSE,Road 1: 887 UNION ST (50 km/h); Road 2: UNION ST; Distance: 1.0 M N; Vehicle #1     Make: PETE     Model:      Colour:      Style: ; Vehicle #2     Make: CHEV     Model: SIL     Colour: GRY     Style: PK,4/9/2021 5:47:42 PM,541074.9283,4813133.913,Q3,Working,FALSE
5998,49479,19178250,7/30/2019 1:00:00 PM,2019,7,30,13,0,Tuesday,538899.7503,4811472.015,-80.519191,43.455152,Intersection,2,Non-reportable,On roadway,Intersection,Daylight,Municipal,Signal Control,Functioning,FALSE,FALSE,FALSE,Clear,TRUE,Road 1: BELMONT AVE; Road 2: UNION BLVD; Vehicle #1     Make: PONT     Model: WLT     Colour: GRY     Style: 4B; Vehicle #2     Make: FRHT     Model: CSC     Colour: WHI     Style: CT,4/9/2021 5:47:12 PM,538899.7503,4811472.015,Q3,Working,FALSE
5999,49480,19178441,7/30/2019 3:30:00 PM,2019,7,30,15,30,Tuesday,545121.2994,4807672.928,-80.442608,43.420596,Non intersection,2,P.D. only,On roadway,Rear end,Daylight,Municipal,No control,Unknown,FALSE,FALSE,FALSE,Clear,TRUE,Road 1: WILSON AVE; Road 2: FAIRWAY RD S; Vehicle #1     Make: HYUN     Model: ESM     Colour: WHI     Style: 4D; Vehicle #2     Make: TOYT     Model: RV4     Colour: GRY     Style: TY,4/9/2021 5:47:38 PM,545121.2994,4807672.928,Q3,Working,FALSE
6000,49481,19178635,7/30/2019 5:50:00 PM,2019,7,30,17,50,Tuesday,542019.63,4806760.21,-80.480993,43.412558,Non intersection,2,P.D. only,Off roadway,SMV,Daylight,Municipal,No control,Unknown,FALSE,FALSE,FALSE,Clear,TRUE,Road 1: 79 BROOKFIELD CRESCENT; Vehicle #1     Make:      Model:      Colour:      Style: ; Vehicle #2     Make: BMW     Model: 3DX     Colour: BLK     Style: 4D,4/9/2021 5:48:03 PM,542019.63,4806760.21,Q3,Working,FALSE
6001,49482,19178709,7/30/2019 7:00:00 PM,2019,7,30,19,0,Tuesday,544972.2672,4811007.594,-80.444175,43.45063,Non intersection,2,P.D. only,On roadway,Intersection,Daylight,Regional,No control,Unknown,FALSE,FALSE,FALSE,Clear,TRUE,Road 1: RIVER RD E; Road 2: OTTAWA ST N; Vehicle #1     Make: FORD     Model: FEE     Colour: GRN     Style: 4B; Vehicle #2     Make: HYUN     Model: AGG     Colour: BLK     Style: 4D,4/27/2022 10:39:01 AM,544972.2672,4811007.594,Q3,Working,FALSE
6002,49483,19178968,7/31/2019 8:45:00 AM,2019,7,31,8,45,Wednesday,542708.5075,4810049.601,-80.472227,43.442137,Non intersection,2,P.D. only,On roadway,Rear end,Daylight,Municipal,No control,Unknown,FALSE,FALSE,FALSE,Clear,TRUE,Road 1: KING ST E KITCHENER; Road 2: ONWARD ST; Vehicle #1     Make: HOND     Model: ULX     Colour: SIL     Style: 4D; Vehicle #2     Make:      Model:      Colour:      Style:,4/9/2021 5:47:27 PM,542708.5075,4810049.601,Q3,Working,FALSE
6003,49484,19179166,7/30/2019 5:30:00 PM,2019,7,30,17,30,Tuesday,546097.292,4809448.723,-80.430402,43.436526,Non intersection,2,P.D. only,On roadway,Intersection,Daylight,Regional,No control,Unknown,FALSE,FALSE,FALSE,Clear,TRUE,Road 1: RIVER RD E; Road 2: KINZIE AVE; Vehicle #1     Make: TOYT     Model: SIE     Colour: GRN     Style: VN; Vehicle #2     Make: CHEV     Model: LLS     Colour: RED     Style: 4D,4/9/2021 5:48:08 PM,546097.292,4809448.723,Q3,Working,FALSE
6004,49485,19179214,7/28/2019 1:00:00 PM,2019,7,28,13,0,Sunday,545887.0398,4809712.752,-80.432978,43.438916,Non intersection,2,Non-reportable,On roadway,SMV,Daylight,Regional,No control,Unknown,FALSE,FALSE,FALSE,Clear,TRUE,Road 1: RIVER RD E; Road 2: OLD CHICOPEE DR; Vehicle #1     Make: CHRY     Model: C30     Colour: RED     Style: 4D,4/9/2021 5:48:05 PM,545887.0398,4809712.752,Q3,Weekend,FALSE
6005,49486,19179423,7/31/2019 6:00:00 PM,2019,7,31,18,0,Wednesday,545257.6284,4802998.331,-80.441311,43.378498,Intersection,2,P.D. only,On roadway,Intersection,Daylight,Municipal,No control,Functioning,FALSE,FALSE,FALSE,Clear,TRUE,Road 1: FOREST CREEK DR; Road 2: ROBERT FERRIE DR; Vehicle #1     Make: AUDI     Model: 6PR     Colour: BLK     Style: 4D; Vehicle #2     Make:      Model:      Colour:      Style:,4/9/2021 5:47:13 PM,545257.6284,4802998.331,Q3,Working,FALSE
6006,49487,19179565,6/25/2019 8:00:00 AM,2019,6,25,8,0,Tuesday,543992.5993,4811999.108,-80.456202,43.459616,Non intersection,2,Non-reportable,On roadway,SMV,Daylight,Municipal,No control,Unknown,FALSE,FALSE,FALSE,Clear,TRUE,Road 1: 130 ELKINGTON DR; Vehicle #1     Make:      Model:      Colour:      Style: ; Vehicle #2     Make: SUBA     Model: O2P     Colour: SIL     Style: SW,4/9/2021 4:25:59 PM,543992.5993,4811999.108,Q2,Working,FALSE
6007,49488,19179594,7/31/2019 8:45:00 PM,2019,7,31,20,45,Wednesday,546440.1762,4802849.447,-80.426726,43.377085,Private Drive,2,P.D. only,On roadway,SMV,Dusk,Municipal,No control,Unknown,FALSE,FALSE,FALSE,Clear,TRUE,Road 1: 364 ROBERT FERRIE DR; Vehicle #1     Make:      Model:      Colour:      Style: ; Vehicle #2     Make: CHRY     Model: 3TR     Colour: BLU     Style: 4D,4/9/2021 5:47:26 PM,546440.1762,4802849.447,Q3,Working,FALSE
6008,49489,19179973,8/1/2019 11:19:00 AM,2019,8,1,11,19,Thursday,542904.9915,4812718.444,-80.469589,43.466156,Intersection,2,P.D. only,On roadway,Intersection,Daylight,Municipal,Sign Control,Functioning,FALSE,FALSE,FALSE,Clear,FALSE,Road 1: WELLINGTON ST N (60 km/h); Road 2: 85 N OFF TO WELLINGTON ST N N (90 km/h); Vehicle #1     Make: TOYT     Model: CBS     Colour: WHI     Style: 4D; Vehicle #2     Make: DODG     Model: CAR     Colour: WHI     Style: VN,4/9/2021 5:54:18 PM,542904.9915,4812718.444,Q3,Weekend,FALSE
6009,49490,19180041,7/31/2019 5:00:00 PM,2019,7,31,17,0,Wednesday,539295.6888,4811574.53,-80.51429,43.456055,Intersection,2,Non-reportable,On roadway,Intersection,Daylight,Municipal,Sign Control,Unknown,FALSE,TRUE,FALSE,Clear,TRUE,Road 1: PARK ST; Road 2: MT HOPE ST; Vehicle #1     Make:      Model: -     Colour:      Style: ; Vehicle #2     Make: TOYT     Model: UCS     Colour: GRY     Style: 4D,4/9/2021 5:47:32 PM,539295.6888,4811574.53,Q3,Working,FALSE
6010,49491,19180051,8/1/2019 12:45:00 PM,2019,8,1,12,45,Thursday,541875.3654,4810744.428,-80.482469,43.448441,Intersection,2,P.D. only,On roadway,Intersection,Daylight,Municipal,No control,Functioning,FALSE,FALSE,FALSE,Clear,TRUE,Road 1: CEDAR ST N; Road 2: DUKE ST E; Vehicle #1     Make: MITS     Model: LES     Colour: BLK     Style: 4D; Vehicle #2     Make: HOND     Model: ULS     Colour: BLU     Style: 4D,4/9/2021 5:54:26 PM,541875.3654,4810744.429,Q3,Weekend,FALSE
6011,49492,19180519,8/1/2019 11:27:00 PM,2019,8,1,23,27,Thursday,539675.7576,4806484.88,-80.509962,43.410207,Intersection,2,P.D. only,On roadway,Intersection,Dark,Municipal,No control,Functioning,FALSE,TRUE,FALSE,Clear,FALSE,Road 1: WILDERNESS DR (50 km/h); Road 2: ACTIVA AVE (50 km/h); Vehicle #1     Make: PETE     Model:      Colour:      Style: ; Vehicle #2     Make: TOYT     Model: CBS     Colour: BRN     Style: 4D,4/9/2021 5:54:15 PM,539675.7576,4806484.88,Q3,Weekend,FALSE