,OBJECTID,ACCIDENTNUM,ACCIDENTDATE,ACCIDENT_YEAR,ACCIDENT_MONTH,ACCIDENT_DAY,ACCIDENT_HOUR,ACCIDENT_MINUTE,Accident_Day,XCOORD,YCOORD,LONGITUDE,LATITUDE,Accident_Location,COLLISIONTYPE,Accident_Type,Impact_Location,Impact_Type,Light,Road_Jurisdication,Traffic_Control,Traffic_Control_Condition,Pedestrian_Involved,Cyclist_Involved,Motorcyclist_Involved,Environment_Condition,Self_Reported,XMLIMPORTNOTES,LASTEDITEDDATE,x,y,Quarter,Day_Type,Vulnerable_Involved
6060,49541,19191351,8/15/2019 9:37:00 AM,2019,8,15,9,37,Thursday,541257.2765,4811454.401,-80.490054,43.454867,Intersection,2,P.D. only,Off roadway,SMV,Daylight,Municipal,Sign Control,Functioning,FALSE,FALSE,FALSE,Clear,FALSE,Road 1: AHRENS ST W (40 km/h); Road 2: MAYNARD AVE (40 km/h); Vehicle #1     Make: DODG     Model: CXT     Colour: RED     Style: 4D,4/9/2021 5:53:55 PM,541257.2765,4811454.401,Q3,Weekend,FALSE
6061,49542,19191413,8/15/2019 10:43:00 AM,2019,8,15,10,43,Thursday,542443.9185,4811615.502,-80.475375,43.456252,Non intersection,2,P.D. only,Off roadway,SMV,Daylight,Municipal,No control,Unknown,FALSE,FALSE,FALSE,Clear,FALSE,Road 1: 15 EAST AVE (50 km/h); Road 2: EAST AVE; Distance: 6.0 M N; Vehicle #1     Make: PETE     Model:      Colour:      Style:,4/9/2021 5:53:11 PM,542443.9185,4811615.502,Q3,Weekend,FALSE
6062,49543,19191793,8/15/2019 7:10:00 PM,2019,8,15,19,10,Thursday,545123.7969,4807659.74,-80.442579,43.420477,Non intersection,2,P.D. only,On roadway,Intersection,Daylight,Regional,No control,Unknown,FALSE,FALSE,FALSE,Clear,TRUE,Road 1: WILSON AVE; Vehicle #1     Make: PONT     Model: GAS     Colour: GRY     Style: 4D; Vehicle #2     Make: VOLK     Model: 25L     Colour: RED     Style: 2B,4/9/2021 5:53:30 PM,545123.7969,4807659.74,Q3,Weekend,FALSE
6063,49544,19191861,8/14/2019 1:45:00 PM,2019,8,14,13,45,Wednesday,541499.2876,4811862.989,-80.487032,43.458533,Non intersection,2,P.D. only,On roadway,Intersection,Daylight,Regional,No control,Unknown,FALSE,FALSE,FALSE,Clear,TRUE,Road 1: BREITHAUPT ST; Vehicle #1     Make: NISS     Model: MUR     Colour: WHI     Style: TY; Vehicle #2     Make: CHRY     Model: 2LM     Colour: BLU     Style: 4D,4/9/2021 5:53:26 PM,541499.2876,4811862.989,Q3,Working,FALSE
6064,49545,19192102,8/16/2019 9:15:00 AM,2019,8,16,9,15,Friday,542361.5985,4810257.553,-80.476498,43.444029,Non intersection,2,P.D. only,On roadway,Intersection,Daylight,Regional,No control,Unknown,FALSE,FALSE,FALSE,Clear,TRUE,Road 1: KING ST E; Road 2: STIRLING AVE S; Vehicle #1     Make: CHEV     Model: LTA     Colour: GRY     Style: 4D; Vehicle #2     Make: GMC     Model: CAN     Colour: BLK     Style: PK,4/9/2021 5:53:19 PM,542361.5985,4810257.553,Q3,Weekend,FALSE
6065,49546,19192120,8/15/2019 7:45:00 AM,2019,8,15,7,45,Thursday,542332.0781,4811447.316,-80.47677,43.454744,Private Drive,2,P.D. only,Off roadway,SMV,Daylight,Municipal,No control,Unknown,FALSE,FALSE,FALSE,Clear,TRUE,Road 1: 37 LYDIA ST; Road 2: BINGEMAN ST; Vehicle #1     Make:      Model:      Colour:      Style: ; Vehicle #2     Make: SUBA     Model: I2P     Colour: SIL     Style: SW,4/9/2021 5:54:59 PM,542332.0781,4811447.316,Q3,Weekend,FALSE
6066,49547,19192240,8/16/2019 11:30:00 AM,2019,8,16,11,30,Friday,544180.7269,4807687.319,-80.454226,43.420782,Non intersection,2,P.D. only,On roadway,Intersection,Daylight,Municipal,No control,Unknown,FALSE,FALSE,FALSE,Clear,TRUE,Road 1: 341 TRAYNOR AVE; Road 2: TRAYNOR AVE; Vehicle #1     Make: CHEV     Model: CZT     Colour: GRY     Style: 4D; Vehicle #2     Make: TOYT     Model: C4E     Colour: WHI     Style: 4D,4/9/2021 5:53:44 PM,544180.7269,4807687.319,Q3,Weekend,FALSE
6067,49548,19192367,8/16/2019 2:50:00 PM,2019,8,16,14,50,Friday,541824.1274,4807813.432,-80.483327,43.422053,Non intersection,2,P.D. only,Off roadway,SMV,Daylight,Municipal,No control,Unknown,FALSE,FALSE,FALSE,Clear,FALSE,Road 1: 57 KINGSWOOD DR (50 km/h); Road 2: ROBERTS CRES; Distance: 1.0 M N; Vehicle #1     Make: MITS     Model: RVR     Colour: WHI     Style: TY,4/9/2021 5:53:09 PM,541824.1274,4807813.432,Q3,Weekend,FALSE
6068,49549,19192410,8/9/2019 4:00:00 PM,2019,8,9,16,0,Friday,540189.6754,4809429.597,-80.503398,43.436694,Non intersection,2,Non-reportable,On roadway,Rear end,Daylight,Regional,No control,Unknown,FALSE,FALSE,FALSE,Clear,TRUE,Road 1: QUEEN'S BLVD; Road 2: BELMONT AVE W; Vehicle #1     Make: FORD     Model: EDG     Colour: WHI     Style: TY; Vehicle #2     Make: NISS     Model: SL2     Colour: RED     Style: 4D,4/9/2021 5:53:38 PM,540189.6754,4809429.597,Q3,Weekend,FALSE
6069,49550,19192508,8/16/2019 9:00:00 AM,2019,8,16,9,0,Friday,544759.4233,4809594.619,-80.446921,43.437921,Non intersection,2,Non-reportable,On roadway,SMV,Daylight,Municipal,No control,Unknown,FALSE,FALSE,FALSE,Clear,TRUE,Road 1: 45 SHUH AVE; Vehicle #1     Make: FRHT     Model: FM2     Colour: WHI     Style: CT; Vehicle #2     Make:      Model:      Colour:      Style:,4/9/2021 5:53:35 PM,544759.4233,4809594.619,Q3,Weekend,FALSE
6070,49551,19193088,8/17/2019 10:55:00 AM,2019,8,17,10,55,Saturday,545619.4161,4813854.952,-80.435938,43.476229,Non intersection,1,Non-fatal injury,On roadway,Intersection,Daylight,Municipal,No control,Unknown,FALSE,FALSE,TRUE,Clear,FALSE,Road 1: 2188 SHIRLEY DR (50 km/h); Road 2: SHIRLEY DR; Distance: 8.0 M W; Vehicle #1     Make: BMW     Model: HP4     Colour: WHI     Style: MS; Vehicle #2     Make: HOND     Model: ULS     Colour: RED     Style: 4D,4/9/2021 5:53:14 PM,545619.4161,4813854.952,Q3,Weekend,TRUE
6071,49552,19193220,8/16/2019 10:30:00 AM,2019,8,16,10,30,Friday,543779.7383,4810206.57,-80.458977,43.443489,Private Drive,2,P.D. only,On roadway,SMV,Daylight,Municipal,No control,Unknown,FALSE,FALSE,FALSE,Clear,TRUE,Road 1: 106 CLIVE RD; Vehicle #1     Make: NISS     Model: SML     Colour: BLK     Style: 4D; Vehicle #2     Make: FORD     Model: FEE     Colour: GRY     Style: 4B,4/9/2021 5:54:59 PM,543779.7383,4810206.57,Q3,Weekend,FALSE
6072,49553,19193254,8/17/2019 2:40:00 PM,2019,8,17,14,40,Saturday,545141.0323,4807587.999,-80.442372,43.41983,Non intersection,2,Non-reportable,On roadway,Intersection,Daylight,Regional,No control,Unknown,FALSE,FALSE,FALSE,Clear,TRUE,Road 1: 509 WILSON AVE; Vehicle #1     Make: DODG     Model: CXT     Colour: WHI     Style: 4B; Vehicle #2     Make: TOYT     Model: C4E     Colour: GRY     Style: 4D,4/9/2021 5:53:29 PM,545141.0323,4807587.999,Q3,Weekend,FALSE
6073,49554,19193384,8/7/2019 6:30:00 PM,2019,8,7,18,30,Wednesday,538531.5053,4809609.443,-80.523874,43.438401,Intersection,2,Non-reportable,On roadway,Rear end,Daylight,Municipal,Signal Control,Functioning,FALSE,FALSE,FALSE,Clear,TRUE,Road 1: HAZELGLEN DRIVE; Road 2: VICTORIA ST S; Vehicle #1     Make: MAZD     Model: CX5     Colour: WHI     Style: TY; Vehicle #2     Make:      Model:      Colour:      Style:,4/9/2021 5:54:02 PM,538531.5053,4809609.443,Q3,Working,FALSE
6074,49555,19194025,8/18/2019 2:23:00 PM,2019,8,18,14,23,Sunday,542764.5257,4811564.96,-80.471416,43.455778,Intersection,2,P.D. only,Off roadway,SMV,Daylight,Municipal,Sign Control,Functioning,FALSE,FALSE,TRUE,Clear,FALSE,Road 1: DUMFRIES AVE (50 km/h); Road 2: CHAPEL ST (50 km/h); Distance: 8.0 M E; Vehicle #1     Make: HD     Model: 20C     Colour: BLK     Style: MS,4/9/2021 5:53:56 PM,542764.5257,4811564.96,Q3,Weekend,TRUE
6075,49556,19194095,8/18/2019 12:00:00 PM,2019,8,18,12,0,Sunday,546411.9609,4810888.101,-80.426392,43.449467,Private Drive,2,Non-reportable,On roadway,SMV,Daylight,Municipal,No control,Unknown,FALSE,FALSE,FALSE,Clear,TRUE,Road 1: 135 BRIERDALE DR; Vehicle #1     Make:      Model:      Colour:      Style: ; Vehicle #2     Make: TOYT     Model: COR     Colour: WHI     Style: 4D,4/9/2021 5:54:55 PM,546411.9609,4810888.101,Q3,Weekend,FALSE
6076,49557,19194235,8/18/2019 7:46:00 PM,2019,8,18,19,46,Sunday,546060.3771,4809490.952,-80.430855,43.436908,Intersection,2,P.D. only,On roadway,Intersection,Daylight,Municipal,Signal Control,Functioning,FALSE,FALSE,FALSE,Clear,FALSE,Road 1: KINZIE AVE (50 km/h); Road 2: RIVER RD E (60 km/h); Vehicle #1     Make: HYUN     Model: EGS     Colour: GRY     Style: SW; Vehicle #2     Make: HOND     Model: PIL     Colour: BLK     Style: TY,4/9/2021 5:54:18 PM,546060.3771,4809490.952,Q3,Weekend,FALSE
6077,49558,19194343,8/18/2019 9:55:00 PM,2019,8,18,21,55,Sunday,542461.9605,4807241.776,-80.475492,43.416869,Non intersection,2,P.D. only,On roadway,Rear end,Dark,Municipal,No control,Unknown,FALSE,FALSE,FALSE,Clear,FALSE,Road 1: 25 COUNTRY HILL DR (50 km/h); Road 2: COUNTRY HILL DR; Distance: 20.0 K E; Vehicle #1     Make: VOLK     Model: CC     Colour: BRN     Style: 4D; Vehicle #2     Make: MITS     Model: LST     Colour: RED     Style: 4D; Vehicle #3     Make: HYUN    ,4/9/2021 5:54:10 PM,542461.9605,4807241.776,Q3,Weekend,FALSE
6078,49559,19194467,8/19/2019 6:19:00 AM,2019,8,19,6,19,Monday,546096.8295,4811088.071,-80.43027,43.451287,Private Drive,2,P.D. only,Off roadway,SMV,Daylight,Municipal,No control,Unknown,FALSE,FALSE,FALSE,Clear,FALSE,Road 1: 110 OLDFIELD DR (50 km/h); Road 2: OLDFIELD DR; Distance: 3.0 M W; Vehicle #1     Make: KIA     Model: FEX     Colour: GRY     Style: 4D,4/9/2021 5:54:44 PM,546096.8295,4811088.072,Q3,Working,FALSE
6079,49560,19194670,8/19/2019 11:00:00 AM,2019,8,19,11,0,Monday,540870.5501,4810596.912,-80.494898,43.447168,Non intersection,2,P.D. only,On roadway,Rear end,Daylight,Municipal,No control,Unknown,FALSE,FALSE,FALSE,Clear,TRUE,Road 1: JUBILEE DR; Road 2: DAVID ST; Distance: 60.0 M N; Vehicle #1     Make: VOLK     Model: TIG     Colour: RED     Style: TY; Vehicle #2     Make: BMW     Model: 32I     Colour: GRY     Style: 4D,4/9/2021 5:53:19 PM,540870.5501,4810596.912,Q3,Working,FALSE
6080,49561,19194916,8/19/2019 5:50:00 PM,2019,8,19,17,50,Monday,544178.4124,4812271.461,-80.453883,43.462057,Intersection,2,P.D. only,On roadway,Intersection,Daylight,Municipal,Sign Control,Unknown,FALSE,FALSE,FALSE,Clear,TRUE,Road 1: MANCHESTER RD; Road 2: AVON RD; Vehicle #1     Make: TOYT     Model: CUB     Colour: WHI     Style: 4D; Vehicle #2     Make: TOYT     Model: RG4     Colour: BRN     Style: TY,4/9/2021 5:54:32 PM,544178.4124,4812271.461,Q3,Working,FALSE
6081,49562,19195013,8/17/2019 2:50:00 PM,2019,8,17,14,50,Saturday,544600.8827,4809959.098,-80.44885,43.441212,Non intersection,2,P.D. only,On roadway,Intersection,Daylight,Regional,No control,Unknown,FALSE,FALSE,FALSE,Clear,TRUE,Road 1: KENNETH AVE; Road 2: FRANKLIN; Vehicle #1     Make: TOYT     Model: CTR     Colour: BLU     Style: 4B; Vehicle #2     Make: HYUN     Model: EGS     Colour: BLK     Style: 4D,4/9/2021 5:54:07 PM,544600.8827,4809959.098,Q3,Weekend,FALSE
6082,49563,19195049,8/19/2019 4:15:00 PM,2019,8,19,16,15,Monday,541981.4766,4810673.598,-80.481163,43.447797,Intersection,2,P.D. only,On roadway,Intersection,Daylight,Regional,Sign Control,Functioning,FALSE,FALSE,FALSE,Clear,TRUE,Road 1: DUKE ST E; Road 2: MADISON AVE N; Vehicle #1     Make: HOND     Model: UDX     Colour: BGE     Style: 4D; Vehicle #2     Make: FORD     Model: COF     Colour: WHI     Style: PK,4/9/2021 5:54:31 PM,541981.4766,4810673.598,Q3,Working,FALSE
6083,49564,19195799,8/20/2019 5:00:00 PM,2019,8,20,17,0,Tuesday,541341.1597,4803373.693,-80.489629,43.382104,Private Drive,2,Non-reportable,On roadway,SMV,Daylight,Regional,No control,Unknown,FALSE,FALSE,FALSE,Clear,TRUE,Road 1: HURON RD; Road 2: FISCHER HALLMAN RD; Vehicle #1     Make: INTL     Model: 560     Colour: WHI     Style: MX; Vehicle #2     Make: INTL     Model: 40S     Colour: WHI     Style: CT,4/9/2021 5:54:56 PM,541341.1597,4803373.693,Q3,Working,FALSE
6084,49565,19196347,8/21/2019 12:00:00 PM,2019,8,21,12,0,Wednesday,545125.4111,4807658.551,-80.442559,43.420466,Non intersection,2,P.D. only,On roadway,Intersection,Daylight,Regional,No control,Unknown,FALSE,FALSE,FALSE,Clear,TRUE,Road 1: WILSON AVE; Road 2: FAIRWAY RD S; Vehicle #1     Make: FORD     Model: TIA     Colour: BLU     Style: 4D; Vehicle #2     Make: TOYT     Model: CBS     Colour: BGE     Style: 4D,4/9/2021 5:53:28 PM,545125.4111,4807658.551,Q3,Working,FALSE
6085,49566,19196377,8/21/2019 8:45:00 AM,2019,8,21,8,45,Wednesday,543981.8354,4804106.291,-80.456971,43.38855,Private Drive,2,P.D. only,On roadway,Other,Daylight,Municipal,No control,Unknown,FALSE,FALSE,FALSE,Clear,TRUE,Road 1: 44 KILKERRAN CRESCENT (IN FRONT OF 44 KILKERRAN CRES); Vehicle #1     Make: TOYT     Model: TAC     Colour: RED     Style: PK; Vehicle #2     Make: DODG     Model: CAR     Colour: BLU     Style: VN,4/9/2021 5:54:57 PM,543981.8354,4804106.291,Q3,Working,FALSE
6086,49567,19196661,8/21/2019 7:20:00 PM,2019,8,21,19,20,Wednesday,548758.0869,4806472.892,-80.397792,43.409563,Non intersection,2,Non-reportable,On roadway,Intersection,Daylight,Regional,No control,Unknown,FALSE,FALSE,FALSE,Clear,TRUE,Road 1: SPORTSWORLD CROSSING RD; Road 2: KING ST E; Vehicle #1     Make: HYUN     Model: SAN     Colour: BLU     Style: TY; Vehicle #2     Make: ACUR     Model: RDX     Colour: WHI     Style: TY,8/16/2022 3:04:21 PM,548758.0869,4806472.892,Q3,Working,FALSE
6087,49568,19196674,8/21/2019 6:57:00 PM,2019,8,21,18,57,Wednesday,541875.2905,4810744.484,-80.48247,43.448441,Intersection,1,Non-fatal injury,On roadway,Intersection,Daylight,Municipal,No control,Functioning,FALSE,FALSE,FALSE,Clear,FALSE,Road 1: DUKE ST E (40 km/h); Road 2: CEDAR ST N (40 km/h); Vehicle #1     Make: MNNI     Model: CTS     Colour: WHI     Style: SW; Vehicle #2     Make: TOYT     Model: UCS     Colour: WHI     Style: 4D,4/9/2021 5:53:51 PM,541875.2905,4810744.484,Q3,Working,FALSE
6088,49569,19196832,8/21/2019 10:41:00 PM,2019,8,21,22,41,Wednesday,537971.7682,4809966.915,-80.530766,43.441648,Non intersection,2,P.D. only,On roadway,SMV,Dark,Municipal,No control,Unknown,FALSE,FALSE,FALSE,Clear,FALSE,Road 1: 215 HAZELGLEN DR (50 km/h); Road 2: HAZELGLEN DR; Distance: 2.0 M N; Vehicle #1     Make: HYUN     Model: ESM     Colour: BLK     Style: 4D; Vehicle #2     Make: LINC     Model: EXL     Colour: BLK     Style: 4D,4/9/2021 5:53:18 PM,537971.7682,4809966.915,Q3,Working,FALSE
6089,49570,19197104,8/22/2019 11:15:00 AM,2019,8,22,11,15,Thursday,545158.1194,4807239.892,-80.442189,43.416695,Intersection,2,P.D. only,On roadway,Intersection,Daylight,Regional,Sign Control,Functioning,FALSE,FALSE,FALSE,Clear,TRUE,Road 1: WILSON AVE; Road 2: WEBSTER RD; Vehicle #1     Make: BMW     Model: 20X     Colour: BLK     Style: 4D; Vehicle #2     Make: PONT     Model: 6BS     Colour: GRY     Style: 4D,4/9/2021 5:54:32 PM,545158.1194,4807239.892,Q3,Weekend,FALSE
6090,49571,19197531,8/22/2019 8:36:00 PM,2019,8,22,20,36,Thursday,545574.441,4808933.545,-80.436906,43.431919,Non intersection,2,P.D. only,On roadway,SMV,Dusk,Municipal,No control,Unknown,FALSE,FALSE,FALSE,Clear,FALSE,Road 1: 138 HUBER ST (50 km/h); Road 2: HUBER ST; Distance: 4.0 M W; Vehicle #1     Make: TOYT     Model: RV4     Colour: GRY     Style: TY; Vehicle #2     Make: TOYT     Model: XLL     Colour: BLK     Style: 4D,4/9/2021 5:53:11 PM,545574.441,4808933.545,Q3,Weekend,FALSE
6091,49572,19198249,8/23/2019 7:37:00 PM,2019,8,23,19,37,Friday,545121.2651,4807676.357,-80.442609,43.420627,Private Drive,1,Non-fatal injury,On roadway,Intersection,Daylight,Regional,No control,Unknown,FALSE,FALSE,FALSE,Clear,FALSE,Road 1: 385 WILSON AVE (60 km/h); Road 2: FAIRWAY RD S; Distance: 3.0 M E; Vehicle #1     Make: TOYT     Model: CUB     Colour: WHI     Style: 4D; Vehicle #2     Make: CHEV     Model: BLT     Colour: BLU     Style: 4D,4/9/2021 5:54:47 PM,545121.2651,4807676.357,Q3,Weekend,FALSE
6092,49573,19198599,8/24/2019 8:15:00 AM,2019,8,24,8,15,Saturday,542582.1935,4810126.106,-80.473782,43.442833,Intersection,2,P.D. only,On roadway,Intersection,Daylight,Regional,Signal Control,Functioning,FALSE,FALSE,FALSE,Clear,TRUE,Road 1: KING ST E; Road 2: BORDEN AVE S; Vehicle #1     Make: TOYT     Model: UCS     Colour: RED     Style: 4D; Vehicle #2     Make: DODG     Model: CXT     Colour: BLU     Style: 4D,4/9/2021 5:54:23 PM,542582.1935,4810126.106,Q3,Weekend,FALSE
6093,49574,19198631,8/24/2019 9:10:00 AM,2019,8,24,9,10,Saturday,539111.545,4811655.653,-80.51656,43.456795,Intersection,2,P.D. only,On roadway,Intersection,Daylight,Municipal,Signal Control,Functioning,FALSE,FALSE,FALSE,Clear,TRUE,Road 1: PARK ST; Road 2: UNION BLVD; Vehicle #1     Make: FORD     Model: FTU     Colour: BLK     Style: 4B; Vehicle #2     Make: ACUR     Model: MDX     Colour: BLK     Style: TY,4/9/2021 5:54:22 PM,539111.545,4811655.653,Q3,Weekend,FALSE
6094,49575,19198711,8/24/2019 10:27:00 AM,2019,8,24,10,27,Saturday,539046.9834,4809053.727,-80.517545,43.43337,Private Drive,2,P.D. only,On roadway,SMV,Daylight,Municipal,No control,Unknown,FALSE,FALSE,FALSE,Clear,FALSE,Road 1: 12 RALGREEN CRES (50 km/h); Road 2: RALGREEN CRES; Distance: 15.0 K W; Vehicle #1     Make: PONT     Model: MON     Colour: BRN     Style: VN; Vehicle #2     Make: FORD     Model: FTI     Colour: GRY     Style: 4B,4/9/2021 5:54:36 PM,539046.9834,4809053.727,Q3,Weekend,FALSE
6095,49576,19198858,8/24/2019 3:05:00 PM,2019,8,24,15,5,Saturday,546063.0053,4809492.56,-80.430822,43.436923,Intersection,2,P.D. only,On roadway,Intersection,Daylight,Municipal,Signal Control,Functioning,FALSE,FALSE,FALSE,Clear,FALSE,Road 1: KINZIE AVE (60 km/h); Road 2: RIVER RD E (50 km/h); Vehicle #1     Make:      Model: -     Colour:      Style: BCY; Vehicle #2     Make: KIA     Model: ROE     Colour: RED     Style: 4D,4/9/2021 5:54:19 PM,546063.0053,4809492.56,Q3,Weekend,FALSE
6096,49577,19198886,8/24/2019 4:15:00 PM,2019,8,24,16,15,Saturday,543564.3258,4812259.712,-80.461475,43.461988,Intersection,2,P.D. only,On roadway,Intersection,Daylight,Regional,Signal Control,Functioning,FALSE,FALSE,FALSE,Clear,TRUE,Road 1: FREDERICK ST; Road 2: RIVER RD E; Vehicle #1     Make: NISS     Model: ATS     Colour: SIL     Style: 4D; Vehicle #2     Make: TOYT     Model: CBA     Colour: GRY     Style: 4D,4/9/2021 5:54:24 PM,543564.3258,4812259.712,Q3,Weekend,FALSE
6097,49578,19198897,8/24/2019 3:40:00 PM,2019,8,24,15,40,Saturday,544983.6995,4810985.329,-80.444035,43.450429,Non intersection,2,P.D. only,On roadway,Intersection,Daylight,Regional,No control,Unknown,FALSE,FALSE,FALSE,Clear,TRUE,Road 1: RIVER RD E; Road 2: OTTAWA ST; Vehicle #1     Make: VOLK     Model: 25L     Colour: BLU     Style: 2B; Vehicle #2     Make: CHEV     Model: SNT     Colour: WHI     Style: 4B,4/9/2021 5:53:23 PM,544983.6995,4810985.329,Q3,Weekend,FALSE
6098,49579,19198928,8/24/2019 3:30:00 PM,2019,8,24,15,30,Saturday,545099.3517,4807759.633,-80.442872,43.421378,Non intersection,2,P.D. only,On roadway,Intersection,Daylight,Regional,No control,Unknown,FALSE,FALSE,FALSE,Clear,TRUE,Road 1: WILSON AVE; Road 2: FAIRWAY RD S; Vehicle #1     Make: FORD     Model: FE     Colour: GRY     Style: 4D; Vehicle #2     Make:      Model:      Colour:      Style:,4/9/2021 5:53:16 PM,545099.3517,4807759.633,Q3,Weekend,FALSE
6099,49580,19198936,8/24/2019 5:00:00 PM,2019,8,24,17,0,Saturday,545124.1878,4807661.343,-80.442574,43.420492,Non intersection,2,P.D. only,On roadway,Intersection,Daylight,Municipal,No control,Unknown,FALSE,FALSE,FALSE,Clear,TRUE,Road 1: WILSON AVE; Road 2: FAIRWAY RD S; Vehicle #1     Make: HYUN     Model: SON     Colour: BGE     Style: 4D; Vehicle #2     Make: HYUN     Model: ELA     Colour: BLK     Style: 4D,4/9/2021 5:53:09 PM,545124.1878,4807661.343,Q3,Weekend,FALSE
6100,49581,19199574,8/25/2019 12:00:00 PM,2019,8,25,12,0,Sunday,545007.9657,4804705.195,-80.444253,43.393881,Private Drive,2,P.D. only,On roadway,SMV,Daylight,Municipal,No control,Unknown,FALSE,FALSE,FALSE,Clear,TRUE,Road 1: 737 DOON VILLAGE RD; Road 2: PIONEER DRIVE; Vehicle #1     Make:      Model:      Colour:      Style: ; Vehicle #2     Make: PORS     Model: POR     Colour: BLK     Style: TY,4/9/2021 5:54:49 PM,545007.9657,4804705.195,Q3,Weekend,FALSE
6101,49582,19199582,8/25/2019 11:30:00 AM,2019,8,25,11,30,Sunday,541750.255,4809119.172,-80.48414,43.433814,Non intersection,2,P.D. only,On roadway,SMV,Daylight,Municipal,No control,Unknown,FALSE,FALSE,FALSE,Clear,TRUE,Road 1: BORDEN PKWY; Road 2: MEINZINGER AVE; Distance: 15.0 M E; Vehicle #1     Make: JEEP     Model: WUL     Colour: GRN     Style: TY; Vehicle #2     Make: NISS     Model: ASR     Colour: SIL     Style: 4D,4/9/2021 5:53:34 PM,541750.255,4809119.172,Q3,Weekend,FALSE
6102,49583,19199699,8/25/2019 6:00:00 AM,2019,8,25,6,0,Sunday,545336.6866,4812755.649,-80.439526,43.466348,Private Drive,2,P.D. only,On roadway,SMV,Dawn,Municipal,No control,Unknown,FALSE,FALSE,FALSE,Clear,TRUE,Road 1: 57 GEORGIAN ST; Road 2: GEORGIAN CRES; Vehicle #1     Make:      Model:      Colour:      Style: ; Vehicle #2     Make: GMC     Model: TER     Colour: BLK     Style: TY,4/9/2021 5:54:51 PM,545336.6866,4812755.649,Q3,Weekend,FALSE
6103,49584,19199719,8/24/2019 6:00:00 PM,2019,8,24,18,0,Saturday,545259.0228,4804392.003,-80.441179,43.391046,Non intersection,2,Non-reportable,On roadway,SMV,Daylight,Municipal,No control,Unknown,FALSE,FALSE,FALSE,Clear,TRUE,Road 1: 66 BECHTEL DR; Vehicle #1     Make:      Model:      Colour:      Style: ; Vehicle #2     Make: FORD     Model: SPE     Colour: BLU     Style: TY,4/9/2021 5:53:41 PM,545259.0228,4804392.003,Q3,Weekend,FALSE
6104,49585,19200092,8/26/2019 6:43:00 AM,2019,8,26,6,43,Monday,541309.9482,4809729.009,-80.489534,43.439329,Intersection,2,P.D. only,On roadway,Intersection,Daylight,Municipal,Sign Control,Functioning,FALSE,TRUE,FALSE,Clear,FALSE,Road 1: MILL ST (50 km/h); Road 2: SPADINA RD E (50 km/h); Vehicle #1     Make: KIA     Model: RIO     Colour: BLU     Style: 4B; Vehicle #2     Make: BICY     Model: BICY     Colour:      Style:,4/9/2021 5:54:06 PM,541309.9482,4809729.009,Q3,Working,FALSE
6105,49586,19200125,8/26/2019 8:00:00 AM,2019,8,26,8,0,Monday,545407.8619,4804402.54,-80.43934,43.391132,Private Drive,2,P.D. only,On roadway,SMV,Daylight,Municipal,No control,Unknown,FALSE,FALSE,FALSE,Clear,TRUE,Road 1: 900 DOON VILLAGE RD; Vehicle #1     Make: TOYT     Model: CUB     Colour: WHI     Style: 4D; Vehicle #2     Make: CHEV     Model: EQU     Colour: BLK     Style: TY,4/9/2021 5:54:35 PM,545407.8619,4804402.54,Q3,Working,FALSE
6106,49587,19200150,8/26/2019 8:41:00 AM,2019,8,26,8,41,Monday,540063.2778,4811543.902,-80.504805,43.455738,Private Drive,1,Non-fatal injury,Off roadway,SMV,Daylight,Municipal,No control,Unknown,FALSE,FALSE,TRUE,Clear,FALSE,Road 1: 18 SHANLEY ST (50 km/h); Road 2: SHANLEY ST; Distance: 1.0 M E; Vehicle #1     Make: YAMA     Model: FJR     Colour: BLU     Style: MS,4/9/2021 5:54:44 PM,540063.2778,4811543.902,Q3,Working,TRUE
6107,49588,19200173,8/24/2019 4:00:00 PM,2019,8,24,16,0,Saturday,536459.5317,4808484.818,-80.549552,43.428378,Private Drive,2,P.D. only,On roadway,SMV,Daylight,Municipal,No control,Unknown,FALSE,FALSE,FALSE,Clear,TRUE,Road 1: 92 WESTMEADOW DR; Vehicle #1     Make:      Model:      Colour:      Style: ; Vehicle #2     Make: TOYT     Model: PRI     Colour: BRN     Style: 4B,4/9/2021 5:54:50 PM,536459.5317,4808484.818,Q3,Weekend,FALSE
6108,49589,19200544,8/26/2019 10:00:00 AM,2019,8,26,10,0,Monday,545867.8803,4809310.899,-80.433249,43.435299,Non intersection,2,P.D. only,On roadway,SMV,Daylight,Municipal,No control,Unknown,FALSE,FALSE,FALSE,Clear,TRUE,Road 1: 224 KINZIE AVE; Vehicle #1     Make: LINC     Model: MKZ     Colour: BLK     Style: 4D; Vehicle #2     Make: TOYT     Model: SIE     Colour: GRY     Style: VN,4/9/2021 5:53:07 PM,545867.8803,4809310.9,Q3,Working,FALSE