,OBJECTID,ACCIDENTNUM,ACCIDENTDATE,ACCIDENT_YEAR,ACCIDENT_MONTH,ACCIDENT_DAY,ACCIDENT_HOUR,ACCIDENT_MINUTE,Accident_Day,XCOORD,YCOORD,LONGITUDE,LATITUDE,Accident_Location,COLLISIONTYPE,Accident_Type,Impact_Location,Impact_Type,Light,Road_Jurisdication,Traffic_Control,Traffic_Control_Condition,Pedestrian_Involved,Cyclist_Involved,Motorcyclist_Involved,Environment_Condition,Self_Reported,XMLIMPORTNOTES,LASTEDITEDDATE,x,y,Quarter,Day_Type,Vulnerable_Involved
6158,49639,19218024,9/14/2019 10:30:00 PM,2019,9,14,22,30,Saturday,542598.8371,4807332.753,-80.473794,43.417681,Non intersection,2,Non-reportable,On roadway,SMV,Dark,Municipal,No control,Unknown,FALSE,FALSE,FALSE,Clear,TRUE,Road 1: BLOCK LINE RD; Road 2: KINGSWOOD DR; Vehicle #1     Make: HYUN     Model: ASG     Colour: BLU     Style: 4D,4/9/2021 5:53:43 PM,542598.8371,4807332.753,Q3,Weekend,FALSE
6159,49640,19218029,9/15/2019 1:10:00 PM,2019,9,15,13,10,Sunday,541735.7509,4810349.893,-80.484225,43.444896,Non intersection,2,P.D. only,Off roadway,SMV,Daylight,Municipal,No control,Unknown,FALSE,FALSE,FALSE,Clear,TRUE,Road 1: 155 CHURCH ST; Vehicle #1     Make: TOYT     Model: RV4     Colour: BLU     Style: TY; Vehicle #2     Make: CHEV     Model: S1L     Colour: WHI     Style: 4B,4/9/2021 5:53:32 PM,541735.7509,4810349.893,Q3,Weekend,FALSE
6160,49641,19218389,9/16/2019 8:38:00 AM,2019,9,16,8,38,Monday,541874.6785,4810743.788,-80.482478,43.448435,Intersection,1,Non-fatal injury,On roadway,Intersection,Daylight,Regional,No control,Functioning,FALSE,FALSE,FALSE,Clear,FALSE,Road 1: DUKE ST E (50 km/h); Road 2: CEDAR ST N (50 km/h); Vehicle #1     Make: SAA     Model: 93T     Colour: GRY     Style: 4D; Vehicle #2     Make: NFLY     Model: D8D     Colour: WHI     Style: BU,4/9/2021 5:53:51 PM,541874.6784,4810743.788,Q3,Working,FALSE
6161,49642,19218620,9/15/2019 7:00:00 AM,2019,9,15,7,0,Sunday,544833.3727,4810029.188,-80.445972,43.441829,Non intersection,2,Non-reportable,On roadway,SMV,Daylight,Municipal,No control,Unknown,FALSE,FALSE,FALSE,Clear,TRUE,Road 1: KENNETH AVE; Road 2: FRANKLIN ST N; Vehicle #1     Make: CHEV     Model: EQU     Colour: BLU     Style: TY,4/9/2021 5:53:41 PM,544833.3727,4810029.188,Q3,Weekend,FALSE
6162,49643,19218753,9/16/2019 3:15:00 PM,2019,9,16,15,15,Monday,545273.967,4806433.467,-80.440825,43.409427,Intersection,2,Non-reportable,On roadway,Rear end,Daylight,Regional,Sign Control,Unknown,FALSE,FALSE,FALSE,Clear,TRUE,Road 1: WILSON AVE; Road 2: WABANAKI RD; Vehicle #1     Make: TOYT     Model: UVL     Colour: GRY     Style: 4D; Vehicle #2     Make:      Model:      Colour:      Style:,4/9/2021 5:54:21 PM,545273.967,4806433.467,Q3,Working,FALSE
6163,49644,19218841,9/15/2019 5:30:00 AM,2019,9,15,5,30,Sunday,546558.5622,4809765.512,-80.424676,43.43935,Private Drive,2,P.D. only,On roadway,SMV,Dark,Municipal,No control,Unknown,FALSE,FALSE,FALSE,Clear,TRUE,Road 1: 57 SANDWELL CRT; Vehicle #1     Make:      Model:      Colour:      Style: ; Vehicle #2     Make: TOYT     Model: HIG     Colour: GRY     Style: TY,4/9/2021 5:54:33 PM,546558.5622,4809765.512,Q3,Weekend,FALSE
6164,49645,19219450,9/17/2019 8:20:00 AM,2019,9,17,8,20,Tuesday,543131.5371,4805305.967,-80.467374,43.399401,Non intersection,2,P.D. only,On roadway,Intersection,Daylight,Municipal,No control,Unknown,FALSE,FALSE,FALSE,Clear,TRUE,Road 1: STRASSBURG RD; Road 2: BATTLER RD; Vehicle #1     Make: NISS     Model: ROG     Colour: BLK     Style: TY; Vehicle #2     Make: TOYT     Model: PRC     Colour: BRN     Style: 4B,4/9/2021 5:53:34 PM,543131.5371,4805305.967,Q3,Working,FALSE
6165,49646,19219461,9/17/2019 8:30:00 AM,2019,9,17,8,30,Tuesday,539302.9304,4805637.12,-80.514628,43.402593,Non intersection,2,P.D. only,On roadway,SMV,Daylight,Municipal,No control,Unknown,FALSE,FALSE,FALSE,Clear,TRUE,Road 1: ACTIVA AVE; Road 2: HENHOEFFER CRESCENT; Vehicle #1     Make: TOYT     Model: CBL     Colour: GLD     Style: 4D; Vehicle #2     Make: DODG     Model: CAR     Colour: GLD     Style: VN,4/9/2021 5:53:33 PM,539302.9304,4805637.12,Q3,Working,FALSE
6166,49647,19219531,9/16/2019 4:30:00 PM,2019,9,16,16,30,Monday,541068,4811108,0,0,Non intersection,2,Non-reportable,On roadway,SMV,Daylight,Municipal,No control,Unknown,FALSE,FALSE,FALSE,Clear,TRUE,Road 1: 43 PIETER VOS DRIVE (IN FRONT OF 43 PIETER VOS DR); Road 2: PIETER VOS DR; Vehicle #1     Make:      Model:      Colour:      Style: ; Vehicle #2     Make: JEEP     Model: CHK     Colour: RED     Style: TY,4/9/2021 5:52:59 PM,541068,4811108,Q3,Working,FALSE
6167,49648,19219689,9/17/2019 3:45:00 PM,2019,9,17,15,45,Tuesday,542583.2139,4804040.904,-80.474244,43.388042,Intersection,2,P.D. only,On roadway,Intersection,Daylight,Municipal,Sign Control,Unknown,FALSE,FALSE,FALSE,Clear,TRUE,Road 1: FEATHERSTONE ST; Road 2: FEATHERSTONE CRESCENT; Vehicle #1     Make: LEXS     Model: RX0     Colour: BLK     Style: TY; Vehicle #2     Make: CHEV     Model: EXP     Colour: GRN     Style: FV,4/9/2021 5:54:26 PM,542583.2139,4804040.904,Q3,Working,FALSE
6168,49649,19219759,9/17/2019 5:15:00 PM,2019,9,17,17,15,Tuesday,541517.7619,4811214.06,-80.486853,43.452689,Intersection,1,Non-fatal injury,On roadway,Intersection,Daylight,Regional,Sign Control,Functioning,FALSE,FALSE,FALSE,Clear,FALSE,Road 1: QUEEN ST N (50 km/h); Road 2: ROY ST (50 km/h); Distance: 10.0 M N; Vehicle #1     Make: HYUN     Model: HEL     Colour: BLK     Style: 4D; Vehicle #2     Make: TOYT     Model: PRI     Colour: GRY     Style: 4B,4/9/2021 5:54:15 PM,541517.7619,4811214.06,Q3,Working,FALSE
6169,49650,19219927,9/14/2019 2:00:00 PM,2019,9,14,14,0,Saturday,545556.4996,4810544.847,-80.436993,43.446429,Private Drive,2,Non-reportable,On roadway,SMV,Daylight,Municipal,No control,Unknown,FALSE,FALSE,FALSE,Clear,TRUE,Road 1: 84 KENORA DR; Vehicle #1     Make:      Model:      Colour:      Style: ; Vehicle #2     Make: FORD     Model: FLE     Colour: GRY     Style: TY,4/9/2021 5:54:58 PM,545556.4996,4810544.847,Q3,Weekend,FALSE
6170,49651,19220142,9/17/2019 7:45:00 PM,2019,9,17,19,45,Tuesday,542405.6387,4806619.761,-80.476236,43.411272,Intersection,2,Non-reportable,On roadway,Rear end,Dusk,Municipal,No control,Functioning,FALSE,FALSE,FALSE,Clear,TRUE,Road 1: STRASSBURG RD; Road 2: OLD COUNTRY DR KITCHENER; Vehicle #1     Make: SUBA     Model: OBK     Colour: BLK     Style: TY; Vehicle #2     Make:      Model:      Colour:      Style:,4/9/2021 5:54:28 PM,542405.6387,4806619.761,Q3,Working,FALSE
6171,49652,19220408,9/18/2019 1:00:00 PM,2019,9,18,13,0,Wednesday,539199.5826,4809083.94,-80.515657,43.433634,Intersection,2,P.D. only,On roadway,Intersection,Daylight,Municipal,Sign Control,Functioning,FALSE,FALSE,FALSE,Clear,TRUE,Road 1: CECILE DR; Road 2: OVERLEA DR; Vehicle #1     Make: FORD     Model: SPE     Colour: WHI     Style: TY; Vehicle #2     Make: CADI     Model: ESC     Colour: WHI     Style: TY,4/9/2021 5:54:02 PM,539199.5826,4809083.941,Q3,Working,FALSE
6172,49653,19220711,9/17/2019 8:19:00 PM,2019,9,17,20,19,Tuesday,545035.0053,4807868.599,-80.443658,43.422363,Intersection,2,Non-reportable,On roadway,Intersection,Dark,Municipal,Signal Control,Functioning,FALSE,FALSE,FALSE,Clear,TRUE,Road 1: WILSON AVE; Road 2: KINGSWAY DR; Vehicle #1     Make:      Model:      Colour:      Style: ; Vehicle #2     Make: TOYT     Model: FRS     Colour: GRY     Style: 2D,4/9/2021 5:54:03 PM,545035.0053,4807868.599,Q3,Working,FALSE
6173,49654,19221370,9/17/2019 9:30:00 PM,2019,9,17,21,30,Tuesday,542574.2674,4806901.182,-80.474131,43.413796,Non intersection,2,P.D. only,Off roadway,SMV,Dark,Municipal,No control,Unknown,FALSE,FALSE,FALSE,Clear,TRUE,Road 1: 70 HILLSIDE DR (IN FRONT OF 70 HILLSIDE DR); Road 2: HILLSIDE DR; Vehicle #1     Make:      Model:      Colour:      Style: ; Vehicle #2     Make: HOND     Model: CXG     Colour: BLK     Style: 4D,4/9/2021 5:53:35 PM,542574.2674,4806901.182,Q3,Working,FALSE
6174,49655,19221398,9/19/2019 2:45:00 PM,2019,9,19,14,45,Thursday,547601.4437,4803883.858,-80.412302,43.386326,Non intersection,2,P.D. only,On roadway,Intersection,Daylight,Municipal,No control,Unknown,FALSE,FALSE,FALSE,Clear,TRUE,Road 1: CONESTOGA COLLEGE BLVD; Road 2: HOMER WATSON BLVD; Vehicle #1     Make: INFI     Model: G35     Colour: GRY     Style: 2D; Vehicle #2     Make: HYUN     Model: ESS     Colour: WHI     Style: 4D,8/16/2022 2:55:46 PM,547601.4437,4803883.858,Q3,Weekend,FALSE
6175,49656,19221431,9/19/2019 8:00:00 AM,2019,9,19,8,0,Thursday,542330.7058,4806521.821,-80.477169,43.410394,Private Drive,2,P.D. only,On roadway,SMV,Daylight,Municipal,No control,Unknown,FALSE,FALSE,FALSE,Clear,TRUE,Road 1: 131 THE COUNTRY WAY; Road 2: SETTLERS DR; Vehicle #1     Make: HOND     Model: FIL     Colour: GRY     Style: 4B; Vehicle #2     Make: MAZD     Model: 3TR     Colour: RED     Style: 4D,4/9/2021 5:54:55 PM,542330.7058,4806521.821,Q3,Weekend,FALSE
6176,49657,19221435,9/19/2019 3:37:00 PM,2019,9,19,15,37,Thursday,544754.3633,4808024.686,-80.447112,43.423785,Intersection,1,Non-fatal injury,On roadway,Rear end,Daylight,Municipal,Signal Control,Functioning,FALSE,FALSE,FALSE,Clear,FALSE,Road 1: WILSON AVE (50 km/h); Road 2: TRAYNOR AVE (50 km/h); Vehicle #1     Make: DODG     Model: CAR     Colour: RED     Style: VN; Vehicle #2     Make: HYUN     Model: SAN     Colour: WHI     Style: TY,4/9/2021 5:53:50 PM,544754.3633,4808024.686,Q3,Weekend,FALSE
6177,49658,19221546,9/19/2019 5:58:00 PM,2019,9,19,17,58,Thursday,546556.9281,4806772.735,-80.424951,43.412403,Private Drive,2,P.D. only,Off roadway,SMV,Daylight,Municipal,No control,Unknown,FALSE,FALSE,FALSE,Clear,FALSE,Road 1: 2231 HIDDEN VALLEY CRESCENT (50 km/h); Road 2: HIDDEN VALLEY CRES; Distance: 2.0 M E; Vehicle #1     Make: FORD     Model: MG3     Colour: BLK     Style: 2D,4/9/2021 5:54:41 PM,546556.9281,4806772.735,Q3,Weekend,FALSE
6178,49659,19221700,9/19/2019 3:55:00 PM,2019,9,19,15,55,Thursday,544910.6645,4811013.69,-80.444935,43.450689,Non intersection,2,P.D. only,On roadway,Intersection,Daylight,Regional,No control,Unknown,FALSE,FALSE,FALSE,Clear,TRUE,Road 1: OTTAWA ST N  KITCHENER; Road 2: RIVER RD S; Vehicle #1     Make: SUBA     Model: SWI     Colour: BLU     Style: 4D; Vehicle #2     Make:      Model:      Colour:      Style:,8/16/2022 3:02:49 PM,544910.6645,4811013.69,Q3,Weekend,FALSE
6179,49660,19221708,9/19/2019 4:00:00 PM,2019,9,19,16,0,Thursday,545927.4391,4802982.012,-80.433044,43.37831,Intersection,2,P.D. only,On roadway,Intersection,Daylight,Municipal,No control,Functioning,FALSE,FALSE,FALSE,Clear,TRUE,Road 1: DOON S DR; Road 2: ROBERT FERRIE DR; Vehicle #1     Make: HOND     Model: CLL     Colour: BLK     Style: 4D; Vehicle #2     Make: HYUN     Model: SFT     Colour: WHI     Style: TY,4/9/2021 5:54:01 PM,545927.4391,4802982.012,Q3,Weekend,FALSE
6180,49661,19221716,9/18/2019 5:40:00 PM,2019,9,18,17,40,Wednesday,539058.9154,4806886.854,-80.517552,43.413859,Intersection,2,P.D. only,On roadway,Rear end,Daylight,Municipal,Sign Control,Functioning,FALSE,FALSE,FALSE,Clear,TRUE,Road 1: WAKE ROBIN DR; Road 2: INTERNATIONAL PL; Vehicle #1     Make: FORD     Model: SPE     Colour: GRY     Style: TY; Vehicle #2     Make: LEXS     Model: NXT     Colour: RED     Style: TY,4/9/2021 5:53:52 PM,539058.9154,4806886.855,Q3,Working,FALSE
6181,49662,19221732,9/17/2019 4:00:00 PM,2019,9,17,16,0,Tuesday,545112.0669,4804620.919,-80.442974,43.393116,Non intersection,2,P.D. only,On roadway,Rear end,Daylight,Municipal,No control,Unknown,FALSE,FALSE,FALSE,Clear,TRUE,Road 1: 783 DOON VILLAGE RD; Road 2: BECHTEL DR; Vehicle #1     Make: TOYT     Model: MTL     Colour: GRY     Style: 4D; Vehicle #2     Make: HYUN     Model: EGS     Colour: GRY     Style: SW,4/9/2021 5:53:37 PM,545112.0669,4804620.919,Q3,Working,FALSE
6182,49663,19221734,9/18/2019 9:00:00 PM,2019,9,18,21,0,Wednesday,540217.9578,4805818.975,-80.503315,43.404182,Intersection,2,Non-reportable,On roadway,Intersection,Dark,Municipal,No control,Functioning,FALSE,FALSE,FALSE,Clear,TRUE,Road 1: COMMONWEALTH ST; Road 2: MAX BECKER DR; Vehicle #1     Make: VOLK     Model: JBS     Colour: BLK     Style: 4D; Vehicle #2     Make:      Model:      Colour:      Style:,4/9/2021 5:54:29 PM,540217.9578,4805818.975,Q3,Working,FALSE
6183,49664,19222467,9/20/2019 6:30:00 PM,2019,9,20,18,30,Friday,544916.874,4805085.486,-80.445346,43.397311,Private Drive,2,P.D. only,On roadway,SMV,Daylight,Municipal,No control,Unknown,FALSE,FALSE,FALSE,Clear,FALSE,Road 1: 25 UPPER CANADA DR (50 km/h); Road 2: UPPER CANADA DR; Distance: 40.0 M N; Vehicle #1     Make: JEEP     Model: WRA     Colour: BLK     Style: TY; Vehicle #2     Make: BMW     Model: 28X     Colour: SIL     Style: 4D,4/9/2021 5:54:35 PM,544916.874,4805085.486,Q3,Weekend,FALSE
6184,49665,19222488,9/20/2019 6:50:00 PM,2019,9,20,18,50,Friday,543599.5211,4808401.617,-80.461348,43.427247,Intersection,2,P.D. only,On roadway,Intersection,Daylight,Municipal,Sign Control,Functioning,FALSE,FALSE,FALSE,Clear,TRUE,Road 1: MASSEY AVE; Road 2: BONIFACE AVE; Vehicle #1     Make: MERZ     Model: C30     Colour: WHI     Style: 4D; Vehicle #2     Make:      Model:      Colour:      Style:,4/9/2021 5:54:03 PM,543599.5211,4808401.617,Q3,Weekend,FALSE
6185,49666,19223130,9/20/2019 12:20:00 PM,2019,9,20,12,20,Friday,539080.5328,4811110.562,-80.516983,43.451888,Intersection,2,Non-reportable,On roadway,Intersection,Daylight,Municipal,Signal Control,Functioning,FALSE,FALSE,FALSE,Clear,TRUE,Road 1: GLASGOW ST; Road 2: BELMONT AVE W; Distance: 6.0 M; Vehicle #1     Make: NISS     Model: A2B     Colour: SIL     Style: 4D; Vehicle #2     Make:      Model:      Colour:      Style:,4/9/2021 5:54:30 PM,539080.5328,4811110.562,Q3,Weekend,FALSE
6186,49667,19223153,9/20/2019 12:00:00 PM,2019,9,20,12,0,Friday,541476.4052,4809172.191,-80.487519,43.434306,Non intersection,2,Non-reportable,On roadway,SMV,Daylight,Municipal,No control,Unknown,FALSE,FALSE,FALSE,Clear,TRUE,Road 1: 70 HEIMAN ST; Vehicle #1     Make:      Model:      Colour:      Style: ; Vehicle #2     Make: HOND     Model: UDY     Colour: BLU     Style: VN,4/9/2021 5:54:06 PM,541476.4052,4809172.191,Q3,Weekend,FALSE
6187,49668,19223155,9/20/2019 4:50:00 AM,2019,9,20,4,50,Friday,545860.5787,4805531.633,-80.433656,43.401271,Non intersection,2,Non-reportable,On roadway,SMV,Dark,Regional,No control,Unknown,FALSE,FALSE,FALSE,Clear,TRUE,Road 1: HURON RD; Road 2: MILL PARK DR; Vehicle #1     Make: TOYT     Model: UCS     Colour: RED     Style: 4D,4/9/2021 5:53:39 PM,545860.5787,4805531.633,Q3,Weekend,FALSE
6188,49669,19223160,9/20/2019 4:00:00 PM,2019,9,20,16,0,Friday,540745.7595,4808829.814,-80.496572,43.431264,Intersection,2,Non-reportable,On roadway,Rear end,Daylight,Regional,Signal Control,Unknown,FALSE,FALSE,FALSE,Clear,TRUE,Road 1: STIRLING AVE S; Road 2: HOMER WATSON BLVD; Vehicle #1     Make: SUBA     Model: 9G2     Colour: RED     Style: 2D; Vehicle #2     Make:      Model:      Colour:      Style:,4/9/2021 5:53:53 PM,540745.7595,4808829.814,Q3,Weekend,FALSE
6189,49670,19223897,9/20/2019 6:00:00 PM,2019,9,20,18,0,Friday,541880.1471,4807019.789,-80.482696,43.414903,Non intersection,2,Non-reportable,On roadway,SMV,Daylight,Municipal,No control,Unknown,FALSE,FALSE,FALSE,Clear,TRUE,Road 1: 65 BLACKHORNE DR; Vehicle #1     Make:      Model:      Colour:      Style: ; Vehicle #2     Make: MITS     Model: LST     Colour: BLK     Style: 4D,4/9/2021 5:54:07 PM,541880.1471,4807019.789,Q3,Weekend,FALSE
6190,49671,19224048,9/22/2019 2:25:00 PM,2019,9,22,14,25,Sunday,549194.1947,4806305.4,-80.392421,43.408027,Private Drive,1,Non-fatal injury,On roadway,Intersection,Daylight,Municipal,No control,Unknown,FALSE,FALSE,FALSE,Clear,FALSE,Road 1: 65 GATEWAY PARK DR (50 km/h); Road 2: GATEWAY PARK DR; Distance: 4.0 M W; Vehicle #1     Make: JEEP     Model: CHE     Colour: RED     Style: TY; Vehicle #2     Make: FORD     Model: ECO     Colour: BLU     Style: VN,4/9/2021 5:54:34 PM,549194.1947,4806305.4,Q3,Weekend,FALSE
6191,49672,19224096,9/21/2019 2:30:00 PM,2019,9,21,14,30,Saturday,541522.631,4811946.392,-80.486737,43.459283,Non intersection,2,Non-reportable,On roadway,Other,Daylight,Regional,No control,Unknown,FALSE,FALSE,FALSE,Clear,TRUE,Road 1: ST LEGER ST; Road 2: WELLINGTON ST N; Vehicle #1     Make: DODG     Model: JOU     Colour: BLK     Style: TY; Vehicle #2     Make:      Model:      Colour:      Style:,4/9/2021 5:54:08 PM,541522.631,4811946.392,Q3,Weekend,FALSE
6192,49673,19224564,9/23/2019 7:35:00 AM,2019,9,23,7,35,Monday,538291.7734,4808227.073,-80.526933,43.425966,Private Drive,2,P.D. only,Off roadway,SMV,Daylight,Municipal,No control,Unknown,FALSE,FALSE,FALSE,Rain,FALSE,Road 1: 175 ELM RIDGE DR (50 km/h); Road 2: ELM RIDGE DR; Distance: 2.0 K E; Vehicle #1     Make: HYUN     Model: TUC     Colour: GRY     Style: TY,4/9/2021 5:54:41 PM,538291.7734,4808227.073,Q3,Working,FALSE
6193,49674,19224970,9/23/2019 2:30:00 PM,2019,9,23,14,30,Monday,541343.3608,4809063.152,-80.489171,43.433332,Intersection,2,P.D. only,On roadway,Intersection,Daylight,Regional,No control,Functioning,FALSE,FALSE,FALSE,Clear,TRUE,Road 1: HIGHLAND RD E; Road 2: HEIMAN ST; Vehicle #1     Make: CHEV     Model: MLT     Colour: WHI     Style: 4D; Vehicle #2     Make: KIA     Model: CRO     Colour: SIL     Style: 4B,4/27/2022 10:41:44 AM,541343.3608,4809063.152,Q3,Working,FALSE
6194,49675,19225179,9/20/2019 2:30:00 PM,2019,9,20,14,30,Friday,542644.444,4806658.338,-80.473284,43.411606,Non intersection,2,P.D. only,On roadway,SMV,Daylight,Municipal,No control,Unknown,FALSE,FALSE,FALSE,Clear,TRUE,Road 1: CENTURY HILL DR; Road 2: DEVONGLEN DR; Vehicle #1     Make: MAZD     Model: 3TR     Colour: BLK     Style: 4D,4/9/2021 5:53:41 PM,542644.444,4806658.338,Q3,Weekend,FALSE
6195,49676,19225875,9/24/2019 4:20:00 PM,2019,9,24,16,20,Tuesday,544652.0171,4809073.74,-80.448291,43.433237,Non intersection,2,P.D. only,On roadway,Rear end,Daylight,Municipal,No control,Unknown,FALSE,FALSE,FALSE,Clear,TRUE,Road 1: KINGSWAY DR; Road 2: FRANKLIN ST S; Vehicle #1     Make: HYUN     Model: SFT     Colour: GRY     Style: TY; Vehicle #2     Make:      Model:      Colour:      Style:,4/9/2021 5:53:42 PM,544652.0171,4809073.74,Q3,Working,FALSE
6196,49677,19225918,9/24/2019 5:00:00 PM,2019,9,24,17,0,Tuesday,542857.9852,4807390.882,-80.470589,43.418189,Intersection,2,P.D. only,On roadway,Intersection,Daylight,Regional,Sign Control,Functioning,FALSE,FALSE,FALSE,Clear,TRUE,Road 1: BLOCK LINE RD; Road 2: HOMER WATSON BLVD; Vehicle #1     Make: FORD     Model: SPE     Colour: BLK     Style: TY; Vehicle #2     Make: NISS     Model: PFI     Colour: RED     Style: TY,4/9/2021 5:54:17 PM,542857.9852,4807390.882,Q3,Working,FALSE
6197,49678,19226444,9/25/2019 8:20:00 AM,2019,9,25,8,20,Wednesday,544874.9021,4804236.096,-80.445934,43.389666,Non intersection,2,Non-reportable,On roadway,SMV,Daylight,Municipal,No control,Unknown,FALSE,FALSE,FALSE,Clear,TRUE,Road 1: 160 BECHTEL DR; Vehicle #1     Make:      Model:      Colour:      Style: ; Vehicle #2     Make: DODG     Model: CAR     Colour: WHI     Style: VN,4/9/2021 5:54:10 PM,544874.9021,4804236.096,Q3,Working,FALSE
6198,49679,19226934,9/25/2019 6:45:00 PM,2019,9,25,18,45,Wednesday,540107.7889,4811562.6,-80.504253,43.455904,Private Drive,2,P.D. only,On roadway,SMV,Daylight,Municipal,No control,Unknown,FALSE,FALSE,FALSE,Clear,TRUE,Road 1: 29 SHANLEY ST; Vehicle #1     Make: HOND     Model: UEX     Colour: BLK     Style: 2D; Vehicle #2     Make: MAZD     Model: 3TR     Colour: BLU     Style: 4B,4/9/2021 5:54:45 PM,540107.7889,4811562.6,Q3,Working,FALSE
6199,49680,19227338,9/26/2019 8:00:00 AM,2019,9,26,8,0,Thursday,545410.8332,4809350.013,-80.438892,43.435679,Private Drive,2,Non-reportable,On roadway,SMV,Daylight,Municipal,No control,Unknown,FALSE,FALSE,FALSE,Rain,TRUE,Road 1: 174 FERGUS AVE; Vehicle #1     Make:      Model:      Colour:      Style: ; Vehicle #2     Make: FORD     Model: TST     Colour: WHI     Style: FV,4/9/2021 5:55:01 PM,545410.8332,4809350.013,Q3,Weekend,FALSE
6200,49681,19227341,9/25/2019 5:00:00 PM,2019,9,25,17,0,Wednesday,537309.3979,4807976.313,-80.539087,43.423758,Private Drive,2,P.D. only,On roadway,SMV,Daylight,Municipal,No control,Unknown,FALSE,FALSE,FALSE,Clear,TRUE,Road 1: 137 HIGH ACRES CRESCENT; Vehicle #1     Make: DODG     Model: CAR     Colour: BLK     Style: VN; Vehicle #2     Make: GMC     Model: SIE     Colour: WHI     Style: PK,4/9/2021 5:54:58 PM,537309.3979,4807976.313,Q3,Working,FALSE
6201,49682,19227413,9/26/2019 8:45:00 AM,2019,9,26,8,45,Thursday,540891.1568,4811040.905,-80.49461,43.451164,Non intersection,2,Non-reportable,On roadway,SMV,Daylight,Municipal,No control,Unknown,FALSE,FALSE,FALSE,Clear,TRUE,Road 1: HALLS LN W; Road 2: WATER ST S; Vehicle #1     Make:      Model:      Colour:      Style: ; Vehicle #2     Make: HYUN     Model: ESE     Colour: BLU     Style: 4D,4/9/2021 5:53:31 PM,540891.1568,4811040.905,Q3,Weekend,FALSE
6202,49683,19227614,9/25/2019 3:00:00 PM,2019,9,25,15,0,Wednesday,539066.9085,4808702.024,-80.517324,43.430202,Private Drive,2,Non-reportable,On roadway,SMV,Daylight,Municipal,No control,Unknown,FALSE,FALSE,FALSE,Clear,TRUE,Road 1: SILVERSPRING CRES (IFO 105); Vehicle #1     Make: CHEV     Model: SIL     Colour: BLK     Style: PK; Vehicle #2     Make: HOND     Model: CCL     Colour: BLK     Style: 2D,4/9/2021 5:55:00 PM,539066.9085,4808702.024,Q3,Working,FALSE
6203,49684,19227744,9/26/2019 5:20:00 PM,2019,9,26,17,20,Thursday,545143.5062,4807734.481,-80.442329,43.421149,Non intersection,2,P.D. only,On roadway,Intersection,Daylight,Municipal,No control,Unknown,FALSE,FALSE,FALSE,Clear,TRUE,Road 1: WILSON AVE KITCHENER (385 FAIRWAY RD S KITCHENER); Road 2: FAIRWAY RD KITCHENER; Vehicle #1     Make: CHEV     Model: SPT     Colour: BLU     Style: VN; Vehicle #2     Make: CHRY     Model: 2LM     Colour: SIL     Style: 4D,4/9/2021 5:53:44 PM,545143.5062,4807734.481,Q3,Weekend,FALSE
6204,49685,19227864,9/26/2019 4:30:00 PM,2019,9,26,16,30,Thursday,544973.3134,4811004.913,-80.444162,43.450606,Private Drive,2,P.D. only,On roadway,Intersection,Daylight,Regional,No control,Unknown,FALSE,FALSE,FALSE,Clear,TRUE,Road 1: 1025 OTTAWA ST N; Vehicle #1     Make: HYUN     Model: SFT     Colour: GRY     Style: TY; Vehicle #2     Make: TOYT     Model: UCS     Colour: BLU     Style: 4D,4/27/2022 10:42:19 AM,544973.3134,4811004.913,Q3,Weekend,FALSE
6205,49686,19228482,9/27/2019 1:30:00 PM,2019,9,27,13,30,Friday,545158.3175,4807240.293,-80.442187,43.416699,Intersection,2,P.D. only,On roadway,Intersection,Daylight,Regional,Sign Control,Functioning,FALSE,FALSE,FALSE,Clear,TRUE,Road 1: WEBSTER RD; Road 2: WILSON AVE; Vehicle #1     Make: DODG     Model: DAK     Colour: RED     Style: PK; Vehicle #2     Make: HOND     Model: UCL     Colour: SIL     Style: 2D,4/9/2021 5:53:54 PM,545158.3175,4807240.293,Q3,Weekend,FALSE
6206,49687,19228524,9/27/2019 2:45:00 PM,2019,9,27,14,45,Friday,542583.6,4810125.817,-80.473765,43.442831,Intersection,1,Non-fatal injury,On roadway,Rear end,Daylight,Regional,Signal Control,Functioning,FALSE,FALSE,FALSE,Clear,TRUE,Road 1: KING ST E; Road 2: BORDEN AVE S; Vehicle #1     Make: HOND     Model: FIS     Colour: BLU     Style: 4B; Vehicle #2     Make: TOYO     Model: CORO     Colour:      Style: 4DO; Vehicle #3     Make: FORD     Model: FTU     Colour: GRY     Style: 4B,4/9/2021 5:53:57 PM,542583.6,4810125.817,Q3,Weekend,FALSE