,OBJECTID,ACCIDENTNUM,ACCIDENTDATE,ACCIDENT_YEAR,ACCIDENT_MONTH,ACCIDENT_DAY,ACCIDENT_HOUR,ACCIDENT_MINUTE,Accident_Day,XCOORD,YCOORD,LONGITUDE,LATITUDE,Accident_Location,COLLISIONTYPE,Accident_Type,Impact_Location,Impact_Type,Light,Road_Jurisdication,Traffic_Control,Traffic_Control_Condition,Pedestrian_Involved,Cyclist_Involved,Motorcyclist_Involved,Environment_Condition,Self_Reported,XMLIMPORTNOTES,LASTEDITEDDATE,x,y,Quarter,Day_Type,Vulnerable_Involved
6207,49688,19228659,9/27/2019 2:45:00 PM,2019,9,27,14,45,Friday,541131.821,4811528.644,-80.491599,43.455543,Non intersection,2,Non-reportable,On roadway,Intersection,Daylight,Regional,No control,Unknown,FALSE,FALSE,FALSE,Clear,TRUE,Road 1: VICTORIA ST N; Road 2: AHRENS ST W; Vehicle #1     Make: AUDI     Model: 4PP     Colour: BLK     Style: 4D; Vehicle #2     Make: HINO     Model: HIN     Colour: WHI     Style: CT,4/9/2021 5:53:14 PM,541131.821,4811528.644,Q3,Weekend,FALSE
6208,49689,19228675,9/27/2019 4:20:00 PM,2019,9,27,16,20,Friday,543568.2646,4804976.035,-80.462008,43.396405,Intersection,2,P.D. only,On roadway,Intersection,Daylight,Regional,Signal Control,Functioning,FALSE,FALSE,FALSE,Clear,TRUE,Road 1: HURON RD; Road 2: BATTLER RD; Vehicle #1     Make: PONT     Model: PUR     Colour: WHI     Style: 4D; Vehicle #2     Make: HYUN     Model: SSE     Colour: WHI     Style: 4D,4/9/2021 5:54:15 PM,543568.2646,4804976.035,Q3,Weekend,FALSE
6209,49690,19228822,9/27/2019 4:05:00 PM,2019,9,27,16,5,Friday,541303.1576,4811079.106,-80.489515,43.451486,Non intersection,2,Non-reportable,On roadway,Rear end,Daylight,Municipal,No control,Unknown,FALSE,FALSE,FALSE,Clear,TRUE,Road 1: 96 ONTARIO ST N; Vehicle #1     Make: VOLK     Model: GTI     Colour: BLK     Style: 4D; Vehicle #2     Make:      Model:      Colour:      Style:,4/9/2021 5:53:15 PM,541303.1576,4811079.106,Q3,Weekend,FALSE
6210,49691,19229482,9/28/2019 1:30:00 PM,2019,9,28,13,30,Saturday,541587.5653,4811800.083,-80.485945,43.457962,Non intersection,2,P.D. only,On roadway,Intersection,Daylight,Regional,No control,Unknown,FALSE,FALSE,FALSE,Clear,TRUE,Road 1: ST LEGER ST; Road 2: VICTORIA ST N; Vehicle #1     Make: HOND     Model: RID     Colour: GRY     Style: CW; Vehicle #2     Make: TOYT     Model: UCS     Colour: GRY     Style: 4D,4/9/2021 5:53:06 PM,541587.5653,4811800.083,Q3,Weekend,FALSE
6211,49692,19229802,9/27/2019 7:50:00 AM,2019,9,27,7,50,Friday,548018.2105,4804502.988,-80.407102,43.391874,Non intersection,2,Non-reportable,On roadway,Rear end,Daylight,Regional,No control,Unknown,FALSE,FALSE,FALSE,Clear,TRUE,Road 1: 246 DOON VALLEY DR; Vehicle #1     Make: MAZD     Model: M6I     Colour: SIL     Style: 4B; Vehicle #2     Make:      Model:      Colour:      Style:,4/9/2021 5:53:15 PM,548018.2105,4804502.988,Q3,Weekend,FALSE
6212,49693,19230049,9/28/2019 9:25:00 PM,2019,9,28,21,25,Saturday,537808.2558,4809794.435,-80.532798,43.440103,Private Drive,2,P.D. only,On roadway,Intersection,Dark,Municipal,No control,Unknown,FALSE,FALSE,FALSE,Clear,FALSE,Road 1: 120 DALEGROVE DR (50 km/h); Road 2: DALEGROVE DR; Distance: 5.0 M E; Vehicle #1     Make: BMW     Model: 4XG     Colour: WHI     Style: 4D; Vehicle #2     Make: AUDI     Model: 2QT     Colour: RED     Style: 4D,4/9/2021 5:54:46 PM,537808.2558,4809794.435,Q3,Weekend,FALSE
6213,49694,19230954,9/29/2019 10:24:00 PM,2019,9,29,22,24,Sunday,542353.0829,4807250.95,-80.476836,43.416958,Non intersection,2,P.D. only,Off roadway,SMV,Dark,Regional,No control,Unknown,FALSE,FALSE,FALSE,Clear,FALSE,Road 1: BLOCK LINE RD (50 km/h); Road 2: COUNTRY HILL DR (50 km/h); Distance: 100.0 M W; Vehicle #1     Make: PONT     Model: 6BS     Colour: RED     Style: 4D,4/9/2021 5:53:13 PM,542353.0829,4807250.951,Q3,Weekend,FALSE
6214,49695,19231241,9/30/2019 8:30:00 AM,2019,9,30,8,30,Monday,543640.3353,4808267.934,-80.460855,43.426041,Non intersection,2,P.D. only,On roadway,Intersection,Daylight,Municipal,No control,Unknown,FALSE,FALSE,FALSE,Clear,TRUE,Road 1: MASSEY AVE; Road 2: VANIER DR; Vehicle #1     Make: CHEV     Model: SIL     Colour: BLK     Style: PK; Vehicle #2     Make:      Model:      Colour:      Style:,4/9/2021 5:53:01 PM,543640.3353,4808267.934,Q3,Working,FALSE
6215,49696,19231291,9/29/2019 6:15:00 PM,2019,9,29,18,15,Sunday,543073.3043,4811933.664,-80.46757,43.45908,Intersection,2,P.D. only,On roadway,Rear end,Daylight,Municipal,Sign Control,Functioning,FALSE,FALSE,FALSE,Clear,TRUE,Road 1: BRUCE ST; Road 2: ROSEMOUNT DR; Vehicle #1     Make: NISS     Model: A2B     Colour: BLU     Style: 4D; Vehicle #2     Make: JEEP     Model: GCK     Colour: SIL     Style: TY,4/9/2021 5:53:50 PM,543073.3043,4811933.664,Q3,Weekend,FALSE
6216,49697,19231348,9/29/2019 7:00:00 PM,2019,9,29,19,0,Sunday,539059.3448,4806884.639,-80.517547,43.413839,Intersection,2,P.D. only,On roadway,Rear end,Daylight,Municipal,Sign Control,Unknown,FALSE,FALSE,FALSE,Clear,TRUE,Road 1: WAKE ROBIN DR; Road 2: INTERNATIONAL PL; Vehicle #1     Make: FORD     Model: ECM     Colour: WHI     Style: TY; Vehicle #2     Make:      Model:      Colour:      Style:,4/9/2021 5:53:52 PM,539059.3448,4806884.639,Q3,Weekend,FALSE
6217,49698,19231508,9/30/2019 3:33:00 PM,2019,9,30,15,33,Monday,542508.427,4811926.699,-80.474553,43.45905,Private Drive,2,P.D. only,Off roadway,SMV,Daylight,Municipal,No control,Unknown,FALSE,FALSE,FALSE,Clear,FALSE,Road 1: 264 MANSION ST (50 km/h); Road 2: MANSION ST; Distance: 5.0 K S; Vehicle #1     Make: MAZD     Model: M3S     Colour: WHI     Style: 4D,4/9/2021 5:54:46 PM,542508.427,4811926.699,Q3,Working,FALSE
6218,49699,19232108,10/1/2019 10:20:00 AM,2019,10,1,10,20,Tuesday,542316.955,4812859.58,-80.476848,43.46746,Private Drive,2,P.D. only,On roadway,Other,Daylight,Municipal,No control,Unknown,FALSE,FALSE,FALSE,Clear,FALSE,Road 1: 956 GUELPH ST (50 km/h); Road 2: GUELPH ST; Distance: 5.0 M S; Vehicle #1     Make: NISS     Model: XGX     Colour:      Style: 4D; Vehicle #2     Make: FORD     Model: COF     Colour: WHI     Style: PK,5/3/2021 10:40:53 AM,542316.955,4812859.58,Q4,Working,FALSE
6219,49700,19232301,9/30/2019 3:30:00 PM,2019,9,30,15,30,Monday,539133.732,4811704.968,-80.516283,43.457238,Non intersection,2,P.D. only,On roadway,Rear end,Daylight,Municipal,No control,Unknown,FALSE,FALSE,FALSE,Clear,TRUE,Road 1: UNION BLVD; Road 2: PARK ST; Vehicle #1     Make: KIA     Model: FEX     Colour: GRY     Style: 4D; Vehicle #2     Make: FORD     Model: COF     Colour: WHI     Style: PK,4/9/2021 5:53:00 PM,539133.732,4811704.968,Q3,Working,FALSE
6220,49701,19232509,10/1/2019 4:35:00 PM,2019,10,1,16,35,Tuesday,539316.7677,4811565.504,-80.51403,43.455972,Non intersection,2,P.D. only,On roadway,Rear end,Daylight,Municipal,No control,Unknown,FALSE,FALSE,FALSE,Rain,TRUE,Road 1: PARK ST; Road 2: MT HOPE ST; Vehicle #1     Make: VOLK     Model: JBS     Colour: WHI     Style: 4D; Vehicle #2     Make: TOYT     Model: CBL     Colour: GRY     Style: 4D; Vehicle #3     Make: JEEP     Model: CHK     Colour: WHI     Style: TY,5/3/2021 10:38:36 AM,539316.7677,4811565.504,Q4,Working,FALSE
6221,49702,19232520,10/1/2019 4:30:00 PM,2019,10,1,16,30,Tuesday,535771.6215,4809526.091,-80.557982,43.437787,Non intersection,2,P.D. only,On roadway,Rear end,Daylight,Regional,No control,Unknown,FALSE,FALSE,FALSE,Rain,TRUE,Road 1: UNIVERSITY AVE W; Road 2: BAKER ST; Vehicle #1     Make: HYUN     Model: ESS     Colour: WHI     Style: 4D; Vehicle #2     Make: SUBA     Model: CRO     Colour: SIL     Style: TY,5/3/2021 10:38:38 AM,535771.6215,4809526.091,Q4,Working,FALSE
6222,49703,19232559,10/1/2019 3:45:00 PM,2019,10,1,15,45,Tuesday,543442.3361,4811581.251,-80.463037,43.455886,Intersection,2,P.D. only,On roadway,Intersection,Daylight,Municipal,Sign Control,Unknown,FALSE,FALSE,FALSE,Rain,TRUE,Road 1: KRUG ST; Road 2: CAMBRIDGE AVE; Vehicle #1     Make: FORD     Model: TRX     Colour: GRY     Style: TY; Vehicle #2     Make: KIA     Model: SOR     Colour: BLK     Style: TY,5/3/2021 10:39:55 AM,543442.3361,4811581.251,Q4,Working,FALSE
6223,49704,19232562,10/1/2019 7:02:00 PM,2019,10,1,19,2,Tuesday,541690.0288,4811373.995,-80.484711,43.454119,Non intersection,1,Non-fatal injury,Off roadway,SMV,Dusk,Municipal,No control,Unknown,FALSE,FALSE,FALSE,Rain,FALSE,Road 1: OTTO ST (50 km/h); Road 2: QUEEN ST N; Distance: 70.0 K E; Vehicle #1     Make: TOYT     Model: FRS     Colour: WHI     Style: 2D,5/3/2021 10:37:37 AM,541690.0288,4811373.995,Q4,Working,FALSE
6224,49705,19233046,10/2/2019 8:00:00 AM,2019,10,2,8,0,Wednesday,536441.7135,4809828.706,-80.549682,43.440479,Non intersection,2,P.D. only,On roadway,Rear end,Daylight,Regional,No control,Unknown,FALSE,FALSE,FALSE,Rain,TRUE,Road 1: UNIVERSITY AVE W; Road 2: RESURRECTION DR; Vehicle #1     Make: HYUN     Model: TUC     Colour: WHI     Style: TY; Vehicle #2     Make: CHEV     Model: SIL     Colour: BLK     Style: CW,5/3/2021 10:38:37 AM,536441.7135,4809828.706,Q4,Working,FALSE
6225,49706,19233078,10/2/2019 12:21:00 PM,2019,10,2,12,21,Wednesday,542560.4635,4811955.189,-80.473908,43.459304,Intersection,1,Non-fatal injury,On roadway,Rear end,Daylight,Municipal,Sign Control,Unknown,FALSE,FALSE,FALSE,Rain,FALSE,Road 1: 70 MANSION ST (50 km/h); Road 2: EDNA ST (50 km/h); Distance: 1.0 M E; Vehicle #1     Make: SUZI     Model: SX2     Colour: GRY     Style: 4D; Vehicle #2     Make: FORD     Model: COF     Colour: WHI     Style: PK,5/3/2021 10:39:21 AM,542560.4635,4811955.189,Q4,Working,FALSE
6226,49707,19233187,10/2/2019 11:30:00 AM,2019,10,2,11,30,Wednesday,539080.0118,4811110.282,-80.516989,43.451886,Intersection,2,P.D. only,On roadway,Intersection,Daylight,Municipal,Signal Control,Functioning,FALSE,FALSE,FALSE,Rain,TRUE,Road 1: GLASGOW ST; Road 2: BELMONT AVE W; Distance: 6.0 M; Vehicle #1     Make: CHEV     Model: ETV     Colour: WHI     Style: CB; Vehicle #2     Make: NISS     Model: SBL     Colour: BLK     Style: 4D,5/3/2021 10:39:28 AM,539080.0118,4811110.282,Q4,Working,FALSE
6227,49708,19233194,10/2/2019 3:15:00 PM,2019,10,2,15,15,Wednesday,541233.3624,4811851.534,-80.49032,43.458445,Non intersection,2,P.D. only,Off roadway,SMV,Daylight,Municipal,No control,Unknown,FALSE,FALSE,FALSE,Clear,TRUE,Road 1: MARGARET AVE; Road 2: BREITHAUPT ST; Distance: 100.0 M N; Vehicle #1     Make: CHEV     Model: EXP     Colour: YEL     Style: VN; Vehicle #2     Make:      Model:      Colour:      Style:,5/3/2021 10:38:20 AM,541233.3624,4811851.534,Q4,Working,FALSE
6228,49709,19233345,10/2/2019 5:15:00 PM,2019,10,2,17,15,Wednesday,545124.943,4807654.201,-80.442565,43.420427,Non intersection,2,P.D. only,On roadway,Intersection,Dusk,Regional,No control,Unknown,FALSE,FALSE,FALSE,Rain,TRUE,Road 1: WILSON RD KITCHNER; Road 2: PARKING LOT (WILSON EXIT); Vehicle #1     Make: HOND     Model: UDY     Colour: GRY     Style: TY; Vehicle #2     Make: FORD     Model: SPE     Colour: BLU     Style: TY,5/3/2021 10:37:56 AM,545124.943,4807654.201,Q4,Working,FALSE
6229,49710,19233554,10/2/2019 5:40:00 AM,2019,10,2,5,40,Wednesday,544743.7492,4808922.882,-80.44717,43.431873,Non intersection,2,P.D. only,On roadway,SMV,Dark,Municipal,No control,Unknown,FALSE,FALSE,FALSE,Rain,TRUE,Road 1: 9TH AVE (NEAR 2481 KINGSWAY DR); Vehicle #1     Make: HYUN     Model: AGG     Colour: BLU     Style: 4D; Vehicle #2     Make: FORD     Model: TST     Colour: WHI     Style: FV,5/3/2021 10:38:09 AM,544743.7492,4808922.882,Q4,Working,FALSE
6230,49711,19233784,10/3/2019 7:28:00 AM,2019,10,3,7,28,Thursday,543072.8582,4812800.142,-80.467508,43.466882,Intersection,1,Non-fatal injury,On roadway,Intersection,Daylight,Regional,No control,Functioning,FALSE,FALSE,FALSE,Rain,FALSE,Road 1: RIVERBEND DR (50 km/h); Road 2: WELLINGTON ST N (50 km/h); Vehicle #1     Make: DODG     Model: CXA     Colour: BLK     Style: 4D; Vehicle #2     Make: TOYT     Model: RV4     Colour: GRY     Style: TY,5/3/2021 10:40:02 AM,543072.8582,4812800.142,Q4,Weekend,FALSE
6231,49712,19234107,10/3/2019 2:30:00 PM,2019,10,3,14,30,Thursday,544665.9422,4809171.58,-80.448111,43.434117,Non intersection,2,P.D. only,On roadway,Intersection,Daylight,Municipal,No control,Unknown,FALSE,FALSE,FALSE,Rain,TRUE,Road 1: FRANKLIN ST N; Road 2: WEBER ST E; Vehicle #1     Make: TOYT     Model: CEN     Colour: GRY     Style: TY; Vehicle #2     Make: NISS     Model: USE     Colour: GRY     Style: 4D,5/3/2021 10:38:14 AM,544665.9422,4809171.58,Q4,Weekend,FALSE
6232,49713,19234124,10/3/2019 3:30:00 PM,2019,10,3,15,30,Thursday,545089.2518,4807802.911,-80.442994,43.421768,Non intersection,2,P.D. only,On roadway,Intersection,Daylight,Regional,No control,Unknown,FALSE,FALSE,FALSE,Rain,TRUE,Road 1: WILSON AVE; Road 2: FAIRWAY RD S; Vehicle #1     Make: MAZD     Model: 3TR     Colour: GRY     Style: 4D; Vehicle #2     Make: BMW     Model: BX5     Colour: WHI     Style: TY,5/3/2021 10:38:01 AM,545089.2518,4807802.911,Q4,Weekend,FALSE
6233,49714,19234152,10/3/2019 3:00:00 PM,2019,10,3,15,0,Thursday,541701.1931,4808844.836,-80.484767,43.431346,Non intersection,2,Non-reportable,On roadway,SMV,Daylight,Municipal,No control,Unknown,FALSE,FALSE,FALSE,Clear,TRUE,Road 1: 145 HOFFMAN ST; Vehicle #1     Make:      Model:      Colour:      Style: ; Vehicle #2     Make: GMC     Model: DEN     Colour: BLK     Style: TY,5/3/2021 10:38:28 AM,541701.1931,4808844.836,Q4,Weekend,FALSE
6234,49715,19234267,10/3/2019 5:00:00 PM,2019,10,3,17,0,Thursday,545965.1379,4803114.043,-80.432568,43.379497,Non intersection,2,P.D. only,On roadway,Other,Daylight,Municipal,No control,Unknown,FALSE,FALSE,FALSE,Rain,TRUE,Road 1: 471 DOON SOUTH DR; Vehicle #1     Make: CHEV     Model: SIL     Colour: WHI     Style: PK; Vehicle #2     Make: HOND     Model: UCD     Colour: BRN     Style: 4D,5/3/2021 10:38:13 AM,545965.1378,4803114.043,Q4,Weekend,FALSE
6235,49716,19234293,10/3/2019 5:54:00 PM,2019,10,3,17,54,Thursday,537848.3759,4809109.946,-80.53235,43.433938,Intersection,1,Non-fatal injury,On roadway,Intersection,Daylight,Municipal,Sign Control,Functioning,FALSE,FALSE,FALSE,Rain,FALSE,Road 1: OPRINGTON DR (50 km/h); Road 2: BENESFORT DR (50 km/h); Vehicle #1     Make: TOYT     Model: LXS     Colour: BRN     Style: 4D; Vehicle #2     Make: HOND     Model: CRV     Colour: BLK     Style: 4W,5/3/2021 10:40:20 AM,537848.3759,4809109.946,Q4,Weekend,FALSE
6236,49717,19234328,10/4/2019 6:00:00 AM,2019,10,4,6,0,Friday,536963.465,4808252.869,-80.543342,43.426265,Private Drive,2,P.D. only,On roadway,Other,Dark,Municipal,No control,Unknown,FALSE,FALSE,FALSE,Clear,TRUE,Road 1: 478 BANKSIDE DR; Vehicle #1     Make: VOLK     Model: TIG     Colour: ONG     Style: TY; Vehicle #2     Make: HOND     Model: HRV     Colour: GRY     Style: TY,5/3/2021 10:40:53 AM,536963.465,4808252.869,Q4,Weekend,FALSE
6237,49718,19234834,10/4/2019 10:00:00 AM,2019,10,4,10,0,Friday,543973.837,4808962.413,-80.456679,43.432275,Non intersection,2,Non-reportable,On roadway,SMV,Daylight,Municipal,No control,Unknown,FALSE,FALSE,FALSE,Clear,TRUE,Road 1: 117 2ND AVE; Vehicle #1     Make:      Model:      Colour:      Style: ; Vehicle #2     Make: HOND     Model: UDY     Colour: SIL     Style: VN,5/3/2021 10:38:28 AM,543973.837,4808962.413,Q4,Weekend,FALSE
6238,49719,19235099,10/4/2019 8:30:00 AM,2019,10,4,8,30,Friday,541512.2406,4810178.997,-80.487,43.44337,Private Drive,2,P.D. only,On roadway,Intersection,Daylight,Municipal,No control,Unknown,FALSE,FALSE,FALSE,Clear,TRUE,Road 1: CEDAR ST S; Road 2: COURTLAND AVE E; Vehicle #1     Make: TOYT     Model: CBS     Colour: GRY     Style: 4D; Vehicle #2     Make:      Model:      Colour:      Style:,5/3/2021 10:41:32 AM,541512.2406,4810178.997,Q4,Weekend,FALSE
6239,49720,19235106,10/4/2019 5:30:00 PM,2019,10,4,17,30,Friday,543884.9531,4805122.071,-80.458086,43.397702,Non intersection,2,P.D. only,On roadway,Rear end,Daylight,Regional,No control,Unknown,FALSE,FALSE,FALSE,Clear,TRUE,Road 1: HURON RD; Road 2: TRILLIUM DR; Vehicle #1     Make: CHEV     Model: CZT     Colour: GRY     Style: 4D; Vehicle #2     Make: GMC     Model: SAV     Colour: WHI     Style: VN,5/3/2021 10:38:11 AM,543884.9531,4805122.071,Q4,Weekend,FALSE
6240,49721,19235146,10/4/2019 5:30:00 PM,2019,10,4,17,30,Friday,541104.28,4811516.331,-80.49194,43.455433,Intersection,2,Non-reportable,On roadway,Intersection,Daylight,Regional,Sign Control,Functioning,FALSE,FALSE,FALSE,Clear,TRUE,Road 1: WATER ST; Road 2: VICTORIA ST KITCHENER; Vehicle #1     Make:      Model:      Colour:      Style: ; Vehicle #2     Make: FORD     Model: SPE     Colour: BLU     Style: TY,5/3/2021 10:39:48 AM,541104.28,4811516.331,Q4,Weekend,FALSE
6241,49722,19235181,10/4/2019 6:45:00 PM,2019,10,4,18,45,Friday,544763.4505,4808967.52,-80.446923,43.432274,Non intersection,2,P.D. only,On roadway,Intersection,Dark,Municipal,No control,Unknown,FALSE,FALSE,FALSE,Clear,TRUE,Road 1: 9TH AVE; Road 2: KINGSWAY DR; Vehicle #1     Make: FORD     Model: SPE     Colour: BLK     Style: TY; Vehicle #2     Make: MAZD     Model: M3I     Colour: GRY     Style: 4D,5/3/2021 10:38:10 AM,544763.4505,4808967.52,Q4,Weekend,FALSE
6242,49723,19235406,10/5/2019 12:12:00 AM,2019,10,5,0,12,Saturday,542544.5341,4806757.473,-80.47451,43.412504,Non intersection,2,P.D. only,On roadway,SMV,Dark,Municipal,No control,Unknown,FALSE,FALSE,FALSE,Clear,FALSE,Road 1: CEDARHILL CRES (50 km/h); Road 2: HILLSIDE DR; Distance: 10.0 M W; Vehicle #1     Make: KIA     Model: OSX     Colour: GRY     Style: 4D,5/3/2021 10:37:05 AM,542544.5341,4806757.473,Q4,Weekend,FALSE
6243,49724,19235537,10/5/2019 5:52:00 AM,2019,10,5,5,52,Saturday,540723.4684,4812265.094,-80.496591,43.462196,Non intersection,2,P.D. only,Off roadway,SMV,Dark,Municipal,No control,Unknown,FALSE,FALSE,FALSE,Clear,FALSE,Road 1: 388 GUELPH ST (50 km/h); Road 2: GUELPH ST; Distance: 5.0 M S; Vehicle #1     Make: HOND     Model: CLL     Colour: BLK     Style: 4D,5/3/2021 10:37:02 AM,540723.4684,4812265.094,Q4,Weekend,FALSE
6244,49725,19235832,10/5/2019 1:30:00 PM,2019,10,5,13,30,Saturday,541275.599,4811759.02,-80.489804,43.457609,Intersection,2,Non-reportable,On roadway,SMV,Daylight,Regional,Sign Control,Functioning,FALSE,FALSE,FALSE,Clear,TRUE,Road 1: MARGARET AVE; Road 2: BREITHAUPT ST; Vehicle #1     Make: HOND     Model: ULS     Colour: GRY     Style: 4D,5/3/2021 10:39:50 AM,541275.599,4811759.02,Q4,Weekend,FALSE
6245,49726,19236000,10/5/2019 6:30:00 PM,2019,10,5,18,30,Saturday,540531.4387,4808623.263,-80.499235,43.429415,Non intersection,2,P.D. only,On roadway,Rear end,Dark,Municipal,No control,Unknown,FALSE,FALSE,FALSE,Clear,TRUE,Road 1: LAKESIDE DR; Road 2: GREENBROOK DR; Vehicle #1     Make: TOYT     Model: MTL     Colour: SIL     Style: 4D; Vehicle #2     Make: TOYT     Model: CBS     Colour: BLK     Style: 4D,5/3/2021 10:38:20 AM,540531.4387,4808623.263,Q4,Weekend,FALSE
6246,49727,19236032,10/5/2019 7:33:00 PM,2019,10,5,19,33,Saturday,545034.4164,4807867.653,-80.443666,43.422355,Intersection,1,Non-fatal injury,On roadway,SMV,Dark,Municipal,Signal Control,Functioning,TRUE,FALSE,FALSE,Clear,FALSE,Road 1: WILSON AVE (50 km/h); Road 2: KINGSWAY DR (50 km/h); Vehicle #1     Make: VOLK     Model: RAB     Colour: RED     Style: 4D,5/3/2021 10:39:10 AM,545034.4164,4807867.653,Q4,Weekend,FALSE
6247,49728,19236727,10/6/2019 5:04:00 PM,2019,10,6,17,4,Sunday,540077.3297,4805560.656,-80.50507,43.401864,Private Drive,2,P.D. only,On roadway,Other,Daylight,Municipal,No control,Unknown,FALSE,FALSE,FALSE,Clear,FALSE,Road 1: 23  ISABELLA ST (50 km/h); Road 2: ISABELLA ST; Distance: 2.0 M N; Vehicle #1     Make: ACUR     Model: TSX     Colour: BLK     Style: 4D; Vehicle #2     Make: DODG     Model: CAR     Colour: SIL     Style: VN,5/3/2021 10:40:54 AM,540077.3297,4805560.656,Q4,Weekend,FALSE
6248,49729,19237202,10/6/2019 11:00:00 PM,2019,10,6,23,0,Sunday,545672.1621,4809905.134,-80.435617,43.440662,Non intersection,2,P.D. only,On roadway,SMV,Dark,Municipal,No control,Unknown,FALSE,FALSE,FALSE,Clear,TRUE,Road 1: RIVER ROAD E; Road 2: OLD CHICOPEE DR; Vehicle #1     Make: TOYT     Model: YSE     Colour: WHI     Style: 4B,5/3/2021 10:38:47 AM,545672.1621,4809905.134,Q4,Weekend,FALSE
6249,49730,19237229,10/2/2019 7:00:00 AM,2019,10,2,7,0,Wednesday,540943.5512,4811908.622,-80.493897,43.458974,Private Drive,2,P.D. only,On roadway,Other,Dawn,Regional,No control,Unknown,FALSE,FALSE,FALSE,Clear,TRUE,Road 1: AHRENS ST W; Road 2: VICTORIA ST; Vehicle #1     Make: GMC     Model: TER     Colour: BLK     Style: TY; Vehicle #2     Make:      Model:      Colour:      Style:,5/3/2021 10:41:32 AM,540943.5512,4811908.622,Q4,Working,FALSE
6250,49731,19237313,10/3/2019 12:00:00 PM,2019,10,3,12,0,Thursday,539832.8127,4811144.659,-80.507683,43.452156,Intersection,2,P.D. only,On roadway,Other,Daylight,Municipal,Signal Control,Functioning,FALSE,FALSE,FALSE,Clear,TRUE,Road 1: DOMINION ST; Road 2: PARK ST; Vehicle #1     Make: TOYT     Model: SIE     Colour: GRY     Style: VN; Vehicle #2     Make:      Model:      Colour:      Style:,5/3/2021 10:39:41 AM,539832.8127,4811144.659,Q4,Weekend,FALSE
6251,49732,19237564,10/7/2019 6:00:00 PM,2019,10,7,18,0,Monday,545503.6411,4806101.367,-80.438016,43.406423,Private Drive,2,Non-reportable,On roadway,SMV,Daylight,Municipal,No control,Unknown,FALSE,FALSE,FALSE,Clear,TRUE,Road 1: 1094 WILSON AVE; Vehicle #1     Make: HOND     Model: CXG     Colour: BLK     Style: 4D,5/3/2021 10:41:41 AM,545503.6411,4806101.367,Q4,Working,FALSE
6252,49733,19237580,9/27/2019 7:00:00 AM,2019,9,27,7,0,Friday,536180.1141,4809630.252,-80.552928,43.438705,Non intersection,2,P.D. only,On roadway,Intersection,Dawn,Municipal,No control,Unknown,FALSE,FALSE,FALSE,Clear,TRUE,Road 1: 1100 COUNTRYSTONE DR; Vehicle #1     Make:      Model:      Colour:      Style: ; Vehicle #2     Make: HYUN     Model: SSE     Colour: BLK     Style: 4D,4/9/2021 5:53:02 PM,536180.1141,4809630.252,Q3,Weekend,FALSE
6253,49734,19238001,10/7/2019 4:00:00 PM,2019,10,7,16,0,Monday,544912.4354,4812482.177,-80.444793,43.463911,Intersection,2,P.D. only,On roadway,Rear end,Daylight,Municipal,Sign Control,Functioning,FALSE,FALSE,FALSE,Clear,TRUE,Road 1: NATCHEZ RD; Road 2: HALIFAX DR; Vehicle #1     Make: DODG     Model: CAR     Colour: SIL     Style: VN; Vehicle #2     Make: STRN     Model: SI3     Colour: RED     Style: 4D,5/3/2021 10:39:42 AM,544912.4354,4812482.177,Q4,Working,FALSE
6254,49735,19238357,10/7/2019 3:45:00 PM,2019,10,7,15,45,Monday,542142.4844,4807089.878,-80.47945,43.41552,Private Drive,2,Non-reportable,On roadway,Intersection,Daylight,Municipal,No control,Unknown,FALSE,TRUE,FALSE,Clear,TRUE,Road 1: BLOCK LINE RD (IFO 655); Road 2: STRASBURG RD; Vehicle #1     Make:      Model:      Colour:      Style: ; Vehicle #2     Make: BICY     Model: KONA     Colour: BLK     Style: BIC,5/3/2021 10:40:52 AM,542142.4844,4807089.878,Q4,Working,FALSE
6255,49736,19238960,10/8/2019 2:30:00 PM,2019,10,8,14,30,Tuesday,541504.3248,4813091.994,-80.486876,43.469599,Private Drive,2,P.D. only,On roadway,SMV,Daylight,Municipal,No control,Unknown,FALSE,FALSE,FALSE,Clear,TRUE,"Road 1: OXFORD KITCHENER , ONTARIO (IFO 101); Vehicle #1     Make: FORD     Model: SPE     Colour: BLK     Style: TY; Vehicle #2     Make: FORD     Model: COF     Colour: BRN     Style: PK",4/27/2022 10:42:36 AM,541504.3248,4813091.994,Q4,Working,FALSE