,OBJECTID,ACCIDENTNUM,ACCIDENTDATE,ACCIDENT_YEAR,ACCIDENT_MONTH,ACCIDENT_DAY,ACCIDENT_HOUR,ACCIDENT_MINUTE,Accident_Day,XCOORD,YCOORD,LONGITUDE,LATITUDE,Accident_Location,COLLISIONTYPE,Accident_Type,Impact_Location,Impact_Type,Light,Road_Jurisdication,Traffic_Control,Traffic_Control_Condition,Pedestrian_Involved,Cyclist_Involved,Motorcyclist_Involved,Environment_Condition,Self_Reported,XMLIMPORTNOTES,LASTEDITEDDATE,x,y,Quarter,Day_Type,Vulnerable_Involved
6256,49737,19239146,10/9/2019 3:00:00 PM,2019,10,9,15,0,Wednesday,541600.9547,4806864.63,-80.486156,43.413522,Intersection,2,P.D. only,On roadway,Rear end,Daylight,Municipal,Sign Control,Functioning,FALSE,FALSE,FALSE,Clear,TRUE,Road 1: BLOCK LINE RD; Road 2: MECLLENEN PARK GATE; Vehicle #1     Make: PONT     Model: VA4     Colour: GRY     Style: 4B; Vehicle #2     Make: TOYT     Model: UCS     Colour: BRN     Style: 4D,5/3/2021 10:40:35 AM,541600.9547,4806864.63,Q4,Working,FALSE
6257,49738,19239157,10/9/2019 3:25:00 PM,2019,10,9,15,25,Wednesday,539175.1922,4810911.546,-80.515827,43.450091,Non intersection,2,P.D. only,Off roadway,Intersection,Daylight,Municipal,No control,Unknown,FALSE,TRUE,FALSE,Clear,FALSE,Road 1: 564 BELMONT AVE W (50 km/h); Road 2: BELMONT AVE W; Distance: 1.0 M N; Vehicle #1     Make: TOYT     Model: CHL     Colour: GRY     Style: 4D; Vehicle #2     Make:      Model:      Colour:      Style:,5/3/2021 10:37:30 AM,539175.1922,4810911.546,Q4,Working,FALSE
6258,49739,19239225,10/9/2019 4:00:00 PM,2019,10,9,16,0,Wednesday,542866.2904,4810786.483,-80.470219,43.448763,Intersection,2,P.D. only,On roadway,Intersection,Daylight,Municipal,Sign Control,Unknown,FALSE,FALSE,FALSE,Clear,TRUE,Road 1: EAST AVE; Road 2: STIRLING AVE N; Vehicle #1     Make: HYUN     Model: ESS     Colour: BLK     Style: 4D; Vehicle #2     Make: BMW     Model: 5XI     Colour: GRY     Style: 4D,5/3/2021 10:40:36 AM,542866.2904,4810786.483,Q4,Working,FALSE
6259,49740,19239241,10/9/2019 4:00:00 PM,2019,10,9,16,0,Wednesday,542510.5317,4811504.047,-80.47456,43.455244,Intersection,2,P.D. only,On roadway,Rear end,Daylight,Municipal,Sign Control,Unknown,FALSE,FALSE,FALSE,Clear,TRUE,Road 1: EAST AVE; Road 2: BINGEMAN ST; Vehicle #1     Make: VOLK     Model: JET     Colour: WHI     Style: 4D; Vehicle #2     Make: VOLK     Model: GLI     Colour: BLK     Style: 4B,5/3/2021 10:39:43 AM,542510.5317,4811504.047,Q4,Working,FALSE
6260,49741,19239643,10/10/2019 8:00:00 AM,2019,10,10,8,0,Thursday,543925.7954,4805134.336,-80.45758,43.39781,Intersection,2,P.D. only,Other,Rear end,Daylight,Municipal,Sign Control,Functioning,FALSE,FALSE,FALSE,Clear,TRUE,Road 1: OLD HURON RD; Vehicle #1     Make: HOND     Model: UDY     Colour: RED     Style: TY; Vehicle #2     Make: MAZD     Model: CX5     Colour: WHI     Style: TY,5/3/2021 10:39:36 AM,543925.7954,4805134.336,Q4,Weekend,FALSE
6261,49742,19239754,10/10/2019 10:00:00 AM,2019,10,10,10,0,Thursday,538567.356,4811181.923,-80.52332,43.452557,Private Drive,2,P.D. only,On roadway,SMV,Daylight,Municipal,No control,Unknown,FALSE,FALSE,FALSE,Clear,TRUE,Road 1: UNION BLVD (IFO 273); Vehicle #1     Make: CHEV     Model: SIL     Colour: BLU     Style: CW; Vehicle #2     Make: FORD     Model: COF     Colour: BLK     Style: PK,5/3/2021 10:41:26 AM,538567.356,4811181.923,Q4,Weekend,FALSE
6262,49743,19239974,10/10/2019 3:20:00 PM,2019,10,10,15,20,Thursday,548244.7287,4804559.249,-80.404301,43.392366,Non intersection,2,P.D. only,On roadway,Intersection,Daylight,Regional,No control,Unknown,FALSE,FALSE,FALSE,Clear,TRUE,Road 1: 299 DOON VALLEY DR; Road 2: HOMER WATSON BLVD KITCHENER; Vehicle #1     Make: KIA     Model: RIO     Colour: BLU     Style: 4B; Vehicle #2     Make: SUBA     Model: BM9     Colour: GRY     Style: 4D,4/27/2022 10:39:16 AM,548244.7287,4804559.249,Q4,Weekend,FALSE
6263,49744,19240070,10/10/2019 4:30:00 PM,2019,10,10,16,30,Thursday,539568.3197,4811425.323,-80.510931,43.454697,Intersection,2,P.D. only,On roadway,Intersection,Daylight,Municipal,Sign Control,Functioning,FALSE,FALSE,FALSE,Clear,TRUE,Road 1: PARK ST; Road 2: GREEN ST; Vehicle #1     Make: ACUR     Model: 2TL     Colour: BRN     Style: 4D; Vehicle #2     Make: NISS     Model: SML     Colour: BLK     Style: 4D,5/3/2021 10:39:27 AM,539568.3197,4811425.323,Q4,Weekend,FALSE
6264,49745,19240235,10/10/2019 1:40:00 PM,2019,10,10,13,40,Thursday,541140.8072,4810181.773,-80.491589,43.443415,Non intersection,2,P.D. only,On roadway,Other,Daylight,Municipal,No control,Unknown,FALSE,FALSE,FALSE,Clear,TRUE,Road 1: 40 WHITNEY PLACE; Vehicle #1     Make: NISS     Model: ATL     Colour: GRY     Style: 4D; Vehicle #2     Make: RAM     Model: RTR     Colour: WHI     Style: CW,5/3/2021 10:37:51 AM,541140.8072,4810181.773,Q4,Weekend,FALSE
6265,49746,19240552,10/11/2019 8:50:00 AM,2019,10,11,8,50,Friday,537442.595,4807904.343,-80.537446,43.423103,Private Drive,2,P.D. only,On roadway,SMV,Daylight,Municipal,No control,Unknown,FALSE,FALSE,FALSE,Clear,TRUE,Road 1: 7 SPRUCEDALE CRESCENT; Vehicle #1     Make: HYUN     Model: SAN     Colour: WHI     Style: TY; Vehicle #2     Make: MNNI     Model: CTY     Colour: WHI     Style: SW,5/3/2021 10:41:22 AM,537442.595,4807904.343,Q4,Weekend,FALSE
6266,49747,19240776,10/10/2019 4:30:00 PM,2019,10,10,16,30,Thursday,542744.251,4812639.97,-80.471582,43.465459,Intersection,2,P.D. only,On roadway,Rear end,Daylight,Municipal,Sign Control,Unknown,FALSE,FALSE,FALSE,Clear,TRUE,Road 1: WELLINGTON ST N; Road 2: 7&8 RAMP KITCHENER; Vehicle #1     Make: NISS     Model: A2B     Colour: SIL     Style: 4D; Vehicle #2     Make: HOND     Model: FB2     Colour: SIL     Style: 4D,5/3/2021 10:39:16 AM,542744.251,4812639.97,Q4,Weekend,FALSE
6267,49748,19240903,10/11/2019 4:00:00 PM,2019,10,11,16,0,Friday,540874.0169,4811048.137,-80.494821,43.45123,Intersection,2,P.D. only,On roadway,Intersection,Daylight,Municipal,Sign Control,Unknown,FALSE,FALSE,FALSE,Clear,TRUE,Road 1: WATER ST S; Road 2: HALLS LN; Vehicle #1     Make:      Model:      Colour:      Style: ; Vehicle #2     Make: TOYT     Model: UCS     Colour: SIL     Style: 4D,5/3/2021 10:39:27 AM,540874.0169,4811048.137,Q4,Weekend,FALSE
6268,49749,19241065,10/11/2019 7:25:00 PM,2019,10,11,19,25,Friday,540436.0314,4805970.3,-80.500611,43.405533,Non intersection,2,Non-reportable,On roadway,Rear end,Dark,Municipal,No control,Unknown,FALSE,FALSE,FALSE,Clear,TRUE,Road 1: MAX BECKER DR KITCHENER; Road 2: IFO ENT SHOPPING MALL STOP TO CHECK FOR TRAFFIC COMING FROM RIGHT; Vehicle #1     Make: SUBA     Model: XVC     Colour: SIL     Style: TY; Vehicle #2     Make: VOLK     Model: JET     Colour: WHI     Style: 4D,5/3/2021 10:38:32 AM,540436.0314,4805970.3,Q4,Weekend,FALSE
6269,49750,19241125,10/11/2019 7:45:00 PM,2019,10,11,19,45,Friday,545275.2602,4806435.49,-80.440809,43.409445,Intersection,2,P.D. only,On roadway,Rear end,Dark,Municipal,Sign Control,Functioning,FALSE,FALSE,FALSE,Clear,TRUE,Road 1: WILSON AVE; Road 2: WABANAKI DR; Vehicle #1     Make:      Model:      Colour:      Style: ; Vehicle #2     Make: FIAT     Model: 5LG     Colour: RED     Style: 2B,5/3/2021 10:39:26 AM,545275.2602,4806435.49,Q4,Weekend,FALSE
6270,49751,19241205,10/11/2019 10:48:00 PM,2019,10,11,22,48,Friday,545277.2703,4811934.109,-80.440328,43.458954,Non intersection,2,P.D. only,On roadway,SMV,Dark,Municipal,No control,Unknown,FALSE,FALSE,FALSE,Clear,FALSE,Road 1: 77 QUEENSTON DR (50 km/h); Road 2: QUEENSTON DR; Distance: 3.0 M S; Vehicle #1     Make: DODG     Model: CAR     Colour: WHI     Style: VN; Vehicle #2     Make: GMC     Model: CAN     Colour: BLK     Style: PK,5/3/2021 10:37:06 AM,545277.2703,4811934.109,Q4,Weekend,FALSE
6271,49752,19241450,10/12/2019 7:40:00 AM,2019,10,12,7,40,Saturday,543023.1639,4812775.324,-80.468124,43.466662,Non intersection,2,Non-reportable,On roadway,Intersection,Daylight,Municipal,No control,Unknown,FALSE,FALSE,FALSE,Clear,TRUE,Road 1: WELLINGTON ST N; Road 2: RIVERBEND DR; Vehicle #1     Make: GMC     Model: SIE     Colour: RED     Style: DP; Vehicle #2     Make:      Model:      Colour:      Style:,5/3/2021 10:38:32 AM,543023.1639,4812775.324,Q4,Weekend,FALSE
6272,49753,19241706,10/12/2019 3:00:00 PM,2019,10,12,15,0,Saturday,542361.3874,4810257.874,-80.4765,43.444032,Non intersection,2,P.D. only,On roadway,Rear end,Daylight,Regional,No control,Unknown,FALSE,FALSE,FALSE,Clear,TRUE,Road 1: KING ST E; Road 2: STIRLING AVE N; Vehicle #1     Make: FORD     Model: FSA     Colour: RED     Style: 4D; Vehicle #2     Make: AUDI     Model: S3P     Colour: WHI     Style: 4D,5/3/2021 10:37:52 AM,542361.3874,4810257.874,Q4,Weekend,FALSE
6273,49754,19242268,10/2/2019 12:15:00 PM,2019,10,2,12,15,Wednesday,541309.7769,4803365.584,-80.490017,43.382032,Non intersection,2,Non-reportable,On roadway,Intersection,Daylight,Municipal,No control,Unknown,FALSE,FALSE,FALSE,Rain,TRUE,Road 1: 1415 HURON RD; Vehicle #1     Make: MAZD     Model: M3S     Colour: SIL     Style: 4D; Vehicle #2     Make:      Model:      Colour:      Style:,5/3/2021 10:38:30 AM,541309.7769,4803365.584,Q4,Working,FALSE
6274,49755,19242281,10/3/2019 12:30:00 PM,2019,10,3,12,30,Thursday,538251.2004,4809876.229,-80.527319,43.440817,Intersection,2,Non-reportable,On roadway,Rear end,Daylight,Municipal,Sign Control,Functioning,FALSE,FALSE,FALSE,Clear,TRUE,Road 1: HAZELGLEN DR; Road 2: DALEGROVE DR; Vehicle #1     Make: MITS     Model: OUT     Colour: GRY     Style: TY; Vehicle #2     Make:      Model:      Colour:      Style:,5/3/2021 10:39:52 AM,538251.2004,4809876.229,Q4,Weekend,FALSE
6275,49756,19242369,10/13/2019 1:40:00 PM,2019,10,13,13,40,Sunday,538545.8851,4809719.355,-80.523689,43.439389,Private Drive,2,P.D. only,Off roadway,SMV,Daylight,Municipal,No control,Unknown,FALSE,FALSE,FALSE,Clear,FALSE,Road 1: 24 MOOREGATE CRES (50 km/h); Road 2: MOOREGATE CRES; Distance: 3.0 M S; Vehicle #1     Make: TOYT     Model: UCS     Colour: BRN     Style: 4D,5/3/2021 10:40:55 AM,538545.8851,4809719.355,Q4,Weekend,FALSE
6276,49757,19243011,10/14/2019 12:00:00 PM,2019,10,14,12,0,Monday,536712.3284,4808927.955,-80.546399,43.432356,Non intersection,2,Non-reportable,On roadway,SMV,Daylight,Municipal,No control,Unknown,FALSE,FALSE,FALSE,Clear,TRUE,Road 1: WESTFOREST TRAIL (IFO 335); Road 2: VICTORIA ST S; Vehicle #1     Make: HOND     Model: CRV     Colour: SIL     Style: TY; Vehicle #2     Make: HOND     Model: ATR     Colour: WHI     Style: 4D,5/3/2021 10:37:40 AM,536712.3284,4808927.955,Q4,Working,FALSE
6277,49758,19243210,10/14/2019 5:58:00 PM,2019,10,14,17,58,Monday,542784.9815,4804145.221,-80.471744,43.388969,Intersection,2,P.D. only,On roadway,Rear end,Daylight,Municipal,No control,Functioning,FALSE,FALSE,FALSE,Clear,TRUE,Road 1: NEWCASTLE DR; Road 2: HURON RD; Vehicle #1     Make: MAZD     Model: CX9     Colour: BLK     Style: TY; Vehicle #2     Make: HOND     Model: UAX     Colour: GRY     Style: 4D,5/3/2021 10:39:30 AM,542784.9815,4804145.221,Q4,Working,FALSE
6278,49759,19243317,10/14/2019 8:30:00 PM,2019,10,14,20,30,Monday,541822.7121,4808941.184,-80.483258,43.432207,Private Drive,1,Non-fatal injury,On roadway,SMV,Dark,Municipal,No control,Unknown,TRUE,FALSE,FALSE,Clear,FALSE,Road 1: MEINZINGER AVE (50 km/h); Road 2: HOFFMAN ST; Distance: 40.0 M N; Vehicle #1     Make:      Model:      Colour:      Style:,5/3/2021 10:40:54 AM,541822.7121,4808941.184,Q4,Working,FALSE
6279,49760,19243549,10/15/2019 7:30:00 AM,2019,10,15,7,30,Tuesday,541269.7252,4809005.719,-80.490085,43.432819,Private Drive,2,P.D. only,On roadway,Intersection,Daylight,Municipal,No control,Unknown,FALSE,FALSE,FALSE,Clear,TRUE,Road 1: 150 HEIMAN ST; Vehicle #1     Make: TOYT     Model: CYR     Colour: SIL     Style: 4B; Vehicle #2     Make: CHEV     Model: RAX     Colour: RED     Style: TY,5/3/2021 10:41:34 AM,541269.7252,4809005.719,Q4,Working,FALSE
6280,49761,19243652,10/15/2019 10:45:00 AM,2019,10,15,10,45,Tuesday,539079.0503,4811110.277,-80.517001,43.451886,Intersection,2,P.D. only,On roadway,Intersection,Daylight,Municipal,Signal Control,Unknown,FALSE,FALSE,FALSE,Clear,TRUE,Road 1: GLASGOW ST; Road 2: BELMONT AVE W; Vehicle #1     Make: CHEV     Model: EQU     Colour: RED     Style: TY; Vehicle #2     Make: KIA     Model: SPO     Colour: BLU     Style: TY,5/3/2021 10:39:43 AM,539079.0503,4811110.277,Q4,Working,FALSE
6281,49762,19243698,9/25/2019 9:05:00 AM,2019,9,25,9,5,Wednesday,546300.418,4808614.285,-80.427963,43.429,Non intersection,2,P.D. only,Off roadway,SMV,Daylight,Municipal,No control,Unknown,FALSE,FALSE,FALSE,Clear,TRUE,Road 1: 392 SOUTHILL DR; Vehicle #1     Make:      Model:      Colour:      Style: ; Vehicle #2     Make: VOLK     Model: JTT     Colour: SIL     Style: 4D,4/9/2021 5:53:02 PM,546300.418,4808614.285,Q3,Working,FALSE
6282,49763,19243747,10/15/2019 1:00:00 PM,2019,10,15,13,0,Tuesday,538628.2232,4811281.912,-80.522561,43.453455,Intersection,2,P.D. only,On roadway,Intersection,Daylight,Municipal,Sign Control,Unknown,FALSE,FALSE,FALSE,Clear,TRUE,Road 1: DUNBAR RD; Road 2: UNION BLVD; Vehicle #1     Make: NISS     Model: SML     Colour: BLK     Style: 4D; Vehicle #2     Make: MERZ     Model: GK3     Colour: BLK     Style: TY,5/3/2021 10:40:27 AM,538628.2232,4811281.912,Q4,Working,FALSE
6283,49764,19243845,10/15/2019 2:45:00 PM,2019,10,15,14,45,Tuesday,539282.6235,4808119.633,-80.5147,43.424947,Non intersection,2,P.D. only,On roadway,Intersection,Daylight,Municipal,No control,Unknown,FALSE,FALSE,FALSE,Clear,TRUE,Road 1: 71 BIRCHCLIFF AVE (NEAT ST PAULS CATHOLIC SCHOOL); Vehicle #1     Make: DODG     Model: CAR     Colour: RED     Style: VN; Vehicle #2     Make:      Model:      Colour:      Style:,5/3/2021 10:37:53 AM,539282.6235,4808119.633,Q4,Working,FALSE
6284,49765,19244301,10/16/2019 7:25:00 AM,2019,10,16,7,25,Wednesday,544089.4948,4804627.182,-80.4556,43.393234,Intersection,2,P.D. only,On roadway,SMV,Daylight,Municipal,No control,Functioning,TRUE,FALSE,FALSE,Rain,FALSE,Road 1: BLACK WALNUT DR (50 km/h); Road 2: BIEHN DR (50 km/h); Vehicle #1     Make:      Model:      Colour:      Style: ; Vehicle #2     Make:      Model:      Colour:      Style:,5/3/2021 10:40:14 AM,544089.4948,4804627.182,Q4,Working,FALSE
6285,49766,19244546,10/16/2019 1:18:00 PM,2019,10,16,13,18,Wednesday,543175.5047,4807694.792,-80.466643,43.420908,Non intersection,2,P.D. only,Off roadway,SMV,Daylight,Municipal,No control,Unknown,FALSE,FALSE,FALSE,Clear,FALSE,Road 1: LENNOX LEWIS WAY (50 km/h); Road 2: BLOCK LINE RD; Distance: 200.0 M W; Vehicle #1     Make: VOLK     Model: A5J     Colour: SIL     Style: 4D,5/3/2021 10:38:22 AM,543175.5047,4807694.792,Q4,Working,FALSE
6286,49767,19244657,10/16/2019 3:30:00 PM,2019,10,16,15,30,Wednesday,545274.3076,4806434.045,-80.440821,43.409432,Intersection,2,P.D. only,On roadway,Intersection,Daylight,Municipal,Sign Control,Functioning,FALSE,FALSE,FALSE,Clear,TRUE,Road 1: WILSON AVE; Road 2: WABANAKI DR; Vehicle #1     Make: FORD     Model: SRW     Colour: SIL     Style: CT; Vehicle #2     Make: HOND     Model: UEX     Colour: SIL     Style: 4D,5/3/2021 10:40:28 AM,545274.3076,4806434.045,Q4,Working,FALSE
6287,49768,19244889,10/15/2019 8:30:00 AM,2019,10,15,8,30,Tuesday,539567.1957,4811427.412,-80.510945,43.454716,Intersection,2,Non-reportable,On roadway,Intersection,Daylight,Municipal,Sign Control,Functioning,FALSE,FALSE,FALSE,Clear,TRUE,Road 1: PARK ST; Road 2: GREEN ST; Vehicle #1     Make:      Model:      Colour:      Style: ; Vehicle #2     Make: KIA     Model: SPO     Colour: GRY     Style: TY,5/3/2021 10:39:50 AM,539567.1957,4811427.412,Q4,Working,FALSE
6288,49769,19244915,10/16/2019 3:20:00 PM,2019,10,16,15,20,Wednesday,545855.8084,4804741.365,-80.433781,43.394156,Intersection,2,P.D. only,On roadway,Rear end,Daylight,Municipal,Sign Control,Unknown,FALSE,FALSE,FALSE,Clear,TRUE,Road 1: OLD CARRIAGE DR; Road 2: PIONEER DR; Vehicle #1     Make: NISS     Model: SML     Colour: GRY     Style: 4D; Vehicle #2     Make: MAZD     Model: CX9     Colour: SIL     Style: TY,5/3/2021 10:39:24 AM,545855.8084,4804741.366,Q4,Working,FALSE
6289,49770,19245352,10/16/2019 6:45:00 PM,2019,10,16,18,45,Wednesday,545033.7687,4807867.751,-80.443674,43.422356,Intersection,2,P.D. only,On roadway,Intersection,Dark,Municipal,Signal Control,Functioning,FALSE,FALSE,FALSE,Rain,TRUE,Road 1: KINGSWAY DR; Road 2: WILSON AVE; Vehicle #1     Make: VOLK     Model: JSA     Colour: WHI     Style: 4D; Vehicle #2     Make: DODG     Model: CHA     Colour: RED     Style: 4D,5/3/2021 10:39:10 AM,545033.7687,4807867.751,Q4,Working,FALSE
6290,49771,19245481,10/17/2019 11:00:00 AM,2019,10,17,11,0,Thursday,541874.597,4810743.784,-80.482479,43.448435,Intersection,2,P.D. only,On roadway,Other,Daylight,Municipal,No control,Functioning,FALSE,FALSE,FALSE,Clear,TRUE,Road 1: DUKE ST KITCHENER; Road 2: CEDAR ST; Vehicle #1     Make:      Model:      Colour:      Style: ; Vehicle #2     Make: ACUR     Model: CSX     Colour: SIL     Style: 4D,4/27/2022 10:41:41 AM,541874.597,4810743.784,Q4,Weekend,FALSE
6291,49772,19245483,10/16/2019 8:00:00 PM,2019,10,16,20,0,Wednesday,542095.8673,4809821.532,-80.479815,43.440118,Non intersection,2,P.D. only,On roadway,Other,Dark,Municipal,No control,Unknown,FALSE,FALSE,FALSE,Clear,TRUE,Road 1: 175 KENT AVE; Vehicle #1     Make: CHEV     Model: 2KN     Colour: WHI     Style: PK; Vehicle #2     Make: HOND     Model: UCD     Colour: SIL     Style: 4D,5/3/2021 10:38:35 AM,542095.8673,4809821.532,Q4,Working,FALSE
6292,49773,19245628,10/17/2019 1:00:00 PM,2019,10,17,13,0,Thursday,539890.9487,4808073.446,-80.507189,43.424499,Private Drive,2,Non-reportable,On roadway,SMV,Daylight,Municipal,No control,Unknown,FALSE,FALSE,FALSE,Clear,TRUE,Road 1: 244 STONEY BROOK DR KITCHENER; Vehicle #1     Make: BUIC     Model: ENR     Colour: GRY     Style: TY; Vehicle #2     Make:      Model:      Colour:      Style:,5/3/2021 10:41:45 AM,539890.9487,4808073.446,Q4,Weekend,FALSE
6293,49774,19245716,10/17/2019 8:00:00 PM,2019,10,17,20,0,Thursday,540216.8773,4805819.278,-80.503328,43.404185,Intersection,2,P.D. only,On roadway,SMV,Dark,Municipal,No control,Functioning,FALSE,FALSE,FALSE,Clear,FALSE,Road 1: COMMONWEALTH ST (50 km/h); Road 2: MAX BECKER DR (50 km/h); Vehicle #1     Make: SUBA     Model: IMP     Colour: SIL     Style: SW,5/3/2021 10:40:13 AM,540216.8773,4805819.278,Q4,Weekend,FALSE
6294,49775,19245752,10/17/2019 3:00:00 PM,2019,10,17,15,0,Thursday,540466.3187,4810914.682,-80.49987,43.450051,Private Drive,2,P.D. only,On roadway,Other,Daylight,Regional,No control,Unknown,FALSE,FALSE,FALSE,Clear,TRUE,Road 1: OAK ST; Road 2: VICTORIA ST S; Vehicle #1     Make: TOYT     Model: UXS     Colour: GRY     Style: 4D; Vehicle #2     Make: HYUN     Model: ELA     Colour: GRY     Style: 4D,5/3/2021 10:41:24 AM,540466.3187,4810914.682,Q4,Weekend,FALSE
6295,49776,19246052,10/18/2019 9:15:00 AM,2019,10,18,9,15,Friday,547652.4146,4804030.589,-80.41166,43.387644,Non intersection,2,P.D. only,On roadway,Intersection,Daylight,Municipal,No control,Unknown,FALSE,FALSE,FALSE,Clear,TRUE,Road 1: CONESTOGA COLLEGE BLVD (LOWER DOON); Vehicle #1     Make: HYUN     Model: ESS     Colour: WHI     Style: 4D; Vehicle #2     Make: MITS     Model: LGT     Colour: BLK     Style: 4D,8/16/2022 2:55:36 PM,547652.4146,4804030.589,Q4,Weekend,FALSE
6296,49777,19246243,10/18/2019 12:45:00 PM,2019,10,18,12,45,Friday,545483.4125,4808404.994,-80.438074,43.427166,Private Drive,2,P.D. only,On roadway,Intersection,Daylight,Municipal,No control,Unknown,FALSE,FALSE,FALSE,Clear,TRUE,Road 1: 2885 KINGSWAY DR; Vehicle #1     Make: TOYT     Model: CBL     Colour: GRY     Style: 4D; Vehicle #2     Make: CHRY     Model: 2LX     Colour: SIL     Style: 4D,5/3/2021 10:41:25 AM,545483.4125,4808404.994,Q4,Weekend,FALSE
6297,49778,19246307,10/18/2019 8:00:00 AM,2019,10,18,8,0,Friday,543286.661,4804333.787,-80.465536,43.390639,Private Drive,2,Non-reportable,On roadway,SMV,Daylight,Municipal,No control,Unknown,FALSE,FALSE,FALSE,Clear,TRUE,Road 1: 3 TEMPLEWOOD DRIVE; Vehicle #1     Make:      Model:      Colour:      Style: ; Vehicle #2     Make: TOYT     Model: MTL     Colour: SIL     Style: 4D,5/3/2021 10:41:46 AM,543286.661,4804333.787,Q4,Weekend,FALSE
6298,49779,19246375,10/18/2019 3:40:00 PM,2019,10,18,15,40,Friday,543840.7987,4811147.11,-80.458147,43.451954,Intersection,2,P.D. only,On roadway,Intersection,Daylight,Municipal,Sign Control,Functioning,FALSE,FALSE,FALSE,Clear,TRUE,Road 1: WEDGEWOOD DR; Road 2: LYNDHURST DR; Vehicle #1     Make: TOYT     Model: UXS     Colour: GRY     Style: 4D; Vehicle #2     Make: TOYT     Model: CXL     Colour: GRY     Style: 4D,5/3/2021 10:40:29 AM,543840.7987,4811147.11,Q4,Weekend,FALSE
6299,49780,19246395,10/18/2019 4:45:00 PM,2019,10,18,16,45,Friday,544176.5255,4807686.96,-80.454278,43.420779,Non intersection,2,P.D. only,On roadway,Other,Daylight,Municipal,No control,Unknown,FALSE,FALSE,FALSE,Clear,TRUE,Road 1: 341 TRAYNOR AVE VANIER; Vehicle #1     Make: KIA     Model: RIO     Colour: BLU     Style: 4B; Vehicle #2     Make:      Model:      Colour:      Style:,5/3/2021 10:37:57 AM,544176.5255,4807686.96,Q4,Weekend,FALSE
6300,49781,19246426,10/18/2019 11:30:00 AM,2019,10,18,11,30,Friday,544791.4114,4805227.243,-80.446884,43.398595,Non intersection,2,P.D. only,On roadway,Rear end,Daylight,Regional,No control,Unknown,FALSE,FALSE,FALSE,Clear,TRUE,Road 1: DOON VILLAGE RD; Road 2: HOMER WATSON BLVD; Distance: 50.0 M; Vehicle #1     Make: BUIC     Model: AXL     Colour: WHI     Style: 4D; Vehicle #2     Make: ISU     Model: NRR     Colour: RED     Style: CB; Vehicle #3     Make: FORD     Model: SRW  ,5/3/2021 10:37:26 AM,544791.4114,4805227.243,Q4,Weekend,FALSE
6301,49782,19246475,10/18/2019 4:30:00 PM,2019,10,18,16,30,Friday,538996.4945,4811173.263,-80.518017,43.452457,Intersection,2,P.D. only,On roadway,Intersection,Daylight,Municipal,Sign Control,Functioning,FALSE,FALSE,FALSE,Clear,TRUE,Road 1: BELMONT AVE W; Road 2: ROCK AVE; Vehicle #1     Make: KIA     Model: SOU     Colour: SIL     Style: TY; Vehicle #2     Make: FORD     Model: FMS     Colour: BLK     Style: 4D,5/3/2021 10:39:28 AM,538996.4945,4811173.263,Q4,Weekend,FALSE
6302,49783,19246631,10/18/2019 8:30:00 PM,2019,10,18,20,30,Friday,541385.5852,4810626.001,-80.488531,43.447401,Private Drive,2,Non-reportable,On roadway,SMV,Dark,Municipal,No control,Unknown,FALSE,FALSE,FALSE,Clear,TRUE,Road 1: CHURCH ST; Road 2: BENTON ST; Vehicle #1     Make:      Model:      Colour:      Style: ; Vehicle #2     Make: NISS     Model: SBL     Colour: BLK     Style: 4D,8/16/2022 2:55:16 PM,541385.5852,4810626.001,Q4,Weekend,FALSE
6303,49784,19246782,10/19/2019 1:41:00 AM,2019,10,19,1,41,Saturday,543724.403,4808720.336,-80.45978,43.43011,Private Drive,2,Non-reportable,On roadway,SMV,Dark,Municipal,No control,Unknown,FALSE,FALSE,FALSE,Clear,TRUE,Road 1: 226 SHELLEY DR; Vehicle #1     Make: CHRY     Model: 2LM     Colour: BLU     Style: 4D; Vehicle #2     Make:      Model:      Colour:      Style:,5/3/2021 10:41:46 AM,543724.403,4808720.337,Q4,Weekend,FALSE
6304,49785,19246896,10/19/2019 8:10:00 AM,2019,10,19,8,10,Saturday,539459.7801,4805579.443,-80.512695,43.402066,Non intersection,2,P.D. only,On roadway,SMV,Daylight,Municipal,No control,Unknown,FALSE,FALSE,FALSE,Clear,TRUE,Road 1: ACTIVA AVE; Road 2: HENHOEFFER CRESCENT; Vehicle #1     Make: MAZD     Model: M3I     Colour: GRY     Style: 4D; Vehicle #2     Make: HOND     Model: ULX     Colour: BGE     Style: 4D,5/3/2021 10:37:58 AM,539459.7801,4805579.443,Q4,Weekend,FALSE