,OBJECTID,ACCIDENTNUM,ACCIDENTDATE,ACCIDENT_YEAR,ACCIDENT_MONTH,ACCIDENT_DAY,ACCIDENT_HOUR,ACCIDENT_MINUTE,Accident_Day,XCOORD,YCOORD,LONGITUDE,LATITUDE,Accident_Location,COLLISIONTYPE,Accident_Type,Impact_Location,Impact_Type,Light,Road_Jurisdication,Traffic_Control,Traffic_Control_Condition,Pedestrian_Involved,Cyclist_Involved,Motorcyclist_Involved,Environment_Condition,Self_Reported,XMLIMPORTNOTES,LASTEDITEDDATE,x,y,Quarter,Day_Type,Vulnerable_Involved
6305,49786,19247383,10/19/2019 9:35:00 PM,2019,10,19,21,35,Saturday,543129.8098,4811430.154,-80.466912,43.454544,Intersection,2,P.D. only,On roadway,Intersection,Dark,Municipal,Sign Control,Functioning,FALSE,FALSE,FALSE,Clear,FALSE,Road 1: KRUG ST (50 km/h); Road 2: BECKER ST (50 km/h); Vehicle #1     Make: HYUN     Model: SAN     Colour: GRN     Style: TY; Vehicle #2     Make: TOYT     Model: SXB     Colour: RED     Style: TY,5/3/2021 10:40:13 AM,543129.8098,4811430.154,Q4,Weekend,FALSE
6306,49787,19247585,10/20/2019 2:30:00 AM,2019,10,20,2,30,Sunday,543537.1203,4804757.955,-80.46241,43.394443,Private Drive,2,P.D. only,On roadway,SMV,Dark,Municipal,No control,Unknown,FALSE,FALSE,FALSE,Clear,FALSE,Road 1: 314 OLD HURON RD (50 km/h); Road 2: OLD HURON RD; Distance: 1.0 M N; Vehicle #1     Make: TOYT     Model: UVL     Colour: BLU     Style: 4D; Vehicle #2     Make: DODG     Model: CHS     Colour: RED     Style: 4D,5/3/2021 10:40:55 AM,543537.1203,4804757.955,Q4,Weekend,FALSE
6307,49788,19247608,10/20/2019 3:30:00 AM,2019,10,20,3,30,Sunday,544227.199,4808397.576,-80.453594,43.427174,Private Drive,2,P.D. only,Off roadway,SMV,Dark,Municipal,No control,Unknown,FALSE,FALSE,FALSE,Clear,FALSE,Road 1: 180 WILSON AVE (50 km/h); Road 2: WILSON; Distance: 1.0 M W; Vehicle #1     Make: HOND     Model: UCL     Colour: BLU     Style: 4D,5/3/2021 10:40:56 AM,544227.199,4808397.576,Q4,Weekend,FALSE
6308,49789,19248323,10/21/2019 7:30:00 AM,2019,10,21,7,30,Monday,542038.4361,4811836.115,-80.48037,43.458261,Private Drive,2,P.D. only,On roadway,Other,Dawn,Municipal,No control,Unknown,FALSE,FALSE,FALSE,Clear,TRUE,Road 1: CHESTNUT ST; Road 2: VICTORIA ST N; Vehicle #1     Make: MAZD     Model: M3I     Colour: WHI     Style: 4D; Vehicle #2     Make: TOYT     Model: BPL     Colour: GRY     Style: 4D; Vehicle #3     Make: NISS     Model: ROG     Colour: SIL     Style:,5/3/2021 10:41:03 AM,542038.4361,4811836.115,Q4,Working,FALSE
6309,49790,19248578,10/21/2019 1:45:00 PM,2019,10,21,13,45,Monday,538139.768,4808871.027,-80.528766,43.431772,Non intersection,2,P.D. only,On roadway,SMV,Daylight,Municipal,No control,Unknown,FALSE,FALSE,FALSE,Clear,FALSE,Road 1: 71 BANKSIDE DR (50 km/h); Road 2: BANKSIDE DR; Distance: 5.0 M W; Vehicle #1     Make: DODG     Model: CJO     Colour: RED     Style: TY; Vehicle #2     Make: HOND     Model: CCL     Colour: BLK     Style: 4D,5/3/2021 10:37:05 AM,538139.768,4808871.027,Q4,Working,FALSE
6310,49791,19248591,10/21/2019 10:20:00 AM,2019,10,21,10,20,Monday,544650.3519,4810888.496,-80.448163,43.449577,Intersection,2,Non-reportable,On roadway,Other,Daylight,Regional,No control,Functioning,FALSE,FALSE,FALSE,Clear,TRUE,Road 1: MIDLAND DR; Road 2: OTTAWA ST N; Vehicle #1     Make: FORD     Model: SPE     Colour: RED     Style: TY; Vehicle #2     Make: HOND     Model: ACC     Colour: GRY     Style: 4D,8/16/2022 3:01:53 PM,544650.3519,4810888.496,Q4,Working,FALSE
6311,49792,19248776,10/21/2019 5:00:00 PM,2019,10,21,17,0,Monday,541787.763,4810799.756,-80.483547,43.448944,Intersection,2,Non-reportable,On roadway,Intersection,Daylight,Municipal,Sign Control,Unknown,FALSE,FALSE,FALSE,Clear,TRUE,Road 1: 130 DUKE ST E; Vehicle #1     Make: TOYT     Model: VEN     Colour: BRN     Style: TY; Vehicle #2     Make: DODG     Model: CAR     Colour: SIL     Style: VN,5/3/2021 10:39:13 AM,541787.763,4810799.756,Q4,Working,FALSE
6312,49793,19248789,10/21/2019 5:00:00 PM,2019,10,21,17,0,Monday,542531.631,4809425.243,-80.474461,43.436526,Intersection,2,P.D. only,On roadway,Intersection,Daylight,Municipal,Sign Control,Functioning,FALSE,FALSE,FALSE,Clear,TRUE,Road 1: SYDNEY ST S; Road 2: BEDFORD RD; Vehicle #1     Make: TOYT     Model: CYR     Colour: RED     Style: 4B; Vehicle #2     Make: NISS     Model: ROG     Colour: SIL     Style: TY,5/3/2021 10:39:53 AM,542531.631,4809425.243,Q4,Working,FALSE
6313,49794,19248857,10/20/2019 9:30:00 AM,2019,10,20,9,30,Sunday,545187.5727,4813354.574,-80.441319,43.471749,Intersection,2,Non-reportable,On roadway,Rear end,Daylight,Regional,Signal Control,Functioning,FALSE,FALSE,FALSE,Clear,TRUE,Road 1: BINGEMANS CENTRE DR; Road 2: VICTORIA ST N; Vehicle #1     Make:      Model:      Colour:      Style: ; Vehicle #2     Make: HYUN     Model: ESM     Colour: WHI     Style: 4D,5/3/2021 10:39:12 AM,545187.5727,4813354.574,Q4,Weekend,FALSE
6314,49795,19249516,10/22/2019 5:00:00 PM,2019,10,22,17,0,Tuesday,542642.988,4811850.398,-80.472896,43.458355,Intersection,2,P.D. only,On roadway,Intersection,Daylight,Municipal,Signal Control,Functioning,FALSE,FALSE,FALSE,Clear,TRUE,Road 1: FREDERICK ST; Road 2: RIVER RD E ROSEMOUNT KITCHENER; Vehicle #1     Make: LEXS     Model: RX5     Colour: GRY     Style: TY; Vehicle #2     Make: BUIC     Model: ALC     Colour: BLK     Style: 4D,4/9/2021 5:53:58 PM,542642.988,4811850.398,Q4,Working,FALSE
6315,49796,19249552,10/22/2019 5:40:00 PM,2019,10,22,17,40,Tuesday,541765.2166,4814527.019,-80.48354,43.482505,Non intersection,2,Non-reportable,On roadway,Intersection,Daylight,Regional,No control,Unknown,FALSE,FALSE,FALSE,Clear,TRUE,Road 1: BRIDGE STREET E; Road 2: LANCASTER ST W; Vehicle #1     Make: FORD     Model: COF     Colour: BLK     Style: PK; Vehicle #2     Make:      Model:      Colour:      Style:,4/9/2021 5:53:31 PM,541765.2166,4814527.019,Q4,Working,FALSE
6316,49797,19249707,10/22/2019 3:18:00 PM,2019,10,22,15,18,Tuesday,540679.5435,4811000.905,-80.497228,43.450816,Non intersection,2,Non-reportable,On roadway,SMV,Daylight,Municipal,No control,Unknown,FALSE,FALSE,FALSE,Clear,TRUE,Road 1: FRANCIS ST S; Vehicle #1     Make:      Model:      Colour:      Style: ; Vehicle #2     Make: JEEP     Model: PRT     Colour: ONG     Style: TY,5/3/2021 10:37:18 AM,540679.5435,4811000.906,Q4,Working,FALSE
6317,49798,19249918,10/23/2019 7:30:00 AM,2019,10,23,7,30,Wednesday,541095.949,4810141.783,-80.492147,43.443057,Non intersection,2,P.D. only,On roadway,Other,Daylight,Municipal,No control,Unknown,FALSE,FALSE,FALSE,Clear,TRUE,Road 1: BRUDER AVE; Road 2: BENTON ST KITCHENER; Vehicle #1     Make: HYUN     Model: TUC     Colour: GRY     Style: TY; Vehicle #2     Make: VOLV     Model: VXC     Colour: BLU     Style: 4W,4/9/2021 5:53:16 PM,541095.949,4810141.783,Q4,Working,FALSE
6318,49799,19249969,10/23/2019 8:45:00 AM,2019,10,23,8,45,Wednesday,541074.2402,4811615.278,-80.492304,43.456326,Private Drive,2,Non-reportable,On roadway,Intersection,Daylight,Municipal,No control,Unknown,FALSE,FALSE,FALSE,Clear,TRUE,Road 1: AHRENS ST W KITCHENER (NEAR 108 AHRENS); Vehicle #1     Make: SUBA     Model: IPR     Colour: GRY     Style: 4D; Vehicle #2     Make:      Model:      Colour:      Style:,4/9/2021 5:54:50 PM,541074.2402,4811615.278,Q4,Working,FALSE
6319,49800,19250138,10/22/2019 11:00:00 AM,2019,10,22,11,0,Tuesday,541309.1397,4811090.982,-80.48944,43.451592,Non intersection,2,P.D. only,Off roadway,SMV,Daylight,Municipal,No control,Unknown,FALSE,FALSE,FALSE,Clear,TRUE,Road 1: ONTARIO ST N; Road 2: DUKE ST W; Vehicle #1     Make:      Model:      Colour:      Style: ; Vehicle #2     Make: HOND     Model: ULX     Colour: BLK     Style: 4D,4/9/2021 5:53:15 PM,541309.1397,4811090.983,Q4,Working,FALSE
6320,49801,19250242,10/21/2019 9:00:00 PM,2019,10,21,21,0,Monday,543315.9401,4809738.323,-80.464746,43.4393,Non intersection,2,Non-reportable,On roadway,SMV,Dark,Regional,No control,Unknown,FALSE,FALSE,FALSE,Clear,TRUE,Road 1: JACKSON AVE; Road 2: KING ST E; Distance: 15.0 M N; Vehicle #1     Make:      Model:      Colour:      Style: ; Vehicle #2     Make: MERZ     Model: M35     Colour: BLK     Style: TY,5/3/2021 10:37:12 AM,543315.9401,4809738.323,Q4,Working,FALSE
6321,49802,19250470,10/23/2019 1:30:00 PM,2019,10,23,13,30,Wednesday,540172.8038,4809414.596,-80.503608,43.43656,Intersection,2,P.D. only,On roadway,Rear end,Daylight,Regional,Signal Control,Functioning,FALSE,FALSE,FALSE,Clear,TRUE,Road 1: QUEEN'S BLVD; Road 2: BELMONT AVE E; Vehicle #1     Make: RAM     Model: DUR     Colour: BLU     Style: PK; Vehicle #2     Make:      Model:      Colour:      Style:,4/9/2021 5:53:49 PM,540172.8038,4809414.596,Q4,Working,FALSE
6322,49803,19250598,10/24/2019 12:08:00 AM,2019,10,24,0,8,Thursday,545291.4121,4808843.972,-80.44041,43.43113,Other,2,P.D. only,Off roadway,SMV,Dark,Other,No control,Unknown,FALSE,FALSE,FALSE,Clear,FALSE,Road 1: 2786; Road 2: KING ST E; Vehicle #1     Make: KIA     Model: RIO     Colour: WHI     Style: 4B,4/27/2022 10:43:00 AM,545291.4121,4808843.972,Q4,Weekend,FALSE
6323,49804,19250899,10/24/2019 8:55:00 AM,2019,10,24,8,55,Thursday,543048.7949,4807460.099,-80.468226,43.418802,Intersection,2,P.D. only,On roadway,Rear end,Daylight,Municipal,Sign Control,Functioning,FALSE,FALSE,FALSE,Clear,TRUE,Road 1: BLOCK LINE RD; Road 2: FALLOWFIELD DR; Vehicle #1     Make: FORD     Model: SRW     Colour: BLK     Style: CW; Vehicle #2     Make: HYUN     Model: TUC     Colour: GRY     Style: TY,4/9/2021 5:54:23 PM,543048.7949,4807460.099,Q4,Weekend,FALSE
6324,49805,19251071,10/21/2019 10:45:00 AM,2019,10,21,10,45,Monday,539456.8439,4808971.686,-80.512486,43.43261,Non intersection,2,P.D. only,On roadway,Intersection,Daylight,Regional,No control,Unknown,FALSE,FALSE,FALSE,Clear,TRUE,Road 1: QUEEN'S BLVD; Road 2: WESTMOUNT RD; Vehicle #1     Make: HYUN     Model: TUC     Colour: SIL     Style: TY; Vehicle #2     Make: MERZ     Model: GLC     Colour: BLU     Style: TY,5/3/2021 10:38:47 AM,539456.8439,4808971.686,Q4,Working,FALSE
6325,49806,19251114,10/24/2019 4:00:00 PM,2019,10,24,16,0,Thursday,541046.1455,4810725.064,-80.492718,43.448312,Non intersection,2,P.D. only,On roadway,Intersection,Daylight,Municipal,No control,Unknown,FALSE,FALSE,FALSE,Clear,TRUE,Road 1: 20 DAVID ST KITCHENER; Vehicle #1     Make: MITS     Model: RVR     Colour: BLK     Style: TY; Vehicle #2     Make:      Model:      Colour:      Style:,4/9/2021 5:53:26 PM,541046.1455,4810725.064,Q4,Weekend,FALSE
6326,49807,19251588,10/25/2019 8:30:00 AM,2019,10,25,8,30,Friday,541278.1894,4813233.569,-80.489661,43.470886,Intersection,2,P.D. only,On roadway,Rear end,Daylight,Municipal,Sign Control,Functioning,FALSE,FALSE,FALSE,Clear,TRUE,Road 1: UNION ST; Road 2: MOORE ST; Vehicle #1     Make: NISS     Model: VSL     Colour: BLK     Style: 4B; Vehicle #2     Make:      Model:      Colour:      Style:,4/9/2021 5:54:25 PM,541278.1894,4813233.569,Q4,Weekend,FALSE
6327,49808,19251791,10/25/2019 1:29:00 PM,2019,10,25,13,29,Friday,545316.2699,4808200.693,-80.440156,43.425336,Non intersection,1,Non-fatal injury,On roadway,SMV,Daylight,Municipal,No control,Unknown,TRUE,FALSE,FALSE,Clear,FALSE,Road 1: 2969 KINGSWAY DR (50 km/h); Road 2: KINGSWAY DR; Distance: 5.0 M S; Vehicle #1     Make: HYUN     Model: ACC     Colour: RED     Style: 4B,4/9/2021 5:53:17 PM,545316.2699,4808200.693,Q4,Weekend,FALSE
6328,49809,19251821,10/24/2019 7:00:00 PM,2019,10,24,19,0,Thursday,539260.4329,4810238.693,-80.514822,43.444029,Non intersection,2,P.D. only,On roadway,SMV,Dark,Municipal,No control,Unknown,FALSE,FALSE,FALSE,Clear,TRUE,Road 1: ADELAIDE ST (IFO 126); Vehicle #1     Make:      Model:      Colour:      Style: ; Vehicle #2     Make: MITS     Model: RVR     Colour: GRY     Style: TY,4/9/2021 5:53:08 PM,539260.4329,4810238.693,Q4,Weekend,FALSE
6329,49810,19252041,10/24/2019 5:00:00 PM,2019,10,24,17,0,Thursday,541290.6805,4810781.658,-80.489692,43.448808,Private Drive,2,P.D. only,On roadway,Intersection,Daylight,Municipal,No control,Unknown,FALSE,FALSE,FALSE,Clear,TRUE,Road 1: 30 HALLS LANE E; Road 2: QUEEN ST S; Vehicle #1     Make: FORD     Model: EPR     Colour: GRY     Style: PK; Vehicle #2     Make: FORD     Model: COF     Colour: WHI     Style: PK,4/9/2021 5:54:51 PM,541290.6805,4810781.658,Q4,Weekend,FALSE
6330,49811,19252144,10/25/2019 9:41:00 PM,2019,10,25,21,41,Friday,539665.2894,4805706.494,-80.510148,43.403199,Private Drive,2,P.D. only,Off roadway,Intersection,Dark,Municipal,No control,Unknown,FALSE,FALSE,FALSE,Clear,FALSE,Road 1: 62 DONNENWERTH DR (50 km/h); Road 2: DONNENWERTH DR; Distance: 5.0 M S; Vehicle #1     Make: TOYT     Model: CBA     Colour: BLK     Style: 4D; Vehicle #2     Make: KIA     Model: SOR     Colour: SIL     Style: TY,4/9/2021 5:54:43 PM,539665.2894,4805706.494,Q4,Weekend,FALSE
6331,49812,19252464,10/26/2019 9:58:00 AM,2019,10,26,9,58,Saturday,545937.7179,4804557.959,-80.432785,43.392499,Non intersection,2,P.D. only,On roadway,SMV,Daylight,Municipal,No control,Unknown,FALSE,FALSE,FALSE,Clear,FALSE,Road 1: OLD CARRIAGE DR (50 km/h); Road 2: PIONEER DR; Distance: 200.0 M S; Vehicle #1     Make: LINC     Model: MKC     Colour: RED     Style: TY; Vehicle #2     Make: TOYT     Model: CEC     Colour: GRY     Style: 2B,4/9/2021 5:53:04 PM,545937.7179,4804557.959,Q4,Weekend,FALSE
6332,49813,19252489,10/26/2019 11:00:00 AM,2019,10,26,11,0,Saturday,544761.5672,4811447.552,-80.446743,43.454604,Intersection,2,P.D. only,On roadway,Rear end,Daylight,Regional,Signal Control,Functioning,FALSE,FALSE,FALSE,Clear,TRUE,Road 1: RIVER RD E; Road 2: HICKSON DR HERITAGE PARK KITCHENER; Vehicle #1     Make: TOYT     Model: CBS     Colour: SIL     Style: 4D; Vehicle #2     Make:      Model:      Colour:      Style:,4/9/2021 5:53:59 PM,544761.5672,4811447.552,Q4,Weekend,FALSE
6333,49814,19252602,10/26/2019 1:02:00 PM,2019,10,26,13,2,Saturday,541308.3484,4810843.22,-80.489469,43.449362,Non intersection,2,P.D. only,On roadway,Other,Daylight,Regional,No control,Unknown,FALSE,TRUE,FALSE,Clear,FALSE,Road 1: 33 QUEEN ST S (50 km/h); Road 2: QUEEN ST S; Distance: 4.0 M W; Vehicle #1     Make: FORD     Model: EPR     Colour: BLK     Style: TY; Vehicle #2     Make: HARL     Model:      Colour:      Style:,4/9/2021 5:53:17 PM,541308.3484,4810843.22,Q4,Weekend,FALSE
6334,49815,19252653,10/26/2019 2:23:00 PM,2019,10,26,14,23,Saturday,545940.0958,4811966.463,-80.432133,43.459205,Non intersection,2,P.D. only,On roadway,SMV,Daylight,Municipal,No control,Unknown,FALSE,FALSE,FALSE,Clear,FALSE,Road 1: BREMBEL ST (50 km/h); Road 2: BREMBEL CRES (50 km/h); Distance: 40.0 M S; Vehicle #1     Make: LEXS     Model: I25     Colour: GRY     Style: 4D; Vehicle #2     Make: CHEV     Model: CZT     Colour: WHI     Style: 4D; Vehicle #3     Make: RAM     ,4/9/2021 5:53:12 PM,545940.0958,4811966.463,Q4,Weekend,FALSE
6335,49816,19252741,10/26/2019 4:20:00 PM,2019,10,26,16,20,Saturday,541466.8577,4809535.748,-80.487609,43.43758,Intersection,2,P.D. only,On roadway,Rear end,Daylight,Municipal,Signal Control,Functioning,FALSE,FALSE,FALSE,Clear,TRUE,Road 1: MILL ST; Road 2: STIRLING AVE S; Vehicle #1     Make: TOYT     Model: MTL     Colour: GRY     Style: 4D; Vehicle #2     Make:      Model:      Colour:      Style: ; Vehicle #3     Make: DODG     Model: CXT     Colour: SIL     Style: 4D,4/9/2021 5:54:16 PM,541466.8577,4809535.748,Q4,Weekend,FALSE
6336,49817,19252911,10/26/2019 8:54:00 PM,2019,10,26,20,54,Saturday,547133.2652,4805972.93,-80.417902,43.405166,Non intersection,2,P.D. only,Off roadway,SMV,Dark,Municipal,No control,Unknown,FALSE,FALSE,FALSE,Rain,FALSE,Road 1: 321 DEER RIDGE DR (40 km/h); Road 2: DEER RIDGE DR; Distance: 1.0 M E; Vehicle #1     Make: VOLK     Model: PAS     Colour: SIL     Style: 4D; Vehicle #2     Make: MAZD     Model: M3H     Colour: BLU     Style: 4B,4/9/2021 5:53:18 PM,547133.2652,4805972.93,Q4,Weekend,FALSE
6337,49818,19253254,10/27/2019 10:10:00 AM,2019,10,27,10,10,Sunday,539965.2283,4805404.046,-80.506466,43.40046,Private Drive,1,Non-fatal injury,On roadway,Other,Daylight,Regional,No control,Unknown,FALSE,FALSE,FALSE,Rain,FALSE,Road 1: 1643 BLEAMS RD (70 km/h); Road 2: BLEAMS RD; Distance: 8.0 M N; Vehicle #1     Make: CHEV     Model: CXE     Colour: BLK     Style: 4D; Vehicle #2     Make: VOLK     Model: A5J     Colour: GRY     Style: 4D,4/9/2021 5:54:41 PM,539965.2283,4805404.046,Q4,Weekend,FALSE
6338,49819,19253336,10/27/2019 12:30:00 PM,2019,10,27,12,30,Sunday,545849.8693,4809418.585,-80.433462,43.43627,Intersection,2,P.D. only,On roadway,Intersection,Daylight,Municipal,Sign Control,Unknown,FALSE,FALSE,FALSE,Rain,TRUE,Road 1: THALER AVE; Road 2: BURGETZ AVE; Vehicle #1     Make: KIA     Model: FLX     Colour: GRY     Style: 4D; Vehicle #2     Make: ACUR     Model: TSX     Colour: BLK     Style: 4D,4/9/2021 5:53:56 PM,545849.8693,4809418.585,Q4,Weekend,FALSE
6339,49820,19253452,10/27/2019 3:30:00 PM,2019,10,27,15,30,Sunday,544884.4455,4804850.027,-80.445766,43.395193,Intersection,2,P.D. only,On roadway,Intersection,Daylight,Municipal,Signal Control,Functioning,FALSE,FALSE,FALSE,Clear,TRUE,Road 1: DOON VILLAGE RD; Road 2: PIONEER DR; Vehicle #1     Make: FORD     Model: SPE     Colour: GRY     Style: TY; Vehicle #2     Make: TOYT     Model: CBS     Colour: BLK     Style: 4D,4/9/2021 5:54:25 PM,544884.4455,4804850.027,Q4,Weekend,FALSE
6340,49821,19253917,10/28/2019 9:15:00 AM,2019,10,28,9,15,Monday,539397.0813,4809235.971,-80.513206,43.434993,Private Drive,2,P.D. only,On roadway,Intersection,Daylight,Municipal,No control,Unknown,FALSE,FALSE,FALSE,Clear,TRUE,Road 1: OVERLEA DR KITCHENER (IFO 11); Road 2: WESTMOUNT; Vehicle #1     Make: HOND     Model: UDY     Colour: BLK     Style: VN; Vehicle #2     Make: HYUN     Model: K2G     Colour: BLK     Style: TY,4/9/2021 5:54:45 PM,539397.0813,4809235.971,Q4,Working,FALSE
6341,49822,19254005,10/28/2019 8:20:00 AM,2019,10,28,8,20,Monday,543936.2784,4806605.404,-80.457333,43.411055,Intersection,2,P.D. only,On roadway,Intersection,Daylight,Regional,Sign Control,Functioning,FALSE,FALSE,FALSE,Clear,TRUE,Road 1: BLEAMS RD; Road 2: FALLOWFIELD DR; Vehicle #1     Make: SUBA     Model: GTG     Colour: GRY     Style: 4W; Vehicle #2     Make: TOYT     Model: RG4     Colour: GRY     Style: TY,4/9/2021 5:54:16 PM,543936.2784,4806605.404,Q4,Working,FALSE
6342,49823,19254140,10/25/2019 3:00:00 PM,2019,10,25,15,0,Friday,545047.893,4807859.611,-80.4435,43.422281,Non intersection,2,Non-reportable,On roadway,Intersection,Daylight,Municipal,No control,Unknown,FALSE,FALSE,FALSE,Clear,TRUE,Road 1: WILSON AVE; Road 2: FAIRWAY RD S; Vehicle #1     Make: BUIC     Model: UXL     Colour: GRY     Style: 4D; Vehicle #2     Make:      Model:      Colour:      Style:,4/9/2021 5:53:17 PM,545047.893,4807859.611,Q4,Weekend,FALSE
6343,49824,19254245,10/28/2019 4:05:00 PM,2019,10,28,16,5,Monday,539760.5841,4808288.948,-80.508783,43.426446,Private Drive,1,Non-fatal injury,On roadway,Intersection,Daylight,Municipal,No control,Unknown,FALSE,FALSE,FALSE,Clear,FALSE,Road 1: 259 VILLAGE RD (50 km/h); Road 2: VILLAGE RD; Distance: 2.0 M S; Vehicle #1     Make: CHEV     Model: CZT     Colour: BLK     Style: 4D; Vehicle #2     Make: TOYT     Model: PRV     Colour: GRY     Style: SW,4/9/2021 5:54:43 PM,539760.5841,4808288.948,Q4,Working,FALSE
6344,49825,19254637,10/29/2019 6:50:00 AM,2019,10,29,6,50,Tuesday,543459.7604,4805073.316,-80.46334,43.397287,Non intersection,2,P.D. only,On roadway,Rear end,Dark,Regional,No control,Unknown,FALSE,FALSE,FALSE,Clear,TRUE,Road 1: BATTLER RD; Road 2: HURON RD; Vehicle #1     Make: RAM     Model: RTR     Colour: BLK     Style: PK; Vehicle #2     Make: GMC     Model: SIE     Colour: WHI     Style: PK,4/9/2021 5:53:10 PM,543459.7604,4805073.316,Q4,Working,FALSE
6345,49826,19254677,10/28/2019 12:00:00 AM,2019,10,28,0,0,Monday,537489.9753,4808488.115,-80.536821,43.428357,Private Drive,2,P.D. only,On roadway,SMV,Dark,Municipal,No control,Unknown,FALSE,FALSE,FALSE,Clear,TRUE,Road 1: 268 BANKSIDE DR; Vehicle #1     Make:      Model:      Colour:      Style: ; Vehicle #2     Make: FORD     Model: STF     Colour: BLU     Style: 4B,4/9/2021 5:54:43 PM,537489.9753,4808488.115,Q4,Working,FALSE
6346,49827,19254844,10/29/2019 11:50:00 AM,2019,10,29,11,50,Tuesday,545304.4962,4804963.354,-80.44057,43.396188,Non intersection,2,P.D. only,On roadway,Rear end,Daylight,Municipal,No control,Unknown,FALSE,FALSE,FALSE,Clear,TRUE,Road 1: UPPER CANADA DR; Road 2: DOON VILLAGE RD; Vehicle #1     Make: CHEV     Model: SIL     Colour: RED     Style: PK; Vehicle #2     Make:      Model:      Colour:      Style:,4/9/2021 5:53:33 PM,545304.4962,4804963.354,Q4,Working,FALSE
6347,49828,19255009,10/29/2019 3:30:00 PM,2019,10,29,15,30,Tuesday,539266.9519,4802812.483,-80.515275,43.377162,Non intersection,2,P.D. only,On roadway,Rear end,Daylight,Regional,No control,Unknown,FALSE,FALSE,FALSE,Clear,TRUE,Road 1: HURON RD; Road 2: TRUSSLER RD; Vehicle #1     Make: AUDI     Model: Q52     Colour: BLK     Style: 4D; Vehicle #2     Make: SUBA     Model: ITS     Colour: RED     Style: 4W,8/16/2022 3:05:06 PM,539266.9519,4802812.483,Q4,Working,FALSE
6348,49829,19255374,10/27/2019 5:30:00 PM,2019,10,27,17,30,Sunday,541646.4966,4806086.721,-80.485653,43.406515,Private Drive,2,Non-reportable,On roadway,SMV,Daylight,Municipal,No control,Unknown,FALSE,FALSE,FALSE,Clear,TRUE,Road 1: 84 ERINBROOK DR (ON ROADWAY IN FRONT OF HOUSE); Vehicle #1     Make: CHEV     Model: SIL     Colour: SIL     Style: PK; Vehicle #2     Make:      Model:      Colour:      Style:,4/9/2021 5:54:42 PM,541646.4966,4806086.721,Q4,Weekend,FALSE
6349,49830,19255431,10/26/2019 4:00:00 PM,2019,10,26,16,0,Saturday,545109.4854,4807726.356,-80.44275,43.421078,Intersection,2,P.D. only,On roadway,Other,Daylight,Regional,No control,Functioning,FALSE,FALSE,FALSE,Clear,TRUE,Road 1: WILSON AVE; Road 2: FAIRWAY RD S; Vehicle #1     Make: TOYT     Model: CUB     Colour: GRY     Style: 4D; Vehicle #2     Make: KIA     Model: NIH     Colour: BLK     Style: TY,8/16/2022 3:06:34 PM,545109.4854,4807726.356,Q4,Weekend,FALSE
6350,49831,19255443,10/26/2019 7:00:00 PM,2019,10,26,19,0,Saturday,545398.4659,4808301.594,-80.439132,43.42624,Non intersection,2,Non-reportable,On roadway,Intersection,Dusk,Municipal,No control,Unknown,FALSE,FALSE,FALSE,Clear,TRUE,Road 1: KINGSWAY DR; Road 2: CEDARWOODS CRESCENT; Vehicle #1     Make: DODG     Model: CXT     Colour: BLK     Style: 4D; Vehicle #2     Make:      Model:      Colour:      Style:,4/9/2021 5:53:25 PM,545398.4659,4808301.594,Q4,Weekend,FALSE
6351,49832,19255571,10/28/2019 3:20:00 PM,2019,10,28,15,20,Monday,539269.4863,4805651.535,-80.51504,43.402725,Intersection,2,Non-reportable,On roadway,Intersection,Daylight,Municipal,Sign Control,Unknown,FALSE,FALSE,FALSE,Clear,TRUE,Road 1: HENHOEFFER CRESCENT; Road 2: ACTIVA AVE; Vehicle #1     Make: NISS     Model: NV2     Colour: WHI     Style: FV; Vehicle #2     Make:      Model:      Colour:      Style:,4/9/2021 5:54:25 PM,539269.4863,4805651.535,Q4,Working,FALSE
6352,49833,19255585,10/24/2019 7:15:00 PM,2019,10,24,19,15,Thursday,541360.7506,4812625.734,-80.488686,43.465408,Non intersection,2,Non-reportable,On roadway,SMV,Dark,Municipal,No control,Unknown,FALSE,FALSE,FALSE,Clear,TRUE,Road 1: 169 EDWIN ST; Vehicle #1     Make:      Model:      Colour:      Style: ; Vehicle #2     Make: FORD     Model: FKS     Colour: GRY     Style: 4D,4/9/2021 5:53:24 PM,541360.7506,4812625.734,Q4,Weekend,FALSE