,OBJECTID,ACCIDENTNUM,ACCIDENTDATE,ACCIDENT_YEAR,ACCIDENT_MONTH,ACCIDENT_DAY,ACCIDENT_HOUR,ACCIDENT_MINUTE,Accident_Day,XCOORD,YCOORD,LONGITUDE,LATITUDE,Accident_Location,COLLISIONTYPE,Accident_Type,Impact_Location,Impact_Type,Light,Road_Jurisdication,Traffic_Control,Traffic_Control_Condition,Pedestrian_Involved,Cyclist_Involved,Motorcyclist_Involved,Environment_Condition,Self_Reported,XMLIMPORTNOTES,LASTEDITEDDATE,x,y,Quarter,Day_Type,Vulnerable_Involved
6353,49834,19255764,10/26/2019 1:25:00 PM,2019,10,26,13,25,Saturday,540752.3583,4808644.277,-80.496505,43.429593,Intersection,2,P.D. only,On roadway,Rear end,Daylight,Regional,No control,Functioning,FALSE,FALSE,FALSE,Clear,TRUE,Road 1: STIRLING AVE S; Road 2: GREENBROOK DR; Vehicle #1     Make: NISS     Model: FRT     Colour: SIL     Style: PK; Vehicle #2     Make:      Model:      Colour:      Style:,4/9/2021 5:53:54 PM,540752.3583,4808644.277,Q4,Weekend,FALSE
6354,49835,19255809,10/30/2019 3:00:00 PM,2019,10,30,15,0,Wednesday,543024.9184,4808231.466,-80.46846,43.425749,Other,2,Non-reportable,On roadway,Rear end,Daylight,Municipal,No control,Unknown,FALSE,FALSE,FALSE,Rain,TRUE,Road 1: 16 HAYWARD AVE; Vehicle #1     Make: HOND     Model: UEX     Colour: BLK     Style: 4D; Vehicle #2     Make: GMC     Model: SAV     Colour: WHI     Style: VN,4/9/2021 5:55:05 PM,543024.9184,4808231.466,Q4,Working,FALSE
6355,49836,19255861,10/30/2019 5:15:00 PM,2019,10,30,17,15,Wednesday,544793.4957,4805214.932,-80.446859,43.398484,Private Drive,2,P.D. only,On roadway,Intersection,Daylight,Municipal,No control,Unknown,FALSE,FALSE,FALSE,Rain,TRUE,Road 1: 600 DOON VILLAGE RD; Vehicle #1     Make: NISS     Model: PFI     Colour: WHI     Style: TY; Vehicle #2     Make: CHRY     Model: 308     Colour: BLK     Style: 4D,4/9/2021 5:54:52 PM,544793.4957,4805214.932,Q4,Working,FALSE
6356,49837,19255880,10/30/2019 5:55:00 PM,2019,10,30,17,55,Wednesday,540910.7367,4805594.738,-80.494776,43.402126,Non intersection,2,P.D. only,On roadway,Rear end,Daylight,Municipal,No control,Unknown,FALSE,FALSE,FALSE,Rain,TRUE,Road 1: BLEAMS RD; Road 2: FISCHER-HALLMAN RD; Vehicle #1     Make: FORD     Model: FMS     Colour: BLK     Style: 4D; Vehicle #2     Make: SUBA     Model: CRO     Colour: BLU     Style: TY,4/9/2021 5:53:32 PM,540910.7367,4805594.738,Q4,Working,FALSE
6357,49838,19255969,10/30/2019 7:40:00 AM,2019,10,30,7,40,Wednesday,545944.5091,4804542.836,-80.432703,43.392363,Private Drive,2,P.D. only,On roadway,SMV,Daylight,Municipal,No control,Unknown,FALSE,FALSE,FALSE,Clear,TRUE,Road 1: 71 OLD CARRIAGE DR; Road 2: OLD CARRIAGE CRT; Vehicle #1     Make: BMW     Model: TRG     Colour: BLK     Style: TY; Vehicle #2     Make: CHEV     Model: S1L     Colour: RED     Style: 4B,4/9/2021 5:54:53 PM,545944.5091,4804542.836,Q4,Working,FALSE
6358,49839,19256195,10/30/2019 8:00:00 PM,2019,10,30,20,0,Wednesday,537239.8114,4808341.858,-80.539922,43.427052,Private Drive,2,P.D. only,On roadway,SMV,Dark,Municipal,No control,Unknown,FALSE,FALSE,FALSE,Rain,TRUE,Road 1: 333 BANKSIDE DR; Vehicle #1     Make: NISS     Model: A2B     Colour: GRY     Style: 4D; Vehicle #2     Make: SUBA     Model: OBK     Colour: GRY     Style: TY,4/9/2021 5:54:42 PM,537239.8114,4808341.858,Q4,Working,FALSE
6359,49840,19256235,10/30/2019 8:20:00 PM,2019,10,30,20,20,Wednesday,544562.2629,4811739.938,-80.449182,43.457249,Intersection,2,P.D. only,On roadway,Other,Dark,Regional,Signal Control,Functioning,FALSE,FALSE,FALSE,Rain,TRUE,Road 1: RIVER RD E; Road 2: LORRAINE AVE; Vehicle #1     Make: ACUR     Model: ATL     Colour: BLK     Style: 4D; Vehicle #2     Make:      Model:      Colour:      Style:,4/9/2021 5:54:05 PM,544562.2629,4811739.938,Q4,Working,FALSE
6360,49841,19256376,10/30/2019 1:00:00 PM,2019,10,30,13,0,Wednesday,543755.9193,4809221.943,-80.45935,43.434625,Intersection,2,Non-reportable,On roadway,Intersection,Daylight,Municipal,No control,Functioning,FALSE,FALSE,FALSE,Clear,TRUE,Road 1: DIXON ST; Road 2: ECKERT; Vehicle #1     Make: FORD     Model: CSC     Colour: RED     Style: IC; Vehicle #2     Make: HOND     Model: CRV     Colour: RED     Style: 4W,4/9/2021 5:54:20 PM,543755.9193,4809221.943,Q4,Working,FALSE
6361,49842,19256532,10/31/2019 2:45:00 PM,2019,10,31,14,45,Thursday,546054.5036,4809161.594,-80.430955,43.433943,Non intersection,2,P.D. only,On roadway,Intersection,Daylight,Municipal,No control,Unknown,FALSE,FALSE,FALSE,Clear,TRUE,Road 1: 158 THALER AVE; Vehicle #1     Make: PONT     Model: SV6     Colour: GRY     Style: 4D; Vehicle #2     Make: PONT     Model: TOR     Colour: GRY     Style: TY,4/9/2021 5:53:05 PM,546054.5036,4809161.594,Q4,Weekend,FALSE
6362,49843,19256543,10/31/2019 2:50:00 PM,2019,10,31,14,50,Thursday,544708.5662,4807942.159,-80.447685,43.423045,Non intersection,2,P.D. only,On roadway,Rear end,Daylight,Municipal,No control,Unknown,FALSE,FALSE,FALSE,Rain,TRUE,Road 1: 173 TRAYNOR AVE; Vehicle #1     Make: CHEV     Model: EQU     Colour: BLK     Style: TY; Vehicle #2     Make: HYUN     Model: ACC     Colour: BLU     Style: 2B,4/9/2021 5:53:10 PM,544708.5662,4807942.159,Q4,Weekend,FALSE
6363,49844,19256582,10/31/2019 3:15:00 PM,2019,10,31,15,15,Thursday,540208.5637,4809374.578,-80.503169,43.436198,Non intersection,2,P.D. only,On roadway,Rear end,Daylight,Municipal,No control,Unknown,FALSE,FALSE,FALSE,Rain,TRUE,Road 1: BELMONT AVE E; Road 2: QUEEN'S BLVD; Vehicle #1     Make: MITS     Model: EGS     Colour: RED     Style: 2B; Vehicle #2     Make: HOND     Model: UDY     Colour: RED     Style: TY,4/9/2021 5:54:08 PM,540208.5637,4809374.578,Q4,Weekend,FALSE
6364,49845,19256601,10/31/2019 3:30:00 PM,2019,10,31,15,30,Thursday,544885.3055,4813068.254,-80.44508,43.46919,Non intersection,2,P.D. only,On roadway,SMV,Daylight,Municipal,No control,Unknown,FALSE,FALSE,FALSE,Rain,TRUE,Road 1: 143 ROTHSAY AVE; Vehicle #1     Make:      Model:      Colour:      Style: ; Vehicle #2     Make: LEXS     Model: A35     Colour: BLK     Style: 4D,4/9/2021 5:53:11 PM,544885.3055,4813068.254,Q4,Weekend,FALSE
6365,49846,19256644,10/31/2019 4:30:00 PM,2019,10,31,16,30,Thursday,545124.6188,4807656.945,-80.442569,43.420452,Non intersection,2,P.D. only,On roadway,Intersection,Daylight,Municipal,No control,Unknown,FALSE,FALSE,FALSE,Rain,TRUE,Road 1: WILSON AVE; Road 2: FAIRWAY RD S; Vehicle #1     Make: CHEV     Model: EQU     Colour: GRY     Style: TY; Vehicle #2     Make: DODG     Model: CAR     Colour: BLU     Style: VN,4/9/2021 5:53:08 PM,545124.6188,4807656.945,Q4,Weekend,FALSE
6366,49847,19256693,10/31/2019 5:50:00 PM,2019,10,31,17,50,Thursday,536914.0641,4808096.922,-80.543962,43.424863,Non intersection,2,P.D. only,On roadway,Rear end,Dark,Municipal,No control,Unknown,FALSE,FALSE,FALSE,Rain,TRUE,Road 1: WESTHEIGHTS DR; Road 2: HIGHLAND RD W; Vehicle #1     Make: CHEV     Model: EQU     Colour: BLK     Style: TY; Vehicle #2     Make:      Model:      Colour:      Style:,4/9/2021 5:53:05 PM,536914.0641,4808096.922,Q4,Weekend,FALSE
6367,49848,19256714,10/31/2019 6:35:00 PM,2019,10,31,18,35,Thursday,544884.135,4804849.911,-80.44577,43.395192,Intersection,1,Non-fatal injury,On roadway,SMV,Dark,Regional,Signal Control,Functioning,TRUE,FALSE,FALSE,Rain,FALSE,Road 1: PIONEER DR (50 km/h); Road 2: DOON VILLAGE RD (40 km/h); Vehicle #1     Make: HOND     Model: CVL     Colour: RED     Style: 4D,4/9/2021 5:53:55 PM,544884.135,4804849.911,Q4,Weekend,FALSE
6368,49849,19256997,11/1/2019 2:29:00 AM,2019,11,1,2,29,Friday,541873.99,4810745.87,-80.482486,43.448454,Intersection,2,P.D. only,On roadway,SMV,Dark,Regional,No control,Unknown,FALSE,FALSE,FALSE,Rain,FALSE,Road 1: CEDAR ST N (50 km/h); Road 2: DUKE ST E (50 km/h); Vehicle #1     Make: BMW     Model: 12I     Colour: BLK     Style: 2D,5/3/2021 10:39:15 AM,541873.99,4810745.87,Q4,Weekend,FALSE
6369,49850,19257145,10/31/2019 3:00:00 PM,2019,10,31,15,0,Thursday,539552.8061,4805821.045,-80.511529,43.404236,Non intersection,2,Non-reportable,On roadway,SMV,Daylight,Municipal,No control,Unknown,FALSE,FALSE,FALSE,Rain,TRUE,Road 1: MOUNTAIN LAUREL CRESCENT (IFO 4); Vehicle #1     Make:      Model:      Colour:      Style: ; Vehicle #2     Make: MAZD     Model: B30     Colour: BLK     Style: PK,4/9/2021 5:53:45 PM,539552.8061,4805821.045,Q4,Weekend,FALSE
6370,49851,19257238,11/1/2019 10:30:00 AM,2019,11,1,10,30,Friday,541662.2037,4810411.329,-80.485129,43.445453,Intersection,2,P.D. only,On roadway,Intersection,Daylight,Regional,Sign Control,Functioning,FALSE,FALSE,FALSE,Clear,TRUE,Road 1: CEDAR ST S; Road 2: CHURCH ST; Vehicle #1     Make: TOYT     Model: CTR     Colour: GRY     Style: 4B; Vehicle #2     Make: FORD     Model: STF     Colour: YEL     Style: 4B,5/3/2021 10:40:18 AM,541662.2036,4810411.329,Q4,Weekend,FALSE
6371,49852,19257249,11/1/2019 10:00:00 AM,2019,11,1,10,0,Friday,541385.1619,4810865.235,-80.488518,43.449555,Non intersection,2,Non-reportable,On roadway,Intersection,Daylight,Regional,No control,Unknown,FALSE,FALSE,FALSE,Clear,TRUE,Road 1: KING ST E  KITCHENER; Road 2: QUEEN ST S; Vehicle #1     Make:      Model:      Colour:      Style: ; Vehicle #2     Make: TOYT     Model: MTL     Colour: GRY     Style: 4D,8/16/2022 3:00:54 PM,541385.1619,4810865.235,Q4,Weekend,FALSE
6372,49853,19257256,11/1/2019 11:30:00 AM,2019,11,1,11,30,Friday,542134.7077,4811744.724,-80.479187,43.457433,Non intersection,2,P.D. only,On roadway,SMV,Daylight,Municipal,No control,Unknown,FALSE,FALSE,FALSE,Clear,TRUE,Road 1: MANSION ST (FILBERT ST); Vehicle #1     Make: FRHT     Model: FM2     Colour: WHI     Style: CT; Vehicle #2     Make: CHEV     Model: SIL     Colour: GRY     Style: PK,5/3/2021 10:37:19 AM,542134.7077,4811744.724,Q4,Weekend,FALSE
6373,49854,19258188,11/2/2019 12:40:00 PM,2019,11,2,12,40,Saturday,539116.5523,4810239.679,-80.5166,43.444045,Intersection,2,P.D. only,Off roadway,SMV,Daylight,Municipal,Sign Control,Functioning,FALSE,FALSE,FALSE,Rain,FALSE,Road 1: 428 LAWRENCE AVE (50 km/h); Road 2: KARN ST (50 km/h); Vehicle #1     Make: TOYT     Model: RG4     Colour: BLU     Style: TY,5/3/2021 10:39:12 AM,539116.5523,4810239.679,Q4,Weekend,FALSE
6374,49855,19258261,10/20/2019 8:00:00 PM,2019,10,20,20,0,Sunday,537931.4764,4810045.247,-80.531258,43.442355,Private Drive,2,Non-reportable,On roadway,SMV,Dark,Municipal,No control,Unknown,FALSE,FALSE,FALSE,Clear,TRUE,Road 1: 123 MARKWOOD DR; Vehicle #1     Make:      Model:      Colour:      Style: ; Vehicle #2     Make: CHEV     Model: BGG     Colour: RED     Style: 4D,5/3/2021 10:41:01 AM,537931.4764,4810045.247,Q4,Weekend,FALSE
6375,49856,19258457,11/2/2019 7:45:00 PM,2019,11,2,19,45,Saturday,539604.3754,4809636.477,-80.510615,43.438588,Non intersection,2,P.D. only,On roadway,Intersection,Dark,Municipal,No control,Unknown,FALSE,FALSE,FALSE,Rain,TRUE,Road 1: LAWRENCE AVE; Road 2: HIGHLAND RD W; Vehicle #1     Make: FORD     Model: TRN     Colour: GRY     Style: VN; Vehicle #2     Make:      Model:      Colour:      Style:,5/3/2021 10:37:20 AM,539604.3754,4809636.477,Q4,Weekend,FALSE
6376,49857,19258825,10/31/2019 6:00:00 PM,2019,10,31,18,0,Thursday,539028.9003,4811086.268,-80.517623,43.451672,Non intersection,2,P.D. only,On roadway,Rear end,Daylight,Municipal,No control,Unknown,FALSE,FALSE,FALSE,Rain,TRUE,Road 1: GLASGOW ST; Road 2: BELMONT AVE W; Vehicle #1     Make: GMC     Model: SAV     Colour: WHI     Style: FV; Vehicle #2     Make: HOND     Model: FKG     Colour: BLK     Style: 4B,4/9/2021 5:53:06 PM,539028.9003,4811086.268,Q4,Weekend,FALSE
6377,49858,19258964,11/3/2019 12:53:00 PM,2019,11,3,12,53,Sunday,548117.6119,4810867.728,-80.405314,43.449176,Private Drive,2,P.D. only,Off roadway,SMV,Daylight,Municipal,No control,Unknown,FALSE,FALSE,FALSE,Clear,FALSE,Road 1: 1553 OLD ZELLER DR (50 km/h); Road 2: OLD ZELLER DR; Distance: 3.0 M E; Vehicle #1     Make: PETE     Model:      Colour:      Style: ; Vehicle #2     Make: HYUN     Model: ESM     Colour: GRY     Style: 4D,5/3/2021 10:40:59 AM,548117.6119,4810867.728,Q4,Weekend,FALSE
6378,49859,19259055,11/3/2019 3:34:00 PM,2019,11,3,15,34,Sunday,545538.0361,4811220.843,-80.437165,43.452516,Private Drive,1,Non-fatal injury,Off roadway,SMV,Daylight,Municipal,No control,Unknown,FALSE,FALSE,FALSE,Clear,FALSE,Road 1: 41 CARNABY CRES (50 km/h); Road 2: CARNABY CRES; Distance: 1.0 M N; Vehicle #1     Make: NISS     Model: ROG     Colour: SIL     Style: TY,5/3/2021 10:40:59 AM,545538.0361,4811220.843,Q4,Weekend,FALSE
6379,49860,19259595,10/24/2019 4:30:00 PM,2019,10,24,16,30,Thursday,543233.2602,4810273.718,-80.465725,43.444125,Non intersection,2,Non-reportable,On roadway,Rear end,Daylight,Municipal,No control,Unknown,FALSE,FALSE,FALSE,Clear,TRUE,Road 1: MCKENZIE AVE; Road 2: OTTAWA ST; Vehicle #1     Make: NISS     Model: MUR     Colour: GRY     Style: TY; Vehicle #2     Make:      Model:      Colour:      Style:,4/9/2021 5:53:27 PM,543233.2602,4810273.718,Q4,Weekend,FALSE
6380,49861,19259774,11/4/2019 4:30:00 PM,2019,11,4,16,30,Monday,543856.9299,4805116.097,-80.458432,43.397649,Intersection,2,P.D. only,On roadway,Intersection,Dusk,Municipal,Signal Control,Functioning,FALSE,FALSE,FALSE,Clear,TRUE,Road 1: HURON RD (TRILLIUM DR); Vehicle #1     Make: CHEV     Model: EXP     Colour: GRY     Style: VN; Vehicle #2     Make: HYUN     Model: AGG     Colour: BRZ     Style: 4D,5/3/2021 10:39:54 AM,543856.9299,4805116.097,Q4,Working,FALSE
6381,49862,19260198,11/4/2019 10:30:00 PM,2019,11,4,22,30,Monday,539344.3528,4807639.957,-80.513972,43.420625,Private Drive,2,P.D. only,On roadway,SMV,Dark,Municipal,No control,Unknown,FALSE,FALSE,FALSE,Rain,TRUE,Road 1: 164 RUSKVIEW RD KITCHENER; Vehicle #1     Make: TOYT     Model: RV4     Colour: WHI     Style: TY; Vehicle #2     Make: MAZD     Model: 3TR     Colour: BLK     Style: 4D,5/3/2021 10:41:47 AM,539344.3527,4807639.957,Q4,Working,FALSE
6382,49863,19260438,11/5/2019 2:10:00 PM,2019,11,5,14,10,Tuesday,544575.4538,4807156.849,-80.449393,43.415982,Non intersection,2,Non-reportable,On roadway,Intersection,Daylight,Municipal,No control,Unknown,FALSE,FALSE,FALSE,Clear,TRUE,Road 1: 100 CRESS LN TRILLIUM INDUSTRIAL PARK; Vehicle #1     Make: VOLK     Model: JTD     Colour: BLK     Style: SW; Vehicle #2     Make: FORD     Model: EPR     Colour: WHI     Style: PK,5/3/2021 10:36:59 AM,544575.4538,4807156.849,Q4,Working,FALSE
6383,49864,19260602,10/26/2019 7:15:00 AM,2019,10,26,7,15,Saturday,538517.0304,4808032.703,-80.524164,43.424204,Non intersection,2,Non-reportable,On roadway,SMV,Dawn,Municipal,No control,Unknown,FALSE,FALSE,FALSE,Clear,TRUE,Road 1: 81 HICKORY HEIGHTS CRESCENT (IN FRONT OF); Vehicle #1     Make:      Model:      Colour:      Style: ; Vehicle #2     Make: HYUN     Model: TUC     Colour: BLU     Style: TY,4/9/2021 5:53:25 PM,538517.0304,4808032.703,Q4,Weekend,FALSE
6384,49865,19260737,11/5/2019 9:27:00 PM,2019,11,5,21,27,Tuesday,547648.6346,4804020.481,-80.411708,43.387553,Private Drive,2,P.D. only,On roadway,Intersection,Dark,Regional,No control,Unknown,FALSE,FALSE,FALSE,Clear,FALSE,Road 1: 591 CONESTOGA COLLEGE BLVD (50 km/h); Road 2: DOON VALLEY DR; Distance: 500.0 M S; Vehicle #1     Make: DODG     Model: CGS     Colour: BLK     Style: 4D; Vehicle #2     Make: HYUN     Model: VTO     Colour: WHI     Style: 4D; Vehicle #3     Make:,5/3/2021 10:41:10 AM,547648.6345,4804020.481,Q4,Working,FALSE
6385,49866,19261413,11/4/2019 2:30:00 PM,2019,11,4,14,30,Monday,540106.3028,4810844.12,-80.504325,43.449435,Non intersection,2,Non-reportable,On roadway,Intersection,Daylight,Municipal,No control,Unknown,FALSE,FALSE,FALSE,Clear,TRUE,Road 1: PARK ST; Road 2: CHERRY ST; Vehicle #1     Make: TOYT     Model: PRV     Colour: WHI     Style: 4W; Vehicle #2     Make:      Model:      Colour:      Style:,5/3/2021 10:38:45 AM,540106.3028,4810844.121,Q4,Working,FALSE
6386,49867,19263146,11/9/2019 12:27:00 AM,2019,11,9,0,27,Saturday,540363.7714,4806502.524,-80.501464,43.410329,Non intersection,2,P.D. only,Off roadway,SMV,Dark,Municipal,No control,Unknown,FALSE,FALSE,FALSE,Clear,FALSE,Road 1: HIGHBROOK ST (50 km/h); Road 2: HIGHBROOK CRES; Distance: 50.0 M N; Vehicle #1     Make:      Model:      Colour:      Style:,5/3/2021 10:37:08 AM,540363.7714,4806502.524,Q4,Weekend,FALSE
6387,49868,19264565,11/11/2019 6:44:00 AM,2019,11,11,6,44,Monday,545034.41,4807868.612,-80.443666,43.422363,Intersection,2,P.D. only,On roadway,Rear end,Dawn,Regional,Signal Control,Functioning,FALSE,FALSE,FALSE,Clear,FALSE,Road 1: WILSON AVE (50 km/h); Road 2: KINGSWAY DR (50 km/h); Vehicle #1     Make: NISS     Model: ATS     Colour: BRN     Style: 4D; Vehicle #2     Make: ICRP     Model: BUD     Colour: YEL     Style: BU,5/3/2021 10:40:12 AM,545034.41,4807868.612,Q4,Working,FALSE
6388,49869,19264663,11/11/2019 9:30:00 AM,2019,11,11,9,30,Monday,545304.9384,4806386.309,-80.440447,43.409,Non intersection,2,P.D. only,On roadway,Intersection,Daylight,Municipal,No control,Unknown,FALSE,FALSE,FALSE,Snow,TRUE,Road 1: WILSON AVE; Road 2: WABANAKI DR; Vehicle #1     Make: HOND     Model: CRV     Colour: GRN     Style: 4B; Vehicle #2     Make: MAZD     Model: M3I     Colour: BLU     Style: 4D,5/3/2021 10:37:52 AM,545304.9384,4806386.31,Q4,Working,FALSE
6389,49870,19264673,11/11/2019 9:35:00 AM,2019,11,11,9,35,Monday,541721.8474,4810500.852,-80.484385,43.446256,Non intersection,2,P.D. only,Off roadway,SMV,Daylight,Regional,No control,Unknown,FALSE,FALSE,FALSE,Snow,FALSE,Road 1: 42 CEDAR ST S (50 km/h); Road 2: CEDAR ST S; Distance: 1.0 M W; Vehicle #1     Make: NISS     Model: ROG     Colour: BLU     Style: TY,5/3/2021 10:37:08 AM,541721.8474,4810500.852,Q4,Working,FALSE
6390,49871,19264679,11/4/2019 9:30:00 AM,2019,11,4,9,30,Monday,537575.9764,4806990.866,-80.535861,43.414871,Non intersection,2,P.D. only,On roadway,SMV,Daylight,Municipal,No control,Unknown,FALSE,FALSE,FALSE,Snow,FALSE,Road 1: 50 PARKLAND CRES (40 km/h); Road 2: PARKLAND CRES; Distance: 100.0 M S; Vehicle #1     Make: FORD     Model: CTV     Colour: WHI     Style: BU; Vehicle #2     Make: TOYT     Model: SIE     Colour: WHI     Style: VN,5/3/2021 10:37:11 AM,537575.9764,4806990.866,Q4,Working,FALSE
6391,49872,19264683,11/11/2019 9:15:00 AM,2019,11,11,9,15,Monday,541876.9727,4803490.419,-80.483005,43.383125,Intersection,2,P.D. only,On roadway,SMV,Daylight,Regional,Sign Control,Functioning,FALSE,FALSE,FALSE,Snow,TRUE,Road 1: HURON ROAD; Road 2: WOODBINE AVE; Vehicle #1     Make: HOND     Model: UDY     Colour: SIL     Style: VN,5/3/2021 10:39:36 AM,541876.9727,4803490.419,Q4,Working,FALSE
6392,49873,19264694,11/11/2019 9:30:00 AM,2019,11,11,9,30,Monday,539367.7739,4807624.089,-80.513684,43.420481,Non intersection,2,P.D. only,On roadway,SMV,Daylight,Municipal,No control,Unknown,FALSE,FALSE,FALSE,Snow,TRUE,Road 1: RUSKVIEW RD; Road 2: GREENBROOK DR; Vehicle #1     Make: MAZD     Model: CX9     Colour: GRY     Style: TY,5/3/2021 10:38:00 AM,539367.7739,4807624.089,Q4,Working,FALSE
6393,49874,19264707,11/11/2019 9:40:00 AM,2019,11,11,9,40,Monday,538593.0278,4811202.723,-80.523001,43.452743,Non intersection,2,P.D. only,On roadway,SMV,Daylight,Municipal,No control,Unknown,FALSE,FALSE,FALSE,Snow,TRUE,Road 1: UNION BLVD (IFO 261); Vehicle #1     Make: FORD     Model: SPE     Colour: BLK     Style: TY; Vehicle #2     Make: CADI     Model: ATS     Colour: GRY     Style: 4D,5/3/2021 10:37:42 AM,538593.0278,4811202.723,Q4,Working,FALSE
6394,49875,19264714,11/11/2019 10:00:00 AM,2019,11,11,10,0,Monday,538072.6874,4807548.187,-80.529687,43.419864,Intersection,2,P.D. only,On roadway,Rear end,Daylight,Municipal,No control,Functioning,FALSE,FALSE,FALSE,Snow,TRUE,Road 1: WESTHEIGHTS DR; Road 2: MCGARRY DR KITCHENER; Vehicle #1     Make:      Model:      Colour:      Style: ; Vehicle #2     Make: HOND     Model: UCL     Colour: BLU     Style: 4D,5/3/2021 10:39:34 AM,538072.6874,4807548.187,Q4,Working,FALSE
6395,49876,19264770,11/11/2019 10:55:00 AM,2019,11,11,10,55,Monday,539566.2455,4811425.491,-80.510957,43.454698,Intersection,2,Non-reportable,On roadway,SMV,Daylight,Municipal,Sign Control,Functioning,FALSE,FALSE,FALSE,Snow,TRUE,"Road 1: PARK ST  KITCHENER , ONTARIO; Road 2: GREEN ST, KITCHENER; Vehicle #1     Make: HYUN     Model: TUC     Colour: RED     Style: TY",5/3/2021 10:40:43 AM,539566.2455,4811425.491,Q4,Working,FALSE
6396,49877,19264772,11/11/2019 11:30:00 AM,2019,11,11,11,30,Monday,542709.7596,4808220.404,-80.472355,43.425667,Non intersection,2,P.D. only,On roadway,Intersection,Daylight,Regional,No control,Unknown,FALSE,FALSE,FALSE,Snow,TRUE,Road 1: HANSON AVE; Road 2: HOMER WATSON BLVD; Vehicle #1     Make: CHEV     Model: EXP     Colour: WHI     Style: FV; Vehicle #2     Make: FORD     Model: EDG     Colour: BLK     Style: TY,5/3/2021 10:38:00 AM,542709.7596,4808220.404,Q4,Working,FALSE
6397,49878,19264790,11/11/2019 12:00:00 PM,2019,11,11,12,0,Monday,537334.7853,4807490.511,-80.538806,43.419382,Intersection,2,P.D. only,On roadway,Intersection,Daylight,Municipal,Sign Control,Functioning,FALSE,FALSE,FALSE,Snow,TRUE,Road 1: WESTHEIGHTS DR; Road 2: DRIFTWOOD DR; Vehicle #1     Make: HOND     Model: CLL     Colour: BLK     Style: 4D; Vehicle #2     Make:      Model:      Colour:      Style:,5/3/2021 10:40:29 AM,537334.7853,4807490.511,Q4,Working,FALSE
6398,49879,19264821,11/11/2019 12:30:00 PM,2019,11,11,12,30,Monday,540415.05,4810595.769,-80.500527,43.447182,Intersection,2,P.D. only,On roadway,Other,Daylight,Municipal,Sign Control,Functioning,FALSE,FALSE,FALSE,Snow,TRUE,Road 1: JUBILEE SR; Road 2: DEVON ST; Vehicle #1     Make: DODG     Model: CAR     Colour: BLK     Style: VN; Vehicle #2     Make: HOND     Model: FIL     Colour: WHI     Style: 4B,5/3/2021 10:40:30 AM,540415.05,4810595.769,Q4,Working,FALSE
6399,49880,19264834,11/11/2019 11:20:00 AM,2019,11,11,11,20,Monday,542511.2482,4806154.518,-80.474968,43.407077,Non intersection,2,P.D. only,On roadway,SMV,Daylight,Municipal,No control,Unknown,FALSE,FALSE,FALSE,Snow,TRUE,Road 1: STRASBURG RD; Road 2: OTTAWA ST; Vehicle #1     Make: HOND     Model: UDY     Colour: PLE     Style: TY,5/3/2021 10:38:07 AM,542511.2482,4806154.518,Q4,Working,FALSE
6400,49881,19264837,11/11/2019 12:03:00 PM,2019,11,11,12,3,Monday,541872.7584,4808923.292,-80.482641,43.432043,Non intersection,2,P.D. only,On roadway,SMV,Daylight,Municipal,No control,Unknown,FALSE,FALSE,FALSE,Snow,FALSE,Road 1: 72 HOFFMAN ST (50 km/h); Road 2: HOFFMAN ST; Distance: 5.0 M N; Vehicle #1     Make: DODG     Model: CAR     Colour: SIL     Style: VN; Vehicle #2     Make: NISS     Model: VSA     Colour: SIL     Style: 4B,5/3/2021 10:37:17 AM,541872.7584,4808923.292,Q4,Working,FALSE
6401,49882,19264867,11/11/2019 11:30:00 AM,2019,11,11,11,30,Monday,544713.6674,4810090.88,-80.447446,43.442392,Intersection,2,Non-reportable,On roadway,SMV,Daylight,Regional,Sign Control,Unknown,FALSE,FALSE,FALSE,Snow,TRUE,Road 1: ROSS AVE; Road 2: FRANKLIN ST N; Vehicle #1     Make: DODG     Model: CJO     Colour: RED     Style: TY,5/3/2021 10:40:03 AM,544713.6674,4810090.88,Q4,Working,FALSE
6402,49883,19264898,11/11/2019 10:40:00 AM,2019,11,11,10,40,Monday,543539.831,4809500.16,-80.461998,43.437142,Non intersection,2,P.D. only,On roadway,Intersection,Daylight,Municipal,No control,Unknown,FALSE,FALSE,FALSE,Clear,TRUE,Road 1: ROCKWAY DR; Road 2: DOON RD; Vehicle #1     Make: DODG     Model: CAR     Colour: WHI     Style: VN; Vehicle #2     Make: DODG     Model: SPR     Colour: WHI     Style: VN,5/3/2021 10:37:53 AM,543539.831,4809500.16,Q4,Working,FALSE