,OBJECTID,ACCIDENTNUM,ACCIDENTDATE,ACCIDENT_YEAR,ACCIDENT_MONTH,ACCIDENT_DAY,ACCIDENT_HOUR,ACCIDENT_MINUTE,Accident_Day,XCOORD,YCOORD,LONGITUDE,LATITUDE,Accident_Location,COLLISIONTYPE,Accident_Type,Impact_Location,Impact_Type,Light,Road_Jurisdication,Traffic_Control,Traffic_Control_Condition,Pedestrian_Involved,Cyclist_Involved,Motorcyclist_Involved,Environment_Condition,Self_Reported,XMLIMPORTNOTES,LASTEDITEDDATE,x,y,Quarter,Day_Type,Vulnerable_Involved
6403,49884,19264932,11/11/2019 1:00:00 PM,2019,11,11,13,0,Monday,541981.6599,4810675.714,-80.481161,43.447816,Intersection,2,P.D. only,On roadway,Intersection,Daylight,Municipal,Sign Control,Functioning,FALSE,FALSE,FALSE,Snow,TRUE,Road 1: DUKE ST E; Road 2: MADISON AVE N; Vehicle #1     Make: NISS     Model: CUB     Colour: WHI     Style: TY; Vehicle #2     Make: HYUN     Model: TUC     Colour: SIL     Style: TY,5/3/2021 10:39:37 AM,541981.6599,4810675.714,Q4,Working,FALSE
6404,49885,19264938,11/11/2019 12:00:00 PM,2019,11,11,12,0,Monday,543092.7703,4804798.62,-80.467893,43.394835,Non intersection,2,P.D. only,On roadway,Other,Daylight,Municipal,No control,Unknown,FALSE,FALSE,FALSE,Snow,TRUE,Road 1: 1760 STRASBURG RD; Vehicle #1     Make: FORD     Model: DRW     Colour: WHI     Style: CB; Vehicle #2     Make: STRN     Model: SC1     Colour: ONG     Style: 2D,5/3/2021 10:37:38 AM,543092.7703,4804798.62,Q4,Working,FALSE
6405,49886,19264941,11/11/2019 1:09:00 PM,2019,11,11,13,9,Monday,540131.7062,4809841.202,-80.504084,43.440403,Non intersection,2,P.D. only,On roadway,Other,Daylight,Municipal,No control,Unknown,FALSE,FALSE,FALSE,Snow,TRUE,Road 1: PATRICIA AVE; Road 2: HIGHLAND RD W; Vehicle #1     Make: HOND     Model: UAX     Colour: WHI     Style: 4D; Vehicle #2     Make:      Model:      Colour:      Style:,5/3/2021 10:38:03 AM,540131.7062,4809841.202,Q4,Working,FALSE
6406,49887,19265051,11/11/2019 3:32:00 PM,2019,11,11,15,32,Monday,538018.6703,4807054.628,-80.530389,43.415423,Non intersection,2,P.D. only,On roadway,Other,Daylight,Municipal,No control,Unknown,FALSE,FALSE,FALSE,Snow,FALSE,Road 1: ROYAL ORCHARD DR (50 km/h); Road 2: DEERWOOD CRES; Distance: 20.0 M N; Vehicle #1     Make: HYUN     Model: SAN     Colour: WHI     Style: TY; Vehicle #2     Make: CHEV     Model: EXP     Colour: YEL     Style: BU,5/3/2021 10:37:14 AM,538018.6703,4807054.628,Q4,Working,FALSE
6407,49888,19265052,11/11/2019 5:00:00 PM,2019,11,11,17,0,Monday,544187.9706,4808695.418,-80.454055,43.429858,Non intersection,2,P.D. only,On roadway,Intersection,Dusk,Municipal,No control,Unknown,FALSE,FALSE,FALSE,Snow,TRUE,Road 1: 178 FIFTH AVE; Vehicle #1     Make: FORD     Model: FMS     Colour: BLK     Style: 4D; Vehicle #2     Make:      Model:      Colour:      Style:,5/3/2021 10:37:54 AM,544187.9706,4808695.419,Q4,Working,FALSE
6408,49889,19265071,11/11/2019 5:50:00 PM,2019,11,11,17,50,Monday,546589.6063,4802846.339,-80.424882,43.377048,Private Drive,2,P.D. only,On roadway,SMV,Dark,Municipal,No control,Unknown,FALSE,FALSE,FALSE,Snow,TRUE,Road 1: 335 ROBERT FERRIE DR; Vehicle #1     Make:      Model:      Colour:      Style: ; Vehicle #2     Make: HOND     Model: UDY     Colour: GRN     Style: TY,5/3/2021 10:41:25 AM,546589.6063,4802846.339,Q4,Working,FALSE
6409,49890,19265076,11/11/2019 4:10:00 PM,2019,11,11,16,10,Monday,541853.4853,4803513.004,-80.483293,43.383329,Intersection,2,P.D. only,On roadway,Rear end,Daylight,Regional,Sign Control,Functioning,FALSE,FALSE,FALSE,Snow,TRUE,Road 1: WOODBINE AVE; Road 2: HURON RD; Vehicle #1     Make: FORD     Model: SPE     Colour: BLK     Style: TY; Vehicle #2     Make: HOND     Model: ULX     Colour: BLK     Style: 4D,5/3/2021 10:39:22 AM,541853.4853,4803513.004,Q4,Working,FALSE
6410,49891,19265110,11/11/2019 10:00:00 AM,2019,11,11,10,0,Monday,542246.6096,4806725.012,-80.478192,43.412229,Private Drive,2,P.D. only,On roadway,SMV,Daylight,Municipal,No control,Unknown,FALSE,FALSE,FALSE,Snow,TRUE,Road 1: 72 THE COUNTRY WAY; Vehicle #1     Make: VOLK     Model: CTG     Colour: BLU     Style: 4B; Vehicle #2     Make: NISS     Model: ROG     Colour: SIL     Style: TY,5/3/2021 10:41:26 AM,542246.6096,4806725.012,Q4,Working,FALSE
6411,49892,19265352,11/11/2019 3:10:00 PM,2019,11,11,15,10,Monday,544184.8728,4808691.085,-80.454093,43.429819,Non intersection,2,P.D. only,On roadway,Rear end,Daylight,Municipal,No control,Unknown,FALSE,FALSE,FALSE,Snow,TRUE,Road 1: 176 FIFTH AVE; Road 2: CONNAUGHT ST; Vehicle #1     Make: NISS     Model: PFI     Colour: BLK     Style: TY; Vehicle #2     Make:      Model:      Colour:      Style:,5/3/2021 10:37:54 AM,544184.8728,4808691.085,Q4,Working,FALSE
6412,49893,19265537,11/11/2019 11:00:00 AM,2019,11,11,11,0,Monday,539688.7873,4810677.173,-80.509497,43.447954,Non intersection,2,Non-reportable,On roadway,Intersection,Daylight,Municipal,No control,Unknown,FALSE,FALSE,FALSE,Snow,TRUE,Road 1: WAVERYLY RD; Road 2: GAGE AVE; Vehicle #1     Make: TOYO     Model: PRI     Colour: BLU     Style: 4D; Vehicle #2     Make: GMC     Model: SAV     Colour: WHI     Style: VN,5/3/2021 10:37:29 AM,539688.7873,4810677.173,Q4,Working,FALSE
6413,49894,19265601,11/12/2019 9:25:00 AM,2019,11,12,9,25,Tuesday,540291.2147,4809599.913,-80.502131,43.438222,Non intersection,2,Non-reportable,On roadway,Rear end,Daylight,Municipal,No control,Unknown,FALSE,FALSE,FALSE,Snow,TRUE,Road 1: 911 QUEEN'S BLVD; Road 2: BELMONT AVE; Vehicle #1     Make: MERZ     Model: 2C4     Colour: WHI     Style: 4D; Vehicle #2     Make: HOND     Model: UEX     Colour: SIL     Style: 2D,5/3/2021 10:38:52 AM,540291.2147,4809599.913,Q4,Working,FALSE
6414,49895,19265823,11/12/2019 7:00:00 PM,2019,11,12,19,0,Tuesday,541980.2235,4810674.747,-80.481179,43.447807,Intersection,2,P.D. only,On roadway,Intersection,Dark,Regional,Sign Control,Functioning,FALSE,FALSE,FALSE,Snow,TRUE,Road 1: DUKE ST E; Road 2: MADISON AVE; Vehicle #1     Make:      Model:      Colour:      Style: ; Vehicle #2     Make: KIA     Model: SOU     Colour: SIL     Style: TY,5/3/2021 10:40:09 AM,541980.2235,4810674.747,Q4,Working,FALSE
6415,49896,19265890,11/12/2019 4:00:00 PM,2019,11,12,16,0,Tuesday,541733.0798,4810286.957,-80.484262,43.444329,Non intersection,2,P.D. only,On roadway,SMV,Daylight,Municipal,No control,Unknown,FALSE,FALSE,FALSE,Clear,TRUE,Road 1: MADISON AVE S (IFO 94); Vehicle #1     Make:      Model:      Colour:      Style: ; Vehicle #2     Make: ACUR     Model: I2P     Colour: WHI     Style: 4D,5/3/2021 10:38:02 AM,541733.0798,4810286.957,Q4,Working,FALSE
6416,49897,19266034,11/12/2019 7:45:00 PM,2019,11,12,19,45,Tuesday,544272.8778,4809958.568,-80.452903,43.441227,Non intersection,2,Non-reportable,On roadway,SMV,Dark,Municipal,No control,Unknown,FALSE,FALSE,FALSE,Clear,TRUE,Road 1: ROSS AVE; Road 2: WILFRED AVE; Vehicle #1     Make: TOYT     Model: VEN     Colour: GRY     Style: TY; Vehicle #2     Make:      Model:      Colour:      Style:,5/3/2021 10:38:48 AM,544272.8778,4809958.568,Q4,Working,FALSE
6417,49898,19266091,11/12/2019 8:40:00 PM,2019,11,12,20,40,Tuesday,541508.7324,4807858.856,-80.48722,43.422479,Non intersection,2,Non-reportable,On roadway,Intersection,Dark,Regional,No control,Unknown,FALSE,FALSE,FALSE,Clear,TRUE,Road 1: STRASBURG RD (NEAR GAS STATION); Road 2: OTTAWA ST S; Vehicle #1     Make:      Model:      Colour:      Style: ; Vehicle #2     Make: TOYT     Model: MTL     Colour: GRY     Style: 4D,5/3/2021 10:37:29 AM,541508.7324,4807858.856,Q4,Working,FALSE
6418,49899,19266116,11/12/2019 9:59:00 PM,2019,11,12,21,59,Tuesday,544039.149,4807714.471,-80.455973,43.421035,Non intersection,2,P.D. only,Off roadway,SMV,Dark,Municipal,No control,Unknown,FALSE,FALSE,FALSE,Snow,FALSE,Road 1: 551 VANIER DR (50 km/h); Road 2: VANIER DR; Distance: 20.0 M W; Vehicle #1     Make: TOYT     Model: UCS     Colour: GRY     Style: 4D,5/3/2021 10:37:08 AM,544039.149,4807714.471,Q4,Working,FALSE
6419,49900,19266277,11/13/2019 8:00:00 AM,2019,11,13,8,0,Wednesday,542407.1208,4806619.303,-80.476218,43.411268,Intersection,2,P.D. only,On roadway,Other,Daylight,Municipal,No control,Functioning,FALSE,FALSE,FALSE,Clear,TRUE,Road 1: STRASBURG RD; Road 2: OLD COUNTRY WAY; Vehicle #1     Make: DODG     Model: DAK     Colour: GRY     Style: PK; Vehicle #2     Make: HYUN     Model: SAN     Colour: WHI     Style: TY,4/22/2022 2:25:46 PM,542407.1208,4806619.303,Q4,Working,FALSE
6420,49901,19266282,11/13/2019 8:25:00 AM,2019,11,13,8,25,Wednesday,541014.3841,4809676.77,-80.49319,43.438875,Intersection,2,P.D. only,On roadway,Intersection,Daylight,Regional,Signal Control,Functioning,FALSE,FALSE,FALSE,Clear,FALSE,Road 1: HIGHLAND RD E (50 km/h); Road 2: SPADINA RD E (50 km/h); Vehicle #1     Make: HYUN     Model: ESS     Colour: GRY     Style: 4D; Vehicle #2     Make: CHRY     Model: 2LM     Colour: WHI     Style: 4D,5/3/2021 10:39:13 AM,541014.3841,4809676.77,Q4,Working,FALSE
6421,49902,19266322,11/13/2019 9:15:00 AM,2019,11,13,9,15,Wednesday,540939.6074,4811216.644,-80.493998,43.452744,Intersection,2,P.D. only,On roadway,Intersection,Daylight,Regional,No control,Functioning,FALSE,FALSE,FALSE,Clear,TRUE,Road 1: WATER ST N; Road 2: DUKE ST W; Vehicle #1     Make: HYUN     Model: TSL     Colour: BLK     Style: 2B; Vehicle #2     Make: KIA     Model: 5SX     Colour: ONG     Style: 4B,4/27/2022 10:41:21 AM,540939.6074,4811216.644,Q4,Working,FALSE
6422,49903,19266475,11/13/2019 2:10:00 PM,2019,11,13,14,10,Wednesday,546493.3621,4809669.88,-80.42549,43.438493,Non intersection,2,P.D. only,On roadway,Other,Daylight,Regional,No control,Unknown,FALSE,FALSE,FALSE,Clear,TRUE,Road 1: OLD CHICOPEE TRAIL; Road 2: FAIRWAY RD N; Distance: 200.0 M N; Vehicle #1     Make: TOYT     Model: CHL     Colour: BLK     Style: 4D; Vehicle #2     Make: TOYT     Model: HIG     Colour: BLK     Style: TY,5/3/2021 10:37:01 AM,546493.3621,4809669.88,Q4,Working,FALSE
6423,49904,19266734,11/14/2019 6:40:00 PM,2019,11,14,18,40,Thursday,537074.1049,4806658.676,-80.542083,43.411905,Private Drive,2,P.D. only,On roadway,Other,Dark,Municipal,No control,Unknown,FALSE,FALSE,FALSE,Snow,TRUE,Road 1: 65 YELLOW BIRCH DR; Road 2: HODDLE CRESCENT; Vehicle #1     Make: FORD     Model: COF     Colour: WHI     Style: PK; Vehicle #2     Make: DODG     Model: CAR     Colour: GRY     Style: VN,5/3/2021 10:41:27 AM,537074.1049,4806658.676,Q4,Weekend,FALSE
6424,49905,19267041,11/14/2019 9:08:00 AM,2019,11,14,9,8,Thursday,542518.2769,4807562.985,-80.474771,43.419758,Intersection,2,P.D. only,Off roadway,SMV,Daylight,Municipal,Sign Control,Functioning,FALSE,FALSE,FALSE,Snow,FALSE,Road 1: KINGSWOOD DR (50 km/h); Road 2: GRACEFIELD CRES (50 km/h); Vehicle #1     Make: HYUN     Model: TUC     Colour: GRY     Style: TY,5/3/2021 10:39:14 AM,542518.2769,4807562.985,Q4,Weekend,FALSE
6425,49906,19267077,11/13/2019 10:30:00 AM,2019,11,13,10,30,Wednesday,543959.3342,4804877.452,-80.457187,43.395495,Non intersection,2,P.D. only,On roadway,SMV,Daylight,Municipal,No control,Unknown,FALSE,FALSE,FALSE,Clear,TRUE,Road 1: MAXWELL DR; Road 2: BEIHN; Vehicle #1     Make: HOND     Model: UDY     Colour: GRY     Style: VN; Vehicle #2     Make: GMC     Model: SIE     Colour: WHI     Style: PK,5/3/2021 10:37:34 AM,543959.3342,4804877.452,Q4,Working,FALSE
6426,49907,19267355,11/13/2019 4:00:00 PM,2019,11,13,16,0,Wednesday,539787.475,4810585.003,-80.508284,43.447119,Private Drive,2,P.D. only,On roadway,Other,Daylight,Municipal,No control,Unknown,FALSE,FALSE,FALSE,Clear,TRUE,Road 1: 120 CHERRY ST; Vehicle #1     Make: HYUN     Model: PGS     Colour: GRY     Style: 4D; Vehicle #2     Make:      Model:      Colour:      Style:,5/3/2021 10:41:16 AM,539787.475,4810585.003,Q4,Working,FALSE
6427,49908,19267392,11/14/2019 11:30:00 AM,2019,11,14,11,30,Thursday,541141.2773,4810796.508,-80.491537,43.44895,Non intersection,2,Non-reportable,On roadway,Other,Daylight,Regional,No control,Unknown,FALSE,FALSE,FALSE,Clear,TRUE,Road 1: ONTARIO ST S; Road 2: JOSEPH ST; Vehicle #1     Make:      Model:      Colour:      Style: ; Vehicle #2     Make: ALEX     Model: ENV     Colour: GRN     Style: BU,5/3/2021 10:38:50 AM,541141.2773,4810796.508,Q4,Weekend,FALSE
6428,49909,19267516,11/13/2019 5:45:00 PM,2019,11,13,17,45,Wednesday,544492.9863,4811765.305,-80.450036,43.457481,Intersection,2,Non-reportable,On roadway,Intersection,Dark,Regional,Sign Control,Functioning,FALSE,FALSE,FALSE,Clear,TRUE,Road 1: RIVER RD E; Road 2: HALLIWELL DR; Vehicle #1     Make: TOYT     Model: RV4     Colour: GRY     Style: TY; Vehicle #2     Make:      Model:      Colour:      Style:,5/3/2021 10:40:42 AM,544492.9863,4811765.305,Q4,Working,FALSE
6429,49910,19267684,11/15/2019 2:40:00 AM,2019,11,15,2,40,Friday,544592.3021,4808355.96,-80.449087,43.426778,Non intersection,2,P.D. only,Off roadway,Rear end,Dark,Municipal,No control,Unknown,FALSE,FALSE,FALSE,Clear,FALSE,Road 1: GREENFIELD AVE (50 km/h); Road 2: CARROL ST; Distance: 5.0 M N; Vehicle #1     Make: FORD     Model: CTV     Colour: WHI     Style: CB; Vehicle #2     Make: KIA     Model: FLG     Colour: GRY     Style: 4D,5/3/2021 10:37:15 AM,544592.3021,4808355.96,Q4,Weekend,FALSE
6430,49911,19267815,11/11/2019 10:00:00 AM,2019,11,11,10,0,Monday,542389.122,4806193.512,-80.476473,43.407435,Private Drive,2,P.D. only,On roadway,SMV,Daylight,Municipal,No control,Unknown,FALSE,FALSE,FALSE,Snow,TRUE,Road 1: 222 THE COUNTRY WAY (IN FRONT OF 222); Vehicle #1     Make: MITS     Model: OUT     Colour: WHI     Style: TY; Vehicle #2     Make:      Model:      Colour:      Style:,5/3/2021 10:41:27 AM,542389.122,4806193.512,Q4,Working,FALSE
6431,49912,19267908,11/15/2019 11:00:00 AM,2019,11,15,11,0,Friday,545124.7488,4807656.815,-80.442567,43.420451,Private Drive,2,P.D. only,On roadway,Intersection,Daylight,Municipal,No control,Unknown,FALSE,FALSE,FALSE,Clear,TRUE,Road 1: CANADIAN TIRE DRIVEWAY; Road 2: WILSON AVE; Vehicle #1     Make: HYUN     Model: SAN     Colour: BLK     Style: TY; Vehicle #2     Make: TOYT     Model: UCS     Colour: BRN     Style: 4D,5/3/2021 10:41:22 AM,545124.7488,4807656.815,Q4,Weekend,FALSE
6432,49913,19267943,11/15/2019 12:05:00 PM,2019,11,15,12,5,Friday,543744.0597,4805583.781,-80.459788,43.401867,Non intersection,2,P.D. only,On roadway,Intersection,Daylight,Municipal,No control,Unknown,FALSE,FALSE,FALSE,Clear,TRUE,Road 1: BEASLEY DR; Road 2: TRILLIUM DR; Vehicle #1     Make: RAM     Model: RTR     Colour: BLK     Style: PK; Vehicle #2     Make: FORD     Model: FE     Colour: WHI     Style: 4D,5/3/2021 10:37:55 AM,543744.0597,4805583.781,Q4,Weekend,FALSE
6433,49914,19268162,11/11/2019 8:50:00 AM,2019,11,11,8,50,Monday,540875.7877,4810596.857,-80.494833,43.447167,Non intersection,2,Non-reportable,On roadway,Rear end,Daylight,Municipal,No control,Unknown,FALSE,FALSE,FALSE,Snow,TRUE,Road 1: JUBILEE DR; Road 2: DAVID ST; Vehicle #1     Make: HOND     Model: UCL     Colour: BLU     Style: 4D; Vehicle #2     Make: FORD     Model: FSE     Colour: RED     Style: 4D,5/3/2021 10:37:07 AM,540875.7877,4810596.857,Q4,Working,FALSE
6434,49915,19268173,11/12/2019 7:00:00 PM,2019,11,12,19,0,Tuesday,540488.7031,4810093.365,-80.499654,43.442655,Private Drive,2,Non-reportable,On roadway,SMV,Dark,Municipal,No control,Unknown,FALSE,FALSE,FALSE,Clear,TRUE,Road 1: 62 HOMEWOOD AVE; Vehicle #1     Make: NISS     Model: MUR     Colour: BRN     Style: TY; Vehicle #2     Make: KIA     Model: SOU     Colour: BLU     Style: TY,5/3/2021 10:41:05 AM,540488.7031,4810093.365,Q4,Working,FALSE
6435,49916,19268661,11/11/2019 9:30:00 AM,2019,11,11,9,30,Monday,539035.6094,4810148.807,-80.517607,43.443231,Private Drive,2,P.D. only,On roadway,SMV,Daylight,Municipal,No control,Unknown,FALSE,FALSE,FALSE,Snow,TRUE,Road 1: 428 ALICE AVE; Vehicle #1     Make:      Model:      Colour:      Style: ; Vehicle #2     Make: TOYT     Model: CAM     Colour: GRY     Style: 4D,5/3/2021 10:41:24 AM,539035.6094,4810148.807,Q4,Working,FALSE
6436,49917,19268668,11/11/2019 11:10:00 AM,2019,11,11,11,10,Monday,545896.7872,4802879.124,-80.433431,43.377386,Intersection,2,P.D. only,On roadway,Rear end,Daylight,Municipal,Sign Control,Functioning,FALSE,FALSE,FALSE,Snow,TRUE,Road 1: DOON S DR; Road 2: STEEPLERIDGE ST; Vehicle #1     Make: MITS     Model: LES     Colour: BLU     Style: 4D; Vehicle #2     Make: HYUN     Model: ESS     Colour: RED     Style: 4D,5/3/2021 10:40:11 AM,545896.7872,4802879.124,Q4,Working,FALSE
6437,49918,19268743,11/16/2019 9:30:00 AM,2019,11,16,9,30,Saturday,542252.8576,4811381.22,-80.477755,43.454153,Intersection,2,Non-reportable,On roadway,Rear end,Daylight,Municipal,Sign Control,Functioning,FALSE,FALSE,FALSE,Clear,TRUE,Road 1: BINGEMAN ST; Road 2: SIMEON ST; Vehicle #1     Make: TOYT     Model: MTL     Colour: WHI     Style: 4D; Vehicle #2     Make:      Model:      Colour:      Style:,5/3/2021 10:40:45 AM,542252.8576,4811381.22,Q4,Weekend,FALSE
6438,49919,19268811,11/16/2019 4:20:00 PM,2019,11,16,16,20,Saturday,545957.4731,4809853.462,-80.432096,43.440179,Intersection,1,Non-fatal injury,On roadway,Intersection,Daylight,Municipal,Sign Control,Functioning,FALSE,FALSE,FALSE,Clear,FALSE,Road 1: OLD CHICOPEE DR (50 km/h); Road 2: BANCROFT ST (50 km/h); Vehicle #1     Make: KIA     Model: FLX     Colour: GRY     Style: 4D; Vehicle #2     Make: HOND     Model: UCL     Colour: BLK     Style: 4D,5/3/2021 10:40:16 AM,545957.4731,4809853.462,Q4,Weekend,FALSE
6439,49920,19269024,11/16/2019 10:12:00 PM,2019,11,16,22,12,Saturday,545176.2279,4810081.502,-80.441731,43.44228,Non intersection,2,P.D. only,On roadway,SMV,Dark,Municipal,No control,Unknown,FALSE,FALSE,FALSE,Clear,FALSE,Road 1: 131 RENNIE DR (50 km/h); Road 2: RENNIE DR; Distance: 2.0 M N; Vehicle #1     Make: HYUN     Model: ESM     Colour: GRY     Style: 4D; Vehicle #2     Make: HOND     Model: CIV     Colour: BLU     Style: 4D,5/3/2021 10:37:20 AM,545176.2279,4810081.503,Q4,Weekend,FALSE
6440,49921,19269314,11/16/2019 5:30:00 PM,2019,11,16,17,30,Saturday,539937.9051,4805756.278,-80.506778,43.403633,Non intersection,2,Non-reportable,On roadway,SMV,Dark,Municipal,No control,Unknown,FALSE,FALSE,FALSE,Clear,TRUE,Road 1: 160 MAX BECKER DR; Vehicle #1     Make: RAM     Model: RTR     Colour: BLU     Style: CW; Vehicle #2     Make:      Model:      Colour:      Style:,5/3/2021 10:38:58 AM,539937.9051,4805756.278,Q4,Weekend,FALSE
6441,49922,19269346,11/17/2019 11:50:00 AM,2019,11,17,11,50,Sunday,539051.1345,4811176.013,-80.517341,43.452479,Non intersection,2,P.D. only,On roadway,Intersection,Daylight,Regional,No control,Unknown,FALSE,FALSE,FALSE,Clear,TRUE,Road 1: BELMONT AVE W; Road 2: ROCK AVE; Vehicle #1     Make: DODG     Model: CGS     Colour: BLK     Style: 4D; Vehicle #2     Make: BUIC     Model: ACX     Colour: PLE     Style: 4D,5/3/2021 10:37:31 AM,539051.1345,4811176.013,Q4,Weekend,FALSE
6442,49923,19269483,11/16/2019 4:30:00 AM,2019,11,16,4,30,Saturday,543009.7005,4814402.091,-80.468162,43.48131,Private Drive,2,P.D. only,On roadway,SMV,Dark,Municipal,No control,Unknown,FALSE,FALSE,FALSE,Clear,TRUE,Road 1: 95 SCHWEITZER ST; Vehicle #1     Make:      Model:      Colour:      Style: ; Vehicle #2     Make: KIA     Model: RBL     Colour: SIL     Style: 4D,5/3/2021 10:41:27 AM,543009.7005,4814402.091,Q4,Weekend,FALSE
6443,49924,19269523,11/11/2019 1:30:00 PM,2019,11,11,13,30,Monday,540477.4927,4812166.509,-80.499639,43.461322,Intersection,2,Non-reportable,On roadway,Intersection,Daylight,Regional,Signal Control,Functioning,FALSE,FALSE,FALSE,Clear,TRUE,Road 1: GUELPH ST; Road 2: WEBER ST W; Vehicle #1     Make:      Model:      Colour:      Style: ; Vehicle #2     Make: CHEV     Model: TRV     Colour: BLK     Style: TY,5/3/2021 10:39:19 AM,540477.4927,4812166.509,Q4,Working,FALSE
6444,49925,19269528,11/11/2019 12:30:00 PM,2019,11,11,12,30,Monday,542486.1256,4812879.159,-80.474755,43.467627,Non intersection,2,P.D. only,On roadway,Other,Daylight,Municipal,No control,Unknown,FALSE,FALSE,FALSE,Clear,TRUE,Road 1: SEREDA RD; Road 2: GUELPH ST; Vehicle #1     Make:      Model:      Colour:      Style: ; Vehicle #2     Make: GMC     Model: SAV     Colour: RED     Style: VN,5/3/2021 10:37:35 AM,542486.1256,4812879.16,Q4,Working,FALSE
6445,49926,19269529,11/17/2019 4:50:00 PM,2019,11,17,16,50,Sunday,538516.0382,4810501.507,-80.524002,43.446434,Non intersection,2,P.D. only,On roadway,Intersection,Dusk,Municipal,No control,Unknown,FALSE,FALSE,FALSE,Clear,TRUE,Road 1: 10 WESTWOOD DR; Vehicle #1     Make: TOYT     Model: RV4     Colour: GRY     Style: TY; Vehicle #2     Make: ACUR     Model: 32S     Colour: SIL     Style: 2D,5/3/2021 10:37:56 AM,538516.0382,4810501.507,Q4,Weekend,FALSE
6446,49927,19269563,11/17/2019 5:30:00 PM,2019,11,17,17,30,Sunday,547452.3899,4811314.046,-80.413497,43.453237,Non intersection,1,Non-fatal injury,On roadway,Other,Dark,Municipal,No control,Unknown,FALSE,FALSE,FALSE,Clear,FALSE,Road 1: 514 BRIDGEMILL CRES (50 km/h); Road 2: BRIDGEMILL CRES; Distance: 5.0 M W; Vehicle #1     Make:      Model:      Colour:      Style: ; Vehicle #2     Make: TOYT     Model: UCS     Colour: GRY     Style: 4D; Vehicle #3     Make:      Model: TRAC   ,5/3/2021 10:37:15 AM,547452.3899,4811314.046,Q4,Weekend,FALSE
6447,49928,19269667,11/17/2019 5:33:00 PM,2019,11,17,17,33,Sunday,546766.6074,4811147.745,-80.421987,43.451782,Non intersection,2,P.D. only,On roadway,Other,Dark,Municipal,No control,Unknown,FALSE,FALSE,FALSE,Clear,FALSE,Road 1: 63 ZELLER DR (50 km/h); Road 2: ZELLER DR; Distance: 5.0 M W; Vehicle #1     Make:      Model:      Colour:      Style: ; Vehicle #2     Make: FORD     Model: FE     Colour: BLU     Style: 4D,5/3/2021 10:37:17 AM,546766.6074,4811147.745,Q4,Weekend,FALSE
6448,49929,19269795,11/18/2019 2:30:00 AM,2019,11,18,2,30,Monday,542209.2018,4814348.436,-80.478064,43.480872,Non intersection,2,P.D. only,On roadway,SMV,Dark,Regional,No control,Unknown,FALSE,FALSE,FALSE,Clear,TRUE,Road 1: BLOOMINGDALE RD N; Road 2: BRIDGE ST E; Vehicle #1     Make: NISS     Model: PFI     Colour: SIL     Style: TY,5/3/2021 10:37:58 AM,542209.2018,4814348.436,Q4,Working,FALSE
6449,49930,19270045,11/18/2019 12:15:00 PM,2019,11,18,12,15,Monday,541559.5332,4810927.782,-80.486358,43.450109,Private Drive,2,Non-reportable,On roadway,SMV,Daylight,Regional,No control,Unknown,FALSE,FALSE,FALSE,Clear,TRUE,Road 1: DUKE ST E; Road 2: FREDERICK ST; Vehicle #1     Make:      Model:      Colour:      Style: ; Vehicle #2     Make: NISS     Model: ROG     Colour: BLK     Style: TY,8/16/2022 2:56:48 PM,541559.5332,4810927.782,Q4,Working,FALSE
6450,49931,19270211,11/18/2019 3:20:00 PM,2019,11,18,15,20,Monday,544514.8004,4808391.014,-80.450042,43.427098,Intersection,2,P.D. only,On roadway,Intersection,Daylight,Municipal,Sign Control,Functioning,FALSE,FALSE,FALSE,Clear,TRUE,Road 1: GREENFIELD AVE; Road 2: 9TH AVE; Vehicle #1     Make: HOND     Model: UDY     Colour: RED     Style: VN; Vehicle #2     Make: CHEV     Model: AVT     Colour: BLK     Style: 4D,5/3/2021 10:39:29 AM,544514.8004,4808391.014,Q4,Working,FALSE
6451,49932,19270345,11/17/2019 3:50:00 PM,2019,11,17,15,50,Sunday,543664.9584,4812460.713,-80.460215,43.463792,Non intersection,2,P.D. only,On roadway,Other,Daylight,Municipal,No control,Unknown,FALSE,FALSE,FALSE,Clear,TRUE,Road 1: 68 TURNER AVE; Vehicle #1     Make: MITS     Model: LES     Colour: BLK     Style: 4D; Vehicle #2     Make:      Model:      Colour:      Style:,5/3/2021 10:37:58 AM,543664.9584,4812460.713,Q4,Weekend,FALSE