,OBJECTID,ACCIDENTNUM,ACCIDENTDATE,ACCIDENT_YEAR,ACCIDENT_MONTH,ACCIDENT_DAY,ACCIDENT_HOUR,ACCIDENT_MINUTE,Accident_Day,XCOORD,YCOORD,LONGITUDE,LATITUDE,Accident_Location,COLLISIONTYPE,Accident_Type,Impact_Location,Impact_Type,Light,Road_Jurisdication,Traffic_Control,Traffic_Control_Condition,Pedestrian_Involved,Cyclist_Involved,Motorcyclist_Involved,Environment_Condition,Self_Reported,XMLIMPORTNOTES,LASTEDITEDDATE,x,y,Quarter,Day_Type,Vulnerable_Involved
6452,49933,19270405,11/18/2019 5:30:00 PM,2019,11,18,17,30,Monday,541149.4257,4810647.826,-80.491448,43.447611,Intersection,2,P.D. only,On roadway,Intersection,Dark,Municipal,Sign Control,Unknown,FALSE,FALSE,FALSE,Clear,TRUE,Road 1: ST GEORGE ST; Road 2: QUEEN ST S; Vehicle #1     Make: TOYT     Model: MTL     Colour: GRY     Style: 4D; Vehicle #2     Make:      Model:      Colour:      Style:,5/3/2021 10:39:29 AM,541149.4257,4810647.826,Q4,Working,FALSE
6453,49934,19270625,11/19/2019 8:40:00 AM,2019,11,19,8,40,Tuesday,542066.7818,4807089.985,-80.480385,43.415525,Non intersection,2,P.D. only,On roadway,Rear end,Daylight,Municipal,No control,Unknown,FALSE,FALSE,FALSE,Clear,TRUE,Road 1: BLOCK LINE RD; Road 2: FALLOWFIELD; Vehicle #1     Make: NISS     Model: ROS     Colour: WHI     Style: 4W; Vehicle #2     Make: HOND     Model: CTU     Colour: GRY     Style: 4D,5/3/2021 10:38:54 AM,542066.7818,4807089.985,Q4,Working,FALSE
6454,49935,19270934,11/11/2019 11:00:00 AM,2019,11,11,11,0,Monday,539546.0627,4811443.358,-80.511205,43.45486,Non intersection,2,Non-reportable,On roadway,Rear end,Daylight,Municipal,No control,Unknown,FALSE,FALSE,FALSE,Snow,TRUE,Road 1: PARK ST KITCHENER; Road 2: GLIDNER ST; Vehicle #1     Make: HOND     Model: UDY     Colour: SIL     Style: VN; Vehicle #2     Make: TOYT     Model: RV4     Colour: GRY     Style: TY,5/3/2021 10:37:16 AM,539546.0627,4811443.358,Q4,Working,FALSE
6455,49936,19271043,11/19/2019 5:30:00 PM,2019,11,19,17,30,Tuesday,540145.7227,4810120.934,-80.503891,43.442921,Intersection,2,P.D. only,On roadway,Intersection,Dark,Municipal,Sign Control,Unknown,FALSE,FALSE,FALSE,Clear,TRUE,Road 1: HOMEWOOD AVE; Road 2: WEST AVE; Vehicle #1     Make: RAM     Model: RTR     Colour: BLU     Style: PK; Vehicle #2     Make: CHEV     Model: SIL     Colour: GRY     Style: PK,5/3/2021 10:39:35 AM,540145.7227,4810120.934,Q4,Working,FALSE
6456,49937,19271056,11/11/2019 9:10:00 AM,2019,11,11,9,10,Monday,539822.3519,4811431.367,-80.507791,43.454738,Non intersection,2,Non-reportable,Off roadway,Intersection,Daylight,Municipal,No control,Unknown,FALSE,FALSE,FALSE,Snow,TRUE,Road 1: WALTER ST; Road 2: GRUHN ST; Vehicle #1     Make: TOYT     Model: CHB     Colour: GRN     Style: 4D; Vehicle #2     Make:      Model:      Colour:      Style:,5/3/2021 10:37:16 AM,539822.3519,4811431.367,Q4,Working,FALSE
6457,49938,19271058,11/11/2019 10:15:00 AM,2019,11,11,10,15,Monday,538071.6251,4807547.484,-80.529701,43.419858,Intersection,2,P.D. only,On roadway,Rear end,Daylight,Municipal,No control,Functioning,FALSE,FALSE,FALSE,Snow,TRUE,Road 1: WESTHEIGHTS DR; Road 2: MCGARRY DR; Vehicle #1     Make: HOND     Model: UDY     Colour: RED     Style: TY; Vehicle #2     Make:      Model:      Colour:      Style:,5/3/2021 10:39:23 AM,538071.6251,4807547.484,Q4,Working,FALSE
6458,49939,19271095,11/19/2019 6:40:00 PM,2019,11,19,18,40,Tuesday,544620.9833,4808639.988,-80.44871,43.429334,Intersection,2,P.D. only,On roadway,Intersection,Dark,Municipal,Sign Control,Functioning,FALSE,FALSE,FALSE,Clear,FALSE,Road 1: CONNAUGHT ST (50 km/h); Road 2: EIGHTH AVE (50 km/h); Vehicle #1     Make: CHEV     Model: IMT     Colour: GRY     Style: 4D; Vehicle #2     Make: NOVA     Model: HEV     Colour: WHI     Style: BU,5/3/2021 10:40:16 AM,544620.9833,4808639.989,Q4,Working,FALSE
6459,49940,19271135,11/19/2019 7:30:00 PM,2019,11,19,19,30,Tuesday,542633.1745,4810832.88,-80.473097,43.449194,Intersection,2,Non-reportable,On roadway,Intersection,Dark,Municipal,Sign Control,Unknown,FALSE,FALSE,FALSE,Clear,TRUE,Road 1: PANDORA AVE N; Road 2: LYDIA ST; Vehicle #1     Make: DODG     Model: CAR     Colour: BLU     Style: VN; Vehicle #2     Make:      Model:      Colour:      Style:,5/3/2021 10:40:36 AM,542633.1745,4810832.88,Q4,Working,FALSE
6460,49941,19271176,11/19/2019 8:35:00 PM,2019,11,19,20,35,Tuesday,542633.2371,4810830.549,-80.473096,43.449173,Intersection,2,P.D. only,On roadway,Intersection,Dark,Municipal,Sign Control,Functioning,FALSE,FALSE,FALSE,Clear,FALSE,Road 1: PANDORA CRES (50 km/h); Road 2: LYDIA ST (50 km/h); Vehicle #1     Make: MAZD     Model: M3S     Colour: GRY     Style: 4D; Vehicle #2     Make:      Model:      Colour:      Style:,5/3/2021 10:40:16 AM,542633.2371,4810830.549,Q4,Working,FALSE
6461,49942,19271216,11/18/2019 3:20:00 PM,2019,11,18,15,20,Monday,542284.8012,4807780.336,-80.477639,43.421729,Other,2,Non-reportable,Off roadway,SMV,Daylight,Municipal,No control,Unknown,FALSE,FALSE,FALSE,Clear,TRUE,Road 1: 214 KINGSWOOD DR; Vehicle #1     Make:      Model:      Colour:      Style: ; Vehicle #2     Make: CHEV     Model: EQU     Colour: RED     Style: TY,5/3/2021 10:41:56 AM,542284.8012,4807780.336,Q4,Working,FALSE
6462,49943,19271223,11/1/2019 6:15:00 PM,2019,11,1,18,15,Friday,544934.2271,4811085.231,-80.444638,43.451332,Non intersection,2,P.D. only,On roadway,Rear end,Dark,Regional,No control,Unknown,FALSE,FALSE,FALSE,Clear,TRUE,Road 1: RIVER RD E; Road 2: OTTAWA ST N; Vehicle #1     Make:      Model:      Colour:      Style: ; Vehicle #2     Make: CHEV     Model: BLU     Colour: SIL     Style: PK,5/3/2021 10:37:34 AM,544934.2271,4811085.231,Q4,Weekend,FALSE
6463,49944,19271465,11/19/2019 10:00:00 AM,2019,11,19,10,0,Tuesday,540011.0083,4807360.603,-80.505758,43.418074,Non intersection,2,P.D. only,Off roadway,SMV,Daylight,Municipal,No control,Unknown,FALSE,FALSE,FALSE,Clear,TRUE,Road 1: 79 HILLSBOROUGH CRESCENT KITCHENER; Vehicle #1     Make:      Model:      Colour:      Style: ; Vehicle #2     Make: FORD     Model: COF     Colour: WHI     Style: PK,5/3/2021 10:38:04 AM,540011.0083,4807360.603,Q4,Working,FALSE
6464,49945,19271683,11/20/2019 1:30:00 PM,2019,11,20,13,30,Wednesday,540807.604,4810879.156,-80.495655,43.449713,Intersection,2,P.D. only,On roadway,Intersection,Daylight,Regional,Signal Control,Functioning,FALSE,FALSE,FALSE,Clear,TRUE,Road 1: WATER ST; Road 2: JOSEPH ST; Vehicle #1     Make: HOND     Model: ULX     Colour: WHI     Style: 4D; Vehicle #2     Make: HOND     Model: ULS     Colour: BLK     Style: 4D,5/3/2021 10:40:31 AM,540807.604,4810879.156,Q4,Working,FALSE
6465,49946,19271696,11/17/2019 6:00:00 PM,2019,11,17,18,0,Sunday,541647.7712,4805899.947,-80.485651,43.404833,Non intersection,2,P.D. only,On roadway,SMV,Dark,Regional,No control,Unknown,FALSE,FALSE,FALSE,Clear,TRUE,Road 1: THISTLEDOWN DR; Road 2: BLEAMS RD; Vehicle #1     Make: BMW     Model: 35X     Colour: BLK     Style: 4D,5/3/2021 10:37:34 AM,541647.7712,4805899.947,Q4,Weekend,FALSE
6466,49947,19271851,11/11/2019 10:00:00 AM,2019,11,11,10,0,Monday,539080.5009,4811108.848,-80.516983,43.451873,Intersection,2,P.D. only,On roadway,Intersection,Daylight,Municipal,Signal Control,Functioning,FALSE,FALSE,FALSE,Snow,TRUE,Road 1: BELMONT AVE W; Road 2: GLASGOW ST; Vehicle #1     Make: CHEV     Model: TRV     Colour: WHI     Style: TY; Vehicle #2     Make: AUDI     Model: AQ5     Colour: BLK     Style: TY,5/3/2021 10:40:07 AM,539080.5009,4811108.848,Q4,Working,FALSE
6467,49948,19272415,11/19/2019 12:45:00 PM,2019,11,19,12,45,Tuesday,539077.2741,4811106.578,-80.517023,43.451853,Intersection,2,P.D. only,On roadway,Intersection,Daylight,Municipal,Signal Control,Functioning,FALSE,FALSE,FALSE,Clear,TRUE,Road 1: GLASGOW ST; Road 2: BELMONT AVE W; Vehicle #1     Make: FORD     Model: VAN     Colour: WHI     Style: FV; Vehicle #2     Make: MAZD     Model: 3TR     Colour: WHI     Style: 4B,5/3/2021 10:39:44 AM,539077.2741,4811106.578,Q4,Working,FALSE
6468,49949,19272420,11/20/2019 5:25:00 PM,2019,11,20,17,25,Wednesday,539730.4663,4810698.894,-80.50898,43.448147,Non intersection,2,Non-reportable,On roadway,Rear end,Dark,Municipal,No control,Unknown,FALSE,FALSE,FALSE,Clear,TRUE,Road 1: 25 WAVERLY RD; Vehicle #1     Make:      Model:      Colour:      Style: ; Vehicle #2     Make: CHEV     Model: EXP     Colour: WHI     Style: FV,5/3/2021 10:38:29 AM,539730.4663,4810698.894,Q4,Working,FALSE
6469,49950,19272529,11/21/2019 9:15:00 AM,2019,11,21,9,15,Thursday,536105.9875,4809194.414,-80.553873,43.434784,Non intersection,2,P.D. only,Off roadway,Other,Daylight,Municipal,No control,Unknown,FALSE,FALSE,FALSE,Clear,TRUE,Road 1: COUNTRYSTONE CRESCENT; Road 2: GARDEN PATH PL; Vehicle #1     Make: CHEV     Model: EXP     Colour: WHI     Style: FV; Vehicle #2     Make: FORD     Model: COF     Colour: BLK     Style: PK; Vehicle #3     Make:      Model:      Colour:      Style,5/3/2021 10:38:05 AM,536105.9875,4809194.414,Q4,Weekend,FALSE
6470,49951,19272551,11/12/2019 4:45:00 PM,2019,11,12,16,45,Tuesday,541979.2865,4810675.781,-80.48119,43.447817,Intersection,2,P.D. only,On roadway,Intersection,Dusk,Municipal,Sign Control,Functioning,FALSE,FALSE,FALSE,Clear,TRUE,Road 1: DUKE ST W; Road 2: MADISON; Vehicle #1     Make: MAZD     Model: M3I     Colour: BLK     Style: 4D; Vehicle #2     Make: SUBA     Model: TRI     Colour: BGE     Style: TY,5/3/2021 10:40:32 AM,541979.2865,4810675.781,Q4,Working,FALSE
6471,49952,19272558,11/14/2019 3:00:00 PM,2019,11,14,15,0,Thursday,541941.1771,4810609.242,-80.481666,43.44722,Private Drive,2,Non-reportable,On roadway,SMV,Daylight,Municipal,No control,Unknown,FALSE,FALSE,FALSE,Clear,TRUE,Road 1: 18 MADISON AVE N; Road 2: MADISON AVE N; Vehicle #1     Make:      Model:      Colour:      Style: ; Vehicle #2     Make: TOYT     Model: MTL     Colour: WHI     Style: 4D,5/3/2021 10:41:51 AM,541941.1771,4810609.242,Q4,Weekend,FALSE
6472,49953,19272603,11/21/2019 6:00:00 PM,2019,11,21,18,0,Thursday,541182.8019,4810693.855,-80.491032,43.448024,Intersection,1,Non-fatal injury,On roadway,SMV,Dark,Regional,Signal Control,Functioning,TRUE,FALSE,FALSE,Rain,FALSE,Road 1: QUEEN ST S (50 km/h); Road 2: JOSEPH ST (50 km/h); Distance: 5.0 M W; Vehicle #1     Make: HOND     Model: UDY     Colour: BLK     Style: TY,5/3/2021 10:40:18 AM,541182.8019,4810693.855,Q4,Weekend,FALSE
6473,49954,19272636,11/20/2019 7:40:00 PM,2019,11,20,19,40,Wednesday,540041.8354,4811533.66,-80.505071,43.455647,Private Drive,2,P.D. only,On roadway,SMV,Dark,Municipal,No control,Unknown,FALSE,FALSE,FALSE,Rain,TRUE,Road 1: 14 SHANLEY ST (IN FRONT OF 14 SHANLEY); Road 2: SHANLEY ST; Vehicle #1     Make: TOYT     Model: RG4     Colour: BRN     Style: TY; Vehicle #2     Make: FORD     Model: FTU     Colour: GRY     Style: 4B,5/3/2021 10:41:29 AM,540041.8354,4811533.66,Q4,Working,FALSE
6474,49955,19272637,11/11/2019 1:39:00 PM,2019,11,11,13,39,Monday,543005.1466,4806161.557,-80.468868,43.407112,Non intersection,2,P.D. only,On roadway,Other,Daylight,Municipal,No control,Unknown,FALSE,FALSE,FALSE,Snow,TRUE,Road 1: SHOEMAKER ST (IFO 131); Road 2: STRASBURG RD; Vehicle #1     Make: FORD     Model: FSI     Colour: BLK     Style: 4B; Vehicle #2     Make: INTL     Model: 40S     Colour: BLK     Style: CT,5/3/2021 10:37:26 AM,543005.1466,4806161.557,Q4,Working,FALSE
6475,49956,19272649,11/12/2019 8:40:00 AM,2019,11,12,8,40,Tuesday,542126.1601,4810408.727,-80.479396,43.445404,Non intersection,2,P.D. only,On roadway,Rear end,Daylight,Regional,No control,Unknown,FALSE,FALSE,FALSE,Clear,TRUE,Road 1: KING ST E; Road 2: BETZNER AVE S; Vehicle #1     Make: NISS     Model: MUR     Colour: RED     Style: TY; Vehicle #2     Make: FORD     Model: -     Colour: WHI     Style: VN,5/3/2021 10:39:03 AM,542126.1601,4810408.727,Q4,Working,FALSE
6476,49957,19272651,11/12/2019 1:05:00 PM,2019,11,12,13,5,Tuesday,541246.7172,4808987.916,-80.490371,43.43266,Non intersection,2,Non-reportable,On roadway,SMV,Daylight,Municipal,No control,Unknown,FALSE,FALSE,FALSE,Snow,TRUE,Road 1: 158 HEIMAN ST; Vehicle #1     Make: FORD     Model: COF     Colour: BLU     Style: CW; Vehicle #2     Make: NISS     Model: FRT     Colour: WHI     Style: PK,5/3/2021 10:37:31 AM,541246.7172,4808987.916,Q4,Working,FALSE
6477,49958,19272773,11/11/2019 2:50:00 PM,2019,11,11,14,50,Monday,546324.0395,4809719.647,-80.427578,43.438951,Intersection,2,P.D. only,On roadway,Intersection,Daylight,Municipal,Sign Control,Functioning,FALSE,FALSE,FALSE,Snow,TRUE,Road 1: VERONICA DR; Road 2: VERONICA CT; Vehicle #1     Make: HYUN     Model: SAN     Colour: BLK     Style: TY; Vehicle #2     Make: HOND     Model: PIL     Colour: RED     Style: TY,5/3/2021 10:40:30 AM,546324.0395,4809719.647,Q4,Working,FALSE
6478,49959,19272777,11/11/2019 6:10:00 PM,2019,11,11,18,10,Monday,541957.3618,4815743.477,-80.481071,43.493447,Intersection,2,Non-reportable,On roadway,Intersection,Dark,Municipal,Sign Control,Functioning,FALSE,FALSE,FALSE,Snow,TRUE,Road 1: CARRIAGE WAY (ROUNDABOUT); Road 2: WOOLWICH ST; Vehicle #1     Make: MERZ     Model: CSP     Colour: YEL     Style: FV; Vehicle #2     Make:      Model:      Colour:      Style:,5/3/2021 10:40:43 AM,541957.3618,4815743.477,Q4,Working,FALSE
6479,49960,19272792,11/11/2019 9:00:00 AM,2019,11,11,9,0,Monday,537499.0316,4806874.522,-80.53682,43.413827,Non intersection,2,P.D. only,On roadway,Other,Daylight,Municipal,No control,Unknown,FALSE,FALSE,FALSE,Snow,TRUE,Road 1: PARKLAND CRESCENT; Road 2: DRIFTWOOD DR; Vehicle #1     Make:      Model:      Colour:      Style: ; Vehicle #2     Make: TOYT     Model: TUN     Colour: ONG     Style: PK,5/3/2021 10:38:55 AM,537499.0316,4806874.522,Q4,Working,FALSE
6480,49961,19272796,11/11/2019 2:30:00 PM,2019,11,11,14,30,Monday,538748.0323,4807786.655,-80.521328,43.421977,Non intersection,2,Non-reportable,On roadway,Rear end,Daylight,Regional,No control,Unknown,FALSE,FALSE,FALSE,Snow,TRUE,Road 1: MCGARRY DR; Road 2: FORESTWOOD DR; Vehicle #1     Make: HOND     Model: UCD     Colour: BLU     Style: 4D; Vehicle #2     Make:      Model:      Colour:      Style:,5/3/2021 10:37:32 AM,538748.0323,4807786.655,Q4,Working,FALSE
6481,49962,19272797,11/11/2019 9:10:00 AM,2019,11,11,9,10,Monday,538494.4189,4810824.704,-80.524247,43.449345,Non intersection,2,Non-reportable,On roadway,Rear end,Daylight,Regional,No control,Unknown,FALSE,FALSE,FALSE,Snow,TRUE,Road 1: GLASGOW ST; Road 2: ORCHARD PARK CRESCENT; Vehicle #1     Make: MAZD     Model: 3TR     Colour: WHI     Style: 4D; Vehicle #2     Make:      Model:      Colour:      Style:,5/3/2021 10:37:32 AM,538494.4189,4810824.704,Q4,Working,FALSE
6482,49963,19272809,11/6/2019 9:00:00 PM,2019,11,6,21,0,Wednesday,539250.973,4805757.509,-80.515261,43.40368,Non intersection,2,P.D. only,On roadway,SMV,Dark,Municipal,No control,Unknown,FALSE,FALSE,FALSE,Rain,TRUE,Road 1: 430 MOUNTAIN LAUREL CRESCENT; Vehicle #1     Make: DODG     Model: RPC     Colour: RED     Style: PK; Vehicle #2     Make: VOLK     Model: TPM     Colour: RED     Style: 4D,5/3/2021 10:37:47 AM,539250.973,4805757.509,Q4,Working,FALSE
6483,49964,19272811,11/13/2019 9:15:00 AM,2019,11,13,9,15,Wednesday,543047.4587,4807461.475,-80.468243,43.418814,Intersection,2,P.D. only,On roadway,Rear end,Daylight,Regional,Sign Control,Functioning,FALSE,FALSE,FALSE,Snow,TRUE,Road 1: BLOCK LINE ROAD; Road 2: FALLOWFIELD DR; Vehicle #1     Make: HYUN     Model: SAN     Colour: WHI     Style: TY; Vehicle #2     Make: TOYT     Model: CBA     Colour: BLU     Style: 4D,5/3/2021 10:39:11 AM,543047.4587,4807461.475,Q4,Working,FALSE
6484,49965,19272981,11/12/2019 9:00:00 AM,2019,11,12,9,0,Tuesday,541669.2768,4803584.147,-80.485562,43.38398,Private Drive,2,Non-reportable,On roadway,SMV,Daylight,Municipal,No control,Unknown,FALSE,FALSE,FALSE,Clear,TRUE,Road 1: 24 FRANKFURT ST; Vehicle #1     Make:      Model:      Colour:      Style: ; Vehicle #2     Make: AUDI     Model: 41Q     Colour: BLK     Style: 4D,5/3/2021 10:41:50 AM,541669.2768,4803584.147,Q4,Working,FALSE
6485,49966,19273083,11/12/2019 7:30:00 AM,2019,11,12,7,30,Tuesday,543569.9781,4804977.678,-80.461986,43.39642,Intersection,2,Non-reportable,On roadway,Intersection,Daylight,Regional,Signal Control,Functioning,FALSE,FALSE,FALSE,Clear,TRUE,Road 1: BATTLER RD; Road 2: HURON RD; Vehicle #1     Make: TOYT     Model: RV4     Colour: GRY     Style: TY; Vehicle #2     Make: CHRY     Model: TWC     Colour: SIL     Style: VN,5/3/2021 10:40:41 AM,543569.9781,4804977.678,Q4,Working,FALSE
6486,49967,19273094,11/12/2019 3:00:00 PM,2019,11,12,15,0,Tuesday,540855.0923,4810786.525,-80.495075,43.448876,Private Drive,2,Non-reportable,On roadway,SMV,Daylight,Municipal,No control,Unknown,FALSE,FALSE,FALSE,Clear,TRUE,Road 1: 15 RICHMOND AVE; Vehicle #1     Make: BMW     Model: JEG     Colour: BLK     Style: 4D; Vehicle #2     Make: INFI     Model: AWD     Colour: WHI     Style: 4D,5/3/2021 10:41:42 AM,540855.0923,4810786.525,Q4,Working,FALSE
6487,49968,19273101,11/22/2019 9:45:00 AM,2019,11,22,9,45,Friday,544784.0691,4809019.159,-80.446664,43.432738,Intersection,2,P.D. only,Off roadway,SMV,Daylight,Municipal,Sign Control,Functioning,FALSE,FALSE,FALSE,Clear,FALSE,Road 1: KINGSWAY DR (50 km/h); Road 2: NINTH AVE (50 km/h); Vehicle #1     Make: GMC     Model: CAN     Colour: BRN     Style: CW,5/3/2021 10:40:14 AM,544784.0691,4809019.159,Q4,Weekend,FALSE
6488,49969,19273113,11/22/2019 10:30:00 AM,2019,11,22,10,30,Friday,538635.0373,4810349.975,-80.522543,43.445063,Non intersection,2,P.D. only,On roadway,Intersection,Daylight,Municipal,No control,Unknown,FALSE,FALSE,FALSE,Clear,TRUE,Road 1: GAGE AVE; Vehicle #1     Make: DODG     Model: JOU     Colour: BLK     Style: TY; Vehicle #2     Make:      Model:      Colour:      Style:,5/3/2021 10:38:05 AM,538635.0373,4810349.975,Q4,Weekend,FALSE
6489,49970,19273343,11/12/2019 8:45:00 AM,2019,11,12,8,45,Tuesday,540053.7279,4808163.928,-80.505171,43.425305,Non intersection,2,Non-reportable,On roadway,SMV,Daylight,Regional,No control,Unknown,FALSE,FALSE,FALSE,Clear,TRUE,Road 1: STONYBROOK DR; Road 2: WESTMOUNT RD E; Vehicle #1     Make: DODG     Model: CAR     Colour: SIL     Style: VN,5/3/2021 10:38:51 AM,540053.7279,4808163.928,Q4,Working,FALSE
6490,49971,19273352,11/12/2019 4:30:00 PM,2019,11,12,16,30,Tuesday,538528.1213,4805659.334,-80.524195,43.402833,Non intersection,2,P.D. only,Off roadway,Rear end,Dusk,Municipal,No control,Unknown,FALSE,FALSE,FALSE,Clear,TRUE,Road 1: 14 MELINDA ST; Road 2: PRIVATE DRIVE; Vehicle #1     Make:      Model:      Colour:      Style: ; Vehicle #2     Make: HOND     Model: AXL     Colour: BLU     Style: 4D,5/3/2021 10:37:00 AM,538528.1213,4805659.334,Q4,Working,FALSE
6491,49972,19273567,11/22/2019 5:30:00 PM,2019,11,22,17,30,Friday,545269.4321,4804502.584,-80.441041,43.392041,Non intersection,2,Non-reportable,On roadway,Intersection,Dark,Municipal,No control,Unknown,FALSE,FALSE,FALSE,Clear,TRUE,Road 1: DOON VILLAGE RD; Road 2: BECHTEL DR; Vehicle #1     Make:      Model:      Colour:      Style: ; Vehicle #2     Make: TOYT     Model: HIG     Colour: GRY     Style: TY,5/3/2021 10:38:35 AM,545269.4321,4804502.584,Q4,Weekend,FALSE
6492,49973,19273590,11/22/2019 9:30:00 PM,2019,11,22,21,30,Friday,541633.5246,4811415.324,-80.485407,43.454495,Intersection,2,P.D. only,On roadway,Rear end,Dark,Regional,Signal Control,Functioning,FALSE,FALSE,FALSE,Clear,TRUE,Road 1: QUEEN ST N; Road 2: MARGARET AVE; Vehicle #1     Make: CHEV     Model: EQU     Colour: GRN     Style: TY; Vehicle #2     Make: DODG     Model: CAR     Colour: RED     Style: VN,5/3/2021 10:40:32 AM,541633.5246,4811415.324,Q4,Weekend,FALSE
6493,49974,19273776,11/23/2019 1:30:00 AM,2019,11,23,1,30,Saturday,543715.3939,4805683.64,-80.460134,43.402768,Intersection,2,P.D. only,Off roadway,SMV,Dark,Regional,Signal Control,Functioning,FALSE,FALSE,FALSE,Clear,FALSE,Road 1: TRILLIUM DR (50 km/h); Road 2: STECKLE PL (50 km/h); Vehicle #1     Make: TOYT     Model: CBL     Colour: BLK     Style: 4D,5/3/2021 10:40:18 AM,543715.3939,4805683.64,Q4,Weekend,FALSE
6494,49975,19273835,11/23/2019 6:56:00 AM,2019,11,23,6,56,Saturday,544293.2228,4804538.279,-80.453091,43.392421,Non intersection,1,Non-fatal injury,Off roadway,SMV,Dawn,Municipal,No control,Unknown,FALSE,FALSE,FALSE,Clear,FALSE,Road 1: BLACK WALNUT DR (50 km/h); Road 2: CARLYLE DR; Distance: 71.0 M E; Vehicle #1     Make: JEEP     Model: CMP     Colour: RED     Style: TY; Vehicle #2     Make: CHRY     Model: 43C     Colour: WHI     Style: 4D,5/3/2021 10:38:19 AM,544293.2228,4804538.279,Q4,Weekend,FALSE
6495,49976,19274430,11/23/2019 10:31:00 PM,2019,11,23,22,31,Saturday,537309.0233,4806949.66,-80.539162,43.414513,Private Drive,2,P.D. only,Off roadway,SMV,Dark,Municipal,No control,Unknown,FALSE,FALSE,FALSE,Clear,FALSE,Road 1: 31 DRIFTWOOD PL (50 km/h); Road 2: DRIFTWOOD PL; Distance: 0.0 M W; Vehicle #1     Make: CHEV     Model: SIL     Colour: GRN     Style: PK,5/3/2021 10:41:02 AM,537309.0233,4806949.66,Q4,Weekend,FALSE
6496,49977,19274496,11/23/2019 11:50:00 PM,2019,11,23,23,50,Saturday,547610.284,4808748.798,-80.411769,43.430129,Private Drive,2,P.D. only,On roadway,SMV,Dark,Municipal,No control,Unknown,FALSE,FALSE,FALSE,Clear,TRUE,Road 1: 81 ONEIDA PLACE; Road 2: GRAND RIVER BLV; Vehicle #1     Make: TOYT     Model: AXP     Colour: BLK     Style: 4D; Vehicle #2     Make: VLK     Model: EOS     Colour: BLU     Style: 2D,5/3/2021 10:41:48 AM,547610.284,4808748.798,Q4,Weekend,FALSE
6497,49978,19274953,11/24/2019 4:55:00 PM,2019,11,24,16,55,Sunday,539077.5357,4811111.281,-80.51702,43.451895,Intersection,2,P.D. only,On roadway,Intersection,Dusk,Regional,Signal Control,Functioning,FALSE,FALSE,FALSE,Clear,FALSE,Road 1: GLASGOW ST (50 km/h); Road 2: BELMONT AVE W (50 km/h); Vehicle #1     Make: TOYT     Model: CYR     Colour: GRY     Style: 4D; Vehicle #2     Make: DODG     Model: RPC     Colour: RED     Style: CW,5/3/2021 10:40:08 AM,539077.5357,4811111.281,Q4,Weekend,FALSE
6498,49979,19274997,11/24/2019 5:58:00 PM,2019,11,24,17,58,Sunday,539689.4212,4806564.698,-80.509788,43.410925,Intersection,1,Non-fatal injury,On roadway,SMV,Dark,Municipal,Sign Control,Functioning,TRUE,FALSE,FALSE,Clear,FALSE,Road 1: ACTIVA AVE (50 km/h); Road 2: BUSH CLOVER CRES (50 km/h); Vehicle #1     Make: HOND     Model: PIL     Colour: RED     Style: TY,5/3/2021 10:40:24 AM,539689.4212,4806564.698,Q4,Weekend,FALSE
6499,49980,19275043,11/24/2019 7:40:00 PM,2019,11,24,19,40,Sunday,538899.6902,4811473.748,-80.519192,43.455168,Intersection,1,Non-fatal injury,On roadway,SMV,Dark,Municipal,Signal Control,Functioning,TRUE,FALSE,FALSE,Clear,FALSE,Road 1: UNION BLVD (50 km/h); Road 2: BELMONT AVE W (50 km/h); Vehicle #1     Make:      Model:      Colour:      Style:,5/3/2021 10:40:19 AM,538899.6902,4811473.748,Q4,Weekend,FALSE
6500,49981,19275413,11/24/2019 2:45:00 PM,2019,11,24,14,45,Sunday,538923.4275,4806073.538,-80.519283,43.406543,Private Drive,2,Non-reportable,On roadway,Intersection,Daylight,Municipal,No control,Unknown,FALSE,FALSE,FALSE,Clear,TRUE,Road 1: PEACH BLOSSOM CRESCENT; Road 2: DAVID BERGY DR KITCHENER; Vehicle #1     Make:      Model:      Colour:      Style: ; Vehicle #2     Make: HOND     Model: CRV     Colour: SIL     Style: 4D,5/3/2021 10:41:44 AM,538923.4275,4806073.538,Q4,Weekend,FALSE