,OBJECTID,ACCIDENTNUM,ACCIDENTDATE,ACCIDENT_YEAR,ACCIDENT_MONTH,ACCIDENT_DAY,ACCIDENT_HOUR,ACCIDENT_MINUTE,Accident_Day,XCOORD,YCOORD,LONGITUDE,LATITUDE,Accident_Location,COLLISIONTYPE,Accident_Type,Impact_Location,Impact_Type,Light,Road_Jurisdication,Traffic_Control,Traffic_Control_Condition,Pedestrian_Involved,Cyclist_Involved,Motorcyclist_Involved,Environment_Condition,Self_Reported,XMLIMPORTNOTES,LASTEDITEDDATE,x,y,Quarter,Day_Type,Vulnerable_Involved
6501,49982,19275630,11/11/2019 12:00:00 PM,2019,11,11,12,0,Monday,545187.9563,4804731.468,-80.442028,43.394107,Non intersection,2,Non-reportable,On roadway,SMV,Daylight,Municipal,No control,Unknown,FALSE,FALSE,FALSE,Snow,TRUE,Road 1: 365 PIONEER DR; Road 2: PARKING LOT; Vehicle #1     Make:      Model:      Colour:      Style: ; Vehicle #2     Make: HYUN     Model: ASE     Colour: BLU     Style: 2B,5/3/2021 10:38:53 AM,545187.9563,4804731.468,Q4,Working,FALSE
6502,49983,19275632,11/11/2019 1:30:00 PM,2019,11,11,13,30,Monday,539064.5498,4811554.727,-80.517148,43.455888,Non intersection,2,Non-reportable,On roadway,SMV,Daylight,Municipal,No control,Unknown,FALSE,FALSE,FALSE,Snow,TRUE,Road 1: 78 UNION BLVD; Road 2: PARK ST; Vehicle #1     Make: HYUN     Model: VRZ     Colour: SIL     Style: TY,5/3/2021 10:38:57 AM,539064.5498,4811554.727,Q4,Working,FALSE
6503,49984,19275637,11/11/2019 12:30:00 PM,2019,11,11,12,30,Monday,547652.4146,4804030.589,-80.41166,43.387644,Non intersection,2,P.D. only,On roadway,Rear end,Daylight,Regional,No control,Unknown,FALSE,FALSE,FALSE,Snow,TRUE,Road 1: CONESTOGA COLLEGE BLVD; Road 2: HOMER WATSON BLVD LOWER DOON KITCHENER; Vehicle #1     Make: NISS     Model: PFI     Colour: BLK     Style: TY; Vehicle #2     Make:      Model:      Colour:      Style:,8/16/2022 2:55:32 PM,547652.4146,4804030.589,Q4,Working,FALSE
6504,49985,19275646,11/11/2019 9:40:00 AM,2019,11,11,9,40,Monday,538602.3165,4806701.045,-80.523205,43.412209,Intersection,2,Non-reportable,On roadway,Intersection,Daylight,Municipal,Sign Control,Unknown,FALSE,FALSE,FALSE,Snow,TRUE,Road 1: WINDFLOWER DR; Road 2: FOXGLOVE CRESCENT; Vehicle #1     Make: GMC     Model: ACA     Colour: WHI     Style: TY; Vehicle #2     Make:      Model:      Colour:      Style:,5/3/2021 10:40:02 AM,538602.3165,4806701.045,Q4,Working,FALSE
6505,49986,19275660,11/11/2019 9:10:00 AM,2019,11,11,9,10,Monday,536849.9161,4806604.723,-80.544856,43.41143,Intersection,2,Non-reportable,On roadway,SMV,Daylight,Municipal,Sign Control,Functioning,FALSE,FALSE,FALSE,Snow,TRUE,Road 1: STONEHENGE PL; Road 2: YELLOW BIRCH DR; Vehicle #1     Make: DODG     Model: CAR     Colour: SIL     Style: VN,5/3/2021 10:40:44 AM,536849.9161,4806604.723,Q4,Working,FALSE
6506,49987,19276087,11/26/2019 6:57:00 AM,2019,11,26,6,57,Tuesday,539595.865,4806300.549,-80.510962,43.408551,Non intersection,2,P.D. only,On roadway,Other,Dawn,Municipal,No control,Unknown,FALSE,FALSE,FALSE,Clear,FALSE,Road 1: ACTIVA AVE (50 km/h); Road 2: WILDERNESS DR; Distance: 200.0 M S; Vehicle #1     Make: TOYT     Model: VEN     Colour: GRY     Style: TY; Vehicle #2     Make: BMW     Model: BX5     Colour: SIL     Style: TY,5/3/2021 10:37:20 AM,539595.865,4806300.549,Q4,Working,FALSE
6507,49988,19276146,11/26/2019 8:30:00 AM,2019,11,26,8,30,Tuesday,549721.7632,4805957.322,-80.385937,43.404858,Non intersection,2,Non-reportable,On roadway,Rear end,Daylight,Regional,No control,Unknown,FALSE,FALSE,FALSE,Clear,TRUE,Road 1: GATEWAY PARK DR; Road 2: KING ST E; Vehicle #1     Make: FORD     Model: FE     Colour: BLK     Style: 4D; Vehicle #2     Make:      Model:      Colour:      Style:,5/3/2021 10:37:40 AM,549721.7632,4805957.322,Q4,Working,FALSE
6508,49989,19276598,11/10/2019 10:30:00 AM,2019,11,10,10,30,Sunday,545730.6848,4803824.327,-80.435403,43.385906,Private Drive,2,P.D. only,On roadway,SMV,Daylight,Municipal,No control,Unknown,FALSE,FALSE,FALSE,Clear,TRUE,Road 1: 40 APPLE RIDGE DR; Vehicle #1     Make:      Model:      Colour:      Style: ; Vehicle #2     Make: BMW     Model: BX3     Colour: WHI     Style: TY,5/3/2021 10:41:30 AM,545730.6848,4803824.327,Q4,Weekend,FALSE
6509,49990,19277355,11/27/2019 4:45:00 PM,2019,11,27,16,45,Wednesday,545122.3607,4807669.774,-80.442596,43.420568,Private Drive,2,P.D. only,On roadway,Intersection,Dusk,Regional,No control,Unknown,FALSE,FALSE,FALSE,Clear,TRUE,Road 1: WILSONE AVE (IFO 385 FAIRWAY RD); Road 2: FAIRWAY RD; Vehicle #1     Make: MERZ     Model: MEA     Colour: SIL     Style: 4D; Vehicle #2     Make: TOYT     Model: RG4     Colour: RED     Style: TY,5/3/2021 10:41:49 AM,545122.3607,4807669.774,Q4,Working,FALSE
6510,49991,19278524,11/29/2019 8:45:00 AM,2019,11,29,8,45,Friday,541876.9501,4803490.068,-80.483005,43.383122,Intersection,2,Non-reportable,On roadway,Intersection,Daylight,Municipal,Sign Control,Functioning,FALSE,FALSE,FALSE,Clear,TRUE,Road 1: HURON RD KITCHENER (ROUNDABOUT); Road 2: WOODBINE AVE KITCHENER; Vehicle #1     Make: CHEV     Model: CZT     Colour: RED     Style: 4D; Vehicle #2     Make: WEST     Model: WB1     Colour: BLK     Style: DP,5/3/2021 10:40:25 AM,541876.9501,4803490.068,Q4,Weekend,FALSE
6511,49992,19278612,11/29/2019 9:30:00 AM,2019,11,29,9,30,Friday,541885.3562,4808113.266,-80.482548,43.424749,Non intersection,2,P.D. only,On roadway,Intersection,Daylight,Municipal,No control,Unknown,FALSE,FALSE,FALSE,Clear,TRUE,Road 1: 16 ALPINE RD; Vehicle #1     Make: MAZD     Model: MCX     Colour: WHI     Style: TY; Vehicle #2     Make: HYUN     Model: SGL     Colour: WHI     Style: 4D,5/3/2021 10:38:25 AM,541885.3562,4808113.266,Q4,Weekend,FALSE
6512,49993,19278656,11/29/2019 9:20:00 AM,2019,11,29,9,20,Friday,542405.7708,4806620.989,-80.476234,43.411283,Intersection,2,P.D. only,On roadway,Rear end,Daylight,Municipal,No control,Functioning,FALSE,FALSE,FALSE,Clear,TRUE,Road 1: STRASBURG RD; Road 2: OLD COUNTRY DR; Vehicle #1     Make:      Model:      Colour:      Style: ; Vehicle #2     Make: HYUN     Model: 2SP     Colour: GRN     Style: 4D,5/3/2021 10:40:45 AM,542405.7708,4806620.989,Q4,Weekend,FALSE
6513,49994,19278847,11/29/2019 5:00:00 PM,2019,11,29,17,0,Friday,542843.6565,4809874.169,-80.470571,43.44055,Intersection,2,P.D. only,On roadway,Intersection,Dark,Regional,Sign Control,Functioning,FALSE,FALSE,FALSE,Clear,TRUE,Road 1: CHARLES ST E; Road 2: SYDNEY ST S; Vehicle #1     Make: HYUN     Model: AGG     Colour: RED     Style: 4D; Vehicle #2     Make: MERZ     Model: GLA     Colour: WHI     Style: TY,5/3/2021 10:39:49 AM,542843.6565,4809874.169,Q4,Weekend,FALSE
6514,49995,19278859,11/29/2019 3:30:00 PM,2019,11,29,15,30,Friday,546176.2952,4809209.745,-80.429446,43.434369,Non intersection,2,P.D. only,On roadway,Other,Daylight,Municipal,No control,Unknown,FALSE,FALSE,FALSE,Clear,TRUE,Road 1: 211 GRULKE ST; Vehicle #1     Make:      Model:      Colour:      Style: ; Vehicle #2     Make: DODG     Model: CAR     Colour: RED     Style: VN,5/3/2021 10:38:22 AM,546176.2952,4809209.745,Q4,Weekend,FALSE
6515,49996,19278946,11/29/2019 5:30:00 PM,2019,11,29,17,30,Friday,540170.8057,4809411.742,-80.503633,43.436534,Intersection,2,P.D. only,On roadway,Intersection,Dark,Municipal,Signal Control,Functioning,FALSE,FALSE,FALSE,Clear,TRUE,Road 1: QUEEN'S BLVD; Road 2: BELMONT RD; Vehicle #1     Make: NISS     Model: ROG     Colour: SIL     Style: TY; Vehicle #2     Make: TOYT     Model: VEN     Colour: WHI     Style: TY,5/3/2021 10:39:49 AM,540170.8057,4809411.742,Q4,Weekend,FALSE
6516,49997,19278950,11/28/2019 4:40:00 PM,2019,11,28,16,40,Thursday,542110.9708,4812325.695,-80.479435,43.462665,Intersection,2,P.D. only,On roadway,Intersection,Dusk,Municipal,Sign Control,Functioning,FALSE,FALSE,FALSE,Clear,TRUE,Road 1: SPRING VALLEY RD; Road 2: WELLINGTON RD; Vehicle #1     Make: FORD     Model: MUS     Colour: RED     Style: CV; Vehicle #2     Make: TOYT     Model: RV4     Colour: WHI     Style: TY,5/3/2021 10:40:06 AM,542110.9708,4812325.695,Q4,Weekend,FALSE
6517,49998,19278980,11/29/2019 7:00:00 PM,2019,11,29,19,0,Friday,547790.0198,4810729.316,-80.409375,43.44795,Private Drive,2,P.D. only,On roadway,Other,Dark,Municipal,No control,Unknown,FALSE,FALSE,FALSE,Clear,TRUE,Road 1: 328 COLTON CIRCLE (STREETWAY); Vehicle #1     Make: FORD     Model: COF     Colour: RED     Style: PK; Vehicle #2     Make: NISS     Model: ROG     Colour: SIL     Style: TY,5/3/2021 10:41:33 AM,547790.0198,4810729.316,Q4,Weekend,FALSE
6518,49999,19279543,11/30/2019 1:23:00 PM,2019,11,30,13,23,Saturday,541120.5489,4811004.695,-80.491778,43.450826,Non intersection,2,P.D. only,On roadway,Intersection,Daylight,Regional,No control,Unknown,FALSE,FALSE,FALSE,Clear,TRUE,Road 1: KING ST W; Road 2: YOUNG ST; Vehicle #1     Make: SUBA     Model: SUBA     Colour: WHI     Style: IMP; Vehicle #2     Make: HOND     Model: ULX     Colour: GRY     Style: 4D,5/3/2021 10:38:53 AM,541120.5489,4811004.695,Q4,Weekend,FALSE
6519,50000,19280135,12/1/2019 8:45:00 AM,2019,12,1,8,45,Sunday,541922.4949,4811447.047,-80.481833,43.454764,Non intersection,2,P.D. only,On roadway,SMV,Daylight,Municipal,No control,Unknown,FALSE,FALSE,FALSE,Rain,FALSE,Road 1: LANCASTER ST E (40 km/h); Road 2: MANSION ST; Distance: 3.0 M E; Vehicle #1     Make: NISS     Model: NV2     Colour: WHI     Style: FV,4/27/2022 10:40:32 AM,541922.4949,4811447.047,Q4,Weekend,FALSE
6520,50001,19280314,12/1/2019 1:40:00 PM,2019,12,1,13,40,Sunday,539568.8376,4811425.875,-80.510925,43.454702,Intersection,2,P.D. only,On roadway,Intersection,Daylight,Municipal,Sign Control,Unknown,FALSE,FALSE,FALSE,Snow,TRUE,Road 1: PARK ST; Road 2: JUBILEE ST; Vehicle #1     Make: HYUN     Model: ESM     Colour: WHI     Style: 4D; Vehicle #2     Make: FORD     Model: SPE     Colour: BLK     Style: TY,5/3/2021 10:39:50 AM,539568.8376,4811425.875,Q4,Weekend,FALSE
6521,50002,19280799,12/2/2019 8:30:00 AM,2019,12,2,8,30,Monday,539555.0981,4806208.748,-80.511473,43.407727,Private Drive,2,P.D. only,On roadway,Intersection,Daylight,Municipal,No control,Unknown,FALSE,FALSE,FALSE,Snow,TRUE,Road 1: 185 ACTIVA AVE; Vehicle #1     Make: MAZD     Model: MA5     Colour: GRY     Style: SW; Vehicle #2     Make: FRHT     Model: CHA     Colour: YEL     Style: BU,5/3/2021 10:41:35 AM,539555.0981,4806208.748,Q4,Working,FALSE
6522,50003,19280895,12/2/2019 10:30:00 AM,2019,12,2,10,30,Monday,549487.2354,4806211.002,-80.38881,43.407158,Intersection,2,P.D. only,On roadway,Intersection,Daylight,Municipal,Sign Control,Unknown,FALSE,FALSE,FALSE,Clear,TRUE,Road 1: GATEWAY PARK DR; Road 2: TU LANE; Vehicle #1     Make: NISS     Model: PFI     Colour: WHI     Style: TY; Vehicle #2     Make: TOYT     Model: MTL     Colour: BLK     Style: 4D,5/3/2021 10:39:47 AM,549487.2354,4806211.002,Q4,Working,FALSE
6523,50004,19280898,12/2/2019 10:00:00 AM,2019,12,2,10,0,Monday,541309.2642,4809728.386,-80.489542,43.439323,Intersection,2,P.D. only,On roadway,Intersection,Daylight,Municipal,Sign Control,Functioning,FALSE,FALSE,FALSE,Snow,TRUE,Road 1: MILL ST (IFO 170); Road 2: SPADINA RD E; Vehicle #1     Make: FORD     Model: COF     Colour: RED     Style: CW; Vehicle #2     Make: DODG     Model: CAR     Colour: BLU     Style: VN,5/3/2021 10:40:37 AM,541309.2642,4809728.386,Q4,Working,FALSE
6524,50005,19281123,12/2/2019 3:36:00 PM,2019,12,2,15,36,Monday,545851.0615,4809757.269,-80.433419,43.439319,Intersection,2,P.D. only,On roadway,Intersection,Daylight,Municipal,Signal Control,Functioning,FALSE,FALSE,FALSE,Clear,FALSE,Road 1: RIVER RD E (60 km/h); Road 2: OLD CHICOPEE DR (60 km/h); Vehicle #1     Make: HOND     Model: UDY     Colour: BLU     Style: TY; Vehicle #2     Make: TOYT     Model: HV4     Colour: GRY     Style: TY,5/3/2021 10:39:17 AM,545851.0615,4809757.269,Q4,Working,FALSE
6525,50006,19281191,12/2/2019 2:00:00 PM,2019,12,2,14,0,Monday,540205.0587,4808316.697,-80.50329,43.426673,Private Drive,2,P.D. only,On roadway,SMV,Daylight,Municipal,No control,Unknown,FALSE,FALSE,FALSE,Clear,TRUE,Road 1: 90 VILLAGE RD; Vehicle #1     Make: LEXS     Model: NXT     Colour: BLK     Style: TY; Vehicle #2     Make: FORD     Model: FSE     Colour: GRY     Style: 4B,5/3/2021 10:41:35 AM,540205.0587,4808316.697,Q4,Working,FALSE
6526,50007,19281303,12/1/2019 2:35:00 PM,2019,12,1,14,35,Sunday,545384.9405,4804699.613,-80.439599,43.393808,Non intersection,2,P.D. only,On roadway,SMV,Daylight,Municipal,No control,Unknown,FALSE,FALSE,FALSE,Snow,TRUE,Road 1: PIONEER DR; Road 2: DOON VILLAGE; Vehicle #1     Make: TOYT     Model: XLL     Colour: RED     Style: 4D; Vehicle #2     Make: FORD     Model: TLA     Colour: GRY     Style: 4D,5/3/2021 10:38:29 AM,545384.9405,4804699.613,Q4,Weekend,FALSE
6527,50008,19281352,11/27/2019 11:00:00 AM,2019,11,27,11,0,Wednesday,536396.225,4809501.064,-80.550266,43.437532,Non intersection,2,Non-reportable,On roadway,Other,Daylight,Municipal,No control,Unknown,FALSE,FALSE,FALSE,Rain,TRUE,Road 1: BEECHMANOR CRESCENT; Road 2: RESURRECTION DR; Vehicle #1     Make: FORD     Model: CSC     Colour: WHI     Style: IC; Vehicle #2     Make:      Model:      Colour:      Style:,5/3/2021 10:39:03 AM,536396.225,4809501.064,Q4,Working,FALSE
6528,50009,19281529,12/3/2019 6:16:00 AM,2019,12,3,6,16,Tuesday,544610.1871,4809094.639,-80.448806,43.433428,Intersection,1,Non-fatal injury,On roadway,SMV,Dark,Regional,Signal Control,Functioning,TRUE,FALSE,FALSE,Clear,FALSE,Road 1: FRANKLIN ST S (50 km/h); Road 2: KINGSWAY DR (50 km/h); Vehicle #1     Make: GMC     Model: TER     Colour: GRY     Style: TY,5/3/2021 10:38:45 AM,544610.1871,4809094.639,Q4,Working,FALSE
6529,50010,19281588,12/3/2019 12:30:00 AM,2019,12,3,0,30,Tuesday,542530.5028,4812534.438,-80.474233,43.464521,Private Drive,2,P.D. only,On roadway,Other,Dark,Municipal,No control,Unknown,FALSE,FALSE,FALSE,Clear,TRUE,Road 1: 610 WELLINGTON ST N; Vehicle #1     Make: KIA     Model: RES     Colour: RED     Style: 4D; Vehicle #2     Make: ALEX     Model: ENV     Colour: GRN     Style: BU,5/3/2021 10:41:41 AM,542530.5028,4812534.439,Q4,Working,FALSE
6530,50011,19281598,12/3/2019 7:00:00 AM,2019,12,3,7,0,Tuesday,544819.6549,4808723.782,-80.446248,43.430076,Non intersection,2,P.D. only,On roadway,Other,Dawn,Municipal,No control,Unknown,FALSE,FALSE,FALSE,Clear,TRUE,Road 1: 100 SAINT JEROME CRESCENT; Vehicle #1     Make: CHEV     Model: CZT     Colour: WHI     Style: 4D; Vehicle #2     Make: RAM     Model: RTR     Colour: BLU     Style: PK,5/3/2021 10:38:31 AM,544819.6549,4808723.782,Q4,Working,FALSE
6531,50012,19281831,12/3/2019 2:00:00 PM,2019,12,3,14,0,Tuesday,541707.3502,4810679.155,-80.48455,43.447862,Intersection,2,P.D. only,On roadway,Rear end,Daylight,Regional,Sign Control,Unknown,FALSE,FALSE,FALSE,Clear,TRUE,Road 1: KING ST E; Road 2: EBY ST N; Vehicle #1     Make: PONT     Model: 6XP     Colour: SIL     Style: 4D; Vehicle #2     Make: FORD     Model: TST     Colour: WHI     Style: FV; Vehicle #3     Make: VOLK     Model: PTL     Colour: BLK     Style: 4D,5/3/2021 10:40:37 AM,541707.3502,4810679.155,Q4,Working,FALSE
6532,50013,19281951,12/3/2019 4:45:00 PM,2019,12,3,16,45,Tuesday,539698.4385,4811084.139,-80.509348,43.451618,Intersection,1,Non-fatal injury,On roadway,SMV,Dusk,Other,Sign Control,Unknown,TRUE,FALSE,FALSE,Clear,FALSE,Road 1: DOMINION ST (50 km/h); Road 2: STRANGE ST (50 km/h); Vehicle #1     Make: HOND     Model: UCD     Colour: SIL     Style: 2D,5/3/2021 10:39:30 AM,539698.4385,4811084.139,Q4,Working,FALSE
6533,50014,19282033,12/1/2019 11:55:00 AM,2019,12,1,11,55,Sunday,541634.0053,4811415.327,-80.485401,43.454495,Intersection,2,P.D. only,On roadway,Other,Daylight,Regional,Signal Control,Functioning,FALSE,FALSE,FALSE,Snow,TRUE,Road 1: QUEEN ST N; Road 2: OTTO ST; Vehicle #1     Make: NISS     Model: SML     Colour: RED     Style: 4D; Vehicle #2     Make:      Model:      Colour:      Style:,5/3/2021 10:39:51 AM,541634.0053,4811415.327,Q4,Weekend,FALSE
6534,50015,19282037,11/30/2019 6:20:00 PM,2019,11,30,18,20,Saturday,539761.0721,4807539.716,-80.508832,43.4197,Private Drive,2,Non-reportable,On roadway,SMV,Dark,Municipal,No control,Unknown,FALSE,FALSE,FALSE,Clear,TRUE,Road 1: 48 WINDALE CRESCENT; Vehicle #1     Make: HOND     Model: UDY     Colour: GRY     Style: VN; Vehicle #2     Make:      Model:      Colour:      Style:,5/3/2021 10:41:03 AM,539761.0721,4807539.716,Q4,Weekend,FALSE
6535,50016,19282067,11/12/2019 10:30:00 AM,2019,11,12,10,30,Tuesday,544099.5861,4804910.619,-80.455452,43.395785,Private Drive,2,P.D. only,Off roadway,SMV,Daylight,Municipal,No control,Unknown,FALSE,FALSE,FALSE,Clear,TRUE,Road 1: 61 BIEHN DR; Vehicle #1     Make: TOYT     Model: SIE     Colour: GRY     Style: VN; Vehicle #2     Make: TESL     Model: MSS     Colour: WHI     Style: 4D,5/3/2021 10:41:30 AM,544099.5861,4804910.619,Q4,Working,FALSE
6536,50017,19282085,12/3/2019 11:30:00 AM,2019,12,3,11,30,Tuesday,540874.5006,4811047.661,-80.494815,43.451226,Intersection,2,Non-reportable,On roadway,Intersection,Daylight,Regional,Sign Control,Functioning,FALSE,FALSE,FALSE,Clear,TRUE,Road 1: WATER ST S; Road 2: HALLS LN W; Vehicle #1     Make: KIA     Model: FLG     Colour: SIL     Style: 4D; Vehicle #2     Make:      Model:      Colour:      Style:,5/3/2021 10:39:26 AM,540874.5006,4811047.661,Q4,Working,FALSE
6537,50018,19282135,11/11/2019 9:30:00 AM,2019,11,11,9,30,Monday,542670.0354,4806929.283,-80.472946,43.414044,Intersection,2,P.D. only,On roadway,Rear end,Daylight,Municipal,Sign Control,Functioning,FALSE,FALSE,FALSE,Snow,TRUE,Road 1: COUNTRY HILL DR; Road 2: OLD COUNTRY DR; Vehicle #1     Make: TOYT     Model: MTL     Colour: RED     Style: 4D; Vehicle #2     Make:      Model:      Colour:      Style:,5/3/2021 10:40:09 AM,542670.0354,4806929.283,Q4,Working,FALSE
6538,50019,19282222,12/4/2019 12:07:00 AM,2019,12,4,0,7,Wednesday,540906.0253,4806245.274,-80.494786,43.407983,Non intersection,2,P.D. only,Off roadway,SMV,Dark,Municipal,No control,Unknown,FALSE,FALSE,FALSE,Other,FALSE,Road 1: 384 RITTENHOUSE RD (50 km/h); Road 2: RITTENHOUSE RD; Distance: 3.0 M W; Vehicle #1     Make: VOLK     Model: JSA     Colour: WHI     Style: 4D,5/3/2021 10:37:36 AM,540906.0253,4806245.274,Q4,Working,FALSE
6539,50020,19282330,11/11/2019 10:40:00 AM,2019,11,11,10,40,Monday,543248.772,4804523.241,-80.465988,43.392347,Intersection,2,P.D. only,On roadway,SMV,Daylight,Municipal,Sign Control,Unknown,FALSE,FALSE,FALSE,Snow,TRUE,Road 1: HURON RD; Road 2: STRASSBURG; Vehicle #1     Make: VOLK     Model: ATL     Colour: WHI     Style: TY,5/3/2021 10:40:04 AM,543248.772,4804523.241,Q4,Working,FALSE
6540,50021,19282347,11/11/2019 8:45:00 AM,2019,11,11,8,45,Monday,542196.7724,4804187.411,-80.479003,43.389383,Intersection,2,Non-reportable,On roadway,Rear end,Daylight,Municipal,Sign Control,Functioning,FALSE,FALSE,FALSE,Snow,TRUE,Road 1: PARKVALE DR; Road 2: WOODBINE; Vehicle #1     Make: FORD     Model: FL     Colour: GRY     Style: 4D; Vehicle #2     Make:      Model:      Colour:      Style:,5/3/2021 10:40:13 AM,542196.7724,4804187.411,Q4,Working,FALSE
6541,50022,19282537,11/11/2019 9:30:00 AM,2019,11,11,9,30,Monday,540918.241,4812368.614,-80.494176,43.463118,Intersection,2,P.D. only,On roadway,Intersection,Daylight,Municipal,Signal Control,Functioning,FALSE,FALSE,FALSE,Snow,TRUE,Road 1: MARGARET AVE; Road 2: GUELPH ST; Vehicle #1     Make: GMC     Model: SIE     Colour: BLK     Style: PK; Vehicle #2     Make: TOYT     Model: PRC     Colour: SIL     Style: 4B,5/3/2021 10:39:22 AM,540918.241,4812368.614,Q4,Working,FALSE
6542,50023,19282733,12/4/2019 5:00:00 PM,2019,12,4,17,0,Wednesday,537699.413,4808958.031,-80.534201,43.432578,Private Drive,2,P.D. only,Off roadway,SMV,Dark,Municipal,No control,Unknown,FALSE,FALSE,FALSE,Snow,FALSE,Road 1: 314 OPRINGTON PL (50 km/h); Road 2: OPRINGTON PL; Distance: 3.0 M N; Vehicle #1     Make: TOYT     Model: RG4     Colour: BRN     Style: TY,5/3/2021 10:41:04 AM,537699.413,4808958.031,Q4,Working,FALSE
6543,50024,19282742,12/4/2019 5:00:00 PM,2019,12,4,17,0,Wednesday,540865.524,4809781.84,-80.495021,43.439829,Private Drive,2,P.D. only,On roadway,Rear end,Dark,Municipal,No control,Unknown,FALSE,FALSE,FALSE,Clear,TRUE,Road 1: HIGHLAND RD E (IFO 89); Vehicle #1     Make: GMC     Model: SIE     Colour: BLK     Style: PK; Vehicle #2     Make: TOYT     Model: SXC     Colour: GRY     Style: 2B,8/16/2022 2:59:26 PM,540865.524,4809781.841,Q4,Working,FALSE
6544,50025,19282864,11/27/2019 11:15:00 AM,2019,11,27,11,15,Wednesday,545340.1935,4811322.267,-80.439601,43.453442,Non intersection,2,Non-reportable,On roadway,SMV,Daylight,Municipal,No control,Unknown,FALSE,FALSE,FALSE,Rain,TRUE,Road 1: 175 MONTCALM DR; Vehicle #1     Make: TOYT     Model: CBL     Colour: GRY     Style: 4D; Vehicle #2     Make: FORD     Model: COF     Colour: GRN     Style: PK,5/3/2021 10:37:46 AM,545340.1935,4811322.267,Q4,Working,FALSE
6545,50026,19282948,12/4/2019 11:45:00 PM,2019,12,4,23,45,Wednesday,546535.6519,4805002.51,-80.425365,43.396465,Non intersection,2,P.D. only,On roadway,SMV,Dark,Municipal,No control,Unknown,FALSE,FALSE,FALSE,Clear,TRUE,Road 1: MILL PARK DR; Road 2: GRAND VALLEY DR KITCHENER; Vehicle #1     Make: CHEV     Model: AVE     Colour: GRY     Style: 4D,5/3/2021 10:37:57 AM,546535.6519,4805002.51,Q4,Working,FALSE
6546,50027,19283145,11/11/2019 9:40:00 AM,2019,11,11,9,40,Monday,546003.4076,4808535.566,-80.431639,43.42831,Non intersection,2,P.D. only,On roadway,Intersection,Daylight,Municipal,No control,Unknown,FALSE,FALSE,FALSE,Snow,TRUE,Road 1: KING ST E; Road 2: ONWARD; Vehicle #1     Make: TOYT     Model: MTL     Colour: WHI     Style: 4D; Vehicle #2     Make: DODG     Model: CAR     Colour: GRY     Style: VN,5/3/2021 10:37:46 AM,546003.4076,4808535.566,Q4,Working,FALSE
6547,50028,19283158,12/5/2019 7:30:00 AM,2019,12,5,7,30,Thursday,539689.0659,4805683.646,-80.509856,43.402992,Intersection,2,P.D. only,On roadway,Intersection,Dawn,Municipal,No control,Functioning,FALSE,FALSE,FALSE,Clear,TRUE,Road 1: ACTIVA AVE; Road 2: DONNENWERTH DR; Vehicle #1     Make:      Model:      Colour:      Style: ; Vehicle #2     Make: TOYT     Model: CBL     Colour: GRY     Style: 4D,5/3/2021 10:40:28 AM,539689.0659,4805683.646,Q4,Weekend,FALSE
6548,50029,19283401,12/5/2019 6:00:00 AM,2019,12,5,6,0,Thursday,546684.8582,4802332.337,-80.42375,43.372414,Non intersection,2,Non-reportable,On roadway,Other,Dark,Regional,No control,Unknown,FALSE,FALSE,FALSE,Clear,TRUE,Road 1: REICHERT DR; Road 2: NEW DUNDEE RD; Vehicle #1     Make:      Model:      Colour:      Style: ; Vehicle #2     Make: TOYT     Model: SIE     Colour: GRY     Style: VN,5/3/2021 10:38:35 AM,546684.8582,4802332.337,Q4,Weekend,FALSE
6549,50030,19283413,12/5/2019 3:26:00 PM,2019,12,5,15,26,Thursday,543067.1079,4807437.722,-80.468002,43.418599,Intersection,2,P.D. only,On roadway,Rear end,Daylight,Regional,Sign Control,Functioning,FALSE,FALSE,FALSE,Clear,FALSE,Road 1: BLOCK LINE RD (50 km/h); Road 2: FALLOWFIELD DR (50 km/h); Vehicle #1     Make: NISS     Model: KIC     Colour: WHI     Style: 4B; Vehicle #2     Make: FORD     Model: CTV     Colour: WHI     Style: BU,5/3/2021 10:39:12 AM,543067.1079,4807437.722,Q4,Weekend,FALSE