,OBJECTID,ACCIDENTNUM,ACCIDENTDATE,ACCIDENT_YEAR,ACCIDENT_MONTH,ACCIDENT_DAY,ACCIDENT_HOUR,ACCIDENT_MINUTE,Accident_Day,XCOORD,YCOORD,LONGITUDE,LATITUDE,Accident_Location,COLLISIONTYPE,Accident_Type,Impact_Location,Impact_Type,Light,Road_Jurisdication,Traffic_Control,Traffic_Control_Condition,Pedestrian_Involved,Cyclist_Involved,Motorcyclist_Involved,Environment_Condition,Self_Reported,XMLIMPORTNOTES,LASTEDITEDDATE,x,y,Quarter,Day_Type,Vulnerable_Involved
6550,50031,19283491,12/5/2019 2:20:00 PM,2019,12,5,14,20,Thursday,548143.3531,4804535.507,-80.405554,43.392159,Non intersection,2,Non-reportable,On roadway,Intersection,Daylight,Municipal,No control,Unknown,FALSE,FALSE,FALSE,Clear,TRUE,Road 1: 299 DOON VALLEY DR; Vehicle #1     Make: DODG     Model: CXA     Colour: WHI     Style: 4D; Vehicle #2     Make:      Model:      Colour:      Style:,5/3/2021 10:37:45 AM,548143.3531,4804535.507,Q4,Weekend,FALSE
6551,50032,19283496,12/5/2019 4:50:00 PM,2019,12,5,16,50,Thursday,542108.4598,4807133.401,-80.479867,43.415914,Intersection,2,P.D. only,On roadway,Intersection,Dusk,Municipal,Signal Control,Functioning,FALSE,FALSE,FALSE,Clear,TRUE,Road 1: STRASBURG RD; Road 2: BLOCK LINE RD; Vehicle #1     Make: MAZD     Model: MA5     Colour: GRN     Style: 4B; Vehicle #2     Make: TOYT     Model: HIG     Colour: GRY     Style: TY,5/3/2021 10:40:35 AM,542108.4598,4807133.401,Q4,Weekend,FALSE
6552,50033,19284027,12/3/2019 5:30:00 PM,2019,12,3,17,30,Tuesday,545679.4235,4808991.562,-80.435604,43.432435,Non intersection,2,Non-reportable,On roadway,Intersection,Dark,Regional,No control,Unknown,FALSE,FALSE,FALSE,Clear,TRUE,Road 1: WALKER ST; Road 2: BRIDE ST; Vehicle #1     Make:      Model:      Colour:      Style: ; Vehicle #2     Make: CHEV     Model: IMP     Colour: RED     Style: 4D,5/3/2021 10:38:46 AM,545679.4235,4808991.563,Q4,Working,FALSE
6553,50034,19284229,12/6/2019 3:50:00 PM,2019,12,6,15,50,Friday,541711.5312,4812093.235,-80.484391,43.460594,Non intersection,2,P.D. only,On roadway,Intersection,Daylight,Municipal,No control,Unknown,FALSE,FALSE,FALSE,Clear,TRUE,Road 1: WELLINGTON ST N; Road 2: MAJOR ST KITCHENER; Vehicle #1     Make: CHEV     Model: AVT     Colour: WHI     Style: 4D; Vehicle #2     Make: HOND     Model: ULX     Colour: SIL     Style: 4D,5/3/2021 10:37:51 AM,541711.5312,4812093.235,Q4,Weekend,FALSE
6554,50035,19284267,12/6/2019 4:35:00 PM,2019,12,6,16,35,Friday,540746.2708,4808830.319,-80.496566,43.431268,Intersection,2,P.D. only,On roadway,Rear end,Dusk,Regional,Signal Control,Functioning,FALSE,FALSE,FALSE,Clear,TRUE,Road 1: HOMER WATSON BLVD; Road 2: STIRLING AVE S; Vehicle #1     Make: CHEV     Model: CZT     Colour: RED     Style: 4D; Vehicle #2     Make: FORD     Model: COF     Colour: BLK     Style: PK,5/3/2021 10:39:45 AM,540746.2708,4808830.32,Q4,Weekend,FALSE
6555,50036,19284486,12/6/2019 9:40:00 PM,2019,12,6,21,40,Friday,537038.5579,4808500.834,-80.542397,43.428494,Private Drive,2,P.D. only,On roadway,SMV,Dark,Municipal,No control,Unknown,FALSE,FALSE,FALSE,Clear,TRUE,Road 1: 471 HIDDEN CREEK DR; Vehicle #1     Make: MAZD     Model: 3TR     Colour: WHI     Style: 4D; Vehicle #2     Make: FORD     Model: EDG     Colour: BLK     Style: TY; Vehicle #3     Make:      Model:      Colour:      Style:,5/3/2021 10:41:23 AM,537038.5579,4808500.834,Q4,Weekend,FALSE
6556,50037,19284761,12/7/2019 9:15:00 AM,2019,12,7,9,15,Saturday,540452.261,4805983.591,-80.500409,43.405652,Private Drive,2,Non-reportable,On roadway,Intersection,Daylight,Regional,No control,Unknown,FALSE,FALSE,FALSE,Clear,TRUE,Road 1: MAX BECKER DR; Road 2: FISCHER-HALLMAN RD; Vehicle #1     Make: LEXS     Model: RX5     Colour: BLK     Style: TY; Vehicle #2     Make:      Model:      Colour:      Style:,5/3/2021 10:41:54 AM,540452.261,4805983.591,Q4,Weekend,FALSE
6557,50038,19284791,12/6/2019 1:30:00 PM,2019,12,6,13,30,Friday,544403.1306,4808640.431,-80.451401,43.42935,Private Drive,2,P.D. only,On roadway,SMV,Daylight,Municipal,No control,Unknown,FALSE,FALSE,FALSE,Rain,TRUE,Road 1: 172 FRANKLIN ST S; Vehicle #1     Make: DODG     Model: CAR     Colour: BGE     Style: VN; Vehicle #2     Make:      Model:      Colour:      Style:,5/3/2021 10:41:23 AM,544403.1306,4808640.431,Q4,Weekend,FALSE
6558,50039,19284918,12/6/2019 10:30:00 PM,2019,12,6,22,30,Friday,544610.0834,4809093.501,-80.448807,43.433418,Intersection,2,P.D. only,On roadway,Intersection,Dark,Regional,Signal Control,Functioning,FALSE,FALSE,FALSE,Clear,TRUE,Road 1: FRANKLIN ST N; Road 2: KINGSWAY DR; Vehicle #1     Make: MITS     Model: LST     Colour: GRY     Style: 4D; Vehicle #2     Make: CHEV     Model: IMT     Colour: WHI     Style: 4D,5/3/2021 10:40:33 AM,544610.0834,4809093.501,Q4,Weekend,FALSE
6559,50040,19285047,12/7/2019 5:40:00 PM,2019,12,7,17,40,Saturday,545120.5409,4807678.313,-80.442617,43.420645,Private Drive,2,P.D. only,On roadway,Intersection,Dark,Regional,No control,Unknown,FALSE,FALSE,FALSE,Clear,FALSE,Road 1: 385  WILSON AVE (50 km/h); Road 2: FAIRWAY RD S; Distance: 3.0 M E; Vehicle #1     Make: FORD     Model: SPE     Colour: GRY     Style: TY; Vehicle #2     Make: HOND     Model: UAX     Colour: GRY     Style: 4D,5/3/2021 10:40:56 AM,545120.5409,4807678.313,Q4,Weekend,FALSE
6560,50041,19285687,12/8/2019 3:55:00 PM,2019,12,8,15,55,Sunday,541899.842,4804187.138,-80.482669,43.389397,Private Drive,2,P.D. only,On roadway,SMV,Daylight,Municipal,No control,Unknown,FALSE,FALSE,FALSE,Clear,FALSE,Road 1: 308 PARKVALE DR (50 km/h); Road 2: PARKVALE DR; Distance: 1.0 M E; Vehicle #1     Make: MAZD     Model: M3I     Colour: RED     Style: 4D; Vehicle #2     Make: DODG     Model: DUR     Colour: SIL     Style: TY,5/3/2021 10:40:57 AM,541899.842,4804187.138,Q4,Weekend,FALSE
6561,50042,19285819,12/8/2019 7:56:00 PM,2019,12,8,19,56,Sunday,540777.5847,4808820.248,-80.49618,43.431176,Non intersection,2,P.D. only,Off roadway,SMV,Dark,Regional,No control,Unknown,FALSE,FALSE,FALSE,Clear,FALSE,Road 1: HOMER WATSON BLVD (60 km/h); Road 2: STIRLING AVE S; Distance: 30.0 M E; Charged Driver #1 on page 1: HTA 130 (NA) (NA); Vehicle #1     Make: HOND     Model: UDY     Colour: SIL     Style: VN; Vehicle #2     Make: CHEV     Model: COB     Colour: B,4/27/2022 10:40:20 AM,540777.5847,4808820.248,Q4,Weekend,FALSE
6562,50043,19286262,12/9/2019 1:15:00 PM,2019,12,9,13,15,Monday,540335.4386,4805885.281,-80.501859,43.404773,Intersection,2,P.D. only,On roadway,Rear end,Daylight,Municipal,Sign Control,Unknown,FALSE,FALSE,FALSE,Rain,TRUE,Road 1: MAX BECKER DR; Road 2: HELENA FEASBY ST; Vehicle #1     Make: HYUN     Model: ESM     Colour: BLU     Style: 4D; Vehicle #2     Make: KIA     Model: SOR     Colour: GRY     Style: TY,5/3/2021 10:40:29 AM,540335.4386,4805885.281,Q4,Working,FALSE
6563,50044,19286452,12/9/2019 5:57:00 PM,2019,12,9,17,57,Monday,542806.1839,4810915.617,-80.470952,43.449929,Intersection,1,Non-fatal injury,On roadway,SMV,Dark,Municipal,Sign Control,Unknown,TRUE,FALSE,FALSE,Clear,FALSE,Road 1: PANDORA AVE N (40 km/h); Road 2: EAST AVE (40 km/h); Vehicle #1     Make: MAZD     Model: M3S     Colour: WHI     Style: 4D,5/3/2021 10:40:12 AM,542806.1839,4810915.617,Q4,Working,FALSE
6564,50045,19286845,12/10/2019 9:20:00 AM,2019,12,10,9,20,Tuesday,544958.5848,4811037.484,-80.444341,43.4509,Intersection,2,P.D. only,On roadway,Rear end,Daylight,Regional,Signal Control,Functioning,FALSE,FALSE,FALSE,Snow,TRUE,Road 1: RIVER RD E; Road 2: OTTAWA ST N; Distance:  S; Vehicle #1     Make: HYUN     Model: TUC     Colour: BLK     Style: TY; Vehicle #2     Make: JEEP     Model: WUL     Colour: RED     Style: TY,5/3/2021 10:40:51 AM,544958.5848,4811037.485,Q4,Working,FALSE
6565,50046,19286868,12/10/2019 12:15:00 PM,2019,12,10,12,15,Tuesday,542106.6371,4809212.946,-80.479729,43.434638,Non intersection,2,P.D. only,On roadway,Intersection,Daylight,Regional,No control,Unknown,FALSE,FALSE,FALSE,Snow,TRUE,Road 1: 415 MILL ST; Road 2: OTTAWA STREET; Vehicle #1     Make: NISS     Model: SML     Colour: BLU     Style: 4D; Vehicle #2     Make: HINO     Model: HIN     Colour: RED     Style: CT,5/3/2021 10:37:55 AM,542106.6371,4809212.946,Q4,Working,FALSE
6566,50047,19287031,12/10/2019 1:00:00 PM,2019,12,10,13,0,Tuesday,539007.9308,4810461.665,-80.517926,43.446049,Private Drive,2,P.D. only,On roadway,Rear end,Daylight,Municipal,No control,Unknown,FALSE,FALSE,FALSE,Clear,TRUE,Road 1: GAGE AVE (IFO 275); Vehicle #1     Make:      Model:      Colour:      Style: ; Vehicle #2     Make: TOYT     Model: RV4     Colour: BLK     Style: TY,5/3/2021 10:41:54 AM,539007.9308,4810461.665,Q4,Working,FALSE
6567,50048,19287097,12/10/2019 3:16:00 PM,2019,12,10,15,16,Tuesday,545274.5574,4806435.805,-80.440818,43.409448,Intersection,2,P.D. only,On roadway,Intersection,Daylight,Regional,Sign Control,Functioning,FALSE,FALSE,FALSE,Clear,FALSE,Road 1: WILSON AVE (60 km/h); Road 2: WABANAKI DR (60 km/h); Vehicle #1     Make: CHEV     Model: RAX     Colour: BLU     Style: TY; Vehicle #2     Make: HOND     Model: UCL     Colour: GRY     Style: 4D,5/3/2021 10:40:12 AM,545274.5574,4806435.805,Q4,Working,FALSE
6568,50049,19287129,12/9/2019 1:30:00 PM,2019,12,9,13,30,Monday,539751.3949,4810710.792,-80.508721,43.448253,Private Drive,2,Non-reportable,On roadway,SMV,Daylight,Municipal,No control,Unknown,FALSE,FALSE,FALSE,Clear,TRUE,Road 1: WAVERLY RD (IFO 17); Road 2: STRANGE ST; Vehicle #1     Make: TOYT     Model: UXS     Colour: RED     Style: 4D; Vehicle #2     Make: TOYT     Model: UCS     Colour: GRY     Style: 4D,5/3/2021 10:41:01 AM,539751.3949,4810710.792,Q4,Working,FALSE
6569,50050,19287303,12/10/2019 2:10:00 PM,2019,12,10,14,10,Tuesday,545272.2605,4806434.652,-80.440846,43.409438,Intersection,2,Non-reportable,On roadway,Rear end,Daylight,Municipal,Sign Control,Functioning,FALSE,FALSE,FALSE,Snow,TRUE,Road 1: WABANAKI DRIVE; Road 2: WILSON AVENUE; Vehicle #1     Make:      Model:      Colour:      Style: ; Vehicle #2     Make: VOLK     Model: JES     Colour: GRY     Style: 4D,5/3/2021 10:39:26 AM,545272.2605,4806434.652,Q4,Working,FALSE
6570,50051,19287757,11/29/2019 6:00:00 PM,2019,11,29,18,0,Friday,542823.4276,4814315.755,-80.470472,43.480543,Non intersection,2,P.D. only,On roadway,SMV,Dark,Municipal,No control,Unknown,FALSE,FALSE,FALSE,Clear,TRUE,Road 1: SCHWEITZER ST (IFO 62); Vehicle #1     Make:      Model:      Colour:      Style: ; Vehicle #2     Make: HOND     Model: UDY     Colour: GRY     Style: TY,5/3/2021 10:38:10 AM,542823.4276,4814315.755,Q4,Weekend,FALSE
6571,50052,19287845,12/5/2019 1:25:00 PM,2019,12,5,13,25,Thursday,539920.3796,4811047.562,-80.506608,43.451277,Other,2,P.D. only,On roadway,SMV,Daylight,Municipal,No control,Unknown,FALSE,FALSE,FALSE,Clear,TRUE,Road 1: PARK ST; Road 2: STEWART ST; Vehicle #1     Make: SUBA     Model: FOR     Colour: BRZ     Style: TY; Vehicle #2     Make:      Model:      Colour:      Style:,5/3/2021 10:41:55 AM,539920.3796,4811047.562,Q4,Weekend,FALSE
6572,50053,19287955,12/11/2019 1:15:00 PM,2019,12,11,13,15,Wednesday,541094.4228,4813143.399,-80.491939,43.470084,Non intersection,2,P.D. only,On roadway,Intersection,Daylight,Municipal,No control,Unknown,FALSE,FALSE,FALSE,Snow,TRUE,Road 1: 893 UNION ST; Vehicle #1     Make: HOND     Model: USE     Colour: BLK     Style: 4D; Vehicle #2     Make: HYUN     Model: SAN     Colour: WHI     Style: TY,5/3/2021 10:37:59 AM,541094.4228,4813143.399,Q4,Working,FALSE
6573,50054,19288055,12/10/2019 9:00:00 PM,2019,12,10,21,0,Tuesday,539292.2251,4806730.232,-80.514682,43.412436,Private Drive,2,Non-reportable,On roadway,SMV,Dark,Municipal,No control,Unknown,FALSE,FALSE,FALSE,Snow,TRUE,Road 1: 257 GREY FOX DR; Vehicle #1     Make:      Model:      Colour:      Style: ; Vehicle #2     Make: TOYT     Model: FJC     Colour: GRY     Style: TY,5/3/2021 10:41:21 AM,539292.2251,4806730.232,Q4,Working,FALSE
6574,50055,19288269,12/12/2019 5:40:00 AM,2019,12,12,5,40,Thursday,545033.9386,4807867.171,-80.443672,43.42235,Intersection,2,P.D. only,On roadway,SMV,Dark,Municipal,Signal Control,Functioning,TRUE,FALSE,FALSE,Clear,FALSE,Road 1: WILSON AVE (50 km/h); Road 2: KINGSWAY DR (50 km/h); Vehicle #1     Make: DODG     Model: RPC     Colour: BLK     Style: CW,5/3/2021 10:39:41 AM,545033.9386,4807867.171,Q4,Weekend,FALSE
6575,50056,19288428,12/10/2019 10:00:00 AM,2019,12,10,10,0,Tuesday,545760.3117,4803959.435,-80.435026,43.387121,Intersection,2,P.D. only,On roadway,Other,Daylight,Municipal,No control,Functioning,FALSE,FALSE,FALSE,Snow,TRUE,Road 1: 3 APPLE RIDGE DR; Road 2: DOON MILLS; Vehicle #1     Make: FORD     Model: FE     Colour: GRY     Style: 4D; Vehicle #2     Make: MERZ     Model: C4A     Colour: BLK     Style: 4D,5/3/2021 10:39:34 AM,545760.3117,4803959.435,Q4,Working,FALSE
6576,50057,19288431,12/12/2019 8:20:00 AM,2019,12,12,8,20,Thursday,539563.0142,4811427.983,-80.510997,43.454721,Non intersection,2,P.D. only,On roadway,Rear end,Daylight,Municipal,No control,Unknown,FALSE,FALSE,FALSE,Clear,TRUE,Road 1: PARK ST; Road 2: GLASGOW ST; Distance: 75.0 M; Vehicle #1     Make: GMC     Model: TER     Colour: BRN     Style: TY; Vehicle #2     Make: HYUN     Model: CFE     Colour: BLK     Style: TY,5/3/2021 10:37:59 AM,539563.0142,4811427.983,Q4,Weekend,FALSE
6577,50058,19288604,12/11/2019 7:00:00 PM,2019,12,11,19,0,Wednesday,539144.589,4808361.254,-80.516388,43.42713,Non intersection,2,P.D. only,On roadway,Intersection,Dark,Municipal,No control,Unknown,FALSE,FALSE,FALSE,Clear,TRUE,Road 1: CYPRESS  DR KITCHENER; Road 2: BIRCHMOUNT; Vehicle #1     Make: SUBA     Model: BP9     Colour: BLK     Style: 4W; Vehicle #2     Make: VOLK     Model: JES     Colour: BLK     Style: 4D,5/3/2021 10:38:12 AM,539144.589,4808361.255,Q4,Working,FALSE
6578,50059,19289315,12/12/2019 3:00:00 PM,2019,12,12,15,0,Thursday,542051.1765,4807199.575,-80.480569,43.416513,Non intersection,2,Non-reportable,On roadway,Rear end,Daylight,Municipal,No control,Unknown,FALSE,FALSE,FALSE,Clear,TRUE,Road 1: STRASBURG RD; Road 2: BLACKHORNE DR; Vehicle #1     Make: NISS     Model: QST     Colour: SIL     Style: VN; Vehicle #2     Make: TOYT     Model: CBA     Colour: GRY     Style: 4D,5/3/2021 10:37:45 AM,542051.1765,4807199.575,Q4,Weekend,FALSE
6579,50060,19289958,12/14/2019 10:22:00 AM,2019,12,14,10,22,Saturday,538065.3056,4807540.224,-80.529779,43.419793,Non intersection,2,P.D. only,On roadway,SMV,Daylight,Municipal,No control,Unknown,FALSE,FALSE,FALSE,Snow,FALSE,Road 1: WESTHEIGHTS DR (50 km/h); Road 2: MCGARRY DR; Distance: 10.0 M W; Vehicle #1     Make: HYUN     Model: SAN     Colour: BLK     Style: TY,5/3/2021 10:37:14 AM,538065.3056,4807540.225,Q4,Weekend,FALSE
6580,50061,19289962,12/14/2019 10:14:00 AM,2019,12,14,10,14,Saturday,545183.5625,4804732.666,-80.442082,43.394118,Non intersection,2,P.D. only,On roadway,SMV,Daylight,Municipal,No control,Unknown,FALSE,FALSE,FALSE,Snow,FALSE,Road 1: 366 PIONEER DR (50 km/h); Road 2: PIONEER DR; Distance: 10.0 M E; Vehicle #1     Make: FORD     Model: SPE     Colour: BLU     Style: TY; Vehicle #2     Make: DODG     Model: JOU     Colour: SIL     Style: TY,5/3/2021 10:37:03 AM,545183.5625,4804732.666,Q4,Weekend,FALSE
6581,50062,19289974,12/14/2019 10:10:00 AM,2019,12,14,10,10,Saturday,547776.3431,4811478.111,-80.409479,43.454693,Non intersection,2,P.D. only,On roadway,Intersection,Daylight,Municipal,No control,Unknown,FALSE,FALSE,FALSE,Clear,TRUE,Road 1: 1274 OLD ZELLER DR; Vehicle #1     Make: TOYT     Model: RV4     Colour: GRY     Style: TY; Vehicle #2     Make: FORD     Model: EDG     Colour: BLK     Style: TY,5/3/2021 10:39:05 AM,547776.3431,4811478.111,Q4,Weekend,FALSE
6582,50063,19289978,12/14/2019 10:00:00 AM,2019,12,14,10,0,Saturday,544560.1957,4811740.281,-80.449208,43.457252,Intersection,2,Non-reportable,On roadway,SMV,Daylight,Regional,Signal Control,Functioning,FALSE,FALSE,FALSE,Snow,TRUE,Road 1: LORRAINE AVE; Road 2: RIVER RD E; Vehicle #1     Make: FORD     Model: SPE     Colour: BLK     Style: TY,5/3/2021 10:40:26 AM,544560.1957,4811740.281,Q4,Weekend,FALSE
6583,50064,19289988,12/14/2019 11:00:00 AM,2019,12,14,11,0,Saturday,545253.7631,4805151.733,-80.441181,43.397887,Private Drive,2,P.D. only,On roadway,SMV,Daylight,Municipal,No control,Unknown,FALSE,FALSE,FALSE,Snow,TRUE,Road 1: 116 UPPER CANADA DR; Vehicle #1     Make: FORD     Model: RNG     Colour: BLK     Style: PK; Vehicle #2     Make: TOYT     Model: URS     Colour: GRY     Style: 4D,5/3/2021 10:41:54 AM,545253.7631,4805151.733,Q4,Weekend,FALSE
6584,50065,19290000,12/14/2019 11:30:00 AM,2019,12,14,11,30,Saturday,542447.2161,4807282.186,-80.475671,43.417234,Intersection,2,P.D. only,On roadway,Intersection,Daylight,Municipal,Sign Control,Unknown,FALSE,FALSE,FALSE,Snow,TRUE,Road 1: BLOCK LINE RD; Road 2: COUNTRY HILL DR; Vehicle #1     Make: NISS     Model: ROG     Colour: GRY     Style: TY; Vehicle #2     Make: DODG     Model: CAR     Colour: SIL     Style: VN,5/3/2021 10:39:46 AM,542447.2161,4807282.186,Q4,Weekend,FALSE
6585,50066,19290001,12/14/2019 11:05:00 AM,2019,12,14,11,5,Saturday,536832.3649,4807843.614,-80.544989,43.422586,Non intersection,2,P.D. only,Off roadway,SMV,Daylight,Municipal,No control,Unknown,FALSE,FALSE,FALSE,Snow,FALSE,Road 1: ROLLING MEADOWS DR (50 km/h); Road 2: CONNELLY DR; Distance: 10.0 M W; Vehicle #1     Make: HOND     Model: ULX     Colour: ONG     Style: 4D,5/3/2021 10:37:30 AM,536832.3648,4807843.614,Q4,Weekend,FALSE
6586,50067,19290005,12/14/2019 11:00:00 AM,2019,12,14,11,0,Saturday,543985.9277,4803532.658,-80.456966,43.383384,Non intersection,2,Non-reportable,On roadway,Other,Daylight,Municipal,No control,Unknown,FALSE,FALSE,FALSE,Clear,TRUE,Road 1: 380 HEARTHWOOD DR; Vehicle #1     Make: GMC     Model: SIE     Colour: GRY     Style: PK; Vehicle #2     Make:      Model:      Colour:      Style:,5/3/2021 10:37:43 AM,543985.9277,4803532.658,Q4,Weekend,FALSE
6587,50068,19290010,12/14/2019 11:15:00 AM,2019,12,14,11,15,Saturday,542471.4288,4812923.13,-80.474933,43.468024,Intersection,2,P.D. only,On roadway,Intersection,Daylight,Municipal,Sign Control,Functioning,FALSE,FALSE,FALSE,Snow,TRUE,Road 1: SPRING VALLEY RD; Road 2: GUELPH ST; Vehicle #1     Make: HINO     Model: CIN     Colour: GRN     Style: CT; Vehicle #2     Make: SUBA     Model: 2IP     Colour: SIL     Style: 4D,5/3/2021 10:40:37 AM,542471.4288,4812923.13,Q4,Weekend,FALSE
6588,50069,19290024,12/14/2019 11:20:00 AM,2019,12,14,11,20,Saturday,540457.0551,4809696.655,-80.500075,43.439084,Non intersection,2,Non-reportable,On roadway,Rear end,Daylight,Regional,No control,Unknown,FALSE,FALSE,FALSE,Clear,TRUE,Road 1: QUEEN'S BLVD; Road 2: SPADINA RD W; Vehicle #1     Make: DODG     Model: CAR     Colour: SIL     Style: VN; Vehicle #2     Make: VOLK     Model: JES     Colour: WHI     Style: 4D,5/3/2021 10:37:43 AM,540457.0551,4809696.655,Q4,Weekend,FALSE
6589,50070,19290058,12/14/2019 11:30:00 AM,2019,12,14,11,30,Saturday,538578.9587,4811190.242,-80.523176,43.452632,Non intersection,2,P.D. only,Off roadway,SMV,Daylight,Municipal,No control,Unknown,FALSE,FALSE,FALSE,Clear,TRUE,Road 1: 269 UNION BLVD; Vehicle #1     Make: KIA     Model: FLG     Colour: BLK     Style: 4D; Vehicle #2     Make: MERZ     Model: C4A     Colour: SIL     Style: 2D,5/3/2021 10:39:02 AM,538578.9587,4811190.242,Q4,Weekend,FALSE
6590,50071,19290088,12/14/2019 1:03:00 PM,2019,12,14,13,3,Saturday,545034.9769,4807868.101,-80.443659,43.422359,Intersection,1,Non-fatal injury,On roadway,Intersection,Daylight,Municipal,Signal Control,Unknown,FALSE,FALSE,FALSE,Snow,FALSE,Road 1: WILSON AVE (50 km/h); Road 2: 450 WILSON AVE (50 km/h); Vehicle #1     Make: CHEV     Model: EQU     Colour: GRY     Style: TY; Vehicle #2     Make: TOYT     Model: CXL     Colour: GRY     Style: 4D,5/3/2021 10:39:10 AM,545034.9769,4807868.101,Q4,Weekend,FALSE
6591,50072,19290303,12/14/2019 6:37:00 PM,2019,12,14,18,37,Saturday,539395.2561,4808472.938,-80.513283,43.428122,Non intersection,2,P.D. only,On roadway,SMV,Dark,Municipal,No control,Unknown,FALSE,FALSE,FALSE,Snow,FALSE,Road 1: 377 FOREST HILL DR (50 km/h); Road 2: FOREST HILL DR; Distance: 5.0 M W; Vehicle #1     Make: HOND     Model: AST     Colour: SIL     Style: 4D; Vehicle #2     Make: CHEV     Model: SIL     Colour: BLK     Style: PK,5/3/2021 10:37:06 AM,539395.2561,4808472.938,Q4,Weekend,FALSE
6592,50073,19290475,12/14/2019 11:00:00 PM,2019,12,14,23,0,Saturday,543475.0125,4807311.808,-80.462973,43.417442,Non intersection,2,P.D. only,Off roadway,SMV,Dark,Municipal,No control,Unknown,FALSE,FALSE,FALSE,Snow,FALSE,Road 1: 141 FALLOWFIELD DR (50 km/h); Road 2: FALLOWFIELD DR; Distance: 0.0 M N; Vehicle #1     Make:      Model:      Colour:      Style: ; Vehicle #2     Make: DODG     Model: RAM     Colour:      Style:,5/3/2021 10:37:36 AM,543475.0125,4807311.808,Q4,Weekend,FALSE
6593,50074,19290477,12/14/2019 11:36:00 PM,2019,12,14,23,36,Saturday,538425.2156,4806631.129,-80.525397,43.411589,Intersection,2,P.D. only,Off roadway,SMV,Dark,Municipal,Sign Control,Functioning,FALSE,FALSE,FALSE,Snow,FALSE,Road 1: FOXGLOVE CRESCENT (50 km/h); Road 2: PROSPERITY DR (50 km/h); Vehicle #1     Make: ACUR     Model: MDX     Colour: GRY     Style: TY,5/3/2021 10:38:44 AM,538425.2156,4806631.129,Q4,Weekend,FALSE
6594,50075,19290945,12/15/2019 4:00:00 PM,2019,12,15,16,0,Sunday,545219.2843,4806416.669,-80.441502,43.409279,Non intersection,2,P.D. only,On roadway,Other,Dusk,Municipal,No control,Unknown,FALSE,FALSE,FALSE,Clear,TRUE,Road 1: WABANAKI DR; Road 2: KEVCO PL; Vehicle #1     Make: DODG     Model: CAR     Colour: GRY     Style: VN; Vehicle #2     Make: NISS     Model: PFI     Colour: BLK     Style: TY; Vehicle #3     Make:      Model:      Colour:      Style:,5/3/2021 10:38:24 AM,545219.2843,4806416.669,Q4,Weekend,FALSE
6595,50076,19290958,12/15/2019 3:00:00 PM,2019,12,15,15,0,Sunday,540230.3784,4809502.185,-80.50289,43.437345,Intersection,2,Non-reportable,On roadway,Intersection,Daylight,Municipal,Sign Control,Functioning,FALSE,FALSE,FALSE,Clear,TRUE,Road 1: QUEEN'S BLVD; Road 2: NORTH DR; Vehicle #1     Make: TOYT     Model: CTX     Colour: GRY     Style: 4B; Vehicle #2     Make:      Model:      Colour:      Style:,5/3/2021 10:39:25 AM,540230.3784,4809502.185,Q4,Weekend,FALSE
6596,50077,19290970,12/15/2019 5:00:00 PM,2019,12,15,17,0,Sunday,545432.651,4808344.87,-80.438707,43.426628,Intersection,2,P.D. only,On roadway,Rear end,Dark,Municipal,Sign Control,Functioning,FALSE,FALSE,FALSE,Clear,TRUE,Road 1: CEDARWOODS CRES; Road 2: KINGS WAY DR; Vehicle #1     Make: TOYT     Model: RV4     Colour: GRY     Style: TY; Vehicle #2     Make: GMC     Model: TER     Colour: GRN     Style: TY,5/3/2021 10:39:44 AM,545432.651,4808344.87,Q4,Weekend,FALSE
6597,50078,19291625,12/14/2019 2:15:00 PM,2019,12,14,14,15,Saturday,536288.1358,4808320.883,-80.55168,43.42691,Private Drive,2,Non-reportable,On roadway,SMV,Daylight,Municipal,No control,Unknown,FALSE,FALSE,FALSE,Snow,TRUE,Road 1: 192 WESTMEADOW DR; Vehicle #1     Make:      Model:      Colour:      Style: ; Vehicle #2     Make: HYUN     Model: TUC     Colour: GRY     Style: TY,5/3/2021 10:41:19 AM,536288.1358,4808320.883,Q4,Weekend,FALSE
6598,50079,19291679,12/15/2019 10:00:00 PM,2019,12,15,22,0,Sunday,536410.0365,4808443.476,-80.550166,43.428008,Non intersection,2,P.D. only,On roadway,SMV,Dark,Municipal,No control,Unknown,FALSE,FALSE,FALSE,Clear,TRUE,Road 1: WESTMEADOW DR; Road 2: IVY LN CT; Distance: 25.0 M S; Vehicle #1     Make:      Model:      Colour:      Style: ; Vehicle #2     Make: TOYT     Model: TIM     Colour: BLK     Style: 4B,5/3/2021 10:38:06 AM,536410.0365,4808443.476,Q4,Weekend,FALSE