,OBJECTID,ACCIDENTNUM,ACCIDENTDATE,ACCIDENT_YEAR,ACCIDENT_MONTH,ACCIDENT_DAY,ACCIDENT_HOUR,ACCIDENT_MINUTE,Accident_Day,XCOORD,YCOORD,LONGITUDE,LATITUDE,Accident_Location,COLLISIONTYPE,Accident_Type,Impact_Location,Impact_Type,Light,Road_Jurisdication,Traffic_Control,Traffic_Control_Condition,Pedestrian_Involved,Cyclist_Involved,Motorcyclist_Involved,Environment_Condition,Self_Reported,XMLIMPORTNOTES,LASTEDITEDDATE,x,y,Quarter,Day_Type,Vulnerable_Involved
6649,50130,20005262,1/8/2020 7:45:00 AM,2020,1,8,7,45,Wednesday,545049.3022,4810838.345,-80.443237,43.449102,Intersection,2,P.D. only,On roadway,Rear end,Dawn,Regional,Signal Control,Functioning,FALSE,FALSE,FALSE,Clear,TRUE,Road 1: RIVER RD E; Road 2: HOLBORN DR; Vehicle #1     Make: HYUN     Model: ELA     Colour: GRY     Style: 4D; Vehicle #2     Make: FORD     Model: SPE     Colour: BRN     Style: TY,5/3/2021 10:40:04 AM,545049.3022,4810838.345,Q1,Working,FALSE
6650,50131,20005305,1/8/2020 9:00:00 AM,2020,1,8,9,0,Wednesday,543100.3719,4807372.736,-80.467596,43.418012,Non intersection,2,P.D. only,On roadway,Rear end,Daylight,Municipal,No control,Unknown,FALSE,FALSE,FALSE,Clear,TRUE,Road 1: 12 FALLOWFIELD DR; Vehicle #1     Make: TOYT     Model: RG4     Colour: GRY     Style: TY; Vehicle #2     Make: KIA     Model: SOR     Colour: RED     Style: TY,5/3/2021 10:39:01 AM,543100.3719,4807372.736,Q1,Working,FALSE
6651,50132,20005316,1/8/2020 9:00:00 AM,2020,1,8,9,0,Wednesday,545314.3991,4804471.235,-80.440489,43.391756,Intersection,2,P.D. only,On roadway,Intersection,Daylight,Municipal,No control,Functioning,FALSE,FALSE,FALSE,Clear,TRUE,Road 1: DOON VILLAGE; Road 2: BECHTEL; Vehicle #1     Make: FORD     Model: DRW     Colour: WHI     Style: CB; Vehicle #2     Make: VOLK     Model: JSI     Colour: RED     Style: 4D,5/3/2021 10:40:46 AM,545314.3991,4804471.235,Q1,Working,FALSE
6652,50133,20005329,1/8/2020 8:30:00 AM,2020,1,8,8,30,Wednesday,538283.8943,4809971.694,-80.526908,43.441675,Private Drive,2,P.D. only,On roadway,SMV,Daylight,Municipal,No control,Unknown,FALSE,FALSE,FALSE,Other,TRUE,Road 1: 15 MARKWOOD DR; Road 2: CHOPIN DR; Vehicle #1     Make: CHEV     Model: EQU     Colour: BLK     Style: TY; Vehicle #2     Make: CADI     Model: XT5     Colour: BLK     Style: TY,5/3/2021 10:41:51 AM,538283.8943,4809971.694,Q1,Working,FALSE
6653,50134,20005455,1/8/2020 12:18:00 PM,2020,1,8,12,18,Wednesday,539077.5329,4811111.76,-80.51702,43.451899,Intersection,2,P.D. only,On roadway,Intersection,Daylight,Regional,Signal Control,Functioning,FALSE,FALSE,FALSE,Clear,FALSE,Road 1: BELMONT AVE W (60 km/h); Road 2: GLASGOW ST (60 km/h); Vehicle #1     Make: SUZI     Model: CXS     Colour: GRY     Style: 4D; Vehicle #2     Make: FORD     Model: COF     Colour: BLU     Style: PK,5/3/2021 10:40:08 AM,539077.5329,4811111.76,Q1,Working,FALSE
6654,50135,20005594,1/8/2020 7:35:00 AM,2020,1,8,7,35,Wednesday,539489.8128,4808594.286,-80.512106,43.42921,Intersection,2,Non-reportable,On roadway,Intersection,Dawn,Municipal,No control,Functioning,FALSE,FALSE,FALSE,Clear,TRUE,Road 1: FOREST HILL DR; Road 2: WARREN RD; Vehicle #1     Make: TOYT     Model: VEN     Colour: BLK     Style: TY; Vehicle #2     Make: TOYT     Model: RV4     Colour: WHI     Style: TY,5/3/2021 10:40:46 AM,539489.8128,4808594.286,Q1,Working,FALSE
6655,50136,20005643,1/8/2020 3:38:00 PM,2020,1,8,15,38,Wednesday,541927.0881,4808854.186,-80.481975,43.431418,Private Drive,2,P.D. only,Off roadway,SMV,Daylight,Municipal,No control,Unknown,FALSE,FALSE,FALSE,Clear,FALSE,Road 1: 16 KELVIN AVE (50 km/h); Road 2: KELVIN AVE; Distance: 10.0 M E; Vehicle #1     Make: KIA     Model: OEX     Colour: SIL     Style: 4D,5/3/2021 10:41:06 AM,541927.0881,4808854.186,Q1,Working,FALSE
6656,50137,20005667,1/8/2020 4:00:00 PM,2020,1,8,16,0,Wednesday,542957.3584,4807451.706,-80.469356,43.418731,Private Drive,2,P.D. only,On roadway,Intersection,Daylight,Regional,No control,Unknown,FALSE,FALSE,FALSE,Clear,FALSE,Road 1: 158 BLOCK LINE RD (50 km/h); Road 2: BLOCK LINE RD; Distance: 5.0 M W; Vehicle #1     Make: CHRY     Model: TWC     Colour: SIL     Style: VN; Vehicle #2     Make: HOND     Model: CVL     Colour: SIL     Style: 4D,5/3/2021 10:40:58 AM,542957.3584,4807451.706,Q1,Working,FALSE
6657,50138,20006063,1/8/2020 9:00:00 PM,2020,1,8,21,0,Wednesday,536965.9412,4806519.758,-80.543428,43.41066,Non intersection,2,Non-reportable,On roadway,SMV,Dark,Municipal,No control,Unknown,FALSE,FALSE,FALSE,Clear,TRUE,Road 1: 39 STONEHENGE PLACE; Vehicle #1     Make: TOYT     Model: RG4     Colour: BRN     Style: TY; Vehicle #2     Make:      Model:      Colour:      Style:,5/3/2021 10:39:04 AM,536965.9412,4806519.758,Q1,Working,FALSE
6658,50139,20006351,1/8/2020 5:50:00 PM,2020,1,8,17,50,Wednesday,539869.3654,4810632.217,-80.507268,43.44754,Intersection,2,P.D. only,On roadway,Other,Dark,Municipal,Sign Control,Unknown,FALSE,FALSE,FALSE,Clear,TRUE,Road 1: STRANGE ST; Road 2: CHERRY ST; Vehicle #1     Make: FORD     Model: RNG     Colour: GRY     Style: PK; Vehicle #2     Make: CHEV     Model: ML1     Colour: WHI     Style: 4D,5/3/2021 10:40:06 AM,539869.3654,4810632.217,Q1,Working,FALSE
6659,50140,20006596,1/9/2020 2:10:00 PM,2020,1,9,14,10,Thursday,541853.182,4810586.116,-80.482755,43.447016,Non intersection,2,P.D. only,On roadway,SMV,Daylight,Regional,No control,Unknown,FALSE,FALSE,FALSE,Clear,TRUE,Road 1: KING ST E; Road 2: CEDAR ST N; Vehicle #1     Make: KIA     Model: SOU     Colour: RED     Style: TY; Vehicle #2     Make: WORK     Model: W31     Colour: BRN     Style: PD,8/16/2022 3:00:24 PM,541853.182,4810586.116,Q1,Weekend,FALSE
6660,50141,20006636,1/9/2020 7:07:00 PM,2020,1,9,19,7,Thursday,540297.8827,4811902.123,-80.501879,43.458951,Non intersection,2,P.D. only,On roadway,Other,Dark,Municipal,No control,Unknown,FALSE,FALSE,FALSE,Clear,FALSE,Road 1: 151 WATERLOO ST (50 km/h); Road 2: WATERLOO ST; Distance: 0.0 M S; Vehicle #1     Make: TOYT     Model: CTR     Colour: GRY     Style: 4B; Vehicle #2     Make: DODG     Model: CTX     Colour: GRN     Style: 2D,5/3/2021 10:37:35 AM,540297.8827,4811902.123,Q1,Weekend,FALSE
6661,50142,20006642,1/9/2020 8:00:00 AM,2020,1,9,8,0,Thursday,539404.0157,4810382.812,-80.513037,43.445319,Intersection,2,Non-reportable,On roadway,Rear end,Daylight,Municipal,Sign Control,Functioning,FALSE,FALSE,FALSE,Clear,TRUE,Road 1: KARN ST; Road 2: BELMONT AVE W; Vehicle #1     Make: HOND     Model: UDY     Colour: BLU     Style: VN; Vehicle #2     Make: NISS     Model: ATS     Colour: WHI     Style: 4D,5/3/2021 10:39:20 AM,539404.0157,4810382.812,Q1,Weekend,FALSE
6662,50143,20006907,1/10/2020 8:10:00 AM,2020,1,10,8,10,Friday,540485.217,4809734.989,-80.499724,43.439428,Intersection,2,P.D. only,On roadway,Intersection,Dawn,Municipal,Sign Control,Functioning,FALSE,FALSE,FALSE,Rain,FALSE,Road 1: QUEENS BLVD (50 km/h); Road 2: SPADINA RD E (50 km/h); Vehicle #1     Make: HOND     Model: CCL     Colour: WHI     Style: 4D; Vehicle #2     Make: CHEV     Model: ORL     Colour: BRN     Style: TY,5/3/2021 10:40:17 AM,540485.217,4809734.989,Q1,Weekend,FALSE
6663,50144,20007159,1/10/2020 1:15:00 PM,2020,1,10,13,15,Friday,545047.7507,4810839.632,-80.443256,43.449114,Intersection,1,Non-fatal injury,On roadway,SMV,Daylight,Regional,Signal Control,Functioning,TRUE,FALSE,FALSE,Rain,FALSE,Road 1: RIVER RD E (50 km/h); Road 2: HOLBORN DR (50 km/h); Vehicle #1     Make:      Model:      Colour:      Style:,5/3/2021 10:40:05 AM,545047.7507,4810839.632,Q1,Weekend,FALSE
6664,50145,20007559,1/10/2020 8:24:00 PM,2020,1,10,20,24,Friday,542463.807,4812073.921,-80.475093,43.460378,Non intersection,2,P.D. only,On roadway,Rear end,Dark,Regional,No control,Unknown,FALSE,FALSE,FALSE,Other,TRUE,Road 1: EDNA ST; Road 2: VICTORIA ST N; Vehicle #1     Make: DODG     Model: CAR     Colour: WHI     Style: VN; Vehicle #2     Make: VOLK     Model: RAB     Colour: GRN     Style: 4D,5/3/2021 10:39:04 AM,542463.807,4812073.922,Q1,Weekend,FALSE
6665,50146,20007813,1/6/2020 12:00:00 PM,2020,1,6,12,0,Monday,539728.4558,4806863.014,-80.509284,43.413609,Private Drive,2,Non-reportable,On roadway,SMV,Daylight,Municipal,No control,Unknown,FALSE,FALSE,FALSE,Clear,TRUE,Road 1: 148 WOODPOPPY COURT; Vehicle #1     Make:      Model:      Colour:      Style: ; Vehicle #2     Make: HOND     Model: UCL     Colour: GRY     Style: 4D,5/3/2021 10:41:39 AM,539728.4558,4806863.014,Q1,Working,FALSE
6666,50147,20007814,1/5/2020 10:45:00 AM,2020,1,5,10,45,Sunday,542870.4404,4803878.907,-80.47071,43.386567,Private Drive,2,Non-reportable,On roadway,SMV,Daylight,Municipal,No control,Unknown,FALSE,FALSE,FALSE,Snow,TRUE,Road 1: 30 TUDOR ST; Vehicle #1     Make:      Model:      Colour:      Style: ; Vehicle #2     Make: JEEP     Model: WUL     Colour: SIL     Style: TY,5/3/2021 10:41:53 AM,542870.4404,4803878.907,Q1,Weekend,FALSE
6667,50148,20007815,1/10/2020 1:00:00 PM,2020,1,10,13,0,Friday,543655.4288,4809212.863,-80.460593,43.434549,Private Drive,2,P.D. only,On roadway,SMV,Daylight,Municipal,No control,Unknown,FALSE,FALSE,FALSE,Other,TRUE,Road 1: 105 PLYMOUTH RD; Vehicle #1     Make:      Model:      Colour:      Style: ; Vehicle #2     Make: VOLK     Model: JES     Colour: GRY     Style: 4D,5/3/2021 10:41:53 AM,543655.4288,4809212.863,Q1,Weekend,FALSE
6668,50149,20007846,1/10/2020 3:45:00 PM,2020,1,10,15,45,Friday,544202.5263,4803648.884,-80.454283,43.384418,Non intersection,2,Non-reportable,On roadway,Rear end,Daylight,Regional,No control,Unknown,FALSE,FALSE,FALSE,Rain,TRUE,Road 1: CARYNDALE DR (IFO 429); Road 2: HEARTHWOOD DR; Vehicle #1     Make: HYUN     Model: ESE     Colour: BLU     Style: 4D; Vehicle #2     Make:      Model:      Colour:      Style:,5/3/2021 10:37:39 AM,544202.5263,4803648.884,Q1,Weekend,FALSE
6669,50150,20008010,1/11/2020 1:00:00 PM,2020,1,11,13,0,Saturday,545831.8296,4802616.685,-80.434255,43.375027,Intersection,2,P.D. only,On roadway,Intersection,Daylight,Municipal,No control,Functioning,FALSE,FALSE,FALSE,Rain,TRUE,Road 1: THOMAS SLEE DR; Road 2: DOON S DR; Vehicle #1     Make: KIA     Model: FLG     Colour: GRN     Style: 4D; Vehicle #2     Make: BMW     Model: BX5     Colour: BLK     Style: 4W,5/3/2021 10:40:47 AM,545831.8296,4802616.685,Q1,Weekend,FALSE
6670,50151,20008176,1/11/2020 5:34:00 PM,2020,1,11,17,34,Saturday,541847.6466,4806853.51,-80.48311,43.413408,Private Drive,2,P.D. only,Off roadway,SMV,Dusk,Municipal,No control,Unknown,FALSE,FALSE,FALSE,Rain,FALSE,Road 1: RITTENHOUSE RD (50 km/h); Road 2: BLOCK LINE RD; Distance: 60.0 M E; Vehicle #1     Make: NISS     Model: MUR     Colour: GRY     Style: TY; Vehicle #2     Make: TOYT     Model: CBS     Colour: BLK     Style: 4D,5/3/2021 10:41:07 AM,541847.6466,4806853.51,Q1,Weekend,FALSE
6671,50152,20008977,1/12/2020 6:10:00 PM,2020,1,12,18,10,Sunday,547147.6549,4808436.68,-80.417512,43.427348,Private Drive,2,Non-reportable,On roadway,SMV,Dark,Municipal,No control,Unknown,FALSE,FALSE,FALSE,Clear,TRUE,Road 1: 49 GRAND RIVER BLVD; Vehicle #1     Make:      Model:      Colour:      Style: ; Vehicle #2     Make: FORD     Model: SPE     Colour: GRY     Style: TY,5/3/2021 10:41:02 AM,547147.6549,4808436.68,Q1,Weekend,FALSE
6672,50153,20009433,1/12/2020 10:00:00 PM,2020,1,12,22,0,Sunday,540929.0946,4808395.884,-80.49434,43.427346,Private Drive,2,Non-reportable,On roadway,SMV,Dark,Municipal,No control,Unknown,FALSE,FALSE,FALSE,Clear,TRUE,Road 1: 38 YAGER AVE; Vehicle #1     Make:      Model:      Colour:      Style: ; Vehicle #2     Make: SUBA     Model: IPR     Colour: WHI     Style: SW,5/3/2021 10:41:22 AM,540929.0946,4808395.884,Q1,Weekend,FALSE
6673,50154,20010067,5/14/2020 3:50:00 PM,2020,5,14,15,50,Thursday,539079.7383,4811109.158,-80.516993,43.451876,Intersection,2,P.D. only,On roadway,Intersection,Daylight,Municipal,Signal Control,Functioning,FALSE,FALSE,FALSE,Rain,TRUE,Road 1: BELMONT AVE W; Road 2: GLASGOW ST; Vehicle #1     Make: RAM     Model: RTR     Colour: BLK     Style: CW; Vehicle #2     Make: AUDI     Model: Q5     Colour: BLU     Style: TY,5/13/2021 11:30:09 AM,539079.7383,4811109.158,Q2,Weekend,FALSE
6674,50155,20010125,1/14/2020 9:00:00 AM,2020,1,14,9,0,Tuesday,549201.0632,4806303.6,-80.392336,43.40801,Private Drive,2,Non-reportable,On roadway,Rear end,Daylight,Regional,No control,Unknown,FALSE,FALSE,FALSE,Clear,TRUE,Road 1: 50 GATEWAY PARK DR; Road 2: SPORTSWORLD DRIVE; Vehicle #1     Make: TOYT     Model: RG4     Colour: WHI     Style: TY; Vehicle #2     Make: MAZD     Model: 3TR     Colour: BLK     Style: 4D,5/3/2021 10:41:06 AM,549201.0632,4806303.6,Q1,Working,FALSE
6675,50156,20010428,1/14/2020 4:15:00 PM,2020,1,14,16,15,Tuesday,542544.1427,4810065.596,-80.474257,43.442291,Non intersection,2,P.D. only,On roadway,Intersection,Daylight,Municipal,No control,Unknown,FALSE,FALSE,FALSE,Clear,FALSE,Road 1: KING ST E (50 km/h); Road 2: BORDEN AVE N (50 km/h); Distance: 20.0 M W; Vehicle #1     Make: HOND     Model: UCL     Colour: GRY     Style: 4D; Vehicle #2     Make: DODG     Model: CJO     Colour: GRY     Style: TY,5/3/2021 10:37:17 AM,542544.1427,4810065.596,Q1,Working,FALSE
6676,50157,20010478,1/14/2020 4:00:00 PM,2020,1,14,16,0,Tuesday,540031.6869,4809302.111,-80.50536,43.435555,Private Drive,2,Non-reportable,On roadway,SMV,Daylight,Municipal,No control,Unknown,FALSE,FALSE,FALSE,Clear,TRUE,Road 1: 1097 QUEEN'S BLVD; Vehicle #1     Make: PONT     Model: CMO     Colour: RED     Style: VN; Vehicle #2     Make: CHEV     Model: CZT     Colour: WHI     Style: 4D,5/3/2021 10:41:07 AM,540031.6869,4809302.111,Q1,Working,FALSE
6677,50158,20011183,1/15/2020 3:40:00 PM,2020,1,15,15,40,Wednesday,540417.3026,4805790.386,-80.500855,43.403914,Non intersection,2,P.D. only,On roadway,Intersection,Daylight,Municipal,No control,Unknown,FALSE,FALSE,FALSE,Clear,TRUE,Road 1: 124 HELENA FEASBY ST; Vehicle #1     Make: HYUN     Model: ETG     Colour: BLU     Style: 4B; Vehicle #2     Make: HOND     Model: UEX     Colour: WHI     Style: 4D,5/3/2021 10:38:37 AM,540417.3026,4805790.386,Q1,Working,FALSE
6678,50159,20011687,1/16/2020 8:59:00 AM,2020,1,16,8,59,Thursday,541648.8414,4813715.551,-80.485042,43.475205,Non intersection,2,P.D. only,On roadway,Intersection,Daylight,Regional,No control,Unknown,FALSE,FALSE,FALSE,Clear,TRUE,Road 1: HAMEL AVE; Road 2: LANCASTER ST W; Vehicle #1     Make: SUBA     Model: O2L     Colour: BRN     Style: SW; Vehicle #2     Make: VOLK     Model: CIG     Colour: GRN     Style: TY,5/3/2021 10:38:23 AM,541648.8414,4813715.551,Q1,Weekend,FALSE
6679,50160,20012015,1/16/2020 3:57:00 PM,2020,1,16,15,57,Thursday,540626.385,4811589.246,-80.497842,43.456116,Non intersection,2,P.D. only,Off roadway,SMV,Daylight,Regional,No control,Unknown,FALSE,FALSE,FALSE,Clear,FALSE,Road 1: 109 WELLINGTON ST N (50 km/h); Road 2: DUKE ST E; Distance: 100.0 M W; Vehicle #1     Make: KIA     Model: SLE     Colour: RED     Style: 4D,5/3/2021 10:37:10 AM,540626.385,4811589.246,Q1,Weekend,FALSE
6680,50161,20012073,5/29/2020 1:00:00 PM,2020,5,29,13,0,Friday,540024.602,4810932.76,-80.505328,43.450237,Non intersection,2,P.D. only,On roadway,Rear end,Daylight,Municipal,No control,Unknown,FALSE,FALSE,FALSE,Clear,TRUE,Road 1: 166 PARK ST; Vehicle #1     Make: HYUN     Model: CTO     Colour: BLU     Style: SW; Vehicle #2     Make: JEEP     Model: WUL     Colour: BRN     Style: TY,5/13/2021 11:33:12 AM,540024.602,4810932.761,Q2,Weekend,FALSE
6681,50162,20012084,1/16/2020 5:04:00 PM,2020,1,16,17,4,Thursday,537191.3044,4807270.619,-80.540594,43.417409,Intersection,2,P.D. only,Off roadway,Other,Dusk,Municipal,Sign Control,Functioning,FALSE,FALSE,FALSE,Clear,FALSE,Road 1: ROLLING MEADOWS DR (50 km/h); Road 2: DRIFTWOOD DR (50 km/h); Distance: 2.0 M W; Vehicle #1     Make: KIA     Model: FLX     Colour: BLK     Style: 4D; Vehicle #2     Make:      Model:      Colour:      Style:,5/3/2021 10:39:20 AM,537191.3044,4807270.619,Q1,Weekend,FALSE
6682,50163,20012504,1/14/2020 3:15:00 PM,2020,1,14,15,15,Tuesday,542313.0351,4810287.71,-80.477096,43.444304,Intersection,2,P.D. only,On roadway,Rear end,Daylight,Municipal,Signal Control,Functioning,FALSE,FALSE,FALSE,Clear,TRUE,Road 1: STIRLING AVE S; Road 2: KING ST KITCHENER; Vehicle #1     Make: TOYT     Model: SIE     Colour: GRY     Style: VN; Vehicle #2     Make: CHEV     Model: BEG     Colour: GRY     Style: 4B,5/3/2021 10:39:45 AM,542313.0351,4810287.711,Q1,Working,FALSE
6683,50164,20012546,1/17/2020 8:45:00 AM,2020,1,17,8,45,Friday,544058.4392,4804732.243,-80.455975,43.394181,Non intersection,2,P.D. only,On roadway,SMV,Daylight,Municipal,No control,Unknown,FALSE,FALSE,FALSE,Clear,TRUE,Road 1: MAXWELL DR (IFO 95 MAXWELL DR); Vehicle #1     Make: HOND     Model: CCL     Colour: WHI     Style: 4D; Vehicle #2     Make: HYUN     Model: SAN     Colour: SIL     Style: TY,5/3/2021 10:38:26 AM,544058.4392,4804732.243,Q1,Weekend,FALSE
6684,50165,20012702,1/16/2020 9:30:00 AM,2020,1,16,9,30,Thursday,539317.2839,4810614.609,-80.514092,43.44741,Intersection,2,P.D. only,On roadway,Intersection,Daylight,Regional,Signal Control,Functioning,FALSE,FALSE,FALSE,Clear,TRUE,Road 1: BELMONT AVE W; Road 2: GAGE AVE; Vehicle #1     Make: HOND     Model: CRV     Colour: BLU     Style: TY; Vehicle #2     Make: HOND     Model: PIL     Colour: BLU     Style: TY,5/3/2021 10:39:46 AM,539317.2839,4810614.609,Q1,Weekend,FALSE
6685,50166,20012869,1/17/2020 4:10:00 PM,2020,1,17,16,10,Friday,543362.7407,4807655.47,-80.464333,43.420543,Intersection,2,P.D. only,On roadway,Intersection,Daylight,Municipal,Sign Control,Functioning,FALSE,FALSE,FALSE,Clear,TRUE,Road 1: LENNOX LEWIS WAY; Road 2: BLOCKLINE RD; Vehicle #1     Make: HYUN     Model: ESS     Colour: WHI     Style: 4D; Vehicle #2     Make: PONT     Model: GPG     Colour: GRY     Style: 4D,5/3/2021 10:39:47 AM,543362.7407,4807655.47,Q1,Weekend,FALSE
6686,50167,20013042,1/13/2020 6:00:00 PM,2020,1,13,18,0,Monday,539211.3051,4809090.708,-80.515512,43.433695,Private Drive,2,Non-reportable,On roadway,SMV,Dark,Municipal,No control,Unknown,FALSE,FALSE,FALSE,Clear,TRUE,Road 1: 92 OVERLEA DR (ALLEY); Vehicle #1     Make:      Model:      Colour:      Style: ; Vehicle #2     Make: HOND     Model: UCL     Colour: SIL     Style: 4D,5/3/2021 10:41:15 AM,539211.3051,4809090.708,Q1,Working,FALSE
6687,50168,20013325,1/18/2020 3:21:00 AM,2020,1,18,3,21,Saturday,543070.9296,4812801.088,-80.467531,43.466891,Intersection,2,P.D. only,Other,SMV,Dark,Regional,No control,Functioning,FALSE,FALSE,FALSE,Clear,FALSE,Road 1: WELLINGTON ST N (50 km/h); Road 2: RIVERBEND DR (50 km/h); Vehicle #1     Make: KIA     Model: FNG     Colour: BLU     Style: 4D,5/3/2021 10:40:02 AM,543070.9296,4812801.088,Q1,Weekend,FALSE
6688,50169,20013414,1/17/2020 8:30:00 AM,2020,1,17,8,30,Friday,541553.2778,4812644.491,-80.486305,43.465567,Non intersection,2,Non-reportable,On roadway,Intersection,Daylight,Municipal,No control,Unknown,FALSE,FALSE,FALSE,Clear,TRUE,Road 1: GUELPH ST; Road 2: ST VINCENT ST; Vehicle #1     Make: INTL     Model: PB1     Colour: YEL     Style: BU; Vehicle #2     Make:      Model:      Colour:      Style:,5/3/2021 10:37:39 AM,541553.2778,4812644.491,Q1,Weekend,FALSE
6689,50170,20013551,1/16/2020 7:30:00 PM,2020,1,16,19,30,Thursday,542155.063,4804205.067,-80.479517,43.389544,Non intersection,2,P.D. only,On roadway,Intersection,Dark,Municipal,No control,Unknown,FALSE,FALSE,FALSE,Snow,TRUE,Road 1: PARKVALE DR; Road 2: BIANCA CT; Vehicle #1     Make: KIA     Model: SEV     Colour: WHI     Style: TY; Vehicle #2     Make: VOLK     Model: JTD     Colour: BLK     Style: 4D,5/3/2021 10:38:27 AM,542155.063,4804205.067,Q1,Weekend,FALSE
6690,50171,20014046,1/19/2020 2:29:00 AM,2020,1,19,2,29,Sunday,544022.4861,4812311.822,-80.455808,43.46243,Intersection,2,P.D. only,Off roadway,SMV,Dark,Municipal,Sign Control,Unknown,FALSE,FALSE,FALSE,Snow,FALSE,Road 1: AVON RD (50 km/h); Road 2: BURLINGTON DR (50 km/h); Distance: 15.0 M S; Vehicle #1     Make: HOND     Model: UCL     Colour: WHI     Style: 4D,5/3/2021 10:39:16 AM,544022.4861,4812311.822,Q1,Weekend,FALSE
6691,50172,20014196,1/20/2020 10:30:00 AM,2020,1,20,10,30,Monday,544064.8993,4805071.737,-80.455868,43.397238,Non intersection,2,P.D. only,On roadway,Other,Daylight,Municipal,No control,Unknown,FALSE,FALSE,FALSE,Clear,TRUE,Road 1: BIEHN DR; Road 2: OLD HURON PL; Vehicle #1     Make: TOYT     Model: CTR     Colour: BLU     Style: 4B; Vehicle #2     Make: PONT     Model: CMO     Colour: RED     Style: VN,5/3/2021 10:38:54 AM,544064.8993,4805071.737,Q1,Working,FALSE
6692,50173,20014232,1/19/2020 11:30:00 AM,2020,1,19,11,30,Sunday,540586.4718,4812891.317,-80.498238,43.467842,Non intersection,2,P.D. only,Off roadway,SMV,Daylight,Municipal,No control,Unknown,FALSE,FALSE,FALSE,Clear,FALSE,Road 1: UNION ST (50 km/h); Road 2: MARGARET AVE; Distance: 200.0 K E; Vehicle #1     Make:      Model:      Colour:      Style:,5/3/2021 10:37:39 AM,540586.4718,4812891.317,Q1,Weekend,FALSE
6693,50174,20014238,1/19/2020 11:50:00 AM,2020,1,19,11,50,Sunday,542992.1777,4809894.401,-80.468734,43.440724,Intersection,2,P.D. only,On roadway,Rear end,Daylight,Regional,No control,Functioning,FALSE,FALSE,FALSE,Snow,TRUE,Road 1: KING ST E; Road 2: SHELDON AVE N; Distance:  S; Vehicle #1     Make: FORD     Model: SPE     Colour: BLK     Style: TY; Vehicle #2     Make: FORD     Model: SPE     Colour: RED     Style: TY,8/16/2022 3:03:59 PM,542992.1777,4809894.401,Q1,Weekend,FALSE
6694,50175,20014264,1/19/2020 11:15:00 AM,2020,1,19,11,15,Sunday,541141.8478,4806764.189,-80.491834,43.412643,Intersection,2,P.D. only,On roadway,Rear end,Daylight,Regional,No control,Functioning,FALSE,FALSE,FALSE,Clear,TRUE,Road 1: BLOCK LINE RD; Road 2: LAURENTIAN DR; Vehicle #1     Make: KIA     Model: SOR     Colour: GRY     Style: TY; Vehicle #2     Make: DODG     Model: CAR     Colour: SIL     Style: VN,5/3/2021 10:39:41 AM,541141.8478,4806764.189,Q1,Weekend,FALSE
6695,50176,20014748,1/20/2020 7:24:00 AM,2020,1,20,7,24,Monday,537363.7738,4810274.48,-80.538258,43.444448,Non intersection,2,P.D. only,On roadway,Other,Dawn,Regional,No control,Unknown,FALSE,FALSE,FALSE,Clear,FALSE,Road 1: GLASGOW ST (40 km/h); Road 2: FISCHER HALLMAN RD; Distance: 400.0 M E; Vehicle #1     Make: TOYT     Model: UVS     Colour: WHI     Style: 4D; Vehicle #2     Make: PONT     Model: G5T     Colour: RED     Style: 4D,5/3/2021 10:37:01 AM,537363.7738,4810274.48,Q1,Working,FALSE
6696,50177,20014849,1/20/2020 9:30:00 AM,2020,1,20,9,30,Monday,542638.7682,4807384.783,-80.473297,43.418147,Non intersection,2,P.D. only,On roadway,Rear end,Daylight,Regional,No control,Unknown,FALSE,FALSE,FALSE,Clear,TRUE,Road 1: 488 KINGSWOOD DR; Vehicle #1     Make: NISS     Model: A3L     Colour: SIL     Style: 4D; Vehicle #2     Make: DODG     Model: CAR     Colour: SIL     Style: VN,5/3/2021 10:38:57 AM,542638.7682,4807384.783,Q1,Working,FALSE
6697,50178,20014859,1/20/2020 10:00:00 AM,2020,1,20,10,0,Monday,544062.765,4804468.013,-80.455943,43.391802,Intersection,2,P.D. only,On roadway,Intersection,Daylight,Municipal,Sign Control,Functioning,FALSE,FALSE,FALSE,Clear,TRUE,Road 1: BIEHN DR; Road 2: MARL MEADOW DR; Vehicle #1     Make:      Model:      Colour:      Style: ; Vehicle #2     Make: LINC     Model: MSA     Colour: WHI     Style: 4D,5/3/2021 10:40:43 AM,544062.765,4804468.013,Q1,Working,FALSE