,OBJECTID,ACCIDENTNUM,ACCIDENTDATE,ACCIDENT_YEAR,ACCIDENT_MONTH,ACCIDENT_DAY,ACCIDENT_HOUR,ACCIDENT_MINUTE,Accident_Day,XCOORD,YCOORD,LONGITUDE,LATITUDE,Accident_Location,COLLISIONTYPE,Accident_Type,Impact_Location,Impact_Type,Light,Road_Jurisdication,Traffic_Control,Traffic_Control_Condition,Pedestrian_Involved,Cyclist_Involved,Motorcyclist_Involved,Environment_Condition,Self_Reported,XMLIMPORTNOTES,LASTEDITEDDATE,x,y,Quarter,Day_Type,Vulnerable_Involved
6698,50179,20015097,1/20/2020 3:03:00 PM,2020,1,20,15,3,Monday,538483.413,4808073.347,-80.524577,43.424572,Non intersection,2,P.D. only,On roadway,Intersection,Daylight,Municipal,No control,Unknown,FALSE,FALSE,FALSE,Clear,FALSE,Road 1: HICKORY HEIGHTS CRESCENT (50 km/h); Road 2: ELM RIDGE DR; Distance: 80.0 M E; Vehicle #1     Make: VOLK     Model: JSA     Colour: BLK     Style: 4D; Vehicle #2     Make: HYUN     Model: SFT     Colour: SIL     Style: TY,5/3/2021 10:37:33 AM,538483.413,4808073.347,Q1,Working,FALSE
6699,50180,20015189,1/20/2020 4:55:00 PM,2020,1,20,16,55,Monday,543568.2323,4804978.714,-80.462008,43.396429,Intersection,2,P.D. only,On roadway,Intersection,Dusk,Regional,Signal Control,Functioning,FALSE,FALSE,FALSE,Clear,FALSE,Road 1: HURON RD (60 km/h); Road 2: BATTLER RD (50 km/h); Vehicle #1     Make: TOYT     Model: RV4     Colour: RED     Style: TY; Vehicle #2     Make: AUDI     Model: C4G     Colour: BLK     Style: 4D,5/3/2021 10:40:10 AM,543568.2323,4804978.714,Q1,Working,FALSE
6700,50181,20015225,1/20/2020 3:30:00 PM,2020,1,20,15,30,Monday,542728.422,4811538.098,-80.471864,43.455538,Non intersection,2,Non-reportable,Off roadway,SMV,Daylight,Municipal,No control,Unknown,FALSE,FALSE,FALSE,Clear,TRUE,Road 1: 240 CHAPEL ST KITCHENER; Vehicle #1     Make:      Model:      Colour:      Style: ; Vehicle #2     Make: TOYT     Model: CEP     Colour: BLU     Style: 4D,5/3/2021 10:37:41 AM,542728.422,4811538.098,Q1,Working,FALSE
6701,50182,20015463,1/21/2020 12:46:00 AM,2020,1,21,0,46,Tuesday,540406.4937,4809169.151,-80.500739,43.434337,Intersection,2,P.D. only,Off roadway,SMV,Dark,Municipal,Sign Control,Unknown,FALSE,FALSE,FALSE,Snow,FALSE,Road 1: BELMONT AVE E (50 km/h); Road 2: SOUTH DR (50 km/h); Distance: 5.0 M S; Vehicle #1     Make: BUIC     Model: RXL     Colour: BLK     Style: 4D,5/3/2021 10:38:44 AM,540406.4937,4809169.151,Q1,Working,FALSE
6702,50183,20015905,1/21/2020 3:50:00 PM,2020,1,21,15,50,Tuesday,543320.7771,4812154.816,-80.464494,43.461057,Intersection,2,P.D. only,On roadway,Intersection,Daylight,Regional,Sign Control,Functioning,FALSE,FALSE,FALSE,Clear,TRUE,Road 1: FREDERICK ST; Road 2: LOIS ST; Vehicle #1     Make: TOYT     Model: PRV     Colour: GRY     Style: SW; Vehicle #2     Make:      Model:      Colour:      Style:,5/3/2021 10:40:03 AM,543320.7771,4812154.816,Q1,Working,FALSE
6703,50184,20016009,1/20/2020 4:30:00 PM,2020,1,20,16,30,Monday,539616.2105,4811374.641,-80.510343,43.454238,Intersection,2,P.D. only,On roadway,Rear end,Daylight,Municipal,Signal Control,Functioning,FALSE,FALSE,FALSE,Clear,TRUE,Road 1: GLASGOW ST; Road 2: PARK ST; Vehicle #1     Make: MAZD     Model: MGR     Colour: WHI     Style: 4D; Vehicle #2     Make: HYUN     Model: ESM     Colour: BLK     Style: 4D,5/3/2021 10:40:44 AM,539616.2105,4811374.641,Q1,Working,FALSE
6704,50185,20016163,1/21/2020 9:17:00 PM,2020,1,21,21,17,Tuesday,545317.0152,4811371.357,-80.439884,43.453885,Intersection,2,P.D. only,On roadway,Other,Dark,Municipal,Sign Control,Unknown,FALSE,FALSE,FALSE,Clear,FALSE,Road 1: MONTCALM DR (50 km/h); Road 2: HAMPTON PL; Distance: 3.0 M S; Vehicle #1     Make: NISS     Model: ROG     Colour: SIL     Style: TY; Vehicle #2     Make: MERZ     Model: MG3     Colour: WHI     Style: TY,5/3/2021 10:39:15 AM,545317.0152,4811371.357,Q1,Working,FALSE
6705,50186,20016353,1/20/2020 3:55:00 PM,2020,1,20,15,55,Monday,545686.0624,4807753.049,-80.435625,43.421283,Other,2,Non-reportable,On roadway,Rear end,Daylight,Regional,No control,Unknown,FALSE,FALSE,FALSE,Clear,TRUE,Road 1: WABANAKI DR; Road 2: FAIRWAY RD S; Vehicle #1     Make: GMC     Model: STV     Colour: YEL     Style: BU; Vehicle #2     Make:      Model:      Colour:      Style:,5/3/2021 10:41:55 AM,545686.0624,4807753.049,Q1,Working,FALSE
6706,50187,20016407,1/22/2020 8:00:00 AM,2020,1,22,8,0,Wednesday,542097.1006,4804325.149,-80.480223,43.390629,Intersection,2,P.D. only,On roadway,Intersection,Daylight,Municipal,Sign Control,Functioning,FALSE,FALSE,FALSE,Clear,TRUE,Road 1: BIANCA COURT; Road 2: SORRENTO ST; Vehicle #1     Make: HYUN     Model: SHY     Colour: BLK     Style: 4D; Vehicle #2     Make:      Model:      Colour:      Style:,5/3/2021 10:40:05 AM,542097.1006,4804325.149,Q1,Working,FALSE
6707,50188,20016682,1/22/2020 12:30:00 PM,2020,1,22,12,30,Wednesday,540262.0873,4811634.47,-80.502341,43.456543,Non intersection,2,P.D. only,Off roadway,SMV,Daylight,Regional,No control,Unknown,FALSE,FALSE,FALSE,Clear,TRUE,Road 1: 66 SHANLEY ST; Road 2: SACRED HEART CHURCH; Vehicle #1     Make:      Model:      Colour:      Style: ; Vehicle #2     Make: JAGU     Model: CJB     Colour: BLK     Style: 4D,5/3/2021 10:39:00 AM,540262.0873,4811634.47,Q1,Working,FALSE
6708,50189,20016687,1/22/2020 10:15:00 AM,2020,1,22,10,15,Wednesday,542767.2268,4809072.215,-80.471578,43.433333,Non intersection,2,P.D. only,On roadway,Intersection,Daylight,Regional,No control,Unknown,FALSE,FALSE,FALSE,Clear,TRUE,Road 1: CARWOOD AVE; Road 2: COURTLAND AVE E; Vehicle #1     Make: TOYT     Model: RV4     Colour: WHI     Style: TY; Vehicle #2     Make: TOYT     Model: MTL     Colour: RED     Style: 4D,5/3/2021 10:38:59 AM,542767.2268,4809072.215,Q1,Working,FALSE
6709,50190,20017675,1/23/2020 6:00:00 PM,2020,1,23,18,0,Thursday,545169.4008,4807296.208,-80.442045,43.417201,Non intersection,2,P.D. only,On roadway,Intersection,Dark,Municipal,No control,Unknown,FALSE,FALSE,FALSE,Clear,TRUE,Road 1: WILSON AVE; Road 2: WEBSTER RD; Vehicle #1     Make: HYUN     Model: ESM     Colour: BLU     Style: 4D; Vehicle #2     Make:      Model:      Colour:      Style:,5/3/2021 10:39:00 AM,545169.4008,4807296.208,Q1,Weekend,FALSE
6710,50191,20018200,1/24/2020 11:30:00 AM,2020,1,24,11,30,Friday,541752.2888,4810651.129,-80.483997,43.447607,Non intersection,2,Non-reportable,Off roadway,SMV,Daylight,Regional,No control,Unknown,FALSE,FALSE,FALSE,Clear,TRUE,Road 1: KING ST E (IFO KITCHENER MARKET); Road 2: CEDAR ST N; Vehicle #1     Make:      Model:      Colour:      Style: ; Vehicle #2     Make: TOYT     Model: MTL     Colour: GRY     Style: 4D,8/16/2022 3:00:15 PM,541752.2888,4810651.129,Q1,Weekend,FALSE
6711,50192,20018214,1/24/2020 11:37:00 AM,2020,1,24,11,37,Friday,544912.5552,4811949.293,-80.444835,43.459113,Non intersection,2,P.D. only,Off roadway,SMV,Daylight,Municipal,No control,Unknown,FALSE,FALSE,FALSE,Clear,FALSE,Road 1: LORRAINE AVE (50 km/h); Road 2: CARSON DR; Distance: 200.0 M N; Vehicle #1     Make: KIA     Model: SPO     Colour: WHI     Style: TY,5/3/2021 10:37:11 AM,544912.5552,4811949.293,Q1,Weekend,FALSE
6712,50193,20018384,1/24/2020 2:00:00 PM,2020,1,24,14,0,Friday,542239.6898,4807839.63,-80.478191,43.422265,Non intersection,2,P.D. only,On roadway,SMV,Daylight,Municipal,No control,Unknown,FALSE,FALSE,FALSE,Rain,TRUE,Road 1: ALPINE RD; Road 2: KINGSWOOD DR; Vehicle #1     Make: VOLK     Model: GFR     Colour: BLU     Style: 4B,5/3/2021 10:39:01 AM,542239.6898,4807839.63,Q1,Weekend,FALSE
6713,50194,20018963,1/25/2020 9:30:00 AM,2020,1,25,9,30,Saturday,541876.1684,4810742.357,-80.482459,43.448422,Intersection,2,Non-reportable,On roadway,Intersection,Daylight,Regional,No control,Functioning,FALSE,FALSE,FALSE,Rain,TRUE,Road 1: CEDAR ST N; Road 2: DUKE ST E; Vehicle #1     Make: CHRY     Model: PIF     Colour: BLK     Style: 4W; Vehicle #2     Make: HYUN     Model: SFT     Colour: BLK     Style: TY,5/3/2021 10:40:25 AM,541876.1684,4810742.357,Q1,Weekend,FALSE
6714,50195,20019048,1/25/2020 12:00:00 PM,2020,1,25,12,0,Saturday,544080.3792,4807527.641,-80.455478,43.41935,Intersection,2,P.D. only,On roadway,Intersection,Daylight,Regional,Sign Control,Functioning,FALSE,FALSE,FALSE,Clear,TRUE,Road 1: BALZER RD; Road 2: COURTLAND AVE E; Vehicle #1     Make: MAZD     Model: TRI     Colour: GRN     Style: TY; Vehicle #2     Make: MAZD     Model: M3I     Colour: BLU     Style: 4D,5/3/2021 10:39:52 AM,544080.3792,4807527.641,Q1,Weekend,FALSE
6715,50196,20019115,1/24/2020 2:00:00 PM,2020,1,24,14,0,Friday,542030.8491,4810642.142,-80.480555,43.447511,Private Drive,2,P.D. only,On roadway,SMV,Daylight,Municipal,No control,Unknown,FALSE,FALSE,FALSE,Rain,TRUE,Road 1: DUKE ST E (IFO 240); Road 2: MADISON AVE N; Vehicle #1     Make:      Model:      Colour:      Style: ; Vehicle #2     Make: KIA     Model: FNG     Colour: WHI     Style: 4D,5/3/2021 10:41:31 AM,542030.8491,4810642.142,Q1,Weekend,FALSE
6716,50197,20019298,1/25/2020 10:30:00 AM,2020,1,25,10,30,Saturday,541482.9513,4810133.059,-80.487365,43.442958,Intersection,2,P.D. only,On roadway,Other,Daylight,Regional,Sign Control,Unknown,FALSE,FALSE,FALSE,Rain,TRUE,Road 1: CEDAR ST S; Road 2: COURTLAND AVE E; Vehicle #1     Make: RAM     Model: DUR     Colour: BLK     Style: PK; Vehicle #2     Make: MERC     Model: C300     Colour: BLU     Style: 4DO,5/3/2021 10:39:51 AM,541482.9513,4810133.059,Q1,Weekend,FALSE
6717,50198,20019303,1/25/2020 3:00:00 PM,2020,1,25,15,0,Saturday,547066.569,4804808.709,-80.418826,43.394687,Non intersection,2,P.D. only,On roadway,Rear end,Daylight,Regional,No control,Unknown,FALSE,FALSE,FALSE,Rain,TRUE,Road 1: 1754 OLD MILL RD; Road 2: BLOCKLINE RD; Vehicle #1     Make:      Model:      Colour:      Style: ; Vehicle #2     Make: TOYT     Model: CTR     Colour: GRY     Style: 4B,5/3/2021 10:38:31 AM,547066.569,4804808.709,Q1,Weekend,FALSE
6718,50199,20019388,1/25/2020 7:15:00 PM,2020,1,25,19,15,Saturday,541402.2967,4809503.469,-80.48841,43.437293,Private Drive,2,P.D. only,On roadway,Intersection,Dark,Municipal,No control,Unknown,FALSE,FALSE,FALSE,Rain,TRUE,"Road 1: STIRLING AVE S KITCHENER WATERLOO REGIONAL MUNICIPALITY , ONTARIO , ONTARIO; Vehicle #1     Make: HOND     Model: UCL     Colour: SIL     Style: 4D; Vehicle #2     Make: FORD     Model: COF     Colour: BLK     Style: PK",5/3/2021 10:41:42 AM,541402.2967,4809503.469,Q1,Weekend,FALSE
6719,50200,20019538,1/25/2020 11:01:00 PM,2020,1,25,23,1,Saturday,537342.4988,4809966.323,-80.538542,43.441674,Non intersection,2,P.D. only,Off roadway,SMV,Dark,Municipal,No control,Unknown,FALSE,FALSE,FALSE,Clear,FALSE,Road 1: 367 WESTWOOD DR (50 km/h); Road 2: WESTWOOD DR; Distance: 0.0 M E; Vehicle #1     Make: LEXS     Model: I25     Colour: BLK     Style: 4D; Vehicle #2     Make: TOYT     Model: PRC     Colour: GRY     Style: 4B,5/3/2021 10:37:04 AM,537342.4988,4809966.323,Q1,Weekend,FALSE
6720,50201,20019641,1/26/2020 3:00:00 AM,2020,1,26,3,0,Sunday,539384.3879,4810650.454,-80.513261,43.44773,Non intersection,2,P.D. only,Off roadway,SMV,Dark,Municipal,No control,Unknown,FALSE,FALSE,FALSE,Clear,FALSE,Road 1: GAGE AVE (50 km/h); Road 2: BELMONT AVE W; Distance: 75.0 M E; Vehicle #1     Make: DODG     Model: RPC     Colour:      Style: PK,5/3/2021 10:37:09 AM,539384.3879,4810650.454,Q1,Weekend,FALSE
6721,50202,20019696,1/24/2020 10:45:00 AM,2020,1,24,10,45,Friday,544909.7126,4811012.246,-80.444947,43.450676,Non intersection,2,P.D. only,On roadway,Intersection,Daylight,Regional,No control,Unknown,FALSE,FALSE,FALSE,Clear,TRUE,Road 1: OTTAWA ST N; Road 2: RIVER RD E; Vehicle #1     Make: MAZD     Model: M5T     Colour: BLK     Style: SW; Vehicle #2     Make: CHEV     Model: ML2     Colour: BLK     Style: 4D,8/16/2022 3:02:43 PM,544909.7126,4811012.246,Q1,Weekend,FALSE
6722,50203,20019937,1/25/2020 1:30:00 PM,2020,1,25,13,30,Saturday,545856.7675,4804741.852,-80.433769,43.39416,Intersection,2,Non-reportable,On roadway,Intersection,Daylight,Municipal,Sign Control,Unknown,FALSE,FALSE,FALSE,Other,TRUE,Road 1: PIONEER DR; Road 2: OLD CARRIAGE DR; Vehicle #1     Make: PONT     Model: GRA     Colour: RED     Style: 4D; Vehicle #2     Make:      Model:      Colour:      Style:,5/3/2021 10:39:24 AM,545856.7675,4804741.852,Q1,Weekend,FALSE
6723,50204,20020031,1/26/2020 2:00:00 AM,2020,1,26,2,0,Sunday,541931.7938,4808646.862,-80.481933,43.429551,Non intersection,2,P.D. only,On roadway,Rear end,Dark,Municipal,No control,Unknown,FALSE,FALSE,FALSE,Clear,TRUE,Road 1: 242 KEHL ST; Vehicle #1     Make:      Model:      Colour:      Style: ; Vehicle #2     Make: MAZD     Model: 3TR     Colour: GRY     Style: 4D,5/3/2021 10:38:28 AM,541931.7938,4808646.862,Q1,Weekend,FALSE
6724,50205,20020326,1/27/2020 2:30:00 PM,2020,1,27,14,30,Monday,538435.2312,4811149.986,-80.524955,43.452277,Non intersection,2,P.D. only,Off roadway,SMV,Daylight,Municipal,No control,Unknown,FALSE,FALSE,FALSE,Snow,FALSE,Road 1: 319 UNION BLVD (50 km/h); Road 2: UNION BLVD; Distance: 1.0 M E; Vehicle #1     Make: FORD     Model: SPE     Colour: BLK     Style: TY,5/3/2021 10:37:09 AM,538435.2312,4811149.986,Q1,Working,FALSE
6725,50206,20020662,1/27/2020 1:59:00 PM,2020,1,27,13,59,Monday,539424.8785,4810323.508,-80.512784,43.444784,Intersection,2,P.D. only,On roadway,Intersection,Daylight,Regional,Sign Control,Functioning,FALSE,FALSE,FALSE,Clear,FALSE,Road 1: BELMONT AVE W (50 km/h); Road 2: ADELAIDE ST (50 km/h); Distance: 0.0 M N; Vehicle #1     Make: CHEV     Model: SIL     Colour: WHI     Style: PK; Vehicle #2     Make: HOND     Model: CIV     Colour: GRY     Style: 4D,5/3/2021 10:40:15 AM,539424.8785,4810323.508,Q1,Working,FALSE
6726,50207,20020862,1/24/2020 8:10:00 AM,2020,1,24,8,10,Friday,537674.5702,4809355.496,-80.534481,43.436158,Private Drive,2,Non-reportable,On roadway,Other,Daylight,Municipal,No control,Unknown,FALSE,FALSE,FALSE,Clear,TRUE,Road 1: 33 STOKE DR (IFO 33 STOKE DR); Vehicle #1     Make:      Model:      Colour:      Style: ; Vehicle #2     Make: NISS     Model: ATS     Colour: BLU     Style: 4D,5/3/2021 10:41:17 AM,537674.5702,4809355.496,Q1,Weekend,FALSE
6727,50208,20021185,1/28/2020 7:45:00 AM,2020,1,28,7,45,Tuesday,539894.3343,4809696.264,-80.507028,43.439111,Private Drive,2,Non-reportable,On roadway,Other,Dawn,Municipal,No control,Unknown,FALSE,FALSE,FALSE,Clear,TRUE,Road 1: BELMONT AVE W (IFO 129); Road 2: MARLBOROUGH AVE; Vehicle #1     Make: HOND     Model: CVT     Colour: RED     Style: 4D; Vehicle #2     Make:      Model:      Colour:      Style:,5/3/2021 10:41:18 AM,539894.3343,4809696.264,Q1,Working,FALSE
6728,50209,20021557,1/28/2020 12:40:00 PM,2020,1,28,12,40,Tuesday,538898.2117,4806067.108,-80.519595,43.406486,Private Drive,2,P.D. only,On roadway,Other,Daylight,Municipal,No control,Unknown,FALSE,FALSE,FALSE,Clear,TRUE,Road 1: 22 PEACH BLOSSOM CRESCENT; Vehicle #1     Make: CHEV     Model: XLT     Colour: BLK     Style: 4D; Vehicle #2     Make: FORD     Model: SPE     Colour: BLK     Style: TY,5/3/2021 10:41:44 AM,538898.2117,4806067.108,Q1,Working,FALSE
6729,50210,20022086,2/5/2020 12:00:00 PM,2020,2,5,12,0,Wednesday,542819.5456,4807409.332,-80.471062,43.418358,Intersection,2,P.D. only,On roadway,Intersection,Daylight,Regional,Sign Control,Functioning,FALSE,FALSE,FALSE,Clear,TRUE,Road 1: BLOCK LINE RD; Road 2: HOME WATSON BLVD; Vehicle #1     Make: HYUN     Model: ETG     Colour: WHI     Style: 4B; Vehicle #2     Make: FORD     Model: COF     Colour: GRY     Style: PK,5/3/2021 10:39:35 AM,542819.5456,4807409.332,Q1,Working,FALSE
6730,50211,20022320,1/20/2020 10:00:00 PM,2020,1,20,22,0,Monday,541459.7278,4809014.27,-80.487737,43.432885,Non intersection,2,Non-reportable,On roadway,SMV,Dark,Municipal,No control,Unknown,FALSE,FALSE,FALSE,Clear,TRUE,Road 1: SOUTHDALE AVE (IFO 11); Vehicle #1     Make:      Model:      Colour:      Style: ; Vehicle #2     Make: SUBA     Model: IWX     Colour: WHI     Style: 4D,5/3/2021 10:37:43 AM,541459.7278,4809014.27,Q1,Working,FALSE
6731,50212,20022535,1/29/2020 8:31:00 PM,2020,1,29,20,31,Wednesday,545807.3755,4812505.4,-80.433728,43.464066,Private Drive,2,P.D. only,On roadway,Rear end,Dark,Municipal,No control,Unknown,FALSE,FALSE,FALSE,Clear,FALSE,Road 1: 276 KEEWATIN AVE (50 km/h); Road 2: KEEWATIN AVE; Distance: 5.0 M S; Vehicle #1     Make: VOLK     Model: CTG     Colour: BLK     Style: 4B; Vehicle #2     Make: DODG     Model: JOU     Colour: GRY     Style: TY; Vehicle #3     Make: CHEV     Mode,5/3/2021 10:40:55 AM,545807.3755,4812505.4,Q1,Working,FALSE
6732,50213,20022973,2/7/2020 9:49:00 AM,2020,2,7,9,49,Friday,536409.0859,4806663.396,-80.550296,43.41198,Private Drive,2,P.D. only,On roadway,Other,Daylight,Municipal,No control,Unknown,FALSE,FALSE,TRUE,Snow,TRUE,Road 1: 238 YELLOW BIRCH DR; Vehicle #1     Make:      Model:      Colour:      Style: ; Vehicle #2     Make: FORD     Model: TLA     Colour: WHI     Style: 4D,5/3/2021 10:41:28 AM,536409.0859,4806663.396,Q1,Weekend,TRUE
6733,50214,20022982,1/30/2020 10:30:00 AM,2020,1,30,10,30,Thursday,539739.6216,4811436.712,-80.508813,43.45479,Non intersection,2,Non-reportable,On roadway,Intersection,Daylight,Municipal,No control,Unknown,FALSE,FALSE,FALSE,Clear,TRUE,Road 1: 7 GLASGOW ST; Road 2: LEAVING KCI PARKING LOT; Vehicle #1     Make: HOND     Model: PIL     Colour: BLK     Style: TY; Vehicle #2     Make:      Model:      Colour:      Style:,5/3/2021 10:37:42 AM,539739.6216,4811436.712,Q1,Weekend,FALSE
6734,50215,20023080,1/30/2020 10:30:00 AM,2020,1,30,10,30,Thursday,539743.0471,4811598.571,-80.508759,43.456247,Private Drive,2,Non-reportable,On roadway,Intersection,Daylight,Regional,No control,Unknown,FALSE,FALSE,FALSE,Clear,TRUE,Road 1: 787 KING ST W (IFO); Vehicle #1     Make: CHRY     Model: PTC     Colour: RED     Style: VN; Vehicle #2     Make:      Model:      Colour:      Style:,4/27/2022 10:42:48 AM,539743.0471,4811598.571,Q1,Weekend,FALSE
6735,50216,20023123,1/30/2020 2:58:00 PM,2020,1,30,14,58,Thursday,540895.0679,4809765.651,-80.494657,43.439682,Non intersection,2,P.D. only,Off roadway,SMV,Daylight,Regional,No control,Unknown,FALSE,FALSE,FALSE,Clear,FALSE,Road 1: HIGHLAND RD E (50 km/h); Road 2: SPADINA RD E; Distance: 150.0 M W; Vehicle #1     Make: RAM     Model: DUR     Colour: GRY     Style: PK; Vehicle #2     Make: FORD     Model: COF     Colour: BLU     Style: PK,5/3/2021 10:37:13 AM,540895.0679,4809765.651,Q1,Weekend,FALSE
6736,50217,20023217,1/30/2020 4:35:00 PM,2020,1,30,16,35,Thursday,541141.3697,4806763.707,-80.49184,43.412639,Intersection,2,Non-reportable,On roadway,Rear end,Daylight,Regional,No control,Functioning,FALSE,FALSE,FALSE,Clear,TRUE,Road 1: BLOCK LINE RD; Road 2: LAURENTIAN DR; Vehicle #1     Make: CHRY     Model: PTC     Colour: BLU     Style: VN; Vehicle #2     Make:      Model:      Colour:      Style:,5/3/2021 10:40:26 AM,541141.3697,4806763.707,Q1,Weekend,FALSE
6737,50218,20023405,1/30/2020 8:30:00 PM,2020,1,30,20,30,Thursday,543713.5036,4805684.84,-80.460158,43.402779,Intersection,2,P.D. only,On roadway,Intersection,Dark,Municipal,Signal Control,Unknown,FALSE,FALSE,FALSE,Clear,FALSE,Road 1: TRILLIUM DR (50 km/h); Road 2: STECKLE PL (50 km/h); Vehicle #1     Make: PONT     Model: GPG     Colour: GRY     Style: 4D; Vehicle #2     Make: VOLK     Model: JBS     Colour: WHI     Style: 4D,5/3/2021 10:39:11 AM,543713.5036,4805684.84,Q1,Weekend,FALSE
6738,50219,20023719,1/31/2020 9:40:00 AM,2020,1,31,9,40,Friday,546617.1527,4802815.577,-80.424545,43.376769,Non intersection,2,P.D. only,On roadway,Other,Daylight,Municipal,No control,Unknown,FALSE,FALSE,FALSE,Clear,TRUE,Road 1: 324 ROBERT FERRIE DR; Vehicle #1     Make: ISU     Model: NRR     Colour: WHI     Style: CO; Vehicle #2     Make: NISS     Model: MUR     Colour: BRN     Style: TY,5/3/2021 10:38:34 AM,546617.1527,4802815.577,Q1,Weekend,FALSE
6739,50220,20023872,1/30/2020 5:00:00 PM,2020,1,30,17,0,Thursday,540527.7909,4810998.121,-80.499104,43.450799,Non intersection,2,P.D. only,On roadway,SMV,Dusk,Regional,No control,Unknown,FALSE,FALSE,FALSE,Clear,TRUE,Road 1: JOSEPH ST; Road 2: VICTORIA ST S; Vehicle #1     Make:      Model:      Colour:      Style: ; Vehicle #2     Make: CHEV     Model: VTL     Colour: RED     Style: 4B,5/3/2021 10:38:34 AM,540527.7909,4810998.121,Q1,Weekend,FALSE
6740,50221,20023983,2/20/2020 4:20:00 PM,2020,2,20,16,20,Thursday,538726.1502,4808992.539,-80.521513,43.432836,Private Drive,2,Non-reportable,On roadway,Other,Daylight,Municipal,No control,Unknown,FALSE,FALSE,FALSE,Clear,TRUE,Road 1: 81 EAGEN DR; Vehicle #1     Make:      Model:      Colour:      Style: ; Vehicle #2     Make: NISS     Model: ATS     Colour: GRY     Style: 4D,5/3/2021 10:41:00 AM,538726.1502,4808992.539,Q1,Weekend,FALSE
6741,50222,20024019,1/31/2020 3:30:00 PM,2020,1,31,15,30,Friday,542635.004,4805360.472,-80.473501,43.39992,Intersection,2,P.D. only,On roadway,Intersection,Daylight,Municipal,Sign Control,Functioning,FALSE,FALSE,FALSE,Clear,TRUE,Road 1: MCBRINE DR; Road 2: TRILLIUM DR; Vehicle #1     Make: TOYT     Model: CHL     Colour: GRY     Style: 4D; Vehicle #2     Make:      Model:      Colour:      Style:,5/3/2021 10:40:39 AM,542635.004,4805360.472,Q1,Weekend,FALSE
6742,50223,20024037,1/31/2020 4:00:00 PM,2020,1,31,16,0,Friday,544611.5261,4809093.51,-80.448789,43.433418,Intersection,2,P.D. only,On roadway,Intersection,Daylight,Municipal,Signal Control,Functioning,FALSE,FALSE,FALSE,Snow,TRUE,Road 1: KINGSWAY DR; Road 2: FRANKLIN ST N; Vehicle #1     Make: MAZD     Model: MA5     Colour: SIL     Style: 4B; Vehicle #2     Make: MITS     Model: RVR     Colour: BLK     Style: TY,5/3/2021 10:40:33 AM,544611.5261,4809093.51,Q1,Weekend,FALSE
6743,50224,20024074,1/30/2020 11:00:00 PM,2020,1,30,23,0,Thursday,538844.8799,4811612.099,-80.519859,43.456416,Non intersection,2,Non-reportable,On roadway,SMV,Dark,Municipal,No control,Unknown,FALSE,FALSE,FALSE,Clear,TRUE,Road 1: ESSON ST (IFO 21); Vehicle #1     Make:      Model:      Colour:      Style: ; Vehicle #2     Make: KIA     Model: OLS     Colour: WHI     Style: 4D,5/3/2021 10:38:58 AM,538844.8799,4811612.099,Q1,Weekend,FALSE
6744,50225,20024162,1/31/2020 5:00:00 PM,2020,1,31,17,0,Friday,536015.7649,4809076.869,-80.554995,43.43373,Private Drive,2,Non-reportable,On roadway,SMV,Dusk,Municipal,No control,Unknown,FALSE,FALSE,FALSE,Clear,TRUE,Road 1: COUNTRYSTONE CRESCENT (IFO 279); Vehicle #1     Make: HYUN     Model: SHY     Colour: BLU     Style: 4D; Vehicle #2     Make: TOYT     Model: CHB     Colour: GRY     Style: 4D,5/3/2021 10:41:18 AM,536015.7649,4809076.869,Q1,Weekend,FALSE
6745,50226,20024680,11/17/2020 9:12:00 AM,2020,11,17,9,12,Tuesday,542312.9281,4810287.037,-80.477097,43.444298,Intersection,2,P.D. only,On roadway,Other,Daylight,Municipal,Signal Control,Functioning,FALSE,FALSE,FALSE,Clear,FALSE,Road 1: KING ST E (50 km/h); Road 2: STIRLING AVE N (50 km/h); Vehicle #1     Make: HOND     Model: UAX     Colour: GRY     Style: 4D; Vehicle #2     Make: FORD     Model: SPE     Colour: BRN     Style: TY,5/13/2021 11:51:06 AM,542312.9281,4810287.037,Q4,Working,FALSE