,OBJECTID,ACCIDENTNUM,ACCIDENTDATE,ACCIDENT_YEAR,ACCIDENT_MONTH,ACCIDENT_DAY,ACCIDENT_HOUR,ACCIDENT_MINUTE,Accident_Day,XCOORD,YCOORD,LONGITUDE,LATITUDE,Accident_Location,COLLISIONTYPE,Accident_Type,Impact_Location,Impact_Type,Light,Road_Jurisdication,Traffic_Control,Traffic_Control_Condition,Pedestrian_Involved,Cyclist_Involved,Motorcyclist_Involved,Environment_Condition,Self_Reported,XMLIMPORTNOTES,LASTEDITEDDATE,x,y,Quarter,Day_Type,Vulnerable_Involved
6746,50227,20024735,2/1/2020 12:00:00 PM,2020,2,1,12,0,Saturday,541232.1527,4810946.938,-80.490403,43.4503,Intersection,2,Non-reportable,On roadway,Rear end,Daylight,Regional,Signal Control,Unknown,FALSE,FALSE,FALSE,Clear,TRUE,Road 1: KING ST W; Road 2: ONTARIO ST S; Vehicle #1     Make: FORD     Model: COF     Colour: BLK     Style: CW; Vehicle #2     Make: MAZD     Model: M3I     Colour: BLK     Style: 4B,5/3/2021 10:39:25 AM,541232.1527,4810946.938,Q1,Weekend,FALSE
6747,50228,20024766,2/1/2020 3:00:00 PM,2020,2,1,15,0,Saturday,544594.1439,4807961.943,-80.449097,43.42323,Private Drive,2,Non-reportable,On roadway,Other,Daylight,Municipal,No control,Unknown,FALSE,FALSE,FALSE,Clear,TRUE,Road 1: BELWOOD CRESCENT (IFO 49); Vehicle #1     Make: TOYT     Model: UCS     Colour: GRY     Style: 4D; Vehicle #2     Make: KIA     Model: RIO     Colour: BLU     Style: 4B,5/3/2021 10:41:21 AM,544594.1439,4807961.943,Q1,Weekend,FALSE
6748,50229,20024778,1/31/2020 5:00:00 PM,2020,1,31,17,0,Friday,543809.237,4809563.171,-80.458664,43.437694,Non intersection,2,P.D. only,On roadway,Intersection,Dusk,Regional,No control,Unknown,FALSE,FALSE,FALSE,Clear,TRUE,Road 1: MONTGOMERY RD; Road 2: WEBER ST E; Vehicle #1     Make: VOLK     Model: C2T     Colour: SIL     Style: 4D; Vehicle #2     Make: DODG     Model: RPC     Colour: BLK     Style: PK,5/3/2021 10:38:37 AM,543809.237,4809563.171,Q1,Weekend,FALSE
6749,50230,20024946,2/1/2020 6:00:00 PM,2020,2,1,18,0,Saturday,544034.9001,4807718.018,-80.456025,43.421067,Non intersection,2,P.D. only,On roadway,SMV,Dark,Municipal,No control,Unknown,FALSE,FALSE,FALSE,Snow,TRUE,Road 1: VANIER DR (IFO 553); Vehicle #1     Make: LEXS     Model: RX3     Colour: GLD     Style: TY; Vehicle #2     Make: HOND     Model: CCL     Colour: WHI     Style: 4D,5/3/2021 10:38:38 AM,544034.9001,4807718.018,Q1,Weekend,FALSE
6750,50231,20024947,2/1/2020 6:15:00 PM,2020,2,1,18,15,Saturday,544676.3318,4808081.697,-80.448072,43.424303,Intersection,2,P.D. only,On roadway,Intersection,Dark,Municipal,Sign Control,Functioning,FALSE,FALSE,FALSE,Snow,TRUE,Road 1: FAIRLAWN RD; Road 2: WILSON AVE; Vehicle #1     Make: TOYT     Model: CTX     Colour: GRN     Style: 4B; Vehicle #2     Make: FORD     Model: SPE     Colour: GRY     Style: TY,5/3/2021 10:40:39 AM,544676.3318,4808081.697,Q1,Weekend,FALSE
6751,50232,20024984,2/1/2020 7:15:00 PM,2020,2,1,19,15,Saturday,538136.0599,4809506.018,-80.528768,43.43749,Non intersection,1,Non-fatal injury,On roadway,Intersection,Dark,Municipal,No control,Unknown,FALSE,FALSE,FALSE,Snow,FALSE,Road 1: 97 FENWICK CRT (50 km/h); Road 2: FENWICK CRT; Distance: 1.0 K S; Vehicle #1     Make: HOND     Model: UEX     Colour: WHI     Style: 4D; Vehicle #2     Make: HYUN     Model: EGM     Colour: SIL     Style: 4D,5/3/2021 10:37:10 AM,538136.0599,4809506.018,Q1,Weekend,FALSE
6752,50233,20024992,2/1/2020 7:11:00 PM,2020,2,1,19,11,Saturday,538535.5206,4809041.298,-80.523865,43.433285,Non intersection,2,P.D. only,On roadway,SMV,Dark,Municipal,No control,Unknown,FALSE,FALSE,FALSE,Snow,FALSE,Road 1: 210 HIGHLAND CRES (50 km/h); Road 2: HIGHLAND CRES; Distance: 4.0 K W; Vehicle #1     Make: HYUN     Model: ESM     Colour: WHI     Style: 4D; Vehicle #2     Make: GMC     Model: SIE     Colour: WHI     Style: CW,4/27/2022 10:40:40 AM,538535.5205,4809041.298,Q1,Weekend,FALSE
6753,50234,20025011,2/1/2020 6:30:00 PM,2020,2,1,18,30,Saturday,540352.1315,4807000.636,-80.501571,43.414815,Non intersection,2,P.D. only,On roadway,Other,Dark,Municipal,No control,Unknown,FALSE,FALSE,FALSE,Clear,TRUE,Road 1: LITTLEFIELD CRESCENT; Road 2: WILLIAMSBURG RD; Vehicle #1     Make: LNDR     Model: EQU     Colour: WHI     Style: TY; Vehicle #2     Make: DODG     Model: CXT     Colour: SIL     Style: 4D,5/3/2021 10:38:48 AM,540352.1315,4807000.636,Q1,Weekend,FALSE
6754,50235,20025033,2/1/2020 8:15:00 PM,2020,2,1,20,15,Saturday,543755.5642,4807863.097,-80.459464,43.422389,Non intersection,2,P.D. only,Off roadway,SMV,Dark,Municipal,No control,Unknown,FALSE,FALSE,FALSE,Snow,FALSE,Road 1: 1144 SHELLEY DR (50 km/h); Road 2: COURTLAND AVE E; Distance: 200.0 K N; Vehicle #1     Make: CHRY     Model: 2LX     Colour: BLU     Style: 4D,5/3/2021 10:37:18 AM,543755.5642,4807863.097,Q1,Weekend,FALSE
6755,50236,20025451,2/2/2020 11:35:00 AM,2020,2,2,11,35,Sunday,544560.1925,4811740.76,-80.449208,43.457256,Intersection,2,P.D. only,On roadway,Intersection,Daylight,Regional,Signal Control,Functioning,FALSE,FALSE,FALSE,Snow,TRUE,Road 1: RIVER RD E; Road 2: LORRAINE AVE; Vehicle #1     Make: CHEV     Model: CDL     Colour: BLK     Style: 4D; Vehicle #2     Make: HYUN     Model: ESS     Colour: BLK     Style: 4D,5/3/2021 10:40:27 AM,544560.1925,4811740.76,Q1,Weekend,FALSE
6756,50237,20025491,2/2/2020 11:20:00 AM,2020,2,2,11,20,Sunday,540919.6821,4807861.633,-80.494496,43.422536,Non intersection,2,P.D. only,Off roadway,SMV,Daylight,Regional,No control,Unknown,FALSE,FALSE,FALSE,Snow,FALSE,Road 1: ELMSDALE DR (50 km/h); Road 2: OTTAWA ST S; Distance: 100.0 M N; Vehicle #1     Make: MAZD     Model: MA2     Colour: WHI     Style: 4B,5/3/2021 10:37:28 AM,540919.6821,4807861.633,Q1,Weekend,FALSE
6757,50238,20025542,2/2/2020 1:35:00 PM,2020,2,2,13,35,Sunday,539974.9363,4810478.267,-80.505975,43.446148,Private Drive,2,P.D. only,On roadway,Intersection,Daylight,Municipal,No control,Unknown,FALSE,FALSE,FALSE,Clear,TRUE,Road 1: 11 STRANGE ST; Vehicle #1     Make: LEXS     Model: NXT     Colour: RED     Style: TY; Vehicle #2     Make: HYUN     Model: EGM     Colour: BLK     Style: 4D,5/3/2021 10:41:48 AM,539974.9363,4810478.267,Q1,Weekend,FALSE
6758,50239,20025755,2/2/2020 7:30:00 PM,2020,2,2,19,30,Sunday,547901.3449,4804475.634,-80.408548,43.391635,Non intersection,2,P.D. only,On roadway,Other,Dark,Municipal,No control,Unknown,FALSE,FALSE,FALSE,Clear,TRUE,Road 1: 218 DOON VALLEY DR; Vehicle #1     Make: HOND     Model: UAX     Colour: RED     Style: 4D; Vehicle #2     Make: CHEV     Model: CZT     Colour: BLK     Style: 4D,5/3/2021 10:38:50 AM,547901.3449,4804475.634,Q1,Weekend,FALSE
6759,50240,20026137,2/3/2020 10:30:00 AM,2020,2,3,10,30,Monday,545409.768,4810850.202,-80.438781,43.449187,Non intersection,2,P.D. only,On roadway,Intersection,Daylight,Municipal,No control,Unknown,FALSE,FALSE,FALSE,Clear,TRUE,Road 1: 105 CONWAY DR; Vehicle #1     Make: MARA     Model: 480     Colour: SIL     Style: TY; Vehicle #2     Make: FORD     Model: EDG     Colour: CRM     Style: TY,5/3/2021 10:38:49 AM,545409.768,4810850.202,Q1,Working,FALSE
6760,50241,20026340,2/1/2020 6:00:00 PM,2020,2,1,18,0,Saturday,537038.7618,4807886.189,-80.542436,43.422959,Intersection,2,Non-reportable,On roadway,Rear end,Dark,Municipal,Sign Control,Unknown,FALSE,FALSE,FALSE,Snow,TRUE,Road 1: ROLLING MEADOWS DR; Road 2: WESTHEIGHTS DR; Vehicle #1     Make: MERZ     Model: B20     Colour: SIL     Style: 4B; Vehicle #2     Make: HYUN     Model: SGL     Colour: BLK     Style: 4D; Vehicle #3     Make:      Model:      Colour:      Style:,5/3/2021 10:39:23 AM,537038.7618,4807886.189,Q1,Weekend,FALSE
6761,50242,20026345,2/3/2020 3:37:00 PM,2020,2,3,15,37,Monday,542107.9818,4807132.918,-80.479873,43.415909,Intersection,2,P.D. only,On roadway,Intersection,Daylight,Regional,Signal Control,Functioning,FALSE,FALSE,FALSE,Clear,FALSE,Road 1: BLOCK LINE RD (50 km/h); Road 2: STRASBURG RD (50 km/h); Distance: 3.0 M S; Vehicle #1     Make:      Model: -     Colour:      Style: ; Vehicle #2     Make: ICRP     Model: BUD     Colour: YEL     Style: BU,5/3/2021 10:39:19 AM,542107.9818,4807132.918,Q1,Working,FALSE
6762,50243,20026436,2/3/2020 5:21:00 PM,2020,2,3,17,21,Monday,542244.0162,4814368.95,-80.477632,43.481055,Intersection,2,P.D. only,On roadway,Rear end,Dusk,Regional,Sign Control,Unknown,FALSE,FALSE,FALSE,Clear,FALSE,Road 1: BLOOMINGDALE RD N (50 km/h); Road 2: HORNING DR (50 km/h); Vehicle #1     Make: TOYT     Model: CBL     Colour: WHI     Style: 4D; Vehicle #2     Make: FORD     Model: TIA     Colour: BRN     Style: 4D,5/3/2021 10:39:17 AM,542244.0161,4814368.95,Q1,Working,FALSE
6763,50244,20026477,2/2/2020 10:00:00 AM,2020,2,2,10,0,Sunday,547236.46,4808842.191,-80.416379,43.430994,Non intersection,2,P.D. only,On roadway,Intersection,Daylight,Municipal,No control,Unknown,FALSE,FALSE,FALSE,Snow,TRUE,Road 1: MORRISON RD; Road 2: QUINTE CRESCENT; Vehicle #1     Make: HOND     Model: UDY     Colour: RED     Style: VN; Vehicle #2     Make: SUBA     Model: CRO     Colour: BLU     Style: TY,5/3/2021 10:38:51 AM,547236.46,4808842.191,Q1,Weekend,FALSE
6764,50245,20026478,2/3/2020 8:40:00 AM,2020,2,3,8,40,Monday,541359.9254,4808641.173,-80.488998,43.429531,Intersection,2,P.D. only,On roadway,Rear end,Daylight,Regional,Signal Control,Functioning,FALSE,FALSE,FALSE,Clear,TRUE,Road 1: HOMER WATSON BLVD; Road 2: HOFFMAN ST; Vehicle #1     Make: NISS     Model: ROG     Colour: SIL     Style: TY; Vehicle #2     Make: TOYT     Model: VEN     Colour: GRY     Style: TY,5/3/2021 10:40:41 AM,541359.9254,4808641.173,Q1,Working,FALSE
6765,50246,20026487,2/2/2020 1:00:00 PM,2020,2,2,13,0,Sunday,539011.9215,4805457.577,-80.518235,43.400992,Non intersection,2,Non-reportable,On roadway,SMV,Daylight,Municipal,No control,Unknown,FALSE,FALSE,FALSE,Clear,TRUE,Road 1: 167 SNOWDROP CRESCENT (INFO 167 SNOWDROP CRES); Vehicle #1     Make: RAM     Model: RTR     Colour: RED     Style: PK; Vehicle #2     Make: TOYT     Model: CSM     Colour: BLK     Style: 4B,5/3/2021 10:37:44 AM,539011.9215,4805457.577,Q1,Weekend,FALSE
6766,50247,20026514,1/28/2020 6:30:00 PM,2020,1,28,18,30,Tuesday,536518.7793,4807918.073,-80.548858,43.423272,Private Drive,2,Non-reportable,On roadway,SMV,Dark,Municipal,No control,Unknown,FALSE,FALSE,FALSE,Clear,TRUE,Road 1: NEWBURY DR (IFO 220); Vehicle #1     Make: CHEV     Model: IMT     Colour: BRN     Style: 4D; Vehicle #2     Make: DODG     Model: CAR     Colour: BLK     Style: VN,5/3/2021 10:41:19 AM,536518.7793,4807918.073,Q1,Working,FALSE
6767,50248,20026867,2/4/2020 8:15:00 AM,2020,2,4,8,15,Tuesday,538492.0178,4810824.211,-80.524277,43.44934,Non intersection,2,P.D. only,On roadway,Intersection,Daylight,Regional,No control,Unknown,FALSE,FALSE,FALSE,Clear,TRUE,Road 1: GLASGOW ST; Road 2: WESTMOUNT RD; Vehicle #1     Make: HYUN     Model: HEL     Colour: BLU     Style: SW; Vehicle #2     Make: VOLK     Model: GTD     Colour: WHI     Style: 4B,5/3/2021 10:38:52 AM,538492.0178,4810824.211,Q1,Working,FALSE
6768,50249,20027640,2/5/2020 7:50:00 AM,2020,2,5,7,50,Wednesday,544275.6367,4809234.834,-80.452928,43.43471,Non intersection,2,P.D. only,On roadway,Rear end,Daylight,Municipal,No control,Unknown,FALSE,FALSE,FALSE,Clear,TRUE,Road 1: 2153 KINGSWAY DR; Vehicle #1     Make: HYUN     Model: ACC     Colour: GRY     Style: 2D; Vehicle #2     Make: SUBA     Model: 25B     Colour: WHI     Style: 4D,5/3/2021 10:38:02 AM,544275.6367,4809234.834,Q1,Working,FALSE
6769,50250,20027758,2/3/2020 4:30:00 PM,2020,2,3,16,30,Monday,547832.1338,4811237.436,-80.40881,43.452523,Private Drive,2,Non-reportable,On roadway,SMV,Daylight,Municipal,No control,Unknown,FALSE,FALSE,FALSE,Clear,TRUE,Road 1: 966 PEBBLECREEK COURT; Vehicle #1     Make: MAZD     Model: MCX     Colour: BLK     Style: TY; Vehicle #2     Make:      Model:      Colour:      Style:,5/3/2021 10:41:14 AM,547832.1338,4811237.436,Q1,Working,FALSE
6770,50251,20028098,1/31/2020 10:00:00 PM,2020,1,31,22,0,Friday,543201.5113,4811016.629,-80.466058,43.450816,Private Drive,2,P.D. only,On roadway,SMV,Dark,Municipal,No control,Unknown,FALSE,FALSE,FALSE,Clear,TRUE,Road 1: DUMFRIES AVE (IFO 457); Road 2: STIRLING AVE N; Vehicle #1     Make:      Model:      Colour:      Style: ; Vehicle #2     Make: HOND     Model: ULS     Colour: SIL     Style: 4D,5/3/2021 10:41:31 AM,543201.5113,4811016.629,Q1,Weekend,FALSE
6771,50252,20028191,2/5/2020 6:40:00 PM,2020,2,5,18,40,Wednesday,545093.2408,4807781.848,-80.442946,43.421579,Non intersection,2,P.D. only,On roadway,Intersection,Dark,Regional,No control,Unknown,FALSE,FALSE,FALSE,Clear,TRUE,Road 1: WILSON AVE; Road 2: FAIRWAY RD KITCHENER; Vehicle #1     Make: HOND     Model: CCL     Colour: RED     Style: 4D; Vehicle #2     Make: CHEV     Model: SIL     Colour: GRY     Style: PK,5/3/2021 10:38:01 AM,545093.2408,4807781.848,Q1,Working,FALSE
6772,50253,20028511,2/6/2020 8:00:00 AM,2020,2,6,8,0,Thursday,542532.1089,4809425.725,-80.474456,43.43653,Intersection,2,P.D. only,On roadway,Intersection,Daylight,Municipal,Sign Control,Functioning,FALSE,FALSE,FALSE,Snow,TRUE,Road 1: BEDFORD RD; Road 2: SYDNEY ST S; Vehicle #1     Make: MITS     Model: LES     Colour: BLK     Style: 4D; Vehicle #2     Make: JEEP     Model: CMP     Colour: WHI     Style: TY,5/3/2021 10:40:31 AM,542532.1089,4809425.725,Q1,Weekend,FALSE
6773,50254,20028515,2/6/2020 8:19:00 AM,2020,2,6,8,19,Thursday,541818.264,4812148.005,-80.483067,43.461082,Non intersection,2,P.D. only,Off roadway,SMV,Daylight,Regional,No control,Unknown,FALSE,FALSE,FALSE,Snow,FALSE,Road 1: WELLINGTON ST N (50 km/h); Road 2: LANCASTER ST W; Distance: 25.0 M E; Vehicle #1     Make: STRG     Model: STE     Colour: WHI     Style: CT,5/3/2021 10:37:36 AM,541818.264,4812148.005,Q1,Weekend,FALSE
6774,50255,20028712,2/6/2020 12:00:00 PM,2020,2,6,12,0,Thursday,545134.7924,4807610.529,-80.442447,43.420034,Non intersection,2,P.D. only,On roadway,Intersection,Daylight,Regional,No control,Unknown,FALSE,FALSE,FALSE,Clear,TRUE,Road 1: WILSON AVE; Road 2: FAIRWAY RD S; Vehicle #1     Make: TOYT     Model: TIM     Colour: BLU     Style: 4B; Vehicle #2     Make: FORD     Model: EPR     Colour: RED     Style: TY,8/16/2022 3:06:48 PM,545134.7924,4807610.529,Q1,Weekend,FALSE
6775,50256,20029091,2/6/2020 7:40:00 PM,2020,2,6,19,40,Thursday,542581.7566,4810126.202,-80.473787,43.442834,Intersection,2,P.D. only,On roadway,Rear end,Dark,Regional,Signal Control,Functioning,FALSE,FALSE,FALSE,Snow,FALSE,Road 1: KING ST E (50 km/h); Road 2: BORDEN AVE N (50 km/h); Vehicle #1     Make: HYUN     Model: ESM     Colour: WHI     Style: 4D; Vehicle #2     Make: HYUN     Model: TUC     Colour: GRY     Style: TY,5/3/2021 10:39:18 AM,542581.7566,4810126.202,Q1,Weekend,FALSE
6776,50257,20029130,2/6/2020 8:24:00 PM,2020,2,6,20,24,Thursday,541557.2884,4811280.704,-80.486359,43.453287,Intersection,2,P.D. only,On roadway,Intersection,Dark,Municipal,Sign Control,Functioning,FALSE,FALSE,FALSE,Snow,FALSE,Road 1: AHRENS QUEEN ST N (40 km/h); Road 2: ST (40 km/h); Vehicle #1     Make: DODG     Model: DAK     Colour: WHI     Style: PK; Vehicle #2     Make: TOYT     Model: ECH     Colour: GRN     Style: 4D,5/3/2021 10:38:44 AM,541557.2884,4811280.704,Q1,Weekend,FALSE
6777,50258,20029715,2/7/2020 2:54:00 PM,2020,2,7,14,54,Friday,539113.0469,4811657.614,-80.516542,43.456812,Intersection,2,P.D. only,On roadway,Rear end,Daylight,Municipal,Signal Control,Functioning,FALSE,FALSE,FALSE,Snow,TRUE,Road 1: PARK ST; Road 2: UNION BLVD; Vehicle #1     Make: MAZD     Model: CX5     Colour: SIL     Style: TY; Vehicle #2     Make: GMC     Model: SAV     Colour: WHI     Style: FV,5/3/2021 10:39:57 AM,539113.0469,4811657.614,Q1,Weekend,FALSE
6778,50259,20029784,2/7/2020 4:36:00 PM,2020,2,7,16,36,Friday,539785.5591,4802994.288,-80.50886,43.378771,Non intersection,2,P.D. only,On roadway,Other,Daylight,Regional,No control,Unknown,FALSE,FALSE,FALSE,Snow,FALSE,Road 1: 1876 HURON RD (80 km/h); Road 2: HURON RD; Distance: 5.0 M W; Vehicle #1     Make: FORD     Model: FMS     Colour: BRN     Style: 4D; Vehicle #2     Make: JEEP     Model: WUL     Colour: GRN     Style: TY,5/3/2021 10:37:13 AM,539785.5591,4802994.288,Q1,Weekend,FALSE
6779,50260,20029818,2/7/2020 5:11:00 PM,2020,2,7,17,11,Friday,542903.8395,4812719.072,-80.469603,43.466162,Intersection,2,P.D. only,On roadway,Rear end,Daylight,Regional,Sign Control,Functioning,FALSE,FALSE,FALSE,Clear,FALSE,Road 1: WELLINGTON ST N (50 km/h); Road 2: 85 N OFF TO WELLINGTON ST N  N (60 km/h); Distance: 60.0 M E; Vehicle #1     Make: HYUN     Model: SAN     Colour: BLK     Style: TY; Vehicle #2     Make: HOND     Model: UDY     Colour: BLU     Style: TY; Vehicl,5/3/2021 10:39:15 AM,542903.8395,4812719.072,Q1,Weekend,FALSE
6780,50261,20029999,2/7/2020 5:20:00 PM,2020,2,7,17,20,Friday,543073.9496,4812801.034,-80.467494,43.46689,Intersection,2,P.D. only,On roadway,Rear end,Dusk,Municipal,No control,Functioning,FALSE,FALSE,FALSE,Clear,TRUE,Road 1: SHIRLEY AVE; Road 2: RIVERBEND DR; Vehicle #1     Make: DODG     Model: CAR     Colour: GRY     Style: VN; Vehicle #2     Make: STRN     Model: ASR     Colour: RED     Style: 4B,5/3/2021 10:39:39 AM,543073.9496,4812801.034,Q1,Weekend,FALSE
6781,50262,20030148,2/8/2020 12:50:00 AM,2020,2,8,0,50,Saturday,540198.061,4811379.425,-80.503151,43.45425,Non intersection,2,P.D. only,Off roadway,SMV,Dark,Regional,No control,Unknown,FALSE,FALSE,FALSE,Snow,FALSE,Road 1: WELLINGTON ST S (50 km/h); Road 2: KING ST W; Distance: 20.0 K S; Vehicle #1     Make: MITS     Model: COT     Colour: BLK     Style: TY,5/3/2021 10:38:12 AM,540198.061,4811379.425,Q1,Weekend,FALSE
6782,50263,20030295,2/8/2020 9:30:00 AM,2020,2,8,9,30,Saturday,543512.5786,4812238.179,-80.462117,43.461797,Non intersection,2,P.D. only,On roadway,Intersection,Daylight,Regional,No control,Unknown,FALSE,FALSE,FALSE,Clear,TRUE,Road 1: FREDERICK ST; Road 2: RIVER RD E; Vehicle #1     Make: FORD     Model: VAN     Colour: WHI     Style: FV; Vehicle #2     Make:      Model:      Colour:      Style:,5/3/2021 10:38:07 AM,543512.5786,4812238.179,Q1,Weekend,FALSE
6783,50264,20031191,2/9/2020 1:22:00 PM,2020,2,9,13,22,Sunday,540104.8673,4810846.783,-80.504342,43.449459,Other,2,P.D. only,On roadway,SMV,Daylight,Municipal,No control,Unknown,FALSE,FALSE,FALSE,Clear,FALSE,Road 1: PARK ST (50 km/h); Road 2: CN RAIL; Distance: 0.0 M N; Vehicle #1     Make:      Model: TRAC     Colour:      Style:,5/3/2021 10:41:56 AM,540104.8673,4810846.783,Q1,Weekend,FALSE
6784,50265,20031417,2/9/2020 7:20:00 PM,2020,2,9,19,20,Sunday,541971.9638,4808675.801,-80.481434,43.429809,Non intersection,2,P.D. only,On roadway,Other,Dark,Regional,No control,Unknown,FALSE,FALSE,FALSE,Snow,FALSE,Road 1: KEHL ST (50 km/h); Road 2: OTTAWA ST S; Distance: 30.0 M N; Vehicle #1     Make: HYUN     Model: ALS     Colour: GRY     Style: 4D; Vehicle #2     Make: HOND     Model: UDV     Colour: GRY     Style: 4D,5/3/2021 10:37:19 AM,541971.9638,4808675.801,Q1,Weekend,FALSE
6785,50266,20031916,2/8/2020 7:00:00 PM,2020,2,8,19,0,Saturday,541388.1251,4803851.193,-80.489013,43.3864,Private Drive,2,Non-reportable,On roadway,SMV,Dark,Municipal,No control,Unknown,FALSE,FALSE,FALSE,Clear,TRUE,Road 1: SOPHIA CRESCENT (IFO 198); Road 2: WOODBINE CT; Vehicle #1     Make: FORD     Model: COF     Colour: GRY     Style: PK; Vehicle #2     Make: TOYT     Model: MTL     Colour: GRY     Style: 4D,5/3/2021 10:41:45 AM,541388.1251,4803851.193,Q1,Weekend,FALSE
6786,50267,20032135,2/8/2020 4:30:00 PM,2020,2,8,16,30,Saturday,542877.3133,4807238.023,-80.470362,43.416812,Private Drive,2,Non-reportable,On roadway,SMV,Daylight,Municipal,No control,Unknown,FALSE,FALSE,FALSE,Clear,TRUE,Road 1: 122 COACH HILL DR; Vehicle #1     Make:      Model:      Colour:      Style: ; Vehicle #2     Make: SUBA     Model: SWL     Colour: SIL     Style: 4D,5/3/2021 10:41:45 AM,542877.3133,4807238.023,Q1,Weekend,FALSE
6787,50268,20032390,2/11/2020 6:30:00 AM,2020,2,11,6,30,Tuesday,541276.4952,4803356.223,-80.490428,43.38195,Non intersection,2,P.D. only,On roadway,Intersection,Dark,Regional,No control,Unknown,FALSE,FALSE,FALSE,Clear,TRUE,Road 1: HURON RD; Road 2: FISCHERHALLMAN RD; Distance: 120.0 M; Vehicle #1     Make: BMW     Model: X12     Colour: BLK     Style: SW; Vehicle #2     Make: TOYT     Model: RV4     Colour: GRY     Style: TY,5/3/2021 10:38:11 AM,541276.4952,4803356.223,Q1,Working,FALSE
6788,50269,20032625,2/11/2020 11:45:00 AM,2020,2,11,11,45,Tuesday,543528.4397,4804929.6,-80.462503,43.395989,Non intersection,2,P.D. only,On roadway,Intersection,Daylight,Regional,No control,Unknown,FALSE,FALSE,FALSE,Clear,TRUE,Road 1: HURON RD (IFO MAC'S CONVIENCE); Vehicle #1     Make: DODG     Model: CAR     Colour: BLK     Style: VN; Vehicle #2     Make: GMC     Model: SIE     Colour: GRY     Style: CW,5/3/2021 10:38:13 AM,543528.4397,4804929.6,Q1,Working,FALSE
6789,50270,20032798,2/11/2020 3:32:00 PM,2020,2,11,15,32,Tuesday,539077.5301,4811112.239,-80.51702,43.451904,Intersection,2,P.D. only,On roadway,Intersection,Daylight,Regional,Signal Control,Functioning,FALSE,FALSE,FALSE,Clear,FALSE,Road 1: BELMONT AVE W (50 km/h); Road 2: GLASGOW ST (50 km/h); Vehicle #1     Make: FORD     Model: FE     Colour: GRY     Style: 4D; Vehicle #2     Make: FORD     Model: COF     Colour: WHI     Style: PK,5/3/2021 10:40:08 AM,539077.5301,4811112.239,Q1,Working,FALSE
6790,50271,20032812,2/11/2020 3:52:00 PM,2020,2,11,15,52,Tuesday,543441.2885,4808304.443,-80.463311,43.426382,Non intersection,1,Non-fatal injury,Off roadway,SMV,Daylight,Municipal,No control,Unknown,FALSE,FALSE,FALSE,Clear,FALSE,Road 1: 190 KIPLING AVE (50 km/h); Road 2: KIPLING AVE; Distance: 1.0 K N; Vehicle #1     Make: FORD     Model: SPE     Colour: GRY     Style: TY,5/3/2021 10:38:23 AM,543441.2885,4808304.443,Q1,Working,FALSE
6791,50272,20032845,2/7/2020 9:00:00 PM,2020,2,7,21,0,Friday,541606.4219,4810797.937,-80.485789,43.448937,Private Drive,2,P.D. only,Off roadway,SMV,Dark,Municipal,No control,Unknown,FALSE,FALSE,FALSE,Snow,FALSE,Road 1: 15 SCOTT ST (40 km/h); Road 2: SCOTT ST; Distance: 1.0 M E; Vehicle #1     Make: HOND     Model: ULX     Colour: GRY     Style: 4D,5/3/2021 10:40:54 AM,541606.4219,4810797.937,Q1,Weekend,FALSE
6792,50273,20033002,2/11/2020 8:00:00 PM,2020,2,11,20,0,Tuesday,541582.0579,4810749.197,-80.486094,43.4485,Intersection,2,P.D. only,On roadway,Intersection,Dark,Regional,Signal Control,Functioning,FALSE,FALSE,FALSE,Clear,TRUE,Road 1: KING ST E; Road 2: SCOTT ST; Vehicle #1     Make: TOYT     Model: RV4     Colour: BLK     Style: TY; Vehicle #2     Make: TOYT     Model: CBS     Colour: BLU     Style: 4D,5/3/2021 10:39:54 AM,541582.0579,4810749.197,Q1,Working,FALSE
6793,50274,20033217,2/12/2020 7:50:00 AM,2020,2,12,7,50,Wednesday,543074.3606,4812799.64,-80.467489,43.466878,Intersection,2,P.D. only,On roadway,Intersection,Daylight,Municipal,No control,Functioning,FALSE,FALSE,FALSE,Clear,TRUE,Road 1: WELLINGTON ST; Road 2: RIVERBEND DR; Vehicle #1     Make:      Model:      Colour:      Style: ; Vehicle #2     Make: HOND     Model: UEX     Colour: SIL     Style: 2D,5/3/2021 10:40:01 AM,543074.3606,4812799.64,Q1,Working,FALSE
6794,50275,20033273,2/12/2020 9:10:00 AM,2020,2,12,9,10,Wednesday,542841.9258,4809873.173,-80.470592,43.440541,Intersection,2,P.D. only,On roadway,Intersection,Daylight,Regional,Sign Control,Functioning,FALSE,FALSE,FALSE,Clear,TRUE,Road 1: 16 SYDNEY ST S; Road 2: CHARLES ST; Vehicle #1     Make: TOYT     Model: RV4     Colour: RED     Style: TY; Vehicle #2     Make: TOYT     Model: YAR     Colour: BLU     Style: 4B,5/3/2021 10:40:34 AM,542841.9258,4809873.173,Q1,Working,FALSE