,OBJECTID,ACCIDENTNUM,ACCIDENTDATE,ACCIDENT_YEAR,ACCIDENT_MONTH,ACCIDENT_DAY,ACCIDENT_HOUR,ACCIDENT_MINUTE,Accident_Day,XCOORD,YCOORD,LONGITUDE,LATITUDE,Accident_Location,COLLISIONTYPE,Accident_Type,Impact_Location,Impact_Type,Light,Road_Jurisdication,Traffic_Control,Traffic_Control_Condition,Pedestrian_Involved,Cyclist_Involved,Motorcyclist_Involved,Environment_Condition,Self_Reported,XMLIMPORTNOTES,LASTEDITEDDATE,x,y,Quarter,Day_Type,Vulnerable_Involved
6795,50276,20033410,2/12/2020 12:33:00 PM,2020,2,12,12,33,Wednesday,543845.2391,4808104.074,-80.458337,43.424554,Non intersection,2,P.D. only,Off roadway,SMV,Daylight,Municipal,No control,Unknown,FALSE,FALSE,FALSE,Clear,FALSE,Road 1: CLARK AVE (40 km/h); Road 2: SIEBERT AVE; Distance: 1.0 M W; Vehicle #1     Make: KIA     Model: SED     Colour: BLK     Style: VN,5/3/2021 10:37:02 AM,543845.2391,4808104.074,Q1,Working,FALSE
6796,50277,20033468,2/9/2020 11:40:00 AM,2020,2,9,11,40,Sunday,542139.9144,4807091.74,-80.479482,43.415537,Private Drive,1,Non-fatal injury,Off roadway,SMV,Daylight,Municipal,No control,Unknown,TRUE,FALSE,FALSE,Clear,FALSE,Road 1: STRASBURG RD (50 km/h); Road 2: BLOCK LINE RD; Distance: 7.0 M W; Vehicle #1     Make: HYUN     Model: ESM     Colour: RED     Style: 4D,5/3/2021 10:40:52 AM,542139.9144,4807091.74,Q1,Weekend,FALSE
6797,50278,20033472,2/12/2020 1:48:00 PM,2020,2,12,13,48,Wednesday,541246.9304,4810769.747,-80.490234,43.448703,Private Drive,2,P.D. only,Off roadway,Intersection,Daylight,Municipal,No control,Unknown,FALSE,FALSE,FALSE,Clear,FALSE,Road 1: QUEEN ST S (50 km/h); Road 2: CHARLES ST E; Distance: 30.0 M W; Vehicle #1     Make: NISS     Model: ATS     Colour: BRN     Style: 4D; Vehicle #2     Make: DODG     Model: LRT     Colour:      Style: LRT,5/3/2021 10:40:52 AM,541246.9304,4810769.747,Q1,Working,FALSE
6798,50279,20033474,2/12/2020 11:00:00 AM,2020,2,12,11,0,Wednesday,544960.0207,4811038.452,-80.444323,43.450909,Intersection,1,Non-fatal injury,On roadway,Intersection,Daylight,Regional,Signal Control,Functioning,FALSE,FALSE,FALSE,Clear,TRUE,Road 1: RIVER RD E (IFO GAS STATION); Road 2: OTTAWA ST N; Vehicle #1     Make: FORD     Model: FSE     Colour: YEL     Style: 4D; Vehicle #2     Make:      Model:      Colour:      Style: ; Vehicle #3     Make: VOLK     Model: PTL     Colour: SIL     Sty,5/3/2021 10:39:40 AM,544960.0207,4811038.452,Q1,Working,FALSE
6799,50280,20033929,2/13/2020 1:05:00 AM,2020,2,13,1,5,Thursday,545400.0799,4808302.274,-80.439112,43.426246,Non intersection,2,P.D. only,Off roadway,SMV,Dark,Regional,No control,Unknown,FALSE,FALSE,FALSE,Snow,FALSE,Road 1: KINGSWAY DR (50 km/h); Road 2: CEDARWOODS CRESCENT; Distance: 50.0 M W; Vehicle #1     Make: HOND     Model: ULS     Colour: BLU     Style: 4D,5/3/2021 10:37:27 AM,545400.0799,4808302.274,Q1,Weekend,FALSE
6800,50281,20033990,2/13/2020 5:45:00 AM,2020,2,13,5,45,Thursday,543099.8837,4808892.207,-80.467482,43.431694,Non intersection,2,P.D. only,On roadway,Other,Dark,Municipal,No control,Unknown,FALSE,FALSE,FALSE,Clear,TRUE,Road 1: CARWOOD AVE; Road 2: DIXON ST; Vehicle #1     Make: BUIC     Model: ACX     Colour: RED     Style: 4D; Vehicle #2     Make: CADI     Model: ALA     Colour: BLK     Style: 4D,5/3/2021 10:38:18 AM,543099.8837,4808892.207,Q1,Weekend,FALSE
6801,50282,20034052,2/13/2020 8:20:00 AM,2020,2,13,8,20,Thursday,542721.9631,4808220.544,-80.472204,43.425668,Non intersection,2,P.D. only,On roadway,Intersection,Daylight,Regional,No control,Unknown,FALSE,FALSE,FALSE,Clear,TRUE,Road 1: HANSON AVE; Road 2: HAYWARD AVE KITCHENER; Vehicle #1     Make: STRN     Model: VUE     Colour: RED     Style: TY; Vehicle #2     Make: HYUN     Model: K3G     Colour: BLK     Style: TY,5/3/2021 10:38:18 AM,542721.9631,4808220.544,Q1,Weekend,FALSE
6802,50283,20034144,2/13/2020 10:19:00 AM,2020,2,13,10,19,Thursday,541498.2115,4813363.367,-80.486931,43.472042,Intersection,2,P.D. only,Off roadway,SMV,Daylight,Municipal,Sign Control,Unknown,FALSE,FALSE,FALSE,Snow,FALSE,Road 1: OXFORD ST (50 km/h); Road 2: DOWNEY ST (50 km/h); Distance: 5.0 M W; Vehicle #1     Make:      Model:      Colour:      Style: PIC,5/3/2021 10:40:19 AM,541498.2115,4813363.367,Q1,Weekend,FALSE
6803,50284,20034279,2/13/2020 8:45:00 AM,2020,2,13,8,45,Thursday,542482.5362,4812870.498,-80.4748,43.467549,Non intersection,2,P.D. only,Off roadway,SMV,Daylight,Municipal,No control,Unknown,FALSE,FALSE,FALSE,Snow,TRUE,Road 1: 220 SPRING VALLEY RD; Road 2: GUELPH STREET; Vehicle #1     Make: FORD     Model: FE     Colour: BLU     Style: 4D; Vehicle #2     Make:      Model:      Colour:      Style:,5/3/2021 10:38:19 AM,542482.5362,4812870.498,Q1,Weekend,FALSE
6804,50285,20034921,2/14/2020 8:10:00 AM,2020,2,14,8,10,Friday,547652.423,4804029.39,-80.41166,43.387633,Non intersection,2,P.D. only,On roadway,Rear end,Daylight,Municipal,No control,Unknown,FALSE,FALSE,FALSE,Clear,TRUE,Road 1: DOON VALLEY DR; Road 2: CONESTOGA COLLEGE BLVD; Vehicle #1     Make:      Model:      Colour:      Style: ; Vehicle #2     Make: ACUR     Model: ATL     Colour: BGE     Style: 4D; Vehicle #3     Make:      Model:      Colour:      Style:,5/3/2021 10:39:06 AM,547652.423,4804029.39,Q1,Weekend,FALSE
6805,50286,20035080,2/13/2020 4:20:00 PM,2020,2,13,16,20,Thursday,547756.7616,4804394.378,-80.41034,43.390913,Non intersection,2,P.D. only,On roadway,Rear end,Daylight,Regional,No control,Unknown,FALSE,FALSE,FALSE,Snow,TRUE,Road 1: DOON VALLEY DR; Road 2: CONESTOGA COLLEGE BLVD; Vehicle #1     Make: JEEP     Model: PRT     Colour: WHI     Style: TY; Vehicle #2     Make: BMW     Model: 2XS     Colour: BLK     Style: 4D,5/3/2021 10:38:39 AM,547756.7616,4804394.378,Q1,Weekend,FALSE
6806,50287,20035230,2/14/2020 4:30:00 PM,2020,2,14,16,30,Friday,544348.5868,4807744.605,-80.452148,43.421288,Private Drive,2,P.D. only,Off roadway,Intersection,Daylight,Municipal,No control,Unknown,FALSE,FALSE,FALSE,Clear,TRUE,Road 1: TRAYNOR AVE; Road 2: REYBURN AVE; Vehicle #1     Make: FORD     Model: RNG     Colour: BLK     Style: PK; Vehicle #2     Make: HOND     Model: USE     Colour: SIL     Style: 4D,5/3/2021 10:41:33 AM,544348.5868,4807744.605,Q1,Weekend,FALSE
6807,50288,20035233,2/12/2020 8:00:00 PM,2020,2,12,20,0,Wednesday,541983.9947,4807714.926,-80.48136,43.421157,Non intersection,2,Non-reportable,On roadway,SMV,Dark,Municipal,No control,Unknown,FALSE,FALSE,FALSE,Clear,TRUE,Road 1: 140 APPALACHIAN CRESCENT; Vehicle #1     Make:      Model:      Colour:      Style: ; Vehicle #2     Make: HYUN     Model: AGG     Colour: BLK     Style: 4D,5/3/2021 10:38:46 AM,541983.9947,4807714.926,Q1,Working,FALSE
6808,50289,20035337,2/14/2020 1:10:00 PM,2020,2,14,13,10,Friday,539014.5064,4811254.499,-80.517788,43.453188,Non intersection,2,P.D. only,On roadway,Rear end,Daylight,Regional,No control,Unknown,FALSE,FALSE,FALSE,Clear,TRUE,Road 1: 690 BELMONT LANE E (IFO CROSSWALK); Vehicle #1     Make: TOYO     Model: YAR     Colour: RED     Style: 2W; Vehicle #2     Make: TOYT     Model: VEN     Colour: BRN     Style: TY,5/3/2021 10:38:21 AM,539014.5064,4811254.499,Q1,Weekend,FALSE
6809,50290,20036627,2/16/2020 2:50:00 PM,2020,2,16,14,50,Sunday,544560.1925,4811740.76,-80.449208,43.457256,Intersection,2,P.D. only,On roadway,Intersection,Daylight,Regional,Signal Control,Unknown,FALSE,FALSE,FALSE,Clear,TRUE,Road 1: RIVER RD E; Road 2: LORRAINE AVE; Vehicle #1     Make: TOYT     Model: CBA     Colour: BRN     Style: 4D; Vehicle #2     Make: CHEV     Model: MZ     Colour: GRY     Style: 4D,5/3/2021 10:39:42 AM,544560.1925,4811740.76,Q1,Weekend,FALSE
6810,50291,20037352,2/17/2020 1:30:00 PM,2020,2,17,13,30,Monday,545994.8632,4812032.017,-80.43145,43.459792,Non intersection,2,Non-reportable,On roadway,SMV,Daylight,Municipal,No control,Unknown,FALSE,FALSE,FALSE,Clear,TRUE,Road 1: 70 BREMBEL ST; Vehicle #1     Make:      Model:      Colour:      Style: ; Vehicle #2     Make: LNDR     Model: RVE     Colour: BLU     Style: TY,5/3/2021 10:38:47 AM,545994.8632,4812032.017,Q1,Working,FALSE
6811,50292,20037964,2/16/2020 11:00:00 AM,2020,2,16,11,0,Sunday,545596.0129,4809162.262,-80.43662,43.433977,Non intersection,2,P.D. only,Off roadway,SMV,Daylight,Municipal,No control,Unknown,FALSE,FALSE,FALSE,Clear,TRUE,Road 1: 165 KRAFT AVE; Vehicle #1     Make:      Model:      Colour:      Style: ; Vehicle #2     Make: GMC     Model: CJM     Colour: BLK     Style: TY,5/3/2021 10:38:21 AM,545596.0129,4809162.262,Q1,Weekend,FALSE
6812,50293,20037988,2/18/2020 8:00:00 AM,2020,2,18,8,0,Tuesday,542074.9602,4816168.327,-80.479583,43.497266,Private Drive,2,P.D. only,On roadway,SMV,Daylight,Municipal,No control,Unknown,FALSE,FALSE,FALSE,Clear,FALSE,Road 1: 48 REDTAIL ST (50 km/h); Road 2: REDTAIL ST; Distance: 12.0 M S; Vehicle #1     Make: MAZD     Model: M6     Colour: GRY     Style: 4D; Vehicle #2     Make: FORD     Model: TST     Colour: WHI     Style: FV,5/3/2021 10:41:08 AM,542074.9602,4816168.327,Q1,Working,FALSE
6813,50294,20038235,2/17/2020 4:00:00 PM,2020,2,17,16,0,Monday,538772.6602,4806900.938,-80.521087,43.414,Private Drive,2,Non-reportable,On roadway,SMV,Daylight,Municipal,No control,Unknown,FALSE,FALSE,FALSE,Clear,TRUE,Road 1: WINDFLOWER CRESCENT (IFO 714); Road 2: WINDFLOWER DR; Vehicle #1     Make: TOYT     Model: MTL     Colour: GRY     Style: 4D; Vehicle #2     Make: CHRY     Model: C30     Colour:      Style:,5/3/2021 10:41:20 AM,538772.6602,4806900.938,Q1,Working,FALSE
6814,50295,20038265,2/17/2020 10:00:00 AM,2020,2,17,10,0,Monday,540994.9095,4807504.218,-80.493593,43.419314,Non intersection,2,Non-reportable,Off roadway,SMV,Daylight,Municipal,No control,Unknown,FALSE,FALSE,FALSE,Clear,TRUE,Road 1: 106 SHEA CRESCENT; Vehicle #1     Make:      Model:      Colour:      Style: ; Vehicle #2     Make: TOYT     Model: CBS     Colour: RED     Style: 4D,5/3/2021 10:37:46 AM,540994.9095,4807504.218,Q1,Working,FALSE
6815,50296,20038590,2/19/2020 8:20:00 AM,2020,2,19,8,20,Wednesday,547805.8929,4804425.09,-80.409731,43.391186,Non intersection,2,P.D. only,On roadway,Rear end,Daylight,Regional,No control,Unknown,FALSE,FALSE,FALSE,Clear,TRUE,Road 1: DOON VALLEY DR; Road 2: CONESTOGA COLLEGE; Vehicle #1     Make:      Model:      Colour:      Style: ; Vehicle #2     Make: MERZ     Model: ML3     Colour: BLU     Style: TY,5/3/2021 10:38:39 AM,547805.8929,4804425.09,Q1,Working,FALSE
6816,50297,20038659,2/18/2020 10:10:00 AM,2020,2,18,10,10,Tuesday,542562.1844,4812551.113,-80.47384,43.464669,Intersection,2,Non-reportable,On roadway,Intersection,Daylight,Regional,Sign Control,Functioning,FALSE,FALSE,FALSE,Clear,TRUE,Road 1: WELLINGTON ST N; Road 2: HIGHWAY 85; Vehicle #1     Make: KENW     Model: CON     Colour:      Style: ; Vehicle #2     Make: FORD     Model: DRW     Colour: WHI     Style: CT,5/3/2021 10:39:38 AM,542562.1844,4812551.113,Q1,Working,FALSE
6817,50298,20038664,2/18/2020 1:30:00 PM,2020,2,18,13,30,Tuesday,545147.7126,4807182.699,-80.442323,43.416181,Non intersection,2,P.D. only,On roadway,Intersection,Daylight,Municipal,No control,Unknown,FALSE,FALSE,FALSE,Clear,TRUE,Road 1: WILSON AVE; Road 2: GOODRICH DR; Vehicle #1     Make: HOND     Model: PIL     Colour: GRY     Style: TY; Vehicle #2     Make: TOYT     Model: HV4     Colour: BLU     Style: TY,5/3/2021 10:38:03 AM,545147.7126,4807182.699,Q1,Working,FALSE
6818,50299,20038739,2/18/2020 10:30:00 AM,2020,2,18,10,30,Tuesday,546437.3268,4811246.064,-80.426048,43.452688,Non intersection,1,Non-fatal injury,Off roadway,SMV,Daylight,Municipal,No control,Unknown,TRUE,FALSE,FALSE,Snow,FALSE,Road 1: 184 GRAY ST (50 km/h); Road 2: GRAY ST; Distance: 2.0 M S; Vehicle #1     Make: TOYT     Model: VEN     Colour: GRY     Style: TY,5/3/2021 10:37:21 AM,546437.3268,4811246.064,Q1,Working,FALSE
6819,50300,20038942,2/19/2020 3:30:00 PM,2020,2,19,15,30,Wednesday,545295.5341,4808174.198,-80.440415,43.425099,Other,1,Non-fatal injury,On roadway,SMV,Daylight,Municipal,No control,Unknown,TRUE,FALSE,FALSE,Clear,FALSE,Road 1: 2960 KINGSWAY DR (50 km/h); Road 2: KINGSWAY DR; Distance: 1.0 M N; Vehicle #1     Make:      Model:      Colour:      Style: SUV,5/3/2021 10:41:56 AM,545295.5341,4808174.198,Q1,Working,FALSE
6820,50301,20039100,2/19/2020 5:30:00 PM,2020,2,19,17,30,Wednesday,538587.6904,4808551.557,-80.523255,43.428872,Private Drive,2,P.D. only,On roadway,Intersection,Dusk,Regional,No control,Unknown,FALSE,FALSE,FALSE,Clear,TRUE,Road 1: 1526 QUEEN'S BLVD (IFO 1526 QUEENS BLVD); Road 2: FISCHER-HALLMAN RD; Vehicle #1     Make: DODG     Model: CAR     Colour: BLK     Style: VN; Vehicle #2     Make: JEEP     Model: WRA     Colour: SIL     Style: TY,5/3/2021 10:41:36 AM,538587.6904,4808551.557,Q1,Working,FALSE
6821,50302,20039362,2/20/2020 7:45:00 AM,2020,2,20,7,45,Thursday,542658.76,4811832.522,-80.472702,43.458193,Private Drive,2,P.D. only,On roadway,Rear end,Daylight,Regional,No control,Unknown,FALSE,FALSE,FALSE,Clear,TRUE,Road 1: EDNA ST (IFO TIM HORTONS); Road 2: FREDRICK ST; Vehicle #1     Make: CHEV     Model: CZT     Colour: BLK     Style: 4D; Vehicle #2     Make: CHEV     Model: IMT     Colour: WHI     Style: 4D,5/3/2021 10:41:40 AM,542658.76,4811832.523,Q1,Weekend,FALSE
6822,50303,20039626,2/20/2020 1:45:00 PM,2020,2,20,13,45,Thursday,540293.5921,4811982.008,-80.501926,43.459671,Private Drive,2,P.D. only,On roadway,SMV,Daylight,Municipal,No control,Unknown,FALSE,FALSE,FALSE,Clear,TRUE,Road 1: 532 DUKE ST W; Vehicle #1     Make:      Model:      Colour:      Style: ; Vehicle #2     Make: CHEV     Model: ML2     Colour: GRY     Style: 4D,5/3/2021 10:41:41 AM,540293.5921,4811982.008,Q1,Weekend,FALSE
6823,50304,20039718,2/20/2020 2:37:00 PM,2020,2,20,14,37,Thursday,541684.8097,4814659.862,-80.484525,43.483706,Private Drive,2,Non-reportable,On roadway,Other,Daylight,Municipal,No control,Unknown,FALSE,FALSE,FALSE,Clear,TRUE,Road 1: WOOLWICH ST (IFO 50); Road 2: HILLCREST LN; Vehicle #1     Make:      Model:      Colour:      Style: ; Vehicle #2     Make: CHEV     Model: SIL     Colour: BLK     Style: PK,5/3/2021 10:41:20 AM,541684.8097,4814659.862,Q1,Weekend,FALSE
6824,50305,20039830,2/20/2020 4:30:00 PM,2020,2,20,16,30,Thursday,544824.0297,4804822.987,-80.446514,43.394953,Private Drive,2,P.D. only,On roadway,Intersection,Daylight,Municipal,No control,Unknown,FALSE,FALSE,FALSE,Clear,TRUE,Road 1: 479 PIONEER DR; Vehicle #1     Make: FORD     Model: EPR     Colour: BLK     Style: TY; Vehicle #2     Make: VOLK     Model: GLF     Colour: GRY     Style: 4B,5/3/2021 10:41:40 AM,544824.0297,4804822.987,Q1,Weekend,FALSE
6825,50306,20040417,2/21/2020 8:15:00 AM,2020,2,21,8,15,Friday,543534.4191,4804406.528,-80.462471,43.391279,Intersection,2,P.D. only,On roadway,Other,Daylight,Municipal,Sign Control,Functioning,FALSE,FALSE,FALSE,Clear,TRUE,Road 1: MARL MEADOW DR; Road 2: TEMPLEWOOD DR; Vehicle #1     Make: HOND     Model: UAX     Colour: BLK     Style: 2D; Vehicle #2     Make:      Model:      Colour:      Style:,5/3/2021 10:39:53 AM,543534.4191,4804406.528,Q1,Weekend,FALSE
6826,50307,20040486,2/21/2020 8:00:00 AM,2020,2,21,8,0,Friday,540485.2232,4809641.599,-80.499731,43.438587,Non intersection,2,Non-reportable,On roadway,SMV,Daylight,Municipal,No control,Unknown,FALSE,FALSE,FALSE,Clear,TRUE,Road 1: REX DR; Road 2: QUEEN'S BLVD; Vehicle #1     Make:      Model:      Colour:      Style: ; Vehicle #2     Make: HYUN     Model: EGM     Colour: RED     Style: 4D,5/3/2021 10:37:10 AM,540485.2232,4809641.599,Q1,Weekend,FALSE
6827,50308,20040528,2/20/2020 5:00:00 PM,2020,2,20,17,0,Thursday,544744.2609,4810004.421,-80.447075,43.441612,Intersection,2,Non-reportable,On roadway,Other,Daylight,Regional,Sign Control,Functioning,FALSE,FALSE,FALSE,Clear,TRUE,Road 1: KENNETH AVE; Road 2: FRANKLIN ST N; Vehicle #1     Make: HOND     Model: UAX     Colour: WHI     Style: 4D; Vehicle #2     Make: TOYT     Model: CBS     Colour: BLU     Style: 4D,5/3/2021 10:39:14 AM,544744.2609,4810004.422,Q1,Weekend,FALSE
6828,50309,20040531,2/21/2020 2:00:00 PM,2020,2,21,14,0,Friday,543337.2306,4812475.566,-80.464265,43.463944,Non intersection,2,P.D. only,On roadway,Intersection,Daylight,Regional,No control,Unknown,FALSE,FALSE,FALSE,Clear,TRUE,Road 1: RIVER RD E; Road 2: VICTORIA ST N; Vehicle #1     Make: SUZI     Model: GVT     Colour: SIL     Style: TY; Vehicle #2     Make: LEXS     Model: C2H     Colour: WHI     Style: 4B,5/3/2021 10:38:31 AM,543337.2306,4812475.566,Q1,Weekend,FALSE
6829,50310,20040542,2/21/2020 5:15:00 PM,2020,2,21,17,15,Friday,543303.7847,4812518.938,-80.464675,43.464337,Private Drive,2,P.D. only,On roadway,Intersection,Dusk,Regional,No control,Unknown,FALSE,FALSE,FALSE,Clear,TRUE,Road 1: VICTORIA ST N; Road 2: RIVER RD E; Vehicle #1     Make: GMC     Model: SIE     Colour: GRY     Style: PK; Vehicle #2     Make: NISS     Model: MSV     Colour: GRY     Style: 4D,8/16/2022 3:03:45 PM,543303.7847,4812518.938,Q1,Weekend,FALSE
6830,50311,20040905,2/22/2020 4:55:00 AM,2020,2,22,4,55,Saturday,538166.3569,4809837.398,-80.52837,43.440472,Non intersection,2,P.D. only,Off roadway,SMV,Dark,Municipal,No control,Unknown,FALSE,FALSE,FALSE,Clear,FALSE,Road 1: DALEGROVE DR (50 km/h); Road 2: HAZELGLEN DR; Distance: 50.0 M E; Vehicle #1     Make: HOND     Model: PEC     Colour: SIL     Style: 2D,5/3/2021 10:37:28 AM,538166.3569,4809837.398,Q1,Weekend,FALSE
6831,50312,20040923,2/22/2020 6:09:00 AM,2020,2,22,6,9,Saturday,538752.5308,4807790.379,-80.521272,43.42201,Private Drive,2,P.D. only,On roadway,SMV,Dark,Municipal,No control,Unknown,FALSE,FALSE,FALSE,Clear,FALSE,Road 1: 59  MCGARRY DR (40 km/h); Road 2: MCGARRY DR; Distance: 1.0 M N; Vehicle #1     Make: HYUN     Model: ESM     Colour: BLK     Style: 4D,5/3/2021 10:41:09 AM,538752.5308,4807790.379,Q1,Weekend,FALSE
6832,50313,20041133,2/22/2020 9:05:00 AM,2020,2,22,9,5,Saturday,546157.1226,4811194.234,-80.429515,43.452239,Private Drive,2,P.D. only,On roadway,Other,Daylight,Municipal,No control,Unknown,FALSE,FALSE,FALSE,Clear,TRUE,Road 1: 30 BURNT EMBER COURT; Vehicle #1     Make: SUBA     Model: CRO     Colour: WHI     Style: TY; Vehicle #2     Make: HOND     Model: CRV     Colour: SIL     Style: TY,5/3/2021 10:41:43 AM,546157.1226,4811194.234,Q1,Weekend,FALSE
6833,50314,20041151,2/22/2020 12:05:00 PM,2020,2,22,12,5,Saturday,538917.405,4806955.435,-80.519295,43.414484,Private Drive,2,P.D. only,Off roadway,SMV,Daylight,Municipal,No control,Unknown,FALSE,FALSE,FALSE,Clear,FALSE,Road 1: 60 MILFOIL CRES (50 km/h); Road 2: MILFOIL CRES; Distance: 1.0 K E; Vehicle #1     Make: INTR     Model: MA0     Colour: YEL     Style: CT,5/3/2021 10:41:09 AM,538917.405,4806955.435,Q1,Weekend,FALSE
6834,50315,20041226,2/22/2020 2:30:00 PM,2020,2,22,14,30,Saturday,542141.4014,4810396.98,-80.479208,43.445297,Non intersection,2,P.D. only,On roadway,Intersection,Daylight,Regional,No control,Unknown,FALSE,FALSE,FALSE,Clear,TRUE,Road 1: KING ST E; Road 2: BETZNER AVE N; Vehicle #1     Make: FORD     Model: EDG     Colour: GRN     Style: TY; Vehicle #2     Make: HOND     Model: CCL     Colour: WHI     Style: 4D,5/3/2021 10:38:08 AM,542141.4014,4810396.98,Q1,Weekend,FALSE
6835,50316,20041263,2/22/2020 3:30:00 PM,2020,2,22,15,30,Saturday,541856.5002,4810582.408,-80.482715,43.446983,Non intersection,2,P.D. only,On roadway,Intersection,Daylight,Regional,No control,Unknown,FALSE,FALSE,FALSE,Clear,TRUE,Road 1: KING ST E; Road 2: MADISON AVE S; Vehicle #1     Make: RAM     Model: RTR     Colour: WHI     Style: PK; Vehicle #2     Make: TOYT     Model: PRV     Colour: BLU     Style: SW,5/3/2021 10:38:33 AM,541856.5002,4810582.408,Q1,Weekend,FALSE
6836,50317,20041305,2/22/2020 4:38:00 PM,2020,2,22,16,38,Saturday,541343.4489,4809064.459,-80.48917,43.433344,Intersection,1,Non-fatal injury,On roadway,Intersection,Daylight,Regional,Sign Control,Functioning,FALSE,FALSE,FALSE,Clear,FALSE,Road 1: HEIMAN ST (50 km/h); Road 2: HIGHLAND RD E (50 km/h); Vehicle #1     Make: TOYT     Model: MTL     Colour: WHI     Style: 4D; Vehicle #2     Make: HYUN     Model: ESM     Colour: WHI     Style: 4D,5/3/2021 10:40:19 AM,541343.4489,4809064.459,Q1,Weekend,FALSE
6837,50318,20041333,2/14/2020 11:15:00 PM,2020,2,14,23,15,Friday,540345.1085,4811565.642,-80.50132,43.455919,Non intersection,2,Non-reportable,On roadway,SMV,Dark,Regional,No control,Unknown,FALSE,FALSE,FALSE,Clear,TRUE,Road 1: 66 LOUISA ST; Vehicle #1     Make:      Model:      Colour:      Style: ; Vehicle #2     Make: TOYT     Model: CXL     Colour: GRY     Style: 4D,5/3/2021 10:39:05 AM,540345.1085,4811565.642,Q1,Weekend,FALSE
6838,50319,20041545,2/22/2020 10:00:00 PM,2020,2,22,22,0,Saturday,543234.8878,4811371.784,-80.465618,43.454012,Private Drive,2,Non-reportable,On roadway,SMV,Dark,Municipal,No control,Unknown,FALSE,FALSE,FALSE,Clear,TRUE,Road 1: 16 SHERWOOD AVE; Vehicle #1     Make: DODG     Model: DAKO     Colour: WHI     Style: PK; Vehicle #2     Make: TOYT     Model: RV4     Colour: GRY     Style: TY,5/3/2021 10:40:58 AM,543234.8878,4811371.784,Q1,Weekend,FALSE
6839,50320,20042672,2/24/2020 10:40:00 AM,2020,2,24,10,40,Monday,541412.8182,4809233.661,-80.4883,43.434863,Non intersection,2,P.D. only,On roadway,SMV,Daylight,Municipal,No control,Unknown,FALSE,FALSE,FALSE,Clear,TRUE,Road 1: 150 CHARLES BEST PLACE  KITCHENER; Vehicle #1     Make: HOND     Model: CXG     Colour: BLU     Style: 4D,4/27/2022 10:39:05 AM,541412.8182,4809233.661,Q1,Working,FALSE
6840,50321,20042885,2/24/2020 9:00:00 AM,2020,2,24,9,0,Monday,538737.4717,4810943.249,-80.521235,43.4504,Private Drive,2,P.D. only,On roadway,Intersection,Daylight,Municipal,No control,Unknown,FALSE,FALSE,FALSE,Clear,TRUE,Road 1: GLASGOW ST; Road 2: DUNBAR RD; Vehicle #1     Make: FRHT     Model: FM2     Colour: WHI     Style: CT; Vehicle #2     Make: MITS     Model: OUT     Colour: BRN     Style: TY,5/3/2021 10:41:47 AM,538737.4717,4810943.249,Q1,Working,FALSE
6841,50322,20042973,2/23/2020 2:30:00 AM,2020,2,23,2,30,Sunday,544879.3751,4811442.974,-80.445287,43.454556,Private Drive,2,P.D. only,On roadway,SMV,Dark,Municipal,No control,Unknown,FALSE,FALSE,FALSE,Snow,TRUE,Road 1: 35 BRECKENRIDGE DR; Vehicle #1     Make: CHEV     Model: SIL     Colour: SIL     Style: CW; Vehicle #2     Make: TOYT     Model: RG4     Colour: BLK     Style: TY,5/3/2021 10:41:48 AM,544879.3751,4811442.974,Q1,Weekend,FALSE
6842,50323,20043080,2/24/2020 7:50:00 AM,2020,2,24,7,50,Monday,541448.3847,4808718.533,-80.4879,43.430223,Private Drive,2,Non-reportable,On roadway,Rear end,Daylight,Regional,No control,Unknown,FALSE,FALSE,FALSE,Clear,TRUE,Road 1: HOFFMAN ST; Road 2: HIGHLAND RD E SOUTHDALE KITCHENER; Vehicle #1     Make:      Model:      Colour:      Style: ; Vehicle #2     Make: MAZD     Model: 3SP     Colour: WHI     Style: 4D,5/3/2021 10:40:58 AM,541448.3847,4808718.533,Q1,Working,FALSE
6843,50324,20043525,2/6/2020 5:40:00 PM,2020,2,6,17,40,Thursday,545432.0301,4808343.227,-80.438714,43.426613,Intersection,2,Non-reportable,On roadway,Rear end,Dark,Municipal,Sign Control,Functioning,FALSE,FALSE,FALSE,Clear,TRUE,Road 1: CEDARWOODS CRESCENT; Road 2: KINGSWAY DR; Vehicle #1     Make:      Model:      Colour:      Style: ; Vehicle #2     Make: NISS     Model: MUR     Colour: SIL     Style: TY,5/3/2021 10:40:11 AM,545432.0301,4808343.227,Q1,Weekend,FALSE