,OBJECTID,ACCIDENTNUM,ACCIDENTDATE,ACCIDENT_YEAR,ACCIDENT_MONTH,ACCIDENT_DAY,ACCIDENT_HOUR,ACCIDENT_MINUTE,Accident_Day,XCOORD,YCOORD,LONGITUDE,LATITUDE,Accident_Location,COLLISIONTYPE,Accident_Type,Impact_Location,Impact_Type,Light,Road_Jurisdication,Traffic_Control,Traffic_Control_Condition,Pedestrian_Involved,Cyclist_Involved,Motorcyclist_Involved,Environment_Condition,Self_Reported,XMLIMPORTNOTES,LASTEDITEDDATE,x,y,Quarter,Day_Type,Vulnerable_Involved
6844,50325,20044467,2/26/2020 2:10:00 PM,2020,2,26,14,10,Wednesday,542058.2427,4813071.948,-80.480029,43.469387,Private Drive,2,P.D. only,Off roadway,SMV,Daylight,Municipal,No control,Unknown,FALSE,FALSE,FALSE,Snow,FALSE,Road 1: 237 ARNOLD ST (50 km/h); Road 2: ARNOLD ST; Distance: 5.0 M E; Vehicle #1     Make: NISS     Model: SL2     Colour: WHI     Style: 4D,5/3/2021 10:41:06 AM,542058.2427,4813071.948,Q1,Working,FALSE
6845,50326,20044522,2/26/2020 3:30:00 PM,2020,2,26,15,30,Wednesday,548241.8098,4804556.513,-80.404337,43.392342,Non intersection,2,P.D. only,On roadway,Intersection,Daylight,Municipal,No control,Unknown,FALSE,FALSE,FALSE,Snow,TRUE,Road 1: 299 DOON VALLEY DR; Vehicle #1     Make: CHEV     Model: S1L     Colour: WHI     Style: 4B; Vehicle #2     Make:      Model:      Colour:      Style:,5/3/2021 10:38:49 AM,548241.8098,4804556.513,Q1,Working,FALSE
6846,50327,20044585,2/26/2020 9:35:00 AM,2020,2,26,9,35,Wednesday,547053.9306,4808098.176,-80.418699,43.424306,Intersection,2,Non-reportable,On roadway,Intersection,Daylight,Regional,Sign Control,Functioning,FALSE,FALSE,FALSE,Snow,TRUE,Road 1: RIVER RD E; Road 2: WOODVIEW CRESCENT; Vehicle #1     Make: TOYT     Model: UCS     Colour: GRY     Style: 4D; Vehicle #2     Make: TOYT     Model: SXB     Colour: BLK     Style: TY,5/3/2021 10:40:20 AM,547053.9306,4808098.176,Q1,Working,FALSE
6847,50328,20044813,2/26/2020 8:50:00 PM,2020,2,26,20,50,Wednesday,536307.704,4807716.956,-80.551479,43.421471,Private Drive,2,P.D. only,Off roadway,SMV,Dark,Municipal,No control,Unknown,FALSE,FALSE,FALSE,Snow,FALSE,Road 1: 92 NEWBURY DR (50 km/h); Road 2: NEWBURY DR; Distance: 0.0 M S; Vehicle #1     Make: HOND     Model: UCL     Colour: BLK     Style: 4D; Vehicle #2     Make: HOND     Model: CIV     Colour: BLU     Style: 4D,5/3/2021 10:41:08 AM,536307.704,4807716.956,Q1,Working,FALSE
6848,50329,20044860,2/26/2020 10:05:00 PM,2020,2,26,22,5,Wednesday,540059.971,4810228.398,-80.504942,43.443893,Non intersection,2,P.D. only,On roadway,Rear end,Dark,Municipal,No control,Unknown,FALSE,FALSE,FALSE,Snow,FALSE,Road 1: 128 WEST AVE (50 km/h); Road 2: WEST AVE; Distance: 5.0 M S; Vehicle #1     Make: NISS     Model: SL2     Colour: GRY     Style: 4D; Vehicle #2     Make: HYUN     Model: ESM     Colour: BLK     Style: 4D,5/3/2021 10:37:37 AM,540059.971,4810228.398,Q1,Working,FALSE
6849,50330,20044862,2/26/2020 1:45:00 PM,2020,2,26,13,45,Wednesday,543045.8917,4809760.801,-80.468081,43.439518,Intersection,2,Non-reportable,On roadway,Intersection,Other,Regional,No control,Functioning,FALSE,FALSE,FALSE,Snow,TRUE,Road 1: DELTA ST; Road 2: CHARLES ST E KITCHENER; Vehicle #1     Make:      Model:      Colour:      Style: ; Vehicle #2     Make: GMC     Model: SAV     Colour: WHI     Style: FV,8/16/2022 2:55:11 PM,543045.8917,4809760.801,Q1,Working,FALSE
6850,50331,20044899,2/26/2020 10:15:00 PM,2020,2,26,22,15,Wednesday,537331.8602,4806743.806,-80.538894,43.412659,Non intersection,2,P.D. only,On roadway,SMV,Dark,Municipal,No control,Unknown,FALSE,FALSE,FALSE,Snow,TRUE,Road 1: DRIFTWOOD DR (IFO 278); Vehicle #1     Make:      Model:      Colour:      Style: ; Vehicle #2     Make: HYUN     Model: SAN     Colour: WHI     Style: TY,5/3/2021 10:38:55 AM,537331.8602,4806743.806,Q1,Working,FALSE
6851,50332,20045147,2/26/2020 4:40:00 PM,2020,2,26,16,40,Wednesday,546618.2133,4810937.665,-80.423839,43.4499,Intersection,2,P.D. only,On roadway,Rear end,Daylight,Regional,Signal Control,Functioning,FALSE,FALSE,FALSE,Snow,TRUE,Road 1: OLDFIELD DR; Road 2: LACKNER BLVD; Vehicle #1     Make: FORD     Model: SRW     Colour: WHI     Style: PK; Vehicle #2     Make: LEXS     Model: RX5     Colour: BLK     Style: TY,5/3/2021 10:39:55 AM,546618.2133,4810937.665,Q1,Working,FALSE
6852,50333,20045187,2/27/2020 10:31:00 AM,2020,2,27,10,31,Thursday,542485.008,4812893.152,-80.474767,43.467753,Non intersection,2,P.D. only,Off roadway,SMV,Daylight,Municipal,No control,Unknown,FALSE,FALSE,FALSE,Snow,FALSE,Road 1: SPRING VALLEY RD (50 km/h); Road 2: GUELPH ST; Distance: 30.0 M E; Vehicle #1     Make: KW     Model: CON     Colour: GRN     Style: CT,5/3/2021 10:37:03 AM,542485.008,4812893.152,Q1,Weekend,FALSE
6853,50334,20045889,2/28/2020 8:15:00 AM,2020,2,28,8,15,Friday,544598.2907,4808134.661,-80.449031,43.424785,Intersection,2,P.D. only,On roadway,Other,Daylight,Municipal,Sign Control,Unknown,FALSE,FALSE,FALSE,Snow,TRUE,Road 1: WILSON AVE; Road 2: WOODHAVEN RD; Vehicle #1     Make: TOYT     Model: SIE     Colour: GRY     Style: VN; Vehicle #2     Make:      Model:      Colour:      Style:,5/3/2021 10:39:39 AM,544598.2907,4808134.661,Q1,Weekend,FALSE
6854,50335,20045898,2/27/2020 8:10:00 AM,2020,2,27,8,10,Thursday,540277.2,4808533.899,-80.502383,43.428624,Intersection,2,P.D. only,On roadway,Rear end,Daylight,Municipal,Sign Control,Unknown,FALSE,FALSE,FALSE,Clear,TRUE,Road 1: GREENBROOK DR; Road 2: VILLAGE RD; Vehicle #1     Make: CHEV     Model: SNT     Colour: WHI     Style: 4W; Vehicle #2     Make: TOYT     Model: CHB     Colour: GRN     Style: 4D,5/3/2021 10:39:56 AM,540277.2,4808533.899,Q1,Weekend,FALSE
6855,50336,20045952,2/28/2020 9:35:00 AM,2020,2,28,9,35,Friday,540807.5967,4810880.354,-80.495655,43.449723,Intersection,2,P.D. only,On roadway,Rear end,Daylight,Municipal,Signal Control,Functioning,FALSE,FALSE,FALSE,Other,TRUE,Road 1: JOSEPH ST; Road 2: WATER ST S; Vehicle #1     Make: NISS     Model: LVL     Colour: BLU     Style: 4B; Vehicle #2     Make: HOND     Model: UCL     Colour: BLK     Style: 4D,5/3/2021 10:40:01 AM,540807.5967,4810880.354,Q1,Weekend,FALSE
6856,50337,20046029,2/28/2020 9:30:00 AM,2020,2,28,9,30,Friday,541697.6146,4811662.543,-80.484596,43.456717,Private Drive,2,Non-reportable,On roadway,SMV,Daylight,Municipal,No control,Unknown,FALSE,FALSE,FALSE,Clear,TRUE,Road 1: 14 SAINT LEGER ST; Vehicle #1     Make:      Model:      Colour:      Style: ; Vehicle #2     Make: RAM     Model: RTR     Colour: BLK     Style: CW,5/3/2021 10:41:04 AM,541697.6146,4811662.544,Q1,Weekend,FALSE
6857,50338,20046092,2/28/2020 1:00:00 PM,2020,2,28,13,0,Friday,546364.0945,4809639.876,-80.42709,43.438231,Non intersection,2,Non-reportable,On roadway,SMV,Daylight,Municipal,No control,Unknown,FALSE,FALSE,FALSE,Snow,TRUE,Road 1: 383 VERONICA DR; Vehicle #1     Make: WSTR     Model: WD1     Colour: WHI     Style: DP; Vehicle #2     Make: SUBA     Model: XVC     Colour: GRY     Style: TY,5/3/2021 10:37:07 AM,546364.0945,4809639.876,Q1,Weekend,FALSE
6858,50339,20046253,2/27/2020 8:45:00 AM,2020,2,27,8,45,Thursday,539573.1327,4806252.634,-80.511247,43.408121,Intersection,2,P.D. only,On roadway,Rear end,Daylight,Municipal,Sign Control,Functioning,FALSE,FALSE,FALSE,Snow,TRUE,Road 1: ACTIVA AVE; Road 2: COPPER LEAF ST; Vehicle #1     Make: TOYT     Model: CBA     Colour: GRY     Style: 4D; Vehicle #2     Make:      Model:      Colour:      Style:,5/3/2021 10:40:40 AM,539573.1327,4806252.634,Q1,Weekend,FALSE
6859,50340,20046468,2/28/2020 4:50:00 PM,2020,2,28,16,50,Friday,537712.3745,4809766.342,-80.533985,43.439855,Private Drive,2,Non-reportable,On roadway,SMV,Daylight,Municipal,No control,Unknown,FALSE,FALSE,FALSE,Clear,TRUE,Road 1: 124 INGLESIDE DR; Vehicle #1     Make: NISS     Model: VNS     Colour: GRY     Style: 4B; Vehicle #2     Make: DODG     Model: CAR     Colour: WHI     Style: VN,5/3/2021 10:41:05 AM,537712.3745,4809766.342,Q1,Weekend,FALSE
6860,50341,20046496,2/28/2020 10:05:00 PM,2020,2,28,22,5,Friday,539042.3672,4811195.604,-80.517448,43.452656,Intersection,2,P.D. only,On roadway,Intersection,Dark,Regional,Sign Control,Functioning,FALSE,FALSE,FALSE,Snow,FALSE,Road 1: BELMONT AVE W (50 km/h); Road 2: ROCK AVE (50 km/h); Vehicle #1     Make: MERZ     Model: C4A     Colour: GRY     Style: 4D; Vehicle #2     Make: HYUN     Model: SFT     Colour: BLK     Style: TY,5/3/2021 10:39:20 AM,539042.3672,4811195.604,Q1,Weekend,FALSE
6861,50342,20046901,2/28/2020 4:00:00 PM,2020,2,28,16,0,Friday,541232.1675,4810949.423,-80.490402,43.450322,Intersection,2,P.D. only,On roadway,Rear end,Daylight,Regional,Signal Control,Functioning,FALSE,FALSE,FALSE,Clear,TRUE,Road 1: ONTARIO ST N; Road 2: KING ST W; Vehicle #1     Make: SUBA     Model: OBK     Colour: GRY     Style: TY; Vehicle #2     Make: HOND     Model: ACC     Colour: BLU     Style: 4D,5/3/2021 10:40:42 AM,541232.1675,4810949.423,Q1,Weekend,FALSE
6862,50343,20046904,2/26/2020 5:22:00 PM,2020,2,26,17,22,Wednesday,541273.1131,4809710.68,-80.48999,43.439166,Non intersection,2,P.D. only,On roadway,Rear end,Dusk,Municipal,No control,Unknown,FALSE,FALSE,FALSE,Snow,TRUE,Road 1: SPADINA RD E; Road 2: WENTWORTH AVE; Vehicle #1     Make: HOND     Model: ACC     Colour: GRY     Style: 4D; Vehicle #2     Make: PONT     Model: TOR     Colour: BLK     Style: TY,5/3/2021 10:38:04 AM,541273.1131,4809710.68,Q1,Working,FALSE
6863,50344,20046931,2/26/2020 7:00:00 PM,2020,2,26,19,0,Wednesday,540755.2212,4806353.461,-80.49664,43.408966,Intersection,2,Non-reportable,On roadway,Rear end,Dark,Municipal,No control,Functioning,FALSE,FALSE,FALSE,Snow,TRUE,Road 1: TILLSLEY DR; Road 2: ERINBROOK DR; Vehicle #1     Make: TOYT     Model: HIG     Colour: GRY     Style: TY; Vehicle #2     Make: PONT     Model: VIB     Colour: RED     Style: 4B,5/3/2021 10:40:15 AM,540755.2212,4806353.461,Q1,Working,FALSE
6864,50345,20047034,2/28/2020 8:00:00 PM,2020,2,28,20,0,Friday,547407.7322,4808326.527,-80.414308,43.42634,Private Drive,2,Non-reportable,On roadway,SMV,Dark,Municipal,No control,Unknown,FALSE,FALSE,FALSE,Clear,TRUE,Road 1: 88 LEWIS CRESCENT; Vehicle #1     Make:      Model:      Colour:      Style: ; Vehicle #2     Make: HOND     Model: CTU     Colour: GRY     Style: 4D,5/3/2021 10:41:04 AM,547407.7322,4808326.527,Q1,Weekend,FALSE
6865,50346,20047054,2/29/2020 2:55:00 PM,2020,2,29,14,55,Saturday,545413.5015,4810137.585,-80.438794,43.44277,Non intersection,2,Non-reportable,On roadway,Intersection,Daylight,Regional,No control,Unknown,FALSE,FALSE,FALSE,Clear,TRUE,Road 1: RIVER RD E; Road 2: RENNIE DR; Vehicle #1     Make: NISS     Model: ROG     Colour: SIL     Style: TY; Vehicle #2     Make:      Model:      Colour:      Style:,5/3/2021 10:37:28 AM,545413.5015,4810137.585,Q1,Weekend,FALSE
6866,50347,20047057,2/29/2020 3:08:00 PM,2020,2,29,15,8,Saturday,543569.0844,4804977.161,-80.461997,43.396415,Intersection,2,P.D. only,On roadway,Intersection,Daylight,Regional,Signal Control,Functioning,FALSE,FALSE,FALSE,Clear,FALSE,Road 1: BATTLER RD (50 km/h); Road 2: HURON RD (50 km/h); Vehicle #1     Make: FORD     Model: SRW     Colour: WHI     Style: PK; Vehicle #2     Make: TOYT     Model: CBA     Colour: GRY     Style: 4D,5/3/2021 10:40:10 AM,543569.0844,4804977.161,Q1,Weekend,FALSE
6867,50348,20047519,3/1/2020 3:07:00 AM,2020,3,1,3,7,Sunday,539195.8839,4810390.047,-80.515609,43.445395,Non intersection,2,P.D. only,Off roadway,SMV,Dark,Municipal,No control,Unknown,FALSE,FALSE,FALSE,Clear,FALSE,Road 1: 32 BRYBECK CRES (50 km/h); Road 2: BRYBECK CRES; Distance: 5.0 M S; Vehicle #1     Make: TOYT     Model: UCS     Colour: RED     Style: 4D,5/13/2021 11:24:49 AM,539195.8839,4810390.047,Q1,Weekend,FALSE
6868,50349,20047686,3/1/2020 10:37:00 AM,2020,3,1,10,37,Sunday,541004.6884,4811767.139,-80.493152,43.457697,Intersection,1,Non-fatal injury,On roadway,Intersection,Daylight,Municipal,Sign Control,Functioning,FALSE,FALSE,FALSE,Clear,FALSE,Road 1: WELLINGTON ST N (50 km/h); Road 2: AHRENS ST W (50 km/h); Vehicle #1     Make: HYUN     Model: SAN     Colour: BLK     Style: TY; Vehicle #2     Make: MERZ     Model: GK3     Colour: SIL     Style: TY,5/13/2021 11:23:56 AM,541004.6884,4811767.139,Q1,Weekend,FALSE
6869,50350,20047917,3/1/2020 2:25:00 PM,2020,3,1,14,25,Sunday,541070.3202,4809680.418,-80.492498,43.438905,Non intersection,2,Non-reportable,On roadway,Intersection,Daylight,Regional,No control,Unknown,FALSE,FALSE,FALSE,Clear,TRUE,Road 1: SPADINA RD E; Road 2: HIGHLAND RD E; Vehicle #1     Make: KIA     Model: SOU     Colour: BLK     Style: TY; Vehicle #2     Make:      Model:      Colour:      Style:,5/13/2021 11:35:28 AM,541070.3202,4809680.418,Q1,Weekend,FALSE
6870,50351,20048098,3/1/2020 9:00:00 PM,2020,3,1,21,0,Sunday,545036.2058,4807869.207,-80.443643,43.422369,Intersection,2,P.D. only,On roadway,Rear end,Dark,Municipal,Signal Control,Functioning,FALSE,FALSE,FALSE,Clear,TRUE,Road 1: KINGSWAY DR; Road 2: WILSON AVE; Vehicle #1     Make: HOND     Model: CRV     Colour: GRY     Style: TY; Vehicle #2     Make: MERZ     Model: B20     Colour: WHI     Style: 4B,5/13/2021 11:23:37 AM,545036.2058,4807869.207,Q1,Weekend,FALSE
6871,50352,20048761,3/2/2020 4:30:00 PM,2020,3,2,16,30,Monday,542570.8281,4805980.783,-80.474246,43.405509,Intersection,2,P.D. only,On roadway,Intersection,Daylight,Municipal,Sign Control,Functioning,FALSE,FALSE,FALSE,Clear,TRUE,Road 1: SHOEMAKER ST; Road 2: STRASBURG RD; Vehicle #1     Make: MAZD     Model: M6     Colour: YEL     Style: 4D; Vehicle #2     Make: TOYT     Model: RV4     Colour: GRY     Style: TY,5/13/2021 11:23:40 AM,542570.8281,4805980.783,Q1,Working,FALSE
6872,50353,20048806,3/2/2020 6:45:00 PM,2020,3,2,18,45,Monday,545928.2353,4802983.118,-80.433035,43.37832,Intersection,2,P.D. only,On roadway,Rear end,Dark,Municipal,No control,Functioning,FALSE,FALSE,FALSE,Other,TRUE,Road 1: DOON S DR; Road 2: ROBERT FERRIE DR; Vehicle #1     Make: TOYT     Model: UCS     Colour: BLK     Style: 4D; Vehicle #2     Make: HOND     Model: UCL     Colour: BLU     Style: 4D; Vehicle #3     Make:      Model:      Colour:      Style:,5/13/2021 11:23:48 AM,545928.2353,4802983.118,Q1,Working,FALSE
6873,50354,20048868,2/28/2020 6:25:00 PM,2020,2,28,18,25,Friday,538072.2064,4807548.184,-80.529693,43.419864,Intersection,2,Non-reportable,On roadway,Intersection,Dark,Regional,No control,Functioning,FALSE,FALSE,FALSE,Snow,TRUE,Road 1: WESTHEIGHTS DR; Road 2: MCGARRY DR; Vehicle #1     Make: HYUN     Model: ESM     Colour: BLU     Style: 4D; Vehicle #2     Make:      Model:      Colour:      Style:,5/3/2021 10:40:17 AM,538072.2064,4807548.184,Q1,Weekend,FALSE
6874,50355,20049125,3/2/2020 5:20:00 PM,2020,3,2,17,20,Monday,537335.0798,4807490.197,-80.538803,43.419379,Intersection,2,P.D. only,On roadway,Intersection,Dusk,Municipal,Sign Control,Functioning,FALSE,FALSE,FALSE,Other,TRUE,Road 1: WESTHEIGHTS DR; Road 2: DRIFTWOOD DR; Vehicle #1     Make: KIA     Model: RIL     Colour: GRY     Style: 4B; Vehicle #2     Make: TOYT     Model: CYR     Colour: BLU     Style: 4B,5/13/2021 11:23:45 AM,537335.0798,4807490.198,Q1,Working,FALSE
6875,50356,20049187,3/2/2020 11:00:00 PM,2020,3,2,23,0,Monday,540693.4163,4809727.142,-80.497152,43.439346,Non intersection,2,P.D. only,On roadway,SMV,Dark,Municipal,No control,Unknown,FALSE,FALSE,FALSE,Other,TRUE,Road 1: RUBY ST; Road 2: SPADINA RD E; Vehicle #1     Make:      Model:      Colour:      Style: ; Vehicle #2     Make: FORD     Model: FSE     Colour: GRY     Style: 4B,5/13/2021 11:24:29 AM,540693.4163,4809727.142,Q1,Working,FALSE
6876,50357,20049225,3/3/2020 11:19:00 AM,2020,3,3,11,19,Tuesday,542580.9525,4810127.559,-80.473797,43.442846,Intersection,2,P.D. only,On roadway,Intersection,Daylight,Regional,Signal Control,Functioning,FALSE,FALSE,FALSE,Other,FALSE,Road 1: KING ST E (50 km/h); Road 2: BORDEN AVE N (50 km/h); Vehicle #1     Make: HOND     Model: UDV     Colour: BLK     Style: 4D; Vehicle #2     Make: NFLY     Model: D8D     Colour: WHI     Style: BU; Vehicle #3     Make: HOND     Model: CIV     Colou,5/13/2021 11:38:05 AM,542580.9525,4810127.559,Q1,Working,FALSE
6877,50358,20049226,3/2/2020 8:00:00 PM,2020,3,2,20,0,Monday,545902.2555,4804460.852,-80.433231,43.391627,Non intersection,2,P.D. only,On roadway,SMV,Dark,Municipal,No control,Unknown,FALSE,FALSE,FALSE,Snow,TRUE,Road 1: 33 OLD CARRIAGE COURT; Vehicle #1     Make: DODG     Model: CAR     Colour: GRY     Style: VN; Vehicle #2     Make: BMW     Model: BX3     Colour: BLK     Style: TY,5/13/2021 11:23:43 AM,545902.2555,4804460.852,Q1,Working,FALSE
6878,50359,20049468,2/26/2020 1:30:00 PM,2020,2,26,13,30,Wednesday,541890.3128,4813954.368,-80.482038,43.477342,Private Drive,2,Non-reportable,On roadway,Intersection,Daylight,Municipal,No control,Unknown,FALSE,FALSE,FALSE,Snow,TRUE,Road 1: 350 RIVERBEND DR; Vehicle #1     Make: CHEV     Model: UPL     Colour: BRN     Style: 4D; Vehicle #2     Make: HYUN     Model: SAN     Colour: WHI     Style: TY,5/3/2021 10:40:57 AM,541890.3128,4813954.368,Q1,Working,FALSE
6879,50360,20049729,3/3/2020 8:00:00 PM,2020,3,3,20,0,Tuesday,541127.5457,4809687.831,-80.491791,43.438968,Intersection,2,P.D. only,On roadway,Intersection,Dark,Regional,Sign Control,Functioning,FALSE,FALSE,FALSE,Clear,TRUE,Road 1: SPADINA RD E; Road 2: RUSSEL ST; Vehicle #1     Make: HOND     Model: UCL     Colour: BLK     Style: 4D; Vehicle #2     Make: LEXS     Model: NXT     Colour: GRY     Style: TY,5/13/2021 11:34:31 AM,541127.5457,4809687.831,Q1,Working,FALSE
6880,50361,20050260,3/3/2020 4:30:00 PM,2020,3,3,16,30,Tuesday,539644.191,4805610.371,-80.510416,43.402334,Non intersection,2,P.D. only,On roadway,Intersection,Daylight,Municipal,No control,Unknown,FALSE,FALSE,FALSE,Clear,TRUE,Road 1: 2 SWEET WILLIAM ST; Vehicle #1     Make:      Model:      Colour:      Style: ; Vehicle #2     Make: ACUR     Model: RDX     Colour: BLU     Style: 4W,5/13/2021 11:24:30 AM,539644.191,4805610.371,Q1,Working,FALSE
6881,50362,20050299,3/4/2020 1:00:00 PM,2020,3,4,13,0,Wednesday,544587.6256,4806127.583,-80.449327,43.406714,Non intersection,2,P.D. only,On roadway,Intersection,Daylight,Regional,No control,Unknown,FALSE,FALSE,FALSE,Clear,TRUE,Road 1: SASAGA DR; Road 2: MANITOU DR; Vehicle #1     Make: FORD     Model: FSE     Colour: SIL     Style: 4D; Vehicle #2     Make: SUBA     Model: CRO     Colour: GRY     Style: TY,5/13/2021 11:35:32 AM,544587.6256,4806127.583,Q1,Working,FALSE
6882,50363,20050374,3/4/2020 3:30:00 PM,2020,3,4,15,30,Wednesday,540918.0389,4812367.955,-80.494178,43.463112,Intersection,2,Non-reportable,On roadway,Rear end,Daylight,Municipal,Signal Control,Functioning,FALSE,FALSE,FALSE,Clear,TRUE,Road 1: MARGARET AVE; Road 2: GUELPH ST; Vehicle #1     Make: FORD     Model: FSE     Colour: WHI     Style: 4D; Vehicle #2     Make:      Model:      Colour:      Style:,5/13/2021 11:23:29 AM,540918.0389,4812367.955,Q1,Working,FALSE
6883,50364,20050750,3/4/2020 5:30:00 PM,2020,3,4,17,30,Wednesday,544831.2045,4809391.989,-80.446051,43.436092,Private Drive,2,P.D. only,On roadway,Intersection,Dusk,Municipal,No control,Unknown,FALSE,FALSE,FALSE,Clear,TRUE,Road 1: 83 PINECREST DR KITCHENER; Vehicle #1     Make: CHEV     Model: EQU     Colour: BRN     Style: TY; Vehicle #2     Make: CHEV     Model: 2KN     Colour: WHI     Style: PK,5/13/2021 11:24:32 AM,544831.2045,4809391.989,Q1,Working,FALSE
6884,50365,20051166,3/5/2020 4:46:00 PM,2020,3,5,16,46,Thursday,538274.6831,4807944.256,-80.527164,43.42342,Private Drive,1,Non-fatal injury,On roadway,SMV,Daylight,Municipal,No control,Unknown,TRUE,FALSE,FALSE,Clear,FALSE,Road 1: 155 SILVER ASPEN CRES (50 km/h); Road 2: SILVER ASPEN CRES; Distance: 5.0 M E; Vehicle #1     Make: RAM     Model: RTR     Colour: BLK     Style: CW,5/13/2021 11:24:20 AM,538274.6831,4807944.256,Q1,Weekend,FALSE
6885,50366,20051531,3/6/2020 6:39:00 AM,2020,3,6,6,39,Friday,541004.1396,4811765.283,-80.493159,43.457681,Intersection,2,P.D. only,On roadway,Intersection,Dawn,Regional,Sign Control,Functioning,FALSE,FALSE,FALSE,Snow,FALSE,Road 1: WELLINGTON ST N (50 km/h); Road 2: AHRENS ST W (50 km/h); Vehicle #1     Make: HOND     Model: CCL     Colour: BLK     Style: 4D; Vehicle #2     Make: CHRY     Model: SLX     Colour: GLD     Style: 4D,5/13/2021 11:35:44 AM,541004.1396,4811765.283,Q1,Weekend,FALSE
6886,50367,20051612,3/6/2020 8:45:00 AM,2020,3,6,8,45,Friday,546949.8461,4804961.253,-80.420254,43.396068,Intersection,2,P.D. only,On roadway,SMV,Daylight,Municipal,No control,Functioning,FALSE,FALSE,FALSE,Snow,FALSE,Road 1: MILL PARK DR (50 km/h); Road 2: MORNINGVIEW PL (50 km/h); Vehicle #1     Make: FRHT     Model: CHA     Colour: YEL     Style: BU,5/13/2021 11:23:58 AM,546949.8461,4804961.253,Q1,Weekend,FALSE
6887,50368,20051616,3/6/2020 8:47:00 AM,2020,3,6,8,47,Friday,540037.5407,4810920.283,-80.505169,43.450124,Non intersection,2,P.D. only,Off roadway,Other,Daylight,Municipal,No control,Unknown,FALSE,FALSE,FALSE,Snow,FALSE,Road 1: 169 PARK ST (50 km/h); Road 2: PARK ST; Distance: 3.0 K W; Vehicle #1     Make: DODG     Model: CAR     Colour: WHI     Style: VN; Vehicle #2     Make: MERZ     Model: GLA     Colour: RED     Style: TY,5/13/2021 11:31:14 AM,540037.5407,4810920.283,Q1,Weekend,FALSE
6888,50369,20051760,3/6/2020 9:00:00 AM,2020,3,6,9,0,Friday,545486.3321,4804586.366,-80.438356,43.392783,Non intersection,2,Non-reportable,On roadway,Rear end,Daylight,Municipal,No control,Unknown,FALSE,FALSE,FALSE,Snow,TRUE,Road 1: 15 BECHTEL DR; Vehicle #1     Make: CHRY     Model: PIF     Colour: BLU     Style: VN; Vehicle #2     Make:      Model:      Colour:      Style:,5/13/2021 11:25:13 AM,545486.3321,4804586.366,Q1,Weekend,FALSE
6889,50370,20051888,3/6/2020 8:40:00 AM,2020,3,6,8,40,Friday,544152.584,4803838.87,-80.454884,43.386132,Non intersection,2,P.D. only,On roadway,Rear end,Daylight,Municipal,No control,Unknown,FALSE,FALSE,FALSE,Snow,TRUE,Road 1: CARYNDALE DR; Road 2: BIEHN DR KITCHENER; Vehicle #1     Make: FORD     Model: COF     Colour: BLK     Style: PK; Vehicle #2     Make: FORD     Model: FTH     Colour: BLK     Style: 4D,5/13/2021 11:24:37 AM,544152.584,4803838.87,Q1,Weekend,FALSE
6890,50371,20051904,3/6/2020 1:35:00 PM,2020,3,6,13,35,Friday,539078.5399,4811111.851,-80.517007,43.4519,Intersection,2,P.D. only,On roadway,Other,Daylight,Regional,Signal Control,Functioning,FALSE,FALSE,FALSE,Rain,FALSE,Road 1: BELMONT AVE W (50 km/h); Road 2: GLASGOW ST (50 km/h); Vehicle #1     Make: HINO     Model: HIN     Colour: WHI     Style: CT; Vehicle #2     Make: BMW     Model: 3SV     Colour: BLU     Style: 4D,5/13/2021 11:35:46 AM,539078.5399,4811111.851,Q1,Weekend,FALSE
6891,50372,20052169,3/6/2020 11:00:00 AM,2020,3,6,11,0,Friday,539032.1052,4811087.286,-80.517583,43.451681,Non intersection,2,P.D. only,On roadway,Intersection,Daylight,Municipal,No control,Unknown,FALSE,FALSE,FALSE,Clear,TRUE,Road 1: GLASGOW ST; Road 2: BELMONT AVE W; Vehicle #1     Make: LNDR     Model: RSP     Colour: BLK     Style: TY; Vehicle #2     Make: FORD     Model: SRW     Colour: WHI     Style: PK,5/13/2021 11:24:51 AM,539032.1052,4811087.286,Q1,Weekend,FALSE
6892,50373,20052216,3/6/2020 8:30:00 AM,2020,3,6,8,30,Friday,541274.9045,4811759.446,-80.489813,43.457613,Intersection,2,Non-reportable,On roadway,Intersection,Daylight,Municipal,Sign Control,Functioning,FALSE,FALSE,FALSE,Snow,TRUE,Road 1: MARGARET AVE; Road 2: BREITHAUPT ST; Vehicle #1     Make:      Model:      Colour:      Style: ; Vehicle #2     Make: TOYT     Model: CH4     Colour: WHI     Style: 4D,5/13/2021 11:23:35 AM,541274.9045,4811759.446,Q1,Weekend,FALSE