,OBJECTID,ACCIDENTNUM,ACCIDENTDATE,ACCIDENT_YEAR,ACCIDENT_MONTH,ACCIDENT_DAY,ACCIDENT_HOUR,ACCIDENT_MINUTE,Accident_Day,XCOORD,YCOORD,LONGITUDE,LATITUDE,Accident_Location,COLLISIONTYPE,Accident_Type,Impact_Location,Impact_Type,Light,Road_Jurisdication,Traffic_Control,Traffic_Control_Condition,Pedestrian_Involved,Cyclist_Involved,Motorcyclist_Involved,Environment_Condition,Self_Reported,XMLIMPORTNOTES,LASTEDITEDDATE,x,y,Quarter,Day_Type,Vulnerable_Involved
6893,50374,20052268,3/6/2020 3:20:00 PM,2020,3,6,15,20,Friday,538552.9858,4806703.835,-80.523814,43.412237,Private Drive,2,Non-reportable,On roadway,Other,Daylight,Municipal,No control,Unknown,FALSE,FALSE,FALSE,Snow,TRUE,Road 1: 10 FOXGLOVE CRESCENT; Vehicle #1     Make: TOYT     Model: MTL     Colour: GRY     Style: 4D; Vehicle #2     Make:      Model:      Colour:      Style:,5/13/2021 11:24:13 AM,538552.9858,4806703.835,Q1,Weekend,FALSE
6894,50375,20052770,3/7/2020 1:20:00 PM,2020,3,7,13,20,Saturday,542891.7215,4807427.821,-80.470169,43.41852,Non intersection,2,Non-reportable,On roadway,Intersection,Daylight,Regional,No control,Unknown,FALSE,FALSE,FALSE,Clear,TRUE,Road 1: BLOCKLINE RD; Road 2: HOMER WATSON BLVD; Vehicle #1     Make: HOND     Model: AXL     Colour: GRY     Style: 4D; Vehicle #2     Make:      Model:      Colour:      Style:,5/13/2021 11:35:24 AM,542891.7215,4807427.821,Q1,Weekend,FALSE
6895,50376,20052795,3/3/2020 7:30:00 PM,2020,3,3,19,30,Tuesday,539423.2594,4806405.708,-80.513087,43.409507,Private Drive,2,P.D. only,On roadway,SMV,Dark,Municipal,No control,Unknown,FALSE,FALSE,FALSE,Clear,FALSE,Road 1: 111 PINE MARTIN CRES (40 km/h); Road 2: PINE MARTIN CRES; Distance: 4.0 M N; Vehicle #1     Make: HYUN     Model: SGL     Colour: BLK     Style: 4D; Vehicle #2     Make: FORD     Model: FL     Colour: BLK     Style: 4D,5/13/2021 11:25:18 AM,539423.2594,4806405.709,Q1,Working,FALSE
6896,50377,20052957,3/7/2020 5:41:00 PM,2020,3,7,17,41,Saturday,538952.8071,4805915.082,-80.518932,43.405114,Non intersection,2,P.D. only,On roadway,SMV,Daylight,Municipal,No control,Unknown,FALSE,FALSE,FALSE,Clear,FALSE,Road 1: ACTIVA AVE (50 km/h); Road 2: DAVID BERGEY DR; Distance: 50.0 M W; Vehicle #1     Make: FORD     Model: FTU     Colour: BLK     Style: 4B; Vehicle #2     Make: VOLK     Model: JBS     Colour: BLK     Style: 4D,5/13/2021 11:25:15 AM,538952.8071,4805915.082,Q1,Weekend,FALSE
6897,50378,20053543,2/22/2020 6:42:00 PM,2020,2,22,18,42,Saturday,536565.7607,4807005.955,-80.548338,43.415057,Private Drive,2,Non-reportable,On roadway,SMV,Dark,Municipal,No control,Unknown,FALSE,FALSE,FALSE,Clear,TRUE,Road 1: 11 OLD PARK LANE; Vehicle #1     Make:      Model:      Colour:      Style: ; Vehicle #2     Make: HOND     Model: UCL     Colour: WHI     Style: 4D,5/3/2021 10:41:00 AM,536565.7606,4807005.955,Q1,Weekend,FALSE
6898,50379,20053601,3/7/2020 1:30:00 PM,2020,3,7,13,30,Saturday,544758.1548,4809951,-80.446908,43.44113,Non intersection,2,Non-reportable,On roadway,Intersection,Daylight,Regional,No control,Unknown,FALSE,FALSE,FALSE,Clear,TRUE,Road 1: FRANKLIN ST N; Road 2: KENNETH AVE; Vehicle #1     Make: DODG     Model: JOU     Colour: GRY     Style: TY; Vehicle #2     Make:      Model:      Colour:      Style:,5/13/2021 11:35:30 AM,544758.1548,4809951,Q1,Weekend,FALSE
6899,50380,20054068,3/9/2020 8:30:00 AM,2020,3,9,8,30,Monday,543935.2725,4805077.185,-80.457468,43.397294,Intersection,2,P.D. only,On roadway,Rear end,Daylight,Regional,Sign Control,Functioning,FALSE,FALSE,FALSE,Clear,TRUE,Road 1: OLD HURON RD; Road 2: HURON RD  KITCHENER; Vehicle #1     Make:      Model:      Colour:      Style: ; Vehicle #2     Make: DODG     Model: CAR     Colour: BLK     Style: VN,5/13/2021 11:34:35 AM,543935.2725,4805077.185,Q1,Working,FALSE
6900,50381,20054298,3/7/2020 3:30:00 PM,2020,3,7,15,30,Saturday,545466.634,4812305.71,-80.437957,43.462289,Private Drive,2,Non-reportable,On roadway,SMV,Daylight,Municipal,No control,Unknown,FALSE,FALSE,FALSE,Clear,TRUE,Road 1: 15 WORDSWORTH PLACE; Vehicle #1     Make:      Model:      Colour:      Style: ; Vehicle #2     Make: HOND     Model: UCL     Colour: BLU     Style: 4D,5/13/2021 11:24:11 AM,545466.634,4812305.71,Q1,Weekend,FALSE
6901,50382,20054333,3/7/2020 6:30:00 PM,2020,3,7,18,30,Saturday,541743.3143,4808743.288,-80.484254,43.43043,Private Drive,2,P.D. only,On roadway,SMV,Dusk,Municipal,No control,Unknown,FALSE,FALSE,FALSE,Clear,TRUE,Road 1: 156 KEHL ST; Vehicle #1     Make: KIA     Model: SOU     Colour: BLK     Style: TY; Vehicle #2     Make: VOLK     Model: TIG     Colour: GRY     Style: TY,5/13/2021 11:24:40 AM,541743.3143,4808743.288,Q1,Weekend,FALSE
6902,50383,20054349,3/9/2020 2:50:00 PM,2020,3,9,14,50,Monday,542109.2236,4807133.008,-80.479857,43.41591,Intersection,1,Non-fatal injury,On roadway,SMV,Daylight,Regional,Signal Control,Functioning,TRUE,FALSE,FALSE,Clear,FALSE,Road 1: STRASBURG RD (50 km/h); Road 2: BLOCK LINE RD (50 km/h); Vehicle #1     Make: FORD     Model: CTV     Colour: WHI     Style: BU,5/13/2021 11:35:56 AM,542109.2236,4807133.008,Q1,Working,FALSE
6903,50384,20054405,3/7/2020 3:00:00 PM,2020,3,7,15,0,Saturday,549121.4829,4806321.682,-80.393317,43.408178,Intersection,2,P.D. only,On roadway,Intersection,Daylight,Regional,Signal Control,Unknown,FALSE,FALSE,FALSE,Clear,TRUE,Road 1: GATEWAY PARK DR; Road 2: SPORTSWORLD DR; Vehicle #1     Make:      Model:      Colour:      Style: ; Vehicle #2     Make: BMW     Model: 2HG     Colour: BLK     Style: 2D,5/13/2021 11:34:34 AM,549121.4829,4806321.682,Q1,Weekend,FALSE
6904,50385,20054456,3/6/2020 4:30:00 PM,2020,3,6,16,30,Friday,538699.5089,4810924.042,-80.521705,43.450229,Non intersection,2,P.D. only,On roadway,Rear end,Daylight,Municipal,No control,Unknown,FALSE,FALSE,FALSE,Clear,TRUE,Road 1: GLASGOW ST; Road 2: WESTMOUNT RD; Vehicle #1     Make: ACUR     Model: RDX     Colour: BLK     Style: TY; Vehicle #2     Make: FORD     Model: SPE     Colour: GRY     Style: TY,5/13/2021 11:24:56 AM,538699.5089,4810924.042,Q1,Weekend,FALSE
6905,50386,20054502,3/9/2020 6:15:00 PM,2020,3,9,18,15,Monday,548540.9464,4806589.521,-80.400463,43.410628,Non intersection,2,P.D. only,On roadway,Intersection,Dusk,Regional,No control,Unknown,FALSE,FALSE,FALSE,Clear,TRUE,Road 1: DEER RIDGE DR; Road 2: KING ST E; Vehicle #1     Make: HYUN     Model: SFT     Colour: BLK     Style: TY; Vehicle #2     Make: HOND     Model: UAX     Colour: BLK     Style: 4D,5/13/2021 11:36:43 AM,548540.9464,4806589.521,Q1,Working,FALSE
6906,50387,20054869,3/10/2020 8:21:00 PM,2020,3,10,20,21,Tuesday,539831.2226,4811144.822,-80.507702,43.452157,Intersection,1,Non-fatal injury,On roadway,SMV,Dark,Municipal,Signal Control,Functioning,TRUE,FALSE,FALSE,Rain,FALSE,Road 1: PARK ST (50 km/h); Road 2: DOMINION ST (50 km/h); Vehicle #1     Make: FORD     Model: FSE     Colour: WHI     Style: 4B,5/13/2021 11:23:54 AM,539831.2226,4811144.822,Q1,Working,FALSE
6907,50388,20054952,3/10/2020 10:30:00 AM,2020,3,10,10,30,Tuesday,545413.9694,4812208.171,-80.438616,43.461414,Intersection,2,P.D. only,On roadway,Intersection,Daylight,Municipal,Sign Control,Unknown,FALSE,FALSE,FALSE,Clear,TRUE,Road 1: LORRAINE AVE; Road 2: WIMBLETON CRESCENT; Vehicle #1     Make: SUBA     Model: IMP     Colour: GRY     Style: SW; Vehicle #2     Make: DODG     Model: CAR     Colour: SIL     Style: VN,5/13/2021 11:23:25 AM,545413.9694,4812208.171,Q1,Working,FALSE
6908,50389,20055068,3/10/2020 11:00:00 AM,2020,3,10,11,0,Tuesday,542618.371,4803856.377,-80.473824,43.386378,Non intersection,2,Non-reportable,Off roadway,SMV,Daylight,Municipal,No control,Unknown,FALSE,FALSE,FALSE,Clear,TRUE,Road 1: 917 DUNBLANE COURT; Vehicle #1     Make:      Model:      Colour:      Style: ; Vehicle #2     Make: HOND     Model: FLS     Colour: GRN     Style: 4B,5/13/2021 11:24:09 AM,542618.371,4803856.377,Q1,Working,FALSE
6909,50390,20055165,3/10/2020 3:30:00 PM,2020,3,10,15,30,Tuesday,541581.7008,4810750.151,-80.486098,43.448508,Intersection,2,Non-reportable,On roadway,Intersection,Daylight,Regional,Signal Control,Functioning,FALSE,FALSE,FALSE,Clear,TRUE,Road 1: KING ST E; Road 2: SCOTT ST; Vehicle #1     Make:      Model:      Colour:      Style: ; Vehicle #2     Make: KIA     Model: RIO     Colour: WHI     Style: 4B,5/13/2021 11:34:27 AM,541581.7008,4810750.151,Q1,Working,FALSE
6910,50391,20055197,3/8/2020 8:51:00 PM,2020,3,8,20,51,Sunday,544371.019,4809291.709,-80.451745,43.435216,Private Drive,2,P.D. only,On roadway,Intersection,Dark,Municipal,No control,Unknown,FALSE,FALSE,FALSE,Clear,TRUE,Road 1: 15 DELLROY AVE; Vehicle #1     Make: HOND     Model: UCL     Colour: SIL     Style: 4D; Vehicle #2     Make: FORD     Model: SPE     Colour: BRN     Style: TY,5/13/2021 11:24:42 AM,544371.019,4809291.709,Q1,Weekend,FALSE
6911,50392,20055208,3/10/2020 9:30:00 AM,2020,3,10,9,30,Tuesday,546771.4222,4810135.739,-80.422014,43.44267,Non intersection,2,P.D. only,On roadway,SMV,Daylight,Municipal,No control,Unknown,FALSE,FALSE,FALSE,Rain,TRUE,Road 1: 100 IDLE CREEK DR; Vehicle #1     Make: LEXS     Model: E3H     Colour: WHI     Style: 4D,5/13/2021 11:29:25 AM,546771.4222,4810135.739,Q1,Working,FALSE
6912,50393,20055255,3/10/2020 5:15:00 PM,2020,3,10,17,15,Tuesday,542540.4439,4807314.483,-80.474517,43.41752,Non intersection,2,P.D. only,On roadway,Rear end,Daylight,Municipal,No control,Unknown,FALSE,FALSE,FALSE,Clear,TRUE,Road 1: BLOCK LINE RD; Road 2: COUNTRY HILL DR; Distance: 100.0 M W; Vehicle #1     Make: HYUN     Model: ESS     Colour: GRY     Style: 4D; Vehicle #2     Make: TOYT     Model: UCS     Colour: GRY     Style: 4D,5/13/2021 11:24:04 AM,542540.4439,4807314.483,Q1,Working,FALSE
6913,50394,20055680,3/10/2020 7:30:00 AM,2020,3,10,7,30,Tuesday,546485.7432,4803625.903,-80.426098,43.384073,Non intersection,2,Non-reportable,On roadway,Intersection,Daylight,Regional,No control,Unknown,FALSE,FALSE,FALSE,Clear,TRUE,Road 1: DOON S DR; Road 2: WINDING WOOD CRESCENT; Vehicle #1     Make: HOND     Model: USE     Colour: SIL     Style: 4D; Vehicle #2     Make: LNDR     Model: EQU     Colour: WHI     Style: TY,5/13/2021 11:35:22 AM,546485.7432,4803625.903,Q1,Working,FALSE
6914,50395,20055714,3/10/2020 11:40:00 AM,2020,3,10,11,40,Tuesday,538663.6106,4808705.022,-80.522306,43.43025,Private Drive,2,Non-reportable,On roadway,Rear end,Daylight,Municipal,No control,Unknown,FALSE,FALSE,FALSE,Clear,TRUE,Road 1: 305 OVERLEA DR; Vehicle #1     Make: HOND     Model: CRV     Colour: SIL     Style: 4B; Vehicle #2     Make: FORD     Model: TST     Colour: WHI     Style: FV,5/13/2021 11:24:07 AM,538663.6106,4808705.022,Q1,Working,FALSE
6915,50396,20055788,3/5/2020 11:15:00 AM,2020,3,5,11,15,Thursday,543664.9361,4804888.897,-80.460821,43.395615,Intersection,2,P.D. only,On roadway,Rear end,Daylight,Regional,Sign Control,Functioning,FALSE,FALSE,FALSE,Clear,TRUE,Road 1: OLD HURON RD; Road 2: HURON RD; Distance: 500.0 M E; Vehicle #1     Make: TOYT     Model: SIE     Colour: RED     Style: VN; Vehicle #2     Make: NISS     Model: NV2     Colour: WHI     Style: FV,5/13/2021 11:35:53 AM,543664.9361,4804888.897,Q1,Weekend,FALSE
6916,50397,20055907,2/29/2020 10:30:00 PM,2020,2,29,22,30,Saturday,536692.7077,4807427.207,-80.546742,43.418844,Non intersection,2,P.D. only,On roadway,Rear end,Dark,Municipal,No control,Unknown,FALSE,FALSE,FALSE,Clear,TRUE,Road 1: ROLLING MEADOWS DR; Road 2: TIMBERLANE CRESCENT; Distance: 50.0 M W; Vehicle #1     Make:      Model:      Colour:      Style: ; Vehicle #2     Make: HYUN     Model: ESM     Colour: RED     Style: 4D,5/3/2021 10:38:22 AM,536692.7077,4807427.208,Q1,Weekend,FALSE
6917,50398,20056024,3/11/2020 3:41:00 PM,2020,3,11,15,41,Wednesday,544828.4854,4812400.605,-80.445837,43.463182,Non intersection,1,Non-fatal injury,On roadway,Intersection,Daylight,Municipal,No control,Unknown,FALSE,FALSE,FALSE,Clear,FALSE,Road 1: 35 HALIFAX DR (50 km/h); Road 2: HALIFAX DR; Distance: 5.0 M S; Vehicle #1     Make: HYUN     Model: TUC     Colour: SIL     Style: TY; Vehicle #2     Make: NISS     Model: MUR     Colour: BLK     Style: TY,5/3/2021 10:38:19 AM,544828.4854,4812400.605,Q1,Working,FALSE
6918,50399,20056517,3/12/2020 9:15:00 AM,2020,3,12,9,15,Thursday,543923.4082,4805131.444,-80.45761,43.397784,Intersection,2,P.D. only,On roadway,Rear end,Daylight,Regional,Sign Control,Functioning,FALSE,FALSE,FALSE,Clear,TRUE,Road 1: HURON RD; Road 2: OLD HURON RD; Vehicle #1     Make: HOND     Model: FLX     Colour: WHI     Style: 4B; Vehicle #2     Make: HOND     Model: ULX     Colour: SIL     Style: 4D,5/3/2021 10:40:04 AM,543923.4082,4805131.444,Q1,Weekend,FALSE
6919,50400,20057119,3/12/2020 9:12:00 PM,2020,3,12,21,12,Thursday,539629.41,4805865.473,-80.51058,43.404632,Intersection,1,Non-fatal injury,On roadway,SMV,Dark,Municipal,Sign Control,Functioning,TRUE,FALSE,FALSE,Clear,FALSE,Road 1: BRIDLEWREATH ST (50 km/h); Road 2: MAX BECKER DR (50 km/h); Vehicle #1     Make: TOYT     Model: RV4     Colour: WHI     Style: TY,5/3/2021 10:40:24 AM,539629.41,4805865.473,Q1,Weekend,FALSE
6920,50401,20057634,3/12/2020 7:30:00 PM,2020,3,12,19,30,Thursday,538929.9075,4805991.772,-80.519209,43.405806,Non intersection,2,Non-reportable,Off roadway,SMV,Dark,Municipal,No control,Unknown,FALSE,FALSE,FALSE,Clear,TRUE,Road 1: PEACH BLOSSOM CRESCENT; Road 2: DAVID BERGEY DR; Vehicle #1     Make:      Model:      Colour:      Style: ; Vehicle #2     Make: NISS     Model: ROG     Colour: SIL     Style: TY,5/3/2021 10:37:12 AM,538929.9075,4805991.772,Q1,Weekend,FALSE
6921,50402,20057648,3/13/2020 2:20:00 PM,2020,3,13,14,20,Friday,538278.0404,4806635.871,-80.527215,43.411639,Non intersection,2,P.D. only,On roadway,SMV,Daylight,Municipal,No control,Unknown,FALSE,FALSE,TRUE,Clear,FALSE,Road 1: 46 DAHLIA ST (50 km/h); Road 2: DAHLIA ST; Distance: 16.0 M E; Vehicle #1     Make: YAMA     Model:      Colour:      Style:,5/3/2021 10:37:05 AM,538278.0404,4806635.871,Q1,Weekend,TRUE
6922,50403,20057676,3/2/2020 5:00:00 PM,2020,3,2,17,0,Monday,540635.1739,4811462.86,-80.497742,43.454978,Private Drive,2,P.D. only,On roadway,SMV,Daylight,Municipal,No control,Unknown,FALSE,FALSE,FALSE,Snow,TRUE,Road 1: 68 BREITHAUPT ST; Vehicle #1     Make: TOYT     Model: SIE     Colour: TAN     Style: VN; Vehicle #2     Make: HYUN     Model: SGL     Colour: SIL     Style: 4D,5/13/2021 11:24:44 AM,540635.1739,4811462.86,Q1,Working,FALSE
6923,50404,20057698,3/11/2020 8:00:00 AM,2020,3,11,8,0,Wednesday,537789.428,4807683.971,-80.533177,43.421101,Private Drive,2,P.D. only,Off roadway,SMV,Daylight,Municipal,No control,Unknown,FALSE,FALSE,FALSE,Clear,TRUE,Road 1: 49 BLUE SPRUCE COURT; Vehicle #1     Make: MAZD     Model: M3I     Colour: BGE     Style: 4D; Vehicle #2     Make: CHEV     Model: SIL     Colour: GRY     Style: PK,5/13/2021 11:24:47 AM,537789.428,4807683.971,Q1,Working,FALSE
6924,50405,20057700,3/13/2020 3:24:00 PM,2020,3,13,15,24,Friday,542853.8287,4807389.378,-80.47064,43.418176,Intersection,2,P.D. only,On roadway,Intersection,Daylight,Regional,Sign Control,Functioning,FALSE,FALSE,FALSE,Clear,TRUE,Road 1: BLOCK LINE RD; Road 2: HOMER WATSON BLVD; Vehicle #1     Make: HYUN     Model: ESM     Colour: WHI     Style: 4D; Vehicle #2     Make: GMC     Model: SAV     Colour: BLU     Style: FV,5/3/2021 10:40:40 AM,542853.8287,4807389.378,Q1,Weekend,FALSE
6925,50406,20057724,3/11/2020 9:15:00 AM,2020,3,11,9,15,Wednesday,537700.9987,4810216.582,-80.534094,43.44391,Private Drive,2,P.D. only,On roadway,Other,Daylight,Municipal,No control,Unknown,FALSE,FALSE,FALSE,Clear,TRUE,Road 1: 23 HUNTINGTON PLACE; Vehicle #1     Make: ACUR     Model: RDX     Colour: BLK     Style: TY; Vehicle #2     Make: GMC     Model: TER     Colour: BLK     Style: TY,5/3/2021 10:41:28 AM,537700.9987,4810216.582,Q1,Working,FALSE
6926,50407,20058083,3/14/2020 12:13:00 AM,2020,3,14,0,13,Saturday,541183.0533,4810692.06,-80.491029,43.448007,Intersection,2,P.D. only,Off roadway,SMV,Dark,Municipal,Signal Control,Functioning,FALSE,FALSE,FALSE,Clear,FALSE,Road 1: JOSEPH ST (50 km/h); Road 2: ONTARIO ST S (50 km/h); Vehicle #1     Make: MNNI     Model: COS     Colour: RED     Style: 2B,5/3/2021 10:39:22 AM,541183.0533,4810692.06,Q1,Weekend,FALSE
6927,50408,20059904,3/14/2020 5:00:00 PM,2020,3,14,17,0,Saturday,544335.2715,4805109.859,-80.452526,43.397565,Non intersection,2,P.D. only,Off roadway,SMV,Daylight,Municipal,No control,Unknown,FALSE,FALSE,FALSE,Clear,TRUE,Road 1: 54 CLUTHE CRESCENT; Vehicle #1     Make:      Model:      Colour:      Style: ; Vehicle #2     Make: INFI     Model: GAW     Colour: WHI     Style: 4D,5/13/2021 11:24:15 AM,544335.2715,4805109.859,Q1,Weekend,FALSE
6928,50409,20060028,3/16/2020 1:45:00 PM,2020,3,16,13,45,Monday,543364.5659,4808381.729,-80.464253,43.427082,Non intersection,2,Non-reportable,On roadway,SMV,Daylight,Municipal,No control,Unknown,FALSE,FALSE,FALSE,Clear,TRUE,Road 1: 162 KIPLING AVE; Vehicle #1     Make: FORD     Model: COF     Colour: GRY     Style: CW; Vehicle #2     Make:      Model:      Colour:      Style:,5/3/2021 10:37:33 AM,543364.5659,4808381.729,Q1,Working,FALSE
6929,50410,20060658,3/16/2020 4:00:00 PM,2020,3,16,16,0,Monday,536850.0559,4808287.039,-80.54474,43.426578,Non intersection,2,P.D. only,On roadway,Other,Daylight,Municipal,No control,Unknown,FALSE,FALSE,FALSE,Clear,TRUE,Road 1: 513 WESTFOREST TRAIL; Vehicle #1     Make: DODG     Model: CXA     Colour: GRY     Style: 4D; Vehicle #2     Make: TOYT     Model: HV4     Colour: WHI     Style: TY,5/3/2021 10:38:57 AM,536850.0559,4808287.039,Q1,Working,FALSE
6930,50411,20061634,3/18/2020 3:35:00 PM,2020,3,18,15,35,Wednesday,541899.4561,4812704.234,-80.482021,43.466085,Private Drive,2,P.D. only,On roadway,Intersection,Daylight,Municipal,No control,Unknown,FALSE,TRUE,FALSE,Clear,FALSE,Road 1: 807 GUELPH ST (50 km/h); Road 2: GUELPH ST; Distance: 1.0 M W; Vehicle #1     Make: FORD     Model: TSA     Colour: RED     Style: 4D; Vehicle #2     Make:      Model:      Colour:      Style:,5/3/2021 10:41:09 AM,541899.4561,4812704.234,Q1,Working,FALSE
6931,50412,20062077,3/19/2020 7:00:00 AM,2020,3,19,7,0,Thursday,540669.233,4812142.648,-80.497271,43.461097,Private Drive,2,P.D. only,On roadway,SMV,Daylight,Municipal,No control,Unknown,FALSE,FALSE,FALSE,Clear,TRUE,Road 1: 71 BLUCHER ST (IN FRONT OF DRIVEWAY); Road 2: ELLIS AVE; Vehicle #1     Make: HYUN     Model: ESS     Colour: RED     Style: 4D; Vehicle #2     Make: MITS     Model: RVR     Colour: RED     Style: TY,5/3/2021 10:41:52 AM,540669.233,4812142.648,Q1,Weekend,FALSE
6932,50413,20062720,3/20/2020 2:31:00 AM,2020,3,20,2,31,Friday,540251.1715,4811959.88,-80.502452,43.459474,Intersection,2,P.D. only,Off roadway,SMV,Dark,Municipal,No control,Functioning,FALSE,FALSE,FALSE,Clear,FALSE,Road 1: DUKE ST W (50 km/h); Road 2: WATERLOO ST (50 km/h); Distance: 5.0 M W; Vehicle #1     Make: MERC     Model: TY     Colour:      Style: TK,4/27/2022 10:41:25 AM,540251.1715,4811959.88,Q1,Weekend,FALSE
6933,50414,20063946,3/21/2020 11:00:00 PM,2020,3,21,23,0,Saturday,546289.9157,4804899.628,-80.428408,43.395554,Private Drive,2,P.D. only,On roadway,SMV,Dark,Municipal,No control,Unknown,FALSE,FALSE,FALSE,Clear,TRUE,Road 1: 165 GREEN VALLEY DR; Vehicle #1     Make: CHEV     Model: CZT     Colour: WHI     Style: 4D; Vehicle #2     Make: NISS     Model: MIC     Colour: RED     Style: 4B; Vehicle #3     Make: FORD     Model: EDG     Colour: BLK     Style: TY,5/3/2021 10:41:29 AM,546289.9157,4804899.628,Q1,Weekend,FALSE
6934,50415,20064404,3/22/2020 7:00:00 PM,2020,3,22,19,0,Sunday,546266.8511,4803530.073,-80.428808,43.383224,Private Drive,2,P.D. only,Off roadway,SMV,Dark,Municipal,No control,Unknown,FALSE,FALSE,FALSE,Clear,FALSE,Road 1: DOON MILLS DR (50 km/h); Road 2: WOODSMERE DR; Distance: 35.0 M N; Vehicle #1     Make: CHEV     Model: CZT     Colour: WHI     Style: 4D,5/3/2021 10:41:02 AM,546266.8511,4803530.073,Q1,Weekend,FALSE
6935,50416,20064631,3/23/2020 7:43:00 AM,2020,3,23,7,43,Monday,545972.2933,4809410.278,-80.43195,43.436188,Private Drive,2,P.D. only,On roadway,Other,Daylight,Municipal,No control,Unknown,FALSE,FALSE,FALSE,Snow,FALSE,Road 1: 279 KINZIE AVE (50 km/h); Road 2: KINZIE AVE; Distance: 6.0 M W; Vehicle #1     Make: MITS     Model: LST     Colour: WHI     Style: 4D; Vehicle #2     Make: TOYT     Model: RV4     Colour: BLU     Style: TY,5/3/2021 10:41:32 AM,545972.2933,4809410.278,Q1,Working,FALSE
6936,50417,20065979,3/25/2020 9:00:00 AM,2020,3,25,9,0,Wednesday,541065.138,4811906.095,-80.492395,43.458945,Non intersection,2,P.D. only,On roadway,SMV,Daylight,Municipal,No control,Unknown,FALSE,FALSE,FALSE,Clear,TRUE,Road 1: LOUISA ST (IN FRONT OF 264 LOUISA); Road 2: MARGARET AVE; Vehicle #1     Make:      Model:      Colour:      Style: ; Vehicle #2     Make: VOLK     Model: JSA     Colour: WHI     Style: 4D,5/3/2021 10:38:14 AM,541065.138,4811906.095,Q1,Working,FALSE
6937,50418,20066279,3/25/2020 4:30:00 PM,2020,3,25,16,30,Wednesday,538607.0173,4808561.651,-80.523015,43.428962,Non intersection,2,P.D. only,On roadway,Intersection,Daylight,Regional,No control,Unknown,FALSE,FALSE,FALSE,Clear,TRUE,Road 1: QUEEN'S BLVD; Road 2: FISCHER-HALLMAN RD; Vehicle #1     Make: HYUN     Model: SAN     Colour: GRY     Style: 4D; Vehicle #2     Make: CHEV     Model: ABS     Colour: BLU     Style: 4D,5/3/2021 10:38:08 AM,538607.0173,4808561.651,Q1,Working,FALSE
6938,50419,20066641,3/25/2020 1:30:00 AM,2020,3,25,1,30,Wednesday,541929.435,4816258.843,-80.481376,43.498089,Non intersection,2,P.D. only,On roadway,SMV,Dark,Municipal,No control,Unknown,FALSE,FALSE,FALSE,Clear,TRUE,Road 1: WOOLWICH ST; Road 2: FALCONRIDGE DR; Vehicle #1     Make: HOND     Model: UCL     Colour: BLK     Style: 4D,5/3/2021 10:38:08 AM,541929.435,4816258.843,Q1,Working,FALSE
6939,50420,20067354,2/19/2019 9:15:00 AM,2019,2,19,9,15,Tuesday,540396.095,4805936.73,-80.501106,43.405233,Intersection,2,P.D. only,On roadway,Intersection,Daylight,Municipal,Sign Control,Unknown,FALSE,FALSE,FALSE,Clear,TRUE,Road 1: MAX BECKER DR; Road 2: LAURENTIAN WEST; Vehicle #1     Make:      Model:      Colour:      Style: ; Vehicle #2     Make: HYUN     Model: SFT     Colour: WHI     Style: TY,4/9/2021 4:27:43 PM,540396.095,4805936.731,Q1,Working,FALSE
6940,50421,20067359,3/7/2019 5:40:00 PM,2019,3,7,17,40,Thursday,543894.6504,4805115.748,-80.457966,43.397644,Non intersection,2,P.D. only,On roadway,Rear end,Daylight,Municipal,No control,Unknown,FALSE,FALSE,FALSE,Clear,TRUE,Road 1: OLD HURON RD; Vehicle #1     Make: HYUN     Model: ESS     Colour: GRY     Style: 4D; Vehicle #2     Make: TOYT     Model: LXS     Colour: GRY     Style: 4D,4/9/2021 4:26:14 PM,543894.6504,4805115.748,Q1,Weekend,FALSE
6941,50422,20067369,2/22/2019 4:45:00 PM,2019,2,22,16,45,Friday,539073.4719,4811567.861,-80.517037,43.456006,Intersection,2,P.D. only,On roadway,Intersection,Daylight,Municipal,Sign Control,Functioning,FALSE,FALSE,FALSE,Clear,TRUE,Road 1: YORK ST; Road 2: UNION BLVD; Vehicle #1     Make: CHEV     Model: CZS     Colour: BLU     Style: 4D; Vehicle #2     Make:      Model:      Colour:      Style:,4/9/2021 4:27:55 PM,539073.4719,4811567.861,Q1,Weekend,FALSE