,OBJECTID,ACCIDENTNUM,ACCIDENTDATE,ACCIDENT_YEAR,ACCIDENT_MONTH,ACCIDENT_DAY,ACCIDENT_HOUR,ACCIDENT_MINUTE,Accident_Day,XCOORD,YCOORD,LONGITUDE,LATITUDE,Accident_Location,COLLISIONTYPE,Accident_Type,Impact_Location,Impact_Type,Light,Road_Jurisdication,Traffic_Control,Traffic_Control_Condition,Pedestrian_Involved,Cyclist_Involved,Motorcyclist_Involved,Environment_Condition,Self_Reported,XMLIMPORTNOTES,LASTEDITEDDATE,x,y,Quarter,Day_Type,Vulnerable_Involved
6942,50423,20067483,5/6/2019 4:00:00 PM,2019,5,6,16,0,Monday,541032.2372,4809488.403,-80.492983,43.437178,Private Drive,2,Non-reportable,On roadway,SMV,Daylight,Municipal,No control,Unknown,FALSE,FALSE,FALSE,Clear,TRUE,Road 1: 46 LORNE CRESCENT; Vehicle #1     Make:      Model:      Colour:      Style: ; Vehicle #2     Make: DODG     Model: CAL     Colour: ONG     Style: 4B,4/9/2021 5:47:45 PM,541032.2372,4809488.403,Q2,Working,FALSE
6943,50424,20069380,3/28/2020 6:40:00 PM,2020,3,28,18,40,Saturday,539349.5165,4810355.994,-80.513713,43.44508,Non intersection,2,Non-reportable,On roadway,Rear end,Dark,Municipal,No control,Unknown,FALSE,FALSE,FALSE,Clear,TRUE,Road 1: KARN ST; Road 2: BELMONT AVE W; Vehicle #1     Make: FORD     Model: FFS     Colour: GRY     Style: 4D; Vehicle #2     Make:      Model:      Colour:      Style:,5/3/2021 10:38:25 AM,539349.5165,4810355.994,Q1,Weekend,FALSE
6944,50425,20069384,3/29/2020 3:00:00 PM,2020,3,29,15,0,Sunday,546582.9697,4810821.607,-80.424284,43.448857,Non intersection,2,P.D. only,On roadway,Intersection,Daylight,Municipal,No control,Unknown,FALSE,FALSE,FALSE,Clear,TRUE,Road 1: 112 MICHENER CRESCENT; Vehicle #1     Make: SUBA     Model: ILT     Colour: GRY     Style: 4D; Vehicle #2     Make: BMW     Model: 28X     Colour: WHI     Style: 4D,5/3/2021 10:38:09 AM,546582.9697,4810821.607,Q1,Weekend,FALSE
6945,50426,20069912,3/26/2020 7:37:00 AM,2020,3,26,7,37,Thursday,536475.6896,4809489.83,-80.549285,43.437426,Non intersection,2,Non-reportable,On roadway,SMV,Daylight,Municipal,No control,Unknown,FALSE,FALSE,FALSE,Clear,TRUE,Road 1: 107 RESURRECTION DR; Road 2: ON ROAD; Vehicle #1     Make:      Model:      Colour:      Style: ; Vehicle #2     Make: MAZD     Model: M3I     Colour: WHI     Style: 4D,5/3/2021 10:38:25 AM,536475.6896,4809489.83,Q1,Weekend,FALSE
6946,50427,20070502,4/1/2020 3:07:00 AM,2020,4,1,3,7,Wednesday,540638.7315,4807001.876,-80.498031,43.41481,Non intersection,2,P.D. only,On roadway,SMV,Dark,Municipal,No control,Unknown,FALSE,FALSE,FALSE,Clear,FALSE,Road 1: DUNSMERE DR (50 km/h); Road 2: RADCLIFFE DR; Distance: 9.0 M N; Vehicle #1     Make: ACUR     Model: IWP     Colour: BLK     Style: 4D,5/13/2021 11:24:17 AM,540638.7315,4807001.876,Q2,Working,FALSE
6947,50428,20070738,8/11/2019 5:00:00 PM,2019,8,11,17,0,Sunday,540818.8965,4810612.023,-80.495535,43.447307,Non intersection,2,P.D. only,On roadway,SMV,Daylight,Municipal,No control,Unknown,FALSE,FALSE,FALSE,Clear,TRUE,Road 1: 57 JUBILEE DR (IN FRONT); Vehicle #1     Make:      Model:      Colour:      Style: ; Vehicle #2     Make: HOND     Model: PIL     Colour: GRY     Style: TY,4/9/2021 5:53:30 PM,540818.8965,4810612.023,Q3,Weekend,FALSE
6948,50429,20072172,4/3/2020 7:50:00 AM,2020,4,3,7,50,Friday,542270.3068,4810381.416,-80.477616,43.44515,Non intersection,2,P.D. only,On roadway,Intersection,Daylight,Regional,No control,Unknown,FALSE,FALSE,FALSE,Clear,TRUE,Road 1: FAIRVIEW AVE; Road 2: KING ST E; Vehicle #1     Make: DODG     Model: CAR     Colour: GRY     Style: VN; Vehicle #2     Make: MAZD     Model: 3TR     Colour: GRY     Style: 4D,8/16/2022 2:57:11 PM,542270.3068,4810381.416,Q2,Weekend,FALSE
6949,50430,20072792,4/3/2020 9:31:00 PM,2020,4,3,21,31,Friday,545482.0513,4809069.345,-80.438036,43.433148,Private Drive,2,P.D. only,On roadway,SMV,Dark,Municipal,No control,Unknown,FALSE,FALSE,FALSE,Clear,FALSE,Road 1: 115 KRAFT AVE (50 km/h); Road 2: KRAFT AVE; Distance: 15.0 M S; Vehicle #1     Make: FORD     Model: DRW     Colour: WHI     Style: MH; Vehicle #2     Make: MAZD     Model: MCX     Colour: GRY     Style: TY,5/13/2021 11:24:26 AM,545482.0513,4809069.345,Q2,Weekend,FALSE
6950,50431,20073437,4/4/2020 6:30:00 PM,2020,4,4,18,30,Saturday,537299.2782,4809061.159,-80.539138,43.433526,Intersection,2,Non-reportable,On roadway,Intersection,Daylight,Regional,Signal Control,Functioning,FALSE,FALSE,FALSE,Clear,TRUE,Road 1: WESTFOREST TRAIL; Road 2: VICTORIA ST S; Vehicle #1     Make: TOYT     Model: CBS     Colour: BLK     Style: 4D; Vehicle #2     Make: MAZD     Model: MCX     Colour: GRY     Style: TY,5/13/2021 11:34:29 AM,537299.2782,4809061.159,Q2,Weekend,FALSE
6951,50432,20073885,4/5/2020 12:31:00 PM,2020,4,5,12,31,Sunday,543739.2641,4812007.626,-80.459333,43.459708,Non intersection,2,P.D. only,Off roadway,Rear end,Daylight,Regional,No control,Unknown,FALSE,FALSE,FALSE,Clear,FALSE,Road 1: 217 RIVER RD E (50 km/h); Road 2: RIVER RD E; Distance: 5.0 M W; Vehicle #1     Make: FORD     Model: RNG     Colour: YEL     Style: PK; Vehicle #2     Make: FORD     Model: TSS     Colour: BGE     Style: 4D,5/13/2021 11:35:26 AM,543739.2641,4812007.626,Q2,Weekend,FALSE
6952,50433,20074744,4/6/2020 4:00:00 PM,2020,4,6,16,0,Monday,541232.2301,4810510.417,-80.490435,43.446369,Non intersection,2,Non-reportable,On roadway,SMV,Daylight,Municipal,No control,Unknown,FALSE,FALSE,FALSE,Clear,TRUE,Road 1: BENTON ST; Vehicle #1     Make:      Model:      Colour:      Style: ; Vehicle #2     Make: HOND     Model: ATR     Colour: GRY     Style: 4D,4/27/2022 10:40:59 AM,541232.2301,4810510.417,Q2,Working,FALSE
6953,50434,20075276,4/2/2020 4:00:00 PM,2020,4,2,16,0,Thursday,541138.1313,4810994.924,-80.491561,43.450737,Non intersection,2,Non-reportable,On roadway,Intersection,Daylight,Regional,No control,Unknown,FALSE,FALSE,FALSE,Clear,TRUE,Road 1: KING ST W; Road 2: YOUNG ST; Vehicle #1     Make: CHEV     Model: ETV     Colour: WHI     Style: CB; Vehicle #2     Make:      Model:      Colour:      Style:,4/27/2022 10:39:38 AM,541138.1313,4810994.925,Q2,Weekend,FALSE
6954,50435,20076464,4/9/2020 9:34:00 AM,2020,4,9,9,34,Thursday,544911.6152,4812482.321,-80.444803,43.463912,Intersection,2,P.D. only,Off roadway,Other,Daylight,Municipal,Sign Control,Functioning,FALSE,FALSE,FALSE,Clear,FALSE,Road 1: HALIFAX DR (50 km/h); Road 2: NATCHEZ RD (50 km/h); Vehicle #1     Make: GMC     Model: SON     Colour: GRN     Style: PK; Vehicle #2     Make: TOYT     Model: RV4     Colour: GRY     Style: TY; Vehicle #3     Make: NISS     Model: FRT     Colour:,5/13/2021 11:29:59 AM,544911.6152,4812482.321,Q2,Weekend,FALSE
6955,50436,20076685,4/9/2020 3:45:00 PM,2020,4,9,15,45,Thursday,544935.1916,4811086.047,-80.444626,43.451339,Non intersection,2,P.D. only,On roadway,Intersection,Daylight,Regional,No control,Unknown,FALSE,FALSE,FALSE,Clear,TRUE,Road 1: RIVER RD E; Road 2: OTTAWA ST N; Vehicle #1     Make: KIA     Model: ROL     Colour: BLU     Style: 4W; Vehicle #2     Make: LNDR     Model: RSP     Colour: BLK     Style: TY,5/13/2021 11:39:01 AM,544935.1916,4811086.047,Q2,Weekend,FALSE
6956,50437,20077814,4/11/2020 12:30:00 PM,2020,4,11,12,30,Saturday,542164.6073,4810384.516,-80.478922,43.445184,Intersection,1,Non-fatal injury,On roadway,SMV,Daylight,Municipal,Sign Control,Functioning,TRUE,FALSE,FALSE,Clear,FALSE,Road 1: KING ST E (50 km/h); Road 2: PANDORA AVE N (50 km/h); Vehicle #1     Make: CHEV     Model: BZR     Colour: GRY     Style: TY,5/13/2021 11:23:33 AM,542164.6073,4810384.516,Q2,Weekend,FALSE
6957,50438,20077869,4/11/2020 1:51:00 PM,2020,4,11,13,51,Saturday,546781.3381,4808146.504,-80.422062,43.424758,Intersection,2,P.D. only,Off roadway,SMV,Daylight,Municipal,Sign Control,Functioning,FALSE,FALSE,FALSE,Clear,FALSE,Road 1: HOFSTETTER AVE (50 km/h); Road 2: CAMEO DR (50 km/h); Vehicle #1     Make: MAZD     Model: 3TR     Colour: RED     Style: 4D,5/13/2021 11:23:31 AM,546781.3381,4808146.504,Q2,Weekend,FALSE
6958,50439,20077912,4/11/2020 2:40:00 PM,2020,4,11,14,40,Saturday,543970.171,4811910.31,-80.456487,43.458818,Private Drive,2,P.D. only,Off roadway,SMV,Daylight,Municipal,No control,Unknown,FALSE,FALSE,FALSE,Clear,FALSE,Road 1: 298 RIVER RD E (50 km/h); Road 2: RIVER RD E; Distance: 10.0 M S; Vehicle #1     Make: TOYT     Model: XLL     Colour: GRY     Style: 4D,5/13/2021 11:24:21 AM,543970.171,4811910.311,Q2,Weekend,FALSE
6959,50440,20077998,4/11/2020 4:32:00 PM,2020,4,11,16,32,Saturday,537557.0251,4808095.872,-80.53602,43.424822,Private Drive,2,P.D. only,Off roadway,SMV,Daylight,Municipal,No control,Unknown,FALSE,FALSE,FALSE,Clear,FALSE,Road 1: LANARK CRES (50 km/h); Road 2: LANARK CRT (50 km/h); Vehicle #1     Make: DODG     Model: DAX     Colour: RED     Style: 4D,5/13/2021 11:35:20 AM,537557.0251,4808095.872,Q2,Weekend,FALSE
6960,50441,20080267,4/9/2020 6:00:00 PM,2020,4,9,18,0,Thursday,545488.7724,4811984.153,-80.43771,43.459392,Non intersection,2,P.D. only,On roadway,Rear end,Daylight,Regional,No control,Unknown,FALSE,FALSE,FALSE,Clear,TRUE,Road 1: HERITAGE DR; Road 2: OTTAWA ST N; Distance: 600.0 M S; Vehicle #1     Make: FORD     Model: FSE     Colour: WHI     Style: 4D; Vehicle #2     Make: TOYT     Model: MTL     Colour: GRY     Style: 4D,5/13/2021 11:39:06 AM,545488.7724,4811984.153,Q2,Weekend,FALSE
6961,50442,20080290,4/5/2020 6:45:00 PM,2020,4,5,18,45,Sunday,542362.9394,4810928.852,-80.476429,43.450074,Private Drive,2,Non-reportable,On roadway,SMV,Daylight,Municipal,No control,Unknown,FALSE,FALSE,FALSE,Clear,TRUE,Road 1: 147 SAMUEL ST; Vehicle #1     Make:      Model:      Colour:      Style: ; Vehicle #2     Make: AUDI     Model: A32     Colour: BLK     Style: 4D,5/13/2021 11:24:25 AM,542362.9394,4810928.852,Q2,Weekend,FALSE
6962,50443,20080292,4/9/2020 3:15:00 PM,2020,4,9,15,15,Thursday,543123.5286,4813874.856,-80.466796,43.476556,Private Drive,2,Non-reportable,On roadway,Other,Daylight,Municipal,No control,Unknown,FALSE,FALSE,FALSE,Clear,TRUE,Road 1: 10 PAIGE ST; Vehicle #1     Make: FORD     Model: SPE     Colour: WHI     Style: TY; Vehicle #2     Make:      Model:      Colour:      Style:,5/13/2021 11:24:23 AM,543123.5286,4813874.856,Q2,Weekend,FALSE
6963,50444,20081449,4/11/2020 12:30:00 PM,2020,4,11,12,30,Saturday,546305.3287,4812477.104,-80.427575,43.46378,Private Drive,2,P.D. only,On roadway,SMV,Daylight,Municipal,No control,Unknown,FALSE,FALSE,FALSE,Clear,TRUE,Road 1: 393 MISTY CRESCENT; Vehicle #1     Make:      Model:      Colour:      Style: ; Vehicle #2     Make: KIA     Model: FNG     Colour: GRY     Style: 4D,5/13/2021 11:29:27 AM,546305.3287,4812477.104,Q2,Weekend,FALSE
6964,50445,20083759,4/20/2020 2:38:00 PM,2020,4,20,14,38,Monday,539090.9234,4810785.804,-80.516878,43.448964,Intersection,2,P.D. only,Off roadway,SMV,Daylight,Municipal,Sign Control,Functioning,FALSE,FALSE,FALSE,Clear,FALSE,Road 1: BRANDON AVE (50 km/h); Road 2: MARINA RD (50 km/h); Vehicle #1     Make:      Model:      Colour:      Style:,5/13/2021 11:23:36 AM,539090.9234,4810785.804,Q2,Working,FALSE
6965,50446,20084437,4/20/2020 11:00:00 PM,2020,4,20,23,0,Monday,539429.9016,4805583.918,-80.513064,43.402108,Private Drive,2,P.D. only,On roadway,SMV,Dark,Municipal,No control,Unknown,FALSE,FALSE,FALSE,Clear,TRUE,Road 1: 678 ACTIVA AVE; Vehicle #1     Make:      Model:      Colour:      Style: ; Vehicle #2     Make: TOYT     Model: RV4     Colour: BLK     Style: TY,5/13/2021 11:29:29 AM,539429.9016,4805583.918,Q2,Working,FALSE
6966,50447,20084764,4/21/2020 7:40:00 PM,2020,4,21,19,40,Tuesday,539721.9398,4805885.901,-80.509436,43.404811,Private Drive,2,Non-reportable,On roadway,SMV,Dark,Municipal,No control,Unknown,FALSE,FALSE,FALSE,Clear,TRUE,Road 1: 513 BRIDLEWREATH COURT; Vehicle #1     Make:      Model:      Colour:      Style: ; Vehicle #2     Make: TOYT     Model: MTL     Colour: GRY     Style: 4D,5/13/2021 11:34:25 AM,539721.9398,4805885.901,Q2,Working,FALSE
6967,50448,20085195,4/19/2020 10:00:00 PM,2020,4,19,22,0,Sunday,547888.4228,4804470.727,-80.408708,43.391592,Non intersection,2,P.D. only,On roadway,SMV,Dark,Municipal,No control,Unknown,FALSE,FALSE,FALSE,Clear,TRUE,Road 1: 214 DOON VALLEY DR; Vehicle #1     Make:      Model:      Colour:      Style: ; Vehicle #2     Make: TOYT     Model: AXP     Colour: BLK     Style: 4D,5/13/2021 11:30:47 AM,547888.4228,4804470.727,Q2,Weekend,FALSE
6968,50449,20085869,4/23/2020 12:30:00 PM,2020,4,23,12,30,Thursday,539081.3436,4811109.167,-80.516973,43.451876,Intersection,2,P.D. only,On roadway,Intersection,Daylight,Regional,Signal Control,Unknown,FALSE,FALSE,FALSE,Clear,TRUE,Road 1: BELMONT AVE W; Road 2: GLASGOW ST; Vehicle #1     Make: FORD     Model: FHY     Colour: GRY     Style: 4D; Vehicle #2     Make: DODG     Model: CLB     Colour: SIL     Style: 4B,5/13/2021 11:38:24 AM,539081.3436,4811109.167,Q2,Weekend,FALSE
6969,50450,20085898,4/20/2020 12:30:00 AM,2020,4,20,0,30,Monday,544512.7222,4804979.137,-80.450345,43.396378,Intersection,2,P.D. only,On roadway,SMV,Dark,Municipal,Sign Control,Functioning,FALSE,FALSE,FALSE,Clear,TRUE,Road 1: WINDY RIDGE DR; Road 2: MILLWOOD CRESCENT; Vehicle #1     Make: HYUN     Model: K1G     Colour: WHI     Style: TY; Vehicle #2     Make: DODG     Model: RPC     Colour: BLK     Style: PK,5/13/2021 11:29:47 AM,544512.7222,4804979.138,Q2,Working,FALSE
6970,50451,20087771,4/26/2020 12:00:00 AM,2020,4,26,0,0,Sunday,543248.2014,4804519.666,-80.465996,43.392314,Intersection,2,P.D. only,On roadway,Rear end,Dark,Regional,Sign Control,Functioning,FALSE,FALSE,FALSE,Clear,TRUE,Road 1: HURON RD; Road 2: STRASBURG RD; Vehicle #1     Make: CHEV     Model: EQU     Colour: BLK     Style: TY; Vehicle #2     Make: MERZ     Model: C4A     Colour: WHI     Style: 4D,5/13/2021 11:38:18 AM,543248.2014,4804519.666,Q2,Weekend,FALSE
6971,50452,20088103,4/26/2020 2:29:00 PM,2020,4,26,14,29,Sunday,538286.7681,4809849.078,-80.526882,43.440571,Non intersection,2,P.D. only,Off roadway,SMV,Daylight,Municipal,No control,Unknown,FALSE,FALSE,FALSE,Clear,FALSE,Road 1: HAZELGLEN DR (40 km/h); Road 2: CHOPIN DR; Distance: 10.0 K N; Vehicle #1     Make: HOND     Model: AXL     Colour: GRY     Style: 4D,5/13/2021 11:29:31 AM,538286.7681,4809849.078,Q2,Weekend,FALSE
6972,50453,20088445,4/27/2020 12:30:00 AM,2020,4,27,0,30,Monday,547953.6573,4804553.42,-80.407895,43.392332,Non intersection,2,P.D. only,On roadway,SMV,Dark,Municipal,No control,Unknown,FALSE,FALSE,FALSE,Clear,FALSE,Road 1: 16 ORCHARD MILL CRES (50 km/h); Road 2: ORCHARD MILL CRES; Distance: 20.0 K W; Vehicle #1     Make:      Model:      Colour:      Style: ; Vehicle #2     Make: NISS     Model: A2B     Colour: WHI     Style: 4D,5/13/2021 11:30:49 AM,547953.6573,4804553.42,Q2,Working,FALSE
6973,50454,20089459,2/18/2019 3:00:00 PM,2019,2,18,15,0,Monday,547416.206,4805488.256,-80.41445,43.400784,Non intersection,2,Non-reportable,On roadway,SMV,Daylight,Municipal,No control,Unknown,FALSE,FALSE,FALSE,Clear,TRUE,Road 1: 905 JOSEPH SCHOERG PLACE; Vehicle #1     Make: FRHT     Model: FM2     Colour: WHI     Style: CT; Vehicle #2     Make:      Model:      Colour:      Style:,3/26/2021 11:53:06 AM,547416.206,4805488.256,Q1,Working,FALSE
6974,50455,20091732,5/1/2020 2:30:00 PM,2020,5,1,14,30,Friday,544801.4877,4809481.274,-80.446411,43.436898,Private Drive,2,P.D. only,On roadway,SMV,Daylight,Regional,No control,Unknown,FALSE,FALSE,FALSE,Clear,TRUE,Road 1: 127 FRANKLIN ST N; Vehicle #1     Make: CHEV     Model: MLT     Colour: BLK     Style: 4D; Vehicle #2     Make: CHEV     Model: EQU     Colour: BRN     Style: TY,5/13/2021 11:40:30 AM,544801.4877,4809481.274,Q2,Weekend,FALSE
6975,50456,20091792,5/1/2020 5:00:00 PM,2020,5,1,17,0,Friday,541582.1797,4807767.018,-80.486319,43.421648,Private Drive,2,P.D. only,On roadway,Intersection,Daylight,Regional,No control,Unknown,FALSE,FALSE,FALSE,Clear,TRUE,Road 1: 437 STRASBURG RD; Vehicle #1     Make: DODG     Model: CAR     Colour: GRY     Style: VN; Vehicle #2     Make: HOND     Model: UCL     Colour: WHI     Style: 4D,5/13/2021 11:40:28 AM,541582.1797,4807767.018,Q2,Weekend,FALSE
6976,50457,20094360,5/5/2020 11:30:00 AM,2020,5,5,11,30,Tuesday,539080.1303,4811110.76,-80.516988,43.45189,Intersection,2,P.D. only,On roadway,Intersection,Daylight,Municipal,Signal Control,Functioning,FALSE,FALSE,FALSE,Clear,TRUE,Road 1: BELMONT AVE W; Road 2: GLASGOW ST; Vehicle #1     Make: CHRY     Model: 3LM     Colour: BLK     Style: 4D; Vehicle #2     Make: HYUN     Model: TUC     Colour: GRY     Style: TY,5/13/2021 11:28:11 AM,539080.1303,4811110.76,Q2,Working,FALSE
6977,50458,20094367,4/30/2020 5:15:00 PM,2020,4,30,17,15,Thursday,545304.7893,4808453.249,-80.440277,43.427611,Non intersection,2,P.D. only,On roadway,Other,Daylight,Municipal,No control,Unknown,FALSE,FALSE,FALSE,Clear,TRUE,Road 1: 46 CEDARWOODS CRESCENT; Vehicle #1     Make: TOYT     Model: RG4     Colour: SIL     Style: TY; Vehicle #2     Make: BUIC     Model: ALL     Colour: BLK     Style: 4D,5/13/2021 11:32:44 AM,545304.7893,4808453.249,Q2,Weekend,FALSE
6978,50459,20094391,5/5/2020 11:55:00 AM,2020,5,5,11,55,Tuesday,545050.2713,4810838.478,-80.443225,43.449103,Intersection,2,P.D. only,On roadway,Rear end,Daylight,Regional,Signal Control,Functioning,FALSE,FALSE,FALSE,Clear,TRUE,Road 1: HOLBORN DR; Road 2: RIVER RD E; Vehicle #1     Make:      Model:      Colour:      Style: ; Vehicle #2     Make: BMW     Model: JEG     Colour: WHI     Style: 4D,5/13/2021 11:38:32 AM,545050.2713,4810838.478,Q2,Working,FALSE
6979,50460,20094412,5/5/2020 12:10:00 PM,2020,5,5,12,10,Tuesday,545929.6299,4805266.164,-80.432826,43.398877,Non intersection,2,Non-reportable,On roadway,Intersection,Daylight,Municipal,No control,Unknown,FALSE,FALSE,FALSE,Clear,TRUE,Road 1: 37 GREEN VALLEY DR; Vehicle #1     Make:      Model:      Colour:      Style: ; Vehicle #2     Make: TOYT     Model: RG4     Colour: GRY     Style: TY,5/13/2021 11:29:37 AM,545929.6299,4805266.164,Q2,Working,FALSE
6980,50461,20096652,5/8/2020 4:45:00 PM,2020,5,8,16,45,Friday,539933.7102,4811031.528,-80.506444,43.451132,Private Drive,2,P.D. only,On roadway,Intersection,Daylight,Municipal,No control,Unknown,FALSE,FALSE,FALSE,Clear,TRUE,Road 1: 219 PARK ST; Vehicle #1     Make: DODG     Model: RPC     Colour: GRY     Style: PK; Vehicle #2     Make: DODG     Model: DAX     Colour: GRY     Style: 4D,5/13/2021 11:33:07 AM,539933.7102,4811031.528,Q2,Weekend,FALSE
6981,50462,20098228,5/11/2020 6:58:00 AM,2020,5,11,6,58,Monday,540633.8091,4800786.918,-80.498553,43.35885,Non intersection,2,P.D. only,Off roadway,SMV,Daylight,Regional,No control,Unknown,FALSE,FALSE,FALSE,Snow,FALSE,Road 1: PLAINS RD (60 km/h); Road 2: TRUSSLER RD; Distance: 800.0 M N; Vehicle #1     Make: PONT     Model: VIB     Colour: GRY     Style: 4B,5/13/2021 11:40:47 AM,540633.8091,4800786.918,Q2,Working,FALSE
6982,50463,20098431,5/11/2020 2:03:00 PM,2020,5,11,14,3,Monday,540531.9564,4805905.417,-80.499431,43.404944,Private Drive,2,P.D. only,Off roadway,SMV,Daylight,Municipal,No control,Unknown,FALSE,FALSE,FALSE,Clear,FALSE,Road 1: 71 RIEHM ST (50 km/h); Road 2: RIEHM ST; Distance: 1.0 K N; Vehicle #1     Make: KW     Model: CON     Colour: YEL     Style: CT,5/13/2021 11:31:29 AM,540531.9564,4805905.417,Q2,Working,FALSE
6983,50464,20098473,5/11/2020 3:00:00 PM,2020,5,11,15,0,Monday,544303.3047,4809223.696,-80.452587,43.434608,Intersection,2,P.D. only,On roadway,Other,Daylight,Municipal,Sign Control,Unknown,FALSE,FALSE,FALSE,Clear,TRUE,Road 1: 4TH AVE; Road 2: KINGSWAY DR; Vehicle #1     Make: TOYT     Model: TAC     Colour: GRY     Style: PK; Vehicle #2     Make:      Model:      Colour:      Style:,5/13/2021 11:30:03 AM,544303.3047,4809223.696,Q2,Working,FALSE
6984,50465,20099055,5/12/2020 12:50:00 PM,2020,5,12,12,50,Tuesday,546061.7928,4809493.752,-80.430837,43.436934,Intersection,1,Non-fatal injury,On roadway,Intersection,Daylight,Municipal,Signal Control,Functioning,FALSE,FALSE,FALSE,Clear,FALSE,Road 1: RIVER RD E (60 km/h); Road 2: KINZIE AVE (50 km/h); Vehicle #1     Make: NISS     Model: ROG     Colour: RED     Style: TY; Vehicle #2     Make: HYUN     Model: ESM     Colour: BLK     Style: 4D,5/13/2021 11:33:59 AM,546061.7928,4809493.752,Q2,Working,FALSE
6985,50466,20100073,5/6/2020 4:15:00 PM,2020,5,6,16,15,Wednesday,541929.7996,4807347.667,-80.482057,43.417853,Non intersection,2,P.D. only,On roadway,Rear end,Daylight,Municipal,No control,Unknown,FALSE,FALSE,FALSE,Clear,TRUE,Road 1: STRASBURG RD; Road 2: SELKIRK DR; Vehicle #1     Make: JEEP     Model: WUL     Colour: BLK     Style: TY; Vehicle #2     Make: NISS     Model: FRT     Colour: WHI     Style: PK,5/13/2021 11:31:04 AM,541929.7996,4807347.667,Q2,Working,FALSE
6986,50467,20100113,5/10/2020 8:30:00 AM,2020,5,10,8,30,Sunday,541937.073,4816312.9,-80.481278,43.498575,Intersection,2,P.D. only,On roadway,Intersection,Daylight,Regional,Sign Control,Functioning,FALSE,FALSE,FALSE,Clear,TRUE,Road 1: WOOLWICH ST; Road 2: KIWANIS PARK DR; Vehicle #1     Make:      Model:      Colour:      Style: ; Vehicle #2     Make: FORD     Model: SPE     Colour: GRY     Style: TY,5/13/2021 11:40:05 AM,541937.073,4816312.9,Q2,Weekend,FALSE
6987,50468,20100131,5/11/2020 12:00:00 PM,2020,5,11,12,0,Monday,541232.8704,4810949.219,-80.490394,43.45032,Intersection,2,P.D. only,On roadway,Rear end,Daylight,Regional,Signal Control,Functioning,FALSE,FALSE,FALSE,Clear,TRUE,Road 1: KING ST W; Road 2: ONTARIO ST S; Vehicle #1     Make: CHEV     Model: SIL     Colour: WHI     Style: CW; Vehicle #2     Make: FORD     Model: SRW     Colour: WHI     Style: PK,5/13/2021 11:37:59 AM,541232.8704,4810949.219,Q2,Working,FALSE
6988,50469,20100810,5/14/2020 7:30:00 PM,2020,5,14,19,30,Thursday,544116.4735,4811897.91,-80.454679,43.458698,Intersection,2,P.D. only,On roadway,Intersection,Daylight,Regional,No control,Functioning,FALSE,FALSE,FALSE,Rain,TRUE,Road 1: MANCHESTER RD; Road 2: RIVER RD E; Vehicle #1     Make: TOYT     Model: CHL     Colour: SIL     Style: 4D; Vehicle #2     Make: CHRY     Model: PIF     Colour: BLK     Style: VN,5/13/2021 11:38:34 AM,544116.4735,4811897.91,Q2,Weekend,FALSE
6989,50470,20101338,5/15/2020 4:42:00 PM,2020,5,15,16,42,Friday,543633.7201,4809037.132,-80.460875,43.432968,Non intersection,2,P.D. only,Off roadway,SMV,Daylight,Municipal,No control,Unknown,FALSE,FALSE,FALSE,Clear,FALSE,Road 1: 168 PLYMOUTH RD (50 km/h); Road 2: PLYMOUTH RD; Distance: 20.0 M S; Vehicle #1     Make: VOLK     Model: DTC     Colour: GRY     Style: 4D,5/13/2021 11:34:58 AM,543633.7201,4809037.132,Q2,Weekend,FALSE
6990,50471,20101341,5/15/2020 4:40:00 PM,2020,5,15,16,40,Friday,543387.4216,4807342.142,-80.464053,43.41772,Non intersection,2,P.D. only,On roadway,SMV,Daylight,Regional,No control,Unknown,FALSE,FALSE,FALSE,Clear,FALSE,Road 1: 120 FALLOWFIELD DR (50 km/h); Road 2: FALLOWFIELD DR; Distance: 2.0 M E; Vehicle #1     Make: FORD     Model: SPE     Colour: BLK     Style: TY; Vehicle #2     Make: LEXS     Model: RX5     Colour: BLK     Style: TY,5/13/2021 11:38:58 AM,543387.4216,4807342.142,Q2,Weekend,FALSE
6991,50472,20101379,5/16/2020 5:42:00 PM,2020,5,16,17,42,Saturday,544439.3751,4811784.207,-80.450697,43.457655,Non intersection,2,P.D. only,Off roadway,SMV,Daylight,Municipal,No control,Unknown,FALSE,FALSE,FALSE,Clear,FALSE,Road 1: RIVER RD E (50 km/h); Road 2: HALLIWELL DR; Distance: 50.0 K W; Vehicle #1     Make: TOYT     Model: CYR     Colour: BLK     Style: 4B,5/13/2021 11:32:47 AM,544439.3751,4811784.207,Q2,Weekend,FALSE