,OBJECTID,ACCIDENTNUM,ACCIDENTDATE,ACCIDENT_YEAR,ACCIDENT_MONTH,ACCIDENT_DAY,ACCIDENT_HOUR,ACCIDENT_MINUTE,Accident_Day,XCOORD,YCOORD,LONGITUDE,LATITUDE,Accident_Location,COLLISIONTYPE,Accident_Type,Impact_Location,Impact_Type,Light,Road_Jurisdication,Traffic_Control,Traffic_Control_Condition,Pedestrian_Involved,Cyclist_Involved,Motorcyclist_Involved,Environment_Condition,Self_Reported,XMLIMPORTNOTES,LASTEDITEDDATE,x,y,Quarter,Day_Type,Vulnerable_Involved
6992,50473,20102529,5/17/2020 2:40:00 AM,2020,5,17,2,40,Sunday,545122.9492,4804332.333,-80.442864,43.390517,Non intersection,2,P.D. only,On roadway,SMV,Dark,Municipal,No control,Unknown,FALSE,FALSE,FALSE,Clear,FALSE,Road 1: 101 BECHTEL DR (50 km/h); Road 2: BECHTEL DR; Distance: 5.0 M N; Vehicle #1     Make: CHEV     Model: CZT     Colour: BLK     Style: 4D; Vehicle #2     Make: HYUN     Model: SFT     Colour: WHI     Style: TY,5/13/2021 11:35:11 AM,545122.9492,4804332.333,Q2,Weekend,FALSE
6993,50474,20102856,5/17/2020 2:15:00 PM,2020,5,17,14,15,Sunday,542981.3448,4814670.416,-80.468491,43.483727,Private Drive,2,P.D. only,Off roadway,SMV,Daylight,Municipal,No control,Unknown,FALSE,FALSE,FALSE,Clear,FALSE,Road 1: 8 NELSON AVE (50 km/h); Road 2: NELSON AVE; Distance: 10.0 K E; Vehicle #1     Make: PETE     Model:      Colour:      Style: ; Vehicle #2     Make: VOLK     Model: JGS     Colour:      Style: 4D,5/13/2021 11:31:03 AM,542981.3448,4814670.416,Q2,Weekend,FALSE
6994,50475,20103034,5/17/2020 10:03:00 PM,2020,5,17,22,3,Sunday,546299.7364,4803425.711,-80.428411,43.382282,Intersection,2,P.D. only,On roadway,Intersection,Dark,Municipal,Sign Control,Functioning,FALSE,FALSE,FALSE,Rain,FALSE,Road 1: DOON SOUTH DR (50 km/h); Road 2: DOON MILLS DR (50 km/h); Vehicle #1     Make: CHEV     Model: BEG     Colour: GRY     Style: 4B; Vehicle #2     Make: VOLK     Model: JES     Colour: GRN     Style: 4D,5/13/2021 11:25:36 AM,546299.7364,4803425.712,Q2,Weekend,FALSE
6995,50476,20103591,5/18/2020 9:32:00 PM,2020,5,18,21,32,Monday,547502.4953,4804533.83,-80.413467,43.392185,Private Drive,2,P.D. only,Off roadway,SMV,Dark,Municipal,No control,Unknown,FALSE,FALSE,FALSE,Rain,FALSE,Road 1: 19 AMHERST DR (50 km/h); Road 2: AMHERST; Distance: 8.0 K E; Vehicle #1     Make: HYUN     Model: SGL     Colour: BLK     Style: 4D; Vehicle #2     Make: VOLK     Model: JBS     Colour: BLK     Style: 4D,5/13/2021 11:31:01 AM,547502.4953,4804533.83,Q2,Working,FALSE
6996,50477,20104015,5/19/2020 1:40:00 PM,2020,5,19,13,40,Tuesday,541013.1673,4807475.732,-80.49337,43.419057,Private Drive,2,P.D. only,Off roadway,SMV,Daylight,Municipal,No control,Unknown,FALSE,FALSE,FALSE,Clear,FALSE,Road 1: 114 SHEA CRES (50 km/h); Road 2: SHEA CRES; Distance: 9.0 K N; Vehicle #1     Make: HOND     Model: UCL     Colour: SIL     Style: 2D,5/13/2021 11:31:17 AM,541013.1673,4807475.732,Q2,Working,FALSE
6997,50478,20104686,5/18/2020 1:50:00 PM,2020,5,18,13,50,Monday,545275.9438,4806434.617,-80.440801,43.409437,Intersection,2,P.D. only,On roadway,Intersection,Daylight,Municipal,Sign Control,Functioning,FALSE,FALSE,FALSE,Clear,TRUE,Road 1: WABANAKI DR; Road 2: WILSON AVE; Vehicle #1     Make:      Model:      Colour:      Style: ; Vehicle #2     Make: MAZD     Model: CX9     Colour: WHI     Style: TY,5/13/2021 11:30:12 AM,545275.9438,4806434.617,Q2,Working,FALSE
6998,50479,20104801,3/11/2020 6:00:00 PM,2020,3,11,18,0,Wednesday,541383.0319,4810865.682,-80.488544,43.44956,Non intersection,2,Non-reportable,Off roadway,SMV,Daylight,Regional,No control,Unknown,FALSE,FALSE,FALSE,Clear,TRUE,Road 1: KING ST E; Road 2: QUEEN ST N; Vehicle #1     Make:      Model:      Colour:      Style: ; Vehicle #2     Make: MNNI     Model: COO     Colour: RED     Style: 2B,8/16/2022 3:00:46 PM,541383.0319,4810865.682,Q1,Working,FALSE
6999,50480,20105860,5/21/2020 9:53:00 PM,2020,5,21,21,53,Thursday,539539.0561,4806168.616,-80.511674,43.407367,Intersection,2,P.D. only,Off roadway,SMV,Dark,Municipal,Sign Control,Functioning,FALSE,FALSE,FALSE,Clear,FALSE,Road 1: ACTIVA AVE (50 km/h); Road 2: COTTON GRASS ST (50 km/h); Vehicle #1     Make: KIA     Model: SOR     Colour: WHI     Style: TY,5/13/2021 11:34:09 AM,539539.0561,4806168.616,Q2,Weekend,FALSE
7000,50481,20106080,5/22/2020 9:45:00 AM,2020,5,22,9,45,Friday,544883.646,4804849.421,-80.445776,43.395188,Intersection,2,P.D. only,On roadway,Intersection,Daylight,Municipal,Signal Control,Functioning,FALSE,FALSE,FALSE,Clear,TRUE,Road 1: PIONEER DR; Road 2: DOON VILLAGE RD; Vehicle #1     Make: TOYO     Model: RAV     Colour: BLK     Style: 4B; Vehicle #2     Make: FORD     Model: FX5     Colour: BLK     Style: 4D,5/13/2021 11:30:31 AM,544883.646,4804849.421,Q2,Weekend,FALSE
7001,50482,20106160,5/22/2020 11:40:00 AM,2020,5,22,11,40,Friday,540024.9034,4805774.183,-80.505702,43.403789,Intersection,1,Non-fatal injury,Off roadway,SMV,Daylight,Municipal,Sign Control,Functioning,FALSE,TRUE,FALSE,Clear,FALSE,Road 1: ISABELLA ST (50 km/h); Road 2: MAX BECKER DR (50 km/h); Distance: 3.0 M E; Vehicle #1     Make:      Model: SCOO     Colour:      Style: SCO,5/13/2021 11:34:13 AM,540024.9034,4805774.183,Q2,Weekend,FALSE
7002,50483,20106355,5/22/2020 4:45:00 PM,2020,5,22,16,45,Friday,539751.5099,4806799.521,-80.509004,43.413036,Intersection,2,P.D. only,On roadway,Intersection,Daylight,Municipal,Sign Control,Functioning,FALSE,FALSE,FALSE,Clear,TRUE,Road 1: ACTIVA AVE; Road 2: GREY FOX DR; Vehicle #1     Make: DODG     Model: CAR     Colour: SIL     Style: VN; Vehicle #2     Make: CHEV     Model: EQU     Colour: BLK     Style: TY,5/13/2021 11:31:51 AM,539751.5099,4806799.521,Q2,Weekend,FALSE
7003,50484,20106884,5/23/2020 10:00:00 AM,2020,5,23,10,0,Saturday,544935.5903,4811086.45,-80.444621,43.451343,Non intersection,2,P.D. only,On roadway,Rear end,Daylight,Regional,No control,Unknown,FALSE,FALSE,FALSE,Clear,TRUE,Road 1: RIVER RD E; Road 2: OTTAWA ST N; Vehicle #1     Make: TOYT     Model: MTL     Colour: GRY     Style: 4D; Vehicle #2     Make: DODG     Model: CXT     Colour: BLK     Style: 4D,5/13/2021 11:39:03 AM,544935.5903,4811086.45,Q2,Weekend,FALSE
7004,50485,20107004,5/23/2020 11:17:00 AM,2020,5,23,11,17,Saturday,543946.9771,4813140.15,-80.456674,43.469893,Non intersection,2,Non-reportable,On roadway,Other,Daylight,Municipal,No control,Unknown,FALSE,FALSE,FALSE,Clear,TRUE,Road 1: SHIRLEY AVE (IFO 274); Road 2: BINGEMANS CENTRE DR; Vehicle #1     Make: RAM     Model: DUR     Colour: RED     Style: PK; Vehicle #2     Make:      Model:      Colour:      Style:,5/13/2021 11:34:42 AM,543946.9771,4813140.15,Q2,Weekend,FALSE
7005,50486,20107767,5/13/2020 8:15:00 AM,2020,5,13,8,15,Wednesday,541219.8391,4805765.178,-80.490946,43.403643,Private Drive,2,Non-reportable,On roadway,SMV,Daylight,Municipal,No control,Unknown,FALSE,FALSE,FALSE,Clear,TRUE,Road 1: 30 MARLIS CRESCENT; Vehicle #1     Make:      Model:      Colour:      Style: ; Vehicle #2     Make: KIA     Model: RIL     Colour: WHI     Style: 4B,5/13/2021 11:32:33 AM,541219.839,4805765.178,Q2,Working,FALSE
7006,50487,20107908,5/24/2020 2:00:00 PM,2020,5,24,14,0,Sunday,545174.8471,4808149.987,-80.441908,43.424888,Private Drive,2,Non-reportable,On roadway,Intersection,Daylight,Municipal,No control,Unknown,FALSE,FALSE,FALSE,Clear,TRUE,Road 1: 600 GREENFIELD AVE; Vehicle #1     Make: HOND     Model: CXG     Colour: BLU     Style: 4D; Vehicle #2     Make: CHRY     Model: 2TR     Colour: BLK     Style: 4D,5/13/2021 11:32:50 AM,545174.8471,4808149.987,Q2,Weekend,FALSE
7007,50488,20108468,5/20/2020 11:11:00 AM,2020,5,20,11,11,Wednesday,545055.6656,4808188.859,-80.443377,43.425246,Private Drive,2,P.D. only,On roadway,SMV,Daylight,Municipal,No control,Unknown,FALSE,FALSE,FALSE,Clear,TRUE,Road 1: 588 GREENFIELD AVE; Vehicle #1     Make:      Model:      Colour:      Style: ; Vehicle #2     Make: FORD     Model: FSE     Colour: GRY     Style: 4B,5/13/2021 11:32:48 AM,545055.6656,4808188.859,Q2,Working,FALSE
7008,50489,20108567,5/20/2020 3:46:00 PM,2020,5,20,15,46,Wednesday,545531.9514,4805386.002,-80.437726,43.39998,Non intersection,2,P.D. only,On roadway,Intersection,Daylight,Regional,No control,Unknown,FALSE,FALSE,FALSE,Clear,TRUE,Road 1: HURON RD; Road 2: HOMER WATSON BLVD; Vehicle #1     Make: HYUN     Model: ESM     Colour: BLK     Style: 4D; Vehicle #2     Make: FORD     Model: SRW     Colour: BLK     Style: CW,5/13/2021 11:39:49 AM,545531.9514,4805386.003,Q2,Working,FALSE
7009,50490,20108843,5/24/2020 11:00:00 PM,2020,5,24,23,0,Sunday,546620.0071,4803533.982,-80.424448,43.383237,Non intersection,2,Non-reportable,On roadway,SMV,Dark,Municipal,No control,Unknown,FALSE,FALSE,FALSE,Clear,TRUE,Road 1: 43 WINDING WOOD CRESCENT (IFO 43); Vehicle #1     Make:      Model:      Colour:      Style: ; Vehicle #2     Make: DODG     Model: RPC     Colour: BLU     Style: PK,5/13/2021 11:32:28 AM,546620.0071,4803533.982,Q2,Weekend,FALSE
7010,50491,20109267,5/26/2020 10:28:00 AM,2020,5,26,10,28,Tuesday,544681.9694,4808319.83,-80.447982,43.426447,Intersection,2,P.D. only,On roadway,Intersection,Daylight,Municipal,Sign Control,Functioning,FALSE,FALSE,FALSE,Clear,FALSE,Road 1: GREENFIELD AVE (50 km/h); Road 2: WOODHAVEN RD (50 km/h); Vehicle #1     Make: CHRY     Model: 2LM     Colour: WHI     Style: 4D; Vehicle #2     Make: JEEP     Model: PRT     Colour: BLU     Style: TY,5/13/2021 11:30:38 AM,544681.9694,4808319.83,Q2,Working,FALSE
7011,50492,20109465,5/26/2020 2:06:00 PM,2020,5,26,14,6,Tuesday,540449.0428,4808792.795,-80.500241,43.430946,Non intersection,2,P.D. only,Off roadway,SMV,Daylight,Regional,No control,Unknown,FALSE,FALSE,FALSE,Clear,FALSE,Road 1: 212 LAKESIDE DR (40 km/h); Road 2: LAKESIDE; Distance: 10.0 K S; Vehicle #1     Make: TOYT     Model: CHL     Colour: GRY     Style: 4D,5/13/2021 11:39:36 AM,540449.0428,4808792.795,Q2,Working,FALSE
7012,50493,20109518,5/26/2020 3:03:00 PM,2020,5,26,15,3,Tuesday,542636.2642,4805359.689,-80.473486,43.399913,Intersection,2,P.D. only,On roadway,Intersection,Daylight,Municipal,Sign Control,Functioning,FALSE,FALSE,FALSE,Clear,TRUE,Road 1: TRILLIUM DR; Road 2: MCBRINE DR; Vehicle #1     Make: JEEP     Model: WUL     Colour: GRY     Style: TY; Vehicle #2     Make: SUBA     Model: I25     Colour: WHI     Style: SW,5/13/2021 11:32:01 AM,542636.2642,4805359.689,Q2,Working,FALSE
7013,50494,20110945,5/23/2020 2:20:00 PM,2020,5,23,14,20,Saturday,541678.8222,4810198.024,-80.48494,43.443532,Private Drive,2,P.D. only,On roadway,SMV,Daylight,Municipal,No control,Unknown,FALSE,FALSE,FALSE,Clear,TRUE,Road 1: 119 MADISON AVE S; Vehicle #1     Make: MNNI     Model: COS     Colour: RED     Style: 2B; Vehicle #2     Make: CHEV     Model: SIL     Colour: WHI     Style: PK,5/13/2021 11:27:31 AM,541678.8222,4810198.024,Q2,Weekend,FALSE
7014,50495,20111367,5/28/2020 9:25:00 PM,2020,5,28,21,25,Thursday,543854.4869,4805115.747,-80.458462,43.397646,Intersection,2,P.D. only,On roadway,Rear end,Dark,Municipal,Signal Control,Functioning,FALSE,FALSE,FALSE,Clear,FALSE,Road 1: TRILLIUM DR (60 km/h); Road 2: HURON RD (60 km/h); Vehicle #1     Make:      Model:      Colour:      Style: ; Vehicle #2     Make: HYUN     Model: ESM     Colour: WHI     Style: 4D,5/13/2021 11:30:46 AM,543854.4869,4805115.747,Q2,Weekend,FALSE
7015,50496,20111422,5/28/2020 11:07:00 PM,2020,5,28,23,7,Thursday,541897.372,4810422.844,-80.482222,43.445544,Non intersection,1,Non-fatal injury,On roadway,SMV,Dark,Regional,No control,Unknown,FALSE,FALSE,FALSE,Clear,FALSE,Road 1: MADISON AVE S (40 km/h); Road 2: CHARLES ST E; Distance: 5.0 M N; Vehicle #1     Make: INFI     Model: AWD     Colour: WHI     Style: 4D,5/13/2021 11:39:15 AM,541897.372,4810422.844,Q2,Weekend,FALSE
7016,50497,20111774,5/29/2020 12:24:00 PM,2020,5,29,12,24,Friday,544628.6845,4812099.364,-80.448332,43.460481,Private Drive,1,Non-fatal injury,On roadway,Intersection,Daylight,Municipal,No control,Unknown,FALSE,FALSE,FALSE,Clear,FALSE,Road 1: CONFEDERATION DR (50 km/h); Road 2: 11 CONFEDERATION DR; Distance: 2.0 K E; Vehicle #1     Make: NISS     Model: NV2     Colour: WHI     Style: FV; Vehicle #2     Make: TOYT     Model: UCS     Colour: BLK     Style: 4D,5/13/2021 11:29:20 AM,544628.6845,4812099.364,Q2,Weekend,FALSE
7017,50498,20111912,5/28/2020 4:45:00 PM,2020,5,28,16,45,Thursday,547694.9685,4803920.063,-80.411144,43.386646,Non intersection,2,Non-reportable,On roadway,Rear end,Daylight,Regional,No control,Unknown,FALSE,FALSE,FALSE,Rain,TRUE,Road 1: 2480 HOMER WATSON BLVD; Vehicle #1     Make: TOYT     Model: CBL     Colour: GRY     Style: 4D; Vehicle #2     Make: TOYT     Model: C2E     Colour: WHI     Style: 4D,5/13/2021 11:39:26 AM,547694.9685,4803920.063,Q2,Weekend,FALSE
7018,50499,20112080,5/29/2020 8:00:00 PM,2020,5,29,20,0,Friday,545256.402,4802583.404,-80.441361,43.374762,Private Drive,2,P.D. only,On roadway,Intersection,Daylight,Municipal,No control,Unknown,FALSE,FALSE,FALSE,Clear,FALSE,Road 1: 115 SOUTH CREEK DR (50 km/h); Road 2: SOUTH CREEK DR; Distance: 5.0 K S; Vehicle #1     Make: KIA     Model: SPO     Colour:      Style: TY; Vehicle #2     Make: VOLK     Model: JSA     Colour:      Style: 4D,5/13/2021 11:34:44 AM,545256.402,4802583.404,Q2,Weekend,FALSE
7019,50500,20112241,5/29/2020 11:30:00 PM,2020,5,29,23,30,Friday,544790.2929,4808567.382,-80.446624,43.42867,Intersection,2,P.D. only,On roadway,Intersection,Dark,Municipal,Sign Control,Unknown,FALSE,FALSE,FALSE,Clear,TRUE,Road 1: CONNAUGHT ST; Road 2: WOODHAVEN RD; Vehicle #1     Make:      Model:      Colour:      Style: ; Vehicle #2     Make: NISS     Model: SL2     Colour: RED     Style: 4D,5/13/2021 11:32:06 AM,544790.2929,4808567.382,Q2,Weekend,FALSE
7020,50501,20112824,5/30/2020 9:44:00 PM,2020,5,30,21,44,Saturday,541203.3187,4810898.737,-80.490763,43.449867,Intersection,1,Non-fatal injury,On roadway,SMV,Dark,Municipal,Sign Control,Functioning,TRUE,FALSE,FALSE,Clear,FALSE,Road 1: ONTARIO ST S (50 km/h); Road 2: HALLS LANE W (20 km/h); Vehicle #1     Make: CHEV     Model: CZT     Colour: BLU     Style: 4D,5/13/2021 11:30:08 AM,541203.3187,4810898.737,Q2,Weekend,FALSE
7021,50502,20112955,5/31/2020 1:43:00 AM,2020,5,31,1,43,Sunday,544939.4747,4806326.522,-80.444965,43.408484,Non intersection,2,P.D. only,On roadway,SMV,Dark,Municipal,No control,Unknown,FALSE,FALSE,FALSE,Clear,FALSE,Road 1: WABANAKI DR (50 km/h); Road 2: HIDDEN VALLEY RD; Distance: 2.0 K E; Vehicle #1     Make: HOND     Model: UCL     Colour: GRN     Style: 4D,5/13/2021 11:31:20 AM,544939.4747,4806326.522,Q2,Weekend,FALSE
7022,50503,20113394,5/31/2020 6:12:00 PM,2020,5,31,18,12,Sunday,541937.7131,4808849.514,-80.481844,43.431375,Non intersection,2,P.D. only,Off roadway,SMV,Daylight,Municipal,No control,Unknown,FALSE,FALSE,FALSE,Clear,FALSE,Road 1: 11 KELVIN AVE (50 km/h); Road 2: KELVIN AVE; Distance: 2.0 K S; Vehicle #1     Make: NISS     Model: MEL     Colour: GRY     Style: 4D,5/13/2021 11:34:53 AM,541937.7131,4808849.514,Q2,Weekend,FALSE
7023,50504,20113899,6/1/2020 12:00:00 PM,2020,6,1,12,0,Monday,546149.5594,4813783.584,-80.42939,43.475554,Non intersection,2,P.D. only,On roadway,Other,Daylight,Municipal,No control,Unknown,FALSE,FALSE,FALSE,Clear,TRUE,Road 1: 200 CENTENNIAL RD; Vehicle #1     Make: GMC     Model: SIE     Colour: WHI     Style: PK; Vehicle #2     Make: TOYO     Model: CORO     Colour: SIL     Style: 4D,5/13/2021 11:32:54 AM,546149.5594,4813783.584,Q2,Working,FALSE
7024,50505,20113934,6/1/2020 1:43:00 PM,2020,6,1,13,43,Monday,542109.2211,4807133.408,-80.479857,43.415914,Intersection,0,Fatal injury,On roadway,Intersection,Daylight,Regional,Signal Control,Functioning,FALSE,FALSE,FALSE,Clear,FALSE,Road 1: BLOCK LINE RD (50 km/h); Road 2: STRASBURG RD (50 km/h); Distance: 0.0 K; Vehicle #1     Make: HOND     Model: UEX     Colour: RED     Style: 4D; Vehicle #2     Make: NOVB     Model: YLD     Colour: WHI     Style: BU,5/13/2021 11:38:38 AM,542109.2211,4807133.408,Q2,Working,FALSE
7025,50506,20114544,6/2/2020 9:40:00 AM,2020,6,2,9,40,Tuesday,543067.0797,4807436.885,-80.468002,43.418592,Intersection,1,Non-fatal injury,Off roadway,SMV,Daylight,Regional,Sign Control,Functioning,FALSE,FALSE,FALSE,Clear,FALSE,Road 1: FALLOWFIELD DR (50 km/h); Road 2: BLOCK LINE RD (50 km/h); Vehicle #1     Make: HYUN     Model: ESM     Colour: BLU     Style: 4D,5/13/2021 11:40:19 AM,543067.0797,4807436.885,Q2,Working,FALSE
7026,50507,20114912,6/2/2020 6:30:00 PM,2020,6,2,18,30,Tuesday,544626.8977,4809443.943,-80.448571,43.436572,Intersection,2,Non-reportable,On roadway,Intersection,Daylight,Municipal,Sign Control,Functioning,FALSE,FALSE,FALSE,Clear,TRUE,Road 1: PROSPECT AVE; Road 2: BROADVIEW AVE; Vehicle #1     Make: CHEV     Model: CZL     Colour: BLK     Style: 4D; Vehicle #2     Make:      Model:      Colour:      Style:,5/13/2021 11:33:54 AM,544626.8977,4809443.943,Q2,Working,FALSE
7027,50508,20115390,6/3/2020 11:32:00 AM,2020,6,3,11,32,Wednesday,545124.4477,4812051.864,-80.442207,43.460024,Intersection,2,P.D. only,Off roadway,SMV,Daylight,Municipal,Sign Control,Unknown,FALSE,FALSE,FALSE,Clear,FALSE,Road 1: LORRAINE AVE (50 km/h); Road 2: CONFEDERATION DR (50 km/h); Distance: 10.0 M W; Vehicle #1     Make: CHEV     Model: UPL     Colour: RED     Style: VN; Vehicle #2     Make: HOND     Model: UCD     Colour: RED     Style: 4D; Vehicle #3     Make: TO,5/13/2021 11:25:28 AM,545124.4477,4812051.864,Q2,Working,FALSE
7028,50509,20115637,6/3/2020 5:10:00 PM,2020,6,3,17,10,Wednesday,541231.3698,4810951.11,-80.490412,43.450337,Intersection,2,P.D. only,On roadway,Intersection,Daylight,Regional,Signal Control,Functioning,FALSE,FALSE,FALSE,Clear,FALSE,Road 1: KING ST W (50 km/h); Road 2: ONTARIO ST N (50 km/h); Vehicle #1     Make: TOYT     Model: CHB     Colour: GRY     Style: 4D; Vehicle #2     Make: MAZD     Model: M6I     Colour: BLU     Style: 4D,5/13/2021 11:37:56 AM,541231.3698,4810951.11,Q2,Working,FALSE
7029,50510,20116664,6/4/2020 3:00:00 PM,2020,6,4,15,0,Thursday,538217.2738,4808357.019,-80.527845,43.42714,Intersection,2,Non-reportable,On roadway,Rear end,Daylight,Municipal,Signal Control,Functioning,FALSE,FALSE,FALSE,Clear,TRUE,Road 1: QUEEN'S BLVD; Road 2: ELM RIDGE DR; Vehicle #1     Make: TOYT     Model: CBS     Colour: SIL     Style: 4D; Vehicle #2     Make: TOYT     Model: CBA     Colour: GRN     Style: 4D,5/13/2021 11:34:06 AM,538217.2738,4808357.019,Q2,Weekend,FALSE
7030,50511,20117044,6/5/2020 1:15:00 PM,2020,6,5,13,15,Friday,545214.225,4810452.902,-80.44123,43.445621,Intersection,2,P.D. only,On roadway,Rear end,Daylight,Regional,Sign Control,Unknown,FALSE,FALSE,FALSE,Clear,TRUE,Road 1: RIVER RD E; Road 2: BRADLEY DR; Vehicle #1     Make: CHEV     Model: CCT     Colour: BLK     Style: 4D; Vehicle #2     Make: FORD     Model: SPE     Colour: ONG     Style: TY,5/13/2021 11:38:11 AM,545214.225,4810452.902,Q2,Weekend,FALSE
7031,50512,20117069,6/5/2020 1:30:00 PM,2020,6,5,13,30,Friday,543068.3605,4807437.935,-80.467986,43.418601,Intersection,2,P.D. only,On roadway,Intersection,Daylight,Municipal,Sign Control,Functioning,FALSE,FALSE,FALSE,Clear,TRUE,Road 1: FALLOWFIELD DR; Road 2: BLOCK LINE ROAD; Vehicle #1     Make: MAZD     Model: 3TR     Colour: BLK     Style: 4D; Vehicle #2     Make: TOYT     Model: LLX     Colour: SIL     Style: 4D,5/13/2021 11:30:36 AM,543068.3605,4807437.935,Q2,Weekend,FALSE
7032,50513,20117177,6/5/2020 4:00:00 PM,2020,6,5,16,0,Friday,543539.5,4807859.846,-80.462133,43.422373,Non intersection,2,P.D. only,On roadway,Intersection,Daylight,Other,No control,Unknown,FALSE,FALSE,FALSE,Clear,TRUE,Road 1: BLOCK LINE RD; Road 2: COURTLAND AVE E; Vehicle #1     Make: HOND     Model: UDY     Colour: GRY     Style: VN; Vehicle #2     Make: HYUN     Model: ALS     Colour: BLU     Style: 4D,5/13/2021 11:24:02 AM,543539.5,4807859.846,Q2,Weekend,FALSE
7033,50514,20117400,5/31/2020 10:00:00 PM,2020,5,31,22,0,Sunday,543802.32,4810958.909,-80.458638,43.450261,Non intersection,2,P.D. only,Off roadway,SMV,Dark,Municipal,No control,Unknown,FALSE,FALSE,FALSE,Clear,FALSE,Road 1: 111 LYNDHURST DR (50 km/h); Road 2: LYNDHURST DR; Distance: 1.0 K S; Vehicle #1     Make: CHEV     Model: CV1     Colour: BLU     Style: 2D; Vehicle #2     Make: FORD     Model: SRW     Colour: BLK     Style: TY,5/13/2021 11:33:09 AM,543802.32,4810958.909,Q2,Weekend,FALSE
7034,50515,20117755,6/6/2020 12:15:00 PM,2020,6,6,12,15,Saturday,538932.062,4811421.875,-80.518795,43.454699,Non intersection,2,P.D. only,Off roadway,Rear end,Daylight,Regional,No control,Unknown,FALSE,FALSE,FALSE,Clear,FALSE,Road 1: BELMONT AVE W (50 km/h); Road 2: UNION ST; Distance: 60.0 M E; Vehicle #1     Make: JEEP     Model: GCK     Colour: WHI     Style: TY; Vehicle #2     Make: HOND     Model: UAX     Colour: BLU     Style: 4D,5/13/2021 11:40:36 AM,538932.062,4811421.875,Q2,Weekend,FALSE
7035,50516,20117905,6/6/2020 3:30:00 PM,2020,6,6,15,30,Saturday,538671.6339,4805487.375,-80.522435,43.401278,Non intersection,2,P.D. only,Off roadway,SMV,Daylight,Municipal,No control,Unknown,FALSE,FALSE,FALSE,Clear,FALSE,Road 1: 68 ISAIAH DR (50 km/h); Road 2: ISAIAH DR; Distance: 0.0 K E; Vehicle #1     Make: HOND     Model: CXG     Colour: SIL     Style: 4D,5/13/2021 11:33:11 AM,538671.6339,4805487.375,Q2,Weekend,FALSE
7036,50517,20118203,6/6/2020 10:20:00 PM,2020,6,6,22,20,Saturday,545071.9407,4811910.526,-80.442868,43.458754,Private Drive,2,P.D. only,On roadway,SMV,Dark,Municipal,No control,Unknown,FALSE,FALSE,FALSE,Clear,TRUE,Road 1: MONTCALM DR; Road 2: 12 QUEENSTON DR; Vehicle #1     Make:      Model:      Colour:      Style: ; Vehicle #2     Make: HOND     Model: FIT     Colour: GRY     Style: 4B,5/13/2021 11:32:57 AM,545071.9407,4811910.526,Q2,Weekend,FALSE
7037,50518,20118669,6/7/2020 6:00:00 PM,2020,6,7,18,0,Sunday,539614.6367,4805878.3,-80.510761,43.404748,Non intersection,2,Non-reportable,On roadway,Other,Daylight,Municipal,No control,Unknown,FALSE,FALSE,FALSE,Clear,TRUE,Road 1: 72 MAX BECKER DR; Vehicle #1     Make: MAZD     Model: 3SP     Colour: SIL     Style: 4D; Vehicle #2     Make: GMC     Model: CAN     Colour: WHI     Style: PK,5/13/2021 11:26:47 AM,539614.6367,4805878.3,Q2,Weekend,FALSE
7038,50519,20119227,6/8/2020 12:42:00 PM,2020,6,8,12,42,Monday,540772.0177,4811213.808,-80.49607,43.452728,Intersection,1,Non-fatal injury,On roadway,Intersection,Daylight,Municipal,Sign Control,Functioning,FALSE,FALSE,TRUE,Clear,FALSE,Road 1: FRANCIS ST N (50 km/h); Road 2: BELL LANE (15 km/h); Vehicle #1     Make:      Model:      Colour:      Style: L4G; Vehicle #2     Make: PETE     Model:      Colour:      Style: ION,5/13/2021 11:30:20 AM,540772.0177,4811213.808,Q2,Working,TRUE
7039,50520,20119961,5/30/2020 9:30:00 PM,2020,5,30,21,30,Saturday,545765.1007,4809298.44,-80.43452,43.435193,Non intersection,2,Non-reportable,On roadway,SMV,Dark,Municipal,No control,Unknown,FALSE,FALSE,FALSE,Clear,TRUE,Road 1: RUTHERFORD DR; Road 2: KINZIE AVE; Vehicle #1     Make:      Model:      Colour:      Style: ; Vehicle #2     Make: VOLK     Model: CJS     Colour: SIL     Style: 4D,5/13/2021 11:34:51 AM,545765.1007,4809298.44,Q2,Weekend,FALSE
7040,50521,20120004,5/22/2020 2:00:00 PM,2020,5,22,14,0,Friday,536708.3081,4808501.856,-80.546477,43.428519,Non intersection,2,Non-reportable,On roadway,SMV,Daylight,Municipal,No control,Unknown,FALSE,FALSE,FALSE,Clear,TRUE,Road 1: 11 DAWN RIDGE DR; Vehicle #1     Make:      Model:      Colour:      Style: ; Vehicle #2     Make: NISS     Model: ROS     Colour: SIL     Style: 4W,5/13/2021 11:30:59 AM,536708.3081,4808501.856,Q2,Weekend,FALSE