,OBJECTID,ACCIDENTNUM,ACCIDENTDATE,ACCIDENT_YEAR,ACCIDENT_MONTH,ACCIDENT_DAY,ACCIDENT_HOUR,ACCIDENT_MINUTE,Accident_Day,XCOORD,YCOORD,LONGITUDE,LATITUDE,Accident_Location,COLLISIONTYPE,Accident_Type,Impact_Location,Impact_Type,Light,Road_Jurisdication,Traffic_Control,Traffic_Control_Condition,Pedestrian_Involved,Cyclist_Involved,Motorcyclist_Involved,Environment_Condition,Self_Reported,XMLIMPORTNOTES,LASTEDITEDDATE,x,y,Quarter,Day_Type,Vulnerable_Involved
7041,50522,20120017,5/28/2020 7:15:00 AM,2020,5,28,7,15,Thursday,544399.675,4808627.065,-80.451445,43.42923,Non intersection,2,Non-reportable,On roadway,SMV,Daylight,Regional,No control,Unknown,FALSE,FALSE,FALSE,Clear,TRUE,Road 1: 177 FRANKLIN ST S; Vehicle #1     Make: TOYT     Model: CH4     Colour: GRY     Style: 4D; Vehicle #2     Make: HOND     Model: UAX     Colour: GRY     Style: 2D,5/13/2021 11:39:13 AM,544399.675,4808627.065,Q2,Weekend,FALSE
7042,50523,20120018,5/30/2020 1:00:00 PM,2020,5,30,13,0,Saturday,540813.1873,4807421.732,-80.495844,43.418581,Intersection,2,P.D. only,On roadway,Intersection,Daylight,Municipal,No control,Functioning,FALSE,FALSE,FALSE,Clear,TRUE,Road 1: LAURENTIAN DR; Road 2: HOWLAND DR; Vehicle #1     Make: MAZD     Model: M3I     Colour: SIL     Style: 4D; Vehicle #2     Make: MITS     Model: RVR     Colour: BLU     Style: TY,5/13/2021 11:26:02 AM,540813.1873,4807421.732,Q2,Weekend,FALSE
7043,50524,20120037,6/9/2020 1:10:00 PM,2020,6,9,13,10,Tuesday,545617.3448,4812291.857,-80.436095,43.462155,Private Drive,1,Non-fatal injury,Off roadway,SMV,Daylight,Municipal,No control,Unknown,FALSE,FALSE,FALSE,Clear,FALSE,Road 1: WESTCHESTER DR (50 km/h); Road 2: DERBY LANE; Distance: 500.0 M N; Vehicle #1     Make: TOYT     Model: XLL     Colour: GRY     Style: 4D,5/13/2021 11:34:56 AM,545617.3448,4812291.857,Q2,Working,FALSE
7044,50525,20120537,6/10/2020 6:45:00 AM,2020,6,10,6,45,Wednesday,543202.968,4804494.157,-80.466556,43.392087,Intersection,2,P.D. only,On roadway,Intersection,Daylight,Regional,Sign Control,Functioning,FALSE,FALSE,FALSE,Snow,TRUE,Road 1: HURON RD; Road 2: STRASBURG RD; Vehicle #1     Make: FORD     Model: EDG     Colour: GRN     Style: TY; Vehicle #2     Make: TOYT     Model: RV4     Colour: GRY     Style: TY,5/13/2021 11:38:15 AM,543202.968,4804494.157,Q2,Working,FALSE
7045,50526,20120575,6/10/2020 8:32:00 AM,2020,6,10,8,32,Wednesday,541230.5794,4810949.106,-80.490422,43.450319,Intersection,2,P.D. only,On roadway,Rear end,Daylight,Regional,Signal Control,Functioning,FALSE,FALSE,FALSE,Clear,FALSE,Road 1: ONTARIO ST N (50 km/h); Road 2: KING ST W (50 km/h); Vehicle #1     Make: TOYT     Model: UCS     Colour: GRY     Style: 4D; Vehicle #2     Make: TOYT     Model: UXS     Colour: BRN     Style: 4D,5/13/2021 11:40:17 AM,541230.5794,4810949.106,Q2,Working,FALSE
7046,50527,20120868,6/10/2020 3:00:00 PM,2020,6,10,15,0,Wednesday,545252.3232,4805065.095,-80.441206,43.397107,Non intersection,2,Non-reportable,On roadway,SMV,Daylight,Municipal,No control,Unknown,FALSE,FALSE,FALSE,Clear,TRUE,Road 1: 10 LOWER CANADA CRESCENT; Vehicle #1     Make:      Model:      Colour:      Style: ; Vehicle #2     Make: MERZ     Model: CWC     Colour: WHI     Style: 4D,5/13/2021 11:27:08 AM,545252.3232,4805065.095,Q2,Working,FALSE
7047,50528,20121594,6/10/2020 7:00:00 AM,2020,6,10,7,0,Wednesday,543547.6622,4809153.58,-80.461929,43.434021,Non intersection,2,Non-reportable,On roadway,SMV,Daylight,Municipal,No control,Unknown,FALSE,FALSE,FALSE,Clear,TRUE,Road 1: 60 CORNELL AVE; Vehicle #1     Make: NISS     Model: PFI     Colour: WHI     Style: TY; Vehicle #2     Make: GMC     Model: SIE     Colour: GRY     Style: PK,5/13/2021 11:35:07 AM,543547.6622,4809153.581,Q2,Working,FALSE
7048,50529,20121727,6/11/2020 2:30:00 PM,2020,6,11,14,30,Thursday,544825.5962,4808431.247,-80.446199,43.427442,Non intersection,2,Non-reportable,On roadway,SMV,Daylight,Municipal,No control,Unknown,FALSE,FALSE,FALSE,Clear,TRUE,Road 1: 32 MUNROE ST; Vehicle #1     Make:      Model:      Colour:      Style: ; Vehicle #2     Make: TOYT     Model: HIG     Colour: RED     Style: TY,5/13/2021 11:35:09 AM,544825.5962,4808431.247,Q2,Weekend,FALSE
7049,50530,20122081,6/8/2020 2:00:00 PM,2020,6,8,14,0,Monday,541645.8384,4807560.203,-80.485549,43.419782,Non intersection,2,Non-reportable,On roadway,SMV,Daylight,Municipal,No control,Unknown,FALSE,FALSE,FALSE,Clear,TRUE,Road 1: 61 BARWOOD CRESCENT; Vehicle #1     Make: FORD     Model: TLA     Colour: SIL     Style: 4D; Vehicle #2     Make: HYUN     Model: SAN     Colour: GRY     Style: TY,5/13/2021 11:26:57 AM,541645.8384,4807560.203,Q2,Working,FALSE
7050,50531,20122088,6/5/2020 1:00:00 PM,2020,6,5,13,0,Friday,542312.8394,4810287.845,-80.477098,43.444305,Intersection,2,P.D. only,On roadway,Rear end,Daylight,Regional,Signal Control,Functioning,FALSE,FALSE,FALSE,Clear,TRUE,Road 1: KING ST E; Road 2: STIRLING AVE N; Vehicle #1     Make: HOND     Model: ELE     Colour: BLK     Style: TY; Vehicle #2     Make: NISS     Model: SML     Colour: BLK     Style: 4D,5/13/2021 11:40:07 AM,542312.8394,4810287.845,Q2,Weekend,FALSE
7051,50532,20122178,6/12/2020 10:45:00 AM,2020,6,12,10,45,Friday,542841.9895,4809873.282,-80.470592,43.440542,Intersection,2,P.D. only,On roadway,Intersection,Daylight,Regional,Sign Control,Functioning,FALSE,FALSE,FALSE,Clear,TRUE,Road 1: CHARLES ST E; Road 2: SYDNEY ST S; Vehicle #1     Make: MERZ     Model: CSP     Colour: WHI     Style: FV; Vehicle #2     Make:      Model:      Colour:      Style:,5/13/2021 11:38:21 AM,542841.9895,4809873.282,Q2,Weekend,FALSE
7052,50533,20122209,6/12/2020 8:30:00 AM,2020,6,12,8,30,Friday,541785.9779,4810602.082,-80.483585,43.447164,Non intersection,1,Non-fatal injury,On roadway,SMV,Daylight,Regional,No control,Unknown,TRUE,FALSE,FALSE,Clear,FALSE,Road 1: 8 CEDAR ST S (50 km/h); Road 2: CEDAR ST S; Distance: 1.0 M E; Vehicle #1     Make:      Model:      Colour:      Style: SUV,5/13/2021 11:40:35 AM,541785.9779,4810602.082,Q2,Weekend,FALSE
7053,50534,20122252,6/12/2020 1:45:00 PM,2020,6,12,13,45,Friday,545079.0505,4813534.269,-80.442646,43.473374,Intersection,2,P.D. only,On roadway,Intersection,Daylight,Municipal,Sign Control,Unknown,FALSE,FALSE,FALSE,Clear,TRUE,Road 1: BINGEMANS CENTRE DR; Road 2: SHIRLEY DR; Vehicle #1     Make: TOYT     Model: URS     Colour: BLK     Style: 4D; Vehicle #2     Make: FORD     Model: COF     Colour: BLK     Style: PK,5/13/2021 11:32:09 AM,545079.0505,4813534.269,Q2,Weekend,FALSE
7054,50535,20123733,6/14/2020 12:30:00 PM,2020,6,14,12,30,Sunday,539785.092,4809133.457,-80.508419,43.434049,Intersection,2,Non-reportable,On roadway,Intersection,Daylight,Municipal,Sign Control,Unknown,FALSE,FALSE,FALSE,Clear,TRUE,Road 1: HAHN PL; Road 2: QUEENS BLVD; Vehicle #1     Make: ACUR     Model: TXT     Colour: WHI     Style: 4D; Vehicle #2     Make: BICY     Model: EBIK     Colour: MLT     Style:,5/13/2021 11:32:24 AM,539785.092,4809133.457,Q2,Weekend,FALSE
7055,50536,20123765,6/14/2020 11:00:00 AM,2020,6,14,11,0,Sunday,546335.2209,4804393.622,-80.427891,43.390995,Private Drive,2,P.D. only,On roadway,SMV,Daylight,Municipal,No control,Unknown,FALSE,FALSE,FALSE,Clear,TRUE,Road 1: 200 OLD CARRIAGE DR; Vehicle #1     Make:      Model:      Colour:      Style: ; Vehicle #2     Make: FORD     Model: FS     Colour: RED     Style: 4D,5/13/2021 11:29:24 AM,546335.2209,4804393.622,Q2,Weekend,FALSE
7056,50537,20125046,6/15/2020 10:56:00 AM,2020,6,15,10,56,Monday,541807.5996,4803697.167,-80.483846,43.38499,Non intersection,2,Non-reportable,On roadway,Other,Daylight,Regional,No control,Unknown,FALSE,FALSE,FALSE,Clear,TRUE,Road 1: 50 WOODBINE AVE; Vehicle #1     Make:      Model:      Colour:      Style: ; Vehicle #2     Make: FRHT     Model: CON     Colour: WHI     Style: CT; Vehicle #3     Make:      Model:      Colour:      Style:,5/13/2021 11:37:18 AM,541807.5996,4803697.167,Q2,Working,FALSE
7057,50538,20125067,6/4/2020 8:15:00 AM,2020,6,4,8,15,Thursday,537005.4644,4807580.857,-80.542868,43.420212,Private Drive,2,P.D. only,On roadway,Other,Daylight,Municipal,No control,Unknown,FALSE,FALSE,FALSE,Clear,TRUE,Road 1: BROKEN OAK CRESCENT (IFO 143); Vehicle #1     Make:      Model:      Colour:      Style: ; Vehicle #2     Make: TOYT     Model: CBS     Colour: BLK     Style: 4D,5/13/2021 11:33:36 AM,537005.4644,4807580.857,Q2,Weekend,FALSE
7058,50539,20125071,6/2/2020 2:15:00 PM,2020,6,2,14,15,Tuesday,543948.0256,4809413.485,-80.456961,43.436338,Non intersection,2,Non-reportable,On roadway,Other,Daylight,Regional,No control,Unknown,FALSE,FALSE,FALSE,Clear,TRUE,Road 1: ON-8 RAMP ACCESS; Road 2: KING ST E; Vehicle #1     Make: INFI     Model: GAW     Colour: WHI     Style: 2D; Vehicle #2     Make:      Model:      Colour:      Style:,5/13/2021 11:40:40 AM,543948.0256,4809413.485,Q2,Working,FALSE
7059,50540,20125436,6/16/2020 7:15:00 PM,2020,6,16,19,15,Tuesday,546183.3608,4802616.445,-80.429916,43.375003,Non intersection,2,Non-reportable,On roadway,Intersection,Daylight,Municipal,No control,Unknown,FALSE,FALSE,FALSE,Clear,TRUE,Road 1: 461 THOMAS SLEE DR; Vehicle #1     Make: HOND     Model: CDL     Colour: BLU     Style: 4D; Vehicle #2     Make:      Model:      Colour:      Style:,5/13/2021 11:30:51 AM,546183.3608,4802616.445,Q2,Working,FALSE
7060,50541,20125871,6/17/2020 1:05:00 PM,2020,6,17,13,5,Wednesday,544525.6239,4807806.073,-80.449956,43.421831,Non intersection,2,Non-reportable,On roadway,Intersection,Daylight,Municipal,No control,Unknown,FALSE,FALSE,FALSE,Clear,TRUE,Road 1: 238 TRAINER AVE; Vehicle #1     Make: KIA     Model: SPO     Colour: SIL     Style: TY; Vehicle #2     Make:      Model:      Colour:      Style:,5/13/2021 11:34:48 AM,544525.6239,4807806.073,Q2,Working,FALSE
7061,50542,20126037,6/17/2020 5:14:00 PM,2020,6,17,17,14,Wednesday,540917.9621,4808521.654,-80.494468,43.428479,Private Drive,2,P.D. only,Off roadway,SMV,Daylight,Municipal,No control,Unknown,FALSE,FALSE,FALSE,Clear,FALSE,Road 1: 34 SOUTHMOOR DR (50 km/h); Road 2: SOUTHMOOR DR; Distance: 1.0 M N; Vehicle #1     Make: NISS     Model: ABS     Colour:      Style: 4D,5/13/2021 11:34:57 AM,540917.9621,4808521.654,Q2,Working,FALSE
7062,50543,20126844,6/18/2020 5:30:00 PM,2020,6,18,17,30,Thursday,542406.3351,4806620.346,-80.476227,43.411277,Intersection,1,Non-fatal injury,On roadway,Intersection,Daylight,Municipal,No control,Functioning,FALSE,FALSE,FALSE,Clear,FALSE,Road 1: STRASBURG RD (50 km/h); Road 2: OLD COUNTRY DR (50 km/h); Vehicle #1     Make: HYUN     Model: TUC     Colour: BLU     Style: TY; Vehicle #2     Make: NISS     Model: PFI     Colour: BLK     Style: TY,5/13/2021 11:30:22 AM,542406.3351,4806620.346,Q2,Weekend,FALSE
7063,50544,20127382,6/19/2020 12:35:00 PM,2020,6,19,12,35,Friday,541141.5675,4806766.493,-80.491837,43.412664,Intersection,2,P.D. only,On roadway,Intersection,Daylight,Municipal,No control,Functioning,FALSE,FALSE,FALSE,Clear,FALSE,Road 1: LAURENTIAN DR (50 km/h); Road 2: BLOCK LINE RD (50 km/h); Vehicle #1     Make: TOYT     Model: TUN     Colour: WHI     Style: PK; Vehicle #2     Make: HOND     Model: CIV     Colour: SIL     Style: 4D,5/13/2021 11:34:03 AM,541141.5675,4806766.493,Q2,Weekend,FALSE
7064,50545,20127666,6/19/2020 7:10:00 PM,2020,6,19,19,10,Friday,542868.6762,4810784.746,-80.47019,43.448747,Intersection,2,P.D. only,On roadway,Intersection,Daylight,Municipal,Sign Control,Unknown,FALSE,FALSE,FALSE,Clear,TRUE,Road 1: STIRLING AVE N; Road 2: EAST AVE; Vehicle #1     Make: HOND     Model: UCD     Colour: SIL     Style: 4D; Vehicle #2     Make:      Model:      Colour:      Style:,5/13/2021 11:32:16 AM,542868.6762,4810784.747,Q2,Weekend,FALSE
7065,50546,20127972,6/20/2020 6:01:00 AM,2020,6,20,6,1,Saturday,541580.5756,4809057.922,-80.486241,43.433272,Non intersection,2,P.D. only,On roadway,SMV,Daylight,Municipal,No control,Unknown,FALSE,FALSE,FALSE,Clear,FALSE,Road 1: 50 KEHL ST (50 km/h); Road 2: KEHL ST; Distance: 1.0 M S; Vehicle #1     Make: HYUN     Model: K1G     Colour: RED     Style: TY; Vehicle #2     Make: FORD     Model: FMS     Colour: GRY     Style: 4D,5/13/2021 11:30:54 AM,541580.5756,4809057.922,Q2,Weekend,FALSE
7066,50547,20128479,6/20/2020 9:06:00 PM,2020,6,20,21,6,Saturday,548146.0026,4811176.39,-80.404936,43.451953,Non intersection,2,P.D. only,On roadway,SMV,Dusk,Other,No control,Unknown,FALSE,FALSE,FALSE,Clear,FALSE,Road 1: 50 WATERVALE DRIVE (50 km/h); Road 2: WATERVALE DRIVE; Distance: 0.0 M N; Vehicle #1     Make: HOND     Model: UCL     Colour: SIL     Style: 4D; Vehicle #2     Make: TOYT     Model: CBL     Colour: GRY     Style: 4D,5/13/2021 11:25:10 AM,548146.0026,4811176.39,Q2,Weekend,FALSE
7067,50548,20128741,6/21/2020 10:00:00 AM,2020,6,21,10,0,Sunday,545007.6964,4808920.662,-80.443909,43.431838,Intersection,2,P.D. only,On roadway,Intersection,Daylight,Municipal,Sign Control,Unknown,FALSE,FALSE,FALSE,Clear,TRUE,Road 1: KINGSWAY DR; Road 2: ST JEROME AVE; Vehicle #1     Make: HOND     Model: AXL     Colour: BLK     Style: 2D; Vehicle #2     Make: DODG     Model: CTX     Colour: ONG     Style: 2D,5/13/2021 11:32:20 AM,545007.6964,4808920.662,Q2,Weekend,FALSE
7068,50549,20130375,6/23/2020 2:45:00 PM,2020,6,23,14,45,Tuesday,544762.1652,4811448.156,-80.446735,43.45461,Intersection,2,Non-reportable,On roadway,Rear end,Daylight,Regional,Signal Control,Functioning,FALSE,FALSE,FALSE,Clear,TRUE,Road 1: RIVER RD E; Road 2: HICKSON DR; Vehicle #1     Make: MITS     Model: RVR     Colour: BLK     Style: TY; Vehicle #2     Make: TOYT     Model: CTR     Colour: GRY     Style: 4B,5/13/2021 11:36:40 AM,544762.1652,4811448.156,Q2,Working,FALSE
7069,50550,20130917,6/24/2020 10:41:00 AM,2020,6,24,10,41,Wednesday,544625.2317,4807878.789,-80.448719,43.422479,Non intersection,2,P.D. only,On roadway,Intersection,Daylight,Municipal,No control,Unknown,FALSE,FALSE,FALSE,Clear,FALSE,Road 1: TRAYNOR AVE (50 km/h); Road 2: WILSON AVE; Distance: 200.0 K S; Vehicle #1     Make:      Model:      Colour:      Style: ; Vehicle #2     Make: HOND     Model: UAX     Colour: WHI     Style: 2D,5/13/2021 11:34:46 AM,544625.2317,4807878.789,Q2,Working,FALSE
7070,50551,20131478,6/25/2020 2:00:00 AM,2020,6,25,2,0,Thursday,541965.37,4815539.99,-80.480987,43.491615,Non intersection,2,Non-reportable,On roadway,SMV,Dark,Municipal,No control,Unknown,FALSE,FALSE,FALSE,Clear,TRUE,Road 1: WOOLWICH ST; Vehicle #1     Make: NISS     Model: MUR     Colour: BLK     Style: TY,5/13/2021 11:28:59 AM,541965.37,4815539.99,Q2,Weekend,FALSE
7071,50552,20131629,6/12/2020 12:30:00 PM,2020,6,12,12,30,Friday,542843.7933,4809873.693,-80.470569,43.440546,Intersection,2,P.D. only,On roadway,Intersection,Daylight,Municipal,Sign Control,Functioning,FALSE,FALSE,FALSE,Clear,TRUE,Road 1: SYDNEY ST S; Road 2: CHARLES ST E; Vehicle #1     Make: CHRY     Model: 2TR     Colour: BLU     Style: 4D; Vehicle #2     Make:      Model:      Colour:      Style:,5/13/2021 11:29:54 AM,542843.7933,4809873.693,Q2,Weekend,FALSE
7072,50553,20132116,6/25/2020 6:35:00 PM,2020,6,25,18,35,Thursday,541232.5763,4810950.717,-80.490397,43.450334,Intersection,1,Non-fatal injury,On roadway,SMV,Daylight,Regional,Signal Control,Functioning,TRUE,FALSE,FALSE,Clear,FALSE,Road 1: KING ST W (50 km/h); Road 2: ONTARIO ST N (50 km/h); Vehicle #1     Make: FORD     Model: EDG     Colour: BLK     Style: TY,5/13/2021 11:38:01 AM,541232.5763,4810950.718,Q2,Weekend,FALSE
7073,50554,20132411,6/26/2020 6:05:00 AM,2020,6,26,6,5,Friday,539112.1435,4811656.257,-80.516553,43.4568,Intersection,2,P.D. only,On roadway,Intersection,Daylight,Municipal,Signal Control,Functioning,FALSE,FALSE,FALSE,Clear,TRUE,Road 1: PARK ST; Road 2: UNION BLVD; Vehicle #1     Make: TOYT     Model: UVS     Colour: BRN     Style: 4D; Vehicle #2     Make: TOYT     Model: YAR     Colour: GRN     Style: 4D,5/13/2021 11:30:41 AM,539112.1435,4811656.257,Q2,Weekend,FALSE
7074,50555,20133321,6/27/2020 9:07:00 AM,2020,6,27,9,7,Saturday,541336.3878,4810894.645,-80.489119,43.449823,Intersection,1,Non-fatal injury,On roadway,Intersection,Daylight,Regional,Signal Control,Functioning,FALSE,TRUE,FALSE,Clear,FALSE,Road 1: QUEEN ST S (50 km/h); Road 2: KING ST E (50 km/h); Vehicle #1     Make: BICY     Model: BICY     Colour:      Style: ; Vehicle #2     Make: HOND     Model: CCL     Colour: GRY     Style: 4D,5/13/2021 11:37:40 AM,541336.3878,4810894.645,Q2,Weekend,FALSE
7075,50556,20134092,6/28/2020 7:26:00 AM,2020,6,28,7,26,Sunday,541455.5418,4808825.56,-80.487803,43.431186,Non intersection,2,P.D. only,Off roadway,SMV,Daylight,Regional,No control,Unknown,FALSE,FALSE,FALSE,Clear,FALSE,Road 1: 468 HIGHLAND RD E (50 km/h); Road 2: HIGHLAND RD E; Distance: 10.0 M S; Charged Driver #1 on page 1: HTA 32SUBSEC (NA) (NA); Vehicle #1     Make: FORD     Model: SPE     Colour: BLK     Style: TY,8/16/2022 2:59:19 PM,541455.5418,4808825.56,Q2,Weekend,FALSE
7076,50557,20135316,6/29/2020 6:00:00 PM,2020,6,29,18,0,Monday,541252.6322,4811808.587,-80.490085,43.458057,Non intersection,2,P.D. only,On roadway,SMV,Daylight,Municipal,No control,Unknown,FALSE,FALSE,FALSE,Clear,TRUE,Road 1: MARGARET AVE; Road 2: BREITHAUPT ST; Vehicle #1     Make:      Model:      Colour:      Style: ; Vehicle #2     Make: HOND     Model: CIV     Colour: GRY     Style: 4D,5/13/2021 11:28:31 AM,541252.6322,4811808.587,Q2,Working,FALSE
7077,50558,20135484,6/30/2020 12:28:00 AM,2020,6,30,0,28,Tuesday,538849.3575,4808110.674,-80.520053,43.424889,Private Drive,2,P.D. only,Off roadway,SMV,Dark,Municipal,No control,Unknown,FALSE,FALSE,FALSE,Clear,FALSE,Road 1: 580 FOREST HILL DR (50 km/h); Road 2: FOREST HILL DR; Distance: 3.0 K S; Vehicle #1     Make: DODG     Model: DAS     Colour: BLK     Style: 4D,5/13/2021 11:31:35 AM,538849.3575,4808110.674,Q2,Working,FALSE
7078,50559,20136775,7/1/2020 1:45:00 PM,2020,7,1,13,45,Wednesday,542243.0777,4811856.929,-80.477839,43.458437,Private Drive,2,Non-reportable,On roadway,SMV,Daylight,Municipal,No control,Unknown,FALSE,FALSE,FALSE,Clear,TRUE,Road 1: 52 FILBERT ST; Vehicle #1     Make: RAM     Model: RPR     Colour: GRY     Style: FV; Vehicle #2     Make: HYUN     Model: SAN     Colour: WHI     Style: TY,5/13/2021 11:28:27 AM,542243.0777,4811856.929,Q3,Working,FALSE
7079,50560,20136840,7/1/2020 3:47:00 PM,2020,7,1,15,47,Wednesday,542159.855,4809172.838,-80.479075,43.434274,Non intersection,2,P.D. only,Off roadway,SMV,Daylight,Regional,No control,Unknown,FALSE,FALSE,FALSE,Clear,FALSE,Road 1: MILL ST (50 km/h); Road 2: OTTAWA ST S; Distance: 40.0 M W; Vehicle #1     Make: NISS     Model: MUR     Colour: WHI     Style: TY,5/13/2021 11:39:16 AM,542159.855,4809172.838,Q3,Working,FALSE
7080,50561,20136931,7/1/2020 5:38:00 PM,2020,7,1,17,38,Wednesday,541485.1955,4808767.083,-80.487441,43.430658,Non intersection,2,P.D. only,On roadway,Other,Daylight,Regional,No control,Unknown,FALSE,FALSE,FALSE,Clear,FALSE,Road 1: HIGHLAND RD E (50 km/h); Road 2: HOFFMAN ST; Distance: 25.0 M W; Vehicle #1     Make: INFI     Model: Q7H     Colour: BLK     Style: 4D; Vehicle #2     Make: VOLK     Model: GLF     Colour: GRN     Style: 4B,5/13/2021 11:39:08 AM,541485.1955,4808767.083,Q3,Working,FALSE
7081,50562,20137620,7/2/2020 1:25:00 PM,2020,7,2,13,25,Thursday,544755.4134,4808022.692,-80.447099,43.423767,Intersection,2,Non-reportable,On roadway,Intersection,Daylight,Regional,Signal Control,Functioning,FALSE,FALSE,FALSE,Clear,TRUE,Road 1: WILSON; Road 2: TRAYNOR; Vehicle #1     Make: NISS     Model: SML     Colour: WHI     Style: 4D; Vehicle #2     Make:      Model:      Colour:      Style:,5/13/2021 11:40:01 AM,544755.4134,4808022.692,Q3,Weekend,FALSE
7082,50563,20138181,7/3/2020 7:30:00 AM,2020,7,3,7,30,Friday,542297.851,4807382.59,-80.477508,43.418147,Private Drive,2,Non-reportable,On roadway,SMV,Daylight,Municipal,No control,Unknown,FALSE,FALSE,FALSE,Clear,TRUE,Road 1: 23 GENEVA CRESCENT; Vehicle #1     Make:      Model:      Colour:      Style: ; Vehicle #2     Make: CHEV     Model: EQU     Colour: BLK     Style: TY,5/13/2021 11:32:34 AM,542297.851,4807382.59,Q3,Weekend,FALSE
7083,50564,20138207,7/3/2020 8:20:00 AM,2020,7,3,8,20,Friday,541309.9577,4808664.861,-80.489614,43.429747,Non intersection,2,P.D. only,On roadway,Intersection,Daylight,Regional,No control,Unknown,FALSE,FALSE,FALSE,Clear,TRUE,Road 1: HOMER WATSON BLVD; Road 2: HOFFMAN ST; Vehicle #1     Make: HOND     Model: CVL     Colour: BLK     Style: 4D; Vehicle #2     Make: TOYT     Model: CBA     Colour: WHI     Style: 4D,5/13/2021 11:39:30 AM,541309.9577,4808664.861,Q3,Weekend,FALSE
7084,50565,20138855,7/3/2020 9:59:00 PM,2020,7,3,21,59,Friday,542501.6443,4810173.715,-80.474774,43.443267,Intersection,1,Non-fatal injury,On roadway,Rear end,Dark,Regional,Sign Control,Unknown,FALSE,FALSE,FALSE,Clear,FALSE,Road 1: KING ST E (50 km/h); Road 2: DANE ST (50 km/h); Vehicle #1     Make: HYUN     Model: C2G     Colour: WHI     Style: 4B; Vehicle #2     Make: HOND     Model: UCL     Colour: GRY     Style: 4D,5/13/2021 11:40:12 AM,542501.6443,4810173.716,Q3,Weekend,FALSE
7085,50566,20139079,7/4/2020 5:52:00 AM,2020,7,4,5,52,Saturday,539368.6155,4809846.853,-80.513513,43.440495,Non intersection,2,P.D. only,On roadway,SMV,Dawn,Regional,No control,Unknown,FALSE,FALSE,FALSE,Clear,FALSE,Road 1: PAULANDER DR (50 km/h); Road 2: LAWRENCE AVE; Distance: 51.0 K W; Vehicle #1     Make:      Model:      Colour:      Style: ; Vehicle #2     Make: HOND     Model: UCL     Colour: WHI     Style: 4D,5/13/2021 11:39:28 AM,539368.6155,4809846.853,Q3,Weekend,FALSE
7086,50567,20139353,7/4/2020 2:56:00 PM,2020,7,4,14,56,Saturday,545383.9282,4807796.134,-80.439354,43.42169,Private Drive,2,P.D. only,On roadway,Intersection,Daylight,Regional,No control,Unknown,FALSE,FALSE,FALSE,Clear,TRUE,Road 1: 2960 KINGSWAY DR (FAIRWAY RD); Vehicle #1     Make: TOYT     Model: RV4     Colour: BLU     Style: TY; Vehicle #2     Make: TOYT     Model: RV4     Colour: GRY     Style: 4W,5/13/2021 11:39:43 AM,545383.9282,4807796.134,Q3,Weekend,FALSE
7087,50568,20141162,7/6/2020 9:24:00 PM,2020,7,6,21,24,Monday,544883.1221,4804851.206,-80.445782,43.395204,Intersection,2,P.D. only,On roadway,Intersection,Dark,Municipal,Signal Control,Functioning,FALSE,FALSE,FALSE,Clear,FALSE,Road 1: DOON VILLAGE RD (50 km/h); Road 2: PIONEER DR (50 km/h); Vehicle #1     Make:      Model:      Colour:      Style: ; Vehicle #2     Make: HYUN     Model: ESM     Colour: BLU     Style: 4D,5/13/2021 11:30:29 AM,544883.1221,4804851.206,Q3,Working,FALSE
7088,50569,20141621,7/7/2020 1:43:00 PM,2020,7,7,13,43,Tuesday,539232.3464,4811447.039,-80.515082,43.45491,Intersection,2,P.D. only,On roadway,Intersection,Daylight,Municipal,Sign Control,Functioning,FALSE,FALSE,FALSE,Clear,FALSE,Road 1: YORK ST (50 km/h); Road 2: MT HOPE ST (50 km/h); Vehicle #1     Make: MAZD     Model: M3I     Colour: BLU     Style: 4D; Vehicle #2     Make: DODG     Model: RPC     Colour: RED     Style: PK,5/13/2021 11:30:34 AM,539232.3464,4811447.039,Q3,Working,FALSE
7089,50570,20141824,7/7/2020 2:00:00 PM,2020,7,7,14,0,Tuesday,546209.1701,4804775.364,-80.429415,43.39444,Private Drive,2,Non-reportable,On roadway,SMV,Daylight,Municipal,No control,Unknown,FALSE,FALSE,FALSE,Clear,TRUE,Road 1: ARROWHEAD CRES (IN FRONT OF THE HOUSE 50); Vehicle #1     Make: TOYT     Model: CUB     Colour: BLK     Style: 4D; Vehicle #2     Make: DODG     Model: CAR     Colour: BLK     Style: VN,5/13/2021 11:33:38 AM,546209.1701,4804775.364,Q3,Working,FALSE