,OBJECTID,ACCIDENTNUM,ACCIDENTDATE,ACCIDENT_YEAR,ACCIDENT_MONTH,ACCIDENT_DAY,ACCIDENT_HOUR,ACCIDENT_MINUTE,Accident_Day,XCOORD,YCOORD,LONGITUDE,LATITUDE,Accident_Location,COLLISIONTYPE,Accident_Type,Impact_Location,Impact_Type,Light,Road_Jurisdication,Traffic_Control,Traffic_Control_Condition,Pedestrian_Involved,Cyclist_Involved,Motorcyclist_Involved,Environment_Condition,Self_Reported,XMLIMPORTNOTES,LASTEDITEDDATE,x,y,Quarter,Day_Type,Vulnerable_Involved
7138,50619,20165963,8/8/2020 1:06:00 PM,2020,8,8,13,6,Saturday,543726.4331,4812024.72,-80.45949,43.459862,Non intersection,2,P.D. only,On roadway,SMV,Daylight,Regional,No control,Unknown,FALSE,FALSE,FALSE,Clear,FALSE,Road 1: 208 RIVER RD E (50 km/h); Road 2: RIVER RD E; Distance: 2.0 K S; Vehicle #1     Make: TOYT     Model: RG4     Colour: WHI     Style: TY; Vehicle #2     Make: CHEV     Model: CZT     Colour: RED     Style: 4D,5/13/2021 11:40:38 AM,543726.4331,4812024.72,Q3,Weekend,FALSE
7139,50620,20167400,8/10/2020 12:45:00 PM,2020,8,10,12,45,Monday,543988.5997,4807776.872,-80.456592,43.421599,Intersection,1,Non-fatal injury,On roadway,Intersection,Daylight,Municipal,No control,Functioning,FALSE,FALSE,FALSE,Clear,TRUE,Road 1: VANIER DR; Road 2: SIEBERT AVE; Vehicle #1     Make: HOND     Model: AST     Colour: BLK     Style: 4D; Vehicle #2     Make: HYUN     Model: SAN     Colour: WHI     Style: TY,5/13/2021 11:30:43 AM,543988.5997,4807776.872,Q3,Working,FALSE
7140,50621,20168257,8/9/2020 12:46:00 AM,2020,8,9,0,46,Sunday,547022.5467,4810472.07,-80.418882,43.445683,Private Drive,2,P.D. only,On roadway,SMV,Dark,Municipal,No control,Unknown,FALSE,FALSE,FALSE,Clear,TRUE,Road 1: ROLLING ACRES DR (IFO 47); Vehicle #1     Make: VOLK     Model: JES     Colour: BLK     Style: 4D; Vehicle #2     Make: MAZD     Model: 3TR     Colour: WHI     Style: 4D,5/13/2021 11:32:40 AM,547022.5467,4810472.07,Q3,Weekend,FALSE
7141,50622,20168370,7/11/2020 6:30:00 AM,2020,7,11,6,30,Saturday,544755.4447,4808023.96,-80.447099,43.423779,Intersection,2,Non-reportable,On roadway,Rear end,Daylight,Municipal,Signal Control,Functioning,FALSE,FALSE,FALSE,Clear,TRUE,Road 1: TRAYNOR AVE; Road 2: WILSON AVE; Vehicle #1     Make: TOYT     Model: MTL     Colour: GRY     Style: 4D; Vehicle #2     Make: NISS     Model: SML     Colour: RED     Style: 4D,5/13/2021 11:33:57 AM,544755.4447,4808023.96,Q3,Weekend,FALSE
7142,50623,20168399,8/11/2020 4:30:00 PM,2020,8,11,16,30,Tuesday,546355.8805,4809129.625,-80.427234,43.433637,Non intersection,2,P.D. only,On roadway,Intersection,Daylight,Regional,No control,Unknown,FALSE,FALSE,FALSE,Clear,TRUE,Road 1: RIVER RD E; Road 2: FAIRWAY RD N; Vehicle #1     Make: CHEV     Model: CZT     Colour: GRY     Style: 4D; Vehicle #2     Make: TOYT     Model: CBL     Colour: GRY     Style: 4D,5/13/2021 11:40:49 AM,546355.8805,4809129.625,Q3,Working,FALSE
7143,50624,20168410,8/11/2020 4:00:00 PM,2020,8,11,16,0,Tuesday,540966.972,4810535.002,-80.493711,43.446605,Non intersection,2,Non-reportable,On roadway,Rear end,Daylight,Regional,No control,Unknown,FALSE,FALSE,FALSE,Clear,TRUE,Road 1: COURTLAND AVE W; Road 2: JUBILEE DR; Vehicle #1     Make: HOND     Model: CXG     Colour: SIL     Style: 4D; Vehicle #2     Make: NISS     Model: A2S     Colour: WHI     Style: 4D,8/16/2022 2:55:55 PM,540966.972,4810535.002,Q3,Working,FALSE
7144,50625,20168417,8/11/2020 4:58:00 PM,2020,8,11,16,58,Tuesday,542476.5537,4810188.698,-80.475083,43.443403,Non intersection,1,Non-fatal injury,On roadway,Other,Daylight,Municipal,No control,Unknown,FALSE,FALSE,FALSE,Clear,FALSE,Road 1: 880 KING ST E (50 km/h); Road 2: KING ST E; Distance: 5.0 M W; Vehicle #1     Make: HYUN     Model: EST     Colour: SIL     Style: 4D; Vehicle #2     Make: NISS     Model: KIC     Colour: MLT     Style: 4B,5/13/2021 11:27:02 AM,542476.5537,4810188.698,Q3,Working,FALSE
7145,50626,20168742,8/12/2020 3:00:00 AM,2020,8,12,3,0,Wednesday,541809.3171,4810637.705,-80.483293,43.447483,Non intersection,2,P.D. only,Off roadway,SMV,Dark,Municipal,No control,Unknown,FALSE,FALSE,FALSE,Clear,FALSE,Road 1: CEDAR ST N (50 km/h); Road 2: KING ST E; Distance: 20.0 K N; Vehicle #1     Make: VOLK     Model: JSE     Colour: BLK     Style: 4D,5/13/2021 11:33:15 AM,541809.3171,4810637.705,Q3,Working,FALSE
7146,50627,20168954,8/12/2020 12:13:00 PM,2020,8,12,12,13,Wednesday,541366.158,4808654.885,-80.48892,43.429654,Non intersection,1,Non-fatal injury,On roadway,Rear end,Daylight,Regional,No control,Unknown,FALSE,FALSE,FALSE,Clear,FALSE,Road 1: HOFFMAN ST (50 km/h); Road 2: HOMER WATSON BLVD; Distance: 15.0 M N; Vehicle #1     Make: FORD     Model: VAN     Colour: WHI     Style: FV; Vehicle #2     Make: FORD     Model: SPE     Colour: GRY     Style: TY,5/13/2021 11:36:56 AM,541366.158,4808654.885,Q3,Working,FALSE
7147,50628,20169209,8/4/2020 5:10:00 PM,2020,8,4,17,10,Tuesday,540990.5789,4809700.894,-80.493482,43.439093,Non intersection,2,P.D. only,On roadway,Rear end,Daylight,Regional,No control,Unknown,FALSE,FALSE,FALSE,Clear,TRUE,Road 1: 140 HIGHLAND RD E (IN FRONT OF 140); Vehicle #1     Make: CHEV     Model: SNT     Colour: GRY     Style: 4D; Vehicle #2     Make: HOND     Model: UDY     Colour: RED     Style: TY,8/16/2022 2:59:22 PM,540990.5789,4809700.894,Q3,Working,FALSE
7148,50629,20169293,8/8/2020 11:45:00 AM,2020,8,8,11,45,Saturday,539251.9191,4810072.224,-80.514939,43.44253,Non intersection,2,P.D. only,On roadway,Intersection,Daylight,Municipal,No control,Unknown,FALSE,FALSE,FALSE,Clear,TRUE,Road 1: LAWRENCE AVE; Road 2: TALBOT ST; Vehicle #1     Make: FORD     Model: SPE     Colour: WHI     Style: TY; Vehicle #2     Make: TOYT     Model: CEP     Colour: BRN     Style: 4D,5/13/2021 11:32:30 AM,539251.9191,4810072.224,Q3,Weekend,FALSE
7149,50630,20169769,8/12/2020 5:10:00 PM,2020,8,12,17,10,Wednesday,545240.1392,4803118.293,-80.441517,43.379579,Non intersection,2,P.D. only,On roadway,SMV,Daylight,Municipal,No control,Unknown,FALSE,FALSE,FALSE,Clear,TRUE,Road 1: FOREST CREEK DR; Road 2: DOON CREEK ST; Vehicle #1     Make:      Model:      Colour:      Style: ; Vehicle #2     Make: HOND     Model: FKG     Colour: GRY     Style: 4B,5/13/2021 11:32:38 AM,545240.1392,4803118.293,Q3,Working,FALSE
7150,50631,20170152,8/13/2020 11:33:00 PM,2020,8,13,23,33,Thursday,539866.8778,4809174.559,-80.507406,43.434415,Non intersection,1,Non-fatal injury,Off roadway,SMV,Dark,Municipal,No control,Unknown,FALSE,FALSE,FALSE,Clear,FALSE,Road 1: QUEENS BLVD (50 km/h); Road 2: HAHN PL; Distance: 3.0 K E; Vehicle #1     Make: KIA     Model: SOR     Colour: BLK     Style: TY,5/13/2021 11:27:04 AM,539866.8778,4809174.559,Q3,Weekend,FALSE
7151,50632,20170976,8/14/2020 11:07:00 PM,2020,8,14,23,7,Friday,542633.7194,4805359.727,-80.473517,43.399914,Intersection,1,Non-fatal injury,On roadway,Intersection,Dark,Regional,Sign Control,Functioning,FALSE,FALSE,FALSE,Clear,FALSE,Road 1: TRILLIUM DR (50 km/h); Road 2: MCBRINE DR (50 km/h); Vehicle #1     Make: NISS     Model: SML     Colour: BLK     Style: 4D; Vehicle #2     Make: DODG     Model: CXA     Colour: GRY     Style: 4D,5/13/2021 11:40:10 AM,542633.7194,4805359.727,Q3,Weekend,FALSE
7152,50633,20172019,8/16/2020 11:15:00 AM,2020,8,16,11,15,Sunday,540275.617,4809958.696,-80.502297,43.441453,Private Drive,2,P.D. only,Off roadway,SMV,Daylight,Municipal,No control,Unknown,FALSE,FALSE,FALSE,Other,FALSE,Road 1: WEST AVE (50 km/h); Road 2: HIGHLAND RD W; Distance: 30.0 M N; Vehicle #1     Make: TOYT     Model: AXP     Colour: RED     Style: 4D; Vehicle #2     Make: LNDR     Model: LR2     Colour: BLK     Style: TY; Vehicle #3     Make: GMC     Model: SIE ,5/13/2021 11:27:09 AM,540275.617,4809958.696,Q3,Weekend,FALSE
7153,50634,20172347,8/16/2020 5:00:00 PM,2020,8,16,17,0,Sunday,540120.3023,4806759.786,-80.504452,43.412659,Private Drive,2,Non-reportable,On roadway,SMV,Daylight,Regional,No control,Unknown,FALSE,FALSE,FALSE,Clear,TRUE,Road 1: 16 ALBION ST (ON ROAD IN FRONT OF HOUSE); Vehicle #1     Make:      Model:      Colour:      Style: ; Vehicle #2     Make: BUIC     Model: ALX     Colour: GRY     Style: 4D,5/13/2021 11:39:45 AM,540120.3023,4806759.786,Q3,Weekend,FALSE
7154,50635,20172420,8/17/2020 12:14:00 AM,2020,8,17,0,14,Monday,542486.4378,4810552.947,-80.474932,43.446682,Non intersection,2,P.D. only,Off roadway,SMV,Dark,Municipal,No control,Unknown,FALSE,FALSE,FALSE,Clear,FALSE,Road 1: 76 STIRLING AVE N (50 km/h); Road 2: STIRLING AVE N; Distance: 3.0 M W; Vehicle #1     Make: NISS     Model: SL2     Colour: SIL     Style: 4D; Vehicle #2     Make: TOYT     Model: YAR     Colour: BLU     Style: 4B; Vehicle #3     Make: CHEV     M,5/13/2021 11:25:04 AM,542486.4378,4810552.947,Q3,Working,FALSE
7155,50636,20172589,8/17/2020 9:58:00 AM,2020,8,17,9,58,Monday,545491.254,4804591.696,-80.438295,43.39283,Private Drive,1,Non-fatal injury,On roadway,Intersection,Daylight,Municipal,No control,Unknown,FALSE,FALSE,FALSE,Clear,FALSE,Road 1: 15 BECHTEL DR (50 km/h); Road 2: BECHTEL DR; Distance: 0.0 K E; Vehicle #1     Make: HYUN     Model: TUC     Colour: BLK     Style: TY; Vehicle #2     Make: KW     Model: CON     Colour: WHI     Style: CT,5/13/2021 11:35:35 AM,545491.254,4804591.696,Q3,Working,FALSE
7156,50637,20173412,8/18/2020 10:35:00 AM,2020,8,18,10,35,Tuesday,540797.1522,4811364.346,-80.495748,43.454082,Non intersection,2,P.D. only,Off roadway,SMV,Daylight,Regional,No control,Unknown,FALSE,FALSE,FALSE,Clear,FALSE,Road 1: DUKE ST W (50 km/h); Road 2: VICTORIA ST N; Distance: 8.0 K S; Vehicle #1     Make: TOYT     Model: SIE     Colour: GRY     Style: VN,5/13/2021 11:40:42 AM,540797.1521,4811364.346,Q3,Working,FALSE
7157,50638,20173625,8/18/2020 3:01:00 PM,2020,8,18,15,1,Tuesday,542178.0351,4811766.504,-80.478649,43.457626,Intersection,2,P.D. only,On roadway,SMV,Daylight,Regional,Sign Control,Unknown,FALSE,FALSE,FALSE,Clear,FALSE,Road 1: LOCUST ST (50 km/h); Road 2: MANSON ST (50 km/h); Vehicle #1     Make: FORD     Model: TSA     Colour: WHI     Style: 4D; Vehicle #2     Make: PONT     Model: TOR     Colour: GRN     Style: TY,5/13/2021 11:36:27 AM,542178.0351,4811766.504,Q3,Working,FALSE
7158,50639,20173643,8/8/2020 1:30:00 PM,2020,8,8,13,30,Saturday,541098.5512,4809683.02,-80.492149,43.438927,Private Drive,2,P.D. only,On roadway,Intersection,Daylight,Municipal,No control,Unknown,FALSE,FALSE,FALSE,Clear,TRUE,Road 1: 271 SPADINA RD E; Vehicle #1     Make: FORD     Model: COF     Colour: BLU     Style: PK; Vehicle #2     Make: LEXS     Model: LS4     Colour: BRN     Style: 4D,5/13/2021 11:33:18 AM,541098.5512,4809683.02,Q3,Weekend,FALSE
7159,50640,20173704,8/18/2020 4:20:00 PM,2020,8,18,16,20,Tuesday,542343.7611,4811869.91,-80.476593,43.458548,Private Drive,2,P.D. only,Off roadway,SMV,Daylight,Municipal,No control,Unknown,FALSE,FALSE,FALSE,Clear,FALSE,Road 1: DUNHAM AVE (50 km/h); Road 2: MANSION ST (50 km/h); Distance: 20.0 M N; Vehicle #1     Make: TOYT     Model: UCS     Colour: GRY     Style: 4D,5/13/2021 11:28:40 AM,542343.7611,4811869.91,Q3,Working,FALSE
7160,50641,20173719,7/9/2020 8:00:00 AM,2020,7,9,8,0,Thursday,548212.5339,4810486.522,-80.404175,43.445737,Non intersection,2,Non-reportable,On roadway,SMV,Daylight,Municipal,No control,Unknown,FALSE,FALSE,FALSE,Clear,TRUE,Road 1: 130 UPPER MERCER ST; Vehicle #1     Make: HOND     Model: PIL     Colour: GRY     Style: TY; Vehicle #2     Make: ACUR     Model: TXT     Colour: WHI     Style: 4D,5/13/2021 11:31:25 AM,548212.5339,4810486.523,Q3,Weekend,FALSE
7161,50642,20174507,8/19/2020 6:42:00 PM,2020,8,19,18,42,Wednesday,539833.8378,4811252.384,-80.507662,43.453126,Private Drive,1,Non-fatal injury,On roadway,Other,Daylight,Municipal,No control,Unknown,FALSE,TRUE,FALSE,Clear,FALSE,Road 1: GRUHN ST (50 km/h); Road 2: 28 GRUHN ST; Distance: 5.0 K W; Vehicle #1     Make: MAZD     Model: MA5     Colour: WHI     Style: 4B; Vehicle #2     Make: PONT     Model: SPOR     Colour: BLK     Style: EBI,5/13/2021 11:33:29 AM,539833.8378,4811252.384,Q3,Working,FALSE
7162,50643,20174672,8/19/2020 10:50:00 PM,2020,8,19,22,50,Wednesday,543835.0781,4811849.652,-80.458161,43.45828,Private Drive,2,P.D. only,On roadway,Other,Dark,Municipal,No control,Unknown,FALSE,FALSE,FALSE,Clear,FALSE,Road 1: 613 KRUG ST (50 km/h); Road 2: KRUG ST; Distance: 1.0 K W; Vehicle #1     Make: VOLK     Model: GLF     Colour: RED     Style: 4B; Vehicle #2     Make: GMC     Model: ACA     Colour: GRY     Style: TY,5/13/2021 11:34:37 AM,543835.0781,4811849.652,Q3,Working,FALSE
7163,50644,20174942,8/20/2020 9:38:00 AM,2020,8,20,9,38,Thursday,541940.6055,4810611.057,-80.481673,43.447236,Private Drive,2,Non-reportable,On roadway,SMV,Daylight,Municipal,No control,Unknown,FALSE,FALSE,FALSE,Clear,TRUE,Road 1: 18 MADISON AVE N (ON ROADWAY); Vehicle #1     Make:      Model:      Colour:      Style: ; Vehicle #2     Make: SUZI     Model: SXA     Colour: GRY     Style: 4B,5/13/2021 11:33:31 AM,541940.6055,4810611.057,Q3,Weekend,FALSE
7164,50645,20175243,8/20/2020 4:50:00 PM,2020,8,20,16,50,Thursday,537193.1441,4809283.98,-80.540434,43.435538,Intersection,2,Non-reportable,On roadway,Intersection,Daylight,Municipal,Sign Control,Unknown,FALSE,FALSE,FALSE,Clear,TRUE,Road 1: GREENGABLE WAY; Road 2: WESTFOREST TRAIL; Vehicle #1     Make: FORD     Model: SRW     Colour: WHI     Style: PK; Vehicle #2     Make: STRN     Model: VUE     Colour: GRY     Style: TY,5/13/2021 11:33:50 AM,537193.1441,4809283.98,Q3,Weekend,FALSE
7165,50646,20175297,8/20/2020 5:00:00 PM,2020,8,20,17,0,Thursday,541771.7634,4807051.159,-80.484032,43.415192,Private Drive,2,P.D. only,On roadway,SMV,Daylight,Municipal,No control,Unknown,FALSE,FALSE,FALSE,Clear,TRUE,Road 1: 65 BLACKHORNE CRESCENT (IN FRONT OF 65 RESIDENCE ON STREET); Vehicle #1     Make:      Model:      Colour:      Style: ; Vehicle #2     Make: HYUN     Model: ETG     Colour: BLU     Style: 4B,5/13/2021 11:28:46 AM,541771.7634,4807051.159,Q3,Weekend,FALSE
7166,50647,20175452,8/20/2020 10:07:00 PM,2020,8,20,22,7,Thursday,545306.9542,4808451.856,-80.440251,43.427598,Private Drive,2,P.D. only,Off roadway,SMV,Dark,Municipal,No control,Unknown,FALSE,FALSE,FALSE,Clear,FALSE,Road 1: 49 CEDARWOODS CRES (50 km/h); Road 2: CEDARWOODS CRES; Distance: 3.0 K E; Vehicle #1     Make: FORD     Model: TIN     Colour: WHI     Style: 4D; Vehicle #2     Make: VOLK     Model: C2T     Colour: BLK     Style: SW,5/13/2021 11:31:40 AM,545306.9542,4808451.856,Q3,Weekend,FALSE
7167,50648,20175826,8/21/2020 1:00:00 PM,2020,8,21,13,0,Friday,537400.3805,4807445.344,-80.537999,43.418972,Intersection,2,P.D. only,On roadway,Intersection,Daylight,Municipal,Sign Control,Functioning,FALSE,FALSE,FALSE,Clear,TRUE,Road 1: WINDING WAY; Road 2: WESTHEIGHTS DR; Vehicle #1     Make: NISS     Model: MUR     Colour: ONG     Style: TY; Vehicle #2     Make: FORD     Model: FEE     Colour: RED     Style: 4B,5/13/2021 11:32:03 AM,537400.3805,4807445.344,Q3,Weekend,FALSE
7168,50649,20176013,8/21/2020 4:26:00 PM,2020,8,21,16,26,Friday,545004.8784,4804709.899,-80.444291,43.393924,Private Drive,1,Non-fatal injury,On roadway,Intersection,Daylight,Municipal,No control,Unknown,FALSE,FALSE,FALSE,Clear,FALSE,Road 1: DOON VILLAGE RD (50 km/h); Road 2: 737 DOON VILLAGE RD; Distance: 10.0 K E; Vehicle #1     Make: DODG     Model: RPC     Colour: GRY     Style: CW; Vehicle #2     Make: VOLK     Model: JBS     Colour: BLU     Style: 4D,5/13/2021 11:25:08 AM,545004.8784,4804709.899,Q3,Weekend,FALSE
7169,50650,20176221,8/21/2020 9:26:00 PM,2020,8,21,21,26,Friday,541418.4096,4808612.799,-80.488278,43.429273,Intersection,1,Non-fatal injury,On roadway,Other,Dark,Regional,Sign Control,Unknown,TRUE,TRUE,FALSE,Clear,FALSE,Road 1: HOMER WATSON BLVD (60 km/h); Road 2: 7 8 W OFF TO HOMER WATSON BLVD (40 km/h); Vehicle #1     Make:      Model:      Colour:      Style: ; Vehicle #2     Make: BICY     Model: BICY     Colour:      Style: BIC,5/13/2021 11:40:04 AM,541418.4096,4808612.799,Q3,Weekend,FALSE
7170,50651,20176403,8/22/2020 3:20:00 AM,2020,8,22,3,20,Saturday,540673.3809,4809344.158,-80.497428,43.435899,Private Drive,2,P.D. only,On roadway,SMV,Dark,Municipal,No control,Unknown,FALSE,FALSE,FALSE,Clear,TRUE,Road 1: 130 PLEASANT AVE; Vehicle #1     Make: NISS     Model: ROG     Colour: BLU     Style: TY; Vehicle #2     Make: BMW     Model: BX3     Colour: BRZ     Style: 4D,5/13/2021 11:28:19 AM,540673.3809,4809344.158,Q3,Weekend,FALSE
7171,50652,20176709,8/22/2020 3:19:00 PM,2020,8,22,15,19,Saturday,540870.8822,4808249.383,-80.49507,43.42603,Intersection,2,P.D. only,On roadway,SMV,Daylight,Municipal,Sign Control,Functioning,FALSE,FALSE,FALSE,Clear,FALSE,Road 1: AVALON PL (50 km/h); Road 2: STIRLING AVE S (50 km/h); Vehicle #1     Make: DODG     Model: CAR     Colour: RED     Style: VN,5/13/2021 11:30:28 AM,540870.8822,4808249.383,Q3,Weekend,FALSE
7172,50653,20176932,8/22/2020 8:05:00 PM,2020,8,22,20,5,Saturday,543732.5067,4808095.994,-80.45973,43.424488,Intersection,2,P.D. only,Off roadway,SMV,Dusk,Municipal,No control,Functioning,FALSE,FALSE,FALSE,Clear,FALSE,Road 1: SHELLEY DR (50 km/h); Road 2: VANIER DR (50 km/h); Vehicle #1     Make: TOYO     Model: CAM     Colour: BLK     Style: 4D,5/13/2021 11:31:59 AM,543732.5067,4808095.994,Q3,Weekend,FALSE
7173,50654,20177503,8/23/2020 3:53:00 PM,2020,8,23,15,53,Sunday,546048.9112,4804920.456,-80.431382,43.395756,Private Drive,1,Non-fatal injury,Off roadway,Intersection,Daylight,Regional,No control,Unknown,FALSE,TRUE,FALSE,Clear,FALSE,Road 1: 40 PIONEER DR (50 km/h); Road 2: PIONEER DR; Distance: 0.0 K E; Vehicle #1     Make: MAZD     Model: M5T     Colour: WHI     Style: SW; Vehicle #2     Make: BICY     Model: EBIK     Colour:      Style: EBI,5/13/2021 11:38:48 AM,546048.9112,4804920.456,Q3,Weekend,FALSE
7174,50655,20178399,8/24/2020 6:10:00 PM,2020,8,24,18,10,Monday,542318.9421,4803650.98,-80.477537,43.384546,Non intersection,2,P.D. only,Off roadway,SMV,Daylight,Municipal,No control,Unknown,FALSE,FALSE,TRUE,Clear,FALSE,Road 1: HURON RD (60 km/h); Road 2: SPACHMAN ST; Distance: 152.0 M E; Vehicle #1     Make: YAMA     Model: ZFC     Colour: BLU     Style: MS,5/13/2021 11:29:17 AM,542318.9421,4803650.981,Q3,Working,TRUE
7175,50656,20178829,8/25/2020 9:40:00 AM,2020,8,25,9,40,Tuesday,544725.3716,4810051.981,-80.447304,43.442041,Non intersection,2,P.D. only,On roadway,Rear end,Daylight,Regional,No control,Unknown,FALSE,FALSE,FALSE,Clear,TRUE,Road 1: FRANKLIN ST N; Road 2: KENNETH AVE; Vehicle #1     Make: MERZ     Model: MG3     Colour: WHI     Style: TY; Vehicle #2     Make: HYUN     Model: BGS     Colour: RED     Style: 4D,5/13/2021 11:36:58 AM,544725.3716,4810051.981,Q3,Working,FALSE
7176,50657,20179017,8/25/2020 1:54:00 PM,2020,8,25,13,54,Tuesday,545833.08,4802616.681,-80.43424,43.375026,Intersection,2,P.D. only,Off roadway,SMV,Daylight,Municipal,No control,Functioning,FALSE,FALSE,FALSE,Clear,FALSE,Road 1: DOON SOUTH DR (50 km/h); Road 2: THOMAS SLEE DR (50 km/h); Distance: 2.0 M N; Vehicle #1     Make: NEWF     Model: XD4     Colour: WHI     Style: BU; Vehicle #2     Make: TOYT     Model: UXS     Colour: GRY     Style: 4D,5/13/2021 11:29:50 AM,545833.08,4802616.681,Q3,Working,FALSE
7177,50658,20179099,8/25/2020 3:00:00 PM,2020,8,25,15,0,Tuesday,539541.5762,4810099.903,-80.511358,43.442764,Non intersection,2,P.D. only,On roadway,Rear end,Daylight,Regional,No control,Unknown,FALSE,FALSE,FALSE,Clear,TRUE,Road 1: BELMONT AVE W; Road 2: VICTORIA ST S; Vehicle #1     Make: TOYT     Model: RG4     Colour: GRN     Style: TY; Vehicle #2     Make: DODG     Model: CLB     Colour: BGE     Style: 4D,5/13/2021 11:37:31 AM,539541.5762,4810099.903,Q3,Working,FALSE
7178,50659,20179251,8/25/2020 6:26:00 PM,2020,8,25,18,26,Tuesday,541929.7667,4807934.448,-80.482013,43.423136,Intersection,1,Non-fatal injury,On roadway,SMV,Daylight,Municipal,Sign Control,Functioning,TRUE,FALSE,FALSE,Clear,FALSE,Road 1: FLINT DR (50 km/h); Road 2: KINGSWOOD DR (50 km/h); Vehicle #1     Make: CHEV     Model: SNT     Colour: RED     Style: 4B,5/13/2021 11:24:00 AM,541929.7667,4807934.448,Q3,Working,FALSE
7179,50660,20179343,8/25/2020 8:20:00 PM,2020,8,25,20,20,Tuesday,544611.7383,4809093.676,-80.448787,43.433419,Intersection,1,Non-fatal injury,On roadway,SMV,Dusk,Regional,Signal Control,Functioning,TRUE,FALSE,FALSE,Clear,FALSE,Road 1: KINGSWAY DR (50 km/h); Road 2: FRANKLIN ST S (50 km/h); Vehicle #1     Make: HOND     Model: FIS     Colour: BLK     Style: 4B,5/13/2021 11:36:33 AM,544611.7383,4809093.676,Q3,Working,FALSE
7180,50661,20179893,8/25/2020 8:00:00 PM,2020,8,25,20,0,Tuesday,542013.6985,4810719.993,-80.480761,43.448213,Non intersection,2,P.D. only,On roadway,SMV,Dusk,Municipal,No control,Unknown,FALSE,FALSE,FALSE,Clear,TRUE,Road 1: MADISON AVE N; Road 2: DUKE ST E; Vehicle #1     Make: MAZD     Model: X3S     Colour: BLK     Style: SW,5/13/2021 11:25:00 AM,542013.6985,4810719.993,Q3,Working,FALSE
7181,50662,20180513,8/27/2020 11:14:00 AM,2020,8,27,11,14,Thursday,542458.9071,4809932.381,-80.475321,43.441096,Private Drive,2,P.D. only,Off roadway,Intersection,Daylight,Municipal,No control,Unknown,FALSE,FALSE,FALSE,Clear,FALSE,Road 1: 70 BORDEN AVE S (50 km/h); Road 2: BORDEN AVE S; Distance: 3.0 K E; Vehicle #1     Make: TOYT     Model: CIE     Colour: GRY     Style: VN; Vehicle #2     Make:      Model:      Colour:      Style:,5/13/2021 11:31:38 AM,542458.9071,4809932.381,Q3,Weekend,FALSE
7182,50663,20180661,8/27/2020 2:00:00 PM,2020,8,27,14,0,Thursday,545364.377,4811023.504,-80.439327,43.45075,Intersection,1,Non-fatal injury,On roadway,Intersection,Daylight,Municipal,No control,Functioning,FALSE,FALSE,FALSE,Clear,FALSE,Road 1: HOLBORN DR (50 km/h); Road 2: OLD CHICOPEE DR (50 km/h); Vehicle #1     Make: PETE     Model:      Colour:      Style: ; Vehicle #2     Make: FORD     Model: FSE     Colour: BLK     Style: 2D,5/13/2021 11:31:58 AM,545364.377,4811023.504,Q3,Weekend,FALSE
7183,50664,20181279,7/23/2020 5:50:00 PM,2020,7,23,17,50,Thursday,542471.068,4812924.013,-80.474937,43.468032,Intersection,2,P.D. only,On roadway,Intersection,Daylight,Municipal,Sign Control,Functioning,FALSE,FALSE,FALSE,Clear,TRUE,Road 1: SEREDA RD; Road 2: GUELPH ST; Vehicle #1     Make: TOYT     Model: UCS     Colour: BRN     Style: 4D; Vehicle #2     Make: BMW     Model: 20X     Colour: WHI     Style: 4D,5/13/2021 11:25:39 AM,542471.068,4812924.013,Q3,Weekend,FALSE
7184,50665,20181549,8/28/2020 5:49:00 PM,2020,8,28,17,49,Friday,545943.879,4808729.013,-80.432359,43.430055,Non intersection,1,Non-fatal injury,On roadway,Rear end,Daylight,Municipal,No control,Unknown,FALSE,FALSE,FALSE,Clear,FALSE,Road 1: MORGAN AVE (50 km/h); Road 2: FAIRWAY RD N; Distance: 40.0 K W; Vehicle #1     Make: HYUN     Model: SAN     Colour: BLU     Style: TY; Vehicle #2     Make: KIA     Model: SED     Colour: WHI     Style: VN,5/13/2021 11:33:24 AM,545943.879,4808729.013,Q3,Weekend,FALSE
7185,50666,20182433,8/29/2020 9:13:00 PM,2020,8,29,21,13,Saturday,539471.3337,4810343.901,-80.512208,43.444965,Non intersection,2,P.D. only,Off roadway,SMV,Dark,Municipal,No control,Unknown,FALSE,FALSE,FALSE,Clear,FALSE,Road 1: 50 ADELAIDE ST (50 km/h); Road 2: ADELAIDE ST; Distance: 2.0 M W; Vehicle #1     Make: KIA     Model: RBL     Colour: BLK     Style: 4D; Vehicle #2     Make: HOND     Model: CVT     Colour: GRY     Style: 4D,5/13/2021 11:29:12 AM,539471.3337,4810343.901,Q3,Weekend,FALSE