,OBJECTID,ACCIDENTNUM,ACCIDENTDATE,ACCIDENT_YEAR,ACCIDENT_MONTH,ACCIDENT_DAY,ACCIDENT_HOUR,ACCIDENT_MINUTE,Accident_Day,XCOORD,YCOORD,LONGITUDE,LATITUDE,Accident_Location,COLLISIONTYPE,Accident_Type,Impact_Location,Impact_Type,Light,Road_Jurisdication,Traffic_Control,Traffic_Control_Condition,Pedestrian_Involved,Cyclist_Involved,Motorcyclist_Involved,Environment_Condition,Self_Reported,XMLIMPORTNOTES,LASTEDITEDDATE,x,y,Quarter,Day_Type,Vulnerable_Involved
7186,50667,20182733,8/30/2020 8:16:00 PM,2020,8,30,20,16,Sunday,546738.6104,4812239.768,-80.422239,43.461617,Non intersection,2,P.D. only,Off roadway,SMV,Dark,Regional,No control,Unknown,FALSE,FALSE,FALSE,Clear,FALSE,Road 1: OTTERBEIN RD (50 km/h); Road 2: 502 OTTERBEIN RD; Distance: 1.0 K N; Vehicle #1     Make: AUDI     Model: AQ7     Colour: BLK     Style: TY,5/13/2021 11:38:51 AM,546738.6104,4812239.768,Q3,Weekend,FALSE
7187,50668,20183437,8/25/2020 1:45:00 PM,2020,8,25,13,45,Tuesday,541654.4348,4812969.936,-80.485029,43.468491,Non intersection,2,P.D. only,On roadway,SMV,Daylight,Municipal,No control,Unknown,FALSE,FALSE,FALSE,Clear,TRUE,Road 1: ELIZABETH ST; Road 2: LANCASTER ST W; Vehicle #1     Make: DODG     Model: CAR     Colour: WHI     Style: VN; Vehicle #2     Make: TOYT     Model: RV4     Colour: GRY     Style: TY,5/13/2021 11:26:21 AM,541654.4348,4812969.936,Q3,Working,FALSE
7188,50669,20184273,8/19/2020 5:00:00 PM,2020,8,19,17,0,Wednesday,547083.8848,4809837.923,-80.418179,43.439969,Non intersection,2,P.D. only,On roadway,Other,Daylight,Municipal,No control,Unknown,FALSE,FALSE,FALSE,Clear,TRUE,Road 1: 448 BEAUMONT CRESCENT; Vehicle #1     Make: TOYT     Model: SIE     Colour: GRY     Style: VN; Vehicle #2     Make: MAZD     Model: CX5     Colour: RED     Style: TY,5/13/2021 11:28:15 AM,547083.8848,4809837.923,Q3,Working,FALSE
7189,50670,20184344,8/20/2020 9:30:00 AM,2020,8,20,9,30,Thursday,542073.0726,4807174.644,-80.480301,43.416287,Non intersection,2,P.D. only,On roadway,Rear end,Daylight,Regional,No control,Unknown,FALSE,FALSE,FALSE,Clear,TRUE,Road 1: STRASBURG RD; Road 2: BLOCK LINE RD; Vehicle #1     Make: TOYT     Model: TUN     Colour: BLK     Style: CW; Vehicle #2     Make: DODG     Model: DAK     Colour: WHI     Style: PK,5/13/2021 11:40:33 AM,542073.0726,4807174.644,Q3,Weekend,FALSE
7190,50671,20184446,8/3/2020 6:30:00 PM,2020,8,3,18,30,Monday,538149.2677,4809109.108,-80.528632,43.433915,Private Drive,2,P.D. only,On roadway,Other,Daylight,Municipal,No control,Unknown,FALSE,FALSE,FALSE,Clear,TRUE,Road 1: 209 BENESFORT CRESCENT (IFO 209); Vehicle #1     Make: HOND     Model: CRV     Colour: BLK     Style: TY; Vehicle #2     Make: MAZD     Model: M3G     Colour: BLK     Style: 4D,5/13/2021 11:35:05 AM,538149.2677,4809109.108,Q3,Working,FALSE
7191,50672,20184564,9/1/2020 4:05:00 PM,2020,9,1,16,5,Tuesday,542595.1463,4810148.737,-80.47362,43.443036,Non intersection,2,P.D. only,Off roadway,SMV,Daylight,Regional,No control,Unknown,FALSE,FALSE,FALSE,Clear,FALSE,Road 1: BORDEN AVE N (50 km/h); Road 2: KING ST E; Distance: 25.0 K N; Vehicle #1     Make: HYUN     Model: TUC     Colour: BLK     Style: TY,5/13/2021 11:38:53 AM,542595.1463,4810148.737,Q3,Working,FALSE
7192,50673,20185164,9/2/2020 11:36:00 AM,2020,9,2,11,36,Wednesday,541470.482,4808797.881,-80.487621,43.430936,Non intersection,2,P.D. only,On roadway,Rear end,Daylight,Regional,No control,Unknown,FALSE,FALSE,FALSE,Clear,FALSE,Road 1: HIGHLAND RD E (50 km/h); Road 2: HOFFMAN ST (50 km/h); Distance: 60.0 M W; Vehicle #1     Make: NISS     Model: ROG     Colour: WHI     Style: TY; Vehicle #2     Make: GMC     Model: SAV     Colour: BLK     Style: VN,5/13/2021 11:39:10 AM,541470.482,4808797.881,Q3,Working,FALSE
7193,50674,20185396,9/2/2020 4:30:00 PM,2020,9,2,16,30,Wednesday,538139.2447,4810653.789,-80.528648,43.447824,Intersection,2,P.D. only,Off roadway,SMV,Daylight,Municipal,Sign Control,Functioning,FALSE,FALSE,FALSE,Clear,FALSE,Road 1: 66 GLASGOW ST (50 km/h); Road 2: INWOOD DR (50 km/h); Vehicle #1     Make: TOYT     Model: MTL     Colour: SIL     Style: 4D,5/13/2021 11:32:22 AM,538139.2447,4810653.789,Q3,Working,FALSE
7194,50675,20186755,9/4/2020 10:00:00 AM,2020,9,4,10,0,Friday,544806.8323,4811716.555,-80.446161,43.457024,Private Drive,2,P.D. only,On roadway,SMV,Daylight,Municipal,No control,Unknown,FALSE,FALSE,FALSE,Clear,TRUE,Road 1: 42 BETTLEY CRESCENT (IN FRONT OF 42); Vehicle #1     Make: DODG     Model: CVR     Colour: RED     Style: VN; Vehicle #2     Make: FORD     Model: DRW     Colour: WHI     Style: CB,5/13/2021 11:28:48 AM,544806.8323,4811716.555,Q3,Weekend,FALSE
7195,50676,20186923,9/4/2020 1:40:00 PM,2020,9,4,13,40,Friday,541448.4588,4808717.961,-80.487899,43.430218,Non intersection,2,Non-reportable,On roadway,Rear end,Daylight,Regional,No control,Unknown,FALSE,FALSE,FALSE,Clear,TRUE,Road 1: HOFFMAN ST; Road 2: HIGHLAND RD E; Vehicle #1     Make: NISS     Model: ROS     Colour: SIL     Style: 4W; Vehicle #2     Make:      Model:      Colour:      Style:,5/13/2021 11:36:49 AM,541448.4588,4808717.961,Q3,Weekend,FALSE
7196,50677,20187802,9/5/2020 4:43:00 PM,2020,9,5,16,43,Saturday,542253.8872,4807870.412,-80.478014,43.422542,Private Drive,2,P.D. only,Off roadway,SMV,Daylight,Regional,No control,Unknown,FALSE,FALSE,FALSE,Clear,FALSE,Road 1: 190 ALPINE RD (50 km/h); Road 2: ALPINE RD; Distance: 2.0 K W; Vehicle #1     Make: FORD     Model: FST     Colour: BLU     Style: 4W,5/13/2021 11:37:17 AM,542253.8872,4807870.412,Q3,Weekend,FALSE
7197,50678,20188592,9/6/2020 7:13:00 PM,2020,9,6,19,13,Sunday,539616.8711,4811375.299,-80.510335,43.454244,Intersection,2,P.D. only,Off roadway,SMV,Dusk,Regional,Signal Control,Functioning,TRUE,FALSE,FALSE,Clear,FALSE,Road 1: 33 PARK ST (50 km/h); Road 2: GLASGOW ST (50 km/h); Distance: 30.0 M E; Vehicle #1     Make: VOLK     Model: JTD     Colour: BLK     Style: 4D,5/13/2021 11:38:41 AM,539616.8711,4811375.299,Q3,Weekend,FALSE
7198,50679,20190289,9/9/2020 5:45:00 AM,2020,9,9,5,45,Wednesday,538901.2906,4811471.862,-80.519172,43.455151,Intersection,2,P.D. only,On roadway,Intersection,Dark,Municipal,Signal Control,Functioning,FALSE,FALSE,FALSE,Other,TRUE,Road 1: UNION BLVD; Road 2: BELMONT AVE W; Vehicle #1     Make: MITS     Model: LST     Colour: GRY     Style: 4D; Vehicle #2     Make: HOND     Model: CRV     Colour: SIL     Style: TY,5/13/2021 11:27:56 AM,538901.2906,4811471.862,Q3,Working,FALSE
7199,50680,20190358,7/16/2020 12:00:00 PM,2020,7,16,12,0,Thursday,545385.6257,4810183.494,-80.439135,43.443185,Intersection,2,Non-reportable,On roadway,Other,Daylight,Regional,Sign Control,Functioning,FALSE,FALSE,FALSE,Clear,TRUE,Road 1: RIVER RD; Road 2: RENNIE DR; Vehicle #1     Make:      Model:      Colour:      Style: ; Vehicle #2     Make: SUBA     Model: FOR     Colour: GRN     Style: TY,5/13/2021 11:38:44 AM,545385.6257,4810183.494,Q3,Weekend,FALSE
7200,50681,20190379,8/13/2020 6:00:00 AM,2020,8,13,6,0,Thursday,543982.6307,4811335.802,-80.456379,43.453644,Non intersection,2,P.D. only,On roadway,SMV,Dawn,Municipal,No control,Unknown,FALSE,FALSE,FALSE,Clear,TRUE,Road 1: MANCHESTER RD (IFO 268); Vehicle #1     Make:      Model:      Colour:      Style: ; Vehicle #2     Make: NISS     Model: ABS     Colour: SIL     Style: 4D,5/13/2021 11:28:29 AM,543982.6307,4811335.802,Q3,Weekend,FALSE
7201,50682,20190386,8/6/2020 1:40:00 PM,2020,8,6,13,40,Thursday,540968.6001,4810323.633,-80.493707,43.444702,Non intersection,2,P.D. only,On roadway,SMV,Daylight,Municipal,No control,Unknown,FALSE,FALSE,FALSE,Clear,TRUE,Road 1: MITCHELL ST; Road 2: QUEEN ST S; Vehicle #1     Make:      Model:      Colour:      Style: ; Vehicle #2     Make: SUBA     Model: CRO     Colour: BLK     Style: TY,5/13/2021 11:32:43 AM,540968.6001,4810323.633,Q3,Weekend,FALSE
7202,50683,20191437,9/10/2020 3:10:00 PM,2020,9,10,15,10,Thursday,542508.7628,4807146.811,-80.474921,43.416012,Private Drive,2,P.D. only,On roadway,Rear end,Daylight,Municipal,No control,Unknown,FALSE,FALSE,FALSE,Clear,TRUE,Road 1: 54 COUNTRY HILL DR (IN FRONT OF 54 ON ROADWAY); Vehicle #1     Make: PONT     Model: G5C     Colour: BLK     Style: 4D; Vehicle #2     Make: DODG     Model: CAR     Colour: BLK     Style: VN,5/13/2021 11:29:01 AM,542508.7628,4807146.811,Q3,Weekend,FALSE
7203,50684,20191522,9/10/2020 4:45:00 PM,2020,9,10,16,45,Thursday,545096.0984,4807778.593,-80.442911,43.421549,Non intersection,2,Non-reportable,On roadway,Intersection,Daylight,Regional,No control,Unknown,FALSE,FALSE,FALSE,Clear,TRUE,Road 1: WILSON AVE; Road 2: FAIRWAY RD S; Vehicle #1     Make:      Model:      Colour:      Style: ; Vehicle #2     Make: MITS     Model: LST     Colour: RED     Style: 4D,5/13/2021 11:37:00 AM,545096.0984,4807778.593,Q3,Weekend,FALSE
7204,50685,20191541,9/10/2020 5:16:00 PM,2020,9,10,17,16,Thursday,546825.4669,4804106.114,-80.421863,43.388376,Non intersection,1,Non-fatal injury,Off roadway,SMV,Daylight,Municipal,No control,Unknown,FALSE,FALSE,FALSE,Clear,FALSE,Road 1: DOON VILLAGE RD (50 km/h); Road 2: DOON SOUTH DR; Distance: 50.0 M S; Vehicle #1     Make: FORD     Model: COF     Colour: BLU     Style: PK,5/13/2021 11:33:00 AM,546825.4669,4804106.114,Q3,Weekend,FALSE
7205,50686,20192274,9/11/2020 2:00:00 PM,2020,9,11,14,0,Friday,545036.2192,4807867.207,-80.443643,43.422351,Intersection,2,P.D. only,On roadway,Intersection,Daylight,Municipal,Signal Control,Functioning,FALSE,FALSE,FALSE,Clear,TRUE,Road 1: KINGSWAY DR; Road 2: WILSON AVE; Vehicle #1     Make: NISS     Model: NV2     Colour: WHI     Style: FV; Vehicle #2     Make: NISS     Model: KIC     Colour: SIL     Style: 4B,5/13/2021 11:28:02 AM,545036.2192,4807867.207,Q3,Weekend,FALSE
7206,50687,20192365,9/11/2020 5:30:00 PM,2020,9,11,17,30,Friday,540694.6183,4810284.105,-80.497096,43.444361,Non intersection,2,Non-reportable,On roadway,Rear end,Daylight,Regional,No control,Unknown,FALSE,FALSE,FALSE,Clear,TRUE,Road 1: JUBLEE; Road 2: DAVID ST; Vehicle #1     Make: MAZD     Model: M6S     Colour: GRY     Style: 4B; Vehicle #2     Make: HOND     Model: UCL     Colour: BLK     Style: 4D; Vehicle #3     Make: MAZD     Model: MCX     Colour: GRY     Style: TY,5/13/2021 11:37:06 AM,540694.6183,4810284.105,Q3,Weekend,FALSE
7207,50688,20192507,9/11/2020 8:43:00 PM,2020,9,11,20,43,Friday,540977.5549,4805843.311,-80.493932,43.40436,Private Drive,2,P.D. only,On roadway,SMV,Dark,Municipal,No control,Unknown,FALSE,FALSE,FALSE,Clear,FALSE,Road 1: 251 ERINBROOK DR (40 km/h); Road 2: ERINBROOK DR; Distance: 1.0 K S; Vehicle #1     Make: TOYT     Model: CBS     Colour: BLU     Style: 4D; Vehicle #2     Make: JEEP     Model: LIB     Colour: BLU     Style: TY,5/13/2021 11:27:27 AM,540977.5549,4805843.311,Q3,Weekend,FALSE
7208,50689,20194029,9/13/2020 8:30:00 PM,2020,9,13,20,30,Sunday,546581.8589,4808506.074,-80.424496,43.428008,Non intersection,2,P.D. only,On roadway,SMV,Dark,Municipal,No control,Unknown,FALSE,FALSE,FALSE,Clear,FALSE,Road 1: 27 GREENDALE CRESCENT (50 km/h); Road 2: GREENDALE CRES; Distance: 2.0 M S; Vehicle #1     Make: AUDI     Model: AQ7     Colour: GRY     Style: TY; Vehicle #2     Make: CHEV     Model: CZT     Colour: BLU     Style: 4D,5/13/2021 11:29:08 AM,546581.8589,4808506.074,Q3,Weekend,FALSE
7209,50690,20194234,9/13/2020 3:50:00 PM,2020,9,13,15,50,Sunday,542466.6833,4807225.108,-80.475435,43.416719,Non intersection,2,Non-reportable,On roadway,SMV,Daylight,Municipal,No control,Unknown,FALSE,FALSE,FALSE,Clear,TRUE,Road 1: 20 COUNTRY HILL DR; Vehicle #1     Make:      Model:      Colour:      Style: ; Vehicle #2     Make: HOND     Model: FIT     Colour: GRY     Style: 4B,5/13/2021 11:26:30 AM,542466.6833,4807225.108,Q3,Weekend,FALSE
7210,50691,20194570,6/6/2020 4:45:00 PM,2020,6,6,16,45,Saturday,538760.7775,4807793.711,-80.52117,43.42204,Private Drive,2,Non-reportable,On roadway,Other,Daylight,Municipal,No control,Unknown,FALSE,FALSE,FALSE,Clear,TRUE,Road 1: 58 MCGARRY DR; Vehicle #1     Make: FORD     Model: RNG     Colour: GRY     Style: PK; Vehicle #2     Make:      Model:      Colour:      Style:,5/13/2021 11:34:59 AM,538760.7775,4807793.711,Q2,Weekend,FALSE
7211,50692,20194578,6/4/2020 3:00:00 PM,2020,6,4,15,0,Thursday,546651.9786,4803465.054,-80.42406,43.382615,Non intersection,2,Non-reportable,On roadway,SMV,Daylight,Regional,No control,Unknown,FALSE,FALSE,FALSE,Clear,TRUE,Road 1: 63 WINDING WOOD CRESCENT; Vehicle #1     Make:      Model:      Colour:      Style: ; Vehicle #2     Make: HOND     Model: CCL     Colour: WHI     Style: 4D,5/13/2021 11:40:56 AM,546651.9786,4803465.054,Q2,Weekend,FALSE
7212,50693,20194813,9/14/2020 6:35:00 PM,2020,9,14,18,35,Monday,539724.9673,4808380.211,-80.509217,43.42727,Private Drive,2,Non-reportable,Off roadway,SMV,Daylight,Municipal,No control,Unknown,FALSE,FALSE,FALSE,Clear,TRUE,Road 1: 335 GREENBROOK DR (IFO 335); Vehicle #1     Make: VOLK     Model: C2T     Colour: SIL     Style: 4D; Vehicle #2     Make: GMC     Model: SON     Colour: BLK     Style: PK,5/13/2021 11:26:54 AM,539724.9673,4808380.211,Q3,Working,FALSE
7213,50694,20195271,9/15/2020 1:18:00 PM,2020,9,15,13,18,Tuesday,536923.5562,4808688.623,-80.543805,43.43019,Private Drive,2,P.D. only,Off roadway,SMV,Daylight,Municipal,No control,Unknown,FALSE,FALSE,FALSE,Clear,FALSE,Road 1: 407 WESTFOREST TRAIL (50 km/h); Road 2: WESTFOREST TRAIL; Distance: 0.0 M S; Vehicle #1     Make: CADI     Model: CT     Colour: BLK     Style: 4D; Vehicle #2     Make: DODG     Model: CAR     Colour: RED     Style: VN,5/13/2021 11:25:02 AM,536923.5562,4808688.623,Q3,Working,FALSE
7214,50695,20195285,6/12/2020 6:15:00 PM,2020,6,12,18,15,Friday,545856.0976,4804741.294,-80.433778,43.394155,Intersection,2,Non-reportable,On roadway,Rear end,Daylight,Municipal,Sign Control,Functioning,FALSE,FALSE,FALSE,Clear,TRUE,Road 1: OLD CARRIAGE DR; Road 2: PIONEER DR; Vehicle #1     Make: NISS     Model: ROG     Colour: WHI     Style: TY; Vehicle #2     Make: DODG     Model: CAR     Colour: WHI     Style: VN,5/13/2021 11:33:47 AM,545856.0976,4804741.295,Q2,Weekend,FALSE
7215,50696,20195320,6/14/2020 1:00:00 PM,2020,6,14,13,0,Sunday,541500.0571,4811995.438,-80.487012,43.459726,Intersection,2,Non-reportable,On roadway,Intersection,Daylight,Municipal,Sign Control,Functioning,FALSE,FALSE,FALSE,Clear,TRUE,Road 1: ST LEGER ST; Road 2: WELLINGTON ST N; Vehicle #1     Make: HOND     Model: UAX     Colour: BLU     Style: 4D; Vehicle #2     Make: HYUN     Model: ESM     Colour: BLU     Style: 4D,5/13/2021 11:28:09 AM,541500.0571,4811995.438,Q2,Weekend,FALSE
7216,50697,20195324,6/9/2020 6:55:00 AM,2020,6,9,6,55,Tuesday,543843.2323,4805166.233,-80.458597,43.398102,Non intersection,2,Non-reportable,On roadway,Intersection,Daylight,Regional,No control,Unknown,FALSE,FALSE,FALSE,Clear,TRUE,Road 1: TRILLIUM DR; Road 2: HURON RD; Vehicle #1     Make: HYUN     Model: ESS     Colour: GRY     Style: 4D; Vehicle #2     Make: HOND     Model: AST     Colour: BLK     Style: 4D,5/13/2021 11:37:35 AM,543843.2323,4805166.233,Q2,Working,FALSE
7217,50698,20195570,9/15/2020 7:40:00 PM,2020,9,15,19,40,Tuesday,540913.1026,4811835.731,-80.494279,43.45832,Non intersection,2,P.D. only,Off roadway,SMV,Dark,Municipal,No control,Unknown,FALSE,FALSE,FALSE,Clear,FALSE,Road 1: 231 LOUISA ST (50 km/h); Road 2: LOUISA ST; Distance: 5.0 M W; Vehicle #1     Make: FORD     Model: EDG     Colour: BLU     Style: TY,5/13/2021 11:33:01 AM,540913.1026,4811835.731,Q3,Working,FALSE
7218,50699,20195964,9/16/2020 12:00:00 PM,2020,9,16,12,0,Wednesday,540813.5314,4812091.943,-80.495491,43.460632,Private Drive,2,P.D. only,On roadway,SMV,Daylight,Municipal,No control,Unknown,FALSE,FALSE,FALSE,Clear,TRUE,Road 1: AHRENS ST W (IFO 208); Road 2: BLUCHER ST; Distance: 40.0 M S; Vehicle #1     Make: HYUN     Model: ESM     Colour: BLU     Style: 4D; Vehicle #2     Make: TOYT     Model: CBS     Colour: BLK     Style: 4D,5/13/2021 11:26:31 AM,540813.5314,4812091.943,Q3,Working,FALSE
7219,50700,20197038,9/17/2020 5:14:00 PM,2020,9,17,17,14,Thursday,543075.3708,4807397.871,-80.46790296,43.41823996,Intersection,2,P.D. only,Off roadway,SMV,Daylight,Municipal,Sign Control,Functioning,FALSE,FALSE,FALSE,Clear,FALSE,Road 1: BLOCK LINE RD (50 km/h); Road 2: FALLOWFIELD DR (50 km/h); Vehicle #1     Make: FRHT     Model: CSC     Colour: WHI     Style: CT,5/13/2021 11:25:38 AM,543075.3708,4807397.872,Q3,Weekend,FALSE
7220,50701,20197095,9/17/2020 6:00:00 PM,2020,9,17,18,0,Thursday,543070.8579,4805498.257,-80.468108,43.401136,Intersection,2,P.D. only,On roadway,Intersection,Daylight,Municipal,No control,Functioning,FALSE,FALSE,FALSE,Clear,TRUE,Road 1: TRILLIUM DR; Road 2: STRASBURG RD; Vehicle #1     Make: BMW     Model: C3I     Colour: BLK     Style: 4D; Vehicle #2     Make: MERZ     Model: MET     Colour: BLK     Style: VN,5/13/2021 11:25:33 AM,543070.8579,4805498.257,Q3,Weekend,FALSE
7221,50702,20197615,9/18/2020 1:29:00 PM,2020,9,18,13,29,Friday,542570.0248,4805980.778,-80.474256,43.405509,Intersection,2,P.D. only,On roadway,Rear end,Daylight,Municipal,Sign Control,Unknown,FALSE,FALSE,FALSE,Clear,FALSE,Road 1: STRASBURG RD (50 km/h); Road 2: SHOEMAKER ST (50 km/h); Distance: 5.0 M N; Vehicle #1     Make: HYUN     Model: SFT     Colour: GRY     Style: TY; Vehicle #2     Make: ICRP     Model: BUP     Colour: YEL     Style: BU,5/13/2021 11:26:05 AM,542570.0248,4805980.778,Q3,Weekend,FALSE
7222,50703,20197666,6/21/2020 5:00:00 PM,2020,6,21,17,0,Sunday,542447.2867,4807279.796,-80.47567,43.417213,Intersection,2,P.D. only,On roadway,Intersection,Daylight,Regional,Sign Control,Functioning,FALSE,FALSE,FALSE,Clear,TRUE,Road 1: BLOCK LINE RD; Road 2: COUNTRY HILL DR; Vehicle #1     Make: INFI     Model: IFX     Colour: BRN     Style: TY; Vehicle #2     Make: BMW     Model: X12     Colour: GRY     Style: SW,5/13/2021 11:36:12 AM,542447.2867,4807279.796,Q2,Weekend,FALSE
7223,50704,20197667,6/19/2020 7:00:00 PM,2020,6,19,19,0,Friday,542867.0631,4810785.936,-80.47021,43.448758,Intersection,2,Non-reportable,On roadway,Intersection,Daylight,Municipal,Sign Control,Functioning,FALSE,FALSE,FALSE,Clear,TRUE,Road 1: STIRLING AVE N; Road 2: EAST AVE; Vehicle #1     Make: VOLK     Model: JBS     Colour: WHI     Style: 4D; Vehicle #2     Make:      Model:      Colour:      Style:,5/13/2021 11:34:16 AM,542867.0631,4810785.936,Q2,Weekend,FALSE
7224,50705,20197670,6/23/2020 10:30:00 AM,2020,6,23,10,30,Tuesday,541359.4814,4808641.96,-80.489004,43.429538,Intersection,2,Non-reportable,On roadway,Rear end,Daylight,Regional,Signal Control,Functioning,FALSE,FALSE,FALSE,Rain,TRUE,Road 1: HOMER WATSON BLVD; Road 2: HOFFMAN ST; Vehicle #1     Make: TOYT     Model: SIE     Colour: GRY     Style: VN; Vehicle #2     Make: JEEP     Model: PRT     Colour: WHI     Style: TY,5/13/2021 11:38:30 AM,541359.4814,4808641.96,Q2,Working,FALSE
7225,50706,20197690,6/24/2020 2:00:00 PM,2020,6,24,14,0,Wednesday,542314.0619,4811737.64,-80.47697,43.457359,Non intersection,2,P.D. only,Off roadway,SMV,Daylight,Municipal,No control,Unknown,FALSE,FALSE,FALSE,Clear,TRUE,Road 1: 99 FILBERT ST; Vehicle #1     Make:      Model:      Colour:      Style: ; Vehicle #2     Make: TOYT     Model: CTX     Colour: WHI     Style: 4B,5/13/2021 11:28:37 AM,542314.0619,4811737.64,Q2,Working,FALSE
7226,50707,20197798,6/30/2020 3:00:00 PM,2020,6,30,15,0,Tuesday,538944.1497,4807614.608,-80.518918,43.420418,Private Drive,2,P.D. only,On roadway,SMV,Daylight,Municipal,No control,Unknown,FALSE,FALSE,FALSE,Clear,TRUE,Road 1: FOREST GLEN CRESCENT; Road 2: FOREST GLEN CT; Vehicle #1     Make:      Model:      Colour:      Style: ; Vehicle #2     Make: ACUR     Model: TAA     Colour: BLK     Style: 4D,5/13/2021 11:26:34 AM,538944.1497,4807614.608,Q2,Working,FALSE
7227,50708,20197802,6/27/2020 2:30:00 PM,2020,6,27,14,30,Saturday,536995.4746,4808249.347,-80.542946,43.426232,Private Drive,2,P.D. only,On roadway,SMV,Daylight,Municipal,No control,Unknown,FALSE,FALSE,FALSE,Clear,TRUE,Road 1: 472 BANKSIDE DR; Vehicle #1     Make: GMC     Model: SIE     Colour: BRN     Style: PK; Vehicle #2     Make: TOYT     Model: GZG     Colour: RED     Style: TY,5/13/2021 11:26:35 AM,536995.4746,4808249.347,Q2,Weekend,FALSE
7228,50709,20197804,7/1/2020 6:30:00 PM,2020,7,1,18,30,Wednesday,539902.6317,4810673.778,-80.506854,43.447912,Private Drive,2,Non-reportable,On roadway,SMV,Daylight,Municipal,No control,Unknown,FALSE,FALSE,FALSE,Clear,TRUE,Road 1: CHERRY ST; Road 2: PARK ST; Vehicle #1     Make: MNNI     Model: COO     Colour: BLK     Style: 2B; Vehicle #2     Make: HOND     Model: AXL     Colour: BLK     Style: 2D,5/13/2021 11:29:33 AM,539902.6317,4810673.778,Q3,Working,FALSE
7229,50710,20197881,7/5/2020 10:15:00 AM,2020,7,5,10,15,Sunday,541851.5106,4804343.223,-80.483254,43.390805,Private Drive,2,P.D. only,On roadway,SMV,Daylight,Municipal,No control,Unknown,FALSE,FALSE,FALSE,Clear,TRUE,Road 1: 81 SORRENTO ST; Vehicle #1     Make:      Model:      Colour:      Style: ; Vehicle #2     Make: HOND     Model: UAX     Colour: SIL     Style: 4D,5/13/2021 11:26:43 AM,541851.5106,4804343.223,Q3,Weekend,FALSE
7230,50711,20197888,7/4/2020 11:30:00 AM,2020,7,4,11,30,Saturday,536786.2989,4808500.059,-80.545514,43.428499,Non intersection,2,P.D. only,On roadway,SMV,Daylight,Municipal,No control,Unknown,FALSE,FALSE,FALSE,Clear,TRUE,Road 1: 21 WESTMEADOW DR; Vehicle #1     Make: HOND     Model: CRV     Colour: SIL     Style: 4W; Vehicle #2     Make: SUBA     Model: CRO     Colour: BLU     Style: TY,5/13/2021 11:26:45 AM,536786.2989,4808500.059,Q3,Weekend,FALSE
7231,50712,20197896,7/6/2020 12:30:00 PM,2020,7,6,12,30,Monday,542470.6693,4812923.611,-80.474942,43.468028,Intersection,2,P.D. only,On roadway,Intersection,Daylight,Municipal,Sign Control,Unknown,FALSE,FALSE,FALSE,Clear,TRUE,Road 1: GUELPH ST; Road 2: SPRING VALLEY RD; Vehicle #1     Make: HYUN     Model: ASG     Colour: WHI     Style: 4D; Vehicle #2     Make: JEEP     Model: CHK     Colour: BLU     Style: TY,5/13/2021 11:25:42 AM,542470.6693,4812923.611,Q3,Working,FALSE
7232,50713,20197934,7/7/2020 1:15:00 PM,2020,7,7,13,15,Tuesday,541617.0295,4808515.741,-80.485832,43.428388,Intersection,2,P.D. only,On roadway,Rear end,Daylight,Regional,Signal Control,Functioning,FALSE,FALSE,FALSE,Clear,TRUE,Road 1: HOMER WATSON BLVD; Road 2: HWY 7/8 RAMP; Vehicle #1     Make: MERZ     Model: 2C4     Colour: WHI     Style: 4D; Vehicle #2     Make: SUBA     Model: O6L     Colour: BLK     Style: SW,5/13/2021 11:36:02 AM,541617.0295,4808515.741,Q3,Working,FALSE
7233,50714,20198013,9/18/2020 7:01:00 PM,2020,9,18,19,1,Friday,539256.486,4809748.841,-80.514906,43.439618,Non intersection,2,P.D. only,On roadway,SMV,Dusk,Municipal,No control,Unknown,FALSE,FALSE,TRUE,Clear,FALSE,Road 1: 29 PAULANDER DR (50 km/h); Road 2: PAULANDER DR; Distance: 10.0 M N; Vehicle #1     Make: YAMA     Model: -     Colour:      Style: ; Vehicle #2     Make: HOND     Model: CCL     Colour: SIL     Style: 4D,5/13/2021 11:34:39 AM,539256.486,4809748.841,Q3,Weekend,TRUE
7234,50715,20198069,7/9/2020 12:00:00 PM,2020,7,9,12,0,Thursday,542785.8685,4804146.673,-80.471733,43.388983,Intersection,2,P.D. only,On roadway,Intersection,Daylight,Regional,No control,Functioning,FALSE,FALSE,FALSE,Clear,TRUE,Road 1: HURON RD; Road 2: PARKVALE DR; Vehicle #1     Make: SUZI     Model: CXJ     Colour: SIL     Style: 4B; Vehicle #2     Make: KIA     Model: SOU     Colour: SIL     Style: TY,5/13/2021 11:37:42 AM,542785.8685,4804146.673,Q3,Weekend,FALSE