,OBJECTID,ACCIDENTNUM,ACCIDENTDATE,ACCIDENT_YEAR,ACCIDENT_MONTH,ACCIDENT_DAY,ACCIDENT_HOUR,ACCIDENT_MINUTE,Accident_Day,XCOORD,YCOORD,LONGITUDE,LATITUDE,Accident_Location,COLLISIONTYPE,Accident_Type,Impact_Location,Impact_Type,Light,Road_Jurisdication,Traffic_Control,Traffic_Control_Condition,Pedestrian_Involved,Cyclist_Involved,Motorcyclist_Involved,Environment_Condition,Self_Reported,XMLIMPORTNOTES,LASTEDITEDDATE,x,y,Quarter,Day_Type,Vulnerable_Involved
7235,50716,20198640,9/19/2020 4:30:00 PM,2020,9,19,16,30,Saturday,541499.06,4811994.432,-80.487024,43.459716,Intersection,2,P.D. only,On roadway,Rear end,Daylight,Municipal,Sign Control,Functioning,FALSE,FALSE,FALSE,Clear,TRUE,Road 1: WELLINGTON ST N; Road 2: ST LEGER ST; Vehicle #1     Make: BMW     Model: XIT     Colour: GRY     Style: SW; Vehicle #2     Make: NISS     Model: ROG     Colour: BLK     Style: TY,5/13/2021 11:25:44 AM,541499.06,4811994.432,Q3,Weekend,FALSE
7236,50717,20199156,7/31/2020 3:30:00 PM,2020,7,31,15,30,Friday,541155.7855,4809442.439,-80.49146,43.436757,Non intersection,2,P.D. only,On roadway,Rear end,Daylight,Regional,No control,Unknown,FALSE,FALSE,FALSE,Clear,TRUE,Road 1: HIGHLAND RD E; Road 2: STIRLING AVE S; Vehicle #1     Make: FORD     Model: SPE     Colour: BLK     Style: TY; Vehicle #2     Make: VOLK     Model: PASS     Colour:      Style: 4DO,5/13/2021 11:37:02 AM,541155.7855,4809442.439,Q3,Weekend,FALSE
7237,50718,20200265,9/21/2020 9:32:00 PM,2020,9,21,21,32,Monday,539463.6854,4806032.265,-80.512614,43.406143,Non intersection,2,P.D. only,On roadway,SMV,Dark,Regional,No control,Unknown,FALSE,FALSE,FALSE,Clear,FALSE,Road 1: MAX BECKER DR (40 km/h); Road 2: ACTIVA AVE; Distance: 25.0 M S; Vehicle #1     Make: HYUN     Model: SSE     Colour: BLK     Style: 4D; Vehicle #2     Make: FORD     Model: EPR     Colour: BLU     Style: TY; Vehicle #3     Make: FORD     Model: E,5/13/2021 11:40:44 AM,539463.6854,4806032.265,Q3,Working,FALSE
7238,50719,20200390,9/22/2020 6:45:00 AM,2020,9,22,6,45,Tuesday,541637.7321,4805541.381,-80.485803,43.401605,Intersection,1,Non-fatal injury,On roadway,SMV,Dawn,Regional,Sign Control,Unknown,TRUE,FALSE,FALSE,Clear,FALSE,Road 1: TRILLIUM DR (50 km/h); Road 2: WASHBURN DR (50 km/h); Vehicle #1     Make: CHEV     Model: SIL     Colour: WHI     Style: PK,5/13/2021 11:37:54 AM,541637.7321,4805541.381,Q3,Working,FALSE
7239,50720,20200470,8/26/2020 1:55:00 PM,2020,8,26,13,55,Wednesday,538667.8333,4807745.739,-80.522322,43.421613,Non intersection,2,Non-reportable,On roadway,Rear end,Daylight,Municipal,No control,Unknown,FALSE,FALSE,FALSE,Clear,TRUE,Road 1: MCGARRY DR; Road 2: FORESTWOOD DR; Vehicle #1     Make:      Model:      Colour:      Style: ; Vehicle #2     Make: BUIC     Model: UCX     Colour: BRN     Style: 4D,5/13/2021 11:35:13 AM,538667.8333,4807745.739,Q3,Working,FALSE
7240,50721,20201113,9/23/2020 6:22:00 AM,2020,9,23,6,22,Wednesday,544560.7152,4813343.697,-80.44907,43.471689,Private Drive,1,Non-fatal injury,On roadway,Intersection,Dark,Regional,No control,Unknown,FALSE,TRUE,FALSE,Clear,FALSE,Road 1: 460 BINGEMANS CENTRE DR (50 km/h); Road 2: BINGEMANS CENTRE DR; Distance: 10.0 K N; Vehicle #1     Make: NISS     Model: ROG     Colour: GRY     Style: 4D; Vehicle #2     Make: BICY     Model: .     Colour:      Style:,5/13/2021 11:37:28 AM,544560.7152,4813343.697,Q3,Working,FALSE
7241,50722,20201160,9/23/2020 8:30:00 AM,2020,9,23,8,30,Wednesday,546062.8767,4809491.491,-80.430824,43.436913,Intersection,2,P.D. only,On roadway,Intersection,Daylight,Regional,Signal Control,Functioning,FALSE,FALSE,FALSE,Clear,TRUE,Road 1: KINZIE AVE; Road 2: RIVER RD E; Vehicle #1     Make: VOLK     Model: CSR     Colour: BRN     Style: 4D; Vehicle #2     Make: NISS     Model: SBL     Colour: BRN     Style: 4D,5/13/2021 11:36:15 AM,546062.8767,4809491.491,Q3,Working,FALSE
7242,50723,20201240,9/23/2020 10:40:00 AM,2020,9,23,10,40,Wednesday,541228.0543,4809296.754,-80.490578,43.435442,Intersection,2,P.D. only,On roadway,Rear end,Daylight,Regional,Sign Control,Unknown,FALSE,FALSE,FALSE,Clear,TRUE,Road 1: HIGHLAND RD E; Road 2: MAUSSER AVE; Vehicle #1     Make: CHEV     Model: ML2     Colour: WHI     Style: 4D; Vehicle #2     Make: HYUN     Model: SAN     Colour: WHI     Style: TY,5/13/2021 11:36:07 AM,541228.0543,4809296.754,Q3,Working,FALSE
7243,50724,20201382,7/14/2020 12:00:00 PM,2020,7,14,12,0,Tuesday,540171.4721,4808228.396,-80.503712,43.425879,Non intersection,2,Non-reportable,On roadway,SMV,Daylight,Municipal,No control,Unknown,FALSE,FALSE,FALSE,Clear,TRUE,Road 1: 149 STONYBROOK DR; Vehicle #1     Make:      Model:      Colour:      Style: ; Vehicle #2     Make: SUBA     Model: GKG     Colour: RED     Style: 4D,5/13/2021 11:29:35 AM,540171.4721,4808228.396,Q3,Working,FALSE
7244,50725,20201383,7/14/2020 7:30:00 PM,2020,7,14,19,30,Tuesday,547281.5319,4811202.226,-80.415618,43.452241,Private Drive,2,P.D. only,On roadway,SMV,Daylight,Municipal,No control,Unknown,FALSE,FALSE,FALSE,Clear,TRUE,Road 1: 935 BRIDGEMILL COURT; Vehicle #1     Make: TOYT     Model: RV4     Colour: BLK     Style: TY; Vehicle #2     Make: DODG     Model: RPC     Colour: BLK     Style: CW,5/13/2021 11:27:24 AM,547281.5319,4811202.226,Q3,Working,FALSE
7245,50726,20201814,9/23/2020 11:14:00 PM,2020,9,23,23,14,Wednesday,545144.2358,4806803.845,-80.442397,43.41277,Private Drive,2,P.D. only,On roadway,Intersection,Dark,Municipal,No control,Unknown,FALSE,FALSE,FALSE,Clear,FALSE,Road 1: 851 WILSON AVE (50 km/h); Road 2: WILSON AVE; Distance: 2.0 K N; Vehicle #1     Make: MAZD     Model: TRI     Colour: WHI     Style: TY; Vehicle #2     Make: PONT     Model: WLT     Colour: BLK     Style: 4D,5/13/2021 11:28:51 AM,545144.2358,4806803.845,Q3,Working,FALSE
7246,50727,20201951,7/17/2020 11:00:00 AM,2020,7,17,11,0,Friday,542582.6431,4810126.41,-80.473776,43.442836,Intersection,2,P.D. only,On roadway,Rear end,Daylight,Regional,Signal Control,Functioning,FALSE,FALSE,FALSE,Clear,TRUE,Road 1: KING ST E; Road 2: BORDEN AVE N; Vehicle #1     Make: MERZ     Model: CSP     Colour: WHI     Style: FV; Vehicle #2     Make: VOLV     Model: XC9     Colour: BLK     Style: TY,5/13/2021 11:36:29 AM,542582.6431,4810126.41,Q3,Weekend,FALSE
7247,50728,20201958,7/17/2020 11:30:00 AM,2020,7,17,11,30,Friday,541962.2014,4815618.323,-80.481021,43.49232,Non intersection,2,Non-reportable,On roadway,SMV,Daylight,Municipal,No control,Unknown,FALSE,FALSE,FALSE,Clear,TRUE,Road 1: 239 WOOLWICH ST; Vehicle #1     Make: FORD     Model: COF     Colour: GRY     Style: PK; Vehicle #2     Make: CHEV     Model: SIL     Colour: YEL     Style: PK,5/13/2021 11:30:57 AM,541962.2014,4815618.324,Q3,Weekend,FALSE
7248,50729,20201974,7/19/2020 12:30:00 PM,2020,7,19,12,30,Sunday,544057.4535,4805076.481,-80.455959,43.397281,Intersection,2,P.D. only,On roadway,SMV,Daylight,Municipal,Sign Control,Unknown,FALSE,FALSE,FALSE,Rain,TRUE,Road 1: OLD HURON PL; Road 2: OLD HURON RD; Vehicle #1     Make: VOLK     Model: GLF     Colour: BLK     Style: 4D; Vehicle #2     Make:      Model:      Colour:      Style:,5/13/2021 11:26:00 AM,544057.4535,4805076.481,Q3,Weekend,FALSE
7249,50730,20202104,7/25/2020 8:00:00 PM,2020,7,25,20,0,Saturday,544272.6092,4804825.765,-80.453323,43.395011,Private Drive,2,Non-reportable,On roadway,SMV,Daylight,Municipal,No control,Unknown,FALSE,FALSE,FALSE,Clear,TRUE,Road 1: 108 CARLYLE DR; Vehicle #1     Make:      Model:      Colour:      Style: ; Vehicle #2     Make: CHEV     Model: SIL     Colour: BLK     Style: PK,5/13/2021 11:35:01 AM,544272.6092,4804825.765,Q3,Weekend,FALSE
7250,50731,20202117,7/26/2020 11:00:00 AM,2020,7,26,11,0,Sunday,540800.4568,4808813.942,-80.495898,43.431118,Non intersection,2,P.D. only,On roadway,SMV,Daylight,Regional,No control,Unknown,FALSE,FALSE,FALSE,Clear,TRUE,Road 1: HOMER WATSON BLVD; Road 2: STIRLING AVE S; Vehicle #1     Make: TOYT     Model: SIE     Colour: GRY     Style: VN,5/13/2021 11:37:04 AM,540800.4568,4808813.943,Q3,Weekend,FALSE
7251,50732,20203213,9/25/2020 3:48:00 PM,2020,9,25,15,48,Friday,538524.7517,4807897.411,-80.524079,43.422986,Non intersection,1,Non-fatal injury,Off roadway,SMV,Daylight,Regional,No control,Unknown,FALSE,FALSE,FALSE,Clear,FALSE,Road 1: ELM RIDGE DR (50 km/h); Road 2: SILVER ASPEN CRESCENT; Distance: 80.0 K S; Vehicle #1     Make: NISS     Model: NV2     Colour: WHI     Style: FV,5/13/2021 11:37:21 AM,538524.7517,4807897.411,Q3,Weekend,FALSE
7252,50733,20203725,9/26/2020 6:25:00 AM,2020,9,26,6,25,Saturday,544163.3539,4809837.795,-80.454267,43.440146,Intersection,2,P.D. only,On roadway,SMV,Dark,Regional,Sign Control,Functioning,FALSE,FALSE,FALSE,Clear,FALSE,Road 1: ROSS AVE (50 km/h); Road 2: SHANTZ LN (50 km/h); Distance: 30.0 M W; Vehicle #1     Make:      Model:      Colour:      Style: ; Vehicle #2     Make: VOLK     Model: CLF     Colour: BLK     Style: 4B,5/13/2021 11:36:31 AM,544163.3539,4809837.795,Q3,Weekend,FALSE
7253,50734,20203801,9/25/2020 9:00:00 PM,2020,9,25,21,0,Friday,536416.7035,4808449.3,-80.550083,43.42806,Private Drive,2,P.D. only,On roadway,Intersection,Dark,Municipal,No control,Unknown,FALSE,FALSE,FALSE,Clear,TRUE,Road 1: 108 WESTMEADOW DR; Vehicle #1     Make: HYUN     Model: ESS     Colour: GRY     Style: 4D; Vehicle #2     Make: HOND     Model: CIV     Colour: SIL     Style: 4D,5/13/2021 11:26:38 AM,536416.7035,4808449.3,Q3,Weekend,FALSE
7254,50735,20204553,9/27/2020 1:00:00 AM,2020,9,27,1,0,Sunday,536771.6114,4806609.93,-80.545822,43.411481,Intersection,2,P.D. only,Off roadway,SMV,Dark,Municipal,Sign Control,Unknown,FALSE,FALSE,FALSE,Clear,FALSE,Road 1: YELLOW BIRCH DR (50 km/h); Road 2: FRAN ELLEN CRES (50 km/h); Vehicle #1     Make: DODG     Model: DAK     Colour: BLK     Style: PK,5/13/2021 11:27:49 AM,536771.6114,4806609.93,Q3,Weekend,FALSE
7255,50736,20207386,9/30/2020 5:27:00 PM,2020,9,30,17,27,Wednesday,541684.8433,4814660.877,-80.484524,43.483715,Non intersection,2,P.D. only,Off roadway,SMV,Daylight,Regional,No control,Unknown,FALSE,FALSE,FALSE,Rain,FALSE,Road 1: 39  WOOLWICH ST (50 km/h); Road 2: WOOLWICH ST; Distance: 2.0 M E; Vehicle #1     Make:      Model:      Colour:      Style: ; Vehicle #2     Make: LEXS     Model: RX5     Colour: WHI     Style: TY,5/13/2021 11:36:46 AM,541684.8433,4814660.877,Q3,Working,FALSE
7256,50737,20207392,9/30/2020 5:33:00 PM,2020,9,30,17,33,Wednesday,543931.1397,4809146.971,-80.457192,43.433939,Intersection,2,P.D. only,On roadway,Other,Daylight,Municipal,Sign Control,Unknown,FALSE,TRUE,FALSE,Clear,FALSE,Road 1: ECKERT ST (50 km/h); Road 2: FIRST AVE (50 km/h); Vehicle #1     Make: BICY     Model: .     Colour:      Style: 36; Vehicle #2     Make: NOVA     Model: HEV     Colour: WHI     Style: BU,5/13/2021 11:27:58 AM,543931.1397,4809146.971,Q3,Working,FALSE
7257,50738,20207802,10/1/2020 7:30:00 AM,2020,10,1,7,30,Thursday,538060.3996,4807973.847,-80.52981,43.423698,Private Drive,2,P.D. only,On roadway,Intersection,Daylight,Regional,No control,Unknown,FALSE,FALSE,FALSE,Clear,TRUE,Road 1: 193 WESTHEIGHTS DR; Vehicle #1     Make: HYUN     Model: SFT     Colour: RED     Style: TY; Vehicle #2     Make: HYUN     Model: ESM     Colour: BLK     Style: 4D,5/13/2021 11:51:24 AM,538060.3996,4807973.847,Q4,Weekend,FALSE
7258,50739,20207981,9/30/2020 6:00:00 PM,2020,9,30,18,0,Wednesday,546447.2362,4810180.301,-80.426016,43.443091,Private Drive,2,Non-reportable,On roadway,SMV,Daylight,Municipal,No control,Unknown,FALSE,FALSE,FALSE,Clear,TRUE,Road 1: BRIARMEADOW PLACE (IFO 106); Road 2: DAIMLER DR; Distance: 10.0 M N; Vehicle #1     Make:      Model:      Colour:      Style: ; Vehicle #2     Make: CHEV     Model: COB     Colour: BLK     Style: 4D,5/13/2021 11:29:03 AM,546447.2362,4810180.301,Q3,Working,FALSE
7259,50740,20207998,10/1/2020 11:45:00 AM,2020,10,1,11,45,Thursday,541538.7607,4811905.079,-80.486541,43.45891,Non intersection,2,P.D. only,On roadway,SMV,Daylight,Municipal,No control,Unknown,FALSE,FALSE,FALSE,Clear,TRUE,Road 1: ST LEGER ST (IFO 72); Road 2: BREITHAUPT ST; Distance: 20.0 M W; Vehicle #1     Make: TOYT     Model: SIE     Colour: GRY     Style: VN; Vehicle #2     Make: NISS     Model: A2S     Colour: SIL     Style: 4D,5/13/2021 11:58:29 AM,541538.7606,4811905.079,Q4,Weekend,FALSE
7260,50741,20208671,9/5/2020 3:30:00 PM,2020,9,5,15,30,Saturday,539261.6103,4805632.593,-80.515139,43.402555,Other,2,Non-reportable,Off roadway,SMV,Daylight,Municipal,No control,Unknown,FALSE,FALSE,FALSE,Clear,TRUE,Road 1: 3 HENHOEFFER CRESCENT; Vehicle #1     Make:      Model:      Colour:      Style: ; Vehicle #2     Make: DODG     Model: DAX     Colour: SIL     Style: 4D,5/13/2021 11:35:02 AM,539261.6103,4805632.593,Q3,Weekend,FALSE
7261,50742,20208679,8/28/2020 8:00:00 AM,2020,8,28,8,0,Friday,538497.3811,4808057.621,-80.524405,43.42443,Non intersection,2,Non-reportable,On roadway,SMV,Daylight,Municipal,No control,Unknown,FALSE,FALSE,FALSE,Clear,TRUE,Road 1: 90 HICKORY HEIGHTS CRESCENT; Vehicle #1     Make:      Model:      Colour:      Style: ; Vehicle #2     Make: FORD     Model: COF     Colour: BLK     Style: PK,5/13/2021 11:33:33 AM,538497.3811,4808057.621,Q3,Weekend,FALSE
7262,50743,20208685,10/2/2020 9:15:00 AM,2020,10,2,9,15,Friday,545509.643,4808452.632,-80.437746,43.427593,Private Drive,1,Non-fatal injury,On roadway,Other,Daylight,Regional,No control,Unknown,FALSE,FALSE,FALSE,Clear,FALSE,Road 1: 2960 KINGSWAY DR (50 km/h); Road 2: KINGSWAY DR; Distance: 67.0 M N; Vehicle #1     Make: TOYT     Model: SIE     Colour: GLD     Style: VN; Vehicle #2     Make: DODG     Model: JOU     Colour: WHI     Style: TY,5/13/2021 11:51:10 AM,545509.643,4808452.632,Q4,Weekend,FALSE
7263,50744,20208723,8/22/2020 4:20:00 PM,2020,8,22,16,20,Saturday,539867.4669,4808466.837,-80.50745,43.428043,Private Drive,2,P.D. only,On roadway,Other,Daylight,Regional,No control,Unknown,FALSE,FALSE,FALSE,Clear,TRUE,Road 1: GREENBROOK DR; Road 2: WESTMOUNT RD; Vehicle #1     Make: HOND     Model: UDY     Colour: RED     Style: TY; Vehicle #2     Make: CHEV     Model: SIL     Colour: WHI     Style: PK,5/13/2021 11:37:37 AM,539867.4668,4808466.837,Q3,Weekend,FALSE
7264,50745,20208754,10/2/2020 9:00:00 AM,2020,10,2,9,0,Friday,540038.2806,4806717.943,-80.505468,43.412286,Non intersection,2,Non-reportable,On roadway,SMV,Daylight,Municipal,No control,Unknown,FALSE,FALSE,FALSE,Clear,TRUE,Road 1: 103 DINISON CRESCENT (ON THE ROADWAY); Vehicle #1     Make:      Model:      Colour:      Style: ; Vehicle #2     Make: VOLK     Model: JSA     Colour: WHI     Style: 4D,5/13/2021 11:51:15 AM,540038.2806,4806717.943,Q4,Weekend,FALSE
7265,50746,20208842,11/12/2020 6:40:00 PM,2020,11,12,18,40,Thursday,542582.3709,4810126.165,-80.47378,43.442834,Intersection,2,P.D. only,On roadway,Intersection,Dark,Regional,Signal Control,Functioning,FALSE,FALSE,FALSE,Clear,TRUE,Road 1: KING; Road 2: BORDEN; Vehicle #1     Make:      Model:      Colour:      Style: ; Vehicle #2     Make: SUBA     Model: FOR     Colour: GRN     Style: TY,5/13/2021 11:51:08 AM,542582.3709,4810126.165,Q4,Weekend,FALSE
7266,50747,20209484,10/3/2020 6:52:00 AM,2020,10,3,6,52,Saturday,539316.896,4810615.703,-80.514097,43.44742,Intersection,2,P.D. only,On roadway,Intersection,Dawn,Municipal,Signal Control,Functioning,FALSE,FALSE,FALSE,Clear,FALSE,Road 1: GAGE AVE (50 km/h); Road 2: BELMONT AVE W (50 km/h); Vehicle #1     Make: TOYT     Model: TIM     Colour: RED     Style: 4B; Vehicle #2     Make: HOND     Model: CRV     Colour: BLK     Style: TY,5/13/2021 11:50:35 AM,539316.896,4810615.703,Q4,Weekend,FALSE
7267,50748,20210618,10/3/2020 6:00:00 PM,2020,10,3,18,0,Saturday,544526.1726,4811752.846,-80.449627,43.457367,Non intersection,2,P.D. only,On roadway,SMV,Dusk,Regional,No control,Unknown,FALSE,FALSE,FALSE,Clear,TRUE,Road 1: RIVER RD E; Road 2: LORRAINE AVE; Vehicle #1     Make: HOND     Model: UCL     Colour: WHI     Style: 4D,5/13/2021 11:51:42 AM,544526.1726,4811752.847,Q4,Weekend,FALSE
7268,50749,20210679,10/4/2020 4:58:00 PM,2020,10,4,16,58,Sunday,538918.8068,4807525.297,-80.519237,43.419615,Non intersection,2,P.D. only,Off roadway,SMV,Daylight,Municipal,No control,Unknown,FALSE,FALSE,FALSE,Rain,FALSE,Road 1: FORESTWOOD DR (50 km/h); Road 2: GLEN AVON CRESCENT; Distance: 10.0 K E; Vehicle #1     Make: TOYT     Model: FRS     Colour: BLK     Style: 2D; Vehicle #2     Make: KIA     Model: OEX     Colour: WHI     Style: 4D,5/13/2021 11:51:58 AM,538918.8068,4807525.297,Q4,Weekend,FALSE
7269,50750,20211478,10/5/2020 4:39:00 PM,2020,10,5,16,39,Monday,545137.8755,4806391.02,-80.44251,43.409053,Private Drive,2,P.D. only,On roadway,Rear end,Daylight,Municipal,No control,Unknown,FALSE,FALSE,FALSE,Clear,FALSE,Road 1: 685 WABANAKI DR (50 km/h); Road 2: WABANAKI DR; Distance: 7.0 M E; Vehicle #1     Make: TOYT     Model: CYR     Colour: WHI     Style: 4D; Vehicle #2     Make: HYUN     Model: CTS     Colour: GRY     Style: 2D; Vehicle #3     Make: LEXU     Model:,5/13/2021 11:51:18 AM,545137.8755,4806391.02,Q4,Working,FALSE
7270,50751,20212209,10/6/2020 8:00:00 AM,2020,10,6,8,0,Tuesday,546607.3793,4809861.748,-80.424065,43.440213,Private Drive,2,P.D. only,On roadway,SMV,Daylight,Municipal,No control,Unknown,FALSE,FALSE,FALSE,Clear,TRUE,Road 1: SANDWELL COURT (IFO 18); Vehicle #1     Make: FORD     Model: SRW     Colour: WHI     Style: PK; Vehicle #2     Make: AUDI     Model: 4PP     Colour: BLU     Style: 4D,5/13/2021 11:51:39 AM,546607.3793,4809861.748,Q4,Working,FALSE
7271,50752,20212756,10/7/2020 7:49:00 PM,2020,10,7,19,49,Wednesday,541708.9565,4810677.916,-80.484531,43.447851,Intersection,2,P.D. only,On roadway,SMV,Dark,Regional,Sign Control,Unknown,TRUE,FALSE,FALSE,Clear,FALSE,Road 1: KING ST E (40 km/h); Road 2: EBY ST S (50 km/h); Vehicle #1     Make: HOND     Model: UAX     Colour: BLU     Style: 4D,5/13/2021 11:50:44 AM,541708.9565,4810677.916,Q4,Working,FALSE
7272,50753,20212758,10/7/2020 7:45:00 AM,2020,10,7,7,45,Wednesday,538626.4601,4807726.144,-80.522834,43.421438,Non intersection,2,P.D. only,On roadway,Intersection,Daylight,Municipal,No control,Unknown,FALSE,FALSE,FALSE,Rain,TRUE,Road 1: MCGARRY DR; Road 2: PINEHURST CRES; Distance: 1.0 M W; Vehicle #1     Make:      Model:      Colour:      Style: ; Vehicle #2     Make: TOYT     Model: UCS     Colour: BLU     Style: 4D,5/13/2021 11:51:30 AM,538626.4601,4807726.144,Q4,Working,FALSE
7273,50754,20213571,10/8/2020 6:52:00 AM,2020,10,8,6,52,Thursday,543741.9895,4808124.888,-80.45961,43.424747,Non intersection,1,Non-fatal injury,Off roadway,SMV,Dawn,Regional,No control,Unknown,FALSE,FALSE,FALSE,Clear,FALSE,Road 1: SHELLEY DR (50 km/h); Road 2: VANIER DR; Distance: 30.0 M N; Vehicle #1     Make: JAGU     Model: XTY     Colour: BRN     Style: 4D,5/13/2021 11:58:26 AM,543741.9895,4808124.888,Q4,Weekend,FALSE
7274,50755,20214974,10/9/2020 3:23:00 PM,2020,10,9,15,23,Friday,539869.7412,4810633.705,-80.507264,43.447553,Intersection,2,P.D. only,On roadway,Rear end,Daylight,Municipal,Sign Control,Unknown,FALSE,FALSE,FALSE,Clear,FALSE,Road 1: STRANGE ST (50 km/h); Road 2: CHERRY ST (50 km/h); Vehicle #1     Make: HYUN     Model: TUC     Colour: BLK     Style: TY; Vehicle #2     Make: CHEV     Model: ETV     Colour: YEL     Style: BU,5/13/2021 11:50:37 AM,539869.7412,4810633.705,Q4,Weekend,FALSE
7275,50756,20215526,10/10/2020 2:20:00 AM,2020,10,10,2,20,Saturday,546965.9999,4803234.96,-80.420203,43.380523,Private Drive,1,Non-fatal injury,Off roadway,SMV,Dark,Municipal,No control,Unknown,FALSE,FALSE,FALSE,Clear,FALSE,Road 1: 43 AUTUMN RIDGE TRAIL (50 km/h); Road 2: AUTUMN RIDGE TRAIL; Distance: 2.0 M S; Vehicle #1     Make: MITS     Model: LST     Colour: BLU     Style: 4B,5/13/2021 11:51:12 AM,546965.9999,4803234.96,Q4,Weekend,FALSE
7276,50757,20215620,10/10/2020 8:04:00 AM,2020,10,10,8,4,Saturday,538718.5578,4810186.16,-80.521522,43.443584,Non intersection,2,P.D. only,Off roadway,SMV,Daylight,Municipal,No control,Unknown,FALSE,FALSE,FALSE,Clear,FALSE,Road 1: 180 BRYBECK CRES (50 km/h); Road 2: BRYBECK CRES; Distance: 5.0 M N; Vehicle #1     Make: TOYT     Model: CBA     Colour: GRY     Style: 4D; Vehicle #2     Make: NISS     Model: VSL     Colour: GRY     Style: 4B,5/13/2021 11:51:13 AM,538718.5578,4810186.16,Q4,Weekend,FALSE
7277,50758,20215706,10/10/2020 10:00:00 AM,2020,10,10,10,0,Saturday,538607.5624,4808974.907,-80.522979,43.432683,Private Drive,2,P.D. only,On roadway,SMV,Daylight,Municipal,No control,Unknown,FALSE,FALSE,FALSE,Clear,TRUE,Road 1: 11- 205 HIGHLAND CRESCENT; Vehicle #1     Make: HYUN     Model: TUC     Colour: BLU     Style: TY; Vehicle #2     Make: HOND     Model: UCL     Colour: RED     Style: 4D,4/22/2022 2:26:46 PM,538607.5624,4808974.907,Q4,Weekend,FALSE
7278,50759,20216313,10/10/2020 10:52:00 PM,2020,10,10,22,52,Saturday,542977.2409,4811302.025,-80.468808,43.453399,Non intersection,2,P.D. only,Off roadway,SMV,Dark,Municipal,No control,Unknown,FALSE,FALSE,FALSE,Clear,FALSE,Road 1: 340 DUMFRIES AVE (50 km/h); Road 2: DUMFRIES AVE; Distance: 3.0 K S; Vehicle #1     Make:      Model: -     Colour:      Style:,4/22/2022 2:24:58 PM,542977.2409,4811302.025,Q4,Weekend,FALSE
7279,50760,20218820,10/14/2020 9:00:00 AM,2020,10,14,9,0,Wednesday,540830.2693,4809572.66,-80.495473,43.437948,Non intersection,2,P.D. only,On roadway,SMV,Daylight,Municipal,No control,Unknown,FALSE,FALSE,FALSE,Clear,TRUE,Road 1: GLEN RD; Road 2: ST CLAIR AVE; Vehicle #1     Make:      Model:      Colour:      Style: ; Vehicle #2     Make: DODG     Model: CAR     Colour: BLK     Style: VN,5/13/2021 11:51:43 AM,540830.2693,4809572.66,Q4,Working,FALSE
7280,50761,20219195,10/14/2020 1:00:00 PM,2020,10,14,13,0,Wednesday,545343.6539,4802519.535,-80.440289,43.374181,Private Drive,2,P.D. only,On roadway,SMV,Daylight,Regional,No control,Unknown,FALSE,FALSE,FALSE,Clear,TRUE,Road 1: 16 MEADOWRIDGE ST; Vehicle #1     Make:      Model:      Colour:      Style: ; Vehicle #2     Make: VOLK     Model: GLF     Colour:      Style: 4DO,5/13/2021 11:52:13 AM,545343.6539,4802519.535,Q4,Working,FALSE
7281,50762,20219357,10/14/2020 7:52:00 PM,2020,10,14,19,52,Wednesday,544855.6115,4812437.511,-80.445499,43.463512,Non intersection,2,P.D. only,Off roadway,SMV,Dark,Municipal,No control,Unknown,FALSE,FALSE,FALSE,Clear,FALSE,Road 1: 45 HALIFAX DR (50 km/h); Road 2: HALIFAX DR; Distance: 2.0 M N; Vehicle #1     Make: HYUN     Model: SGL     Colour: SIL     Style: 4D,5/13/2021 11:56:11 AM,544855.6115,4812437.511,Q4,Working,FALSE
7282,50763,20219931,10/15/2020 2:30:00 PM,2020,10,15,14,30,Thursday,545148.5018,4807184.33,-80.442313,43.416195,Non intersection,2,P.D. only,On roadway,Other,Daylight,Regional,No control,Unknown,FALSE,FALSE,FALSE,Rain,TRUE,Road 1: WILSON AVE; Road 2: WEBSTER RD; Vehicle #1     Make: HYUN     Model: EGM     Colour: BLU     Style: 4D; Vehicle #2     Make: MASE     Model: GQ4     Colour: WHI     Style: 4D,5/13/2021 11:58:06 AM,545148.5018,4807184.33,Q4,Weekend,FALSE
7283,50764,20221362,10/17/2020 8:35:00 AM,2020,10,17,8,35,Saturday,541741.0998,4811636.767,-80.48406,43.456483,Non intersection,2,P.D. only,On roadway,SMV,Daylight,Municipal,No control,Unknown,FALSE,FALSE,FALSE,Clear,FALSE,Road 1: ST LEGER ST (50 km/h); Road 2: QUEEN ST N; Distance: 20.0 K W; Charged Driver #1 on page 1: NA NA (NA) (NA); Vehicle #1     Make: TOYT     Model: UCS     Colour: GRY     Style: 4D; Vehicle #2     Make: MERZ     Model: B25     Colour: BLK     Style,4/27/2022 10:39:25 AM,541741.0998,4811636.768,Q4,Weekend,FALSE