,OBJECTID,ACCIDENTNUM,ACCIDENTDATE,ACCIDENT_YEAR,ACCIDENT_MONTH,ACCIDENT_DAY,ACCIDENT_HOUR,ACCIDENT_MINUTE,Accident_Day,XCOORD,YCOORD,LONGITUDE,LATITUDE,Accident_Location,COLLISIONTYPE,Accident_Type,Impact_Location,Impact_Type,Light,Road_Jurisdication,Traffic_Control,Traffic_Control_Condition,Pedestrian_Involved,Cyclist_Involved,Motorcyclist_Involved,Environment_Condition,Self_Reported,XMLIMPORTNOTES,LASTEDITEDDATE,x,y,Quarter,Day_Type,Vulnerable_Involved
7284,50765,20221674,10/17/2020 4:14:00 PM,2020,10,17,16,14,Saturday,544548.7185,4813339.803,-80.449219,43.471655,Non intersection,1,Non-fatal injury,On roadway,Intersection,Daylight,Municipal,No control,Unknown,FALSE,FALSE,FALSE,Clear,FALSE,Road 1: 460 BINGEMANS CENTRE DR (50 km/h); Road 2: BINGEMANS CENTRE DR; Distance: 0.0 K E; Vehicle #1     Make: HOND     Model: PIL     Colour: WHI     Style: TY; Vehicle #2     Make: SUZI     Model: GVT     Colour: RED     Style: TY,5/13/2021 11:51:34 AM,544548.7185,4813339.803,Q4,Weekend,FALSE
7285,50766,20222622,10/18/2020 10:16:00 PM,2020,10,18,22,16,Sunday,539370.8759,4810185.59,-80.513461,43.443545,Non intersection,2,P.D. only,Off roadway,SMV,Dark,Regional,No control,Unknown,FALSE,FALSE,FALSE,Rain,FALSE,Road 1: TALBOT ST (50 km/h); Road 2: BELMONT AVE W; Distance: 100.0 K W; Vehicle #1     Make:      Model:      Colour:      Style: ; Vehicle #2     Make: HOND     Model: CXG     Colour: BLK     Style: 4D,5/13/2021 11:51:57 AM,539370.8759,4810185.59,Q4,Weekend,FALSE
7286,50767,20223878,10/20/2020 4:23:00 PM,2020,10,20,16,23,Tuesday,541915.6961,4813835.691,-80.481733,43.476272,Non intersection,2,P.D. only,On roadway,Rear end,Daylight,Municipal,No control,Unknown,FALSE,FALSE,FALSE,Clear,FALSE,Road 1: SHIRLEY AVE (50 km/h); Road 2: RIVERBEND DR; Distance: 50.0 K E; Vehicle #1     Make: KIA     Model: FLX     Colour: WHI     Style: 4D; Vehicle #2     Make: NISS     Model: ROG     Colour: BLU     Style: TY; Vehicle #3     Make: GMC     Model: TER,5/13/2021 11:28:23 AM,541915.6961,4813835.692,Q4,Working,FALSE
7287,50768,20223928,10/20/2020 5:00:00 PM,2020,10,20,17,0,Tuesday,543529.8571,4805014.014,-80.462479,43.396749,Non intersection,2,P.D. only,On roadway,Intersection,Daylight,Regional,No control,Unknown,FALSE,FALSE,FALSE,Clear,TRUE,Road 1: BATTLER RD; Road 2: HURON RD; Vehicle #1     Make: HOND     Model: UEX     Colour: GRY     Style: 4D; Vehicle #2     Make: CHEV     Model: SIL     Colour: GRY     Style: PK,5/13/2021 11:37:11 AM,543529.8571,4805014.015,Q4,Working,FALSE
7288,50769,20225036,10/22/2020 5:58:00 AM,2020,10,22,5,58,Thursday,545582.8946,4807129.662,-80.436952,43.415677,Intersection,1,Non-fatal injury,On roadway,SMV,Dark,Regional,Sign Control,Unknown,TRUE,FALSE,FALSE,Rain,FALSE,Road 1: GOODRICH DR (50 km/h); Road 2: CHANDARIA PL (50 km/h); Vehicle #1     Make: RAM     Model: RTR     Colour: WHI     Style: CW,5/13/2021 11:36:37 AM,545582.8946,4807129.662,Q4,Weekend,FALSE
7289,50770,20225118,10/22/2020 8:55:00 AM,2020,10,22,8,55,Thursday,538629.3086,4811280.729,-80.522547,43.453444,Intersection,2,P.D. only,On roadway,Rear end,Daylight,Regional,Sign Control,Functioning,FALSE,FALSE,FALSE,Rain,FALSE,Road 1: UNION BLVD (40 km/h); Road 2: DUNBAR RD (40 km/h); Vehicle #1     Make: CHEV     Model: EXP     Colour: YEL     Style: BU; Vehicle #2     Make: TOYT     Model: CEP     Colour: BLK     Style: 4D,5/13/2021 11:36:04 AM,538629.3086,4811280.729,Q4,Weekend,FALSE
7290,50771,20226459,10/23/2020 7:33:00 PM,2020,10,23,19,33,Friday,545364.583,4811022.706,-80.439325,43.450743,Intersection,2,P.D. only,On roadway,Intersection,Dark,Municipal,No control,Functioning,FALSE,FALSE,FALSE,Rain,FALSE,Road 1: OLD CHICOPEE DR (50 km/h); Road 2: HOLBORN DR (50 km/h); Vehicle #1     Make: NISS     Model: XTR     Colour: BGE     Style: 4W; Vehicle #2     Make: TOYT     Model: RV4     Colour: RED     Style: TY,5/13/2021 11:27:51 AM,545364.583,4811022.706,Q4,Weekend,FALSE
7291,50772,20227034,10/24/2020 1:00:00 PM,2020,10,24,13,0,Saturday,539426.6798,4810321.991,-80.512762,43.44477,Intersection,2,P.D. only,On roadway,Other,Daylight,Municipal,Sign Control,Unknown,FALSE,FALSE,FALSE,Clear,TRUE,Road 1: BELMONT AVE W; Road 2: ADELAIDE ST; Vehicle #1     Make: DODG     Model: CAR     Colour: BLK     Style: VN; Vehicle #2     Make: SUBA     Model: FOR     Colour: BLK     Style: TY,5/13/2021 11:25:57 AM,539426.6798,4810321.991,Q4,Weekend,FALSE
7292,50773,20227597,10/25/2020 4:00:00 AM,2020,10,25,4,0,Sunday,537281.4834,4807521.981,-80.539463,43.419668,Non intersection,2,P.D. only,Off roadway,SMV,Dark,Municipal,No control,Unknown,FALSE,FALSE,FALSE,Clear,FALSE,Road 1: WESTHEIGHTS DR (40 km/h); Road 2: LORILEE CRESCENT; Distance: 500.0 K W; Vehicle #1     Make:      Model:      Colour:      Style: ; Vehicle #2     Make: NISS     Model: QST     Colour: SIL     Style: VN,5/13/2021 11:28:22 AM,537281.4834,4807521.981,Q4,Weekend,FALSE
7293,50774,20228710,10/26/2020 2:50:00 PM,2020,10,26,14,50,Monday,541797.3656,4810623.233,-80.483442,43.447354,Intersection,1,Non-fatal injury,On roadway,Intersection,Daylight,Municipal,Signal Control,Functioning,FALSE,FALSE,FALSE,Clear,FALSE,Road 1: CEDAR ST N (50 km/h); Road 2: KING ST E (40 km/h); Vehicle #1     Make: KIA     Model: SOR     Colour: GRY     Style: TY; Vehicle #2     Make: DODG     Model: JOU     Colour: GRY     Style: TY,5/13/2021 11:25:50 AM,541797.3656,4810623.233,Q4,Working,FALSE
7294,50775,20228735,10/26/2020 4:29:00 PM,2020,10,26,16,29,Monday,540894.8331,4811104.823,-80.49456,43.45174,Intersection,2,P.D. only,On roadway,Rear end,Daylight,Regional,Signal Control,Functioning,FALSE,FALSE,FALSE,Clear,FALSE,Road 1: KING ST W (50 km/h); Road 2: WATER ST N (50 km/h); Vehicle #1     Make: CHEV     Model: TRX     Colour: WHI     Style: TY; Vehicle #2     Make: FORD     Model: COF     Colour: BLU     Style: PK,5/13/2021 11:38:09 AM,540894.8331,4811104.823,Q4,Working,FALSE
7295,50776,20228790,10/26/2020 5:36:00 PM,2020,10,26,17,36,Monday,542501.3902,4806640.553,-80.475052,43.411454,Non intersection,1,Non-fatal injury,On roadway,Rear end,Daylight,Municipal,No control,Unknown,FALSE,FALSE,FALSE,Clear,FALSE,Road 1: OLD COUNTRY DR (50 km/h); Road 2: STRASBURG RD (50 km/h); Distance: 100.0 M E; Vehicle #1     Make: FORD     Model: FE     Colour: BLK     Style: 4D; Vehicle #2     Make: RAM     Model: RTR     Colour: BRN     Style: PK,5/13/2021 11:26:50 AM,542501.3902,4806640.553,Q4,Working,FALSE
7296,50777,20229679,10/27/2020 4:15:00 PM,2020,10,27,16,15,Tuesday,542405.8171,4806620.275,-80.476234,43.411277,Intersection,2,P.D. only,On roadway,Rear end,Daylight,Regional,No control,Unknown,FALSE,FALSE,FALSE,Rain,TRUE,Road 1: STRASBURG RD; Road 2: OLD COUNTRY DR; Vehicle #1     Make: HOND     Model: UCL     Colour: WHI     Style: 4D; Vehicle #2     Make: HOND     Model: UAX     Colour: BLU     Style: 4D,5/13/2021 11:35:58 AM,542405.8171,4806620.275,Q4,Working,FALSE
7297,50778,20230241,10/28/2020 11:45:00 AM,2020,10,28,11,45,Wednesday,542844.2049,4809872.096,-80.470564,43.440531,Intersection,2,P.D. only,On roadway,Intersection,Daylight,Regional,Sign Control,Functioning,FALSE,FALSE,FALSE,Clear,TRUE,Road 1: SYDNEY ST S; Road 2: CHARLES ST E; Vehicle #1     Make: MAZD     Model: CX5     Colour: GRY     Style: TY; Vehicle #2     Make: KIA     Model: FEX     Colour: BRZ     Style: 4D,5/13/2021 11:36:23 AM,542844.2049,4809872.096,Q4,Working,FALSE
7298,50779,20230865,10/29/2020 5:05:00 AM,2020,10,29,5,5,Thursday,538348.4835,4805470.638,-80.526426,43.401144,Private Drive,2,P.D. only,On roadway,SMV,Dark,Municipal,No control,Unknown,FALSE,FALSE,FALSE,Clear,TRUE,Road 1: GRAVEL RIDGE TRAIL (IFO 259); Vehicle #1     Make: ACUR     Model: CPN     Colour: GRY     Style: 4D; Vehicle #2     Make: HOND     Model: CVL     Colour: BLK     Style: 2D,5/13/2021 11:27:15 AM,538348.4835,4805470.638,Q4,Weekend,FALSE
7299,50780,20230912,9/25/2020 8:00:00 PM,2020,9,25,20,0,Friday,541388.7089,4808687.947,-80.488639,43.429951,Non intersection,2,Non-reportable,On roadway,Rear end,Dusk,Regional,No control,Unknown,FALSE,FALSE,FALSE,Clear,TRUE,Road 1: HOFFMAN ST; Road 2: HOMER WATSON BLVD; Vehicle #1     Make: FORD     Model: RNG     Colour: BLU     Style: PK; Vehicle #2     Make: KIA     Model: FSX     Colour: SIL     Style: 4D,5/13/2021 11:36:51 AM,541388.7089,4808687.947,Q3,Weekend,FALSE
7300,50781,20230917,9/20/2020 8:30:00 PM,2020,9,20,20,30,Sunday,542699.5624,4816100.325,-80.471864,43.496618,Private Drive,2,P.D. only,On roadway,SMV,Dark,Municipal,No control,Unknown,FALSE,FALSE,FALSE,Clear,TRUE,Road 1: KESTREL ST (IFO 102); Road 2: EAGLECREST ST; Distance: 20.0 M S; Vehicle #1     Make: BMW     Model: 328I     Colour:      Style: 4D; Vehicle #2     Make: KIA     Model: SOR     Colour: BLK     Style: TY,5/13/2021 11:27:05 AM,542699.5624,4816100.325,Q3,Weekend,FALSE
7301,50782,20231514,10/10/2020 5:00:00 PM,2020,10,10,17,0,Saturday,543431.6596,4812327.154,-80.46311,43.462603,Non intersection,2,P.D. only,On roadway,SMV,Daylight,Regional,No control,Unknown,FALSE,FALSE,FALSE,Clear,TRUE,Road 1: EPHRAIM ST; Road 2: RIVER RD E; Vehicle #1     Make: MAZD     Model: CX9     Colour: WHI     Style: TY; Vehicle #2     Make: FORD     Model: FPA     Colour: BLK     Style: 4D,5/13/2021 11:58:37 AM,543431.6596,4812327.154,Q4,Weekend,FALSE
7302,50783,20231538,10/7/2020 4:00:00 PM,2020,10,7,16,0,Wednesday,536795.4055,4808907.826,-80.545374,43.43217,Non intersection,2,P.D. only,On roadway,SMV,Daylight,Municipal,No control,Unknown,FALSE,FALSE,FALSE,Rain,TRUE,Road 1: WESTFOREST TRAIL; Road 2: WOOD HURST CT; Distance: 1.0 M N; Vehicle #1     Make:      Model:      Colour:      Style: ; Vehicle #2     Make: TOYT     Model: TIM     Colour: RED     Style: 4B,5/13/2021 11:58:09 AM,536795.4055,4808907.826,Q4,Working,FALSE
7303,50784,20231875,10/30/2020 9:03:00 AM,2020,10,30,9,3,Friday,545391.2373,4809332.35,-80.439136,43.435521,Other,2,P.D. only,On roadway,SMV,Daylight,Municipal,No control,Unknown,FALSE,FALSE,FALSE,Clear,FALSE,Road 1: FERGUS AVE (50 km/h); Road 2: CLOVER PL; Distance: 1.0 M S; Vehicle #1     Make: HOND     Model: CRV     Colour: GRY     Style: TY; Vehicle #2     Make: HYUN     Model: ESM     Colour: WHI     Style: 4D; Vehicle #3     Make: KIA     Model: OLX    ,5/13/2021 11:28:42 AM,545391.2373,4809332.35,Q4,Weekend,FALSE
7304,50785,20232215,10/30/2020 4:11:00 PM,2020,10,30,16,11,Friday,543988.6103,4807776.912,-80.456592,43.4216,Intersection,1,Non-fatal injury,On roadway,Intersection,Daylight,Regional,No control,Functioning,FALSE,FALSE,FALSE,Clear,FALSE,Road 1: VANIER DR (50 km/h); Road 2: SIEBERT AVE (50 km/h); Vehicle #1     Make: NISS     Model: PFI     Colour: WHI     Style: TY; Vehicle #2     Make: TOYT     Model: MTL     Colour: RED     Style: 4D,5/13/2021 11:36:35 AM,543988.6103,4807776.912,Q4,Weekend,FALSE
7305,50786,20232380,10/5/2020 10:22:00 AM,2020,10,5,10,22,Monday,540547.7204,4810791.853,-80.498873,43.448941,Non intersection,2,Non-reportable,On roadway,SMV,Daylight,Municipal,No control,Unknown,FALSE,TRUE,FALSE,Clear,TRUE,Road 1: LINDEN AVE; Road 2: OAT ST; Distance: 20.0 M S; Vehicle #1     Make:      Model:      Colour:      Style: ; Vehicle #2     Make: SUBA     Model: 30R     Colour: SIL     Style: SW,5/13/2021 11:52:06 AM,540547.7204,4810791.853,Q4,Working,FALSE
7306,50787,20232833,10/7/2020 9:20:00 AM,2020,10,7,9,20,Wednesday,544232.5909,4803538.453,-80.453921,43.383422,Non intersection,2,P.D. only,On roadway,Intersection,Daylight,Municipal,No control,Unknown,FALSE,FALSE,FALSE,Clear,TRUE,Road 1: 442 CARYNDALE DR (ON THE ROADWAY); Vehicle #1     Make: ACUR     Model: RDX     Colour: BLK     Style: TY; Vehicle #2     Make: HOND     Model: UDY     Colour: RED     Style: VN,5/13/2021 11:52:11 AM,544232.5909,4803538.453,Q4,Working,FALSE
7307,50788,20232947,9/28/2020 2:45:00 PM,2020,9,28,14,45,Monday,544397.3356,4813271.372,-80.451096,43.471048,Non intersection,2,P.D. only,On roadway,Intersection,Daylight,Regional,No control,Unknown,FALSE,FALSE,FALSE,Clear,TRUE,Road 1: 400 BINGEMANS CENTRE DR VICTORIA NORTH; Vehicle #1     Make: TOYT     Model: UCS     Colour: BLU     Style: 4D; Vehicle #2     Make: FORD     Model: COF     Colour: RED     Style: PK,5/13/2021 11:37:26 AM,544397.3356,4813271.372,Q3,Working,FALSE
7308,50789,20233059,10/1/2020 1:10:00 PM,2020,10,1,13,10,Thursday,543008.2545,4810493.269,-80.468488,43.446115,Non intersection,2,Non-reportable,On roadway,Intersection,Daylight,Regional,No control,Unknown,FALSE,FALSE,FALSE,Clear,TRUE,Road 1: 400 EAST AVE; Vehicle #1     Make: HYUN     Model: SAN     Colour: WHI     Style: TY; Vehicle #2     Make: TOYT     Model: CBS     Colour: RED     Style: 4D,5/13/2021 11:52:03 AM,543008.2545,4810493.269,Q4,Weekend,FALSE
7309,50790,20233150,10/6/2020 4:21:00 PM,2020,10,6,16,21,Tuesday,544989.8008,4808198.33,-80.44419,43.425335,Non intersection,2,P.D. only,On roadway,Rear end,Daylight,Regional,No control,Unknown,FALSE,FALSE,FALSE,Clear,TRUE,Road 1: 560 GREENFIELD AVE; Vehicle #1     Make: HOND     Model: UCL     Colour: WHI     Style: 4D; Vehicle #2     Make: FORD     Model: FSE     Colour: BLK     Style: 4D,5/13/2021 11:52:15 AM,544989.8008,4808198.33,Q4,Working,FALSE
7310,50791,20233151,10/6/2020 12:50:00 PM,2020,10,6,12,50,Tuesday,546932.5977,4811266.99,-80.419925,43.452846,Non intersection,2,P.D. only,On roadway,Rear end,Daylight,Regional,No control,Unknown,FALSE,FALSE,FALSE,Clear,TRUE,Road 1: 122 ZELLER DR; Vehicle #1     Make: CHEV     Model: CZT     Colour: RED     Style: 4D; Vehicle #2     Make: FORD     Model: CTN     Colour: WHI     Style: FV,5/13/2021 11:53:39 AM,546932.5977,4811266.99,Q4,Working,FALSE
7311,50792,20234384,11/2/2020 8:00:00 AM,2020,11,2,8,0,Monday,543880.0629,4805121.97,-80.458146,43.397701,Non intersection,2,P.D. only,On roadway,Intersection,Daylight,Municipal,No control,Unknown,FALSE,FALSE,FALSE,Clear,TRUE,Road 1: HURON RD; Road 2: TRILLIUM DR; Vehicle #1     Make: HOND     Model: UDY     Colour: SIL     Style: TY; Vehicle #2     Make: FORD     Model: FSE     Colour: RED     Style: 4B,4/27/2022 10:39:29 AM,543880.0629,4805121.97,Q4,Working,FALSE
7312,50793,20234455,11/2/2020 9:15:00 AM,2020,11,2,9,15,Monday,538099.7314,4811073.062,-80.529107,43.451601,Intersection,2,Non-reportable,On roadway,Intersection,Daylight,Other,Sign Control,Functioning,FALSE,FALSE,FALSE,Clear,TRUE,Road 1: ABERDEEN RD; Road 2: WESTGATE WALK; Vehicle #1     Make: FORD     Model: EDG     Colour: BLK     Style: TY; Vehicle #2     Make:      Model:      Colour:      Style:,5/13/2021 11:51:01 AM,538099.7314,4811073.062,Q4,Working,FALSE
7313,50794,20234487,11/2/2020 6:00:00 AM,2020,11,2,6,0,Monday,543250.8868,4811487.422,-80.465411,43.455052,Private Drive,2,Non-reportable,On roadway,SMV,Dark,Regional,No control,Unknown,FALSE,FALSE,FALSE,Clear,TRUE,Road 1: 410 KRUG ST; Vehicle #1     Make:      Model:      Colour:      Style: ; Vehicle #2     Make: NISS     Model: MSV     Colour: SIL     Style: 4D,5/13/2021 11:51:38 AM,543250.8868,4811487.422,Q4,Working,FALSE
7314,50795,20234513,11/2/2020 11:08:00 AM,2020,11,2,11,8,Monday,545034.048,4807869.143,-80.44367,43.422368,Intersection,2,P.D. only,Off roadway,SMV,Daylight,Municipal,Signal Control,Functioning,FALSE,FALSE,FALSE,Clear,FALSE,Road 1: WILSON AVE (50 km/h); Road 2: KINGSWAY DR (50 km/h); Vehicle #1     Make: KIA     Model: SPO     Colour: BLK     Style: TY,5/13/2021 11:50:56 AM,545034.048,4807869.143,Q4,Working,FALSE
7315,50796,20235567,11/3/2020 6:20:00 PM,2020,11,3,18,20,Tuesday,542406.3604,4806619.027,-80.476227,43.411265,Intersection,2,P.D. only,On roadway,Rear end,Dark,Municipal,No control,Functioning,FALSE,FALSE,FALSE,Clear,TRUE,Road 1: STRASBURG RD; Road 2: OLD COUNTRY DR; Vehicle #1     Make: CHRY     Model: S30     Colour: WHI     Style: 4D; Vehicle #2     Make: GMC     Model: SIE     Colour: BLK     Style: PK,5/13/2021 11:57:37 AM,542406.3604,4806619.027,Q4,Working,FALSE
7316,50797,20236129,9/25/2020 9:30:00 AM,2020,9,25,9,30,Friday,536511.8477,4808517.241,-80.548903,43.428667,Private Drive,2,Non-reportable,On roadway,SMV,Daylight,Municipal,No control,Unknown,FALSE,FALSE,FALSE,Clear,TRUE,Road 1: WESTMEADOW DR (IFO 81); Road 2: BRAMBLEWOOD ST; Vehicle #1     Make:      Model:      Colour:      Style: ; Vehicle #2     Make: TOYT     Model: RV4     Colour: GRY     Style: TY,5/13/2021 11:29:10 AM,536511.8477,4808517.241,Q3,Weekend,FALSE
7317,50798,20236191,9/22/2020 5:00:00 PM,2020,9,22,17,0,Tuesday,544797.9685,4809474.114,-80.446455,43.436833,Private Drive,2,P.D. only,On roadway,Rear end,Daylight,Municipal,No control,Unknown,FALSE,FALSE,FALSE,Clear,TRUE,Road 1: FRANKLIN ST N (IFO 122); Vehicle #1     Make: RAM     Model: RTR     Colour: YEL     Style: CW; Vehicle #2     Make: DODG     Model: NR4     Colour: SIL     Style: 4D; Vehicle #3     Make: GMC     Model: TER     Colour: BLK     Style: TY,5/13/2021 11:26:09 AM,544797.9685,4809474.114,Q3,Working,FALSE
7318,50799,20236360,11/4/2020 4:45:00 PM,2020,11,4,16,45,Wednesday,543073.0465,4812800.766,-80.467505,43.466888,Intersection,1,Non-fatal injury,On roadway,Rear end,Dusk,Municipal,No control,Functioning,FALSE,FALSE,FALSE,Clear,FALSE,Road 1: SHIRLEY AVE (50 km/h); Road 2: RIVERBEND DR (50 km/h); Vehicle #1     Make: VOLK     Model: JBS     Colour: WHI     Style: 4D; Vehicle #2     Make:      Model:      Colour:      Style:,5/13/2021 11:50:51 AM,543073.0465,4812800.766,Q4,Working,FALSE
7319,50800,20237088,10/15/2020 8:00:00 AM,2020,10,15,8,0,Thursday,541252.6072,4809246.681,-80.490279,43.434989,Non intersection,2,P.D. only,On roadway,Rear end,Daylight,Regional,No control,Unknown,FALSE,FALSE,FALSE,Clear,TRUE,Road 1: HIGHLAND RD E; Road 2: MAUSSER AVE SOUTHDALE KITCHENER; Vehicle #1     Make: PONT     Model: MON     Colour: WHI     Style: VN; Vehicle #2     Make: HOND     Model: HRV     Colour: GRY     Style: TY,5/13/2021 11:58:10 AM,541252.6072,4809246.681,Q4,Weekend,FALSE
7320,50801,20237283,11/5/2020 5:44:00 PM,2020,11,5,17,44,Thursday,539269.0984,4805651.842,-80.515045,43.402728,Intersection,1,Non-fatal injury,On roadway,SMV,Dark,Municipal,Sign Control,Functioning,TRUE,FALSE,FALSE,Clear,FALSE,Road 1: HENHOEFFER CRES (40 km/h); Road 2: ACTIVA AVE (50 km/h); Vehicle #1     Make: TOYT     Model: SIE     Colour: GRN     Style: VN,5/13/2021 11:50:49 AM,539269.0984,4805651.842,Q4,Weekend,FALSE
7321,50802,20237687,10/22/2020 2:30:00 PM,2020,10,22,14,30,Thursday,544140.3334,4808844.284,-80.454631,43.431202,Intersection,2,P.D. only,On roadway,Intersection,Daylight,Municipal,Sign Control,Unknown,FALSE,FALSE,FALSE,Clear,TRUE,Road 1: 4TH AVE; Road 2: CONNAUGHT ST; Vehicle #1     Make: RAM     Model: RTR     Colour: WHI     Style: PK; Vehicle #2     Make: KIA     Model: OHY     Colour: BLK     Style: 4D,5/13/2021 11:25:54 AM,544140.3334,4808844.284,Q4,Weekend,FALSE
7322,50803,20237770,11/6/2020 10:44:00 AM,2020,11,6,10,44,Friday,543078.4014,4812171.182,-80.467489,43.461219,Non intersection,2,P.D. only,On roadway,Rear end,Daylight,Municipal,No control,Unknown,FALSE,FALSE,FALSE,Clear,FALSE,Road 1: EPHRAIM ST (50 km/h); Road 2: ETHEL ST; Distance: 40.0 M S; Vehicle #1     Make: VOLK     Model: CTG     Colour: SIL     Style: 4B; Vehicle #2     Make: CANA     Model: DT     Colour: BLK     Style: DT,5/13/2021 11:58:34 AM,543078.4014,4812171.182,Q4,Weekend,FALSE
7323,50804,20237942,10/24/2020 2:30:00 PM,2020,10,24,14,30,Saturday,542844.2023,4809872.496,-80.470564,43.440535,Intersection,2,P.D. only,On roadway,Intersection,Daylight,Regional,Sign Control,Functioning,FALSE,FALSE,FALSE,Clear,TRUE,Road 1: CHARLES ST E; Road 2: SYDNEY ST S; Vehicle #1     Make: HYUN     Model: K6G     Colour: GRY     Style: TY; Vehicle #2     Make: HOND     Model: UAX     Colour: BLU     Style: 4D,5/13/2021 11:36:19 AM,542844.2023,4809872.496,Q4,Weekend,FALSE
7324,50805,20237943,11/6/2020 1:50:00 PM,2020,11,6,13,50,Friday,542398.2253,4811081.054,-80.475981,43.451442,Intersection,2,P.D. only,On roadway,Intersection,Daylight,Municipal,Sign Control,Functioning,FALSE,FALSE,FALSE,Clear,TRUE,Road 1: KRUG ST; Road 2: SIMEON ST; Vehicle #1     Make: FORD     Model: 5SE     Colour: GRY     Style: 4D; Vehicle #2     Make: GMC     Model: TER     Colour: BLK     Style: TY,5/13/2021 11:52:37 AM,542398.2253,4811081.054,Q4,Weekend,FALSE
7325,50806,20238048,11/6/2020 3:15:00 PM,2020,11,6,15,15,Friday,541920.4616,4803576.665,-80.482462,43.383899,Intersection,2,Non-reportable,On roadway,Intersection,Daylight,Regional,Sign Control,Unknown,FALSE,FALSE,FALSE,Clear,TRUE,Road 1: 20 ROCHEFORT ST; Road 2: CANNES ST; Vehicle #1     Make: MAZD     Model: MA5     Colour: SIL     Style: 4B; Vehicle #2     Make: DODG     Model: AVN     Colour: BLK     Style: 4D,5/13/2021 11:50:53 AM,541920.4616,4803576.665,Q4,Weekend,FALSE
7326,50807,20238594,10/24/2020 10:00:00 AM,2020,10,24,10,0,Saturday,545973.3885,4808972.799,-80.431973,43.432248,Private Drive,2,P.D. only,On roadway,SMV,Daylight,Regional,No control,Unknown,FALSE,FALSE,FALSE,Clear,TRUE,Road 1: 164 JANSEN AVE; Vehicle #1     Make:      Model:      Colour:      Style: ; Vehicle #2     Make: MERZ     Model: C4A     Colour: BLK     Style: 4D,5/13/2021 11:37:15 AM,545973.3885,4808972.799,Q4,Weekend,FALSE
7327,50808,20239619,11/8/2020 11:40:00 AM,2020,11,8,11,40,Sunday,542842.101,4809875.045,-80.47059,43.440558,Intersection,2,P.D. only,On roadway,Intersection,Daylight,Regional,No control,Functioning,FALSE,FALSE,TRUE,Clear,FALSE,Road 1: CHARLES ST E (50 km/h); Road 2: SYDNEY ST S (50 km/h); Distance: 1.0 M E; Charged Driver #1 on page 1: CAI 2 (1) (NA); Vehicle #1     Make: MERZ     Model: M50     Colour: GRY     Style: TY; Vehicle #2     Make: HOND     Model: SC5     Colour: BLK,4/27/2022 10:41:12 AM,542842.101,4809875.045,Q4,Weekend,TRUE
7328,50809,20239627,10/28/2020 11:00:00 AM,2020,10,28,11,0,Wednesday,539870.2583,4808470.054,-80.507415,43.428071,Private Drive,2,P.D. only,Off roadway,Other,Daylight,Municipal,No control,Unknown,FALSE,FALSE,FALSE,Clear,TRUE,Road 1: GREENBROOK DR; Road 2: WESTMOUNT RD E; Vehicle #1     Make: TOYT     Model: TER     Colour: BLU     Style: 4D; Vehicle #2     Make: FORD     Model: SPE     Colour: GRY     Style: TY,5/13/2021 11:27:22 AM,539870.2583,4808470.054,Q4,Working,FALSE
7329,50810,20239630,10/29/2020 7:30:00 PM,2020,10,29,19,30,Thursday,545918.1448,4804792.129,-80.433007,43.394609,Private Drive,2,P.D. only,On roadway,Intersection,Dark,Municipal,No control,Unknown,FALSE,FALSE,FALSE,Rain,TRUE,Road 1: 123 PIONEER DR; Vehicle #1     Make: TOYT     Model: TAC     Colour: RED     Style: PK; Vehicle #2     Make: MAZD     Model: CX5     Colour: BLK     Style: TY,5/13/2021 11:27:29 AM,545918.1448,4804792.129,Q4,Weekend,FALSE
7330,50811,20239655,10/8/2020 8:00:00 PM,2020,10,8,20,0,Thursday,545979.5001,4802966.258,-80.432403,43.378165,Non intersection,2,Non-reportable,On roadway,SMV,Dark,Municipal,No control,Unknown,FALSE,FALSE,FALSE,Clear,TRUE,Road 1: ROBERT FERRIE DR; Road 2: DOON S DR; Vehicle #1     Make:      Model:      Colour:      Style: ; Vehicle #2     Make: HOND     Model: HRV     Colour: BLK     Style: TY,5/13/2021 11:51:52 AM,545979.5001,4802966.258,Q4,Weekend,FALSE