,OBJECTID,ACCIDENTNUM,ACCIDENTDATE,ACCIDENT_YEAR,ACCIDENT_MONTH,ACCIDENT_DAY,ACCIDENT_HOUR,ACCIDENT_MINUTE,Accident_Day,XCOORD,YCOORD,LONGITUDE,LATITUDE,Accident_Location,COLLISIONTYPE,Accident_Type,Impact_Location,Impact_Type,Light,Road_Jurisdication,Traffic_Control,Traffic_Control_Condition,Pedestrian_Involved,Cyclist_Involved,Motorcyclist_Involved,Environment_Condition,Self_Reported,XMLIMPORTNOTES,LASTEDITEDDATE,x,y,Quarter,Day_Type,Vulnerable_Involved
7331,50812,20239663,10/28/2020 3:30:00 PM,2020,10,28,15,30,Wednesday,544903.6833,4804856.76,-80.445528,43.395252,Private Drive,2,P.D. only,On roadway,Rear end,Daylight,Municipal,No control,Unknown,FALSE,FALSE,FALSE,Clear,TRUE,Road 1: PIONEER DR (IFO 450); Road 2: DOON VILLAGE RD; Vehicle #1     Make: FORD     Model: FE     Colour: GRY     Style: 4D; Vehicle #2     Make: FORD     Model: FCL     Colour: RED     Style: 4B,5/13/2021 11:27:20 AM,544903.6833,4804856.76,Q4,Working,FALSE
7332,50813,20239679,10/6/2020 3:00:00 PM,2020,10,6,15,0,Tuesday,546123.496,4809662.699,-80.430061,43.438451,Private Drive,2,Non-reportable,On roadway,Intersection,Daylight,Regional,No control,Unknown,FALSE,FALSE,FALSE,Clear,TRUE,Road 1: 211 VERONICA DR; Vehicle #1     Make: FORD     Model: TST     Colour: WHI     Style: FV; Vehicle #2     Make: FRHT     Model: FM2     Colour: WHI     Style: CT,5/13/2021 11:51:54 AM,546123.496,4809662.699,Q4,Working,FALSE
7333,50814,20240407,11/9/2020 1:50:00 PM,2020,11,9,13,50,Monday,541548.845,4811887.912,-80.486417,43.458755,Intersection,2,P.D. only,On roadway,Intersection,Daylight,Municipal,Sign Control,Functioning,FALSE,FALSE,FALSE,Clear,TRUE,Road 1: ST LEGER ST; Road 2: BREITHAUPT ST; Vehicle #1     Make: TOYT     Model: GZG     Colour: GRY     Style: TY; Vehicle #2     Make: HYUN     Model: SFT     Colour: ONG     Style: TY,5/13/2021 11:52:39 AM,541548.845,4811887.912,Q4,Working,FALSE
7334,50815,20240544,11/9/2020 4:45:00 PM,2020,11,9,16,45,Monday,543247.8249,4804520.837,-80.466,43.392325,Intersection,2,Non-reportable,On roadway,Intersection,Dusk,Municipal,Sign Control,Functioning,FALSE,FALSE,FALSE,Clear,TRUE,Road 1: HURON RD; Road 2: STRASBURG RD; Vehicle #1     Make: FORD     Model: FE     Colour: BLK     Style: 4D; Vehicle #2     Make:      Model:      Colour:      Style:,5/13/2021 11:50:42 AM,543247.8249,4804520.837,Q4,Working,FALSE
7335,50816,20240743,11/9/2020 9:40:00 PM,2020,11,9,21,40,Monday,541941.2509,4815042.591,-80.481324,43.487137,Non intersection,2,P.D. only,On roadway,SMV,Dark,Municipal,No control,Unknown,FALSE,FALSE,FALSE,Clear,FALSE,Road 1: MACVILLE AVE (50 km/h); Road 2: 12 MACVILLE AVE; Distance: 1.0 K S; Vehicle #1     Make: HYUN     Model: VRZ     Colour: SIL     Style: TY,5/13/2021 11:52:24 AM,541941.2509,4815042.591,Q4,Working,FALSE
7336,50817,20241135,11/10/2020 11:50:00 AM,2020,11,10,11,50,Tuesday,539296.7047,4811575.42,-80.514278,43.456063,Intersection,2,P.D. only,On roadway,Intersection,Daylight,Regional,Sign Control,Functioning,FALSE,FALSE,FALSE,Clear,TRUE,Road 1: MOUNT HOPE ST; Road 2: PARK ST; Vehicle #1     Make: HOND     Model: UAX     Colour: BLU     Style: 4D; Vehicle #2     Make: NISS     Model: VRS     Colour: SIL     Style: 4B,5/13/2021 11:52:42 AM,539296.7047,4811575.42,Q4,Working,FALSE
7337,50818,20241363,11/10/2020 5:00:00 PM,2020,11,10,17,0,Tuesday,542312.8279,4810283.955,-80.477098,43.44427,Intersection,2,P.D. only,On roadway,Rear end,Dusk,Regional,Signal Control,Functioning,FALSE,FALSE,FALSE,Clear,TRUE,Road 1: KING ST E; Road 2: STIRLING AVE N; Vehicle #1     Make: HYUN     Model: SFT     Colour: BLK     Style: TY; Vehicle #2     Make: RAM     Model: RTR     Colour: WHI     Style: CW,5/13/2021 11:52:54 AM,542312.8279,4810283.955,Q4,Working,FALSE
7338,50819,20241584,11/10/2020 9:00:00 PM,2020,11,10,21,0,Tuesday,542013.3427,4813739.938,-80.480533,43.475404,Non intersection,2,Non-reportable,On roadway,SMV,Dark,Regional,No control,Unknown,FALSE,FALSE,FALSE,Clear,TRUE,Road 1: 575 RIVERBEND DR; Vehicle #1     Make: HYUN     Model: SAN     Colour: SIL     Style: TY,5/13/2021 11:58:41 AM,542013.3427,4813739.938,Q4,Working,FALSE
7339,50820,20241609,11/10/2020 10:00:00 PM,2020,11,10,22,0,Tuesday,537983.4253,4809787.11,-80.530634,43.440028,Non intersection,2,P.D. only,On roadway,Intersection,Dark,Municipal,No control,Unknown,FALSE,FALSE,FALSE,Clear,FALSE,Road 1: 43 INGLESIDE DR (50 km/h); Road 2: INGLESIDE DR; Distance: 15.0 M S; Vehicle #1     Make: RAM     Model: RTR     Colour: RED     Style: CW; Vehicle #2     Make:      Model:      Colour:      Style:,5/13/2021 11:56:34 AM,537983.4253,4809787.11,Q4,Working,FALSE
7340,50821,20242278,11/11/2020 6:00:00 PM,2020,11,11,18,0,Wednesday,536852.6025,4808264.93,-80.54471,43.426379,Intersection,2,P.D. only,On roadway,Other,Dark,Municipal,No control,Functioning,FALSE,FALSE,FALSE,Clear,FALSE,Road 1: WESTMEADOW DR (50 km/h); Road 2: WESTFOREST TRAIL; Distance: 5.0 K W; Vehicle #1     Make: HOND     Model: UAX     Colour: BLK     Style: 4D; Vehicle #2     Make: DODG     Model: CAR     Colour: BLK     Style: VN; Vehicle #3     Make: FORD     Mod,5/13/2021 11:57:39 AM,536852.6025,4808264.93,Q4,Working,FALSE
7341,50822,20243146,11/12/2020 5:26:00 PM,2020,11,12,17,26,Thursday,543946.0688,4808106.146,-80.457091,43.424567,Intersection,2,P.D. only,Off roadway,SMV,Dark,Municipal,Sign Control,Functioning,FALSE,FALSE,FALSE,Clear,FALSE,Road 1: HARBER AVE (50 km/h); Road 2: SIEBERT AVE (50 km/h); Vehicle #1     Make: MAZD     Model: M6I     Colour: GRY     Style: 4D,5/13/2021 11:55:13 AM,543946.0688,4808106.146,Q4,Weekend,FALSE
7342,50823,20243456,11/13/2020 4:34:00 AM,2020,11,13,4,34,Friday,542040.3636,4809422.311,-80.480532,43.436527,Non intersection,2,P.D. only,On roadway,Other,Dark,Regional,No control,Unknown,FALSE,FALSE,FALSE,Clear,FALSE,Road 1: 279 BORDEN AVE S (50 km/h); Road 2: BORDEN AVE S; Distance: 1.0 K S; Vehicle #1     Make: BMW     Model: 28I     Colour: BLK     Style: 4D; Vehicle #2     Make: FORD     Model: EPR     Colour: BLU     Style: TY; Vehicle #3     Make: HOND     Model,5/13/2021 11:55:43 AM,542040.3636,4809422.311,Q4,Weekend,FALSE
7343,50824,20243467,11/13/2020 4:30:00 AM,2020,11,13,4,30,Friday,542111.6345,4809510.325,-80.479644,43.437315,Non intersection,2,P.D. only,Off roadway,SMV,Dark,Regional,No control,Unknown,FALSE,FALSE,FALSE,Clear,FALSE,Road 1: BORDEN AVE S (50 km/h); Road 2: COURTLAND AVE E; Distance: 100.0 M S; Vehicle #1     Make: FORD     Model: FSE     Colour: GRY     Style: 4B,5/13/2021 11:55:42 AM,542111.6345,4809510.325,Q4,Weekend,FALSE
7344,50825,20243525,11/13/2020 7:30:00 AM,2020,11,13,7,30,Friday,545651.8325,4803687.787,-80.436388,43.384682,Non intersection,2,P.D. only,On roadway,Intersection,Daylight,Regional,No control,Unknown,FALSE,FALSE,FALSE,Rain,TRUE,Road 1: 87 APPLE RIDGE DR; Vehicle #1     Make: LEXS     Model: NXT     Colour: GRY     Style: TY; Vehicle #2     Make: SUZI     Model: KSE     Colour: SIL     Style: 4D,5/13/2021 11:52:21 AM,545651.8325,4803687.787,Q4,Weekend,FALSE
7345,50826,20243879,10/28/2020 2:00:00 PM,2020,10,28,14,0,Wednesday,537822.9006,4809343.155,-80.532649,43.436039,Private Drive,2,P.D. only,On roadway,SMV,Daylight,Municipal,No control,Unknown,FALSE,FALSE,FALSE,Clear,TRUE,Road 1: 9 STOKE COURT; Vehicle #1     Make: TOYT     Model: SIE     Colour: GRY     Style: VN; Vehicle #2     Make: ACUR     Model: RDX     Colour: PLE     Style: TY,5/13/2021 11:27:36 AM,537822.9006,4809343.155,Q4,Working,FALSE
7346,50827,20244055,11/13/2020 7:53:00 PM,2020,11,13,19,53,Friday,536732.5266,4810034.525,-80.546075,43.442318,Intersection,1,Non-fatal injury,On roadway,Intersection,Dark,Regional,Sign Control,Functioning,FALSE,FALSE,FALSE,Clear,FALSE,Road 1: UNIVERSITY AVE W (50 km/h); Road 2: GLASGOW ST (50 km/h); Vehicle #1     Make: KIA     Model: CRO     Colour: WHI     Style: 4B; Vehicle #2     Make: NISS     Model: 3ZC     Colour: BLK     Style: 2D,5/13/2021 11:50:58 AM,536732.5266,4810034.525,Q4,Weekend,FALSE
7347,50828,20244871,11/14/2020 7:45:00 PM,2020,11,14,19,45,Saturday,543551.6071,4804955.567,-80.462215,43.396222,Non intersection,2,P.D. only,On roadway,Rear end,Dark,Municipal,No control,Unknown,FALSE,FALSE,FALSE,Clear,FALSE,Road 1: 275 HURON RD (60 km/h); Road 2: BATTLER RD; Distance: 50.0 M S; Vehicle #1     Make: MERZ     Model: CWC     Colour: WHI     Style: 4D; Vehicle #2     Make: FORD     Model: FSE     Colour: GRY     Style: 4D,5/13/2021 11:51:31 AM,543551.6071,4804955.567,Q4,Weekend,FALSE
7348,50829,20245663,11/15/2020 5:31:00 PM,2020,11,15,17,31,Sunday,543932.9601,4809147.851,-80.457169,43.433947,Intersection,2,P.D. only,Off roadway,SMV,Dark,Municipal,Sign Control,Unknown,FALSE,FALSE,FALSE,Rain,FALSE,Road 1: FIRST AVE (50 km/h); Road 2: ECKERT ST (50 km/h); Vehicle #1     Make: HYUN     Model: CER     Colour: BLU     Style: 4D,5/13/2021 11:54:45 AM,543932.9601,4809147.851,Q4,Weekend,FALSE
7349,50830,20247227,11/17/2020 5:37:00 PM,2020,11,17,17,37,Tuesday,540920.2144,4810570.317,-80.494286,43.446926,Intersection,2,P.D. only,On roadway,Intersection,Dark,Municipal,No control,Functioning,FALSE,FALSE,FALSE,Clear,TRUE,Road 1: JUBILEE DR; Road 2: DAVID ST; Vehicle #1     Make: HOND     Model: UCL     Colour: BLU     Style: 4D; Vehicle #2     Make: HYUN     Model: TUC     Colour: GRY     Style: TY,5/13/2021 11:52:44 AM,540920.2144,4810570.317,Q4,Working,FALSE
7350,50831,20247415,11/17/2020 10:40:00 PM,2020,11,17,22,40,Tuesday,542353.9836,4804066.663,-80.477072,43.388287,Non intersection,2,P.D. only,Off roadway,SMV,Dark,Municipal,No control,Unknown,FALSE,FALSE,FALSE,Snow,FALSE,Road 1: 260 MAITLAND ST (40 km/h); Road 2: MAITLAND ST; Distance: 3.0 K S; Vehicle #1     Make: HOND     Model: CXG     Colour: GRY     Style: 4D; Vehicle #2     Make: NISS     Model: ROG     Colour: SIL     Style: TY,5/13/2021 11:56:46 AM,542353.9836,4804066.663,Q4,Working,FALSE
7351,50832,20247573,11/18/2020 8:25:00 AM,2020,11,18,8,25,Wednesday,539751.8246,4806799.651,-80.509,43.413037,Intersection,2,P.D. only,On roadway,Rear end,Daylight,Municipal,Sign Control,Functioning,FALSE,FALSE,FALSE,Snow,FALSE,Road 1: ACTIVA AVE (50 km/h); Road 2: GREY FOX DR (50 km/h); Vehicle #1     Make: MAZD     Model: CX5     Colour: RED     Style: TY; Vehicle #2     Make: INTE     Model: 105     Colour: YEL     Style: BU,5/13/2021 11:55:14 AM,539751.8246,4806799.651,Q4,Working,FALSE
7352,50833,20247963,10/2/2020 10:00:00 PM,2020,10,2,22,0,Friday,547958.4886,4804543.966,-80.407836,43.392247,Private Drive,2,P.D. only,On roadway,SMV,Dark,Regional,No control,Unknown,FALSE,FALSE,FALSE,Clear,TRUE,Road 1: ORCHARD MILL CRESCENT; Road 2: 12 ORCHARD MILL CRESCENT; Vehicle #1     Make:      Model:      Colour:      Style: ; Vehicle #2     Make: NISS     Model: A5S     Colour: BLK     Style: 2D,5/13/2021 11:58:24 AM,547958.4886,4804543.966,Q4,Weekend,FALSE
7353,50834,20248001,10/2/2020 7:45:00 PM,2020,10,2,19,45,Friday,544012.9226,4805477.119,-80.456477,43.400891,Non intersection,2,Non-reportable,On roadway,Intersection,Dark,Regional,No control,Unknown,FALSE,FALSE,FALSE,Clear,TRUE,Road 1: 1111 HOMER WATSON BLVD (TRILLIUM INDUSTRIAL PARK); Vehicle #1     Make:      Model:      Colour:      Style: ; Vehicle #2     Make: CHEV     Model: ML1     Colour: GRY     Style: 4D,5/13/2021 11:51:45 AM,544012.9226,4805477.119,Q4,Weekend,FALSE
7354,50835,20248015,11/18/2020 6:00:00 PM,2020,11,18,18,0,Wednesday,543209.0121,4807481.475,-80.466246,43.418985,Non intersection,2,Non-reportable,On roadway,SMV,Dark,Regional,No control,Unknown,FALSE,FALSE,FALSE,Clear,TRUE,Road 1: BLOCK LINE RD; Road 2: COURTLAND AVE E; Vehicle #1     Make: HYUN     Model: ESM     Colour: GRY     Style: 4D,5/13/2021 11:58:39 AM,543209.0121,4807481.475,Q4,Working,FALSE
7355,50836,20248137,11/18/2020 8:58:00 PM,2020,11,18,20,58,Wednesday,539945.6487,4809633.761,-80.506399,43.438545,Non intersection,1,Non-fatal injury,On roadway,Intersection,Dark,Municipal,No control,Unknown,FALSE,FALSE,FALSE,Clear,FALSE,Road 1: 103 BELMONT AVE W (50 km/h); Road 2: GAGE AVE; Distance: 3.0 K S; Vehicle #1     Make: BMW     Model: 5CI     Colour: GRY     Style: 2D; Vehicle #2     Make: NISS     Model: ROG     Colour: BLK     Style: TY,5/13/2021 11:51:50 AM,539945.6487,4809633.761,Q4,Working,FALSE
7356,50837,20248644,11/19/2020 2:22:00 PM,2020,11,19,14,22,Thursday,542128.4714,4807432.751,-80.479597,43.418608,Private Drive,2,P.D. only,On roadway,SMV,Daylight,Regional,No control,Unknown,FALSE,FALSE,FALSE,Clear,FALSE,Road 1: GENEVA CRESCENT (50 km/h); Road 2: 96 GENEVA CRES; Distance: 10.0 K S; Vehicle #1     Make:      Model:      Colour:      Style: ; Vehicle #2     Make: GMC     Model: SIE     Colour: GRY     Style: CW,5/13/2021 11:53:35 AM,542128.4714,4807432.751,Q4,Weekend,FALSE
7357,50838,20248744,11/14/2020 11:15:00 AM,2020,11,14,11,15,Saturday,545221.3107,4806416.383,-80.441477,43.409276,Non intersection,2,P.D. only,On roadway,Rear end,Daylight,Regional,No control,Unknown,FALSE,FALSE,FALSE,Clear,TRUE,Road 1: WABANAKI DR; Road 2: WILSON AVE; Vehicle #1     Make: GMC     Model: ACA     Colour: BLK     Style: TY; Vehicle #2     Make: NISS     Model: ROG     Colour: RED     Style: TY,5/13/2021 11:52:00 AM,545221.3107,4806416.383,Q4,Weekend,FALSE
7358,50839,20248829,11/2/2020 6:30:00 AM,2020,11,2,6,30,Monday,542631.4349,4804094.436,-80.473644,43.388521,Non intersection,2,P.D. only,On roadway,SMV,Dark,Municipal,No control,Unknown,FALSE,FALSE,FALSE,Clear,TRUE,Road 1: FEATHERSTONE CRESCENT (IFO 225); Vehicle #1     Make: TOYT     Model: RV4     Colour: BLK     Style: TY; Vehicle #2     Make: HOND     Model: UEX     Colour: GRY     Style: 4D,5/13/2021 11:58:13 AM,542631.4349,4804094.436,Q4,Working,FALSE
7359,50840,20248832,11/19/2020 5:40:00 PM,2020,11,19,17,40,Thursday,540172.7094,4809414.987,-80.503609,43.436563,Intersection,2,P.D. only,On roadway,Intersection,Dark,Regional,Signal Control,Functioning,FALSE,FALSE,FALSE,Clear,TRUE,Road 1: BELMONT AVE W; Road 2: QUEEN'S BLVD; Vehicle #1     Make: KIA     Model: FSX     Colour: GRY     Style: 4B; Vehicle #2     Make: NISS     Model: ROG     Colour: SIL     Style: TY,5/13/2021 11:52:47 AM,540172.7094,4809414.987,Q4,Weekend,FALSE
7360,50841,20248902,11/19/2020 7:00:00 PM,2020,11,19,19,0,Thursday,542472.874,4807377.097,-80.475347,43.418087,Private Drive,2,P.D. only,Off roadway,SMV,Dark,Regional,No control,Unknown,FALSE,FALSE,FALSE,Clear,FALSE,Road 1: 29 SELKIRK DR (50 km/h); Road 2: SELKIRK DR; Distance: 1.0 K S; Vehicle #1     Make: PETE     Model:      Colour:      Style:,5/13/2021 11:52:02 AM,542472.874,4807377.097,Q4,Weekend,FALSE
7361,50842,20248920,11/11/2020 3:45:00 PM,2020,11,11,15,45,Wednesday,542582.1479,4810126.135,-80.473783,43.442834,Intersection,2,P.D. only,On roadway,Intersection,Daylight,Regional,Signal Control,Functioning,FALSE,FALSE,FALSE,Clear,TRUE,Road 1: BORDEN AVE N; Road 2: KING ST E; Vehicle #1     Make: NISS     Model: SML     Colour: BLU     Style: 4D; Vehicle #2     Make: VOLV     Model: VVN     Colour: WHI     Style: CT,5/13/2021 11:57:13 AM,542582.1479,4810126.135,Q4,Working,FALSE
7362,50843,20248935,11/10/2020 4:00:00 PM,2020,11,10,16,0,Tuesday,546312.2736,4809180.158,-80.427769,43.434095,Non intersection,2,P.D. only,On roadway,Rear end,Daylight,Regional,No control,Unknown,FALSE,FALSE,FALSE,Clear,TRUE,Road 1: RIVER RD E; Road 2: FAIRWAY RD N; Vehicle #1     Make: TOYT     Model: CBL     Colour: GRY     Style: 4D; Vehicle #2     Make: KIA     Model: OLX     Colour: WHI     Style: 4D,5/13/2021 11:53:44 AM,546312.2736,4809180.158,Q4,Working,FALSE
7363,50844,20249513,11/11/2020 11:25:00 AM,2020,11,11,11,25,Wednesday,541176.4152,4810977.009,-80.491089,43.450573,Non intersection,2,P.D. only,On roadway,Intersection,Daylight,Regional,No control,Unknown,FALSE,FALSE,FALSE,Clear,TRUE,Road 1: KING ST W; Road 2: YOUNG ST; Vehicle #1     Make: NISS     Model: CXT     Colour: SIL     Style: TY; Vehicle #2     Make: TOYT     Model: MTL     Colour: BLK     Style: 4D,5/13/2021 11:56:18 AM,541176.4152,4810977.009,Q4,Working,FALSE
7364,50845,20249516,11/9/2020 2:45:00 PM,2020,11,9,14,45,Monday,541188.387,4810875.496,-80.490949,43.449659,Private Drive,2,P.D. only,Off roadway,SMV,Daylight,Municipal,No control,Unknown,FALSE,FALSE,FALSE,Clear,TRUE,Road 1: HALLS LN W; Road 2: ONTARIO ST S; Vehicle #1     Make: DODG     Model: CAR     Colour: WHI     Style: VN; Vehicle #2     Make: HOND     Model: FKG     Colour: GRY     Style: 4B,5/13/2021 11:53:50 AM,541188.387,4810875.496,Q4,Working,FALSE
7365,50846,20249518,11/12/2020 7:45:00 PM,2020,11,12,19,45,Thursday,539991.4894,4811358.244,-80.505706,43.45407,Intersection,2,P.D. only,On roadway,Rear end,Dark,Regional,No control,Functioning,FALSE,FALSE,FALSE,Clear,TRUE,Road 1: AGNES ST; Road 2: WALTER ST; Vehicle #1     Make: HOND     Model: UEX     Colour: ONG     Style: 4D; Vehicle #2     Make: TOYT     Model: UCS     Colour: SIL     Style: 4D,5/13/2021 11:52:52 AM,539991.4894,4811358.244,Q4,Weekend,FALSE
7366,50847,20249554,11/13/2020 9:30:00 PM,2020,11,13,21,30,Friday,541436.1092,4811352.187,-80.487851,43.453937,Private Drive,2,P.D. only,On roadway,SMV,Dark,Municipal,No control,Unknown,FALSE,FALSE,FALSE,Clear,TRUE,Road 1: 28 AHRENS ST W; Vehicle #1     Make:      Model:      Colour:      Style: ; Vehicle #2     Make: MAZD     Model: 3SP     Colour: GRY     Style: 4D; Vehicle #3     Make: TOYO     Model: MAT     Colour: GRY     Style: 4D,5/13/2021 11:55:58 AM,541436.1092,4811352.187,Q4,Weekend,FALSE
7367,50848,20249695,7/29/2020 3:00:00 PM,2020,7,29,15,0,Wednesday,541772.9259,4810576.885,-80.483748,43.446938,Non intersection,2,P.D. only,On roadway,SMV,Daylight,Regional,No control,Unknown,FALSE,FALSE,FALSE,Clear,TRUE,Road 1: CEDAR ST N; Road 2: KING ST E; Vehicle #1     Make: TOYT     Model: VEN     Colour: WHI     Style: TY; Vehicle #2     Make: TOYT     Model: PRV     Colour: BLK     Style: SW,5/13/2021 11:39:32 AM,541772.9259,4810576.885,Q3,Working,FALSE
7368,50849,20249713,11/20/2020 5:20:00 PM,2020,11,20,17,20,Friday,543995.6787,4808046.647,-80.456483,43.424028,Private Drive,2,Non-reportable,On roadway,Other,Dark,Municipal,No control,Unknown,FALSE,FALSE,TRUE,Clear,TRUE,Road 1: 66 SIEBERT AVE; Vehicle #1     Make: HYUN     Model: CFE     Colour: BLK     Style: TY; Vehicle #2     Make:      Model:      Colour:      Style:,5/13/2021 11:58:44 AM,543995.6787,4808046.647,Q4,Weekend,TRUE
7369,50850,20249961,11/20/2020 11:06:00 PM,2020,11,20,23,6,Friday,538922.8267,4809250.678,-80.519065,43.43515,Non intersection,2,P.D. only,Off roadway,SMV,Dark,Municipal,No control,Unknown,FALSE,FALSE,FALSE,Clear,FALSE,Road 1: 94 HIGHLAND CRES (50 km/h); Road 2: HIGHLAND CRES; Distance: 5.0 M S; Vehicle #1     Make: RAM     Model: RTR     Colour: BLK     Style: PK; Vehicle #2     Make: TOYT     Model: GTF     Colour: BLK     Style: 2B; Vehicle #3     Make: CHEV     Mode,5/13/2021 11:57:47 AM,538922.8267,4809250.678,Q4,Weekend,FALSE
7370,50851,20251062,11/22/2020 11:06:00 AM,2020,11,22,11,6,Sunday,545823.0715,4806754.798,-80.434017,43.412287,Non intersection,2,P.D. only,Off roadway,SMV,Daylight,Municipal,No control,Unknown,FALSE,FALSE,FALSE,Snow,FALSE,Road 1: WABANAKI DR (50 km/h); Road 2: 875 WABANAKI DR; Distance: 200.0 K S; Vehicle #1     Make: ACUR     Model: RDX     Colour: WHI     Style: TY,5/13/2021 11:52:07 AM,545823.0715,4806754.798,Q4,Weekend,FALSE
7371,50852,20251139,11/22/2020 12:00:00 PM,2020,11,22,12,0,Sunday,539091.1203,4805675.527,-80.517241,43.40295,Non intersection,2,P.D. only,On roadway,SMV,Daylight,Municipal,No control,Unknown,FALSE,FALSE,FALSE,Snow,TRUE,Road 1: ACTIVA AVE; Road 2: SNOWDROP CRESCENT; Vehicle #1     Make: HYUN     Model: SFT     Colour: GRY     Style: TY; Vehicle #2     Make:      Model:      Colour:      Style:,5/13/2021 11:53:33 AM,539091.1203,4805675.527,Q4,Weekend,FALSE
7372,50853,20251143,11/22/2020 12:55:00 PM,2020,11,22,12,55,Sunday,539652.9125,4811391.802,-80.509888,43.45439,Non intersection,2,Non-reportable,On roadway,Other,Daylight,Municipal,No control,Unknown,FALSE,FALSE,FALSE,Snow,TRUE,Road 1: GLASGOW ST; Road 2: GRUHN ST; Vehicle #1     Make: TOYT     Model: SIE     Colour: GRY     Style: VN; Vehicle #2     Make:      Model:      Colour:      Style:,5/13/2021 11:58:22 AM,539652.9125,4811391.802,Q4,Weekend,FALSE
7373,50854,20251201,11/22/2020 2:42:00 PM,2020,11,22,14,42,Sunday,546283.0662,4808538.13,-80.428184,43.428316,Non intersection,2,P.D. only,On roadway,SMV,Daylight,Municipal,No control,Unknown,FALSE,FALSE,FALSE,Snow,FALSE,Road 1: MORGAN AVE (50 km/h); Road 2: SOUTHILL DR; Distance: 20.0 K E; Vehicle #1     Make: CHEV     Model: SIL     Colour: SIL     Style: PK,5/13/2021 11:51:26 AM,546283.0662,4808538.13,Q4,Weekend,FALSE
7374,50855,20251249,11/22/2020 3:53:00 PM,2020,11,22,15,53,Sunday,547383.1722,4803630.491,-80.415019,43.384059,Non intersection,1,Non-fatal injury,Off roadway,SMV,Daylight,Municipal,No control,Unknown,FALSE,FALSE,FALSE,Snow,FALSE,Road 1: PINNACLE DR (50 km/h); Road 2: 359 PINNACLE DR; Distance: 15.0 K N; Vehicle #1     Make: MAZD     Model: M6I     Colour: BLU     Style: 4D,5/13/2021 11:51:28 AM,547383.1722,4803630.491,Q4,Weekend,FALSE
7375,50856,20251373,11/22/2020 7:30:00 PM,2020,11,22,19,30,Sunday,545746.8311,4809202.63,-80.434753,43.434332,Intersection,2,P.D. only,On roadway,Intersection,Dark,Municipal,Sign Control,Functioning,FALSE,FALSE,FALSE,Snow,FALSE,Road 1: KINZIE AVE (50 km/h); Road 2: OBERMEYER DR (50 km/h); Vehicle #1     Make: CHEV     Model: SIL     Colour: GRN     Style: PK; Vehicle #2     Make: DODG     Model: CAR     Colour: BLU     Style: VN,5/13/2021 11:57:25 AM,545746.8311,4809202.63,Q4,Weekend,FALSE
7376,50857,20251431,11/22/2020 9:23:00 PM,2020,11,22,21,23,Sunday,541581.4682,4810751.254,-80.486101,43.448518,Intersection,1,Non-fatal injury,On roadway,Rear end,Dark,Municipal,Signal Control,Functioning,FALSE,TRUE,FALSE,Snow,FALSE,Road 1: KING ST E (40 km/h); Road 2: SCOTT ST (40 km/h); Vehicle #1     Make: MERZ     Model: GLC     Colour: BLU     Style: TY; Vehicle #2     Make: PETE     Model:      Colour:      Style:,5/13/2021 11:53:16 AM,541581.4682,4810751.254,Q4,Weekend,FALSE
7377,50858,20252012,11/23/2020 5:39:00 PM,2020,11,23,17,39,Monday,546940.2003,4808499.775,-80.420069,43.427929,Intersection,2,P.D. only,On roadway,Rear end,Dark,Regional,Sign Control,Functioning,FALSE,FALSE,FALSE,Clear,FALSE,Road 1: MORGAN AVE (40 km/h); Road 2: RIVER RD E (60 km/h); Vehicle #1     Make: HYUN     Model: ESM     Colour: WHI     Style: 4D; Vehicle #2     Make: ACUR     Model: CSX     Colour: BLK     Style: 4D,5/13/2021 11:50:39 AM,546940.2003,4808499.775,Q4,Working,FALSE
7378,50859,20252290,11/24/2020 12:29:00 AM,2020,11,24,0,29,Tuesday,539938.4762,4810531.637,-80.506422,43.44663,Intersection,2,P.D. only,On roadway,Intersection,Dark,Municipal,Sign Control,Unknown,FALSE,FALSE,FALSE,Clear,FALSE,Road 1: HERLAN AVE (50 km/h); Road 2: STRANGE ST (50 km/h); Vehicle #1     Make: VOLV     Model: S6A     Colour: BLK     Style: 4D; Vehicle #2     Make: FORD     Model: EPR     Colour: BLU     Style: TY,5/13/2021 11:54:57 AM,539938.4762,4810531.637,Q4,Working,FALSE