,OBJECTID,ACCIDENTNUM,ACCIDENTDATE,ACCIDENT_YEAR,ACCIDENT_MONTH,ACCIDENT_DAY,ACCIDENT_HOUR,ACCIDENT_MINUTE,Accident_Day,XCOORD,YCOORD,LONGITUDE,LATITUDE,Accident_Location,COLLISIONTYPE,Accident_Type,Impact_Location,Impact_Type,Light,Road_Jurisdication,Traffic_Control,Traffic_Control_Condition,Pedestrian_Involved,Cyclist_Involved,Motorcyclist_Involved,Environment_Condition,Self_Reported,XMLIMPORTNOTES,LASTEDITEDDATE,x,y,Quarter,Day_Type,Vulnerable_Involved
7379,50860,20253173,11/25/2020 7:45:00 AM,2020,11,25,7,45,Wednesday,541300.4652,4801941.658,-80.490239,43.369212,Non intersection,2,P.D. only,Off roadway,SMV,Daylight,Municipal,No control,Unknown,FALSE,FALSE,FALSE,Clear,FALSE,Road 1: PLAINS RD (80 km/h); Road 2: 432 PLAINS RD; Distance: 10.0 K E; Vehicle #1     Make: CHRY     Model: S30     Colour: WHI     Style: 4D,5/13/2021 11:58:27 AM,541300.4652,4801941.658,Q4,Working,FALSE
7380,50861,20253429,11/25/2020 1:23:00 PM,2020,11,25,13,23,Wednesday,542842.1126,4809874.974,-80.47059,43.440557,Intersection,2,P.D. only,On roadway,Intersection,Daylight,Regional,Sign Control,Functioning,FALSE,FALSE,FALSE,Clear,TRUE,Road 1: CHARLES ST E; Road 2: SYDNEY ST S; Vehicle #1     Make: TOYT     Model: CBS     Colour: RED     Style: 4D; Vehicle #2     Make: TOYT     Model: HIG     Colour: GRY     Style: TY,5/13/2021 11:52:34 AM,542842.1126,4809874.974,Q4,Working,FALSE
7381,50862,20253461,3/6/2020 10:55:00 AM,2020,3,6,10,55,Friday,541376.0581,4810965.037,-80.488623,43.450455,Non intersection,2,P.D. only,On roadway,Other,Daylight,Municipal,No control,Unknown,FALSE,FALSE,FALSE,Clear,TRUE,Road 1: 20 QUEEN ST S; Vehicle #1     Make: KIA     Model: SPO     Colour: ONG     Style: TY; Vehicle #2     Make: ISU     Model: NPR     Colour: WHI     Style: FV,5/13/2021 11:24:35 AM,541376.0581,4810965.037,Q1,Weekend,FALSE
7382,50863,20253502,10/27/2020 1:30:00 PM,2020,10,27,13,30,Tuesday,540148.5485,4807793.956,-80.504027,43.421969,Private Drive,2,Non-reportable,On roadway,SMV,Daylight,Regional,No control,Unknown,FALSE,FALSE,FALSE,Rain,TRUE,Road 1: 16 HOWE DR; Vehicle #1     Make: TOYT     Model: SIE     Colour: WHI     Style: VN; Vehicle #2     Make: MAZD     Model: M3I     Colour: RED     Style: 4D,5/13/2021 11:38:56 AM,540148.5485,4807793.956,Q4,Working,FALSE
7383,50864,20253507,10/27/2020 7:20:00 AM,2020,10,27,7,20,Tuesday,540525.801,4811757.763,-80.499072,43.457639,Non intersection,2,Non-reportable,On roadway,SMV,Dawn,Municipal,No control,Unknown,FALSE,FALSE,FALSE,Rain,TRUE,Road 1: SHANLEY ST; Road 2: DUKE ST W; Vehicle #1     Make: MAZD     Model: CX9     Colour: WHI     Style: TY,5/13/2021 11:29:05 AM,540525.801,4811757.763,Q4,Working,FALSE
7384,50865,20253681,11/25/2020 6:30:00 PM,2020,11,25,18,30,Wednesday,541142.0376,4806764.622,-80.491832,43.412647,Intersection,2,P.D. only,On roadway,Intersection,Dark,Regional,No control,Functioning,FALSE,FALSE,FALSE,Other,TRUE,Road 1: BLOCK LINE RD; Road 2: LAURENTIAN DR; Vehicle #1     Make: HOND     Model: CRV     Colour: RED     Style: TY; Vehicle #2     Make: TESL     Model: MSS     Colour: BLU     Style: 4B,5/13/2021 11:54:52 AM,541142.0376,4806764.622,Q4,Working,FALSE
7385,50866,20254349,11/24/2020 3:40:00 PM,2020,11,24,15,40,Tuesday,543232.0657,4804480.965,-80.466198,43.391967,Intersection,2,P.D. only,On roadway,Rear end,Daylight,Municipal,Sign Control,Functioning,FALSE,FALSE,FALSE,Clear,TRUE,Road 1: STRASBURG RD; Road 2: HURON RD; Vehicle #1     Make: TOYT     Model: MTL     Colour: RED     Style: 4D; Vehicle #2     Make:      Model:      Colour:      Style:,5/13/2021 11:55:04 AM,543232.0657,4804480.965,Q4,Working,FALSE
7386,50867,20254485,11/26/2020 5:00:00 PM,2020,11,26,17,0,Thursday,542448.9275,4807281.597,-80.47565,43.417229,Intersection,2,P.D. only,On roadway,Intersection,Dark,Regional,Sign Control,Functioning,FALSE,FALSE,FALSE,Clear,TRUE,Road 1: COUNTRY HILL DR; Road 2: BLOCK LINE RD; Vehicle #1     Make: HYUN     Model: ION     Colour: BLK     Style: 4B; Vehicle #2     Make: TOYT     Model: RG4     Colour: WHI     Style: TY,5/13/2021 11:54:54 AM,542448.9275,4807281.597,Q4,Weekend,FALSE
7387,50868,20255131,11/23/2020 8:35:00 AM,2020,11,23,8,35,Monday,539538.5145,4810102.927,-80.511395,43.442791,Non intersection,2,Non-reportable,On roadway,Rear end,Daylight,Regional,No control,Unknown,FALSE,FALSE,FALSE,Clear,TRUE,Road 1: BELMONT AVE W; Road 2: VICTORIA ST S; Vehicle #1     Make: FORD     Model: COF     Colour: BLK     Style: CW; Vehicle #2     Make:      Model:      Colour:      Style:,5/13/2021 11:52:09 AM,539538.5145,4810102.927,Q4,Working,FALSE
7388,50869,20255293,11/27/2020 6:05:00 PM,2020,11,27,18,5,Friday,546236.7412,4804744.591,-80.429077,43.394161,Non intersection,2,P.D. only,On roadway,SMV,Dark,Municipal,No control,Unknown,FALSE,FALSE,FALSE,Clear,FALSE,Road 1: ARROWHEAD CRESCENT (50 km/h); Road 2: 67 ARROWHEAD CRES; Distance: 1.0 K N; Vehicle #1     Make: VOLK     Model: JBS     Colour: GRY     Style: 4D; Vehicle #2     Make: FORD     Model: SRW     Colour: BLK     Style: PK,5/13/2021 11:55:56 AM,546236.7412,4804744.591,Q4,Weekend,FALSE
7389,50870,20255444,11/27/2020 9:50:00 PM,2020,11,27,21,50,Friday,545034.4507,4807866.461,-80.443665,43.422344,Intersection,1,Non-fatal injury,On roadway,SMV,Dark,Regional,Signal Control,Unknown,TRUE,FALSE,FALSE,Rain,FALSE,Road 1: WILSON AVE (50 km/h); Road 2: KINGSWAY DR (50 km/h); Vehicle #1     Make: HOND     Model: UAX     Colour: BLK     Style: 4D,5/13/2021 11:52:32 AM,545034.4507,4807866.461,Q4,Weekend,FALSE
7390,50871,20255602,11/28/2020 2:03:00 AM,2020,11,28,2,3,Saturday,542612.1885,4805881.316,-80.473743,43.404611,Intersection,1,Non-fatal injury,On roadway,Intersection,Dark,Municipal,Sign Control,Functioning,FALSE,FALSE,FALSE,Clear,FALSE,Road 1: MCINTYRE DR (50 km/h); Road 2: STRASBURG RD (50 km/h); Vehicle #1     Make: TOYT     Model: MTL     Colour: SIL     Style: 4D; Vehicle #2     Make: KIA     Model: SOR     Colour: WHI     Style: TY,5/13/2021 11:53:06 AM,542612.1885,4805881.316,Q4,Weekend,FALSE
7391,50872,20256112,11/28/2020 4:00:00 PM,2020,11,28,16,0,Saturday,539251.3916,4809742.621,-80.514969,43.439562,Non intersection,2,P.D. only,Off roadway,SMV,Daylight,Municipal,No control,Unknown,FALSE,FALSE,FALSE,Clear,FALSE,Road 1: PAULANDER DR (50 km/h); Road 2: 20 PAULANDER DR; Distance: 5.0 M W; Vehicle #1     Make: MITS     Model: LES     Colour: BLK     Style: 4D; Vehicle #2     Make: RAM     Model: RTR     Colour: GRY     Style: PK,5/13/2021 11:55:54 AM,539251.3916,4809742.621,Q4,Weekend,FALSE
7392,50873,20256155,11/28/2020 6:33:00 PM,2020,11,28,18,33,Saturday,537977.1849,4810066.029,-80.530692,43.44254,Non intersection,2,P.D. only,On roadway,SMV,Dark,Municipal,No control,Unknown,FALSE,FALSE,FALSE,Clear,FALSE,Road 1: 112 MARKWOOD DR (50 km/h); Road 2: MARKWOOD DR; Distance: 15.0 M S; Vehicle #1     Make: FORD     Model: FSE     Colour: GRY     Style: 4D; Vehicle #2     Make: MAZD     Model: 3SP     Colour: WHI     Style: 4D,5/13/2021 11:54:20 AM,537977.1849,4810066.029,Q4,Weekend,FALSE
7393,50874,20256882,11/29/2020 5:40:00 PM,2020,11,29,17,40,Sunday,539616.0674,4811376.331,-80.510345,43.454253,Intersection,1,Non-fatal injury,On roadway,Intersection,Dark,Municipal,Signal Control,Functioning,FALSE,FALSE,FALSE,Clear,FALSE,Road 1: GLASGOW ST (50 km/h); Road 2: PARK ST (50 km/h); Vehicle #1     Make: HOND     Model: UCL     Colour: WHI     Style: 4D; Vehicle #2     Make: NISS     Model: QST     Colour: SIL     Style: VN; Vehicle #3     Make: TOYT     Model: XLL     Colour: R,5/13/2021 11:57:32 AM,539616.0674,4811376.331,Q4,Weekend,FALSE
7394,50875,20257675,11/30/2020 6:35:00 PM,2020,11,30,18,35,Monday,540469.9593,4805999.111,-80.500189,43.405791,Non intersection,2,Non-reportable,On roadway,Rear end,Dark,Municipal,No control,Unknown,FALSE,FALSE,FALSE,Clear,TRUE,Road 1: MAX BECKER DR; Road 2: FISCHER-HALLMAN RD; Vehicle #1     Make:      Model:      Colour:      Style: ; Vehicle #2     Make: CHEV     Model: VTL     Colour: GRY     Style: 4B,5/13/2021 11:53:37 AM,540469.9593,4805999.111,Q4,Working,FALSE
7395,50876,20257691,11/2/2020 11:30:00 AM,2020,11,2,11,30,Monday,546316.8137,4803416.711,-80.428201,43.3822,Intersection,2,P.D. only,On roadway,Intersection,Daylight,Regional,Sign Control,Functioning,FALSE,FALSE,FALSE,Clear,TRUE,Road 1: DOON S DR DOON SOUTH KITCHENER; Road 2: DOON; Vehicle #1     Make: HYUN     Model: ESM     Colour: WHI     Style: 4D; Vehicle #2     Make: VOLK     Model: GSE     Colour: BLU     Style: SW,5/13/2021 11:53:31 AM,546316.8137,4803416.711,Q4,Working,FALSE
7396,50877,20257764,9/5/2020 1:15:00 PM,2020,9,5,13,15,Saturday,542135.2285,4806286.156,-80.479602,43.408283,Private Drive,2,Non-reportable,On roadway,SMV,Daylight,Municipal,No control,Unknown,FALSE,FALSE,FALSE,Clear,TRUE,Road 1: 112 KESSELRING COURT; Vehicle #1     Make:      Model:      Colour:      Style: ; Vehicle #2     Make: VOLV     Model: XC4     Colour: WHI     Style: TY,5/13/2021 11:28:07 AM,542135.2285,4806286.156,Q3,Weekend,FALSE
7397,50878,20257765,10/7/2020 4:10:00 PM,2020,10,7,16,10,Wednesday,539786.6979,4809709.345,-80.508357,43.439234,Non intersection,2,Non-reportable,On roadway,Intersection,Daylight,Municipal,No control,Unknown,FALSE,FALSE,FALSE,Clear,TRUE,Road 1: 274 HIGHLAND RD W (ON THE ROADWAY); Vehicle #1     Make:      Model:      Colour:      Style: ; Vehicle #2     Make: NISS     Model: ATS     Colour: GRY     Style: 4D,4/27/2022 10:39:41 AM,539786.6979,4809709.345,Q4,Working,FALSE
7398,50879,20257803,11/14/2020 5:30:00 PM,2020,11,14,17,30,Saturday,543373.3158,4807259.107,-80.464234,43.416973,Private Drive,2,P.D. only,On roadway,Other,Dark,Municipal,No control,Unknown,FALSE,FALSE,FALSE,Clear,TRUE,Road 1: JOSHUA ST; Vehicle #1     Make: KIA     Model: FSX     Colour: WHI     Style: 4D; Vehicle #2     Make: KIA     Model: FKG     Colour: BLK     Style: 4D,5/13/2021 11:58:18 AM,543373.3158,4807259.107,Q4,Weekend,FALSE
7399,50880,20257841,11/30/2020 9:23:00 PM,2020,11,30,21,23,Monday,543203.9802,4804494.111,-80.466544,43.392087,Intersection,2,P.D. only,Other,Intersection,Dark,Municipal,Sign Control,Functioning,FALSE,FALSE,FALSE,Snow,FALSE,Road 1: HURON RD (50 km/h); Road 2: STRASBURG RD; Distance: 1.0 M E; Vehicle #1     Make: MERZ     Model: C4A     Colour: SIL     Style: 4D; Vehicle #2     Make: TOYT     Model: CTX     Colour: BLK     Style: 4B,5/13/2021 11:57:04 AM,543203.9802,4804494.111,Q4,Working,FALSE
7400,50881,20257930,12/1/2020 12:32:00 AM,2020,12,1,0,32,Tuesday,545257.0702,4802997.579,-80.441318,43.378491,Intersection,2,P.D. only,On roadway,Intersection,Dark,Municipal,No control,Functioning,FALSE,FALSE,FALSE,Snow,FALSE,Road 1: ROBERT FERRIE DR (50 km/h); Road 2: FOREST CREEK DR (50 km/h); Vehicle #1     Make: FORD     Model: EPR     Colour: BLU     Style: TY; Vehicle #2     Make: TOYT     Model: CH4     Colour: GRY     Style: 4D,5/13/2021 11:57:07 AM,545257.0702,4802997.579,Q4,Working,FALSE
7401,50882,20258109,12/1/2020 9:54:00 AM,2020,12,1,9,54,Tuesday,536670.8625,4809949.669,-80.546842,43.441557,Non intersection,1,Non-fatal injury,Off roadway,SMV,Daylight,Regional,No control,Unknown,FALSE,FALSE,FALSE,Snow,FALSE,Road 1: UNIVERSITY AVE W (60 km/h); Road 2: GLASGOW ST; Distance: 100.0 M W; Vehicle #1     Make: TOYT     Model: CXL     Colour: GRY     Style: 4D,5/13/2021 11:57:56 AM,536670.8625,4809949.669,Q4,Working,FALSE
7402,50883,20258456,12/1/2020 5:55:00 PM,2020,12,1,17,55,Tuesday,546957.5307,4809667.679,-80.419755,43.438444,Non intersection,2,P.D. only,On roadway,SMV,Dark,Municipal,No control,Unknown,FALSE,FALSE,FALSE,Snow,TRUE,Road 1: 103 SIMS ESTATE DR; Vehicle #1     Make:      Model:      Colour:      Style: ; Vehicle #2     Make: NISS     Model: MSV     Colour: BLK     Style: 4D,5/13/2021 11:55:31 AM,546957.5307,4809667.679,Q4,Working,FALSE
7403,50884,20258482,12/1/2020 6:30:00 PM,2020,12,1,18,30,Tuesday,539685.0114,4811135.513,-80.50951,43.452081,Non intersection,2,P.D. only,On roadway,Rear end,Dark,Municipal,No control,Unknown,FALSE,FALSE,FALSE,Rain,TRUE,Road 1: STRANGE ST; Road 2: DOMINION ST; Vehicle #1     Make: ACUR     Model: MDX     Colour: BLK     Style: TY; Vehicle #2     Make: VOLK     Model: GLF     Colour: BLK     Style: 4B,5/13/2021 11:56:53 AM,539685.0114,4811135.513,Q4,Working,FALSE
7404,50885,20258518,12/1/2020 6:50:00 PM,2020,12,1,18,50,Tuesday,543986.6749,4807778.658,-80.456616,43.421616,Intersection,2,Non-reportable,On roadway,Rear end,Dark,Municipal,No control,Functioning,FALSE,FALSE,FALSE,Snow,TRUE,Road 1: SIEBERT AVE; Road 2: VANIER DR; Vehicle #1     Make:      Model:      Colour:      Style: ; Vehicle #2     Make: TOYT     Model: SIE     Colour: GRY     Style: VN,5/13/2021 11:57:03 AM,543986.6749,4807778.658,Q4,Working,FALSE
7405,50886,20258540,10/2/2020 11:45:00 AM,2020,10,2,11,45,Friday,541368.5,4812286.655,-80.488616,43.462355,Private Drive,2,P.D. only,On roadway,Intersection,Daylight,Municipal,No control,Unknown,FALSE,FALSE,FALSE,Clear,TRUE,Road 1: 15 PRINCE ALBERT BLVD; Road 2: LEGER ST; Vehicle #1     Make: HOND     Model: CCL     Colour: WHI     Style: 4D; Vehicle #2     Make: VOLK     Model: JSG     Colour: WHI     Style: CV,5/13/2021 11:58:32 AM,541368.5,4812286.655,Q4,Weekend,FALSE
7406,50887,20258670,12/1/2020 10:33:00 PM,2020,12,1,22,33,Tuesday,536498.2581,4809054.983,-80.549035,43.43351,Non intersection,2,P.D. only,Off roadway,SMV,Dark,Municipal,No control,Unknown,FALSE,FALSE,FALSE,Snow,FALSE,Road 1: WESTFOREST TRAIL (50 km/h); Road 2: HIGHGATE RD (50 km/h); Distance: 10.0 M N; Vehicle #1     Make: TOYT     Model: CEP     Colour: BLK     Style: 4D,5/13/2021 11:57:58 AM,536498.2581,4809054.983,Q4,Working,FALSE
7407,50888,20258675,12/1/2020 10:01:00 PM,2020,12,1,22,1,Tuesday,539273.8316,4805649.846,-80.514986,43.402709,Non intersection,2,P.D. only,On roadway,SMV,Dark,Municipal,No control,Unknown,FALSE,FALSE,FALSE,Snow,FALSE,Road 1: ACTIVA AVE (50 km/h); Road 2: HENHOEFFER CRES; Distance: 5.0 M W; Vehicle #1     Make:      Model:      Colour:      Style:,5/13/2021 11:58:47 AM,539273.8316,4805649.846,Q4,Working,FALSE
7408,50889,20259043,12/2/2020 1:11:00 PM,2020,12,2,13,11,Wednesday,539083.7179,4811101.058,-80.516944,43.451803,Non intersection,2,P.D. only,On roadway,Rear end,Daylight,Municipal,No control,Unknown,FALSE,FALSE,FALSE,Clear,FALSE,Road 1: BELMONT AVE W (60 km/h); Road 2: GLASGOW ST; Distance: 10.0 M S; Vehicle #1     Make: GMC     Model: STV     Colour: YEL     Style: BU; Vehicle #2     Make: NISS     Model: A2B     Colour: WHI     Style: 4D,5/13/2021 11:54:09 AM,539083.7179,4811101.058,Q4,Working,FALSE
7409,50890,20259265,12/2/2020 5:25:00 PM,2020,12,2,17,25,Wednesday,545037.3709,4812007.989,-80.443287,43.459634,Non intersection,1,Non-fatal injury,On roadway,Intersection,Dark,Regional,No control,Unknown,FALSE,FALSE,FALSE,Clear,FALSE,Road 1: LORRAINE AVE (40 km/h); Road 2: MONTCALM DR; Distance: 8.0 M S; Vehicle #1     Make: TOYT     Model: CBL     Colour: GRY     Style: 4D; Vehicle #2     Make: HYUN     Model: ESS     Colour: BLK     Style: 4D; Vehicle #3     Make: TOYT     Model: HI,5/13/2021 11:56:13 AM,545037.3709,4812007.989,Q4,Working,FALSE
7410,50891,20259296,12/2/2020 5:58:00 PM,2020,12,2,17,58,Wednesday,540671.9072,4807052.265,-80.497617,43.415262,Intersection,1,Non-fatal injury,On roadway,SMV,Dark,Municipal,Sign Control,Functioning,TRUE,FALSE,FALSE,Clear,FALSE,Road 1: DUNSMERE CT (50 km/h); Road 2: DUNSMERE DR (50 km/h); Vehicle #1     Make: GMC     Model: SIE     Colour: RED     Style: PK,5/13/2021 11:53:08 AM,540671.9072,4807052.265,Q4,Working,FALSE
7411,50892,20260769,12/4/2020 4:42:00 PM,2020,12,4,16,42,Friday,540732.7481,4811509.921,-80.496533,43.455396,Intersection,2,P.D. only,On roadway,SMV,Dusk,Municipal,Sign Control,Functioning,FALSE,FALSE,FALSE,Clear,FALSE,Road 1: DUKE ST W (50 km/h); Road 2: BREITHAUPT ST (50 km/h); Distance: 12.0 M W; Vehicle #1     Make: HOND     Model: CCL     Colour: BLK     Style: 4D; Vehicle #2     Make: MERZ     Model: C4A     Colour: SIL     Style: 4D; Vehicle #3     Make: TOYT    ,5/13/2021 11:57:22 AM,540732.7481,4811509.921,Q4,Weekend,FALSE
7412,50893,20260891,12/4/2020 6:44:00 PM,2020,12,4,18,44,Friday,542581.1937,4810126.323,-80.473794,43.442835,Intersection,1,Non-fatal injury,On roadway,SMV,Dark,Municipal,Signal Control,Functioning,TRUE,FALSE,FALSE,Clear,FALSE,Road 1: BORDEN AVE S (50 km/h); Road 2: KING ST E (50 km/h); Vehicle #1     Make: KIA     Model: FEX     Colour: SIL     Style: 4D,5/13/2021 11:57:11 AM,542581.1937,4810126.323,Q4,Weekend,FALSE
7413,50894,20261133,12/5/2020 12:21:00 AM,2020,12,5,0,21,Saturday,547354.3654,4803537.679,-80.415382,43.383225,Non intersection,1,Non-fatal injury,Off roadway,SMV,Dark,Municipal,No control,Unknown,FALSE,FALSE,FALSE,Clear,FALSE,Road 1: 389 PINNACLE DR (50 km/h); Road 2: PINNACLE DR; Distance: 10.0 K W; Vehicle #1     Make: LEXS     Model: E35     Colour: RED     Style: 4D,5/13/2021 11:56:50 AM,547354.3654,4803537.679,Q4,Weekend,FALSE
7414,50895,20263805,11/27/2020 3:55:00 PM,2020,11,27,15,55,Friday,539739.833,4806562.081,-80.509165,43.410899,Non intersection,2,Non-reportable,On roadway,Other,Daylight,Regional,No control,Unknown,FALSE,FALSE,FALSE,Clear,TRUE,Road 1: 6 BUSH CLOVER CRESCENT; Road 2: ACTIVIA; Vehicle #1     Make: TOYT     Model: CMB     Colour: GRY     Style: 4D; Vehicle #2     Make: CHEV     Model: EQU     Colour: BLK     Style: TY,5/13/2021 11:54:11 AM,539739.833,4806562.081,Q4,Weekend,FALSE
7415,50896,20264065,12/8/2020 11:24:00 PM,2020,12,8,23,24,Tuesday,544681.114,4808318.19,-80.447993,43.426433,Intersection,1,Non-fatal injury,On roadway,Intersection,Dark,Municipal,Sign Control,Functioning,FALSE,FALSE,FALSE,Clear,FALSE,Road 1: GREENFIELD AVE (50 km/h); Road 2: WOODHAVEN RD (50 km/h); Distance: 0.0 K S; Vehicle #1     Make: HOND     Model: CRV     Colour: GRY     Style: TY; Vehicle #2     Make: TOYT     Model: CTR     Colour: GRY     Style: 4B,5/13/2021 11:57:28 AM,544681.114,4808318.19,Q4,Working,FALSE
7416,50897,20264371,12/9/2020 11:39:00 AM,2020,12,9,11,39,Wednesday,542107.4974,4807133.443,-80.479879,43.415914,Intersection,1,Non-fatal injury,On roadway,SMV,Daylight,Municipal,Signal Control,Functioning,TRUE,FALSE,FALSE,Clear,FALSE,Road 1: BLOCK LINE RD (60 km/h); Road 2: STRASBURG RD (50 km/h); Distance: 1.0 M S; Vehicle #1     Make: SUBA     Model: TRB     Colour: WHI     Style: TY,5/13/2021 11:53:04 AM,542107.4974,4807133.443,Q4,Working,FALSE
7417,50898,20265369,12/1/2020 4:10:00 PM,2020,12,1,16,10,Tuesday,543663.7163,4808152.527,-80.460575,43.425001,Non intersection,2,P.D. only,On roadway,SMV,Dusk,Regional,No control,Unknown,FALSE,FALSE,FALSE,Snow,TRUE,Road 1: KIPLING AVE; Road 2: VANIER DR; Vehicle #1     Make: KIA     Model: SOU     Colour: WHI     Style: TY,5/13/2021 11:53:59 AM,543663.7163,4808152.527,Q4,Working,FALSE
7418,50899,20265438,12/3/2020 7:30:00 AM,2020,12,3,7,30,Thursday,549238.629,4806294.879,-80.391873,43.407929,Non intersection,2,P.D. only,On roadway,Rear end,Dawn,Regional,No control,Unknown,FALSE,FALSE,FALSE,Clear,TRUE,Road 1: 50 GATEWAY PARK DR; Vehicle #1     Make: NISS     Model: MUR     Colour: BLK     Style: TY; Vehicle #2     Make: HOND     Model: UCL     Colour: SIL     Style: 2D,5/13/2021 11:53:56 AM,549238.629,4806294.879,Q4,Weekend,FALSE
7419,50900,20265452,12/1/2020 5:45:00 PM,2020,12,1,17,45,Tuesday,546308.3495,4803398.961,-80.428307,43.382041,Intersection,2,Non-reportable,On roadway,Rear end,Dark,Regional,Sign Control,Functioning,FALSE,FALSE,FALSE,Clear,TRUE,Road 1: DOON S DR; Road 2: CHESTNUT HILL CRESCENT; Vehicle #1     Make: FORD     Model: SPE     Colour: WHI     Style: TY; Vehicle #2     Make:      Model:      Colour:      Style:,5/13/2021 11:51:04 AM,546308.3495,4803398.961,Q4,Working,FALSE
7420,50901,20265454,12/1/2020 1:30:00 AM,2020,12,1,1,30,Tuesday,544495.928,4804466.68,-80.450594,43.391764,Non intersection,2,Non-reportable,On roadway,SMV,Dark,Regional,No control,Unknown,FALSE,FALSE,FALSE,Snow,TRUE,Road 1: BLACK WALNUT DR; Road 2: PIONEER DR; Vehicle #1     Make: BMW     Model: 20X     Colour: WHI     Style: 4D,5/13/2021 11:52:18 AM,544495.928,4804466.68,Q4,Working,FALSE
7421,50902,20265461,12/1/2020 8:50:00 AM,2020,12,1,8,50,Tuesday,543856.7044,4805114.935,-80.458435,43.397639,Intersection,2,P.D. only,On roadway,Rear end,Daylight,Regional,Signal Control,Functioning,FALSE,FALSE,FALSE,Snow,TRUE,Road 1: TRILLIUM DR; Road 2: HURON RD; Vehicle #1     Make:      Model:      Colour:      Style: ; Vehicle #2     Make: HOND     Model: UCL     Colour: WHI     Style: 2D; Vehicle #3     Make: HOND     Model: UDY     Colour: BLU     Style: TY,5/13/2021 11:53:00 AM,543856.7044,4805114.935,Q4,Working,FALSE
7422,50903,20265542,12/1/2020 9:30:00 PM,2020,12,1,21,30,Tuesday,539087.2866,4805672.82,-80.517288,43.402926,Non intersection,2,Non-reportable,On roadway,SMV,Dark,Regional,No control,Unknown,FALSE,FALSE,FALSE,Snow,TRUE,Road 1: ACTIVA AVE; Road 2: SNOWDROP CRESCENT; Vehicle #1     Make: SUBA     Model: SWR     Colour: WHI     Style: 4D,5/13/2021 11:58:48 AM,539087.2866,4805672.82,Q4,Working,FALSE
7423,50904,20265605,11/21/2020 9:40:00 AM,2020,11,21,9,40,Saturday,537237.8279,4806873.815,-80.540046,43.413834,Non intersection,2,Non-reportable,On roadway,Intersection,Daylight,Municipal,No control,Unknown,FALSE,FALSE,FALSE,Clear,TRUE,Road 1: DRIFTWOOD DR; Road 2: DRIFTWOOD PL; Vehicle #1     Make: SUBA     Model: TRI     Colour: WHI     Style: 4B; Vehicle #2     Make:      Model:      Colour:      Style:,5/13/2021 11:58:16 AM,537237.8279,4806873.815,Q4,Weekend,FALSE
7424,50905,20265905,12/11/2020 8:00:00 AM,2020,12,11,8,0,Friday,541477.2771,4813981.022,-80.487143,43.477605,Private Drive,2,Non-reportable,On roadway,SMV,Daylight,Municipal,No control,Unknown,FALSE,FALSE,FALSE,Clear,TRUE,Road 1: 30 LANG CRESCENT; Vehicle #1     Make:      Model:      Colour:      Style: ; Vehicle #2     Make: DODG     Model: NIT     Colour: BLK     Style: TY,5/13/2021 11:57:59 AM,541477.2771,4813981.022,Q4,Weekend,FALSE
7425,50906,20265936,12/11/2020 8:49:00 PM,2020,12,11,20,49,Friday,544523.7278,4811944.688,-80.449642,43.459095,Private Drive,2,P.D. only,Off roadway,SMV,Dark,Regional,No control,Unknown,FALSE,FALSE,FALSE,Clear,FALSE,Road 1: 12 BIRKSHIRE COURT (50 km/h); Road 2: BIRKSHIRE CRT; Distance: 3.0 M E; Vehicle #1     Make: PETE     Model:      Colour:      Style:,5/13/2021 11:57:44 AM,544523.7278,4811944.688,Q4,Weekend,FALSE
7426,50907,20266220,12/11/2020 3:33:00 PM,2020,12,11,15,33,Friday,539285.2249,4810353.435,-80.514507,43.44506,Other,2,P.D. only,Off roadway,SMV,Daylight,Municipal,No control,Unknown,FALSE,FALSE,FALSE,Clear,FALSE,Road 1: BRYBECK CRESCENT (50 km/h); Road 2: 6 BRYBECK CRESCENT; Distance: 27.0 K W; Vehicle #1     Make: ICRP     Model: BUD     Colour: YEL     Style: BU,5/13/2021 11:53:47 AM,539285.2249,4810353.435,Q4,Weekend,FALSE
7427,50908,20266437,12/11/2020 8:35:00 PM,2020,12,11,20,35,Friday,545798.7571,4809256.448,-80.434107,43.434813,Intersection,2,P.D. only,On roadway,Intersection,Dark,Municipal,Sign Control,Functioning,FALSE,FALSE,FALSE,Clear,FALSE,Road 1: KINZIE AVE (50 km/h); Road 2: RUTHERFORD DR (50 km/h); Vehicle #1     Make: TOYT     Model: CBA     Colour: GRY     Style: 4D; Vehicle #2     Make: HOND     Model: ULS     Colour: BLK     Style: 4D,5/13/2021 11:53:14 AM,545798.7571,4809256.448,Q4,Weekend,FALSE