,OBJECTID,ACCIDENTNUM,ACCIDENTDATE,ACCIDENT_YEAR,ACCIDENT_MONTH,ACCIDENT_DAY,ACCIDENT_HOUR,ACCIDENT_MINUTE,Accident_Day,XCOORD,YCOORD,LONGITUDE,LATITUDE,Accident_Location,COLLISIONTYPE,Accident_Type,Impact_Location,Impact_Type,Light,Road_Jurisdication,Traffic_Control,Traffic_Control_Condition,Pedestrian_Involved,Cyclist_Involved,Motorcyclist_Involved,Environment_Condition,Self_Reported,XMLIMPORTNOTES,LASTEDITEDDATE,x,y,Quarter,Day_Type,Vulnerable_Involved
7428,50909,20266954,12/12/2020 3:04:00 PM,2020,12,12,15,4,Saturday,546035.6804,4805365.841,-80.431508,43.399768,Non intersection,1,Non-fatal injury,Off roadway,SMV,Daylight,Municipal,No control,Unknown,FALSE,FALSE,FALSE,Rain,FALSE,Road 1: MILL PARK DR (50 km/h); Road 2: GREEN VALLEY DR; Distance: 100.0 M S; Vehicle #1     Make: TOYT     Model: TAC     Colour: BLK     Style: PK,5/13/2021 11:58:52 AM,546035.6804,4805365.841,Q4,Weekend,FALSE
7429,50910,20267173,12/12/2020 2:20:00 PM,2020,12,12,14,20,Saturday,545094.9855,4807779.895,-80.442925,43.421561,Non intersection,2,P.D. only,On roadway,Intersection,Daylight,Municipal,No control,Unknown,FALSE,FALSE,FALSE,Rain,TRUE,Road 1: WILSON AVE; Road 2: FAIRWAY RD S; Vehicle #1     Make: HYUN     Model: ESM     Colour: GRY     Style: 4D; Vehicle #2     Make: FORD     Model: SPE     Colour: WHI     Style: TY,5/13/2021 11:54:13 AM,545094.9855,4807779.895,Q4,Weekend,FALSE
7430,50911,20267617,12/13/2020 3:00:00 PM,2020,12,13,15,0,Sunday,545688.0494,4807746.769,-80.435601,43.421227,Other,2,P.D. only,Off roadway,SMV,Daylight,Municipal,No control,Unknown,FALSE,FALSE,FALSE,Clear,FALSE,Road 1: WABANAKI DR (60 km/h); Road 2: HIDDEN VALLEY RD; Distance: 51.0 K W; Vehicle #1     Make: FORD     Model: CSC     Colour: WHI     Style: IC,5/13/2021 11:58:54 AM,545688.0494,4807746.769,Q4,Weekend,FALSE
7431,50912,20269028,12/15/2020 4:15:00 PM,2020,12,15,16,15,Tuesday,543214.5954,4804529.811,-80.46641,43.392408,Intersection,2,P.D. only,On roadway,Intersection,Dusk,Regional,Sign Control,Functioning,FALSE,FALSE,FALSE,Clear,TRUE,Road 1: STRASBURG RD; Road 2: HURON RD; Vehicle #1     Make: RAM     Model: RTR     Colour: WHI     Style: PK; Vehicle #2     Make: HYUN     Model: VTO     Colour: BLK     Style: 4D,5/13/2021 11:52:57 AM,543214.5954,4804529.811,Q4,Working,FALSE
7432,50913,20269584,12/6/2020 3:30:00 PM,2020,12,6,15,30,Sunday,538240.7806,4809061.054,-80.527505,43.433478,Non intersection,2,P.D. only,On roadway,Other,Daylight,Regional,No control,Unknown,FALSE,FALSE,FALSE,Clear,TRUE,Road 1: BANKSIDE DR; Road 2: FISCHER-HALLMAN RD; Vehicle #1     Make: DODG     Model: CAR     Colour: BLK     Style: VN; Vehicle #2     Make: HOND     Model: CIV     Colour: BLK     Style: 4D,5/13/2021 11:56:26 AM,538240.7806,4809061.054,Q4,Weekend,FALSE
7433,50914,20269586,12/14/2020 5:20:00 PM,2020,12,14,17,20,Monday,539002.6057,4805927.193,-80.518316,43.405221,Intersection,2,P.D. only,On roadway,Rear end,Dark,Municipal,No control,Functioning,FALSE,FALSE,FALSE,Snow,TRUE,Road 1: DAVID BERGEY DR; Road 2: ACTIVA AVE; Vehicle #1     Make: HOND     Model: PIL     Colour: BLK     Style: TY; Vehicle #2     Make: CHEV     Model: EQU     Colour: RED     Style: TY; Vehicle #3     Make: KIA     Model: 5SX     Colour: GRY     Style:,5/13/2021 11:55:06 AM,539002.6057,4805927.193,Q4,Working,FALSE
7434,50915,20269599,12/11/2020 10:30:00 PM,2020,12,11,22,30,Friday,543009.8165,4810495.185,-80.468469,43.446132,Non intersection,2,P.D. only,On roadway,Intersection,Dark,Regional,No control,Unknown,FALSE,FALSE,FALSE,Clear,TRUE,"Road 1: KITCHENER MEMORIAL AUDITORIUM (CUSTOMER SERVICE), EAST AVENUE, KITCHENER, ON, CANADA; Vehicle #1     Make: CHEV     Model: SIL     Colour: GRY     Style: PK; Vehicle #2     Make: FORD     Model: FSE     Colour: GRY     Style: 4B",5/13/2021 11:56:08 AM,543009.8165,4810495.185,Q4,Weekend,FALSE
7435,50916,20269605,12/11/2020 3:00:00 PM,2020,12,11,15,0,Friday,538511.1323,4807669.027,-80.524263,43.42093,Non intersection,2,P.D. only,On roadway,Intersection,Daylight,Municipal,No control,Unknown,FALSE,FALSE,FALSE,Clear,TRUE,Road 1: MCGARRY DR; Road 2: MCGARRY DR FOREST HEIGHTS KITCHENER; Distance:  S; Vehicle #1     Make: HOND     Model: UDY     Colour: SIL     Style: TY; Vehicle #2     Make:      Model:      Colour:      Style:,5/13/2021 11:56:06 AM,538511.1323,4807669.027,Q4,Weekend,FALSE
7436,50917,20269677,11/27/2020 7:00:00 PM,2020,11,27,19,0,Friday,546103.7615,4811507.971,-80.430148,43.455067,Private Drive,2,P.D. only,On roadway,SMV,Dark,Regional,No control,Unknown,FALSE,FALSE,FALSE,Clear,TRUE,Road 1: 51 EBYDALE DR; Vehicle #1     Make:      Model:      Colour:      Style: ; Vehicle #2     Make: DODG     Model: CHL     Colour: GRY     Style: 2D,5/13/2021 11:56:04 AM,546103.7615,4811507.971,Q4,Weekend,FALSE
7437,50918,20269692,12/2/2020 12:00:00 PM,2020,12,2,12,0,Wednesday,538331.9962,4805676.87,-80.526615,43.403001,Private Drive,2,P.D. only,On roadway,Rear end,Daylight,Regional,No control,Unknown,FALSE,FALSE,FALSE,Clear,TRUE,Road 1: 155 GRAVEL RIDGE TRAIL; Vehicle #1     Make: HYUN     Model: ESM     Colour: RED     Style: 4D; Vehicle #2     Make: FORD     Model: COF     Colour: RED     Style: PK,5/13/2021 11:56:23 AM,538331.9962,4805676.87,Q4,Working,FALSE
7438,50919,20269863,12/16/2020 5:15:00 PM,2020,12,16,17,15,Wednesday,540535.1697,4809924.598,-80.499093,43.441132,Non intersection,2,P.D. only,On roadway,Rear end,Dark,Municipal,No control,Unknown,FALSE,FALSE,FALSE,Clear,TRUE,Road 1: HIGHLAND RD E; Road 2: QUEEN ST S; Vehicle #1     Make: NISS     Model: ROG     Colour: RED     Style: 4B; Vehicle #2     Make: FORD     Model: SPE     Colour: GRN     Style: TY,8/16/2022 2:59:32 PM,540535.1697,4809924.598,Q4,Working,FALSE
7439,50920,20269989,12/16/2020 8:22:00 PM,2020,12,16,20,22,Wednesday,536640.5948,4808635.318,-80.547305,43.429724,Private Drive,2,P.D. only,Off roadway,SMV,Dark,Municipal,No control,Unknown,FALSE,FALSE,FALSE,Snow,FALSE,Road 1: 22 JACQUELINE PLACE (60 km/h); Road 2: JACQUELINE PL; Distance: 15.0 K E; Vehicle #1     Make: TOYT     Model: CBS     Colour: SIL     Style: 4D; Vehicle #2     Make: CHEV     Model: EQU     Colour: BRN     Style: TY,5/13/2021 11:54:00 AM,536640.5948,4808635.318,Q4,Working,FALSE
7440,50921,20270369,12/17/2020 11:39:00 AM,2020,12,17,11,39,Thursday,542670.7966,4810072.62,-80.472691,43.442347,Intersection,1,Non-fatal injury,On roadway,Intersection,Daylight,Regional,Sign Control,Unknown,FALSE,FALSE,FALSE,Clear,FALSE,Road 1: KING ST E (50 km/h); Road 2: ONWARD AVE (50 km/h); Vehicle #1     Make: HYUN     Model: TUC     Colour: BLU     Style: TY; Vehicle #2     Make: VOLK     Model: JSA     Colour: BLK     Style: 4D,5/13/2021 11:55:11 AM,542670.7966,4810072.62,Q4,Weekend,FALSE
7441,50922,20270751,12/17/2020 7:30:00 PM,2020,12,17,19,30,Thursday,543522.5562,4807203.362,-80.462395,43.416463,Private Drive,2,P.D. only,On roadway,SMV,Dark,Municipal,No control,Unknown,FALSE,FALSE,FALSE,Clear,TRUE,Road 1: 11 BRISBANE DR; Road 2: FALLOWFIELD DR; Vehicle #1     Make: MERZ     Model: GK3     Colour: SIL     Style: TY; Vehicle #2     Make: ACUR     Model: TST     Colour: WHI     Style: 4D,5/13/2021 11:54:06 AM,543522.5562,4807203.362,Q4,Weekend,FALSE
7442,50923,20271067,11/30/2020 9:00:00 AM,2020,11,30,9,0,Monday,545243.5473,4812482.085,-80.4407,43.46389,Private Drive,2,P.D. only,Off roadway,SMV,Daylight,Regional,No control,Unknown,FALSE,FALSE,FALSE,Clear,TRUE,Road 1: 26 KEEWATIN AVE; Vehicle #1     Make: TOYT     Model: MTL     Colour: BLU     Style: 4D; Vehicle #2     Make: PONT     Model: GRA     Colour: BLU     Style: 4D,5/13/2021 11:56:01 AM,545243.5473,4812482.085,Q4,Working,FALSE
7443,50924,20271127,12/6/2020 12:30:00 PM,2020,12,6,12,30,Sunday,539687.3279,4807476.405,-80.509747,43.419134,Non intersection,2,P.D. only,On roadway,Rear end,Daylight,Municipal,No control,Unknown,FALSE,FALSE,FALSE,Clear,TRUE,Road 1: 17 WINDALE CRESCENT; Vehicle #1     Make: TOYT     Model: LLX     Colour: GRY     Style: 4D; Vehicle #2     Make: CHEV     Model: CZT     Colour: BGE     Style: 4D,5/13/2021 11:55:52 AM,539687.3279,4807476.405,Q4,Weekend,FALSE
7444,50925,20271130,12/18/2020 9:54:00 AM,2020,12,18,9,54,Friday,540780.6061,4812295.016,-80.495883,43.462462,Intersection,2,P.D. only,On roadway,Intersection,Daylight,Regional,Sign Control,Functioning,FALSE,FALSE,FALSE,Clear,FALSE,Road 1: GUELPH ST (50 km/h); Road 2: BRUNSWICK AVE (50 km/h); Vehicle #1     Make:      Model:      Colour:      Style: ; Vehicle #2     Make: DODG     Model: CAR     Colour: BLK     Style: VN,5/13/2021 11:53:03 AM,540780.6061,4812295.016,Q4,Weekend,FALSE
7445,50926,20271367,8/20/2020 2:00:00 PM,2020,8,20,14,0,Thursday,545531.6933,4803103.866,-80.437919,43.379431,Non intersection,2,Non-reportable,On roadway,SMV,Daylight,Municipal,No control,Unknown,FALSE,FALSE,FALSE,Clear,TRUE,Road 1: 11 REYNOLDS COURT; Vehicle #1     Make: HOND     Model: ULS     Colour: BLU     Style: 4D; Vehicle #2     Make: CHEV     Model: CZT     Colour: RED     Style: 4D,5/13/2021 11:26:59 AM,545531.6933,4803103.866,Q3,Weekend,FALSE
7446,50927,20271436,12/18/2020 3:07:00 PM,2020,12,18,15,7,Friday,542582.0944,4810126.145,-80.473783,43.442834,Intersection,1,Non-fatal injury,On roadway,Intersection,Daylight,Regional,Signal Control,Functioning,FALSE,FALSE,FALSE,Clear,FALSE,Road 1: KING ST E (50 km/h); Road 2: BORDEN AVE N (50 km/h); Vehicle #1     Make: FORD     Model: FSH     Colour: BLK     Style: 4D; Vehicle #2     Make: TOYT     Model: YSE     Colour: GRY     Style: 4B,5/13/2021 11:53:27 AM,542582.0944,4810126.146,Q4,Weekend,FALSE
7447,50928,20271866,12/18/2020 11:00:00 PM,2020,12,18,23,0,Friday,541662.0241,4810409.267,-80.485131,43.445435,Intersection,2,P.D. only,On roadway,Intersection,Dark,Municipal,Sign Control,Unknown,FALSE,FALSE,FALSE,Clear,TRUE,Road 1: CEDAR ST S; Road 2: CHURCH ST; Vehicle #1     Make: HYUN     Model: EGM     Colour: GRY     Style: 4D; Vehicle #2     Make:      Model:      Colour:      Style:,5/13/2021 11:53:12 AM,541662.0241,4810409.267,Q4,Weekend,FALSE
7448,50929,20272096,8/22/2020 12:30:00 PM,2020,8,22,12,30,Saturday,543248.6108,4804518.468,-80.465991,43.392304,Intersection,2,P.D. only,On roadway,Intersection,Daylight,Regional,Sign Control,Functioning,FALSE,FALSE,FALSE,Clear,TRUE,Road 1: HURON; Road 2: STRASBURG RD; Vehicle #1     Make: LEXS     Model: RX0     Colour: GRY     Style: TY; Vehicle #2     Make: OLDS     Model: AUR     Colour: GRY     Style: 4D,5/13/2021 11:36:10 AM,543248.6108,4804518.468,Q3,Weekend,FALSE
7449,50930,20272168,8/23/2020 1:10:00 AM,2020,8,23,1,10,Sunday,541747.3316,4812108.402,-80.483947,43.460729,Non intersection,2,P.D. only,On roadway,SMV,Dark,Regional,No control,Unknown,FALSE,FALSE,FALSE,Clear,TRUE,Road 1: WELLINGTON ST N; Road 2: LANCASTER ST W; Vehicle #1     Make: HYUN     Model: SFT     Colour: GRY     Style: TY,5/13/2021 11:37:33 AM,541747.3316,4812108.402,Q3,Weekend,FALSE
7450,50931,20272233,8/7/2020 11:30:00 AM,2020,8,7,11,30,Friday,541937.7339,4811093.66,-80.481671,43.451581,Private Drive,2,P.D. only,On roadway,Other,Daylight,Regional,No control,Unknown,FALSE,FALSE,FALSE,Clear,TRUE,Road 1: 168 LANCASTER ST E; Vehicle #1     Make:      Model:      Colour:      Style: ; Vehicle #2     Make: HYUN     Model: ESS     Colour: BLK     Style: 4D,5/13/2021 11:37:24 AM,541937.7339,4811093.66,Q3,Weekend,FALSE
7451,50932,20272236,8/7/2020 6:30:00 AM,2020,8,7,6,30,Friday,540268.4538,4809967.122,-80.502385,43.44153,Non intersection,2,P.D. only,On roadway,Other,Daylight,Regional,No control,Unknown,FALSE,FALSE,FALSE,Clear,TRUE,Road 1: WEST AVE; Road 2: HIGHLAND RD W; Vehicle #1     Make: HYUN     Model: SGL     Colour: BLK     Style: 4D; Vehicle #2     Make:      Model:      Colour:      Style:,8/16/2022 3:05:49 PM,540268.4538,4809967.122,Q3,Weekend,FALSE
7452,50933,20272247,8/6/2020 10:00:00 AM,2020,8,6,10,0,Thursday,545157.7044,4807241.89,-80.442194,43.416713,Intersection,2,P.D. only,On roadway,Intersection,Daylight,Municipal,Sign Control,Functioning,FALSE,FALSE,FALSE,Clear,TRUE,Road 1: WILSON AVE; Road 2: WEBSTER RD; Vehicle #1     Make: GMC     Model: SAV     Colour: WHI     Style: FV; Vehicle #2     Make: TOYT     Model: SIE     Colour: GRY     Style: VN,5/13/2021 11:25:47 AM,545157.7044,4807241.89,Q3,Weekend,FALSE
7453,50934,20272250,12/19/2020 12:13:00 PM,2020,12,19,12,13,Saturday,545056.7121,4804814.776,-80.443642,43.394865,Private Drive,2,P.D. only,Off roadway,SMV,Daylight,Municipal,No control,Unknown,FALSE,FALSE,FALSE,Snow,FALSE,Road 1: PIONEER DR (50 km/h); Road 2: 399 PIONEER DR; Distance: 5.0 K W; Vehicle #1     Make: TOYT     Model: RUN     Colour: BLK     Style: TY; Vehicle #2     Make: SUBA     Model: FOR     Colour: RED     Style: TY,5/13/2021 11:54:31 AM,545056.7121,4804814.776,Q4,Weekend,FALSE
7454,50935,20272419,12/19/2020 2:15:00 PM,2020,12,19,14,15,Saturday,544116.6661,4809295.554,-80.454887,43.435266,Intersection,2,P.D. only,On roadway,Intersection,Daylight,Regional,Sign Control,Functioning,FALSE,FALSE,FALSE,Snow,FALSE,Road 1: 2ND AVE (50 km/h); Road 2: KINGSWAY DR (50 km/h); Vehicle #1     Make: KIA     Model: RIO     Colour: SIL     Style: 4B; Vehicle #2     Make: CHEV     Model: CZT     Colour: GRY     Style: 4D,5/13/2021 11:54:40 AM,544116.6661,4809295.554,Q4,Weekend,FALSE
7455,50936,20272420,12/19/2020 2:20:00 PM,2020,12,19,14,20,Saturday,543930.6567,4809147.069,-80.457198,43.43394,Intersection,2,P.D. only,On roadway,Rear end,Daylight,Municipal,Sign Control,Unknown,FALSE,FALSE,FALSE,Snow,FALSE,Road 1: FIRST AVE (20 km/h); Road 2: ECKERT ST (20 km/h); Vehicle #1     Make: KIA     Model: RIO     Colour: SIL     Style: 4B; Vehicle #2     Make: CHEV     Model: CZT     Colour: GRY     Style: 4D,5/13/2021 11:54:43 AM,543930.6567,4809147.069,Q4,Weekend,FALSE
7456,50937,20272931,8/6/2020 1:00:00 PM,2020,8,6,13,0,Thursday,542747.9736,4816293.221,-80.47125,43.498352,Private Drive,2,P.D. only,On roadway,SMV,Daylight,Municipal,No control,Unknown,FALSE,FALSE,FALSE,Clear,TRUE,Road 1: EAGLECREST ST (IFO 65); Road 2: KESTREL ST; Vehicle #1     Make: HYUN     Model: EGM     Colour: BLK     Style: 4D; Vehicle #2     Make: BMW     Model: 325     Colour: BLK     Style: 4D,5/13/2021 11:28:34 AM,542747.9736,4816293.221,Q3,Weekend,FALSE
7457,50938,20272936,7/26/2020 2:40:00 PM,2020,7,26,14,40,Sunday,542581.6169,4810126.523,-80.473789,43.442837,Intersection,2,Non-reportable,On roadway,Other,Daylight,Regional,Signal Control,Functioning,FALSE,FALSE,FALSE,Clear,TRUE,Road 1: KING ST; Road 2: BORDEN AVE N; Vehicle #1     Make:      Model:      Colour:      Style: ; Vehicle #2     Make: KIA     Model: FLG     Colour: SIL     Style: 4D,5/13/2021 11:38:03 AM,542581.6169,4810126.523,Q3,Weekend,FALSE
7458,50939,20272968,7/4/2020 10:30:00 AM,2020,7,4,10,30,Saturday,538293.1529,4807863.585,-80.526942,43.422693,Non intersection,2,P.D. only,On roadway,SMV,Daylight,Municipal,No control,Unknown,FALSE,FALSE,FALSE,Clear,TRUE,Road 1: SILVER ASPEN CRESCENT (IFO 62); Vehicle #1     Make:      Model:      Colour:      Style: ; Vehicle #2     Make: TOYT     Model: TUN     Colour: WHI     Style: PK,5/13/2021 11:31:33 AM,538293.1529,4807863.585,Q3,Weekend,FALSE
7459,50940,20272999,7/15/2020 3:03:00 PM,2020,7,15,15,3,Wednesday,541132.1115,4813888.771,-80.491417,43.476793,Private Drive,2,P.D. only,On roadway,Other,Daylight,Municipal,No control,Unknown,FALSE,FALSE,FALSE,Clear,TRUE,Road 1: LANG CRESCENT (IFO 91); Vehicle #1     Make:      Model:      Colour:      Style: ; Vehicle #2     Make: RAM     Model: RTR     Colour: BLK     Style: PK,5/13/2021 11:26:08 AM,541132.1115,4813888.771,Q3,Working,FALSE
7460,50941,20273081,6/26/2020 12:40:00 PM,2020,6,26,12,40,Friday,539600.4293,4805656.471,-80.510953,43.402752,Private Drive,2,Non-reportable,On roadway,SMV,Daylight,Municipal,No control,Unknown,FALSE,FALSE,FALSE,Clear,TRUE,Road 1: 11 YARROW COURT (IFO HOSUE); Vehicle #1     Make:      Model:      Colour:      Style: ; Vehicle #2     Make: LEXS     Model: RX5     Colour: GRY     Style: TY,5/13/2021 11:28:54 AM,539600.4293,4805656.471,Q2,Weekend,FALSE
7461,50942,20273111,6/25/2020 5:30:00 PM,2020,6,25,17,30,Thursday,541409.6617,4808700.561,-80.48838,43.430063,Private Drive,2,Non-reportable,On roadway,Intersection,Daylight,Municipal,No control,Unknown,FALSE,FALSE,FALSE,Clear,TRUE,Road 1: HOFFMAN ST (IFO 357); Vehicle #1     Make: FORD     Model: FL     Colour: BLK     Style: 4D; Vehicle #2     Make: TOYT     Model: RV4     Colour: SIL     Style: TY,5/13/2021 11:28:56 AM,541409.6617,4808700.561,Q2,Weekend,FALSE
7462,50943,20273119,6/17/2020 4:00:00 PM,2020,6,17,16,0,Wednesday,542406.9335,4816057.443,-80.475486,43.496249,Private Drive,2,P.D. only,On roadway,SMV,Daylight,Municipal,No control,Unknown,FALSE,FALSE,FALSE,Clear,TRUE,Road 1: HAWKSWOOD DR (IFO 135); Vehicle #1     Make:      Model:      Colour:      Style: ; Vehicle #2     Make: LEXS     Model: RX5     Colour: GRY     Style: TY,5/13/2021 11:31:36 AM,542406.9335,4816057.443,Q2,Working,FALSE
7463,50944,20273141,6/23/2020 7:45:00 AM,2020,6,23,7,45,Tuesday,543565.1685,4812259.417,-80.461465,43.461985,Intersection,2,Non-reportable,On roadway,Rear end,Daylight,Regional,Signal Control,Functioning,FALSE,FALSE,FALSE,Clear,TRUE,Road 1: FREDERICK ST; Road 2: RIVER RD E; Vehicle #1     Make:      Model:      Colour:      Style: ; Vehicle #2     Make: HYUN     Model: SFT     Colour: ONG     Style: TY,5/13/2021 11:38:43 AM,543565.1685,4812259.417,Q2,Working,FALSE
7464,50945,20273835,5/13/2020 2:00:00 PM,2020,5,13,14,0,Wednesday,544211.5346,4811863.282,-80.453507,43.45838,Intersection,2,P.D. only,On roadway,Rear end,Daylight,Regional,Sign Control,Functioning,FALSE,FALSE,FALSE,Clear,TRUE,Road 1: NIAGARA RD; Road 2: RIVER RD; Vehicle #1     Make:      Model:      Colour:      Style: ; Vehicle #2     Make: TOYT     Model: HV4     Colour: BLU     Style: TY,5/13/2021 11:36:00 AM,544211.5346,4811863.282,Q2,Working,FALSE
7465,50946,20273931,4/10/2020 9:20:00 AM,2020,4,10,9,20,Friday,539122.1896,4809001.603,-80.516619,43.432897,Non intersection,2,P.D. only,On roadway,SMV,Daylight,Municipal,No control,Unknown,FALSE,FALSE,FALSE,Clear,TRUE,Road 1: OVERLEA COURT (IFO 10); Road 2: OVERLEA DR; Vehicle #1     Make:      Model:      Colour:      Style: ; Vehicle #2     Make: ACUR     Model: RSX     Colour: BGE     Style: 2B,5/13/2021 11:35:18 AM,539122.1896,4809001.603,Q2,Weekend,FALSE
7466,50947,20273964,12/1/2020 4:00:00 PM,2020,12,1,16,0,Tuesday,542110.9394,4812324.919,-80.479436,43.462658,Intersection,2,P.D. only,On roadway,Intersection,Dusk,Regional,Sign Control,Unknown,FALSE,FALSE,FALSE,Snow,TRUE,Road 1: WELLINGTON ST N; Road 2: SPRING VALLEY RD; Vehicle #1     Make: HYUN     Model: EGM     Colour: BLK     Style: 4D; Vehicle #2     Make: FORD     Model: COF     Colour: WHI     Style: PK,5/13/2021 11:54:47 AM,542110.9394,4812324.919,Q4,Working,FALSE
7467,50948,20273996,12/2/2020 4:00:00 PM,2020,12,2,16,0,Wednesday,543485.1615,4811605.92,-80.462506,43.456106,Non intersection,2,P.D. only,On roadway,SMV,Dusk,Municipal,No control,Unknown,FALSE,FALSE,FALSE,Clear,TRUE,Road 1: KRUG ST; Road 2: ETON DR; Vehicle #1     Make: ACUR     Model: MDX     Colour: WHI     Style: TY; Vehicle #2     Make:      Model:      Colour:      Style:,5/13/2021 11:58:42 AM,543485.1615,4811605.92,Q4,Working,FALSE
7468,50949,20275251,12/15/2020 11:15:00 AM,2020,12,15,11,15,Tuesday,547406.2558,4805674.048,-80.414557,43.402457,Private Drive,2,P.D. only,On roadway,SMV,Daylight,Municipal,No control,Unknown,FALSE,FALSE,FALSE,Clear,TRUE,Road 1: 216 LONGVIEW CRESCENT (IFO); Vehicle #1     Make:      Model:      Colour:      Style: ; Vehicle #2     Make: HYUN     Model: R5G     Colour: BLU     Style: TY,5/13/2021 11:56:29 AM,547406.2558,4805674.048,Q4,Working,FALSE
7469,50950,20275266,12/21/2020 4:30:00 PM,2020,12,21,16,30,Monday,541741.3481,4810345.908,-80.484156,43.44486,Non intersection,2,Non-reportable,On roadway,SMV,Dusk,Regional,No control,Unknown,FALSE,FALSE,FALSE,Clear,TRUE,Road 1: 162 CHURCH ST; Vehicle #1     Make: GMC     Model: ACA     Colour: BLK     Style: TY; Vehicle #2     Make: DODG     Model: CHS     Colour: BLK     Style: 4D,5/13/2021 11:58:01 AM,541741.3481,4810345.908,Q4,Working,FALSE
7470,50951,20275279,12/23/2020 2:30:00 PM,2020,12,23,14,30,Wednesday,542546.2031,4804126.977,-80.474694,43.388819,Private Drive,2,P.D. only,On roadway,Other,Daylight,Municipal,No control,Unknown,FALSE,FALSE,FALSE,Clear,TRUE,Road 1: FEATHERSTONE CRESCENT (IFO 313); Road 2: FEATHERSTONE ST; Vehicle #1     Make: ACUR     Model: ATL     Colour: GRY     Style: 4D; Vehicle #2     Make: TOYT     Model: CEP     Colour: BLK     Style: 4D,5/13/2021 11:54:26 AM,542546.2031,4804126.977,Q4,Working,FALSE
7471,50952,20275327,12/23/2020 4:02:00 PM,2020,12,23,16,2,Wednesday,546155.4082,4812407.768,-80.429434,43.463165,Private Drive,2,P.D. only,Off roadway,SMV,Dusk,Municipal,No control,Unknown,FALSE,FALSE,FALSE,Clear,FALSE,Road 1: 12 STANMORE AVE (10 km/h); Road 2: STANMORE AVE; Distance: 5.0 M S; Vehicle #1     Make: HYUN     Model: ION     Colour: GRY     Style: 4B,5/13/2021 11:57:53 AM,546155.4082,4812407.768,Q4,Working,FALSE
7472,50953,20275871,12/22/2020 10:00:00 AM,2020,12,22,10,0,Tuesday,543000.2965,4810512.247,-80.468585,43.446286,Non intersection,2,P.D. only,On roadway,Intersection,Daylight,Municipal,No control,Unknown,FALSE,FALSE,FALSE,Clear,TRUE,Road 1: EAST AVE (IFO 400); Vehicle #1     Make: GMC     Model: CAN     Colour: BLK     Style: PK; Vehicle #2     Make: KIA     Model: FNG     Colour: WHI     Style: 4D,5/13/2021 11:53:53 AM,543000.2965,4810512.247,Q4,Working,FALSE
7473,50954,20275884,12/6/2020 6:00:00 PM,2020,12,6,18,0,Sunday,541510.3499,4812289.967,-80.486862,43.462377,Non intersection,2,Non-reportable,On roadway,SMV,Dark,Municipal,No control,Unknown,FALSE,FALSE,FALSE,Clear,TRUE,Road 1: 42 EDWIN ST; Vehicle #1     Make: FORD     Model: TRN     Colour: WHI     Style: FV; Vehicle #2     Make: CHEV     Model: SIL     Colour: WHI     Style: PK,5/13/2021 11:55:34 AM,541510.3499,4812289.967,Q4,Weekend,FALSE
7474,50955,20276135,12/24/2020 8:00:00 PM,2020,12,24,20,0,Thursday,544611.6296,4809092.409,-80.448788,43.433408,Intersection,2,P.D. only,On roadway,Intersection,Dark,Municipal,Signal Control,Functioning,FALSE,FALSE,FALSE,Snow,TRUE,Road 1: KINGSWAY DR; Road 2: FRANKLIN ST S; Vehicle #1     Make: VOLK     Model: PTL     Colour: WHI     Style: 4D; Vehicle #2     Make:      Model:      Colour:      Style:,5/13/2021 11:53:24 AM,544611.6296,4809092.409,Q4,Weekend,FALSE
7475,50956,20276149,12/24/2020 6:22:00 PM,2020,12,24,18,22,Thursday,546633.9297,4802741.21,-80.424344,43.376098,Intersection,2,P.D. only,On roadway,SMV,Dark,Municipal,Sign Control,Functioning,FALSE,FALSE,FALSE,Snow,FALSE,Road 1: THOMAS SLEE DR (50 km/h); Road 2: ROBERT FERRIE DR (50 km/h); Vehicle #1     Make: TOYT     Model: CBL     Colour: SIL     Style: 4D,5/13/2021 11:57:09 AM,546633.9297,4802741.21,Q4,Weekend,FALSE
7476,50957,20276157,12/24/2020 6:26:00 PM,2020,12,24,18,26,Thursday,544910.6788,4812482.348,-80.444814,43.463913,Intersection,2,P.D. only,Off roadway,SMV,Dark,Municipal,Sign Control,Functioning,FALSE,FALSE,FALSE,Snow,FALSE,Road 1: NATCHEZ RD (50 km/h); Road 2: HALIFAX DR (50 km/h); Vehicle #1     Make: PETE     Model:      Colour:      Style:,5/13/2021 11:55:03 AM,544910.6788,4812482.348,Q4,Weekend,FALSE