,OBJECTID,ACCIDENTNUM,ACCIDENTDATE,ACCIDENT_YEAR,ACCIDENT_MONTH,ACCIDENT_DAY,ACCIDENT_HOUR,ACCIDENT_MINUTE,Accident_Day,XCOORD,YCOORD,LONGITUDE,LATITUDE,Accident_Location,COLLISIONTYPE,Accident_Type,Impact_Location,Impact_Type,Light,Road_Jurisdication,Traffic_Control,Traffic_Control_Condition,Pedestrian_Involved,Cyclist_Involved,Motorcyclist_Involved,Environment_Condition,Self_Reported,XMLIMPORTNOTES,LASTEDITEDDATE,x,y,Quarter,Day_Type,Vulnerable_Involved
7575,51056,21028846,2/6/2021 11:49:00 AM,2021,2,6,11,49,Saturday,539677.0367,4806484.208,-80.509947,43.410201,Intersection,2,P.D. only,On roadway,Intersection,Daylight,Municipal,No control,Functioning,FALSE,FALSE,FALSE,Clear,FALSE,Road 1: ACTIVA AVE (50 km/h); Road 2: WILDERNESS DR (50 km/h); Charged Driver #1 on page 1: NA NA (NA) (NA); Vehicle #1     Make: TOYO     Model: HAT     Colour: RED     Style: 2B; Vehicle #2     Make: CHEV     Model: CZL     Colour: BLK     Style: 4D,12/20/2021 10:56:46 AM,539677.0367,4806484.208,Q1,Weekend,FALSE
7576,51057,21028931,2/5/2021 8:37:00 PM,2021,2,5,20,37,Friday,545397.5153,4812228.527,-80.438817,43.461598,Private Drive,2,P.D. only,On roadway,SMV,Dark,Municipal,No control,Unknown,FALSE,FALSE,FALSE,Snow,FALSE,Road 1: WIMBLETON CRESCENT (50 km/h); Road 2: LORRAINE AVE; Distance: 25.0 M W; Vehicle #1     Make:      Model: -     Colour:      Style: ; Vehicle #2     Make: CHEV     Model: SIL     Colour: WHI     Style: PK,12/20/2021 10:50:26 AM,545397.5153,4812228.527,Q1,Weekend,FALSE
7577,51058,21029917,2/7/2021 9:15:00 PM,2021,2,7,21,15,Sunday,547770.9028,4810989.174,-80.409589,43.450291,Intersection,2,P.D. only,On roadway,SMV,Dark,Municipal,No control,Functioning,TRUE,FALSE,FALSE,Clear,FALSE,Road 1: ZELLER DR (50 km/h); Road 2: PEBBLECREEK DR (50 km/h); Vehicle #1     Make:      Model: -     Colour:      Style:,12/20/2021 10:49:37 AM,547770.9028,4810989.174,Q1,Weekend,FALSE
7578,51059,21030307,2/8/2021 12:57:00 PM,2021,2,8,12,57,Monday,543568.9198,4804977.5,-80.461999,43.396418,Intersection,2,P.D. only,On roadway,Intersection,Daylight,Regional,No control,Functioning,FALSE,FALSE,FALSE,Clear,FALSE,Road 1: HURON RD (50 km/h); Road 2: BATTLER RD (50 km/h); Vehicle #1     Make: CHEV     Model: VTL     Colour: SIL     Style: 4B; Vehicle #2     Make: FORD     Model: FSE     Colour: BLU     Style: 4D; Vehicle #3     Make: FRHT     Model: FM2     Colour: ,12/20/2021 10:50:00 AM,543568.9198,4804977.5,Q1,Working,FALSE
7579,51060,21030658,2/8/2021 11:37:00 PM,2021,2,8,23,37,Monday,540318.2539,4811877.773,-80.501629,43.458731,Non intersection,2,P.D. only,Off roadway,SMV,Dark,Municipal,No control,Unknown,FALSE,FALSE,FALSE,Snow,FALSE,Road 1: WATERLOO ST (50 km/h); Road 2: SHANLEY ST; Distance: 200.0 M N; Charged Driver #1 on page 1: NA NA (NA) (NA); Vehicle #1     Make: MITS     Model: OUT     Colour: BRN     Style: TY,12/20/2021 10:57:01 AM,540318.2539,4811877.773,Q1,Working,FALSE
7580,51061,21031028,2/9/2021 2:15:00 PM,2021,2,9,14,15,Tuesday,540092.1438,4808379.586,-80.504681,43.427245,Non intersection,2,Non-reportable,On roadway,Intersection,Daylight,Municipal,No control,Unknown,FALSE,FALSE,FALSE,Clear,TRUE,Road 1: VILLAGE RD; Road 2: WESTMOUNT RD; Vehicle #1     Make: CHEV     Model: EXP     Colour: YEL     Style: BU; Vehicle #2     Make: TOYT     Model: UCS     Colour: GRY     Style: 4D,12/20/2021 10:53:14 AM,540092.1438,4808379.586,Q1,Working,FALSE
7581,51062,21031115,1/10/2021 1:30:00 PM,2021,1,10,13,30,Sunday,549488.9957,4806210.871,-80.388788,43.407156,Intersection,2,P.D. only,On roadway,Rear end,Daylight,Municipal,No control,Functioning,FALSE,FALSE,FALSE,Clear,TRUE,Road 1: TU-LANE ST; Road 2: GATEWAY PARK DR; Vehicle #1     Make: CHEV     Model: SIL     Colour: BLK     Style: PK; Vehicle #2     Make:      Model:      Colour:      Style:,12/20/2021 10:49:40 AM,549488.9957,4806210.871,Q1,Weekend,FALSE
7582,51063,21031480,2/10/2021 4:58:00 AM,2021,2,10,4,58,Wednesday,542239.3859,4806971.056,-80.478262,43.414444,Non intersection,2,P.D. only,Off roadway,SMV,Dark,Regional,No control,Unknown,FALSE,FALSE,FALSE,Clear,FALSE,Road 1: 695 STRASBURG RD (50 km/h); Road 2: STRASBURG RD; Distance: 27.0 M N; Charged Driver #1 on page 1: NA NA (NA) (NA); Vehicle #1     Make: TOYT     Model: CH4     Colour: GRY     Style: 4D,4/22/2022 2:25:09 PM,542239.3859,4806971.056,Q1,Working,FALSE
7583,51064,21031965,2/4/2021 11:05:00 AM,2021,2,4,11,5,Thursday,544503.5897,4807178.462,-80.450279,43.416181,Non intersection,2,P.D. only,On roadway,Other,Daylight,Municipal,No control,Unknown,FALSE,FALSE,FALSE,Clear,TRUE,Road 1: CRESS LN; Road 2: MANITOU DR; Vehicle #1     Make: CHEV     Model: OP5     Colour: RED     Style: 4B; Vehicle #2     Make: LNDR     Model: RRV     Colour: BLK     Style: TY,12/20/2021 10:50:30 AM,544503.5896,4807178.462,Q1,Weekend,FALSE
7584,51065,21031978,2/7/2021 8:00:00 PM,2021,2,7,20,0,Sunday,542929.3375,4803928.164,-80.469979,43.387007,Non intersection,2,Non-reportable,On roadway,SMV,Dark,Municipal,No control,Unknown,FALSE,FALSE,FALSE,Snow,TRUE,Road 1: NEWCASTLE DR (IFO 88); Vehicle #1     Make:      Model:      Colour:      Style: ; Vehicle #2     Make: KIA     Model: RBL     Colour: SIL     Style: 4B,12/20/2021 10:54:44 AM,542929.3374,4803928.164,Q1,Weekend,FALSE
7585,51066,21031989,2/1/2021 9:30:00 AM,2021,2,1,9,30,Monday,545588.3459,4807850.562,-80.436824,43.422167,Non intersection,2,P.D. only,On roadway,Intersection,Daylight,Regional,No control,Unknown,FALSE,FALSE,FALSE,Clear,TRUE,Road 1: WABANAKI DR; Road 2: FAIRWAY RD S; Vehicle #1     Make: KIA     Model: ROL     Colour: BLU     Style: SW; Vehicle #2     Make:      Model:      Colour:      Style:,12/20/2021 10:50:33 AM,545588.3459,4807850.562,Q1,Working,FALSE
7586,51067,21031992,2/3/2021 8:10:00 AM,2021,2,3,8,10,Wednesday,545303.7363,4811100.035,-80.44007,43.451443,Private Drive,2,Non-reportable,On roadway,Intersection,Daylight,Municipal,No control,Unknown,FALSE,FALSE,FALSE,Clear,TRUE,Road 1: OLD CHICOPEE DR (IFO 23); Road 2: OTTAWA ST N; Vehicle #1     Make: DODG     Model: RPC     Colour: RED     Style: CW; Vehicle #2     Make: RAM     Model: RTR     Colour: SIL     Style: CW,12/20/2021 10:54:39 AM,545303.7363,4811100.035,Q1,Working,FALSE
7587,51068,21032303,2/8/2021 10:45:00 AM,2021,2,8,10,45,Monday,538692.5401,4808592.639,-80.521957,43.429237,Private Drive,2,P.D. only,On roadway,Intersection,Daylight,Municipal,No control,Unknown,FALSE,FALSE,FALSE,Clear,TRUE,Road 1: 1500 QUEEN'S BLVD; Vehicle #1     Make: HOND     Model: UEX     Colour: RED     Style: 2D; Vehicle #2     Make: KIA     Model: RIL     Colour: BLU     Style: 4B,12/20/2021 10:51:29 AM,538692.5401,4808592.639,Q1,Working,FALSE
7588,51069,21032819,1/3/2021 10:30:00 AM,2021,1,3,10,30,Sunday,543182.4589,4811451.482,-80.466259,43.454733,Private Drive,2,P.D. only,On roadway,SMV,Daylight,Municipal,No control,Unknown,FALSE,FALSE,FALSE,Clear,TRUE,Road 1: KRUG ST; Road 2: BECKER ST; Vehicle #1     Make:      Model:      Colour:      Style: ; Vehicle #2     Make: HOND     Model: UCL     Colour: GRY     Style: 4D,12/20/2021 10:50:10 AM,543182.4589,4811451.482,Q1,Weekend,FALSE
7589,51070,21033302,1/23/2021 10:10:00 PM,2021,1,23,22,10,Saturday,541359.4279,4812629.607,-80.488702,43.465443,Private Drive,2,Non-reportable,On roadway,SMV,Dark,Municipal,No control,Unknown,FALSE,FALSE,FALSE,Clear,TRUE,Road 1: 169 EDWIN ST; Vehicle #1     Make:      Model:      Colour:      Style: ; Vehicle #2     Make: FORD     Model: FKS     Colour: GRY     Style: 4D,12/20/2021 10:54:42 AM,541359.4279,4812629.607,Q1,Weekend,FALSE
7590,51071,21033406,1/24/2021 2:00:00 PM,2021,1,24,14,0,Sunday,549651.0158,4805822.31,-80.386823,43.403647,Non intersection,2,P.D. only,On roadway,Other,Daylight,Regional,No control,Unknown,FALSE,FALSE,FALSE,Clear,TRUE,Road 1: 19 EDGEHILL DR; Vehicle #1     Make: JEEP     Model: WUL     Colour: BLU     Style: TY; Vehicle #2     Make: JEEP     Model: GCK     Colour: BLK     Style: TY,12/20/2021 10:55:18 AM,549651.0158,4805822.31,Q1,Weekend,FALSE
7591,51072,21034362,2/13/2021 3:45:00 PM,2021,2,13,15,45,Saturday,544710.8018,4811717.153,-80.447348,43.457035,Non intersection,2,P.D. only,On roadway,SMV,Daylight,Municipal,No control,Unknown,FALSE,FALSE,FALSE,Clear,FALSE,Road 1: BAIRD AVE (50 km/h); Road 2: GIBSON DR; Distance: 200.0 K N; Vehicle #1     Make: RAM     Model: RPR     Colour: WHI     Style: FV; Vehicle #2     Make: MAZD     Model: 3TR     Colour: SIL     Style: 4D,1/3/2023 10:09:53 AM,544710.8018,4811717.153,Q1,Weekend,FALSE
7592,51073,21034553,2/13/2021 10:32:00 PM,2021,2,13,22,32,Saturday,544330.5557,4808468.005,-80.452312,43.427802,Intersection,2,P.D. only,On roadway,Intersection,Dark,Municipal,No control,Functioning,FALSE,FALSE,FALSE,Snow,FALSE,Road 1: FRANKLIN ST S (50 km/h); Road 2: GREENFIELD AVE (50 km/h); Charged Driver #1 on page 1: NA NA (NA) (NA); Vehicle #1     Make: FORD     Model: FE     Colour: BLU     Style: 4D; Vehicle #2     Make: TOYT     Model: MTL     Colour: WHI     Style: 4D,12/20/2021 10:56:38 AM,544330.5557,4808468.005,Q1,Weekend,FALSE
7593,51074,21034581,2/13/2021 10:08:00 PM,2021,2,13,22,8,Saturday,543646.9116,4811769.178,-80.460494,43.457566,Intersection,2,P.D. only,Off roadway,SMV,Dark,Municipal,No control,Unknown,FALSE,FALSE,FALSE,Clear,FALSE,Road 1: SHERWOOD AVE (50 km/h); Road 2: KRUG ST (50 km/h); Vehicle #1     Make: BUIC     Model: RNR     Colour: BLK     Style: TY,12/20/2021 10:51:54 AM,543646.9116,4811769.178,Q1,Weekend,FALSE
7594,51075,21034718,2/14/2021 8:30:00 AM,2021,2,14,8,30,Sunday,543567.7888,4809972.479,-80.461615,43.441393,Non intersection,2,P.D. only,On roadway,SMV,Daylight,Municipal,No control,Unknown,FALSE,FALSE,FALSE,Clear,TRUE,Road 1: BRENTWOOD AVE; Road 2: JACKSON AVE; Vehicle #1     Make: HOND     Model: CS3     Colour: WHI     Style: 4D; Vehicle #2     Make: DODG     Model: RPC     Colour: GRY     Style: CW,12/20/2021 10:51:25 AM,543567.7888,4809972.479,Q1,Weekend,FALSE
7595,51076,21034745,2/14/2021 8:50:00 AM,2021,2,14,8,50,Sunday,539618.0448,4811373.716,-80.51032,43.454229,Intersection,2,P.D. only,On roadway,Intersection,Daylight,Regional,No control,Functioning,FALSE,FALSE,FALSE,Clear,TRUE,Road 1: PARK ST; Road 2: GLASGOW ST; Vehicle #1     Make: TOYT     Model: CBA     Colour: GRY     Style: 4D; Vehicle #2     Make: TOYT     Model: TAC     Colour: BLK     Style: CW,12/20/2021 10:49:43 AM,539618.0448,4811373.716,Q1,Weekend,FALSE
7596,51077,21034901,2/13/2021 5:00:00 PM,2021,2,13,17,0,Saturday,543233.7543,4814447.724,-80.465388,43.481708,Private Drive,2,P.D. only,Off roadway,SMV,Daylight,Municipal,No control,Unknown,FALSE,FALSE,FALSE,Clear,TRUE,Road 1: SYLVIA ST; Road 2: SCHWEITZER ST; Vehicle #1     Make:      Model:      Colour:      Style: ; Vehicle #2     Make: TOYT     Model: UCS     Colour: BRN     Style: 4D,12/20/2021 10:49:21 AM,543233.7543,4814447.724,Q1,Weekend,FALSE
7597,51078,21036984,2/13/2021 1:00:00 PM,2021,2,13,13,0,Saturday,542704.5617,4803779.974,-80.472766,43.385685,Private Drive,2,Non-reportable,Off roadway,SMV,Daylight,Regional,No control,Unknown,FALSE,FALSE,FALSE,Clear,TRUE,Road 1: 508 BANFFSHIRE CRESCENT; Vehicle #1     Make: HOND     Model: UDY     Colour: BLK     Style: VN; Vehicle #2     Make: HOND     Model: CIV     Colour: GRY     Style: 2D,12/20/2021 10:53:47 AM,542704.5617,4803779.974,Q1,Weekend,FALSE
7598,51079,21037266,2/17/2021 5:17:00 PM,2021,2,17,17,17,Wednesday,541814.7049,4815032.472,-80.48289,43.487053,Non intersection,1,Non-fatal injury,On roadway,Other,Dusk,Municipal,No control,Unknown,FALSE,FALSE,FALSE,Clear,FALSE,Road 1: WOOLWICH ST (50 km/h); Road 2: EXMOOR ST; Distance: 15.0 M S; Vehicle #1     Make: INFI     Model: J35     Colour: BLK     Style: TY; Vehicle #2     Make: VOLV     Model: XC9     Colour: BLK     Style: TY,12/20/2021 10:55:10 AM,541814.7049,4815032.472,Q1,Working,FALSE
7599,51080,21037669,2/18/2021 8:55:00 AM,2021,2,18,8,55,Thursday,547490.0961,4810118.221,-80.413135,43.442467,Intersection,0,Fatal injury,On roadway,SMV,Daylight,Municipal,No control,Functioning,TRUE,FALSE,FALSE,Clear,FALSE,Road 1: TREMAINE CRES (50 km/h); Road 2: TREMAINE DR (50 km/h); Distance: 0.0 M S; Vehicle #1     Make: FRHT     Model: FM2     Colour: WHI     Style: CT,2/11/2022 11:10:19 AM,547490.0961,4810118.221,Q1,Weekend,FALSE
7600,51081,21037917,2/12/2021 2:00:00 PM,2021,2,12,14,0,Friday,541651.549,4809311.887,-80.485344,43.435554,Intersection,2,P.D. only,On roadway,Rear end,Daylight,Municipal,No control,Functioning,FALSE,FALSE,FALSE,Clear,TRUE,Road 1: MILL ST; Road 2: HEIMAN ST; Vehicle #1     Make: FORD     Model: VAN     Colour: WHI     Style: FV; Vehicle #2     Make: NISS     Model: LVL     Colour: WHI     Style: 4B,12/20/2021 10:47:57 AM,541651.549,4809311.887,Q1,Weekend,FALSE
7601,51082,21037923,2/18/2021 2:59:00 PM,2021,2,18,14,59,Thursday,545275.0054,4806434.817,-80.440812,43.409439,Intersection,2,P.D. only,On roadway,Intersection,Daylight,Regional,Sign Control,Functioning,FALSE,FALSE,FALSE,Snow,FALSE,Road 1: WABANAKI DR (50 km/h); Road 2: WILSON AVE (50 km/h); Charged Driver #1 on page 1: HTA 130 (1) (NA); Vehicle #1     Make: SUBA     Model: OBK     Colour: BLK     Style: TY; Vehicle #2     Make: TOYT     Model: CBL     Colour: WHI     Style: 4D,12/20/2021 10:56:41 AM,545275.0054,4806434.818,Q1,Weekend,FALSE
7602,51083,21037933,2/11/2021 12:57:00 PM,2021,2,11,12,57,Thursday,541739.4532,4806318.209,-80.484487,43.408594,Private Drive,2,P.D. only,On roadway,Other,Daylight,Municipal,No control,Unknown,FALSE,FALSE,FALSE,Clear,TRUE,Road 1: GOUNDRY CRESCENT (IFO 51); Road 2: ERINBROOK DR; Vehicle #1     Make: CHEV     Model: CRU     Colour: WHI     Style: 4D; Vehicle #2     Make: BMW     Model: X12     Colour: BLK     Style: SW,12/20/2021 10:50:58 AM,541739.4532,4806318.209,Q1,Weekend,FALSE
7603,51084,21037936,2/8/2021 10:00:00 AM,2021,2,8,10,0,Monday,539809.4117,4805660.491,-80.508372,43.402777,Non intersection,2,P.D. only,On roadway,SMV,Daylight,Municipal,No control,Unknown,FALSE,FALSE,FALSE,Clear,TRUE,Road 1: COPPER LEAF CRESCENT (IFO 1145); Vehicle #1     Make: NISS     Model: NV2     Colour: WHI     Style: FV; Vehicle #2     Make: DODG     Model: CAR     Colour: WHI     Style: VN,12/20/2021 10:50:56 AM,539809.4117,4805660.491,Q1,Working,FALSE
7604,51085,21038022,2/18/2021 5:30:00 PM,2021,2,18,17,30,Thursday,544528.9032,4808678.695,-80.449844,43.429688,Intersection,2,P.D. only,On roadway,Intersection,Dusk,Municipal,No control,Functioning,FALSE,FALSE,FALSE,Clear,TRUE,Road 1: CONNAUGHT ST; Road 2: 8TH AVE; Vehicle #1     Make: HOND     Model: ULX     Colour: BLU     Style: 4D; Vehicle #2     Make: NISS     Model: ROG     Colour: SIL     Style: TY,12/20/2021 10:52:04 AM,544528.9032,4808678.695,Q1,Weekend,FALSE
7605,51086,21038168,2/18/2021 9:22:00 PM,2021,2,18,21,22,Thursday,545137.536,4806390.456,-80.442514,43.409048,Non intersection,2,P.D. only,On roadway,Intersection,Dark,Municipal,No control,Unknown,FALSE,FALSE,FALSE,Snow,FALSE,Road 1: 685 WABANAKI DR (60 km/h); Road 2: WABANAKI DR; Distance: 5.0 M W; Vehicle #1     Make: GMC     Model: SIE     Colour: RED     Style: PK; Vehicle #2     Make: MITS     Model: OUT     Colour: RED     Style: TY,12/20/2021 10:55:56 AM,545137.536,4806390.456,Q1,Weekend,FALSE
7606,51087,21038219,2/18/2021 10:30:00 PM,2021,2,18,22,30,Thursday,539748.9916,4805551.436,-80.509126,43.401798,Non intersection,2,P.D. only,Off roadway,SMV,Dark,Municipal,No control,Unknown,FALSE,FALSE,FALSE,Snow,FALSE,Road 1: 111 DONNENWERTH DR (50 km/h); Road 2: DONNENWERTH DR; Distance: 7.0 M E; Vehicle #1     Make: PETE     Model:      Colour:      Style: ; Vehicle #2     Make: NISS     Model: MSV     Colour: GRY     Style: 4D,12/20/2021 10:48:21 AM,539748.9916,4805551.436,Q1,Weekend,FALSE
7607,51088,21038385,2/19/2021 9:03:00 AM,2021,2,19,9,3,Friday,544052.8663,4807860.922,-80.455791,43.422352,Non intersection,2,P.D. only,On roadway,SMV,Daylight,Regional,No control,Unknown,FALSE,FALSE,FALSE,Snow,FALSE,Road 1: CLARK AVE (40 km/h); Road 2: SIEBERT AVE; Distance: 10.0 M N; Vehicle #1     Make: DODG     Model: CAR     Colour: SIL     Style: VN; Vehicle #2     Make: KIA     Model: SOU     Colour: BLK     Style: TY; Vehicle #3     Make: INTL     Model: PB1  ,12/20/2021 10:53:24 AM,544052.8663,4807860.922,Q1,Weekend,FALSE
7608,51089,21038848,2/19/2021 7:50:00 PM,2021,2,19,19,50,Friday,543856.153,4809177.547,-80.458116,43.434219,Non intersection,2,P.D. only,Off roadway,SMV,Dark,Municipal,No control,Unknown,FALSE,FALSE,FALSE,Clear,FALSE,Road 1: ECKERT ST (50 km/h); Road 2: DIXON ST; Distance: 110.0 K E; Charged Driver #1 on page 1: CCC 320.14SU (NA) (NA); Vehicle #1     Make: ACUR     Model: TSX     Colour: SIL     Style: 4D,12/20/2021 10:56:53 AM,543856.153,4809177.547,Q1,Weekend,FALSE
7609,51090,21038871,2/19/2021 6:00:00 PM,2021,2,19,18,0,Friday,545851.2362,4808907.549,-80.433488,43.431668,Non intersection,2,Non-reportable,On roadway,SMV,Dark,Municipal,No control,Unknown,FALSE,FALSE,FALSE,Clear,TRUE,Road 1: 105 JANSEN AVE; Vehicle #1     Make: CHRY     Model: 2LX     Colour: BLK     Style: 4D; Vehicle #2     Make: HYUN     Model: ELA     Colour: BLU     Style: 4D,12/20/2021 10:48:37 AM,545851.2362,4808907.549,Q1,Weekend,FALSE
7610,51091,21039672,2/20/2021 8:23:00 PM,2021,2,20,20,23,Saturday,542308.3594,4811039.917,-80.477095,43.451077,Intersection,2,P.D. only,On roadway,Intersection,Dark,Regional,No control,Functioning,FALSE,FALSE,FALSE,Clear,FALSE,Road 1: KRUG ST (50 km/h); Road 2: SAMUEL ST (50 km/h); Charged Driver #1 on page 1: NA NA (NA) (NA); Vehicle #1     Make: ACUR     Model: ATL     Colour: WHI     Style: 4D; Vehicle #2     Make: PONT     Model: GPG     Colour: RED     Style: 4D,12/20/2021 10:54:31 AM,542308.3594,4811039.918,Q1,Weekend,FALSE
7611,51092,21039722,2/20/2021 6:59:00 PM,2021,2,20,18,59,Saturday,542277.5451,4804275.474,-80.477999,43.390171,Private Drive,2,Non-reportable,On roadway,SMV,Dark,Municipal,No control,Unknown,FALSE,FALSE,FALSE,Clear,TRUE,Road 1: BRITTANIA CRESCENT (IFO 521); Road 2: WOODBINE AVE; Vehicle #1     Make:      Model:      Colour:      Style: ; Vehicle #2     Make: DODG     Model: CAR     Colour: WHI     Style: VN,12/20/2021 10:52:57 AM,542277.5451,4804275.474,Q1,Weekend,FALSE
7612,51093,21040539,2/21/2021 11:32:00 PM,2021,2,21,23,32,Sunday,541963.8515,4807305.422,-80.48164,43.417471,Private Drive,2,P.D. only,Off roadway,SMV,Dark,Municipal,No control,Unknown,FALSE,FALSE,FALSE,Clear,FALSE,Road 1: 593 STRASBURG RD (50 km/h); Road 2: STRASBURG RD; Distance: 6.0 K S; Vehicle #1     Make: MERZ     Model: C6G     Colour: GRN     Style: 2D,12/20/2021 10:48:23 AM,541963.8515,4807305.422,Q1,Weekend,FALSE
7613,51094,21040617,2/22/2021 6:40:00 AM,2021,2,22,6,40,Monday,540402.4182,4809556.729,-80.50076,43.437827,Intersection,2,P.D. only,On roadway,Rear end,Dawn,Municipal,No control,Functioning,FALSE,FALSE,FALSE,Snow,TRUE,Road 1: QUEEN'S BLVD; Road 2: PLEASANT AVE; Vehicle #1     Make: FORD     Model: COF     Colour: BLU     Style: CW; Vehicle #2     Make: FORD     Model: SPE     Colour: BLK     Style: TY,12/20/2021 10:52:16 AM,540402.4182,4809556.729,Q1,Working,FALSE
7614,51095,21040691,2/17/2021 8:17:00 AM,2021,2,17,8,17,Wednesday,540211.9792,4805494.986,-80.503412,43.401265,Non intersection,2,P.D. only,On roadway,SMV,Daylight,Regional,No control,Unknown,FALSE,FALSE,FALSE,Clear,TRUE,Road 1: 547 COMMONWEALTH CRESCENT; Vehicle #1     Make: FORD     Model: CTV     Colour: WHI     Style: BU; Vehicle #2     Make: TOYT     Model: HIG     Colour: WHI     Style: TY,12/20/2021 10:53:17 AM,540211.9792,4805494.986,Q1,Working,FALSE
7615,51096,21040807,2/22/2021 12:00:00 PM,2021,2,22,12,0,Monday,545293.126,4804714.319,-80.440731,43.393946,Private Drive,2,P.D. only,On roadway,SMV,Daylight,Municipal,No control,Unknown,FALSE,FALSE,FALSE,Clear,TRUE,Road 1: PIONEER DR (IFO 283); Road 2: DOON VILLAGE RD; Vehicle #1     Make: NISS     Model: ROG     Colour: SIL     Style: TY; Vehicle #2     Make: FORD     Model: TST     Colour: WHI     Style: FV,12/20/2021 10:53:50 AM,545293.126,4804714.319,Q1,Working,FALSE
7616,51097,21040870,2/19/2021 3:30:00 PM,2021,2,19,15,30,Friday,542462.1754,4807561.751,-80.475465,43.419751,Non intersection,2,Non-reportable,On roadway,SMV,Daylight,Municipal,No control,Unknown,FALSE,FALSE,FALSE,Clear,TRUE,Road 1: GRACEFIELD CRESCENT; Road 2: KINGSWOOD DR; Vehicle #1     Make: INTE     Model: PB1     Colour: YEL     Style: BU; Vehicle #2     Make: HYUN     Model: SAN     Colour: GRY     Style: TY,12/20/2021 10:49:02 AM,542462.1754,4807561.751,Q1,Weekend,FALSE
7617,51098,21041055,2/5/2021 5:30:00 PM,2021,2,5,17,30,Friday,543664.0936,4804889.5,-80.460831,43.39562,Intersection,2,P.D. only,On roadway,Rear end,Dark,Municipal,No control,Unknown,FALSE,FALSE,FALSE,Snow,TRUE,Road 1: OLD HURON RD; Road 2: HURON RD; Vehicle #1     Make: FORD     Model: FSE     Colour: RED     Style: 4D; Vehicle #2     Make: GMC     Model: SIE     Colour: RED     Style: PK,12/20/2021 10:50:05 AM,543664.0936,4804889.5,Q1,Weekend,FALSE
7618,51099,21041061,2/5/2021 3:00:00 PM,2021,2,5,15,0,Friday,545528.5551,4812078.422,-80.43721,43.460238,Non intersection,2,P.D. only,On roadway,SMV,Daylight,Municipal,No control,Unknown,FALSE,FALSE,FALSE,Clear,TRUE,Road 1: 60 OAKHURST CRESCENT (ON THE ROADWAY); Vehicle #1     Make: FORD     Model: COF     Colour: BLU     Style: PK; Vehicle #2     Make: MAZD     Model: 3TR     Colour: RED     Style: 4B,12/20/2021 10:51:31 AM,545528.5551,4812078.422,Q1,Weekend,FALSE
7619,51100,21041443,2/23/2021 9:00:00 AM,2021,2,23,9,0,Tuesday,540335.7062,4805514.671,-80.501883,43.401436,Intersection,2,Non-reportable,On roadway,Intersection,Daylight,Municipal,No control,Unknown,FALSE,FALSE,FALSE,Clear,TRUE,Road 1: COMMONWEALTH ST; Road 2: COMMONWEALTH CRESCENT; Vehicle #1     Make: FORD     Model: CTV     Colour: WHI     Style: BU; Vehicle #2     Make:      Model:      Colour:      Style:,12/20/2021 10:47:55 AM,540335.7062,4805514.671,Q1,Working,FALSE
7620,51101,21042218,2/16/2021 8:30:00 AM,2021,2,16,8,30,Tuesday,543369.9859,4810268.446,-80.464036,43.44407,Private Drive,2,Non-reportable,On roadway,SMV,Daylight,Municipal,No control,Unknown,FALSE,FALSE,FALSE,Clear,TRUE,Road 1: RANDERSON AVE (IFO 30); Road 2: MCKENZIE AVE; Vehicle #1     Make:      Model:      Colour:      Style: ; Vehicle #2     Make: FORD     Model: COF     Colour: BLU     Style: PK,12/20/2021 10:54:52 AM,543369.9859,4810268.446,Q1,Working,FALSE
7621,51102,21042223,2/24/2021 8:00:00 AM,2021,2,24,8,0,Wednesday,543907.4046,4810167.99,-80.457403,43.443134,Non intersection,2,P.D. only,On roadway,Intersection,Daylight,Regional,No control,Unknown,FALSE,FALSE,FALSE,Clear,TRUE,Road 1: MONTGOMERY RD; Road 2: CLIVE RD; Vehicle #1     Make: MAZD     Model: MGR     Colour: BLU     Style: 4D; Vehicle #2     Make: GMC     Model: M95     Colour: BLU     Style: PK,12/20/2021 10:53:20 AM,543907.4046,4810167.99,Q1,Working,FALSE
7622,51103,21042261,2/17/2021 10:45:00 AM,2021,2,17,10,45,Wednesday,542160.8521,4806322.538,-80.479282,43.40861,Non intersection,2,P.D. only,On roadway,Other,Daylight,Regional,No control,Unknown,FALSE,FALSE,FALSE,Clear,TRUE,Road 1: 100 KESSELRING COURT; Vehicle #1     Make: HYUN     Model: R3G     Colour: GRY     Style: TY; Vehicle #2     Make: CONS     Model: UNK     Colour:      Style:,12/20/2021 10:53:33 AM,542160.8521,4806322.538,Q1,Working,FALSE