,OBJECTID,ACCIDENTNUM,ACCIDENTDATE,ACCIDENT_YEAR,ACCIDENT_MONTH,ACCIDENT_DAY,ACCIDENT_HOUR,ACCIDENT_MINUTE,Accident_Day,XCOORD,YCOORD,LONGITUDE,LATITUDE,Accident_Location,COLLISIONTYPE,Accident_Type,Impact_Location,Impact_Type,Light,Road_Jurisdication,Traffic_Control,Traffic_Control_Condition,Pedestrian_Involved,Cyclist_Involved,Motorcyclist_Involved,Environment_Condition,Self_Reported,XMLIMPORTNOTES,LASTEDITEDDATE,x,y,Quarter,Day_Type,Vulnerable_Involved
7623,51104,21042327,2/19/2021 3:38:00 PM,2021,2,19,15,38,Friday,542297.5585,4807637.055,-80.477492,43.420438,Private Drive,2,Non-reportable,On roadway,SMV,Daylight,Municipal,No control,Unknown,FALSE,FALSE,FALSE,Clear,TRUE,Road 1: 48 GRACEFIELD CRESCENT; Vehicle #1     Make: INTE     Model: PB1     Colour: YEL     Style: BU; Vehicle #2     Make: HYUN     Model: SAN     Colour: GRY     Style: TY,12/20/2021 10:55:53 AM,542297.5585,4807637.055,Q1,Weekend,FALSE
7624,51105,21042377,2/24/2021 11:30:00 AM,2021,2,24,11,30,Wednesday,541580.0391,4807769.309,-80.486345,43.421669,Non intersection,2,Non-reportable,On roadway,Intersection,Daylight,Municipal,No control,Unknown,FALSE,FALSE,FALSE,Clear,TRUE,Road 1: STRASBURG RD; Road 2: OTTAWA ST S; Vehicle #1     Make: HOND     Model: UDY     Colour: GRY     Style: TY; Vehicle #2     Make: CHEV     Model: RAX     Colour: GRY     Style: TY,12/20/2021 10:48:59 AM,541580.0391,4807769.309,Q1,Working,FALSE
7625,51106,21042441,2/24/2021 12:50:00 PM,2021,2,24,12,50,Wednesday,541299.953,4812438.558,-80.489452,43.463726,Intersection,2,P.D. only,On roadway,Intersection,Daylight,Municipal,No control,Functioning,FALSE,FALSE,FALSE,Rain,TRUE,Road 1: BLUCHER ST; Road 2: ST LEGER ST; Vehicle #1     Make: INFI     Model: AWD     Colour: GRY     Style: 4D; Vehicle #2     Make: VOLK     Model: GTI     Colour: WHI     Style: 4B,12/20/2021 10:52:37 AM,541299.953,4812438.558,Q1,Working,FALSE
7626,51107,21042682,2/24/2021 5:15:00 PM,2021,2,24,17,15,Wednesday,540057.5911,4810229.99,-80.504972,43.443908,Private Drive,2,P.D. only,On roadway,Rear end,Dusk,Municipal,No control,Unknown,FALSE,FALSE,FALSE,Clear,FALSE,Road 1: 128 WEST AVE (50 km/h); Road 2: WEST AVE; Distance: 0.0 M W; Vehicle #1     Make: LINC     Model: LLS     Colour: CRM     Style: 4D; Vehicle #2     Make: LEXS     Model: NXT     Colour: GRY     Style: TY,12/20/2021 10:54:37 AM,540057.5911,4810229.99,Q1,Working,FALSE
7627,51108,21043465,2/25/2021 5:10:00 PM,2021,2,25,17,10,Thursday,542049.9303,4810457.932,-80.480334,43.445851,Non intersection,2,P.D. only,On roadway,Intersection,Daylight,Regional,No control,Unknown,FALSE,FALSE,FALSE,Clear,TRUE,Road 1: KING ST E; Road 2: CAMERON ST N; Vehicle #1     Make: CADI     Model: SRX     Colour: BRN     Style: TY; Vehicle #2     Make: TOYT     Model: RV4     Colour: BLK     Style: TY,12/20/2021 10:54:49 AM,542049.9303,4810457.933,Q1,Weekend,FALSE
7628,51109,21043914,2/26/2021 8:30:00 AM,2021,2,26,8,30,Friday,547819.5424,4804523.626,-80.409554,43.392073,Private Drive,2,Non-reportable,On roadway,SMV,Daylight,Municipal,No control,Unknown,FALSE,FALSE,FALSE,Clear,TRUE,Road 1: ORCHARD MILL CRESCENT (IFO 78); Road 2: DOON VALLEY DR; Vehicle #1     Make:      Model:      Colour:      Style: ; Vehicle #2     Make: VOLK     Model: PTS     Colour: GRY     Style: 4D,12/20/2021 10:53:02 AM,547819.5424,4804523.626,Q1,Weekend,FALSE
7629,51110,21044263,2/8/2021 4:59:00 PM,2021,2,8,16,59,Monday,541672.9051,4806419.267,-80.485301,43.409508,Intersection,2,P.D. only,On roadway,SMV,Daylight,Municipal,No control,Functioning,FALSE,FALSE,FALSE,Snow,FALSE,Road 1: RITTENHOUSE RD (50 km/h); Road 2: ERINBROOK DR (50 km/h); Charged Driver #1 on page 1: NA NA (NA) (NA); Vehicle #1     Make: CHEV     Model: VTZ     Colour: BLU     Style: 4B,12/20/2021 10:56:34 AM,541672.9051,4806419.267,Q1,Working,FALSE
7630,51111,21044952,2/26/2021 12:00:00 PM,2021,2,26,12,0,Friday,543430.1202,4812324.27,-80.463129,43.462577,Non intersection,2,P.D. only,On roadway,SMV,Daylight,Municipal,No control,Unknown,FALSE,FALSE,FALSE,Clear,TRUE,Road 1: EPHRAIM ST; Road 2: RIVER RD E; Vehicle #1     Make: SUBA     Model: BRL     Colour: WHI     Style: 2D; Vehicle #2     Make: TOYT     Model: TIM     Colour: BLU     Style: 4B,12/20/2021 10:49:05 AM,543430.1202,4812324.27,Q1,Weekend,FALSE
7631,51112,21045852,2/28/2021 2:00:00 PM,2021,2,28,14,0,Sunday,542243.2332,4806966.341,-80.478215,43.414402,Non intersection,2,P.D. only,On roadway,Intersection,Daylight,Municipal,No control,Unknown,FALSE,FALSE,FALSE,Clear,TRUE,Road 1: 700 STRASBURG RD; Road 2: PARKING LOT EXIT/ENTRANCE; Vehicle #1     Make: TOYT     Model: RUN     Colour: GRY     Style: TY; Vehicle #2     Make: TOYT     Model: RV4     Colour: GRY     Style: TY,12/20/2021 10:55:44 AM,542243.2332,4806966.341,Q1,Weekend,FALSE
7632,51113,21046523,3/1/2021 12:00:00 PM,2021,3,1,12,0,Monday,538933.8994,4808111.005,-80.519009,43.424888,Non intersection,2,P.D. only,On roadway,SMV,Daylight,Municipal,No control,Unknown,FALSE,FALSE,FALSE,Clear,FALSE,Road 1: UPLANDS DR (50 km/h); Road 2: FOREST HILL DR; Distance: 50.0 M S; Vehicle #1     Make: ISU     Model: NRR     Colour: WHI     Style: CO; Vehicle #2     Make: CHEV     Model: EXP     Colour: WHI     Style: FV,2/11/2022 11:16:22 AM,538933.8994,4808111.005,Q1,Working,FALSE
7633,51114,21046554,2/23/2021 6:45:00 PM,2021,2,23,18,45,Tuesday,543438.5894,4808912.313,-80.463296,43.431855,Intersection,2,Non-reportable,On roadway,Intersection,Dark,Regional,No control,Functioning,FALSE,FALSE,FALSE,Clear,TRUE,Road 1: DIXON ST; Road 2: CARLIN AVE; Vehicle #1     Make: HOND     Model: UCD     Colour: GRY     Style: 4D; Vehicle #2     Make:      Model:      Colour:      Style:,12/20/2021 10:47:32 AM,543438.5894,4808912.313,Q1,Working,FALSE
7634,51115,21046679,3/1/2021 3:15:00 PM,2021,3,1,15,15,Monday,540271.7523,4811639.864,-80.502221,43.456591,Intersection,2,P.D. only,On roadway,Intersection,Daylight,Municipal,No control,Functioning,FALSE,FALSE,FALSE,Clear,TRUE,Road 1: MOORE AVE; Road 2: SHANLEY ST; Vehicle #1     Make: CADI     Model: SRX     Colour: GRY     Style: TY; Vehicle #2     Make: HOND     Model: UCL     Colour: BLK     Style: 4D,12/20/2021 10:54:21 AM,540271.7523,4811639.864,Q1,Working,FALSE
7635,51116,21047272,3/2/2021 12:30:00 PM,2021,3,2,12,30,Tuesday,542601.4884,4810112.601,-80.473545,43.442711,Non intersection,2,P.D. only,On roadway,Intersection,Daylight,Regional,No control,Unknown,FALSE,FALSE,FALSE,Clear,TRUE,Road 1: KING; Road 2: BORDEN; Vehicle #1     Make: HOND     Model: CLL     Colour: BLU     Style: 4D; Vehicle #2     Make: GMC     Model: SIE     Colour: WHI     Style: PK,12/20/2021 10:48:28 AM,542601.4884,4810112.601,Q1,Working,FALSE
7636,51117,21047428,3/2/2021 3:10:00 PM,2021,3,2,15,10,Tuesday,536003.3153,4809523.721,-80.55512,43.437755,Private Drive,2,Non-reportable,Off roadway,SMV,Daylight,Municipal,No control,Unknown,FALSE,FALSE,FALSE,Clear,TRUE,Road 1: 103 IRON GATE ST (ON THE ROAWAY); Vehicle #1     Make: DODG     Model: CAR     Colour: WHI     Style: VN; Vehicle #2     Make: HYUN     Model: BGS     Colour: SIL     Style: 4D,12/20/2021 10:53:10 AM,536003.3153,4809523.721,Q1,Working,FALSE
7637,51118,21047709,3/2/2021 11:19:00 PM,2021,3,2,23,19,Tuesday,539617.3621,4811375.443,-80.510329,43.454245,Intersection,2,P.D. only,On roadway,Intersection,Dark,Municipal,No control,Functioning,FALSE,FALSE,FALSE,Clear,FALSE,Road 1: GLASGOW ST (50 km/h); Road 2: PARK ST (50 km/h); Charged Driver #1 on page 1: HTA 144 (18) (NA); Vehicle #1     Make: HYUN     Model: VTO     Colour: GRY     Style: 4D; Vehicle #2     Make: HYUN     Model: TUC     Colour: WHI     Style: TY,12/20/2021 10:56:44 AM,539617.3621,4811375.443,Q1,Working,FALSE
7638,51119,21047857,3/3/2021 7:57:00 AM,2021,3,3,7,57,Wednesday,540912.8426,4811150.177,-80.494334,43.452147,Non intersection,2,P.D. only,Off roadway,SMV,Daylight,Regional,No control,Unknown,FALSE,FALSE,FALSE,Clear,FALSE,Road 1: WATER ST N (50 km/h); Road 2: BELL LANE; Distance: 5.0 K S; Vehicle #1     Make:      Model: -     Colour:      Style:,12/20/2021 10:54:01 AM,540912.8426,4811150.177,Q1,Working,FALSE
7639,51120,21048912,3/1/2021 5:30:00 PM,2021,3,1,17,30,Monday,543203.0562,4804492.98,-80.466555,43.392077,Intersection,2,P.D. only,On roadway,Intersection,Daylight,Regional,No control,Unknown,FALSE,FALSE,FALSE,Clear,TRUE,Road 1: HURON RD; Road 2: STRASBURG RD; Vehicle #1     Make: HYUN     Model: ESM     Colour: BLK     Style: 4D; Vehicle #2     Make:      Model:      Colour:      Style:,12/20/2021 10:47:23 AM,543203.0562,4804492.98,Q1,Working,FALSE
7640,51121,21049509,3/4/2021 9:20:00 AM,2021,3,4,9,20,Thursday,545044.2267,4806362.161,-80.443669,43.408799,Non intersection,2,P.D. only,On roadway,Intersection,Daylight,Municipal,No control,Unknown,FALSE,FALSE,FALSE,Clear,TRUE,Road 1: 655 WABANAKI DR TRILLIUM INDUSTRIAL PARK; Vehicle #1     Make: HYUN     Model: TUC     Colour: WHI     Style: TY; Vehicle #2     Make: HOND     Model: FIT     Colour: RED     Style: TY,12/20/2021 10:50:12 AM,545044.2267,4806362.161,Q1,Weekend,FALSE
7641,51122,21049632,2/25/2021 9:00:00 PM,2021,2,25,21,0,Thursday,545067.7844,4812879.344,-80.442839,43.467478,Private Drive,2,P.D. only,On roadway,SMV,Dark,Municipal,No control,Unknown,FALSE,FALSE,FALSE,Clear,TRUE,Road 1: 18 MARKETA CRESCENT; Vehicle #1     Make: JEEP     Model: GCK     Colour: GRY     Style: TY; Vehicle #2     Make: CHEV     Model: S2L     Colour: RED     Style: 4B,12/20/2021 10:48:24 AM,545067.7844,4812879.344,Q1,Weekend,FALSE
7642,51123,21050147,3/6/2021 12:51:00 AM,2021,3,6,0,51,Saturday,541932.2713,4808322.233,-80.481952,43.426628,Non intersection,2,P.D. only,Off roadway,SMV,Dark,Regional,No control,Unknown,FALSE,FALSE,FALSE,Snow,FALSE,Road 1: HOMER WATSON BLVD (50 km/h); Road 2: OTTAWA ST S; Distance: 40.0 M E; Charged Driver #1 on page 1: CCC 320 (14) (1); Vehicle #1     Make: CHEV     Model: CZT     Colour: WHI     Style: 4D,1/3/2023 10:10:24 AM,541932.2713,4808322.233,Q1,Weekend,FALSE
7643,51124,21050339,3/6/2021 8:20:00 AM,2021,3,6,8,20,Saturday,543371.6925,4807665.476,-80.464221,43.420632,Non intersection,2,P.D. only,On roadway,Intersection,Daylight,Regional,No control,Unknown,FALSE,FALSE,FALSE,Clear,TRUE,Road 1: BLOCK LINE RD; Road 2: LENNOX LEWIS WAY; Vehicle #1     Make: TOYT     Model: RV4     Colour: WHI     Style: TY; Vehicle #2     Make: NISS     Model: ROG     Colour: BLU     Style: 4W,12/20/2021 10:50:36 AM,543371.6925,4807665.476,Q1,Weekend,FALSE
7644,51125,21050540,3/6/2021 2:41:00 PM,2021,3,6,14,41,Saturday,545168.648,4809088.864,-80.441906,43.433342,Private Drive,1,Non-fatal injury,On roadway,Intersection,Daylight,Municipal,No control,Unknown,FALSE,FALSE,FALSE,Clear,FALSE,Road 1: FERGUS AVE (50 km/h); Road 2: WEBER ST E; Distance: 20.0 M S; Charged Driver #1 on page 1: NA NA (NA) (NA); Vehicle #1     Make: ACUR     Model: IES     Colour: BLU     Style: 4D; Vehicle #2     Make: KIA     Model: SPO     Colour: BLU     Style: ,12/20/2021 10:56:14 AM,545168.648,4809088.864,Q1,Weekend,FALSE
7645,51126,21050987,3/6/2021 9:00:00 PM,2021,3,6,21,0,Saturday,539309.5617,4806739.754,-80.514467,43.412521,Private Drive,2,Non-reportable,On roadway,SMV,Dark,Municipal,No control,Unknown,FALSE,FALSE,FALSE,Clear,TRUE,Road 1: GREY FOX DR (IFO 256); Road 2: WILDERNESS DR; Vehicle #1     Make:      Model:      Colour:      Style: ; Vehicle #2     Make: HYUN     Model: ESM     Colour: WHI     Style: 4D,12/20/2021 10:53:53 AM,539309.5617,4806739.754,Q1,Weekend,FALSE
7646,51127,21051221,3/5/2021 12:15:00 PM,2021,3,5,12,15,Friday,547364.2619,4808123.585,-80.414863,43.424515,Non intersection,2,Non-reportable,On roadway,SMV,Daylight,Regional,No control,Unknown,FALSE,FALSE,FALSE,Clear,TRUE,Road 1: KING ST E; Road 2: STONEGATE DR; Vehicle #1     Make: HOND     Model: UDY     Colour: SIL     Style: TY,12/20/2021 10:56:04 AM,547364.2619,4808123.585,Q1,Weekend,FALSE
7647,51128,21051229,2/17/2021 8:45:00 AM,2021,2,17,8,45,Wednesday,541698.2243,4804136.856,-80.485163,43.388955,Private Drive,2,P.D. only,Off roadway,SMV,Daylight,Municipal,No control,Unknown,FALSE,FALSE,FALSE,Clear,TRUE,Road 1: PARKVALE DR; Road 2: WOODBINE AVE; Vehicle #1     Make:      Model:      Colour:      Style: ; Vehicle #2     Make: BMW     Model: 20X     Colour: BLK     Style: 4D,12/20/2021 10:50:16 AM,541698.2243,4804136.856,Q1,Working,FALSE
7648,51129,21051375,3/7/2021 2:55:00 PM,2021,3,7,14,55,Sunday,541672.7525,4806419.363,-80.485303,43.409509,Intersection,2,P.D. only,On roadway,SMV,Daylight,Municipal,No control,Functioning,FALSE,FALSE,FALSE,Clear,FALSE,Road 1: ERINBROOK DR (50 km/h); Road 2: RITTENHOUSE RD (50 km/h); Charged Driver #1 on page 1: HTA 142 (NA) (NA); Vehicle #1     Make: FORD     Model: SPE     Colour: GRY     Style: TY,12/20/2021 10:56:32 AM,541672.7525,4806419.363,Q1,Weekend,FALSE
7649,51130,21051597,3/7/2021 9:00:00 PM,2021,3,7,21,0,Sunday,547729.1653,4804524.325,-80.410669,43.392085,Private Drive,2,P.D. only,On roadway,SMV,Dark,Municipal,No control,Unknown,FALSE,FALSE,FALSE,Clear,TRUE,Road 1: AMHERST DR (ON THE ROADWAY 189); Road 2: DURHAM ST; Vehicle #1     Make: TOYT     Model: AXP     Colour: GRY     Style: 4D; Vehicle #2     Make: HYUN     Model: ESM     Colour: SIL     Style: 4D,12/20/2021 10:50:43 AM,547729.1653,4804524.325,Q1,Weekend,FALSE
7650,51131,21052045,3/7/2021 12:00:00 PM,2021,3,7,12,0,Sunday,545931.5202,4804805.456,-80.432841,43.394728,Private Drive,2,P.D. only,Off roadway,SMV,Daylight,Regional,No control,Unknown,FALSE,FALSE,FALSE,Clear,TRUE,Road 1: 123 PIONEER DR PIONEER PARK (PARK LOT); Vehicle #1     Make:      Model:      Colour:      Style: ; Vehicle #2     Make: TOYT     Model: SCM     Colour: BLU     Style: 4B,12/20/2021 10:51:01 AM,545931.5202,4804805.456,Q1,Weekend,FALSE
7651,51132,21052125,3/7/2021 5:30:00 PM,2021,3,7,17,30,Sunday,539985.844,4806032.261,-80.506166,43.406115,Private Drive,2,P.D. only,On roadway,Other,Daylight,Municipal,No control,Unknown,FALSE,FALSE,FALSE,Clear,TRUE,Road 1: 192 COTTON GRASS ST; Vehicle #1     Make: DODG     Model: CAR     Colour: WHI     Style: VN; Vehicle #2     Make: VOLK     Model: TOU     Colour: GRY     Style: TY,12/20/2021 10:50:39 AM,539985.844,4806032.261,Q1,Weekend,FALSE
7652,51133,21052130,3/2/2021 5:00:00 PM,2021,3,2,17,0,Tuesday,544287.9031,4807408.822,-80.452925,43.418268,Non intersection,2,P.D. only,On roadway,Intersection,Daylight,Regional,No control,Unknown,FALSE,FALSE,FALSE,Clear,TRUE,Road 1: WILSON AVE; Road 2: FAIRWAY RD S; Vehicle #1     Make: TOYT     Model: CBA     Colour: GRY     Style: 4D; Vehicle #2     Make: HYUN     Model: TUC     Colour: RED     Style: TY,12/20/2021 10:48:40 AM,544287.9031,4807408.822,Q1,Working,FALSE
7653,51134,21052625,3/9/2021 8:00:00 AM,2021,3,9,8,0,Tuesday,546010.835,4812344.199,-80.431226,43.462602,Private Drive,2,P.D. only,On roadway,SMV,Daylight,Municipal,No control,Unknown,FALSE,FALSE,FALSE,Clear,FALSE,Road 1: 123 GLENCLIFFE CRT (50 km/h); Road 2: GLENCLIFFE CRT; Distance: 25.0 M S; Vehicle #1     Make:      Model: -     Colour:      Style:,12/20/2021 10:54:29 AM,546010.835,4812344.199,Q1,Working,FALSE
7654,51135,21052639,3/9/2021 9:02:00 AM,2021,3,9,9,2,Tuesday,540933.6083,4811732.479,-80.494034,43.457389,Other,2,P.D. only,On roadway,Rear end,Daylight,Municipal,No control,Unknown,FALSE,FALSE,FALSE,Clear,FALSE,Road 1: WELLINGTON ST N (50 km/h); Road 2: WEBER ST W; Distance: 50.0 M E; Charged Driver #1 on page 1: HTA 130 (NA) (NA); Vehicle #1     Make: DODG     Model: CPO     Colour: WHI     Style: 4D; Vehicle #2     Make: INTE     Model: PB1     Colour: YEL    ,12/20/2021 10:56:58 AM,540933.6082,4811732.479,Q1,Working,FALSE
7655,51136,21052733,3/9/2021 10:41:00 AM,2021,3,9,10,41,Tuesday,544559.3245,4811740.558,-80.449218,43.457255,Intersection,2,P.D. only,Off roadway,SMV,Daylight,Regional,No control,Functioning,FALSE,FALSE,FALSE,Clear,FALSE,Road 1: RIVER RD E (50 km/h); Road 2: LORRAINE AVE (50 km/h); Vehicle #1     Make: HYUN     Model: ALS     Colour: BGE     Style: 4D,12/20/2021 10:52:28 AM,544559.3245,4811740.558,Q1,Working,FALSE
7656,51137,21052749,3/8/2021 12:00:00 AM,2021,3,8,0,0,Monday,541023.2834,4811372.014,-80.492952,43.454138,Private Drive,2,P.D. only,Off roadway,SMV,Dark,Regional,No control,Unknown,FALSE,FALSE,FALSE,Clear,FALSE,Road 1: WATER ST N (50 km/h); Road 2: WEBER ST W; Distance: 15.0 M S; Charged Driver #1 on page 1: NA NA (NA) (NA); Vehicle #1     Make: CHEV     Model: SIL     Colour: RED     Style: PK,12/20/2021 10:56:54 AM,541023.2834,4811372.014,Q1,Working,FALSE
7657,51138,21052797,3/9/2021 11:53:00 AM,2021,3,9,11,53,Tuesday,548474.9574,4806544.645,-80.401282,43.410228,Intersection,2,P.D. only,Off roadway,SMV,Daylight,Municipal,No control,Functioning,FALSE,FALSE,FALSE,Clear,FALSE,Road 1: GRAND HILL DR (50 km/h); Road 2: DEER RIDGE DR (40 km/h); Charged Driver #1 on page 1: HTA 130 (1) (NA); Vehicle #1     Make: TOYT     Model: CBA     Colour: BLK     Style: 4D,12/20/2021 10:56:49 AM,548474.9574,4806544.645,Q1,Working,FALSE
7658,51139,21052915,2/21/2021 11:50:00 AM,2021,2,21,11,50,Sunday,539675.0393,4806169.588,-80.509994,43.407368,Intersection,2,P.D. only,On roadway,Other,Daylight,Municipal,No control,Functioning,FALSE,FALSE,FALSE,Clear,TRUE,Road 1: WISTERIA CT; Road 2: COPPER LEAF ST; Vehicle #1     Make:      Model:      Colour:      Style: ; Vehicle #2     Make: BMW     Model: BX5     Colour: GRY     Style: TY,12/20/2021 10:47:35 AM,539675.0393,4806169.588,Q1,Weekend,FALSE
7659,51140,21052925,2/20/2021 5:30:00 PM,2021,2,20,17,30,Saturday,538083.9689,4809285.963,-80.529427,43.435511,Private Drive,2,Non-reportable,On roadway,SMV,Dusk,Municipal,No control,Unknown,FALSE,FALSE,FALSE,Clear,TRUE,Road 1: 275 BENESFORT CRESCENT; Vehicle #1     Make:      Model:      Colour:      Style: ; Vehicle #2     Make: HYUN     Model: ESS     Colour: WHI     Style: 4D,12/20/2021 10:52:55 AM,538083.9689,4809285.963,Q1,Weekend,FALSE
7660,51141,21052937,2/17/2021 3:00:00 PM,2021,2,17,15,0,Wednesday,539110.6045,4811656.604,-80.516572,43.456803,Intersection,2,Non-reportable,On roadway,Rear end,Daylight,Municipal,No control,Functioning,FALSE,FALSE,FALSE,Clear,TRUE,Road 1: UNION BLVD; Road 2: PARK ST; Vehicle #1     Make:      Model:      Colour:      Style: ; Vehicle #2     Make: CHEV     Model: CZP     Colour: WHI     Style: 4D,12/20/2021 10:50:08 AM,539110.6045,4811656.604,Q1,Working,FALSE
7661,51142,21052944,2/16/2021 4:15:00 PM,2021,2,16,16,15,Tuesday,537588.2519,4809656.351,-80.535526,43.438871,Non intersection,2,Non-reportable,On roadway,Other,Daylight,Regional,No control,Unknown,FALSE,FALSE,FALSE,Clear,TRUE,Road 1: STOKE DR; Road 2: FISCHER-HALLMAN RD; Vehicle #1     Make: MAZD     Model: M6I     Colour: SIL     Style: 4D; Vehicle #2     Make:      Model:      Colour:      Style:,12/20/2021 10:51:42 AM,537588.2519,4809656.351,Q1,Working,FALSE
7662,51143,21052949,2/16/2021 5:15:00 PM,2021,2,16,17,15,Tuesday,542737.4848,4804192.075,-80.472327,43.389394,Non intersection,2,P.D. only,On roadway,Other,Dusk,Municipal,No control,Unknown,FALSE,FALSE,FALSE,Clear,TRUE,Road 1: 10 PARKVALE DR (ON THE ROADWAY); Vehicle #1     Make: BMW     Model: JGG     Colour: BLK     Style: TY; Vehicle #2     Make:      Model:      Colour:      Style:,12/20/2021 10:49:23 AM,542737.4848,4804192.075,Q1,Working,FALSE
7663,51144,21053154,3/9/2021 7:30:00 PM,2021,3,9,19,30,Tuesday,544880.9612,4808344.378,-80.445522,43.426656,Non intersection,2,P.D. only,On roadway,SMV,Dark,Municipal,No control,Unknown,FALSE,FALSE,FALSE,Clear,TRUE,Road 1: TRAYNOR AVE (IFO 50); Road 2: GREENFIELD AVE; Vehicle #1     Make: TOYT     Model: TUN     Colour: BLU     Style: CW; Vehicle #2     Make: VOLK     Model: GSL     Colour: GRY     Style: 4D,12/20/2021 10:51:06 AM,544880.9612,4808344.378,Q1,Working,FALSE
7664,51145,21053417,3/10/2021 7:51:00 AM,2021,3,10,7,51,Wednesday,540105.0365,4810847.498,-80.50434,43.449465,Other,2,P.D. only,On roadway,SMV,Daylight,Municipal,No control,Unknown,FALSE,FALSE,FALSE,Clear,FALSE,Road 1: PARK ST (50 km/h); Road 2: CN RAIL; Distance: 1.0 M S; Vehicle #1     Make: VOLV     Model: VVN     Colour: WHI     Style: CT,12/20/2021 10:54:02 AM,540105.0365,4810847.498,Q1,Working,FALSE
7665,51146,21055751,3/12/2021 6:00:00 PM,2021,3,12,18,0,Friday,545556.9988,4808952.539,-80.43712,43.432091,Private Drive,2,Non-reportable,On roadway,SMV,Daylight,Municipal,No control,Unknown,FALSE,FALSE,FALSE,Clear,TRUE,Road 1: 130 HUBER ST; Vehicle #1     Make:      Model:      Colour:      Style: ; Vehicle #2     Make: HOND     Model: CTU     Colour: GRY     Style: 4D,12/20/2021 10:55:25 AM,545556.9988,4808952.539,Q1,Weekend,FALSE
7666,51147,21056111,3/11/2021 3:00:00 PM,2021,3,11,15,0,Thursday,540483.1269,4806417.144,-80.499996,43.409554,Private Drive,2,Non-reportable,On roadway,SMV,Daylight,Municipal,No control,Unknown,FALSE,FALSE,FALSE,Clear,TRUE,Road 1: 42 HIGHBROOK ST; Vehicle #1     Make: NISS     Model: ROG     Colour: BLU     Style: TY; Vehicle #2     Make: DODG     Model: RPC     Colour: BLK     Style: CW,12/20/2021 10:55:27 AM,540483.1269,4806417.144,Q1,Weekend,FALSE
7667,51148,21056560,3/13/2021 7:08:00 PM,2021,3,13,19,8,Saturday,541230.7387,4810951.137,-80.49042,43.450337,Intersection,2,P.D. only,On roadway,Intersection,Dark,Municipal,No control,Functioning,FALSE,FALSE,FALSE,Clear,FALSE,Road 1: KING ST W (40 km/h); Road 2: ONTARIO ST N (40 km/h); Vehicle #1     Make:      Model: -     Colour:      Style: ; Vehicle #2     Make: VOLK     Model: PTE     Colour: BLK     Style: 4D,12/20/2021 10:52:32 AM,541230.7387,4810951.137,Q1,Weekend,FALSE
7668,51149,21057598,3/15/2021 8:20:00 AM,2021,3,15,8,20,Monday,543455.772,4809831.105,-80.46301,43.440127,Non intersection,2,P.D. only,On roadway,Other,Daylight,Municipal,No control,Unknown,FALSE,FALSE,FALSE,Clear,FALSE,Road 1: JACKSON AVE (50 km/h); Road 2: WEBER ST E; Distance: 5.0 M W; Vehicle #1     Make: HOND     Model: UDY     Colour: SIL     Style: VN; Vehicle #2     Make: FORD     Model: SRW     Colour: WHI     Style: PK,8/16/2022 3:00:01 PM,543455.772,4809831.105,Q1,Working,FALSE
7669,51150,21057722,3/12/2021 4:00:00 PM,2021,3,12,16,0,Friday,539688.8979,4808357.565,-80.509664,43.427068,Private Drive,2,Non-reportable,On roadway,SMV,Daylight,Municipal,No control,Unknown,FALSE,FALSE,FALSE,Clear,TRUE,Road 1: GREENBROOK DR (IFO 346); Road 2: WARREN RD; Vehicle #1     Make: DODG     Model: JOU     Colour: WHI     Style: TY; Vehicle #2     Make:      Model:      Colour:      Style: ; Vehicle #3     Make: FORD     Model: SPE     Colour: GRY     Style: TY,12/20/2021 10:55:21 AM,539688.8979,4808357.566,Q1,Weekend,FALSE
7670,51151,21057873,2/6/2021 5:50:00 PM,2021,2,6,17,50,Saturday,545689.963,4802917.6,-80.435981,43.377745,Private Drive,2,Non-reportable,On roadway,Intersection,Dusk,Municipal,No control,Unknown,FALSE,FALSE,FALSE,Clear,TRUE,Road 1: 179 STEEPLERIDGE ST; Vehicle #1     Make: MAZD     Model: CX5     Colour: BLU     Style: TY; Vehicle #2     Make:      Model:      Colour:      Style:,12/20/2021 10:48:56 AM,545689.963,4802917.6,Q1,Weekend,FALSE
7671,51152,21057955,3/15/2021 4:30:00 PM,2021,3,15,16,30,Monday,544622.3124,4808638.223,-80.448693,43.429318,Intersection,2,P.D. only,On roadway,Intersection,Daylight,Municipal,No control,Unknown,FALSE,FALSE,FALSE,Clear,TRUE,Road 1: CONNAUGHT ST; Road 2: 9TH AVE; Vehicle #1     Make: TOYT     Model: CTX     Colour: BLK     Style: 4B; Vehicle #2     Make: NISS     Model: ROG     Colour: BLK     Style: TY,12/20/2021 10:52:22 AM,544622.3124,4808638.223,Q1,Working,FALSE