,OBJECTID,ACCIDENTNUM,ACCIDENTDATE,ACCIDENT_YEAR,ACCIDENT_MONTH,ACCIDENT_DAY,ACCIDENT_HOUR,ACCIDENT_MINUTE,Accident_Day,XCOORD,YCOORD,LONGITUDE,LATITUDE,Accident_Location,COLLISIONTYPE,Accident_Type,Impact_Location,Impact_Type,Light,Road_Jurisdication,Traffic_Control,Traffic_Control_Condition,Pedestrian_Involved,Cyclist_Involved,Motorcyclist_Involved,Environment_Condition,Self_Reported,XMLIMPORTNOTES,LASTEDITEDDATE,x,y,Quarter,Day_Type,Vulnerable_Involved
7672,51153,21058529,3/12/2021 7:46:00 AM,2021,3,12,7,46,Friday,546178.7079,4813736.447,-80.429033,43.475127,Intersection,2,P.D. only,On roadway,Intersection,Daylight,Municipal,No control,Functioning,FALSE,FALSE,FALSE,Clear,TRUE,Road 1: CENTENNIAL COURT; Road 2: CENTENNIAL RD; Vehicle #1     Make: CHEV     Model: SIL     Colour: BLK     Style: PK; Vehicle #2     Make: MERZ     Model: SMA     Colour: BLK     Style: 2D,12/20/2021 10:49:49 AM,546178.7079,4813736.447,Q1,Weekend,FALSE
7673,51154,21058550,2/9/2021 2:20:00 PM,2021,2,9,14,20,Tuesday,547838.4406,4803164.996,-80.409439,43.379838,Private Drive,2,P.D. only,Off roadway,SMV,Daylight,Regional,No control,Unknown,FALSE,FALSE,FALSE,Clear,TRUE,Road 1: 2 EXECUTIVE PL DOON SOUTH (PARK LOT); Vehicle #1     Make:      Model:      Colour:      Style: ; Vehicle #2     Make: HYUN     Model: SAN     Colour: WHI     Style: TY,12/20/2021 10:53:31 AM,547838.4406,4803164.996,Q1,Working,FALSE
7674,51155,21058618,3/5/2021 10:30:00 AM,2021,3,5,10,30,Friday,541806.9242,4803483.818,-80.48387,43.383069,Non intersection,2,Non-reportable,On roadway,Intersection,Daylight,Regional,No control,Unknown,FALSE,FALSE,FALSE,Clear,TRUE,Road 1: HURON RD; Road 2: WOODBINE DR; Vehicle #1     Make: MAZD     Model: CX9     Colour: BLU     Style: TY; Vehicle #2     Make: FORD     Model: COF     Colour: WHI     Style: CW,12/20/2021 10:55:59 AM,541806.9242,4803483.818,Q1,Weekend,FALSE
7675,51156,21058651,3/16/2021 2:00:00 PM,2021,3,16,14,0,Tuesday,541279.3648,4810923.298,-80.489821,43.450084,Non intersection,2,P.D. only,Off roadway,SMV,Daylight,Municipal,No control,Unknown,FALSE,FALSE,FALSE,Clear,FALSE,Road 1: 41 KING ST W (40 km/h); Road 2: QUEEN ST S; Distance: 25.0 M W; Vehicle #1     Make: HYUN     Model: TUC     Colour: WHI     Style: TY; Vehicle #2     Make: LEXU     Model: RX3     Colour: GRN     Style: 4D,1/3/2023 10:09:56 AM,541279.3648,4810923.298,Q1,Working,FALSE
7676,51157,21059164,3/9/2021 6:00:00 PM,2021,3,9,18,0,Tuesday,545571.7739,4808936.901,-80.436938,43.43195,Private Drive,2,P.D. only,Off roadway,SMV,Dusk,Municipal,No control,Unknown,FALSE,FALSE,FALSE,Clear,TRUE,Road 1: HUBER ST (IFO 135); Road 2: KINZIE AVE; Vehicle #1     Make: HYUN     Model: ESE     Colour: GRY     Style: 4D; Vehicle #2     Make: TOYT     Model: RV4     Colour: WHI     Style: TY,12/20/2021 10:51:09 AM,545571.7739,4808936.901,Q1,Working,FALSE
7677,51158,21059190,3/12/2021 8:15:00 AM,2021,3,12,8,15,Friday,547084.6235,4804123.272,-80.418662,43.388514,Private Drive,2,P.D. only,On roadway,Other,Daylight,Municipal,No control,Unknown,FALSE,FALSE,FALSE,Clear,TRUE,Road 1: DOON VILLAGE RD (IFO 1437); Road 2: DOON S DR; Vehicle #1     Make: HOND     Model: CRV     Colour: BRN     Style: TY; Vehicle #2     Make: DODG     Model: JOU     Colour: BLK     Style: TY,12/20/2021 10:51:34 AM,547084.6235,4804123.272,Q1,Weekend,FALSE
7678,51159,21059220,3/7/2021 7:00:00 PM,2021,3,7,19,0,Sunday,541748.5646,4803601.486,-80.484582,43.384132,Private Drive,2,P.D. only,Off roadway,SMV,Dark,Municipal,No control,Unknown,FALSE,FALSE,FALSE,Clear,TRUE,Road 1: VERONA ST (IFO 22); Vehicle #1     Make: NISS     Model: ROG     Colour: WHI     Style: TY; Vehicle #2     Make: TOYT     Model: SIE     Colour: GRY     Style: VN,12/20/2021 10:51:03 AM,541748.5646,4803601.486,Q1,Weekend,FALSE
7679,51160,21059432,3/17/2021 1:45:00 PM,2021,3,17,13,45,Wednesday,543988.1566,4807777.129,-80.456597,43.421602,Intersection,2,P.D. only,On roadway,Intersection,Daylight,Municipal,No control,Functioning,FALSE,FALSE,FALSE,Clear,TRUE,Road 1: SIEBERT AVE; Road 2: VANIER DR; Vehicle #1     Make: HOND     Model: CLL     Colour: SIL     Style: 4D; Vehicle #2     Make: DODG     Model: CAR     Colour: WHI     Style: VN,12/20/2021 10:52:25 AM,543988.1566,4807777.129,Q1,Working,FALSE
7680,51161,21060129,3/12/2021 6:30:00 PM,2021,3,12,18,30,Friday,546634.9924,4810686.715,-80.423653,43.44764,Private Drive,2,P.D. only,Off roadway,SMV,Dusk,Municipal,No control,Unknown,FALSE,FALSE,FALSE,Clear,TRUE,Road 1: MICHENER CRESCENT (IFO 236); Road 2: SPRINGMOUNT DR; Vehicle #1     Make: LEXS     Model: RX5     Colour: BLU     Style: TY; Vehicle #2     Make:      Model:      Colour:      Style:,12/20/2021 10:56:12 AM,546634.9924,4810686.715,Q1,Weekend,FALSE
7681,51162,21060367,3/18/2021 2:38:00 PM,2021,3,18,14,38,Thursday,541360.255,4808641.592,-80.488994,43.429535,Intersection,1,Non-fatal injury,On roadway,Intersection,Daylight,Regional,No control,Functioning,FALSE,FALSE,FALSE,Clear,FALSE,Road 1: HOMER WATSON BLVD (60 km/h); Road 2: HOFFMAN ST (50 km/h); Charged Driver #1 on page 1: NA NA (NA) (NA); Vehicle #1     Make: HOND     Model: UAX     Colour: GRY     Style: 4D; Vehicle #2     Make: TOYT     Model: RV4     Colour: RED     Style: TY,12/20/2021 10:56:27 AM,541360.255,4808641.593,Q1,Weekend,FALSE
7682,51163,21060989,3/19/2021 10:54:00 AM,2021,3,19,10,54,Friday,541511.9522,4808906.379,-80.4871,43.431911,Private Drive,2,P.D. only,Off roadway,SMV,Daylight,Municipal,No control,Unknown,FALSE,FALSE,FALSE,Clear,FALSE,Road 1: 43 SOUTHDALE AVE (50 km/h); Road 2: SOUTHDALE AVE; Distance: 2.0 M E; Vehicle #1     Make: VOLK     Model: JBS     Colour: WHI     Style: 4D,12/20/2021 10:49:08 AM,541511.9522,4808906.379,Q1,Weekend,FALSE
7683,51164,21061049,3/18/2021 9:10:00 AM,2021,3,18,9,10,Thursday,545390.3918,4803476.541,-80.439633,43.382796,Non intersection,2,P.D. only,Off roadway,SMV,Daylight,Municipal,No control,Unknown,FALSE,FALSE,FALSE,Clear,TRUE,Road 1: 370 PINE VALLEY DR; Vehicle #1     Make: SUBA     Model: XVC     Colour: WHI     Style: TY; Vehicle #2     Make: BMW     Model: 20X     Colour: GRY     Style: 4D,12/20/2021 10:53:36 AM,545390.3918,4803476.541,Q1,Weekend,FALSE
7684,51165,21061190,2/12/2021 3:50:00 PM,2021,2,12,15,50,Friday,541313.3319,4806225.119,-80.489757,43.40778,Non intersection,2,Non-reportable,On roadway,SMV,Daylight,Municipal,No control,Unknown,FALSE,FALSE,FALSE,Clear,TRUE,Road 1: 42 FOLKSTONE CRESCENT; Vehicle #1     Make: TOYT     Model: RG4     Colour: BLK     Style: TY; Vehicle #2     Make: VOLK     Model: TIG     Colour: WHI     Style: TY,12/20/2021 10:48:43 AM,541313.3319,4806225.119,Q1,Weekend,FALSE
7685,51166,21061425,3/19/2021 7:00:00 PM,2021,3,19,19,0,Friday,541874.6635,4810742.839,-80.482478,43.448426,Intersection,2,P.D. only,On roadway,Intersection,Dusk,Municipal,No control,Functioning,FALSE,FALSE,FALSE,Clear,TRUE,Road 1: CEDAR ST N; Road 2: DUKE ST E; Vehicle #1     Make: HOND     Model: UCL     Colour: WHI     Style: 4D; Vehicle #2     Make: HYUN     Model: EGM     Colour: BRZ     Style: 4D,12/20/2021 10:52:41 AM,541874.6635,4810742.839,Q1,Weekend,FALSE
7686,51167,21061808,3/20/2021 8:30:00 AM,2021,3,20,8,30,Saturday,547613.5692,4804528.947,-80.412096,43.392134,Private Drive,2,P.D. only,On roadway,SMV,Daylight,Municipal,No control,Unknown,FALSE,FALSE,FALSE,Clear,TRUE,Road 1: 69 AMHERST DR; Vehicle #1     Make: HYUN     Model: BGS     Colour: BLK     Style: 4D; Vehicle #2     Make: MERZ     Model: C4A     Colour: WHI     Style: 4D,12/20/2021 10:53:39 AM,547613.5692,4804528.947,Q1,Weekend,FALSE
7687,51168,21062950,3/21/2021 1:00:00 PM,2021,3,21,13,0,Sunday,542676.4717,4816157.772,-80.472145,43.497137,Private Drive,2,Non-reportable,Off roadway,SMV,Daylight,Municipal,No control,Unknown,FALSE,FALSE,FALSE,Clear,TRUE,Road 1: EAGLECREST ST (IFO 14); Vehicle #1     Make: HOND     Model: UDY     Colour: WHI     Style: TY; Vehicle #2     Make:      Model:      Colour:      Style:,12/20/2021 10:52:48 AM,542676.4717,4816157.772,Q1,Weekend,FALSE
7688,51169,21063915,3/22/2021 5:45:00 PM,2021,3,22,17,45,Monday,537220.7894,4807866.129,-80.540189,43.42277,Non intersection,2,P.D. only,On roadway,Other,Daylight,Municipal,No control,Unknown,FALSE,FALSE,FALSE,Clear,TRUE,Road 1: 280 BLACKWELL DR; Vehicle #1     Make: NISS     Model: QST     Colour: SIL     Style: VN; Vehicle #2     Make: ACUR     Model: MDX     Colour: SIL     Style: TY,12/20/2021 10:53:55 AM,537220.7894,4807866.129,Q1,Working,FALSE
7689,51170,21064566,3/23/2021 3:15:00 PM,2021,3,23,15,15,Tuesday,539129.9658,4807876.62,-80.516604,43.422767,Non intersection,2,Non-reportable,On roadway,SMV,Daylight,Municipal,No control,Unknown,FALSE,FALSE,FALSE,Clear,TRUE,Road 1: 115 UPLANDS DR (ON THE ROADWAY); Vehicle #1     Make: FORD     Model: CSC     Colour: WHI     Style: IC; Vehicle #2     Make: HOND     Model: FIT     Colour: BLU     Style: 4W,12/20/2021 10:53:04 AM,539129.9658,4807876.62,Q1,Working,FALSE
7690,51171,21065255,3/20/2021 7:00:00 PM,2021,3,20,19,0,Saturday,542271.3428,4810383.781,-80.477603,43.445171,Non intersection,2,Non-reportable,On roadway,SMV,Dusk,Regional,No control,Unknown,FALSE,FALSE,FALSE,Clear,TRUE,Road 1: FAIRVIEW AVE; Road 2: KING ST E; Vehicle #1     Make: NISS     Model: ROG     Colour: BLK     Style: TY; Vehicle #2     Make:      Model:      Colour:      Style:,12/20/2021 10:56:01 AM,542271.3428,4810383.781,Q1,Weekend,FALSE
7691,51172,21065267,3/15/2021 4:40:00 PM,2021,3,15,16,40,Monday,545144.9172,4807125.367,-80.442362,43.415665,Intersection,2,Non-reportable,On roadway,Rear end,Daylight,Municipal,No control,Functioning,FALSE,FALSE,FALSE,Clear,TRUE,Road 1: GOODRICH DR; Road 2: WILSON AVE; Vehicle #1     Make: TOYT     Model: MTL     Colour: GRY     Style: 4D; Vehicle #2     Make:      Model:      Colour:      Style:,12/20/2021 10:52:07 AM,545144.9172,4807125.367,Q1,Working,FALSE
7692,51173,21065952,3/25/2021 11:05:00 AM,2021,3,25,11,5,Thursday,545048.207,4810839.598,-80.44325,43.449113,Intersection,2,P.D. only,On roadway,Intersection,Daylight,Municipal,No control,Functioning,FALSE,FALSE,FALSE,Clear,FALSE,Road 1: RIVER RD E (50 km/h); Road 2: HOLBORN DR (50 km/h); Charged Driver #1 on page 1: HTA 144 (NA) (NA); Vehicle #1     Make: HOND     Model: CIV     Colour: BLU     Style: 4D; Vehicle #2     Make: TOYT     Model: CTR     Colour: GRY     Style: 4B,12/20/2021 10:56:36 AM,545048.2069,4810839.598,Q1,Weekend,FALSE
7693,51174,21065958,3/25/2021 11:10:00 AM,2021,3,25,11,10,Thursday,540700.8398,4811053.765,-80.496961,43.451291,Intersection,2,Non-reportable,On roadway,Other,Daylight,Municipal,No control,Functioning,FALSE,FALSE,FALSE,Clear,TRUE,Road 1: QUEEN ST S; Road 2: JOSEPH ST; Vehicle #1     Make: HOND     Model: UDY     Colour: GRY     Style: TY; Vehicle #2     Make:      Model:      Colour:      Style:,12/20/2021 10:52:11 AM,540700.8398,4811053.765,Q1,Weekend,FALSE
7694,51175,21066212,3/24/2021 10:07:00 AM,2021,3,24,10,7,Wednesday,542154.9146,4811355.678,-80.478967,43.453929,Private Drive,2,P.D. only,On roadway,Intersection,Daylight,Municipal,No control,Unknown,FALSE,FALSE,FALSE,Clear,FALSE,Road 1: 30 SAMUEL ST (40 km/h); Road 2: SAMUEL ST; Distance: 5.0 M E; Vehicle #1     Make: HOND     Model: CVL     Colour: WHI     Style: 2D; Vehicle #2     Make: CHEV     Model: EXP     Colour: WHI     Style: VN,12/20/2021 10:53:44 AM,542154.9146,4811355.678,Q1,Working,FALSE
7695,51176,21066260,3/25/2021 2:40:00 PM,2021,3,25,14,40,Thursday,544574.441,4804497.869,-80.449623,43.392041,Non intersection,2,P.D. only,Off roadway,SMV,Daylight,Municipal,No control,Unknown,FALSE,FALSE,FALSE,Clear,TRUE,Road 1: NATHANIEL CRESCENT; Road 2: PIONEER DR; Vehicle #1     Make: AUDI     Model: 4QP     Colour: WHI     Style: 4D; Vehicle #2     Make: NISS     Model: ROG     Colour: GRY     Style: TY,12/20/2021 10:53:58 AM,544574.441,4804497.87,Q1,Weekend,FALSE
7696,51177,21066454,3/25/2021 10:11:00 PM,2021,3,25,22,11,Thursday,542396.5971,4811080.186,-80.476001,43.451434,Non intersection,1,Non-fatal injury,On roadway,Other,Dark,Municipal,No control,Unknown,FALSE,TRUE,FALSE,Clear,FALSE,Road 1: KRUG ST (50 km/h); Road 2: SIMEON ST; Distance: 1.0 M W; Vehicle #1     Make: CHEV     Model: NWG     Colour: GRY     Style: PK; Vehicle #2     Make: BICY     Model: EBIK     Colour:      Style: EBI,12/20/2021 10:51:37 AM,542396.5971,4811080.186,Q1,Weekend,FALSE
7697,51178,21067249,3/26/2021 10:03:00 PM,2021,3,26,22,3,Friday,545964.9768,4803112.896,-80.43257,43.379486,Non intersection,2,P.D. only,Off roadway,SMV,Dark,Municipal,No control,Unknown,FALSE,FALSE,FALSE,Clear,FALSE,Road 1: 471 DOON SOUTH DR (40 km/h); Road 2: DOON SOUTH DR; Distance: 10.0 K E; Vehicle #1     Make:      Model:      Colour:      Style: PIC; Vehicle #2     Make: CHEV     Model: 2KN     Colour: WHI     Style: PK,12/20/2021 10:53:08 AM,545964.9768,4803112.896,Q1,Weekend,FALSE
7698,51179,21067607,3/27/2021 11:40:00 AM,2021,3,27,11,40,Saturday,544785.4486,4811398.336,-80.446451,43.45416,Non intersection,2,P.D. only,On roadway,Rear end,Daylight,Regional,No control,Unknown,FALSE,FALSE,FALSE,Clear,TRUE,Road 1: RIVER RD E; Road 2: HICKSON DR; Vehicle #1     Make: HOND     Model: UCL     Colour: BLU     Style: 2D; Vehicle #2     Make: HYUN     Model: SFT     Colour: BLU     Style: TY,12/20/2021 10:54:54 AM,544785.4486,4811398.336,Q1,Weekend,FALSE
7699,51180,21067641,3/18/2021 5:00:00 PM,2021,3,18,17,0,Thursday,538222.0656,4810183.613,-80.527658,43.443586,Private Drive,2,Non-reportable,Off roadway,SMV,Daylight,Municipal,No control,Unknown,FALSE,FALSE,FALSE,Clear,TRUE,Road 1: ROSSFORD CRESCENT (IFO 107); Vehicle #1     Make:      Model:      Colour:      Style: ; Vehicle #2     Make: HOND     Model: FIT     Colour: PLE     Style: 4B,12/20/2021 10:52:46 AM,538222.0656,4810183.613,Q1,Weekend,FALSE
7700,51181,21068466,3/28/2021 2:00:00 PM,2021,3,28,14,0,Sunday,548102.2825,4810896.464,-80.405501,43.449435,Private Drive,2,P.D. only,On roadway,Other,Daylight,Municipal,No control,Unknown,FALSE,FALSE,FALSE,Clear,TRUE,Road 1: 1534 ZELLER DR; Vehicle #1     Make: TOYT     Model: RUN     Colour: WHI     Style: TY; Vehicle #2     Make: FORD     Model: EPR     Colour: BLK     Style: TY,12/20/2021 10:54:57 AM,548102.2825,4810896.464,Q1,Weekend,FALSE
7701,51182,21069810,3/30/2021 9:30:00 AM,2021,3,30,9,30,Tuesday,539820.067,4809783.827,-80.50794,43.439903,Private Drive,1,Non-fatal injury,On roadway,Intersection,Daylight,Municipal,No control,Unknown,FALSE,FALSE,FALSE,Clear,FALSE,Road 1: BELMONT AVE W (50 km/h); Road 2: HIGHLAND RD W; Distance: 32.0 M N; Vehicle #1     Make: NISS     Model: CUB     Colour: BLU     Style: TY; Vehicle #2     Make: CHEV     Model: CZT     Colour: RED     Style: 4D,1/3/2023 10:20:17 AM,539820.067,4809783.827,Q1,Working,FALSE
7702,51183,21070045,3/30/2021 1:51:00 PM,2021,3,30,13,51,Tuesday,539297.3021,4811575.631,-80.51427,43.456064,Intersection,2,P.D. only,On roadway,Intersection,Daylight,Municipal,No control,Functioning,FALSE,FALSE,FALSE,Clear,FALSE,Road 1: PARK ST (50 km/h); Road 2: MOUNT HOPE ST (40 km/h); Vehicle #1     Make: PETE     Model:      Colour:      Style: 4DR; Vehicle #2     Make: TOYT     Model: SIE     Colour: WHI     Style: VN,12/20/2021 10:49:52 AM,539297.3021,4811575.631,Q1,Working,FALSE
7703,51184,21071835,4/1/2021 2:00:00 PM,2021,4,1,14,0,Thursday,540566.6555,4812716.566,-80.498496,43.46627,Non intersection,2,P.D. only,On roadway,Intersection,Daylight,Municipal,No control,Unknown,FALSE,FALSE,FALSE,Clear,TRUE,Road 1: MARGARET AVE; Road 2: UNION ST; Vehicle #1     Make: FORD     Model: COF     Colour: BLK     Style: PK; Vehicle #2     Make:      Model:      Colour:      Style:,12/20/2021 10:55:47 AM,540566.6555,4812716.566,Q2,Weekend,FALSE
7704,51185,21072172,4/2/2021 5:51:00 AM,2021,4,2,5,51,Friday,539983.9327,4810586.371,-80.505856,43.447121,Non intersection,2,P.D. only,Off roadway,SMV,Dark,Municipal,No control,Unknown,FALSE,FALSE,FALSE,Clear,FALSE,Road 1: HERLAN AVE (50 km/h); Road 2: 27 HERLAN AVE; Distance: 10.0 M N; Vehicle #1     Make: PETE     Model:      Colour:      Style: ; Vehicle #2     Make: TOYT     Model: CBL     Colour: GRY     Style: 4D,12/20/2021 10:51:16 AM,539983.9327,4810586.371,Q2,Weekend,FALSE
7705,51186,21072365,3/31/2021 4:00:00 PM,2021,3,31,16,0,Wednesday,541142.6655,4806765.106,-80.491824,43.412651,Intersection,2,P.D. only,On roadway,Rear end,Daylight,Regional,No control,Functioning,FALSE,FALSE,FALSE,Clear,TRUE,Road 1: BLOCK LINE RD; Road 2: LAURENTIAN DR; Vehicle #1     Make: TOYT     Model: PRI     Colour: BLK     Style: 4B; Vehicle #2     Make: TOYT     Model: TAC     Colour: BLK     Style: PK,12/20/2021 10:54:12 AM,541142.6655,4806765.106,Q1,Working,FALSE
7706,51187,21072367,4/1/2021 12:00:00 PM,2021,4,1,12,0,Thursday,537998.4171,4808216.207,-80.530558,43.425883,Non intersection,2,P.D. only,On roadway,SMV,Daylight,Regional,No control,Unknown,FALSE,FALSE,FALSE,Clear,TRUE,Road 1: 10 TRAILVIEW DR; Vehicle #1     Make: HOND     Model: PIL     Colour: WHI     Style: TY; Vehicle #2     Make: MAZD     Model: M3I     Colour: GRY     Style: 4D,12/20/2021 10:55:00 AM,537998.4171,4808216.207,Q2,Weekend,FALSE
7707,51188,21072665,4/2/2021 6:45:00 PM,2021,4,2,18,45,Friday,538685.4799,4806981.168,-80.522158,43.414727,Private Drive,2,P.D. only,On roadway,Other,Daylight,Municipal,No control,Unknown,FALSE,FALSE,FALSE,Clear,TRUE,Road 1: 633 WINDFLOWER CRESCENT; Vehicle #1     Make: TOYT     Model: AXP     Colour: BLK     Style: 4D; Vehicle #2     Make: TOYT     Model: MTL     Colour: BLU     Style: 4D,12/20/2021 10:55:29 AM,538685.4799,4806981.168,Q2,Weekend,FALSE
7708,51189,21072958,4/3/2021 3:41:00 AM,2021,4,3,3,41,Saturday,540430.7883,4809654.183,-80.500403,43.438703,Intersection,2,P.D. only,Off roadway,SMV,Dark,Municipal,No control,Unknown,FALSE,FALSE,FALSE,Clear,FALSE,Road 1: QUEEN'S BLVD (50 km/h); Road 2: REX DR (50 km/h); Distance: 40.0 M S; Vehicle #1     Make: TOYO     Model: UCS     Colour:      Style:,12/20/2021 10:49:55 AM,540430.7883,4809654.183,Q2,Weekend,FALSE
7709,51190,21073161,4/3/2021 11:30:00 AM,2021,4,3,11,30,Saturday,541349.1459,4808055.538,-80.489176,43.424259,Non intersection,2,P.D. only,On roadway,Intersection,Daylight,Regional,No control,Unknown,FALSE,FALSE,FALSE,Clear,TRUE,Road 1: STRASBURG RD; Road 2: OTTAWA ST S; Vehicle #1     Make: FORD     Model: FEE     Colour: WHI     Style: 4D; Vehicle #2     Make: FORD     Model: MUS     Colour: GRN     Style: 2D,12/20/2021 10:55:49 AM,541349.1459,4808055.538,Q2,Weekend,FALSE
7710,51191,21073330,4/3/2021 3:30:00 PM,2021,4,3,15,30,Saturday,539444.7878,4806048.907,-80.512846,43.406294,Intersection,2,P.D. only,On roadway,Rear end,Daylight,Municipal,No control,Functioning,FALSE,FALSE,FALSE,Clear,TRUE,Road 1: MAX BECKER DR; Road 2: ACTIVA AVE; Vehicle #1     Make: DODG     Model: JOU     Colour: BLK     Style: TY; Vehicle #2     Make: MERZ     Model: GK3     Colour: WHI     Style: TY,12/20/2021 10:54:24 AM,539444.7878,4806048.907,Q2,Weekend,FALSE
7711,51192,21073385,4/3/2021 4:56:00 PM,2021,4,3,16,56,Saturday,536986.0729,4810005.788,-80.542944,43.442047,Intersection,1,Non-fatal injury,On roadway,Other,Daylight,Municipal,No control,Functioning,FALSE,FALSE,FALSE,Clear,FALSE,Road 1: GLASGOW ST (50 km/h); Road 2: NORTHFOREST TRAIL (50 km/h); Vehicle #1     Make: TOYT     Model: RG4     Colour: GRY     Style: TY; Vehicle #2     Make: FORD     Model: EPR     Colour: BLU     Style: TY,12/20/2021 10:52:19 AM,536986.0729,4810005.788,Q2,Weekend,FALSE
7712,51193,21073993,4/4/2021 3:00:00 PM,2021,4,4,15,0,Sunday,545494.1339,4811168.001,-80.437712,43.452043,Non intersection,2,P.D. only,On roadway,Intersection,Daylight,Municipal,No control,Unknown,FALSE,FALSE,FALSE,Clear,TRUE,Road 1: 12 CARNABY CRESCENT (ON THE ROADWAY); Vehicle #1     Make: HOND     Model: FB2     Colour: GRY     Style: 4D; Vehicle #2     Make: HYUN     Model: EGM     Colour: BLU     Style: 4D,12/20/2021 10:49:12 AM,545494.1339,4811168.001,Q2,Weekend,FALSE
7713,51194,21074178,4/4/2021 12:00:00 PM,2021,4,4,12,0,Sunday,540560.7219,4810822.115,-80.49871,43.449212,Non intersection,2,Non-reportable,On roadway,SMV,Daylight,Municipal,No control,Unknown,FALSE,FALSE,FALSE,Clear,TRUE,Road 1: 35 LINDEN AVE (ON THE ROADWAY); Vehicle #1     Make:      Model:      Colour:      Style: ; Vehicle #2     Make: VOLK     Model: DTC     Colour: WHI     Style: 4D,12/20/2021 10:48:45 AM,540560.7219,4810822.115,Q2,Weekend,FALSE
7714,51195,21074635,3/25/2021 4:34:00 PM,2021,3,25,16,34,Thursday,544560.1711,4811740.249,-80.449208,43.457252,Intersection,2,P.D. only,On roadway,Rear end,Daylight,Regional,No control,Functioning,FALSE,FALSE,FALSE,Clear,TRUE,Road 1: RIVER RD E; Road 2: LORRAINE AVE; Vehicle #1     Make: VOLK     Model: TOU     Colour: WHI     Style: TY; Vehicle #2     Make:      Model:      Colour:      Style:,12/20/2021 10:52:30 AM,544560.1711,4811740.249,Q1,Weekend,FALSE
7715,51196,21075427,4/7/2021 8:30:00 AM,2021,4,7,8,30,Wednesday,539508.6503,4805987.287,-80.512062,43.405735,Private Drive,2,P.D. only,On roadway,SMV,Daylight,Municipal,No control,Unknown,FALSE,FALSE,FALSE,Clear,TRUE,Road 1: 22 MAX BECKER DR; Vehicle #1     Make: TOYT     Model: CBL     Colour: RED     Style: 4D; Vehicle #2     Make: FORD     Model: SPE     Colour: GRY     Style: TY,12/20/2021 10:49:16 AM,539508.6503,4805987.287,Q2,Working,FALSE
7716,51197,21075493,4/2/2021 10:45:00 AM,2021,4,2,10,45,Friday,542582.2023,4805341.569,-80.474155,43.399753,Non intersection,2,P.D. only,On roadway,SMV,Daylight,Municipal,No control,Unknown,FALSE,FALSE,FALSE,Clear,TRUE,Road 1: TRILLIUM DR; Road 2: MCBRINE DR; Vehicle #1     Make:      Model:      Colour:      Style: ; Vehicle #2     Make: TOYT     Model: C4E     Colour: BLK     Style: 4D,12/20/2021 10:48:31 AM,542582.2023,4805341.57,Q2,Weekend,FALSE
7717,51198,21075497,4/2/2021 11:00:00 AM,2021,4,2,11,0,Friday,540053.5634,4807308.725,-80.505236,43.417605,Private Drive,2,P.D. only,On roadway,SMV,Daylight,Municipal,No control,Unknown,FALSE,FALSE,FALSE,Clear,TRUE,Road 1: HILLSBOROUGH CRESCENT (IFO 107); Road 2: PINEDALE DR; Vehicle #1     Make:      Model:      Colour:      Style: ; Vehicle #2     Make: VOLK     Model: TIG     Colour: BLK     Style: TY,12/20/2021 10:55:32 AM,540053.5634,4807308.725,Q2,Weekend,FALSE
7718,51199,21076086,4/7/2021 6:15:00 AM,2021,4,7,6,15,Wednesday,544351.6683,4803090.364,-80.452487,43.379381,Non intersection,2,P.D. only,Off roadway,SMV,Dawn,Municipal,No control,Unknown,FALSE,FALSE,FALSE,Clear,FALSE,Road 1: CARYNDALE DR (50 km/h); Road 2: ROBERT FERRIE DR; Distance: 6.0 M S; Vehicle #1     Make: HYUN     Model: ESS     Colour: WHI     Style: 4D,12/20/2021 10:53:13 AM,544351.6683,4803090.364,Q2,Working,FALSE
7719,51200,21076171,3/22/2021 8:10:00 AM,2021,3,22,8,10,Monday,543856.5472,4805112.858,-80.458437,43.39762,Intersection,2,P.D. only,On roadway,Intersection,Daylight,Regional,No control,Unknown,FALSE,FALSE,FALSE,Clear,TRUE,Road 1: HURON RD; Road 2: TRILLIUM DR; Vehicle #1     Make: SUBA     Model: BLB     Colour: GRY     Style: 2D; Vehicle #2     Make: AUTC     Model: XPT     Colour: WHI     Style: CO,12/20/2021 10:51:56 AM,543856.5472,4805112.858,Q1,Working,FALSE