,OBJECTID,ACCIDENTNUM,ACCIDENTDATE,ACCIDENT_YEAR,ACCIDENT_MONTH,ACCIDENT_DAY,ACCIDENT_HOUR,ACCIDENT_MINUTE,Accident_Day,XCOORD,YCOORD,LONGITUDE,LATITUDE,Accident_Location,COLLISIONTYPE,Accident_Type,Impact_Location,Impact_Type,Light,Road_Jurisdication,Traffic_Control,Traffic_Control_Condition,Pedestrian_Involved,Cyclist_Involved,Motorcyclist_Involved,Environment_Condition,Self_Reported,XMLIMPORTNOTES,LASTEDITEDDATE,x,y,Quarter,Day_Type,Vulnerable_Involved
7720,51201,21076319,3/20/2021 9:30:00 AM,2021,3,20,9,30,Saturday,540800.7942,4812108.043,-80.495647,43.460778,Private Drive,2,Non-reportable,On roadway,Other,Daylight,Municipal,No control,Unknown,FALSE,FALSE,FALSE,Clear,TRUE,Road 1: 209 AHRENS ST W; Vehicle #1     Make:      Model:      Colour:      Style: ; Vehicle #2     Make: FORD     Model: FSE     Colour: GRY     Style: 4D,12/20/2021 10:51:44 AM,540800.7942,4812108.043,Q1,Weekend,FALSE
7721,51202,21076395,4/7/2021 2:36:00 PM,2021,4,7,14,36,Wednesday,545119.417,4807678.782,-80.442631,43.420649,Private Drive,2,P.D. only,On roadway,Intersection,Daylight,Regional,No control,Unknown,FALSE,FALSE,FALSE,Clear,FALSE,Road 1: 385 WILSON AVE (50 km/h); Road 2: FAIRWAY RD S; Distance: 48.0 M S; Charged Driver #1 on page 1: HTA 142 (1) (NA); Vehicle #1     Make: KIA     Model: EUG     Colour: YEL     Style: TY; Vehicle #2     Make: PONT     Model: 6BS     Colour: GRY     ,12/20/2021 10:56:17 AM,545119.417,4807678.782,Q2,Working,FALSE
7722,51203,21076593,4/1/2021 7:30:00 AM,2021,4,1,7,30,Thursday,545086.4037,4811844.707,-80.442695,43.458161,Private Drive,2,P.D. only,On roadway,SMV,Daylight,Municipal,No control,Unknown,FALSE,FALSE,FALSE,Clear,TRUE,Road 1: 52 MONTCALM DR; Vehicle #1     Make:      Model:      Colour:      Style: ; Vehicle #2     Make: TOYT     Model: MTL     Colour: GRY     Style: 4D,12/20/2021 10:49:15 AM,545086.4037,4811844.707,Q2,Weekend,FALSE
7723,51204,21076651,4/7/2021 6:49:00 PM,2021,4,7,18,49,Wednesday,543988.23,4807777.926,-80.456596,43.421609,Intersection,2,P.D. only,On roadway,Intersection,Daylight,Municipal,No control,Functioning,FALSE,TRUE,FALSE,Clear,FALSE,Road 1: SIEBERT AVE (50 km/h); Road 2: VANIER DR (50 km/h); Vehicle #1     Make:      Model: -     Colour:      Style: ; Vehicle #2     Make: HYUN     Model: SGL     Colour: GRY     Style: 4D,12/20/2021 10:47:44 AM,543988.23,4807777.926,Q2,Working,FALSE
7724,51205,21077210,4/3/2021 5:50:00 PM,2021,4,3,17,50,Saturday,540755.9909,4807993.253,-80.496508,43.423731,Private Drive,2,Non-reportable,On roadway,SMV,Daylight,Municipal,No control,Unknown,FALSE,TRUE,FALSE,Clear,TRUE,Road 1: 11 ELMSDALE DR; Vehicle #1     Make:      Model:      Colour:      Style: ; Vehicle #2     Make: FORD     Model: FSE     Colour: GRY     Style: 4D,12/20/2021 10:49:10 AM,540755.9909,4807993.253,Q2,Weekend,FALSE
7725,51206,21077369,3/28/2021 8:00:00 PM,2021,3,28,20,0,Sunday,547959.2097,4804544.703,-80.407827,43.392254,Private Drive,2,Non-reportable,On roadway,SMV,Dark,Municipal,No control,Unknown,FALSE,FALSE,FALSE,Clear,TRUE,Road 1: 12 ORCHARD MILL CRESCENT; Vehicle #1     Make:      Model:      Colour:      Style: ; Vehicle #2     Make: FORD     Model: FSE     Colour: GRY     Style: 4D,12/20/2021 10:48:33 AM,547959.2097,4804544.703,Q1,Weekend,FALSE
7726,51207,21078274,4/7/2021 4:00:00 PM,2021,4,7,16,0,Wednesday,544207.4466,4803633.52,-80.454224,43.38428,Non intersection,2,Non-reportable,On roadway,Rear end,Daylight,Municipal,No control,Unknown,FALSE,FALSE,FALSE,Clear,TRUE,Road 1: CARYNDALE DR; Road 2: CHAPEL HILL DR; Vehicle #1     Make: TOYT     Model: RUN     Colour: GRY     Style: TY; Vehicle #2     Make: TOYT     Model: CBL     Colour: SIL     Style: 4D,12/20/2021 10:50:18 AM,544207.4466,4803633.52,Q2,Working,FALSE
7727,51208,21078275,4/7/2021 1:20:00 PM,2021,4,7,13,20,Wednesday,536403.0896,4807788.706,-80.550295,43.422113,Private Drive,2,P.D. only,On roadway,SMV,Daylight,Municipal,No control,Unknown,FALSE,FALSE,FALSE,Clear,TRUE,Road 1: 89 COVINGTON CRESCENT (IN DRIVE WAY); Vehicle #1     Make:      Model:      Colour:      Style: ; Vehicle #2     Make: MERZ     Model: M35     Colour: BLU     Style: TY,12/20/2021 10:51:12 AM,536403.0896,4807788.706,Q2,Working,FALSE
7728,51209,21079314,4/10/2021 3:43:00 PM,2021,4,10,15,43,Saturday,541564.3195,4813804.974,-80.48608,43.476015,Non intersection,1,Non-fatal injury,On roadway,SMV,Daylight,Regional,No control,Unknown,FALSE,FALSE,TRUE,Clear,FALSE,Road 1: BRIDGEPORT RD (50 km/h); Road 2: LANCASTER ST W; Distance: 3.0 M S; Vehicle #1     Make: HD     Model: 20C     Colour: BLK     Style: MS,1/3/2023 10:10:03 AM,541564.3195,4813804.974,Q2,Weekend,TRUE
7729,51210,21079807,4/11/2021 12:11:00 AM,2021,4,11,0,11,Sunday,542507.0983,4806176.913,-80.475017,43.407279,Non intersection,2,P.D. only,Off roadway,SMV,Dark,Municipal,No control,Unknown,FALSE,FALSE,FALSE,Clear,FALSE,Road 1: STRASBURG RD (50 km/h); Road 2: BLEAMS (60 km/h); Vehicle #1     Make: PETE     Model:      Colour:      Style: SED,1/3/2023 10:10:00 AM,542507.0983,4806176.913,Q2,Weekend,FALSE
7730,51211,21080611,4/12/2021 1:34:00 AM,2021,4,12,1,34,Monday,539708.0531,4806653.176,-80.509551,43.411721,Private Drive,2,P.D. only,On roadway,SMV,Dark,Municipal,No control,Unknown,FALSE,FALSE,FALSE,Clear,FALSE,Road 1: ACTIVA AVE (50 km/h); Road 2: 41 ACTIVA AVE; Distance: 1.0 M W; Charged Driver #1 on page 1: HTA 130 (NA) (NA); Vehicle #1     Make: MAZD     Model: CX5     Colour: GRY     Style: TY; Vehicle #2     Make: DODG     Model: AVN     Colour: BLK     St,12/20/2021 10:56:56 AM,539708.0531,4806653.176,Q2,Working,FALSE
7731,51212,21080986,4/12/2021 3:25:00 PM,2021,4,12,15,25,Monday,545035.5803,4807868.617,-80.443651,43.422363,Intersection,2,P.D. only,On roadway,Other,Daylight,Regional,No control,Functioning,FALSE,FALSE,FALSE,Clear,FALSE,Road 1: KINGSWAY DR (50 km/h); Road 2: WILSON AVE (50 km/h); Vehicle #1     Make: DODG     Model: CAR     Colour: GRN     Style: VN; Vehicle #2     Make: NISS     Model: PFI     Colour: BLK     Style: TY,12/20/2021 10:51:59 AM,545035.5803,4807868.617,Q2,Working,FALSE
7732,51213,21082170,4/14/2021 7:22:00 AM,2021,4,14,7,22,Wednesday,538923.6529,4810144.384,-80.518991,43.443197,Private Drive,2,P.D. only,On roadway,Other,Daylight,Municipal,No control,Unknown,FALSE,FALSE,FALSE,Clear,FALSE,Road 1: 437 KARN ST (50 km/h); Road 2: KARN ST; Distance: 1.0 M N; Vehicle #1     Make: DODG     Model: JOU     Colour: BLU     Style: TY; Vehicle #2     Make: NISS     Model: VSL     Colour: BLU     Style: 4B,12/20/2021 10:53:42 AM,538923.6529,4810144.384,Q2,Working,FALSE
7733,51214,21082276,4/1/2021 3:45:00 PM,2021,4,1,15,45,Thursday,548200.8162,4810714.118,-80.4043,43.447787,Intersection,2,P.D. only,On roadway,Rear end,Daylight,Regional,No control,Functioning,FALSE,FALSE,FALSE,Clear,TRUE,Road 1: FAIRWAY RD N; Road 2: WOOLNER TRAIL; Vehicle #1     Make: HYUN     Model: ESS     Colour: WHI     Style: 4D; Vehicle #2     Make: HOND     Model: UCD     Colour: SIL     Style: 4D,12/20/2021 10:47:47 AM,548200.8162,4810714.118,Q2,Weekend,FALSE
7734,51215,21082313,2/23/2021 8:55:00 AM,2021,2,23,8,55,Tuesday,540141.5045,4805718.878,-80.504266,43.403285,Non intersection,2,Non-reportable,On roadway,Intersection,Daylight,Municipal,No control,Unknown,FALSE,FALSE,FALSE,Clear,TRUE,Road 1: 760 COMMONWEALTH CRESCENT LAURENTIAN WEST; Vehicle #1     Make:      Model:      Colour:      Style: ; Vehicle #2     Make: FORD     Model: SPE     Colour: BLK     Style: TY,12/20/2021 10:50:46 AM,540141.5045,4805718.878,Q1,Working,FALSE
7735,51216,21082408,4/10/2021 11:50:00 PM,2021,4,10,23,50,Saturday,547486.465,4802998.845,-80.413798,43.378365,Non intersection,2,P.D. only,On roadway,SMV,Dark,Municipal,No control,Unknown,FALSE,FALSE,FALSE,Clear,TRUE,Road 1: PINNACLE DR; Road 2: THOMAS SLEE DR; Vehicle #1     Make: DODG     Model: CAR     Colour: BLU     Style: VN,12/20/2021 10:56:08 AM,547486.465,4802998.845,Q2,Weekend,FALSE
7736,51217,21084083,4/13/2021 8:00:00 AM,2021,4,13,8,0,Tuesday,544552.1217,4808729.344,-80.449553,43.430142,Private Drive,2,P.D. only,Off roadway,SMV,Daylight,Municipal,No control,Unknown,FALSE,FALSE,FALSE,Clear,TRUE,Road 1: 100 8TH AVE KITCHENER ON (IFO 8TH AVE); Vehicle #1     Make:      Model:      Colour:      Style: ; Vehicle #2     Make: KIA     Model: RIO     Colour: SIL     Style: 4D,12/20/2021 10:50:48 AM,544552.1217,4808729.344,Q2,Working,FALSE
7737,51218,21084331,4/16/2021 4:15:00 PM,2021,4,16,16,15,Friday,545069.6025,4810785.332,-80.44299,43.448623,Non intersection,2,P.D. only,On roadway,Intersection,Daylight,Regional,No control,Unknown,FALSE,FALSE,FALSE,Clear,TRUE,Road 1: RIVER RD E; Road 2: HOLBORN DR; Vehicle #1     Make: CHRY     Model: SLT     Colour: BLK     Style: 4D; Vehicle #2     Make: FORD     Model: RNG     Colour: BLU     Style: PK,12/20/2021 10:54:34 AM,545069.6025,4810785.332,Q2,Weekend,FALSE
7738,51219,21084366,4/16/2021 4:30:00 PM,2021,4,16,16,30,Friday,539926.6539,4811945.626,-80.506464,43.459363,Non intersection,2,P.D. only,Off roadway,SMV,Daylight,Municipal,No control,Unknown,FALSE,FALSE,FALSE,Clear,FALSE,Road 1: 184 MOORE AVE (50 km/h); Road 2: MOORE AVE; Distance: 5.0 M S; Charged Driver #1 on page 1: NA NA (NA) (NA); Vehicle #1     Make: NISS     Model: MIC     Colour: GRN     Style: 4B,2/11/2022 11:16:31 AM,539926.6539,4811945.626,Q2,Weekend,FALSE
7739,51220,21084470,4/16/2021 7:15:00 PM,2021,4,16,19,15,Friday,540117.3159,4812114.309,-80.504095,43.460871,Non intersection,2,P.D. only,Off roadway,SMV,Daylight,Municipal,No control,Unknown,FALSE,FALSE,FALSE,Clear,FALSE,Road 1: 222 WATERLOO ST (50 km/h); Road 2: WATERLOO ST; Distance: 0.0 M N; Charged Driver #1 on page 1: NA NA (NA) (NA); Vehicle #1     Make: NISS     Model: MIC     Colour: GRN     Style: 4B,2/11/2022 11:16:23 AM,540117.3159,4812114.309,Q2,Weekend,FALSE
7740,51221,21087434,4/19/2021 5:30:00 PM,2021,4,19,17,30,Monday,543020.5231,4814187.539,-80.468045,43.479377,Intersection,2,P.D. only,On roadway,Intersection,Daylight,Municipal,No control,Functioning,FALSE,FALSE,FALSE,Rain,TRUE,Road 1: TAGGE ST; Road 2: STANLEY AVE; Vehicle #1     Make: PONT     Model: GGT     Colour: BLK     Style: 4D; Vehicle #2     Make: BUIC     Model: UXS     Colour: GRY     Style: 4D,12/20/2021 10:47:29 AM,543020.5231,4814187.539,Q2,Working,FALSE
7741,51222,21087450,3/1/2021 7:30:00 PM,2021,3,1,19,30,Monday,544891.3641,4809558.79,-80.445294,43.43759,Private Drive,2,Non-reportable,Off roadway,SMV,Dark,Municipal,No control,Unknown,FALSE,FALSE,FALSE,Clear,TRUE,Road 1: 115 SHUH AVE (ON THE ROADWAY); Vehicle #1     Make:      Model:      Colour:      Style: ; Vehicle #2     Make: TOYT     Model: CHL     Colour: GRY     Style: 4D,12/20/2021 10:51:14 AM,544891.3641,4809558.79,Q1,Working,FALSE
7742,51223,21087474,4/19/2021 7:55:00 AM,2021,4,19,7,55,Monday,541410.0974,4810747.775,-80.488219,43.448497,Non intersection,2,P.D. only,On roadway,Intersection,Daylight,Regional,No control,Unknown,FALSE,FALSE,FALSE,Clear,TRUE,Road 1: BENTON ST; Road 2: CHARLES ST E; Vehicle #1     Make: DODG     Model: CAR     Colour: MLT     Style: VN; Vehicle #2     Make: JEEP     Model: GCK     Colour: BLK     Style: TY,12/20/2021 10:50:21 AM,541410.0974,4810747.775,Q2,Working,FALSE
7743,51224,21087496,4/20/2021 12:26:00 PM,2021,4,20,12,26,Tuesday,539261.7937,4809756.53,-80.51484,43.439687,Non intersection,2,P.D. only,On roadway,Other,Daylight,Municipal,No control,Unknown,FALSE,FALSE,FALSE,Clear,FALSE,Road 1: 20 PAULANDER DR (50 km/h); Road 2: PAULANDER DR; Distance: 5.0 M S; Charged Driver #1 on page 1: HTA 130 (NA) (NA); Vehicle #1     Make: PONT     Model: WLT     Colour: BLK     Style: 4D; Vehicle #2     Make: NISS     Model: VVS     Colour: WHI   ,2/11/2022 11:13:15 AM,539261.7937,4809756.53,Q2,Working,FALSE
7744,51225,21087598,4/20/2021 10:50:00 AM,2021,4,20,10,50,Tuesday,536472.3635,4808491.696,-80.549393,43.428439,Private Drive,2,P.D. only,Off roadway,SMV,Daylight,Municipal,No control,Unknown,FALSE,FALSE,FALSE,Clear,TRUE,Road 1: WESTMEADOW DR (IFO 93); Vehicle #1     Make: HYUN     Model: ETG     Colour: GRY     Style: 4B; Vehicle #2     Make: FORD     Model: FSE     Colour: WHI     Style: 4B,12/20/2021 10:48:03 AM,536472.3635,4808491.696,Q2,Working,FALSE
7745,51226,21087655,4/20/2021 4:45:00 PM,2021,4,20,16,45,Tuesday,541548.7855,4811887.917,-80.486418,43.458755,Intersection,2,P.D. only,On roadway,Intersection,Daylight,Municipal,No control,Functioning,FALSE,FALSE,FALSE,Clear,TRUE,Road 1: ST LEGER ST; Road 2: BREITHAUPT ST; Vehicle #1     Make: FORD     Model: SRW     Colour: WHI     Style: PK; Vehicle #2     Make: HYUN     Model: ESS     Colour: BLK     Style: 4D,12/20/2021 10:49:34 AM,541548.7855,4811887.917,Q2,Working,FALSE
7746,51227,21088037,4/21/2021 5:50:00 AM,2021,4,21,5,50,Wednesday,544632.659,4808111.062,-80.448609,43.42457,Non intersection,2,P.D. only,Off roadway,SMV,Dawn,Municipal,No control,Unknown,FALSE,FALSE,FALSE,Snow,FALSE,Road 1: WILSON AVE (50 km/h); Road 2: WOODHAVEN RD; Distance: 38.0 K S; Charged Driver #1 on page 1: HTA 130 (NA) (NA); Vehicle #1     Make: TOYT     Model: CBA     Colour: WHI     Style: 4D,2/11/2022 11:14:28 AM,544632.659,4808111.062,Q2,Working,FALSE
7747,51228,21088711,4/21/2021 11:17:00 PM,2021,4,21,23,17,Wednesday,545154.8124,4811493.284,-80.441878,43.454993,Intersection,2,P.D. only,Off roadway,SMV,Dark,Municipal,No control,Unknown,FALSE,FALSE,FALSE,Clear,FALSE,Road 1: MONTCALM DR (50 km/h); Road 2: OLD YORK CRES (50 km/h); Distance: 20.0 M S; Charged Driver #1 on page 1: HTA 41.2 (NA) (NA); Vehicle #1     Make: ACUR     Model: ATL     Colour: BLK     Style: 4D,12/20/2021 10:56:30 AM,545154.8124,4811493.284,Q2,Working,FALSE
7748,51229,21089075,4/22/2021 12:40:00 PM,2021,4,22,12,40,Thursday,541518.9622,4813634.976,-80.486653,43.474487,Non intersection,2,P.D. only,Off roadway,SMV,Daylight,Municipal,No control,Unknown,FALSE,FALSE,FALSE,Snow,FALSE,Road 1: HAMEL AVE (50 km/h); Road 2: MACKIE PL; Distance: 30.0 M E; Charged Driver #1 on page 1: NA NA (NA) (NA); Vehicle #1     Make: HYUN     Model: ASE     Colour: RED     Style: 2B,2/11/2022 11:17:35 AM,541518.9622,4813634.976,Q2,Weekend,FALSE
7749,51230,21090190,4/23/2021 7:08:00 PM,2021,4,23,19,8,Friday,543958.1,4807816.081,-80.456966,43.421954,Non intersection,2,P.D. only,Off roadway,SMV,Daylight,Municipal,No control,Unknown,FALSE,FALSE,FALSE,Clear,FALSE,Road 1: 378 VANIER DR (50 km/h); Road 2: VANIER DR; Distance: 2.0 M S; Charged Driver #1 on page 1: HTA 130 (NA) (NA); Vehicle #1     Make: TOYT     Model: CBA     Colour: GRY     Style: 4D; Vehicle #2     Make: HOND     Model: UCD     Colour: SIL     Sty,2/11/2022 11:14:09 AM,543958.1,4807816.081,Q2,Weekend,FALSE
7750,51231,21091105,4/24/2021 11:50:00 AM,2021,4,24,11,50,Saturday,542418.1533,4806564.498,-80.476086,43.410774,Non intersection,2,Non-reportable,On roadway,Rear end,Daylight,Municipal,No control,Unknown,FALSE,FALSE,FALSE,Clear,TRUE,Road 1: STRASBURG RD; Road 2: OLD COUNTRY DR; Vehicle #1     Make: VOLV     Model: V54     Colour: BLU     Style: 4W; Vehicle #2     Make:      Model:      Colour:      Style:,2/11/2022 11:11:24 AM,542418.1533,4806564.498,Q2,Weekend,FALSE
7751,51232,21093720,4/28/2021 7:16:00 AM,2021,4,28,7,16,Wednesday,543569.0396,4804977.382,-80.461998,43.396417,Intersection,2,P.D. only,On roadway,Intersection,Daylight,Municipal,No control,Functioning,FALSE,FALSE,FALSE,Clear,FALSE,Road 1: HURON RD (60 km/h); Road 2: BATTLER RD (50 km/h); Vehicle #1     Make: HYUN     Model: ETO     Colour:      Style: SW; Vehicle #2     Make: SUBA     Model: IPR     Colour:      Style: 4D,12/20/2021 10:47:20 AM,543569.0396,4804977.382,Q2,Working,FALSE
7752,51233,21094001,4/23/2021 5:00:00 PM,2021,4,23,17,0,Friday,540529.6195,4807794.858,-80.499319,43.421956,Private Drive,2,Non-reportable,On roadway,SMV,Daylight,Municipal,No control,Unknown,FALSE,FALSE,FALSE,Clear,TRUE,Road 1: MOWAT BLVD; Road 2: CHANDLER DR; Vehicle #1     Make: NISS     Model: VSL     Colour: BLU     Style: 4B; Vehicle #2     Make: HYUN     Model: TUC     Colour: GRY     Style: TY,2/11/2022 11:11:08 AM,540529.6195,4807794.858,Q2,Weekend,FALSE
7753,51234,21094597,4/29/2021 7:10:00 AM,2021,4,29,7,10,Thursday,546025.7282,4813465.027,-80.430948,43.472693,Private Drive,2,P.D. only,Off roadway,SMV,Daylight,Municipal,No control,Unknown,FALSE,FALSE,FALSE,Clear,FALSE,Road 1: CENTENNIAL RD (50 km/h); Road 2: CENTENNIAL CT; Distance: 250.0 M S; Charged Driver #1 on page 1: HTA 130 (NA) (NA); Vehicle #1     Make: STRG     Model: STE     Colour: WHI     Style: CB,2/11/2022 11:11:41 AM,546025.7282,4813465.027,Q2,Weekend,FALSE
7754,51235,21094625,4/29/2021 8:23:00 AM,2021,4,29,8,23,Thursday,541332.7966,4806341.804,-80.489508,43.408829,Other,2,P.D. only,Off roadway,SMV,Daylight,Municipal,No control,Unknown,FALSE,FALSE,FALSE,Clear,FALSE,Road 1: 259 RITTENHOUSE RD; Vehicle #1     Make:      Model:      Colour:      Style:,12/20/2021 10:48:00 AM,541332.7966,4806341.804,Q2,Weekend,FALSE
7755,51236,21095177,4/29/2021 10:52:00 PM,2021,4,29,22,52,Thursday,542633.5696,4805359.024,-80.473519,43.399907,Intersection,1,Non-fatal injury,On roadway,Intersection,Dark,Regional,No control,Functioning,FALSE,FALSE,FALSE,Clear,FALSE,Road 1: TRILLIUM DR (50 km/h); Road 2: MCBRINE DR (50 km/h); Charged Driver #1 on page 1: HTA 136 (NA) (NA); Vehicle #1     Make: TOYT     Model: AXP     Colour: BLK     Style: 4D; Vehicle #2     Make: WSTR     Model: CNV     Colour: BLU     Style: CT,2/11/2022 11:10:28 AM,542633.5696,4805359.024,Q2,Weekend,FALSE
7756,51237,21096557,5/1/2021 8:30:00 AM,2021,5,1,8,30,Saturday,544546.2429,4812127.347,-80.449348,43.460738,Non intersection,2,Non-reportable,Off roadway,SMV,Daylight,Municipal,No control,Unknown,FALSE,FALSE,FALSE,Clear,TRUE,Road 1: 351 CARSON DR; Vehicle #1     Make:      Model:      Colour:      Style: ; Vehicle #2     Make: TOYT     Model: PRV     Colour: BLU     Style: SW,2/11/2022 11:11:45 AM,544546.2429,4812127.347,Q2,Weekend,FALSE
7757,51238,21097133,5/2/2021 12:55:00 PM,2021,5,2,12,55,Sunday,545649.4404,4803976.049,-80.436393,43.387277,Private Drive,2,P.D. only,On roadway,Intersection,Daylight,Municipal,No control,Unknown,FALSE,FALSE,FALSE,Clear,FALSE,Road 1: 278 DOON MILLS DR (40 km/h); Road 2: DOON MILLS DR; Distance: 1.0 M N; Charged Driver #1 on page 1: HTA 136 (NA) (NA); Vehicle #1     Make: PONT     Model: SFS     Colour: BLK     Style: 4D; Vehicle #2     Make: TOYT     Model: YAR     Colour: BLU,2/11/2022 11:14:12 AM,545649.4404,4803976.049,Q2,Weekend,FALSE
7758,51239,21097644,5/3/2021 1:54:00 AM,2021,5,3,1,54,Monday,545088.6125,4811829.82,-80.442669,43.458027,Non intersection,2,P.D. only,On roadway,SMV,Dark,Municipal,No control,Unknown,FALSE,FALSE,FALSE,Clear,FALSE,Road 1: MONTCALM DR (50 km/h); Road 2: TECUMSEH CRESCENT; Distance: 50.0 M W; Vehicle #1     Make: PETE     Model:      Colour:      Style: ; Vehicle #2     Make: KIA     Model: RIO     Colour: BLK     Style: 4B,2/11/2022 11:11:43 AM,545088.6125,4811829.82,Q2,Working,FALSE
7759,51240,21097915,5/3/2021 11:50:00 AM,2021,5,3,11,50,Monday,543230.2338,4804482.626,-80.466221,43.391982,Intersection,2,P.D. only,On roadway,Other,Daylight,Municipal,No control,Functioning,FALSE,FALSE,FALSE,Rain,FALSE,Road 1: HURON RD (50 km/h); Road 2: STRASBURG RD (50 km/h); Vehicle #1     Make: MERZ     Model: ZFG     Colour: BLK     Style: 4D; Vehicle #2     Make: FORD     Model: COF     Colour: BLU     Style: PK,2/11/2022 11:10:03 AM,543230.2338,4804482.626,Q2,Working,FALSE
7760,51241,21098703,5/3/2021 7:00:00 PM,2021,5,3,19,0,Monday,541384.6705,4810982.346,-80.488515,43.45061,Non intersection,2,P.D. only,On roadway,SMV,Other,Municipal,No control,Unknown,FALSE,FALSE,FALSE,Clear,TRUE,Road 1: QUEEN ST N; Road 2: GOUDIES LN; Vehicle #1     Make: MITS     Model: COT     Colour: WHI     Style: TY,2/11/2022 11:17:28 AM,541384.6705,4810982.346,Q2,Working,FALSE
7761,51242,21099230,5/5/2021 7:35:00 AM,2021,5,5,7,35,Wednesday,542929.7171,4803700.615,-80.469992,43.384958,Non intersection,2,P.D. only,Off roadway,SMV,Daylight,Municipal,No control,Unknown,FALSE,FALSE,FALSE,Clear,FALSE,Road 1: ROCKCLIFFE DR (50 km/h); Road 2: NEWCASTLE DR; Distance: 30.0 M E; Vehicle #1     Make: FORD     Model: FORD     Colour:      Style: TRU; Vehicle #2     Make: FORD     Model: FL     Colour: BLU     Style: 4D,2/11/2022 11:13:17 AM,542929.7171,4803700.615,Q2,Working,FALSE
7762,51243,21100161,5/6/2021 11:20:00 AM,2021,5,6,11,20,Thursday,541143.0768,4811830.809,-80.491437,43.458263,Private Drive,2,P.D. only,Off roadway,SMV,Daylight,Municipal,No control,Unknown,FALSE,FALSE,FALSE,Clear,FALSE,Road 1: 238 WELLINGTON ST N (50 km/h); Road 2: WELLINGTON ST N; Distance: 8.0 M S; Vehicle #1     Make: RAM     Model: RPR     Colour: WHI     Style: FV,2/11/2022 11:11:59 AM,541143.0768,4811830.809,Q2,Weekend,FALSE
7763,51244,21100225,5/6/2021 12:48:00 PM,2021,5,6,12,48,Thursday,540569.0998,4812711.409,-80.498466,43.466223,Intersection,1,Non-fatal injury,On roadway,Rear end,Daylight,Regional,Sign Control,Functioning,FALSE,FALSE,FALSE,Clear,FALSE,Road 1: MARGARET AVE S (50 km/h); Road 2: UNION ST (50 km/h); Vehicle #1     Make: DODG     Model: NIT     Colour: SIL     Style: TY; Vehicle #2     Make: KIA     Model: SPO     Colour: RED     Style: TY,2/11/2022 11:10:13 AM,540569.0998,4812711.409,Q2,Weekend,FALSE
7764,51245,21100870,5/7/2021 9:31:00 AM,2021,5,7,9,31,Friday,540103.6783,4810847.675,-80.504357,43.449467,Non intersection,2,P.D. only,On roadway,SMV,Daylight,Regional,No control,Unknown,FALSE,FALSE,FALSE,Clear,FALSE,Road 1: PARK ST (50 km/h); Road 2: CHERRY ST; Distance: 50.0 M S; Charged Driver #1 on page 1: HTA 182 (NA) (NA); Vehicle #1     Make: VOLV     Model: ARO     Colour: BLU     Style: CT,2/11/2022 11:13:18 AM,540103.6783,4810847.675,Q2,Weekend,FALSE
7765,51246,21101149,5/7/2021 3:21:00 PM,2021,5,7,15,21,Friday,538127.272,4809870.666,-80.528851,43.440773,Intersection,2,P.D. only,Off roadway,SMV,Daylight,Municipal,No control,Functioning,FALSE,FALSE,FALSE,Clear,FALSE,Road 1: INGLESIDE DR; Road 2: DALEGROVE DR; Distance: 1.0 M E; Charged Driver #1 on page 1: HTA 130 (NA) (NA); Vehicle #1     Make: HOND     Model: CIV     Colour: SIL     Style: 4D,2/11/2022 11:10:31 AM,538127.272,4809870.666,Q2,Weekend,FALSE
7766,51247,21102256,5/8/2021 9:55:00 PM,2021,5,8,21,55,Saturday,538983.3536,4806005.744,-80.518548,43.405929,Intersection,2,P.D. only,On roadway,Intersection,Dark,Municipal,No control,Unknown,FALSE,FALSE,FALSE,Clear,TRUE,Road 1: DAVID BERGEY DR; Road 2: PEACH BLOSSOM CRESCENT; Vehicle #1     Make:      Model:      Colour:      Style: ; Vehicle #2     Make: VOLK     Model: JWE     Colour: WHI     Style: 4D,2/11/2022 11:17:01 AM,538983.3536,4806005.745,Q2,Weekend,FALSE
7767,51248,21102460,5/9/2021 6:50:00 AM,2021,5,9,6,50,Sunday,541117.767,4812352.358,-80.491711,43.46296,Private Drive,2,P.D. only,On roadway,SMV,Daylight,Municipal,No control,Unknown,FALSE,FALSE,FALSE,Clear,FALSE,Road 1: 209 BLUCHER ST (50 km/h); Road 2: BLUCHER ST; Distance: 1.0 M W; Charged Driver #1 on page 1: HTA 130 (NA) (NA); Vehicle #1     Make: MERZ     Model: MET     Colour: WHI     Style: FV; Vehicle #2     Make: FORD     Model: COF     Colour: MRN     S,2/11/2022 11:13:35 AM,541117.767,4812352.358,Q2,Weekend,FALSE