,OBJECTID,ACCIDENTNUM,ACCIDENTDATE,ACCIDENT_YEAR,ACCIDENT_MONTH,ACCIDENT_DAY,ACCIDENT_HOUR,ACCIDENT_MINUTE,Accident_Day,XCOORD,YCOORD,LONGITUDE,LATITUDE,Accident_Location,COLLISIONTYPE,Accident_Type,Impact_Location,Impact_Type,Light,Road_Jurisdication,Traffic_Control,Traffic_Control_Condition,Pedestrian_Involved,Cyclist_Involved,Motorcyclist_Involved,Environment_Condition,Self_Reported,XMLIMPORTNOTES,LASTEDITEDDATE,x,y,Quarter,Day_Type,Vulnerable_Involved
7768,51249,21102893,5/9/2021 8:42:00 PM,2021,5,9,20,42,Sunday,544246.535,4808834.467,-80.45332,43.431107,Non intersection,1,Non-fatal injury,Other,Intersection,Dark,Municipal,No control,Unknown,FALSE,FALSE,FALSE,Clear,FALSE,Road 1: FIFTH AVE (50 km/h); Road 2: CONNAUGHT ST; Distance: 30.0 M N; Charged Driver #1 on page 1: HTA 130 (NA) (NA); Vehicle #1     Make: MERZ     Model: C4A     Colour: BLK     Style: 4D; Vehicle #2     Make: KIA     Model: FLX     Colour: SIL     Styl,2/11/2022 11:12:13 AM,544246.535,4808834.467,Q2,Weekend,FALSE
7769,51250,21103547,5/10/2021 6:06:00 PM,2021,5,10,18,6,Monday,542437.5086,4811893.082,-80.475432,43.458751,Intersection,2,P.D. only,On roadway,SMV,Daylight,Municipal,No control,Unknown,FALSE,FALSE,FALSE,Clear,FALSE,Road 1: MANSION ST (50 km/h); Road 2: INDIANA ST (50 km/h); Charged Driver #1 on page 1: HTA 2 (NA) (NA); Vehicle #1     Make:      Model:      Colour:      Style: ; Vehicle #2     Make: FORD     Model: FTU     Colour: WHI     Style: 4D,2/11/2022 11:10:21 AM,542437.5086,4811893.082,Q2,Working,FALSE
7770,51251,21104119,5/8/2021 11:30:00 AM,2021,5,8,11,30,Saturday,545600.3079,4809360.515,-80.43655,43.435762,Non intersection,2,Non-reportable,On roadway,SMV,Daylight,Municipal,No control,Unknown,FALSE,FALSE,FALSE,Clear,TRUE,Road 1: 32 OBERMEYER DR (ON THE ROADWAY); Vehicle #1     Make:      Model:      Colour:      Style: ; Vehicle #2     Make: FORD     Model: COF     Colour: BLK     Style: PK,2/11/2022 11:17:26 AM,545600.3079,4809360.516,Q2,Weekend,FALSE
7771,51252,21105794,5/13/2021 1:20:00 PM,2021,5,13,13,20,Thursday,538848.387,4810644.545,-80.519885,43.447704,Non intersection,2,Non-reportable,On roadway,Other,Daylight,Municipal,No control,Unknown,FALSE,FALSE,FALSE,Clear,TRUE,Road 1: 138 BRANDON AVE (ON THE ROADWAY); Vehicle #1     Make: HOND     Model: UAX     Colour: BLK     Style: 4D; Vehicle #2     Make: TOYT     Model: RV4     Colour: BLK     Style: TY,2/11/2022 11:13:39 AM,538848.387,4810644.545,Q2,Weekend,FALSE
7772,51253,21105815,5/13/2021 1:23:00 PM,2021,5,13,13,23,Thursday,544759.954,4809385.734,-80.446932,43.43604,Intersection,2,Non-reportable,On roadway,Intersection,Daylight,Regional,No control,Functioning,FALSE,FALSE,FALSE,Clear,TRUE,Road 1: PROSPECT AVE; Road 2: FRANKLIN ST N; Vehicle #1     Make: HYUN     Model: TUC     Colour: BLK     Style: TY; Vehicle #2     Make:      Model:      Colour:      Style:,2/11/2022 11:10:08 AM,544759.954,4809385.734,Q2,Weekend,FALSE
7773,51254,21105867,5/13/2021 2:30:00 PM,2021,5,13,14,30,Thursday,540767.4422,4810374.535,-80.496189,43.445171,Non intersection,2,P.D. only,On roadway,Intersection,Daylight,Municipal,No control,Unknown,FALSE,FALSE,FALSE,Clear,TRUE,Road 1: DAVID ST; Road 2: ROLAND ST; Vehicle #1     Make: TOYT     Model: CBA     Colour: BRN     Style: 4D; Vehicle #2     Make: INFI     Model: Q5S     Colour: BLK     Style: 4D,2/11/2022 11:11:32 AM,540767.4422,4810374.535,Q2,Weekend,FALSE
7774,51255,21106575,5/14/2021 11:30:00 AM,2021,5,14,11,30,Friday,544896.7237,4812657.167,-80.444972,43.465488,Private Drive,2,Non-reportable,On roadway,SMV,Daylight,Municipal,No control,Unknown,FALSE,FALSE,FALSE,Clear,TRUE,Road 1: 7 MATTHEW COURT; Vehicle #1     Make:      Model:      Colour:      Style: ; Vehicle #2     Make: FIAT     Model: 5PP     Colour: BLK     Style: 2B,2/11/2022 11:13:01 AM,544896.7237,4812657.167,Q2,Weekend,FALSE
7775,51256,21108149,5/16/2021 3:20:00 AM,2021,5,16,3,20,Sunday,542674.2216,4805212.294,-80.473029,43.398584,Private Drive,2,P.D. only,Off roadway,SMV,Dark,Regional,No control,Unknown,FALSE,FALSE,FALSE,Clear,FALSE,Road 1: TRILLIUM DR (50 km/h); Road 2: MCBRINE DR; Distance: 150.0 M S; Vehicle #1     Make: AUDI     Model: A42     Colour: BLK     Style: 4D,2/11/2022 11:17:13 AM,542674.2216,4805212.294,Q2,Weekend,FALSE
7776,51257,21108217,5/16/2021 9:14:00 AM,2021,5,16,9,14,Sunday,540486.7065,4809735.83,-80.499706,43.439435,Intersection,1,Non-fatal injury,On roadway,Intersection,Daylight,Municipal,No control,Functioning,FALSE,FALSE,TRUE,Clear,FALSE,Road 1: QUEEN'S BLVD (50 km/h); Road 2: SPADINA RD E (50 km/h); Charged Driver #1 on page 1: HTA 3 (NA) (NA); Vehicle #1     Make: HOND     Model: CHY     Colour: SIL     Style: 4D; Vehicle #2     Make: YAMA     Model: VAC     Colour: RED     Style: MS,2/11/2022 11:15:17 AM,540486.7065,4809735.83,Q2,Weekend,TRUE
7777,51258,21108780,5/16/2021 10:28:00 PM,2021,5,16,22,28,Sunday,546133.7731,4802616.633,-80.430528,43.375008,Non intersection,2,P.D. only,Off roadway,SMV,Dark,Municipal,No control,Unknown,FALSE,FALSE,FALSE,Clear,FALSE,Road 1: 446 THOMAS SLEE DR (50 km/h); Road 2: THOMAS SLEE DR; Distance: 1.0 M E; Vehicle #1     Make: PETE     Model:      Colour:      Style: ; Vehicle #2     Make: LEXS     Model: RC0     Colour: BLK     Style: 2D,2/11/2022 11:15:50 AM,546133.7731,4802616.633,Q2,Weekend,FALSE
7778,51259,21109256,5/17/2021 1:58:00 PM,2021,5,17,13,58,Monday,544604.1247,4811712.788,-80.448667,43.457002,Non intersection,1,Non-fatal injury,Off roadway,SMV,Daylight,Regional,No control,Unknown,FALSE,FALSE,FALSE,Clear,FALSE,Road 1: RIVER RD E (50 km/h); Road 2: LORRAINE AVE; Distance: 50.0 M E; Charged Driver #1 on page 1: HTA 130 (NA) (NA); Vehicle #1     Make: CHEV     Model: BEG     Colour: RED     Style: 4D,2/11/2022 11:15:52 AM,544604.1247,4811712.788,Q2,Working,FALSE
7779,51260,21110003,5/16/2021 3:10:00 PM,2021,5,16,15,10,Sunday,538153.8875,4806454.409,-80.528761,43.410012,Private Drive,2,P.D. only,On roadway,SMV,Daylight,Municipal,No control,Unknown,FALSE,FALSE,FALSE,Clear,TRUE,Road 1: 145 FOXGLOVE CRESCENT (IFO 145); Vehicle #1     Make: HOND     Model: CIL     Colour: WHI     Style: 4D; Vehicle #2     Make: DODG     Model: CRC     Colour: BRN     Style: 4D,2/11/2022 11:11:47 AM,538153.8875,4806454.409,Q2,Weekend,FALSE
7780,51261,21110144,5/10/2021 5:25:00 PM,2021,5,10,17,25,Monday,541602.6397,4813276.505,-80.485646,43.471255,Intersection,2,P.D. only,On roadway,Intersection,Daylight,Municipal,No control,Functioning,FALSE,FALSE,FALSE,Clear,TRUE,Road 1: UNION ST; Road 2: BOND ST; Vehicle #1     Make: MITS     Model: RVR     Colour: GRY     Style: TY; Vehicle #2     Make: NISS     Model: NV2     Colour: WHI     Style: FV,2/11/2022 11:17:06 AM,541602.6397,4813276.505,Q2,Working,FALSE
7781,51262,21110357,5/18/2021 4:53:00 PM,2021,5,18,16,53,Tuesday,545312.3343,4804465.15,-80.440515,43.391702,Non intersection,2,P.D. only,On roadway,Intersection,Daylight,Municipal,No control,Unknown,FALSE,FALSE,FALSE,Clear,FALSE,Road 1: BECHTEL DR (50 km/h); Road 2: DOON VILLAGE RD; Distance: 5.0 M W; Charged Driver #1 on page 1: HTA 159 (NA) (NA); Vehicle #1     Make: TOYT     Model: SIE     Colour: BLK     Style: VN; Vehicle #2     Make: CHEV     Model: ETV     Colour: WHI     ,2/11/2022 11:15:36 AM,545312.3343,4804465.15,Q2,Working,FALSE
7782,51263,21111043,5/19/2021 12:05:00 PM,2021,5,19,12,5,Wednesday,539568.1799,4810749.849,-80.510982,43.448615,Non intersection,2,P.D. only,Off roadway,SMV,Daylight,Municipal,No control,Unknown,FALSE,FALSE,FALSE,Clear,FALSE,Road 1: 85 GAGE AVE (10 km/h); Road 2: GAGE AVE; Distance: 4.0 M N; Vehicle #1     Make: TOYT     Model: MTL     Colour: WHI     Style: 4D,2/11/2022 11:14:31 AM,539568.1799,4810749.849,Q2,Working,FALSE
7783,51264,21111768,5/20/2021 7:30:00 AM,2021,5,20,7,30,Thursday,541786.1798,4812128.167,-80.483465,43.460905,Non intersection,1,Non-fatal injury,On roadway,SMV,Daylight,Municipal,No control,Unknown,FALSE,FALSE,TRUE,Clear,FALSE,Road 1: WELLINGTON ST N (50 km/h); Road 2: LANCASTER ST W; Distance: 10.0 M W; Vehicle #1     Make: HD     Model: FLU     Colour: BLU     Style: MS,2/11/2022 11:15:38 AM,541786.1798,4812128.167,Q2,Weekend,TRUE
7784,51265,21111880,5/20/2021 10:29:00 AM,2021,5,20,10,29,Thursday,544304.1242,4809222.988,-80.452577,43.434602,Intersection,2,P.D. only,On roadway,Rear end,Daylight,Regional,No control,Functioning,FALSE,FALSE,FALSE,Clear,FALSE,Road 1: KINGSWAY DR (60 km/h); Road 2: FOURTH AVE (60 km/h); Distance: 2.0 M N; Charged Driver #1 on page 1: NA NA (NA) (NA); Vehicle #1     Make: FORD     Model: FL     Colour: RED     Style: 4D; Vehicle #2     Make: NISS     Model: SML     Colour: SIL  ,2/11/2022 11:12:29 AM,544304.1242,4809222.988,Q2,Weekend,FALSE
7785,51266,21112331,5/20/2021 6:10:00 PM,2021,5,20,18,10,Thursday,545268.6955,4809239.164,-80.440658,43.43469,Non intersection,2,P.D. only,On roadway,SMV,Daylight,Municipal,No control,Unknown,FALSE,FALSE,FALSE,Clear,TRUE,Road 1: 110 FERGUS AVE (IFO); Vehicle #1     Make: TOYT     Model: MAT     Colour: GRY     Style: 4D; Vehicle #2     Make: AUDI     Model: A5P     Colour: BLK     Style: 2D,2/11/2022 11:12:58 AM,545268.6955,4809239.164,Q2,Weekend,FALSE
7786,51267,21113390,5/21/2021 9:42:00 PM,2021,5,21,21,42,Friday,540918.265,4812367.444,-80.494176,43.463107,Intersection,2,P.D. only,On roadway,SMV,Dark,Municipal,No control,Functioning,TRUE,FALSE,FALSE,Clear,FALSE,Road 1: GUELPH ST (50 km/h); Road 2: MARGARET AVE (50 km/h); Distance: 0.0 M N; Vehicle #1     Make: MAZD     Model: M3I     Colour: BLK     Style: 4D,2/11/2022 11:12:52 AM,540918.265,4812367.444,Q2,Weekend,FALSE
7787,51268,21113911,5/22/2021 12:25:00 PM,2021,5,22,12,25,Saturday,547917.8968,4806097.026,-80.408201,43.406233,Other,2,P.D. only,Off roadway,SMV,Daylight,Municipal,No control,Unknown,FALSE,FALSE,FALSE,Clear,FALSE,Road 1: 211; Road 2: PIONEER TOWER RD; Vehicle #1     Make: KIA     Model: SOR     Colour: RED     Style: TY; Vehicle #2     Make: CADI     Model: SRX     Colour: BLU     Style: TY; Vehicle #3     Make: PETE     Model:      Colour:      Style: ; Vehicle #,2/11/2022 11:13:09 AM,547917.8968,4806097.026,Q2,Weekend,FALSE
7788,51269,21115899,5/23/2021 3:15:00 PM,2021,5,23,15,15,Sunday,546613.287,4803245.799,-80.424556,43.380643,Non intersection,2,P.D. only,On roadway,Intersection,Daylight,Municipal,No control,Unknown,FALSE,FALSE,FALSE,Clear,TRUE,Road 1: 46 FOREST EDGE TRAIL (ON THE ROADWAY); Vehicle #1     Make: MAZD     Model: MGR     Colour: RED     Style: 4D; Vehicle #2     Make: LEXS     Model: RX5     Colour: BRN     Style: TY,2/11/2022 11:13:20 AM,546613.287,4803245.799,Q2,Weekend,FALSE
7789,51270,21117379,5/23/2021 2:15:00 PM,2021,5,23,14,15,Sunday,546393.011,4802848.256,-80.427309,43.377077,Non intersection,2,Non-reportable,On roadway,Intersection,Daylight,Municipal,No control,Unknown,FALSE,FALSE,FALSE,Clear,TRUE,Road 1: 376 ROBERT FERRIE DR; Vehicle #1     Make: SUBA     Model: GKG     Colour: GRY     Style: 4D; Vehicle #2     Make:      Model:      Colour:      Style:,2/11/2022 11:13:03 AM,546393.011,4802848.256,Q2,Weekend,FALSE
7790,51271,21117741,5/25/2021 1:00:00 PM,2021,5,25,13,0,Tuesday,543466.6591,4805741.22,-80.463201,43.403301,Non intersection,2,P.D. only,On roadway,SMV,Daylight,Municipal,No control,Unknown,FALSE,FALSE,FALSE,Clear,TRUE,Road 1: ADAM FERRIE PLACE (ON THE ROADWAY); Vehicle #1     Make: FORD     Model: COF     Colour: BLU     Style: PK; Vehicle #2     Make: TOYT     Model: C4E     Colour: GRY     Style: 4D,2/11/2022 11:12:32 AM,543466.6591,4805741.22,Q2,Working,FALSE
7791,51272,21118244,5/11/2021 4:00:00 PM,2021,5,11,16,0,Tuesday,539568.1695,4811425.322,-80.510933,43.454697,Intersection,2,P.D. only,On roadway,Rear end,Daylight,Municipal,No control,Functioning,FALSE,FALSE,FALSE,Clear,TRUE,Road 1: GREEN ST; Road 2: PARK ST; Vehicle #1     Make:      Model:      Colour:      Style: ; Vehicle #2     Make: DODG     Model: CAR     Colour: BLU     Style: VN,2/11/2022 11:14:46 AM,539568.1695,4811425.322,Q2,Working,FALSE
7792,51273,21118274,4/13/2021 9:45:00 PM,2021,4,13,21,45,Tuesday,544600.2762,4811888.389,-80.4487,43.458583,Non intersection,2,Non-reportable,On roadway,Intersection,Dark,Municipal,No control,Unknown,FALSE,FALSE,FALSE,Clear,TRUE,Road 1: BIRKSHIRE COURT; Vehicle #1     Make:      Model:      Colour:      Style: ; Vehicle #2     Make: HYUN     Model: TUC     Colour: BLK     Style: TY,2/11/2022 11:13:37 AM,544600.2762,4811888.389,Q2,Working,FALSE
7793,51274,21119044,5/26/2021 4:15:00 PM,2021,5,26,16,15,Wednesday,541842.0154,4803556.246,-80.483432,43.383719,Intersection,2,P.D. only,On roadway,Intersection,Daylight,Municipal,No control,Functioning,FALSE,FALSE,FALSE,Clear,TRUE,Road 1: SIENNA CRESCENT; Road 2: WOODBINE AVE; Vehicle #1     Make: ACUR     Model: RDX     Colour: BLK     Style: TY; Vehicle #2     Make: CHEV     Model: EQU     Colour: GRY     Style: TY,2/11/2022 11:12:49 AM,541842.0154,4803556.246,Q2,Working,FALSE
7794,51275,21119139,5/29/2021 1:00:00 PM,2021,5,29,13,0,Saturday,541181.9409,4811715.372,-80.490965,43.457221,Non intersection,2,Non-reportable,On roadway,Other,Daylight,Municipal,No control,Unknown,FALSE,FALSE,FALSE,Rain,TRUE,Road 1: 208 BREITHAUPT ST; Vehicle #1     Make:      Model:      Colour:      Style: ; Vehicle #2     Make: MAZD     Model: B23     Colour: BLK     Style: PK,2/11/2022 11:16:01 AM,541181.9409,4811715.372,Q2,Weekend,FALSE
7795,51276,21119235,5/28/2021 3:30:00 PM,2021,5,28,15,30,Friday,542107.9907,4807131.48,-80.479873,43.415896,Intersection,2,P.D. only,On roadway,Intersection,Daylight,Municipal,No control,Functioning,FALSE,FALSE,FALSE,Rain,TRUE,Road 1: STRASBURG; Road 2: BLOCKLINE; Vehicle #1     Make: CHEV     Model: AVT     Colour: BGE     Style: 4D; Vehicle #2     Make: FORD     Model: FSE     Colour: BLK     Style: 4B,2/11/2022 11:12:38 AM,542107.9907,4807131.48,Q2,Weekend,FALSE
7796,51277,21119625,5/29/2021 2:06:00 AM,2021,5,29,2,6,Saturday,538611.9342,4806649.026,-80.52309,43.411741,Non intersection,2,P.D. only,Off roadway,SMV,Dark,Municipal,No control,Unknown,FALSE,FALSE,FALSE,Clear,FALSE,Road 1: WINDALE DR (50 km/h); Road 2: FOXGLOVE CRES; Distance: 50.0 M S; Vehicle #1     Make: HOND     Model: UAX     Colour: RED     Style: 4D; Vehicle #2     Make: JEEP     Model: WUL     Colour: GRY     Style: TY,2/11/2022 11:13:51 AM,538611.9342,4806649.026,Q2,Weekend,FALSE
7797,51278,21119806,5/29/2021 10:28:00 AM,2021,5,29,10,28,Saturday,543252.1083,4810953.109,-80.465438,43.450241,Intersection,2,P.D. only,Off roadway,SMV,Daylight,Regional,No control,Functioning,FALSE,FALSE,FALSE,Clear,FALSE,Road 1: STIRLING AVE N (50 km/h); Road 2: DUMFRIES AVE (50 km/h); Charged Driver #1 on page 1: HTA 130 (NA) (NA); Vehicle #1     Make: INFI     Model: IFX     Colour: GRN     Style: TY; Vehicle #2     Make: ACUR     Model: ATL     Colour: GRY     Style: 4,2/11/2022 11:14:48 AM,543252.1082,4810953.109,Q2,Weekend,FALSE
7798,51279,21120057,5/29/2021 3:30:00 PM,2021,5,29,15,30,Saturday,542107.726,4807130.313,-80.479876,43.415886,Intersection,2,P.D. only,On roadway,Rear end,Daylight,Municipal,No control,Functioning,FALSE,FALSE,FALSE,Clear,TRUE,Road 1: STRASBURG RD; Road 2: BLOCK LINE RD; Vehicle #1     Make: MAZD     Model: MCX     Colour: SIL     Style: TY; Vehicle #2     Make: TOYT     Model: UCS     Colour: GRY     Style: 4D,2/11/2022 11:15:00 AM,542107.726,4807130.313,Q2,Weekend,FALSE
7799,51280,21121911,5/31/2021 7:00:00 PM,2021,5,31,19,0,Monday,545349.6027,4812158.875,-80.439416,43.460974,Intersection,2,P.D. only,On roadway,Intersection,Daylight,Municipal,No control,Functioning,FALSE,FALSE,FALSE,Clear,TRUE,Road 1: LORRAINE AVE; Road 2: HERITAGE DR; Vehicle #1     Make: BMW     Model: 5RG     Colour: BLK     Style: 4D; Vehicle #2     Make: TOYT     Model: MRI     Colour: RED     Style: 4D,2/11/2022 11:14:56 AM,545349.6027,4812158.875,Q2,Working,FALSE
7800,51281,21122311,5/28/2021 6:06:00 PM,2021,5,28,18,6,Friday,538407.4041,4810023.046,-80.525379,43.442131,Non intersection,2,P.D. only,On roadway,SMV,Daylight,Municipal,No control,Unknown,FALSE,FALSE,FALSE,Clear,TRUE,Road 1: CHOPIN DR (IFO 95); Road 2: MARKWOOD DR; Vehicle #1     Make: HYUN     Model: SFT     Colour: WHI     Style: TY,2/11/2022 11:13:53 AM,538407.4041,4810023.046,Q2,Weekend,FALSE
7801,51282,21123088,6/1/2021 3:25:00 PM,2021,6,1,15,25,Tuesday,541413.4637,4807979.511,-80.488387,43.423571,Private Drive,2,Non-reportable,On roadway,Intersection,Daylight,Regional,No control,Unknown,FALSE,FALSE,FALSE,Clear,TRUE,Road 1: STRASBURG RD (IFO 750 OTTAWA ST S); Road 2: OTTAWA ST S; Vehicle #1     Make: CHEV     Model: IMT     Colour: BLK     Style: 4D; Vehicle #2     Make: CHRY     Model: PTC     Colour: SIL     Style: VN,2/11/2022 11:13:55 AM,541413.4637,4807979.511,Q2,Working,FALSE
7802,51283,21123152,5/28/2021 11:30:00 AM,2021,5,28,11,30,Friday,541127.2888,4811101.949,-80.491687,43.451701,Non intersection,2,P.D. only,On roadway,Rear end,Daylight,Municipal,No control,Unknown,FALSE,FALSE,FALSE,Rain,TRUE,Road 1: YOUNG ST; Road 2: DUKE ST W; Vehicle #1     Make: MAZD     Model: 3TR     Colour: BLK     Style: 4D; Vehicle #2     Make: KIA     Model: SEV     Colour: SIL     Style: TY,2/11/2022 11:13:23 AM,541127.2888,4811101.949,Q2,Weekend,FALSE
7803,51284,21123233,5/29/2021 12:00:00 PM,2021,5,29,12,0,Saturday,546347.4176,4808661.985,-80.4273787,43.4294268,Non intersection,2,P.D. only,On roadway,SMV,Daylight,Municipal,No control,Unknown,FALSE,FALSE,FALSE,Clear,TRUE,Road 1: 378 SOUTHILL DR; Vehicle #1     Make:      Model:      Colour:      Style: ; Vehicle #2     Make: CADI     Model: ALA     Colour: GRY     Style: 4D,2/11/2022 11:13:42 AM,546347.4176,4808661.985,Q2,Weekend,FALSE
7804,51285,21123234,5/30/2021 5:30:00 AM,2021,5,30,5,30,Sunday,543762.4114,4806853.847,-80.45946,43.413302,Private Drive,2,P.D. only,Off roadway,SMV,Other,Municipal,No control,Unknown,FALSE,FALSE,FALSE,Clear,TRUE,Road 1: 294 FALLOWFIELD DR (IFO); Vehicle #1     Make:      Model:      Colour:      Style: ; Vehicle #2     Make: LEXS     Model: E35     Colour: BLK     Style: 4D,2/11/2022 11:13:44 AM,543762.4114,4806853.847,Q2,Weekend,FALSE
7805,51286,21124210,6/3/2021 3:00:00 PM,2021,6,3,15,0,Thursday,542562.7775,4812551.988,-80.473833,43.464677,Intersection,1,Non-fatal injury,On roadway,Intersection,Daylight,Municipal,No control,Functioning,FALSE,FALSE,FALSE,Clear,FALSE,Road 1: WELLINGTON ST N (50 km/h); Road 2: HIGHWAY 85 (50 km/h); Charged Driver #1 on page 1: HTA 130 (NA) (NA); Vehicle #1     Make: PTRB     Model: CON     Colour: WHI     Style: CT; Vehicle #2     Make: HOND     Model: CRV     Colour: WHI     Style: TY,2/11/2022 11:12:35 AM,542562.7775,4812551.988,Q2,Weekend,FALSE
7806,51287,21124306,6/3/2021 5:00:00 PM,2021,6,3,17,0,Thursday,540021.3085,4806737.42,-80.505676,43.412462,Non intersection,2,P.D. only,On roadway,SMV,Daylight,Municipal,No control,Unknown,FALSE,FALSE,FALSE,Clear,FALSE,Road 1: 113 DINISON CRES (50 km/h); Road 2: DINISON CRES; Distance: 2.0 K N; Charged Driver #1 on page 1: HTA 320.16 (NA) (NA); Vehicle #1     Make: MERZ     Model: GL3     Colour: WHI     Style: TY; Vehicle #2     Make: DODG     Model: DUR     Colour: RE,2/11/2022 11:08:38 AM,540021.3085,4806737.42,Q2,Weekend,FALSE
7807,51288,21124726,6/4/2021 6:17:00 AM,2021,6,4,6,17,Friday,541225.1869,4811869.085,-80.490419,43.458603,Intersection,1,Non-fatal injury,On roadway,Intersection,Daylight,Municipal,No control,Unknown,FALSE,TRUE,FALSE,Clear,FALSE,Road 1: MARGARET AVE (50 km/h); Road 2: WELLINGTON ST N (50 km/h); Charged Driver #1 on page 1: HTA 142 (NA) (NA); Vehicle #1     Make: MITS     Model: LAN     Colour: BLU     Style: 4D; Vehicle #2     Make: BICY     Model: BICY     Colour:      Style: BK,2/11/2022 11:16:56 AM,541225.1869,4811869.085,Q2,Weekend,FALSE
7808,51289,21124968,6/4/2021 12:30:00 PM,2021,6,4,12,30,Friday,545125.3455,4807656.481,-80.44256,43.420448,Non intersection,2,Non-reportable,On roadway,Intersection,Daylight,Municipal,No control,Unknown,FALSE,FALSE,FALSE,Clear,TRUE,Road 1: WILSON AVE; Road 2: FAIRWAY RD S; Vehicle #1     Make: SUBA     Model: FOR     Colour: SIL     Style: TY; Vehicle #2     Make:      Model:      Colour:      Style:,2/11/2022 11:12:18 AM,545125.3455,4807656.481,Q2,Weekend,FALSE
7809,51290,21125133,6/4/2021 12:00:00 PM,2021,6,4,12,0,Friday,544933.1018,4808952.518,-80.444828,43.432129,Non intersection,2,P.D. only,On roadway,Rear end,Daylight,Regional,No control,Unknown,FALSE,FALSE,FALSE,Clear,TRUE,Road 1: KINGSWAY DR; Road 2: FRANKLIN ST; Vehicle #1     Make: TOYT     Model: PRI     Colour: WHI     Style: 4B; Vehicle #2     Make: HOND     Model: UAX     Colour: BLK     Style: 4D; Vehicle #3     Make: FORD     Model: EDG     Colour: RED     Style: T,2/11/2022 11:11:35 AM,544933.1018,4808952.518,Q2,Weekend,FALSE
7810,51291,21125245,6/4/2021 6:20:00 PM,2021,6,4,18,20,Friday,541669.8315,4810421.917,-80.485034,43.445548,Non intersection,2,P.D. only,On roadway,Rear end,Daylight,Municipal,No control,Unknown,FALSE,TRUE,FALSE,Clear,FALSE,Road 1: CEDAR ST S (40 km/h); Road 2: CHURCH ST; Distance: 15.0 M N; Vehicle #1     Make: HOND     Model: UCL     Colour: BLU     Style: 4D; Vehicle #2     Make: BICY     Model: .     Colour:      Style: BK,2/11/2022 11:15:33 AM,541669.8315,4810421.917,Q2,Weekend,FALSE
7811,51292,21126191,6/5/2021 8:22:00 PM,2021,6,5,20,22,Saturday,544602.9287,4812951.345,-80.44858,43.468154,Other,2,P.D. only,Off roadway,SMV,Daylight,Regional,No control,Unknown,FALSE,FALSE,FALSE,Clear,FALSE,Road 1: NATCHEZ RD (50 km/h); Road 2: ROTHSAY AVE; Distance: 20.0 K N; Charged Driver #1 on page 1: HTA 130 (NA) (NA); Vehicle #1     Make: PONT     Model: MON     Colour: WHI     Style: VN,2/11/2022 11:16:36 AM,544602.9287,4812951.345,Q2,Weekend,FALSE
7812,51293,21126886,6/6/2021 2:30:00 PM,2021,6,6,14,30,Sunday,546291.5373,4804899.735,-80.428388,43.395555,Non intersection,2,P.D. only,On roadway,SMV,Daylight,Municipal,No control,Unknown,FALSE,FALSE,FALSE,Clear,TRUE,Road 1: GREEN VALLEY DR (IFO 87); Vehicle #1     Make:      Model:      Colour:      Style: ; Vehicle #2     Make: DODG     Model: CJO     Colour: BLK     Style: TY,2/11/2022 11:12:01 AM,546291.5373,4804899.735,Q2,Weekend,FALSE
7813,51294,21127843,6/7/2021 10:00:00 AM,2021,6,7,10,0,Monday,544168.6322,4803770.113,-80.454692,43.385512,Private Drive,2,P.D. only,Off roadway,SMV,Daylight,Municipal,No control,Unknown,FALSE,FALSE,FALSE,Clear,FALSE,Road 1: CARYNDALE DR (40 km/h); Road 2: 412 CARYNDALE DR; Distance: 15.0 M E; Vehicle #1     Make: PETE     Model:      Colour:      Style:,2/11/2022 11:14:30 AM,544168.6322,4803770.113,Q2,Working,FALSE
7814,51295,2112831,5/31/2021 6:00:00 PM,2021,5,31,18,0,Monday,540154.6398,4805722.056,-80.504104,43.403313,Non intersection,2,Non-reportable,On roadway,SMV,Daylight,Municipal,No control,Unknown,FALSE,FALSE,FALSE,Clear,TRUE,Road 1: 783 COMMONWEALTH CRESCENT (IFO); Vehicle #1     Make:      Model:      Colour:      Style: ; Vehicle #2     Make: BMW     Model: 20X     Colour: BLK     Style: 4D,2/11/2022 11:16:17 AM,540154.6398,4805722.056,Q2,Working,FALSE
7815,51296,21128417,6/8/2021 2:24:00 PM,2021,6,8,14,24,Tuesday,540181.6256,4811968.722,-80.503311,43.459557,Private Drive,2,P.D. only,Off roadway,SMV,Daylight,Municipal,No control,Unknown,FALSE,FALSE,FALSE,Clear,FALSE,Road 1: 42 GUELPH ST (50 km/h); Road 2: GUELPH ST; Distance: 5.0 M S; Vehicle #1     Make: FORD     Model: EPR     Colour: BLU     Style: TY,2/11/2022 11:16:30 AM,540181.6256,4811968.722,Q2,Working,FALSE