,OBJECTID,ACCIDENTNUM,ACCIDENTDATE,ACCIDENT_YEAR,ACCIDENT_MONTH,ACCIDENT_DAY,ACCIDENT_HOUR,ACCIDENT_MINUTE,Accident_Day,XCOORD,YCOORD,LONGITUDE,LATITUDE,Accident_Location,COLLISIONTYPE,Accident_Type,Impact_Location,Impact_Type,Light,Road_Jurisdication,Traffic_Control,Traffic_Control_Condition,Pedestrian_Involved,Cyclist_Involved,Motorcyclist_Involved,Environment_Condition,Self_Reported,XMLIMPORTNOTES,LASTEDITEDDATE,x,y,Quarter,Day_Type,Vulnerable_Involved
7816,51297,21129412,6/9/2021 5:00:00 PM,2021,6,9,17,0,Wednesday,546815.884,4804206.608,-80.421973,43.389282,Non intersection,2,P.D. only,On roadway,Intersection,Daylight,Regional,No control,Unknown,FALSE,FALSE,FALSE,Clear,TRUE,Road 1: DOON S DR; Road 2: HOMER WATSON BLVD; Vehicle #1     Make: TOYT     Model: CBS     Colour: GRY     Style: 4D; Vehicle #2     Make: HOND     Model: FLS     Colour: WHI     Style: 4B,2/11/2022 11:11:50 AM,546815.884,4804206.608,Q2,Working,FALSE
7817,51298,21129939,6/2/2021 5:50:00 PM,2021,6,2,17,50,Wednesday,545157.2849,4803386.756,-80.442518,43.382001,Non intersection,2,P.D. only,On roadway,SMV,Daylight,Municipal,No control,Unknown,FALSE,FALSE,FALSE,Clear,TRUE,Road 1: 67 PONDCLIFFE DR (ON THE ROADWAY); Vehicle #1     Make: MAZD     Model: M3S     Colour: WHI     Style: 4B; Vehicle #2     Make: DODG     Model: CJO     Colour: GRY     Style: TY,2/11/2022 11:15:54 AM,545157.2849,4803386.756,Q2,Working,FALSE
7818,51299,21129950,6/5/2021 10:15:00 PM,2021,6,5,22,15,Saturday,547723.8436,4811488.556,-80.410127,43.454791,Non intersection,2,Non-reportable,On roadway,SMV,Dark,Municipal,No control,Unknown,FALSE,FALSE,FALSE,Clear,TRUE,Road 1: 2 VALEBROOK ST (IFO); Vehicle #1     Make:      Model:      Colour:      Style: ; Vehicle #2     Make: TOYT     Model: CEN     Colour: GRY     Style: TY,2/11/2022 11:12:03 AM,547723.8436,4811488.556,Q2,Weekend,FALSE
7819,51300,21130223,6/10/2021 4:34:00 PM,2021,6,10,16,34,Thursday,541140.8526,4810724.849,-80.491548,43.448305,Non intersection,2,P.D. only,Off roadway,SMV,Daylight,Municipal,No control,Unknown,FALSE,FALSE,FALSE,Clear,FALSE,Road 1: 15 JOSEPH ST (40 km/h); Road 2: JOSEPH ST; Distance: 3.0 M W; Vehicle #1     Make: INTL     Model: 40S     Colour: WHI     Style: VN,2/11/2022 11:17:18 AM,541140.8526,4810724.849,Q2,Weekend,FALSE
7820,51301,21130649,6/11/2021 6:45:00 AM,2021,6,11,6,45,Friday,537874.7743,4808866.666,-80.532041,43.431746,Intersection,1,Non-fatal injury,On roadway,Intersection,Daylight,Municipal,No control,Functioning,FALSE,TRUE,FALSE,Clear,FALSE,Road 1: BANKSIDE DR (50 km/h); Road 2: OPRINGTON DR (50 km/h); Vehicle #1     Make: HYUN     Model: ESS     Colour: RED     Style: 4D; Vehicle #2     Make: BICY     Model: BICY     Colour:      Style: BIC,2/11/2022 11:10:16 AM,537874.7743,4808866.666,Q2,Weekend,FALSE
7821,51302,21130691,6/11/2021 8:29:00 AM,2021,6,11,8,29,Friday,541312.0959,4809125.587,-80.489553,43.433896,Non intersection,2,P.D. only,Off roadway,SMV,Daylight,Regional,No control,Unknown,FALSE,FALSE,FALSE,Clear,FALSE,Road 1: 354 HIGHLAND RD E (50 km/h); Road 2: HIGHLAND RD E; Distance: 5.0 M S; Vehicle #1     Make: FORD     Model: DRW     Colour: WHI     Style: CT; Vehicle #2     Make: RAM     Model: RTR     Colour: WHI     Style: PK,1/3/2023 10:10:11 AM,541312.0959,4809125.587,Q2,Weekend,FALSE
7822,51303,21133388,5/31/2021 5:00:00 AM,2021,5,31,5,0,Monday,539393.2157,4806755.161,-80.513432,43.412656,Private Drive,2,P.D. only,On roadway,SMV,Dark,Municipal,No control,Unknown,FALSE,FALSE,FALSE,Clear,TRUE,Road 1: 239 GREY FOX DR (IFO); Vehicle #1     Make:      Model:      Colour:      Style: ; Vehicle #2     Make: FORD     Model: SPE     Colour: BLK     Style: TY,2/11/2022 11:13:59 AM,539393.2157,4806755.161,Q2,Working,FALSE
7823,51304,21133420,6/10/2021 8:20:00 AM,2021,6,10,8,20,Thursday,540042.9277,4811640.964,-80.505049,43.456613,Intersection,2,P.D. only,On roadway,Intersection,Daylight,Municipal,No control,Unknown,FALSE,FALSE,FALSE,Clear,TRUE,Road 1: BRAUN ST; Road 2: ANDREW ST; Vehicle #1     Make: NISS     Model: A2S     Colour: GRY     Style: 4D; Vehicle #2     Make: VOLK     Model: JSA     Colour: BLK     Style: 4D,2/11/2022 11:10:23 AM,540042.9277,4811640.965,Q2,Weekend,FALSE
7824,51305,21133457,6/10/2021 7:00:00 AM,2021,6,10,7,0,Thursday,543904.5336,4809054.693,-80.457528,43.43311,Non intersection,2,P.D. only,On roadway,SMV,Daylight,Municipal,No control,Unknown,FALSE,FALSE,FALSE,Clear,TRUE,Road 1: CONNAUGHT PLACE (IFO 33); Vehicle #1     Make:      Model:      Colour:      Style: ; Vehicle #2     Make: HOND     Model: FKG     Colour: GRY     Style: 4B,2/11/2022 11:10:26 AM,543904.5336,4809054.693,Q2,Weekend,FALSE
7825,51306,21134311,6/15/2021 1:00:00 PM,2021,6,15,13,0,Tuesday,545309.4359,4812623.271,-80.439873,43.465158,Non intersection,2,Non-reportable,On roadway,SMV,Daylight,Municipal,No control,Unknown,FALSE,FALSE,FALSE,Clear,TRUE,Road 1: 94 NIPIGON ST (ON THE ROADWAY); Vehicle #1     Make: WSTR     Model: CNV     Colour: SIL     Style: CT; Vehicle #2     Make:      Model:      Colour:      Style:,2/11/2022 11:12:05 AM,545309.4359,4812623.271,Q2,Working,FALSE
7826,51307,21134650,6/15/2021 9:56:00 PM,2021,6,15,21,56,Tuesday,543449.1154,4807962.706,-80.463241,43.423304,Non intersection,1,Non-fatal injury,On roadway,SMV,Dark,Other,No control,Unknown,TRUE,FALSE,FALSE,Clear,FALSE,Road 1: BLOCK LINE RD (60 km/h); Road 2: HILLMOUNT ST; Distance: 52.0 K S; Vehicle #1     Make:      Model:      Colour:      Style:,2/11/2022 11:16:03 AM,543449.1154,4807962.706,Q2,Working,FALSE
7827,51308,21135530,6/13/2021 9:30:00 AM,2021,6,13,9,30,Sunday,539178.5404,4811418.303,-80.515749,43.454654,Private Drive,2,Non-reportable,On roadway,SMV,Daylight,Municipal,No control,Unknown,FALSE,FALSE,FALSE,Clear,TRUE,Road 1: MOUNT HOPE ST (IFO 101); Vehicle #1     Make: KIA     Model: SOR     Colour: SIL     Style: TY; Vehicle #2     Make: HOND     Model: UDY     Colour: BLK     Style: TY,2/11/2022 11:12:10 AM,539178.5404,4811418.303,Q2,Weekend,FALSE
7828,51309,21136158,6/17/2021 5:45:00 PM,2021,6,17,17,45,Thursday,545797.0141,4808980.497,-80.434152,43.432329,Private Drive,2,Non-reportable,On roadway,SMV,Daylight,Municipal,No control,Unknown,FALSE,FALSE,FALSE,Clear,TRUE,Road 1: 125 FLORENCE AVE; Vehicle #1     Make: GMC     Model: SIE     Colour: RED     Style: PK; Vehicle #2     Make: CHEV     Model: TRX     Colour: GRY     Style: TY,2/11/2022 11:11:53 AM,545797.0141,4808980.497,Q2,Weekend,FALSE
7829,51310,21136559,6/18/2021 9:20:00 AM,2021,6,18,9,20,Friday,544610.3192,4809092.843,-80.448804,43.433412,Intersection,1,Non-fatal injury,On roadway,SMV,Daylight,Regional,No control,Functioning,TRUE,FALSE,FALSE,Rain,FALSE,Road 1: KINGSWAY DR (50 km/h); Road 2: FRANKLIN ST S (50 km/h); Charged Driver #1 on page 1: NA NA (NA) (NA); Vehicle #1     Make: KIA     Model: CRO     Colour: SIL     Style: 4B,2/11/2022 11:15:24 AM,544610.3192,4809092.843,Q2,Weekend,FALSE
7830,51311,21136682,6/13/2021 11:00:00 PM,2021,6,13,23,0,Sunday,540744.4108,4808819.765,-80.49659,43.431173,Non intersection,2,P.D. only,On roadway,SMV,Dark,Regional,No control,Unknown,FALSE,FALSE,FALSE,Clear,TRUE,"Road 1: STIRLING AVE SOUTH , ONTARIO; Road 2: HOMER WATSON BLVD; Vehicle #1     Make: HYUN     Model: ESM     Colour: WHI     Style: 4D",2/11/2022 11:14:18 AM,540744.4108,4808819.765,Q2,Weekend,FALSE
7831,51312,21136714,6/14/2021 9:45:00 AM,2021,6,14,9,45,Monday,538071.7226,4807548.661,-80.529699,43.419869,Intersection,2,P.D. only,On roadway,Rear end,Daylight,Municipal,No control,Functioning,FALSE,FALSE,FALSE,Rain,TRUE,Road 1: MCGARRY DR; Road 2: WESTHEIGHTS DR; Vehicle #1     Make: MITS     Model: MES     Colour: BLU     Style: 4B; Vehicle #2     Make:      Model:      Colour:      Style:,2/11/2022 11:12:56 AM,538071.7226,4807548.661,Q2,Working,FALSE
7832,51313,21136778,6/6/2021 11:20:00 PM,2021,6,6,23,20,Sunday,536909.1928,4806767.499,-80.544112,43.412893,Non intersection,2,Non-reportable,On roadway,SMV,Dark,Municipal,No control,Unknown,FALSE,FALSE,FALSE,Clear,TRUE,Road 1: 107 SUGAR MAPLE ST; Vehicle #1     Make: TOYT     Model: HIG     Colour: GRY     Style: TY; Vehicle #2     Make: TOYT     Model: CEP     Colour: GRY     Style: 4D,2/11/2022 11:15:58 AM,536909.1928,4806767.499,Q2,Weekend,FALSE
7833,51314,21136785,6/12/2021 12:30:00 PM,2021,6,12,12,30,Saturday,537997.3298,4809250.588,-80.5305,43.435197,Private Drive,2,Non-reportable,On roadway,Other,Daylight,Municipal,No control,Unknown,FALSE,FALSE,FALSE,Clear,TRUE,Road 1: 288 BENESFORT CRESCENT (IFO); Vehicle #1     Make: TOYT     Model: YAR     Colour: GRY     Style: 4B; Vehicle #2     Make: HOND     Model: UCL     Colour: BLK     Style: 4D,2/11/2022 11:15:26 AM,537997.3298,4809250.588,Q2,Weekend,FALSE
7834,51315,21137019,6/18/2021 7:02:00 PM,2021,6,18,19,2,Friday,539568.2893,4811425.383,-80.510932,43.454697,Intersection,2,P.D. only,Off roadway,SMV,Daylight,Municipal,No control,Functioning,FALSE,FALSE,FALSE,Clear,FALSE,Road 1: PARK ST (50 km/h); Road 2: GREEN ST (50 km/h); Charged Driver #1 on page 1: HTA 142 (NA) (NA); Vehicle #1     Make: HYUN     Model: AGG     Colour: BLK     Style: 4B,2/11/2022 11:08:14 AM,539568.2893,4811425.383,Q2,Weekend,FALSE
7835,51316,21137602,6/19/2021 12:40:00 PM,2021,6,19,12,40,Saturday,541798.0288,4810621.588,-80.483434,43.447339,Intersection,2,Non-reportable,On roadway,Rear end,Daylight,Regional,No control,Functioning,FALSE,FALSE,FALSE,Clear,TRUE,Road 1: KING ST E; Road 2: CEDAR ST N; Vehicle #1     Make: TOYT     Model: RV4     Colour: WHI     Style: TY; Vehicle #2     Make: HYUN     Model: SFT     Colour: GRY     Style: TY,2/11/2022 11:15:07 AM,541798.0288,4810621.588,Q2,Weekend,FALSE
7836,51317,21138212,6/20/2021 1:17:00 AM,2021,6,20,1,17,Sunday,543130.4282,4804696.11,-80.467436,43.39391,Non intersection,2,P.D. only,On roadway,SMV,Dark,Municipal,No control,Unknown,FALSE,FALSE,FALSE,Clear,FALSE,Road 1: STRASBURG RD (50 km/h); Road 2: HURON ROAD; Distance: 200.0 M E; Vehicle #1     Make: AUDI     Model: S6Q     Colour: SIL     Style: 4D,2/11/2022 11:10:45 AM,543130.4282,4804696.11,Q2,Weekend,FALSE
7837,51318,21139126,6/8/2021 12:30:00 PM,2021,6,8,12,30,Tuesday,546127.0638,4805000.137,-80.43041,43.396469,Intersection,2,Non-reportable,On roadway,Intersection,Daylight,Municipal,No control,Functioning,FALSE,FALSE,FALSE,Clear,TRUE,Road 1: PIONEER DR; Road 2: GREEN VALLEY DR; Vehicle #1     Make:      Model:      Colour:      Style: ; Vehicle #2     Make: TOYT     Model: MTL     Colour: GRY     Style: 4D,2/11/2022 11:14:41 AM,546127.0638,4805000.137,Q2,Working,FALSE
7838,51319,21139132,6/8/2021 2:30:00 PM,2021,6,8,14,30,Tuesday,541049.6625,4810180.654,-80.492716,43.44341,Non intersection,2,Non-reportable,On roadway,SMV,Daylight,Municipal,No control,Unknown,FALSE,FALSE,FALSE,Clear,TRUE,Road 1: 19 BRUDER AVE; Vehicle #1     Make:      Model:      Colour:      Style: ; Vehicle #2     Make: NISS     Model: ATS     Colour: SIL     Style: 4D,2/11/2022 11:15:40 AM,541049.6625,4810180.654,Q2,Working,FALSE
7839,51320,21139332,6/21/2021 12:55:00 PM,2021,6,21,12,55,Monday,541625.5394,4807581.266,-80.485798,43.419973,Non intersection,2,P.D. only,On roadway,SMV,Daylight,Municipal,No control,Unknown,FALSE,FALSE,FALSE,Clear,FALSE,Road 1: 53 BARWOOD CRESCENT (50 km/h); Road 2: BARWOOD CRES; Distance: 2.0 M W; Charged Driver #1 on page 1: CAI 3 (NA) (NA); Vehicle #1     Make: HOND     Model: CIV     Colour: BLK     Style: 4D; Vehicle #2     Make: BUIC     Model: ENC     Colour: WHI ,2/11/2022 11:14:14 AM,541625.5394,4807581.266,Q2,Working,FALSE
7840,51321,21139413,6/21/2021 2:38:00 PM,2021,6,21,14,38,Monday,541276.1444,4810062.532,-80.489926,43.442334,Non intersection,2,P.D. only,On roadway,SMV,Daylight,Municipal,No control,Unknown,FALSE,FALSE,FALSE,Clear,FALSE,Road 1: 100 WHITNEY PL (50 km/h); Road 2: WHITNEY PL; Distance: 1.0 M W; Vehicle #1     Make: VOLV     Model: VNL6     Colour:      Style:,2/11/2022 11:14:16 AM,541276.1444,4810062.532,Q2,Working,FALSE
7841,51322,21140011,5/29/2021 7:00:00 PM,2021,5,29,19,0,Saturday,540327.2148,4806246.964,-80.501934,43.40803,Intersection,2,Non-reportable,On roadway,Other,Daylight,Regional,No control,Functioning,FALSE,FALSE,FALSE,Clear,TRUE,Road 1: COTTON GRASS ST; Road 2: FISCHER-HALLMAN RD; Vehicle #1     Make: GMC     Model: SAV     Colour: WHI     Style: FV; Vehicle #2     Make:      Model:      Colour:      Style:,2/11/2022 11:12:44 AM,540327.2148,4806246.964,Q2,Weekend,FALSE
7842,51323,21140015,5/28/2021 4:00:00 PM,2021,5,28,16,0,Friday,542107.9892,4807131.72,-80.479873,43.415898,Intersection,2,Non-reportable,On roadway,Intersection,Daylight,Regional,No control,Functioning,FALSE,FALSE,FALSE,Rain,TRUE,Road 1: STRASBURG RD; Road 2: BLOCK LINE RD; Vehicle #1     Make: TOYT     Model: RV4     Colour: GRY     Style: TY; Vehicle #2     Make:      Model:      Colour:      Style:,2/11/2022 11:12:42 AM,542107.9892,4807131.72,Q2,Weekend,FALSE
7843,51324,21140434,6/22/2021 7:30:00 PM,2021,6,22,19,30,Tuesday,545057.3047,4808190.181,-80.443356,43.425257,Non intersection,2,P.D. only,On roadway,Intersection,Daylight,Municipal,No control,Unknown,FALSE,FALSE,FALSE,Clear,TRUE,Road 1: 588 GREENFIELD AVE (IFO); Vehicle #1     Make: NISS     Model: ATS     Colour: GRY     Style: 4D; Vehicle #2     Make: HYUN     Model: K2G     Colour: WHI     Style: TY,2/11/2022 11:16:25 AM,545057.3047,4808190.181,Q2,Working,FALSE
7844,51325,21141058,6/20/2021 5:30:00 PM,2021,6,20,17,30,Sunday,539205.5379,4805379.659,-80.515849,43.40028,Non intersection,2,Non-reportable,Off roadway,SMV,Daylight,Municipal,No control,Unknown,FALSE,FALSE,FALSE,Clear,TRUE,Road 1: RED CLOVER CT; Road 2: RED CLOVER CRESCENT; Distance: 100.0 M E; Vehicle #1     Make:      Model:      Colour:      Style: ; Vehicle #2     Make: VOLK     Model: JETT     Colour: BGE     Style: 4D,2/11/2022 11:14:01 AM,539205.5379,4805379.659,Q2,Weekend,FALSE
7845,51326,21141154,6/19/2021 11:00:00 AM,2021,6,19,11,0,Saturday,541067.6719,4810166.245,-80.492494,43.443279,Non intersection,2,P.D. only,Off roadway,SMV,Other,Regional,No control,Unknown,FALSE,FALSE,FALSE,Other,FALSE,Road 1: 27 BRUDER AVE (50 km/h); Road 2: BRUDER AVE; Distance: 3.0 M W; Vehicle #1     Make: PETE     Model:      Colour:      Style: ; Vehicle #2     Make: HOND     Model: ULS     Colour: BRN     Style: 4D,2/11/2022 11:13:29 AM,541067.6719,4810166.245,Q2,Weekend,FALSE
7846,51327,21141756,6/16/2021 2:16:00 AM,2021,6,16,2,16,Wednesday,545095.1166,4808424.643,-80.44287,43.427366,Non intersection,2,Non-reportable,Off roadway,SMV,Dark,Municipal,No control,Unknown,FALSE,FALSE,FALSE,Clear,TRUE,Road 1: 178 CEDARWOODS CRESCENT (IFO); Vehicle #1     Make:      Model:      Colour:      Style: ; Vehicle #2     Make: TOYT     Model: SXC     Colour: GRY     Style: 2B,2/11/2022 11:12:08 AM,545095.1166,4808424.643,Q2,Working,FALSE
7847,51328,21141959,6/24/2021 4:50:00 PM,2021,6,24,16,50,Thursday,545927.5496,4802981.829,-80.433043,43.378308,Intersection,2,P.D. only,On roadway,Rear end,Daylight,Regional,No control,Functioning,FALSE,FALSE,FALSE,Clear,TRUE,Road 1: DOON S DR; Road 2: ROBERT FERRIE DR; Vehicle #1     Make: FORD     Model: SPE     Colour: GRY     Style: TY; Vehicle #2     Make: HYUN     Model: ESM     Colour: WHI     Style: 4D,2/11/2022 11:15:19 AM,545927.5496,4802981.829,Q2,Weekend,FALSE
7848,51329,21142186,6/24/2021 11:22:00 PM,2021,6,24,23,22,Thursday,541934.6203,4806813.323,-80.482039,43.413041,Non intersection,2,P.D. only,Other,SMV,Dark,Regional,No control,Unknown,FALSE,FALSE,FALSE,Clear,FALSE,Road 1: 18 BROOKFIELD CRES (50 km/h); Road 2: BROOKFIELD CRES; Distance: 1.0 K N; Vehicle #1     Make:      Model:      Colour:      Style: SUV; Vehicle #2     Make: TOYT     Model: VEN     Colour: GRY     Style: TY,2/11/2022 11:16:09 AM,541934.6203,4806813.323,Q2,Weekend,FALSE
7849,51330,21142474,5/27/2021 10:00:00 AM,2021,5,27,10,0,Thursday,545683.433,4808596.255,-80.435587,43.428876,Non intersection,2,Non-reportable,On roadway,Other,Daylight,Municipal,No control,Unknown,FALSE,FALSE,FALSE,Clear,TRUE,Road 1: 31 KINGSBURY DR (IFO); Vehicle #1     Make: TOYT     Model: RV4     Colour: GRY     Style: TY; Vehicle #2     Make: TOYT     Model: CBS     Colour: SIL     Style: 4D,2/11/2022 11:17:32 AM,545683.433,4808596.255,Q2,Weekend,FALSE
7850,51331,21142801,6/25/2021 1:30:00 PM,2021,6,25,13,30,Friday,539787.6909,4811189.151,-80.508237,43.452559,Private Drive,2,P.D. only,On roadway,Other,Daylight,Municipal,No control,Unknown,FALSE,FALSE,FALSE,Rain,TRUE,Road 1: 295 PARK ST; Vehicle #1     Make: MAZD     Model: MA5     Colour: GRY     Style: SW; Vehicle #2     Make: CHEV     Model: EQU     Colour: BLK     Style: TY,2/11/2022 11:16:33 AM,539787.6909,4811189.151,Q2,Weekend,FALSE
7851,51332,21143301,6/17/2021 9:00:00 AM,2021,6,17,9,0,Thursday,542800.4376,4814306.42,-80.470757,43.48046,Non intersection,2,Non-reportable,On roadway,SMV,Daylight,Municipal,No control,Unknown,FALSE,FALSE,FALSE,Clear,TRUE,Road 1: 55 SCHWEITZER ST; Vehicle #1     Make:      Model:      Colour:      Style: ; Vehicle #2     Make: TOYT     Model: YAR     Colour: GRY     Style: 4B,2/11/2022 11:17:22 AM,542800.4376,4814306.421,Q2,Weekend,FALSE
7852,51333,21143528,6/26/2021 3:26:00 PM,2021,6,26,15,26,Saturday,536074.3333,4807656.936,-80.554365,43.420942,Private Drive,2,P.D. only,Off roadway,SMV,Daylight,Municipal,No control,Unknown,FALSE,FALSE,FALSE,Clear,FALSE,Road 1: 10 RAUCH CRT (40 km/h); Road 2: RAUCH CRT; Distance: 1.0 M W; Charged Driver #1 on page 1: HTA 130 (NA) (NA); Vehicle #1     Make: FORD     Model: ZX4     Colour: GRY     Style: 4D; Vehicle #2     Make: FORD     Model: STF     Colour: BLK     Styl,2/11/2022 11:09:29 AM,536074.3333,4807656.936,Q2,Weekend,FALSE
7853,51334,21143536,6/26/2021 3:34:00 PM,2021,6,26,15,34,Saturday,545980.2668,4811006.91,-80.431717,43.450563,Other,2,P.D. only,Off roadway,SMV,Daylight,Municipal,No control,Unknown,FALSE,FALSE,FALSE,Clear,FALSE,Road 1: 57 JADESTONE COURT; Vehicle #1     Make: FORD     Model: TST     Colour: WHI     Style: FV,2/11/2022 11:10:06 AM,545980.2668,4811006.91,Q2,Weekend,FALSE
7854,51335,21143548,6/26/2021 3:58:00 PM,2021,6,26,15,58,Saturday,542464.7229,4807233.043,-80.475459,43.416791,Non intersection,1,Non-fatal injury,Off roadway,SMV,Daylight,Regional,No control,Unknown,FALSE,FALSE,FALSE,Clear,FALSE,Road 1: COUNTRY HILL DR (50 km/h); Road 2: BLOCK LINE RD; Distance: 50.0 M S; Charged Driver #1 on page 1: HTA 130 (NA) (NA); Vehicle #1     Make: MAZD     Model: M3I     Colour: GRY     Style: 4D,2/11/2022 11:17:30 AM,542464.7229,4807233.043,Q2,Weekend,FALSE
7855,51336,21144522,6/27/2021 6:16:00 PM,2021,6,27,18,16,Sunday,542790.6215,4809801.57,-80.471232,43.439899,Intersection,2,P.D. only,On roadway,SMV,Daylight,Regional,No control,Functioning,FALSE,FALSE,FALSE,Clear,FALSE,Road 1: SYDNEY ST S (30 km/h); Road 2: MAURICE ST (30 km/h); Vehicle #1     Make: FORD     Model: COF     Colour: BLK     Style: CW,2/11/2022 11:15:05 AM,542790.6215,4809801.57,Q2,Weekend,FALSE
7856,51337,21145809,6/28/2021 6:00:00 AM,2021,6,28,6,0,Monday,536916.9537,4807413.844,-80.543973,43.418712,Non intersection,2,Non-reportable,On roadway,SMV,Daylight,Municipal,No control,Unknown,FALSE,FALSE,FALSE,Clear,TRUE,Road 1: 32 TIMBERLANE CRESCENT (IFO); Vehicle #1     Make: TOYT     Model: CEP     Colour: WHI     Style: 4D; Vehicle #2     Make: RAM     Model: RTR     Colour: GRY     Style: CW,2/11/2022 11:17:24 AM,536916.9537,4807413.844,Q2,Working,FALSE
7857,51338,21146360,6/29/2021 5:20:00 PM,2021,6,29,17,20,Tuesday,538581.6739,4810868.321,-80.523165,43.449733,Non intersection,2,Non-reportable,On roadway,SMV,Daylight,Regional,No control,Unknown,FALSE,FALSE,FALSE,Rain,TRUE,Road 1: GLASGOW ST; Road 2: WESTMOUNT RD; Vehicle #1     Make: TOYT     Model: CTR     Colour: GRY     Style: 4B,2/11/2022 11:15:31 AM,538581.6739,4810868.321,Q2,Working,FALSE
7858,51339,21147189,6/30/2021 3:19:00 PM,2021,6,30,15,19,Wednesday,543361.855,4807654.484,-80.464344,43.420534,Intersection,1,Non-fatal injury,On roadway,Intersection,Daylight,Municipal,No control,Functioning,FALSE,FALSE,TRUE,Clear,FALSE,Road 1: BLOCK LINE RD (50 km/h); Road 2: LENNOX LEWIS WAY (50 km/h); Vehicle #1     Make: HOND     Model: C60     Colour: BLK     Style: MS; Vehicle #2     Make: HINO     Model: 195     Colour: WHI     Style: CT,2/11/2022 11:15:11 AM,543361.855,4807654.484,Q2,Working,TRUE
7859,51340,21147342,6/30/2021 6:07:00 PM,2021,6,30,18,7,Wednesday,544272.6731,4803389.572,-80.453438,43.382079,Intersection,2,P.D. only,Other,SMV,Daylight,Municipal,No control,Functioning,FALSE,FALSE,FALSE,Clear,FALSE,Road 1: EVENSTONE AVE (50 km/h); Road 2: CARYNDALE DR (50 km/h); Charged Driver #1 on page 1: NA NA (NA) (NA); Vehicle #1     Make: TOYT     Model: RG4     Colour: GRY     Style: TY,2/11/2022 11:15:22 AM,544272.6731,4803389.572,Q2,Working,FALSE
7860,51341,21147972,6/28/2021 3:20:00 PM,2021,6,28,15,20,Monday,542617.1866,4806576.817,-80.473627,43.410873,Intersection,2,P.D. only,On roadway,Intersection,Daylight,Municipal,No control,Unknown,FALSE,FALSE,FALSE,Clear,TRUE,Road 1: DEVONGLEN DR; Road 2: DEVONGLEN CT; Vehicle #1     Make:      Model:      Colour:      Style: ; Vehicle #2     Make: MAZD     Model: M3S     Colour: SIL     Style: 4D,8/16/2022 2:56:24 PM,542617.1866,4806576.817,Q2,Working,FALSE
7861,51342,21147977,6/30/2021 3:00:00 PM,2021,6,30,15,0,Wednesday,538406.3951,4807617.357,-80.52556,43.42047,Non intersection,2,Non-reportable,Off roadway,SMV,Daylight,Municipal,No control,Unknown,FALSE,FALSE,FALSE,Clear,TRUE,Road 1: 153 MCGARRY DR; Vehicle #1     Make:      Model:      Colour:      Style: ; Vehicle #2     Make: MAZD     Model: 3TR     Colour: BLU     Style: 4B,2/11/2022 11:13:33 AM,538406.3951,4807617.357,Q2,Working,FALSE
7862,51343,21148070,7/1/2021 2:30:00 PM,2021,7,1,14,30,Thursday,542500.0167,4812519.021,-80.474611,43.464384,Non intersection,2,P.D. only,On roadway,Intersection,Daylight,Regional,No control,Unknown,FALSE,FALSE,FALSE,Clear,TRUE,Road 1: WELLINGTON ST N; Road 2: CONESTOGA PKWY ON-RAMP; Vehicle #1     Make: FORD     Model: DRW     Colour: WHI     Style: MH; Vehicle #2     Make: TOYT     Model: MTL     Colour: GRY     Style: 4D,2/11/2022 11:13:30 AM,542500.0167,4812519.021,Q3,Weekend,FALSE
7863,51344,21148585,7/2/2021 1:00:00 AM,2021,7,2,1,0,Friday,541906.339,4806804.343,-80.482389,43.412962,Non intersection,2,P.D. only,On roadway,SMV,Dark,Municipal,No control,Unknown,FALSE,FALSE,FALSE,Clear,FALSE,Road 1: 9 BROOKFIELD CRES (40 km/h); Road 2: BROOKFIELD CRES; Distance: 15.0 M S; Charged Driver #1 on page 1: CCC 320.14 (NA) (NA); Vehicle #1     Make: CHEV     Model: CZT     Colour: WHI     Style: 4D; Vehicle #2     Make: HOND     Model: ULS     Colou,2/11/2022 11:09:07 AM,541906.339,4806804.343,Q3,Weekend,FALSE
7864,51345,21148908,7/2/2021 8:45:00 AM,2021,7,2,8,45,Friday,543971.6254,4808237.944,-80.456765,43.425752,Private Drive,2,P.D. only,On roadway,SMV,Daylight,Municipal,No control,Unknown,FALSE,FALSE,FALSE,Clear,TRUE,Road 1: 58 BROADMOOR AVE; Road 2: DRIVE WAY; Vehicle #1     Make: FORD     Model: COF     Colour: WHI     Style: PK; Vehicle #2     Make: FORD     Model: FE     Colour: BLU     Style: 4D,2/11/2022 11:14:06 AM,543971.6254,4808237.944,Q3,Weekend,FALSE