,OBJECTID,ACCIDENTNUM,ACCIDENTDATE,ACCIDENT_YEAR,ACCIDENT_MONTH,ACCIDENT_DAY,ACCIDENT_HOUR,ACCIDENT_MINUTE,Accident_Day,XCOORD,YCOORD,LONGITUDE,LATITUDE,Accident_Location,COLLISIONTYPE,Accident_Type,Impact_Location,Impact_Type,Light,Road_Jurisdication,Traffic_Control,Traffic_Control_Condition,Pedestrian_Involved,Cyclist_Involved,Motorcyclist_Involved,Environment_Condition,Self_Reported,XMLIMPORTNOTES,LASTEDITEDDATE,x,y,Quarter,Day_Type,Vulnerable_Involved
7865,51346,21148910,6/28/2021 4:10:00 PM,2021,6,28,16,10,Monday,543789.3214,4809466.886,-80.458918,43.436828,Non intersection,2,P.D. only,On roadway,Intersection,Daylight,Regional,No control,Unknown,FALSE,FALSE,FALSE,Clear,TRUE,Road 1: DIXON ST; Road 2: KING ST E; Vehicle #1     Make: NISS     Model: VNS     Colour: YEL     Style: 4B; Vehicle #2     Make:      Model:      Colour:      Style:,2/11/2022 11:13:48 AM,543789.3214,4809466.887,Q2,Working,FALSE
7866,51347,21148923,6/1/2021 8:00:00 AM,2021,6,1,8,0,Tuesday,545236.0309,4811262.528,-80.440894,43.45291,Private Drive,2,P.D. only,On roadway,SMV,Daylight,Municipal,No control,Unknown,FALSE,FALSE,FALSE,Clear,TRUE,Road 1: BISHOP COURT (IFO 28); Vehicle #1     Make:      Model:      Colour:      Style: ; Vehicle #2     Make: CHEV     Model: C15     Colour: BLU     Style: TY,8/16/2022 2:54:07 PM,545236.0309,4811262.528,Q2,Working,FALSE
7867,51348,21148925,6/17/2021 4:00:00 PM,2021,6,17,16,0,Thursday,546947.0218,4804100.158,-80.420363,43.388315,Private Drive,2,P.D. only,On roadway,Rear end,Daylight,Municipal,No control,Unknown,FALSE,FALSE,FALSE,Clear,TRUE,Road 1: 1398 DOON VILLAGE RD; Road 2: DOON S DR DOON SOUTH KITCHENER; Vehicle #1     Make: RAM     Model: RTR     Colour: BLU     Style: PK; Vehicle #2     Make: CHEV     Model: EQU     Colour: WHI     Style: TY,2/11/2022 11:13:06 AM,546947.0218,4804100.158,Q2,Weekend,FALSE
7868,51349,21148949,6/18/2021 6:21:00 PM,2021,6,18,18,21,Friday,538800.8841,4808626.539,-80.520616,43.429537,Private Drive,2,Non-reportable,On roadway,Intersection,Daylight,Municipal,No control,Unknown,FALSE,FALSE,FALSE,Clear,TRUE,Road 1: 1468 QUEEN'S BLVD; Vehicle #1     Make: DODG     Model: CAR     Colour: WHI     Style: VN; Vehicle #2     Make:      Model:      Colour:      Style:,2/11/2022 11:17:19 AM,538800.8841,4808626.539,Q2,Weekend,FALSE
7869,51350,21150508,7/4/2021 11:35:00 AM,2021,7,4,11,35,Sunday,545314.6546,4804469.785,-80.440486,43.391743,Intersection,2,Non-reportable,On roadway,Intersection,Daylight,Regional,No control,Functioning,FALSE,FALSE,FALSE,Clear,TRUE,"Road 1: DOON VILLAGE RD KITCHENER WATERLOO REGIONAL MUNICIPALITY , ONTARIO , ONTARIO , ONTARIO , ONTARIO , O; Road 2: BETCHEL ROAD; Vehicle #1     Make:      Model:      Colour:      Style: ; Vehicle #2     Make: TOYT     Model: SXC     Colour: WHI     St",2/11/2022 11:12:54 AM,545314.6546,4804469.785,Q3,Weekend,FALSE
7870,51351,21151282,7/5/2021 10:07:00 AM,2021,7,5,10,7,Monday,542560.8699,4812549.581,-80.473856,43.464655,Intersection,2,P.D. only,On roadway,Rear end,Daylight,Regional,No control,Functioning,FALSE,FALSE,FALSE,Clear,FALSE,Road 1: WELLINGTON ST N (50 km/h); Road 2: WELLINGTON ST N N TO 85 N ON (50 km/h); Distance: 1.0 M E; Charged Driver #1 on page 1: HTA 130 (NA) (NA); Vehicle #1     Make: RAM     Model: RTR     Colour: BLK     Style: PK; Vehicle #2     Make: MACK     Mode,2/11/2022 11:08:01 AM,542560.8699,4812549.581,Q3,Working,FALSE
7871,51352,21151487,7/5/2021 2:29:00 PM,2021,7,5,14,29,Monday,543911.1202,4811028.189,-80.457288,43.450879,Non intersection,2,P.D. only,On roadway,SMV,Daylight,Regional,No control,Unknown,FALSE,FALSE,FALSE,Clear,FALSE,Road 1: 190 MANCHESTER RD (40 km/h); Road 2: MANCHESTER RD; Distance: 15.0 M W; Vehicle #1     Make: FORD     Model: COF     Colour: GRY     Style: PK,4/22/2022 2:25:15 PM,543911.1202,4811028.19,Q3,Working,FALSE
7872,51353,21152060,6/16/2021 4:30:00 PM,2021,6,16,16,30,Wednesday,537280.0055,4808364.798,-80.539423,43.427257,Non intersection,2,Non-reportable,On roadway,SMV,Daylight,Regional,No control,Unknown,FALSE,FALSE,FALSE,Clear,TRUE,Road 1: 323 BANKSIDE DR; Vehicle #1     Make:      Model:      Colour:      Style: ; Vehicle #2     Make: HOND     Model: UCL     Colour: RED     Style: 4D,2/11/2022 11:13:46 AM,537280.0055,4808364.798,Q2,Working,FALSE
7873,51354,21152200,7/4/2021 3:15:00 PM,2021,7,4,15,15,Sunday,544480.4247,4813307.4,-80.450066,43.471367,Non intersection,2,P.D. only,On roadway,Intersection,Daylight,Municipal,No control,Unknown,FALSE,FALSE,FALSE,Clear,TRUE,Road 1: 425 BINGEMANS CENTRE DR; Road 2: IFO; Vehicle #1     Make: CHEV     Model: UPL     Colour: GRY     Style: VN; Vehicle #2     Make: MAZD     Model: CX9     Colour: WHI     Style: TY,2/11/2022 11:14:03 AM,544480.4247,4813307.4,Q3,Weekend,FALSE
7874,51355,21152374,7/6/2021 2:00:00 PM,2021,7,6,14,0,Tuesday,540038.5149,4811338.089,-80.505126,43.453886,Non intersection,2,Non-reportable,On roadway,SMV,Daylight,Municipal,No control,Unknown,FALSE,FALSE,FALSE,Clear,TRUE,Road 1: 69 WALTER ST (IFO); Vehicle #1     Make:      Model:      Colour:      Style: ; Vehicle #2     Make: MAZD     Model: 3TR     Colour: WHI     Style: 4D,2/11/2022 11:14:23 AM,540038.5149,4811338.089,Q3,Working,FALSE
7875,51356,21152514,7/6/2021 6:14:00 PM,2021,7,6,18,14,Tuesday,544784.1774,4811397.246,-80.446467,43.45415,Non intersection,1,Non-fatal injury,On roadway,Rear end,Daylight,Regional,No control,Unknown,FALSE,FALSE,FALSE,Clear,FALSE,Road 1: RIVER RD E (50 km/h); Road 2: OTTAWA ST N; Distance: 400.0 M W; Charged Driver #1 on page 1: NA NA (NA) (NA); Vehicle #1     Make: MAZD     Model: M3I     Colour: BLU     Style: 4D; Vehicle #2     Make: HOND     Model: CTU     Colour: GRY     Styl,2/11/2022 11:11:57 AM,544784.1774,4811397.246,Q3,Working,FALSE
7876,51357,21153291,7/7/2021 3:30:00 PM,2021,7,7,15,30,Wednesday,546224.3321,4810167.503,-80.428772,43.44299,Private Drive,2,P.D. only,On roadway,Other,Daylight,Regional,No control,Unknown,FALSE,FALSE,FALSE,Clear,TRUE,Road 1: 198 DAIMLER DR; Vehicle #1     Make: FORD     Model: COF     Colour: BLK     Style: CW; Vehicle #2     Make: AUDI     Model: CQ7     Colour: GRY     Style: TY,2/11/2022 11:14:25 AM,546224.3321,4810167.503,Q3,Working,FALSE
7877,51358,21153989,7/8/2021 2:50:00 PM,2021,7,8,14,50,Thursday,545547.8066,4804672.821,-80.43759,43.393557,Intersection,2,P.D. only,On roadway,Intersection,Daylight,Other,Sign Control,Functioning,FALSE,FALSE,FALSE,Rain,TRUE,Road 1: PIONEER DR; Road 2: BECHTEL DR; Vehicle #1     Make: KIA     Model: SED     Colour: GRY     Style: VN; Vehicle #2     Make: VOLK     Model: CTG     Colour: BLU     Style: 4B,2/11/2022 11:16:44 AM,545547.8066,4804672.821,Q3,Weekend,FALSE
7878,51359,21154815,7/9/2021 3:30:00 PM,2021,7,9,15,30,Friday,545904.674,4809349.138,-80.432791,43.435641,Other,2,P.D. only,Off roadway,SMV,Daylight,Regional,No control,Unknown,FALSE,FALSE,FALSE,Clear,FALSE,Road 1: THALER; Road 2: KINZIE AVE; Distance: 5.0 M N; Charged Driver #1 on page 1: HTA 130 (NA) (NA); Vehicle #1     Make: CHEV     Model: UPL     Colour: GRY     Style: VN,2/11/2022 11:16:11 AM,545904.674,4809349.138,Q3,Weekend,FALSE
7879,51360,21155040,7/9/2021 8:44:00 PM,2021,7,9,20,44,Friday,541141.3094,4806764.661,-80.491841,43.412647,Intersection,1,Non-fatal injury,On roadway,Intersection,Dusk,Regional,No control,Functioning,FALSE,FALSE,FALSE,Clear,FALSE,Road 1: LAURENTIAN DR (50 km/h); Road 2: BLOCK LINE RD (50 km/h); Charged Driver #1 on page 1: HTA 136 (NA) (NA); Vehicle #1     Make: TOYT     Model: RV4     Colour: GRY     Style: TY; Vehicle #2     Make: TOYT     Model: UCS     Colour: GRY     Style: 4,2/11/2022 11:08:06 AM,541141.3094,4806764.661,Q3,Weekend,FALSE
7880,51361,21155657,7/10/2021 4:12:00 PM,2021,7,10,16,12,Saturday,544907.1623,4811142.597,-80.444968,43.45185,Private Drive,1,Non-fatal injury,Off roadway,SMV,Daylight,Municipal,No control,Unknown,TRUE,FALSE,FALSE,Clear,FALSE,Road 1: 1020 RIVER RD E (50 km/h); Road 2: OTTAWA ST N; Distance: 0.0 M N; Charged Driver #1 on page 1: HTA 130 (NA) (NA); Vehicle #1     Make: BUIC     Model: RZV     Colour: GRY     Style: TY,4/22/2022 2:26:41 PM,544907.1623,4811142.597,Q3,Weekend,FALSE
7881,51362,21156782,7/12/2021 7:45:00 AM,2021,7,12,7,45,Monday,546770.4451,4801999.527,-80.422722,43.369412,Non intersection,2,P.D. only,Off roadway,SMV,Daylight,Municipal,No control,Unknown,FALSE,FALSE,FALSE,Clear,FALSE,Road 1: REICHERT DR (80 km/h); Road 2: NEW DUNDEE RD; Distance: 400.0 M S; Charged Driver #1 on page 1: HTA 130 (NA) (NA); Vehicle #1     Make: PTRB     Model: CON     Colour: BLU     Style: CT,2/11/2022 11:09:48 AM,546770.4451,4801999.527,Q3,Working,FALSE
7882,51363,21157013,7/12/2021 1:02:00 PM,2021,7,12,13,2,Monday,539174.7112,4810911.613,-80.515833,43.450092,Non intersection,2,Non-reportable,On roadway,Rear end,Daylight,Regional,No control,Unknown,FALSE,FALSE,FALSE,Clear,TRUE,Road 1: 564 BELMONT AVE W CHERRY HILL (ON BELMONT AVE - IN FRONT OF); Vehicle #1     Make:      Model:      Colour:      Style: ; Vehicle #2     Make: LNDR     Model: DVS     Colour: BLK     Style: TY,2/11/2022 11:16:07 AM,539174.7112,4810911.614,Q3,Working,FALSE
7883,51364,21157331,7/12/2021 8:17:00 PM,2021,7,12,20,17,Monday,544883.4026,4804850.242,-80.445779,43.395195,Intersection,2,P.D. only,On roadway,Rear end,Daylight,Regional,No control,Functioning,FALSE,FALSE,FALSE,Clear,FALSE,Road 1: DOON VILLAGE RD (50 km/h); Road 2: PIONEER DR (50 km/h); Vehicle #1     Make: KIA     Model: FLX     Colour: WHI     Style: 4D; Vehicle #2     Make: NISS     Model: ROG     Colour: WHI     Style: TY,2/11/2022 11:12:46 AM,544883.4026,4804850.242,Q3,Working,FALSE
7884,51365,21158009,7/13/2021 4:00:00 PM,2021,7,13,16,0,Tuesday,545170.3759,4813410.492,-80.441527,43.472254,Non intersection,2,P.D. only,On roadway,Rear end,Daylight,Regional,No control,Unknown,FALSE,FALSE,FALSE,Rain,TRUE,Road 1: BINGEMANS CENTRE DR; Road 2: VICTORIA ST N; Vehicle #1     Make: TOYT     Model: CBS     Colour: GRY     Style: 4D; Vehicle #2     Make: HYUN     Model: K2G     Colour: RED     Style: TY,2/11/2022 11:11:26 AM,545170.3758,4813410.492,Q3,Working,FALSE
7885,51366,21159989,7/15/2021 8:30:00 PM,2021,7,15,20,30,Thursday,539422.6916,4807044.354,-80.513048,43.415258,Non intersection,2,Non-reportable,On roadway,Intersection,Dusk,Regional,No control,Unknown,FALSE,FALSE,FALSE,Clear,TRUE,"Road 1: SUNRISE SHOPPING CENTRE, KITCHENER, ON, CANADA; Road 2: OTTAWA STREET SOUTH; Vehicle #1     Make:      Model:      Colour:      Style: ; Vehicle #2     Make: HYUN     Model: ASE     Colour: WHI     Style: 4D",2/11/2022 11:08:23 AM,539422.6916,4807044.354,Q3,Weekend,FALSE
7886,51367,21161003,7/17/2021 4:57:00 AM,2021,7,17,4,57,Saturday,537333.3502,4807489.065,-80.538824,43.419369,Intersection,2,P.D. only,Off roadway,SMV,Dawn,Municipal,No control,Functioning,FALSE,FALSE,FALSE,Rain,FALSE,Road 1: WESTHEIGHTS DR (50 km/h); Road 2: DRIFTWOOD DR (50 km/h); Vehicle #1     Make: HOND     Model: HRV     Colour: BLK     Style: TY,2/11/2022 11:07:39 AM,537333.3502,4807489.065,Q3,Weekend,FALSE
7887,51368,21161210,7/17/2021 12:59:00 PM,2021,7,17,12,59,Saturday,544559.7086,4811741.236,-80.449213,43.457261,Intersection,2,P.D. only,On roadway,Intersection,Daylight,Municipal,No control,Functioning,FALSE,FALSE,FALSE,Other,FALSE,Road 1: LORRAINE AVE (50 km/h); Road 2: RIVER RD E (50 km/h); Charged Driver #1 on page 1: HTA 142 (NA) (NA); Vehicle #1     Make: HOND     Model: UCL     Colour: BRN     Style: 4D; Vehicle #2     Make: FORD     Model: COF     Colour: BLK     Style: CW,2/11/2022 11:08:12 AM,544559.7086,4811741.236,Q3,Weekend,FALSE
7888,51369,21162051,7/18/2021 1:57:00 PM,2021,7,18,13,57,Sunday,543920.0527,4805128.338,-80.457652,43.397756,Non intersection,1,Non-fatal injury,Off roadway,SMV,Daylight,Municipal,No control,Unknown,FALSE,FALSE,FALSE,Clear,FALSE,Road 1: OLD HURON RD (50 km/h); Road 2: OLD HURON RD OFF TO HURON RD; Distance: 1.0 M S; Vehicle #1     Make: DODG     Model: CAR     Colour: BLK     Style: VN,4/22/2022 2:24:51 PM,543920.0527,4805128.338,Q3,Weekend,FALSE
7889,51370,21162059,7/18/2021 2:16:00 PM,2021,7,18,14,16,Sunday,544755.1205,4808023.047,-80.447103,43.423771,Intersection,1,Non-fatal injury,On roadway,Intersection,Daylight,Municipal,No control,Functioning,FALSE,FALSE,FALSE,Clear,FALSE,Road 1: WILSON AVE (50 km/h); Road 2: TRAYNOR AVE (50 km/h); Charged Driver #1 on page 1: NA NA (NA) (NA); Vehicle #1     Make: VOLK     Model: TIG     Colour: BLK     Style: TY; Vehicle #2     Make: HOND     Model: UEX     Colour: GLD     Style: 4D,2/11/2022 11:14:51 AM,544755.1205,4808023.047,Q3,Weekend,FALSE
7890,51371,21162511,7/19/2021 2:50:00 AM,2021,7,19,2,50,Monday,541571.953,4808583.444,-80.486383,43.429,Non intersection,1,Non-fatal injury,Off roadway,SMV,Dark,Municipal,No control,Unknown,FALSE,FALSE,FALSE,Clear,FALSE,Road 1: HIGHLAND RD E (50 km/h); Road 2: HOMER WATSON BLVD KITCHENER (70 km/h); Distance: 10.0 M S; Vehicle #1     Make: HYUN     Model: CPL     Colour: BLK     Style: 4B,1/3/2023 10:15:06 AM,541571.953,4808583.444,Q3,Working,FALSE
7891,51372,21162829,7/11/2021 12:28:00 PM,2021,7,11,12,28,Sunday,544560.1988,4811739.802,-80.449208,43.457248,Intersection,2,Non-reportable,On roadway,Rear end,Daylight,Regional,No control,Functioning,FALSE,FALSE,FALSE,Other,TRUE,Road 1: RIVER RD E; Road 2: LORRAINE AVE; Vehicle #1     Make: CHEV     Model: ML     Colour: BLK     Style: 4D; Vehicle #2     Make:      Model:      Colour:      Style:,2/11/2022 11:14:44 AM,544560.1988,4811739.802,Q3,Weekend,FALSE
7892,51373,21162988,7/18/2021 2:30:00 PM,2021,7,18,14,30,Sunday,540923.7087,4810569.549,-80.494243,43.446919,Intersection,1,Non-fatal injury,On roadway,Other,Daylight,Municipal,No control,Functioning,FALSE,FALSE,FALSE,Clear,FALSE,Road 1: DAVID ST (30 km/h); Road 2: COURTLAND AVE W (50 km/h); Vehicle #1     Make: INTL     Model: 40S     Colour: WHI     Style: VN; Vehicle #2     Make: HYUN     Model: ESM     Colour: GRY     Style: 4D,1/3/2023 10:15:31 AM,540923.7087,4810569.549,Q3,Weekend,FALSE
7893,51374,21163372,7/20/2021 1:35:00 AM,2021,7,20,1,35,Tuesday,538975.3228,4810169.261,-80.51835,43.443418,Non intersection,2,P.D. only,On roadway,SMV,Dark,Municipal,No control,Unknown,FALSE,FALSE,FALSE,Clear,FALSE,Road 1: KARN ST (50 km/h); Road 2: ALICE AVE; Distance: 35.0 K W; Charged Driver #1 on page 1: HTA 320 (NA) (NA); Vehicle #1     Make: INFI     Model: Q5S     Colour: WHI     Style: 4D; Vehicle #2     Make: FORD     Model: COF     Colour: RED     Style: C,4/22/2022 2:25:32 PM,538975.3228,4810169.261,Q3,Working,FALSE
7894,51375,21163541,7/20/2021 8:30:00 AM,2021,7,20,8,30,Tuesday,543230.348,4804482.342,-80.466219,43.391979,Intersection,2,Non-reportable,On roadway,Intersection,Daylight,Regional,No control,Functioning,FALSE,FALSE,FALSE,Clear,TRUE,Road 1: STRASBURG RD KITCHENER; Road 2: HURON ROAD KITCHENER; Vehicle #1     Make: FORD     Model: COF     Colour: GRY     Style: PK; Vehicle #2     Make:      Model:      Colour:      Style:,2/11/2022 11:17:03 AM,543230.348,4804482.342,Q3,Working,FALSE
7895,51376,21163548,7/18/2021 5:30:00 PM,2021,7,18,17,30,Sunday,537545.4855,4806772.104,-80.536253,43.412903,Non intersection,2,P.D. only,On roadway,SMV,Daylight,Municipal,No control,Unknown,FALSE,FALSE,FALSE,Clear,TRUE,Road 1: 202 DRIFTWOOD DR; Vehicle #1     Make: INFI     Model: EXA     Colour: SIL     Style: SW; Vehicle #2     Make: HYUN     Model: EGM     Colour: BLK     Style: 4D,2/11/2022 11:16:38 AM,537545.4855,4806772.104,Q3,Weekend,FALSE
7896,51377,21163652,7/3/2021 10:00:00 AM,2021,7,3,10,0,Saturday,537004.1114,4808628.953,-80.542814,43.429649,Private Drive,2,P.D. only,On roadway,SMV,Daylight,Municipal,No control,Unknown,FALSE,FALSE,FALSE,Clear,TRUE,Road 1: HOLLYRIDGE CRESCENT (IFO 72); Vehicle #1     Make: INFI     Model: GAW     Colour: SIL     Style: 4D; Vehicle #2     Make: ACUR     Model: AWT     Colour: SIL     Style: 4D,2/11/2022 11:11:29 AM,537004.1114,4808628.953,Q3,Weekend,FALSE
7897,51378,21163733,7/20/2021 12:00:00 PM,2021,7,20,12,0,Tuesday,539842.8416,4808451.718,-80.507755,43.427908,Non intersection,2,P.D. only,On roadway,Intersection,Daylight,Municipal,No control,Unknown,FALSE,FALSE,FALSE,Clear,TRUE,Road 1: 295 GREENBROOK DR KITCHENER; Vehicle #1     Make: HYUN     Model: EGM     Colour: GRY     Style: 4D; Vehicle #2     Make: FORD     Model: COF     Colour: BLK     Style: PK,2/11/2022 11:16:41 AM,539842.8416,4808451.718,Q3,Working,FALSE
7898,51379,21163823,7/14/2021 2:15:00 PM,2021,7,14,14,15,Wednesday,539028.7121,4811085.552,-80.517625,43.451666,Non intersection,2,P.D. only,On roadway,Rear end,Daylight,Municipal,No control,Unknown,FALSE,FALSE,FALSE,Clear,TRUE,Road 1: GLASGOW ST; Road 2: BELMONT AVE W; Vehicle #1     Make: TOYT     Model: UCS     Colour: GRY     Style: 4D; Vehicle #2     Make: MAZD     Model: M3I     Colour: BLU     Style: 4D; Vehicle #3     Make: TOYT     Model: CH4     Colour: RED     Style: ,2/11/2022 11:15:43 AM,539028.7121,4811085.552,Q3,Working,FALSE
7899,51380,21163996,7/20/2021 4:55:00 PM,2021,7,20,16,55,Tuesday,543243.4109,4808703.375,-80.465724,43.429985,Non intersection,2,P.D. only,On roadway,SMV,Daylight,Municipal,No control,Unknown,FALSE,FALSE,FALSE,Rain,FALSE,Road 1: 37 VANIER DR (50 km/h); Road 2: VANIER DR; Distance: 20.0 M W; Vehicle #1     Make:      Model:      Colour:      Style: ; Vehicle #2     Make: HYUN     Model: TUC     Colour: WHI     Style: TY,2/11/2022 11:09:10 AM,543243.4109,4808703.375,Q3,Working,FALSE
7900,51381,21164340,7/21/2021 2:28:00 AM,2021,7,21,2,28,Wednesday,539148.8496,4808817.467,-80.516303,43.431238,Non intersection,2,P.D. only,Off roadway,SMV,Dark,Regional,No control,Unknown,FALSE,FALSE,FALSE,Clear,FALSE,Road 1: 1369 QUEENS BLVD (50 km/h); Road 2: QUEENS BLVD; Distance: 10.0 M N; Vehicle #1     Make: FORD     Model: MUS     Colour: BLK     Style: CV,2/11/2022 11:09:41 AM,539148.8496,4808817.467,Q3,Working,FALSE
7901,51382,21164518,6/22/2021 9:00:00 AM,2021,6,22,9,0,Tuesday,542423.4718,4815928.275,-80.475292,43.495085,Non intersection,2,Non-reportable,Off roadway,SMV,Daylight,Municipal,No control,Unknown,FALSE,FALSE,FALSE,Clear,TRUE,Road 1: 51 COOPERSHAWK ST; Vehicle #1     Make:      Model:      Colour:      Style: ; Vehicle #2     Make: HOND     Model: CCL     Colour: BLU     Style: 4D,2/11/2022 11:15:48 AM,542423.4718,4815928.276,Q2,Working,FALSE
7902,51383,21164776,5/6/2021 3:30:00 PM,2021,5,6,15,30,Thursday,544597.8067,4811795.297,-80.448738,43.457745,Non intersection,2,P.D. only,On roadway,Rear end,Daylight,Municipal,No control,Unknown,FALSE,FALSE,FALSE,Clear,TRUE,Road 1: LORRAINE AVE; Road 2: BIRKSHIRE CT; Vehicle #1     Make: HOND     Model: UCL     Colour: WHI     Style: 4D; Vehicle #2     Make: BUIC     Model: VER     Colour: WHI     Style: 4D,2/11/2022 11:16:04 AM,544597.8067,4811795.297,Q2,Weekend,FALSE
7903,51384,21165390,5/22/2021 11:00:00 PM,2021,5,22,23,0,Saturday,538966.3152,4810031.195,-80.518471,43.442176,Private Drive,2,Non-reportable,On roadway,SMV,Dark,Municipal,No control,Unknown,FALSE,FALSE,FALSE,Clear,TRUE,Road 1: WEICHEL ST (IFO 27); Vehicle #1     Make:      Model:      Colour:      Style: ; Vehicle #2     Make: FORD     Model: COF     Colour: GRY     Style: PK,8/16/2022 3:05:33 PM,538966.3152,4810031.195,Q2,Weekend,FALSE
7904,51385,21165476,7/22/2021 11:30:00 AM,2021,7,22,11,30,Thursday,543214.2926,4804530.831,-80.466414,43.392417,Intersection,2,Non-reportable,On roadway,SMV,Daylight,Regional,No control,Functioning,FALSE,FALSE,FALSE,Clear,TRUE,Road 1: STRASBURG; Road 2: HURON; Vehicle #1     Make: TOYT     Model: MTL     Colour: SIL     Style: 4D,2/11/2022 11:07:41 AM,543214.2926,4804530.831,Q3,Weekend,FALSE
7905,51386,21165801,7/22/2021 5:30:00 PM,2021,7,22,17,30,Thursday,541298.8928,4813245.167,-80.489404,43.470989,Non intersection,2,P.D. only,On roadway,Rear end,Daylight,Municipal,No control,Unknown,FALSE,FALSE,FALSE,Clear,TRUE,Road 1: UNION ST; Vehicle #1     Make: MAZD     Model: 3TR     Colour: BLU     Style: 4D; Vehicle #2     Make: MERZ     Model: MS6     Colour: BLK     Style: TY,2/11/2022 11:10:33 AM,541298.8928,4813245.168,Q3,Weekend,FALSE
7906,51387,21166676,7/23/2021 4:45:00 PM,2021,7,23,16,45,Friday,548200.7311,4806491.278,-80.404674,43.409765,Private Drive,1,Non-fatal injury,Off roadway,Other,Daylight,Municipal,No control,Unknown,FALSE,TRUE,FALSE,Clear,FALSE,Road 1: 22 WAGON ST (50 km/h); Road 2: WAGON ST; Distance: 7.0 M W; Vehicle #1     Make: LNDR     Model: RSP     Colour: BLK     Style: TY; Vehicle #2     Make: BICY     Model: BICY     Colour:      Style: BIC,2/11/2022 11:09:02 AM,548200.7311,4806491.278,Q3,Weekend,FALSE
7907,51388,21166680,7/23/2021 5:30:00 PM,2021,7,23,17,30,Friday,539079.5311,4811110.28,-80.516995,43.451886,Intersection,2,P.D. only,On roadway,Rear end,Daylight,Regional,No control,Functioning,FALSE,FALSE,FALSE,Clear,TRUE,Road 1: BELMONT AVE W; Road 2: GLASGOW ST; Distance: 20.0 M S; Vehicle #1     Make: RAM     Model: DUR     Colour: BLK     Style: PK; Vehicle #2     Make: NISS     Model: BSS     Colour: BLK     Style: 2D,2/11/2022 11:08:09 AM,539079.5311,4811110.28,Q3,Weekend,FALSE
7908,51389,21166707,7/23/2021 5:45:00 PM,2021,7,23,17,45,Friday,543482.4674,4811530.27,-80.462545,43.455425,Non intersection,2,P.D. only,Off roadway,SMV,Daylight,Regional,No control,Unknown,FALSE,FALSE,FALSE,Clear,FALSE,Road 1: 121 CAMBRIDGE AVE (40 km/h); Road 2: KRUG ST; Distance: 10.0 M S; Vehicle #1     Make:      Model:      Colour:      Style: ; Vehicle #2     Make: ACUR     Model: TL4     Colour: GRY     Style: 4D,2/11/2022 11:16:28 AM,543482.4674,4811530.27,Q3,Weekend,FALSE
7909,51390,21167026,7/24/2021 2:30:00 AM,2021,7,24,2,30,Saturday,543047.2173,4807457.419,-80.468246,43.418778,Intersection,2,P.D. only,Off roadway,SMV,Dark,Regional,No control,Unknown,FALSE,FALSE,FALSE,Clear,FALSE,Road 1: BLOCK LINE RD (50 km/h); Road 2: FALLOWFIELD DR (50 km/h); Distance: 4.0 M E; Charged Driver #1 on page 1: HTA 32 (NA) (NA); Vehicle #1     Make: HOND     Model: CRV     Colour: GRY     Style: TY,2/11/2022 11:14:54 AM,543047.2173,4807457.419,Q3,Weekend,FALSE
7910,51391,21168186,7/25/2021 2:17:00 PM,2021,7,25,14,17,Sunday,542017.3053,4807242.212,-80.480984,43.416898,Intersection,2,P.D. only,Off roadway,SMV,Daylight,Regional,No control,Functioning,FALSE,FALSE,FALSE,Clear,FALSE,Road 1: BLACKHORNE DR (50 km/h); Road 2: STRASBURG RD; Distance: 1.0 M N; Charged Driver #1 on page 1: HTA 130 (NA) (NA); Vehicle #1     Make: HOND     Model: ULS     Colour: SIL     Style: 4D,4/22/2022 2:25:46 PM,542017.3053,4807242.212,Q3,Weekend,FALSE
7911,51392,21168308,7/25/2021 5:30:00 PM,2021,7,25,17,30,Sunday,544330.5279,4808468.014,-80.452312,43.427802,Intersection,2,P.D. only,On roadway,Intersection,Daylight,Regional,No control,Functioning,FALSE,FALSE,FALSE,Clear,TRUE,Road 1: GREENFIELD AVE; Road 2: FRANKLIN ST S; Vehicle #1     Make: HOND     Model: ULX     Colour: BLK     Style: 4D; Vehicle #2     Make: HYUN     Model: AGG     Colour: BLU     Style: 4B,2/11/2022 11:07:49 AM,544330.5279,4808468.014,Q3,Weekend,FALSE