,OBJECTID,ACCIDENTNUM,ACCIDENTDATE,ACCIDENT_YEAR,ACCIDENT_MONTH,ACCIDENT_DAY,ACCIDENT_HOUR,ACCIDENT_MINUTE,Accident_Day,XCOORD,YCOORD,LONGITUDE,LATITUDE,Accident_Location,COLLISIONTYPE,Accident_Type,Impact_Location,Impact_Type,Light,Road_Jurisdication,Traffic_Control,Traffic_Control_Condition,Pedestrian_Involved,Cyclist_Involved,Motorcyclist_Involved,Environment_Condition,Self_Reported,XMLIMPORTNOTES,LASTEDITEDDATE,x,y,Quarter,Day_Type,Vulnerable_Involved
7960,51441,21189254,8/15/2021 3:00:00 PM,2021,8,15,15,0,Sunday,547433.2022,4805468.392,-80.414242,43.400604,Non intersection,2,P.D. only,On roadway,SMV,Daylight,Municipal,No control,Unknown,FALSE,FALSE,FALSE,Clear,TRUE,Road 1: 297 JOSEPH SCHOERG CRESCENT (IFO); Vehicle #1     Make: HOND     Model: UEX     Colour: BLK     Style: 4D; Vehicle #2     Make: CHEV     Model: SIL     Colour: SIL     Style: PK,2/11/2022 11:11:12 AM,547433.2022,4805468.392,Q3,Weekend,FALSE
7961,51442,21189534,8/19/2021 7:00:00 PM,2021,8,19,19,0,Thursday,540793.3357,4809150.234,-80.49596,43.434146,Non intersection,2,P.D. only,On roadway,Intersection,Daylight,Regional,No control,Unknown,FALSE,FALSE,FALSE,Clear,TRUE,Road 1: STIRLING AVE S; Road 2: MAUSSER AVE; Vehicle #1     Make:      Model:      Colour:      Style: ; Vehicle #2     Make: TOYT     Model: CBS     Colour: WHI     Style: 4D,12/20/2021 10:48:15 AM,540793.3357,4809150.234,Q3,Weekend,FALSE
7962,51443,21190057,8/20/2021 11:03:00 AM,2021,8,20,11,3,Friday,545145.985,4813469.905,-80.441824,43.47279,Other,2,P.D. only,On roadway,SMV,Daylight,Municipal,No control,Unknown,FALSE,FALSE,FALSE,Clear,FALSE,Road 1: CN RAIL (50 km/h); Road 2: BINGEMANS CENTRE DR; Distance: 3.0 M E; Vehicle #1     Make:      Model:      Colour:      Style:,12/20/2021 10:56:06 AM,545145.985,4813469.905,Q3,Weekend,FALSE
7963,51444,21190794,8/21/2021 4:32:00 AM,2021,8,21,4,32,Saturday,539589.8373,4806502.431,-80.511022,43.41037,Intersection,2,P.D. only,Off roadway,SMV,Dark,Municipal,No control,Functioning,FALSE,FALSE,FALSE,Clear,FALSE,Road 1: MOUNTAIN MINT CRES (50 km/h); Road 2: WILDERNESS DR (50 km/h); Charged Driver #1 on page 1: HTA 141 (NA) (NA); Vehicle #1     Make: VOLK     Model: JWE     Colour: GRY     Style: 4D,4/22/2022 2:26:16 PM,539589.8373,4806502.431,Q3,Weekend,FALSE
7964,51445,21190999,8/18/2021 12:00:00 PM,2021,8,18,12,0,Wednesday,538952.5411,4806138.516,-80.518919,43.407126,Non intersection,2,P.D. only,On roadway,SMV,Daylight,Municipal,No control,Unknown,FALSE,FALSE,FALSE,Clear,TRUE,Road 1: 171 DAVID BERGEY DR; Vehicle #1     Make:      Model:      Colour:      Style: ; Vehicle #2     Make: MERZ     Model: CLS     Colour: BLK     Style: 4D,2/11/2022 11:08:56 AM,538952.5411,4806138.516,Q3,Working,FALSE
7965,51446,21192844,8/23/2021 2:47:00 PM,2021,8,23,14,47,Monday,545317.2908,4804469.951,-80.440453,43.391745,Intersection,1,Non-fatal injury,On roadway,Intersection,Daylight,Municipal,No control,Functioning,FALSE,FALSE,FALSE,Clear,FALSE,Road 1: DOON VILLAGE RD (50 km/h); Road 2: BECHTEL DR (50 km/h); Vehicle #1     Make: TOYT     Model: RG4     Colour: GRY     Style: TY; Vehicle #2     Make: NISS     Model: PFI     Colour: GRY     Style: TY,12/20/2021 10:47:26 AM,545317.2908,4804469.951,Q3,Working,FALSE
7966,51447,21192905,8/23/2021 3:58:00 PM,2021,8,23,15,58,Monday,543988.5118,4807776.892,-80.456593,43.4216,Intersection,2,P.D. only,On roadway,SMV,Daylight,Municipal,No control,Functioning,FALSE,FALSE,FALSE,Clear,FALSE,Road 1: VANIER DR (50 km/h); Road 2: SIEBERT AVE (50 km/h); Distance: 0.0 M; Vehicle #1     Make: HYUN     Model: ESS     Colour: RED     Style: 4D,4/22/2022 2:25:55 PM,543988.5118,4807776.892,Q3,Working,FALSE
7967,51448,21192986,8/23/2021 5:46:00 PM,2021,8,23,17,46,Monday,536463.7517,4809117.038,-80.549457,43.43407,Other,2,P.D. only,Off roadway,Other,Daylight,Regional,No control,Unknown,FALSE,TRUE,FALSE,Clear,FALSE,Road 1: 252; Road 2: WESTFOREST TRAIL; Vehicle #1     Make: GMC     Model: TER     Colour: BLK     Style: TY; Vehicle #2     Make: BICY     Model: BICY     Colour:      Style: BK,4/22/2022 2:27:12 PM,536463.7517,4809117.038,Q3,Working,FALSE
7968,51449,21193051,8/23/2021 7:00:00 PM,2021,8,23,19,0,Monday,538071.7226,4807548.661,-80.529699,43.419869,Intersection,2,P.D. only,On roadway,Intersection,Daylight,Municipal,No control,Functioning,FALSE,FALSE,FALSE,Clear,TRUE,Road 1: MCGARRY DR; Road 2: WESTHEIGHTS DR; Vehicle #1     Make: KIA     Model: SPO     Colour: SIL     Style: TY; Vehicle #2     Make: HYUN     Model: SAN     Colour: WHI     Style: TY,4/22/2022 2:26:14 PM,538071.7226,4807548.661,Q3,Working,FALSE
7969,51450,21195120,8/26/2021 7:20:00 AM,2021,8,26,7,20,Thursday,537628.1795,4809792.942,-80.535024,43.440099,Non intersection,2,P.D. only,Off roadway,SMV,Daylight,Municipal,No control,Unknown,FALSE,FALSE,FALSE,Clear,FALSE,Road 1: HAZELGLEN DR (50 km/h); Road 2: SHADELAND CRES; Distance: 10.0 M E; Vehicle #1     Make: DODG     Model: RPC     Colour: CRM     Style: PK,12/20/2021 10:48:09 AM,537628.1795,4809792.942,Q3,Weekend,FALSE
7970,51451,21195225,8/26/2021 2:15:00 PM,2021,8,26,14,15,Thursday,542405.3896,4806620.501,-80.476239,43.411279,Intersection,2,P.D. only,On roadway,Intersection,Daylight,Municipal,No control,Functioning,FALSE,FALSE,FALSE,Clear,TRUE,Road 1: STRASBURG RD; Road 2: OLD COUNTRY DR; Vehicle #1     Make: TOYT     Model: C4E     Colour: BLU     Style: 4D; Vehicle #2     Make: LINC     Model: MKH     Colour: WHI     Style: 4D,4/22/2022 2:26:03 PM,542405.3896,4806620.501,Q3,Weekend,FALSE
7971,51452,21195622,8/14/2021 11:00:00 AM,2021,8,14,11,0,Saturday,540922.2835,4810570.066,-80.494261,43.446923,Intersection,1,Non-fatal injury,On roadway,Rear end,Daylight,Municipal,No control,Functioning,FALSE,FALSE,FALSE,Clear,FALSE,Road 1: DAVID ST (30 km/h); Road 2: JUBILEE DR (30 km/h); Distance: 10.0 M N; Vehicle #1     Make: MAZD     Model: M3I     Colour: RED     Style: 4D; Vehicle #2     Make: PONT     Model: SV6     Colour: GRY     Style: 4D,4/22/2022 2:25:44 PM,540922.2835,4810570.066,Q3,Weekend,FALSE
7972,51453,21195671,8/26/2021 6:39:00 PM,2021,8,26,18,39,Thursday,545315.5535,4804468.959,-80.440475,43.391736,Intersection,2,P.D. only,On roadway,Intersection,Daylight,Municipal,No control,Functioning,FALSE,FALSE,FALSE,Other,TRUE,Road 1: DOON VILLAGE RD; Road 2: BECHTEL DR; Vehicle #1     Make: AUDI     Model: 4QP     Colour: BLK     Style: 4D; Vehicle #2     Make: FORD     Model: SPE     Colour: BLK     Style: TY,4/22/2022 2:26:04 PM,545315.5535,4804468.959,Q3,Weekend,FALSE
7973,51454,21196171,8/27/2021 11:09:00 AM,2021,8,27,11,9,Friday,537226.7979,4810151.222,-80.539959,43.443345,Private Drive,2,P.D. only,Off roadway,SMV,Daylight,Municipal,No control,Unknown,FALSE,FALSE,FALSE,Clear,FALSE,Road 1: 423 WESTWOOD DR (50 km/h); Road 2: WESTWOOD DR; Distance: 3.0 M E; Vehicle #1     Make: TOYT     Model: CHY     Colour: GRN     Style: 4D; Vehicle #2     Make: BMW     Model: 35G     Colour: BLK     Style: 4B,12/20/2021 10:48:06 AM,537226.7979,4810151.222,Q3,Weekend,FALSE
7974,51455,21197003,8/28/2021 1:20:00 AM,2021,8,28,1,20,Saturday,546249.5526,4810052.326,-80.42847,43.441951,Non intersection,2,P.D. only,Off roadway,SMV,Dark,Municipal,No control,Unknown,FALSE,FALSE,FALSE,Clear,FALSE,Road 1: 288 OLD CHICOPEE TRAIL (50 km/h); Road 2: DIAMLER DR; Distance: 1.0 M N; Vehicle #1     Make:      Model:      Colour:      Style: ; Vehicle #2     Make: RAM     Model: DUR     Colour: BLU     Style: PK,12/20/2021 10:48:11 AM,546249.5526,4810052.326,Q3,Weekend,FALSE
7975,51456,21197156,8/28/2021 11:51:00 AM,2021,8,28,11,51,Saturday,541343.526,4809611.245,-80.489128,43.438267,Non intersection,1,Non-fatal injury,Off roadway,SMV,Daylight,Municipal,No control,Unknown,FALSE,FALSE,TRUE,Clear,FALSE,Road 1: 13 WOODLAND AVE (50 km/h); Road 2: WOODLAND AVE; Distance: 3.0 M N; Vehicle #1     Make: SUZI     Model: VS8     Colour: BLK     Style: MS,12/20/2021 10:56:10 AM,541343.526,4809611.245,Q3,Weekend,TRUE
7976,51457,21197387,8/28/2021 5:00:00 AM,2021,8,28,5,0,Saturday,536914.7957,4808772.268,-80.543908,43.430944,Non intersection,2,P.D. only,On roadway,Other,Dark,Municipal,No control,Unknown,FALSE,FALSE,FALSE,Clear,TRUE,Road 1: 2 HIDDEN CREEK DR (IFO); Vehicle #1     Make: VOLK     Model: CJW     Colour: GRY     Style: 4D; Vehicle #2     Make: CHRY     Model: TWC     Colour: BRN     Style: VN,4/22/2022 2:24:24 PM,536914.7957,4808772.268,Q3,Weekend,FALSE
7977,51458,21197780,8/29/2021 12:25:00 AM,2021,8,29,0,25,Sunday,545433.3957,4808343.867,-80.438697,43.426618,Intersection,1,Non-fatal injury,Off roadway,SMV,Dark,Municipal,No control,Unknown,FALSE,FALSE,FALSE,Rain,FALSE,Road 1: CEDARWOODS CRES (50 km/h); Road 2: KINGSWAY DR (50 km/h); Charged Driver #1 on page 1: HTA 200 (NA) (NA); Vehicle #1     Make: NISS     Model: A2B     Colour: SIL     Style: 4D,4/22/2022 2:26:25 PM,545433.3957,4808343.867,Q3,Weekend,FALSE
7978,51459,21198020,8/29/2021 11:10:00 AM,2021,8,29,11,10,Sunday,540757.1989,4806353.869,-80.496616,43.408969,Intersection,2,P.D. only,On roadway,Intersection,Daylight,Municipal,No control,Functioning,FALSE,FALSE,FALSE,Clear,TRUE,Road 1: 550 ERINBROOK DR; Road 2: TISLEY DR; Vehicle #1     Make: SUBA     Model: SWL     Colour: BLU     Style: 4D; Vehicle #2     Make: JEEP     Model: GCK     Colour: WHI     Style: TY,4/22/2022 2:26:06 PM,540757.1989,4806353.869,Q3,Weekend,FALSE
7979,51460,21198084,8/29/2021 1:10:00 PM,2021,8,29,13,10,Sunday,544061.7078,4811909.521,-80.455355,43.458805,Non intersection,2,P.D. only,On roadway,Rear end,Daylight,Regional,No control,Unknown,FALSE,FALSE,FALSE,Clear,TRUE,Road 1: RIVER RD E; Road 2: MANCHESTER RD; Vehicle #1     Make: DODG     Model: JOU     Colour: RED     Style: TY; Vehicle #2     Make: KIA     Model: SOR     Colour: WHI     Style: TY,4/22/2022 2:24:26 PM,544061.7078,4811909.521,Q3,Weekend,FALSE
7980,51461,21198180,8/29/2021 3:00:00 PM,2021,8,29,15,0,Sunday,538807.5763,4810213.797,-80.52042,43.443828,Non intersection,2,Non-reportable,On roadway,SMV,Daylight,Municipal,No control,Unknown,FALSE,FALSE,FALSE,Clear,TRUE,Road 1: 144 BRYBECK CRESCENT (IFO); Vehicle #1     Make:      Model:      Colour:      Style: ; Vehicle #2     Make: HYUN     Model: EXL     Colour: GRY     Style: 4D,4/22/2022 2:24:28 PM,538807.5763,4810213.797,Q3,Weekend,FALSE
7981,51462,21198870,8/28/2021 4:50:00 PM,2021,8,28,16,50,Saturday,544613.2589,4810391.137,-80.448662,43.445101,Intersection,2,Non-reportable,On roadway,Intersection,Daylight,Regional,No control,Unknown,FALSE,FALSE,FALSE,Clear,TRUE,Road 1: 410 FRANKLIN ST N; Road 2: 410 FRANKLIN ST N; Vehicle #1     Make:      Model:      Colour:      Style: ; Vehicle #2     Make: FORD     Model: FSE     Colour: SIL     Style: 4B,4/22/2022 2:25:34 PM,544613.2589,4810391.137,Q3,Weekend,FALSE
7982,51463,21198891,8/19/2021 2:40:00 PM,2021,8,19,14,40,Thursday,545614.4923,4812342.358,-80.436126,43.46261,Non intersection,2,P.D. only,On roadway,Other,Daylight,Municipal,No control,Unknown,FALSE,FALSE,FALSE,Clear,TRUE,Road 1: 100 WESTCHESTER DR (IFO); Vehicle #1     Make: HOND     Model: HRV     Colour: GRY     Style: TY; Vehicle #2     Make: PONT     Model: SFS     Colour: RED     Style: 4D,4/22/2022 2:24:58 PM,545614.4923,4812342.358,Q3,Weekend,FALSE
7983,51464,21200534,9/1/2021 9:05:00 AM,2021,9,1,9,5,Wednesday,541061.6926,4811220.13,-80.492489,43.452769,Non intersection,2,P.D. only,On roadway,SMV,Daylight,Municipal,No control,Unknown,FALSE,FALSE,FALSE,Clear,TRUE,Road 1: COLLEGE ST (IFO 42); Road 2: DUKE ST; Vehicle #1     Make:      Model:      Colour:      Style: ; Vehicle #2     Make: MAZD     Model: MA5     Colour: GRY     Style: 4B,4/22/2022 2:24:49 PM,541061.6926,4811220.13,Q3,Working,FALSE
7984,51465,21200566,5/31/2021 3:55:00 PM,2021,5,31,15,55,Monday,543214.7552,4804530.299,-80.466408,43.392412,Intersection,2,P.D. only,On roadway,Rear end,Daylight,Regional,No control,Unknown,FALSE,FALSE,FALSE,Clear,TRUE,Road 1: STRASBURG RD; Road 2: HURON RD; Vehicle #1     Make:      Model:      Colour:      Style: ; Vehicle #2     Make: AUDI     Model: C4H     Colour: BLK     Style: 4D,2/11/2022 11:15:03 AM,543214.7552,4804530.299,Q2,Working,FALSE
7985,51466,21200647,9/1/2021 11:35:00 AM,2021,9,1,11,35,Wednesday,541092.9002,4809684.095,-80.492219,43.438937,Private Drive,2,Non-reportable,On roadway,SMV,Daylight,Municipal,No control,Unknown,FALSE,FALSE,FALSE,Clear,TRUE,Road 1: SPADINA RD E (IFO 270); Road 2: WENTWORTH AVE; Vehicle #1     Make:      Model:      Colour:      Style: ; Vehicle #2     Make: NISS     Model: A2S     Colour: RED     Style: 4D,4/22/2022 2:26:36 PM,541092.9002,4809684.095,Q3,Working,FALSE
7986,51467,21200651,9/1/2021 12:15:00 PM,2021,9,1,12,15,Wednesday,546941.3633,4808498.537,-80.420055,43.427918,Intersection,2,Non-reportable,On roadway,Rear end,Daylight,Regional,No control,Functioning,FALSE,FALSE,FALSE,Clear,TRUE,Road 1: RIVER RD E CENTREVILLE CHICOPEE KITCHENER; Road 2: MORGAN AVE; Vehicle #1     Make:      Model:      Colour:      Style: ; Vehicle #2     Make: KIA     Model: SPO     Colour: WHI     Style: TY,4/22/2022 2:25:37 PM,546941.3633,4808498.537,Q3,Working,FALSE
7987,51468,21200815,9/1/2021 3:35:00 PM,2021,9,1,15,35,Wednesday,544882.9624,4804851.146,-80.445784,43.395203,Intersection,2,Non-reportable,On roadway,Intersection,Daylight,Municipal,No control,Functioning,FALSE,FALSE,FALSE,Clear,TRUE,Road 1: DOON VILLAGE RD; Road 2: PIONEER DR PIONEER PARK KITCHENER; Vehicle #1     Make: FORD     Model: COF     Colour: GRY     Style: CW; Vehicle #2     Make: DODG     Model: CAR     Colour: GRY     Style: VN,4/22/2022 2:25:34 PM,544882.9624,4804851.146,Q3,Working,FALSE
7988,51469,21200893,9/1/2021 4:30:00 PM,2021,9,1,16,30,Wednesday,544388.2564,4809889.41,-80.451483,43.440597,Non intersection,2,P.D. only,On roadway,SMV,Daylight,Municipal,No control,Unknown,FALSE,FALSE,FALSE,Clear,TRUE,Road 1: 100 KENNETH AVE; Road 2: IFO; Vehicle #1     Make: RAM     Model: RTR     Colour: BLK     Style: CW; Vehicle #2     Make: VOLK     Model: BTO     Colour: GRY     Style: 2B,4/22/2022 2:24:39 PM,544388.2564,4809889.41,Q3,Working,FALSE
7989,51470,21201574,9/2/2021 8:25:00 AM,2021,9,2,8,25,Thursday,547427.7264,4803248.259,-80.414502,43.380614,Non intersection,1,Non-fatal injury,On roadway,Other,Daylight,Regional,No control,Unknown,FALSE,TRUE,FALSE,Clear,FALSE,Road 1: PINNACLE DR (50 km/h); Road 2: PINE HILL PL; Distance: 20.0 M N; Vehicle #1     Make:      Model: -     Colour:      Style: SUV; Vehicle #2     Make: BICY     Model: .     Colour:      Style:,4/22/2022 2:24:47 PM,547427.7264,4803248.259,Q3,Weekend,FALSE
7990,51471,21201747,9/2/2021 3:15:00 PM,2021,9,2,15,15,Thursday,546062.8389,4809493.97,-80.430824,43.436936,Intersection,2,Non-reportable,On roadway,Rear end,Daylight,Municipal,No control,Functioning,FALSE,FALSE,FALSE,Clear,TRUE,Road 1: 305 KINZIE AVE; Road 2: 305 KINZIE AVE; Vehicle #1     Make:      Model:      Colour:      Style: ; Vehicle #2     Make: HYUN     Model: TUC     Colour: BLK     Style: TY,4/22/2022 2:26:06 PM,546062.8389,4809493.97,Q3,Weekend,FALSE
7991,51472,21202350,9/3/2021 9:14:00 AM,2021,9,3,9,14,Friday,542065.605,4812303.964,-80.479998,43.462472,Non intersection,1,Non-fatal injury,On roadway,Intersection,Daylight,Municipal,No control,Unknown,FALSE,FALSE,TRUE,Clear,FALSE,Road 1: 531 WELLINGTON ST N (50 km/h); Road 2: WELLINGTON ST N; Distance: 50.0 K E; Charged Driver #1 on page 1: CAI 142 (NA) (NA); Vehicle #1     Make: HOND     Model: FIL     Colour: GRY     Style: 4B; Vehicle #2     Make: YAMA     Model: VAC     Colour,4/22/2022 2:25:18 PM,542065.605,4812303.964,Q3,Weekend,TRUE
7992,51473,21202493,8/16/2021 11:30:00 AM,2021,8,16,11,30,Monday,542582.5876,4816198.83,-80.473303,43.497512,Non intersection,2,Non-reportable,On roadway,SMV,Daylight,Municipal,No control,Unknown,FALSE,FALSE,FALSE,Clear,TRUE,Road 1: 231 FALCONRIDGE DR (IFO); Vehicle #1     Make:      Model:      Colour:      Style: ; Vehicle #2     Make: HOND     Model: CRV     Colour: BLK     Style: TY,2/11/2022 11:11:15 AM,542582.5876,4816198.83,Q3,Working,FALSE
7993,51474,21202495,8/14/2021 3:00:00 PM,2021,8,14,15,0,Saturday,545084.508,4811851.381,-80.442718,43.458221,Private Drive,2,P.D. only,On roadway,SMV,Daylight,Municipal,No control,Unknown,FALSE,FALSE,FALSE,Clear,TRUE,Road 1: 50 MONTCALM DR (IFO); Vehicle #1     Make:      Model:      Colour:      Style: ; Vehicle #2     Make: LEXS     Model: E35     Colour: BLK     Style: 4D,4/22/2022 2:26:44 PM,545084.508,4811851.381,Q3,Weekend,FALSE
7994,51475,21202593,9/3/2021 2:19:00 PM,2021,9,3,14,19,Friday,541111.0496,4811008.264,-80.491895,43.450858,Private Drive,2,P.D. only,On roadway,Intersection,Daylight,Regional,No control,Unknown,FALSE,FALSE,FALSE,Clear,FALSE,Road 1: 157 KING ST W (50 km/h); Road 2: KING ST W; Distance: 5.0 M E; Charged Driver #1 on page 1: HTA 139 (NA) (NA); Vehicle #1     Make: TOYT     Model: CBA     Colour: WHI     Style: 4D; Vehicle #2     Make: TOYT     Model: CBA     Colour: BRN     Sty,4/22/2022 2:26:39 PM,541111.0496,4811008.264,Q3,Weekend,FALSE
7995,51476,21202597,6/13/2021 9:00:00 PM,2021,6,13,21,0,Sunday,541829.8415,4812960.513,-80.482862,43.468397,Non intersection,2,Non-reportable,On roadway,SMV,Dusk,Municipal,No control,Unknown,FALSE,FALSE,FALSE,Clear,TRUE,Road 1: ARNOLD ST (IFO 157); Vehicle #1     Make:      Model:      Colour:      Style: ; Vehicle #2     Make: TOYT     Model: UCS     Colour: GRN     Style: 4D,2/11/2022 11:14:20 AM,541829.8415,4812960.513,Q2,Weekend,FALSE
7996,51477,21202650,9/3/2021 3:16:00 PM,2021,9,3,15,16,Friday,542010.9647,4810483.661,-80.480813,43.446085,Intersection,1,Non-fatal injury,On roadway,Intersection,Daylight,Regional,No control,Functioning,FALSE,TRUE,FALSE,Clear,FALSE,Road 1: KING ST E (50 km/h); Road 2: CAMERON ST N (50 km/h); Vehicle #1     Make: TOYT     Model: RV4     Colour: WHI     Style: TY; Vehicle #2     Make: BICY     Model: BICY     Colour:      Style: BK,4/22/2022 2:26:10 PM,542010.9647,4810483.661,Q3,Weekend,FALSE
7997,51478,21202723,9/3/2021 4:56:00 PM,2021,9,3,16,56,Friday,541499.8433,4811996.036,-80.487015,43.459731,Intersection,1,Non-fatal injury,On roadway,Rear end,Daylight,Municipal,No control,Functioning,FALSE,FALSE,FALSE,Clear,FALSE,Road 1: WELLINGTON ST N (50 km/h); Road 2: ST LEGER ST (50 km/h); Distance: 20.0 M W; Charged Driver #1 on page 1: HTA 130 (NA) (NA); Vehicle #1     Make: HYUN     Model: ASE     Colour: BLK     Style: 4B; Vehicle #2     Make: TOYT     Model: SIE     Colo,4/22/2022 2:25:49 PM,541499.8433,4811996.036,Q3,Weekend,FALSE
7998,51479,21202759,9/3/2021 5:00:00 PM,2021,9,3,17,0,Friday,539576.1865,4806254.236,-80.511209,43.408135,Private Drive,2,P.D. only,On roadway,Other,Daylight,Regional,No control,Unknown,FALSE,FALSE,FALSE,Clear,TRUE,Road 1: ACTIVA AVE (IFO 149); Road 2: FISCHER-HALLMAN RD; Vehicle #1     Make: NISS     Model: A3L     Colour: BLK     Style: 4D; Vehicle #2     Make: TOYT     Model: CEP     Colour: WHI     Style: 4D,4/22/2022 2:26:59 PM,539576.1865,4806254.236,Q3,Weekend,FALSE
7999,51480,21203043,9/3/2021 11:05:00 AM,2021,9,3,11,5,Friday,541255.9479,4805448.015,-80.490524,43.400786,Non intersection,2,P.D. only,On roadway,Intersection,Daylight,Regional,No control,Unknown,FALSE,FALSE,FALSE,Clear,TRUE,Road 1: WASHBURN DR; Road 2: BLEAMS RD; Vehicle #1     Make: DODG     Model: DAK     Colour: GRY     Style: PK; Vehicle #2     Make: LEXS     Model: R33     Colour: GRN     Style: TY,4/22/2022 2:24:38 PM,541255.9479,4805448.015,Q3,Weekend,FALSE
8000,51481,21205969,9/7/2021 11:52:00 AM,2021,9,7,11,52,Tuesday,541023.5314,4809193.95,-80.493113,43.434527,Intersection,2,P.D. only,On roadway,Intersection,Daylight,Regional,No control,Functioning,FALSE,FALSE,FALSE,Clear,FALSE,Road 1: MAUSSER AVE (40 km/h); Road 2: LORNE AVE (40 km/h); Charged Driver #1 on page 1: HTA 136 (NA) (NA); Vehicle #1     Make: FORD     Model: FMS     Colour: GRY     Style: 4D; Vehicle #2     Make: HYUN     Model: K2G     Colour: WHI     Style: TY,4/22/2022 2:26:11 PM,541023.5314,4809193.95,Q3,Working,FALSE
8001,51482,21206180,9/8/2021 4:17:00 PM,2021,9,8,16,17,Wednesday,541321.3206,4810862.53,-80.489307,43.449535,Private Drive,2,P.D. only,On roadway,Other,Daylight,Municipal,No control,Unknown,FALSE,FALSE,FALSE,Clear,FALSE,Road 1: 12 QUEEN ST S (50 km/h); Road 2: CHURCH ST; Distance: 2.0 M E; Vehicle #1     Make: HYUN     Model: SAN     Colour: GRY     Style: TY; Vehicle #2     Make: TOYT     Model: RV4     Colour: GRY     Style: TY,4/22/2022 2:26:39 PM,541321.3206,4810862.53,Q3,Working,FALSE
8002,51483,21206576,9/9/2021 6:00:00 AM,2021,9,9,6,0,Thursday,547677.8905,4810583.617,-80.410774,43.446646,Non intersection,2,Non-reportable,On roadway,SMV,Dawn,Municipal,No control,Unknown,FALSE,FALSE,FALSE,Rain,TRUE,Road 1: 175 COUNTRY CLAIR ST (IFO); Vehicle #1     Make: TOYT     Model: HIG     Colour: BLK     Style: TY; Vehicle #2     Make: FORD     Model: MUS     Colour: GRY     Style: 2D,4/22/2022 2:24:33 PM,547677.8905,4810583.617,Q3,Weekend,FALSE
8003,51484,21207194,9/8/2021 6:00:00 PM,2021,9,8,18,0,Wednesday,541440.4462,4812127.074,-80.487739,43.460914,Non intersection,2,P.D. only,On roadway,SMV,Daylight,Municipal,No control,Unknown,FALSE,FALSE,FALSE,Clear,TRUE,Road 1: ST LEGER ST KITCHENER (IFO); Road 2: LOUISA ST; Vehicle #1     Make:      Model:      Colour:      Style: ; Vehicle #2     Make: LEXS     Model: U9L     Colour: WHI     Style: 4W,4/22/2022 2:24:32 PM,541440.4462,4812127.074,Q3,Working,FALSE
8004,51485,21207740,9/9/2021 11:00:00 AM,2021,9,9,11,0,Thursday,543791.6016,4808566.795,-80.458962,43.428723,Non intersection,1,Non-fatal injury,Off roadway,SMV,Daylight,Regional,No control,Unknown,FALSE,FALSE,FALSE,Clear,FALSE,Road 1: WILSON AVE (40 km/h); Road 2: 72 WILSON AVE; Distance: 32.0 M E; Charged Driver #1 on page 1: HTA 130 (NA) (NA); Vehicle #1     Make: NISS     Model: VMT     Colour: WHI     Style: 4D,4/22/2022 2:25:03 PM,543791.6016,4808566.795,Q3,Weekend,FALSE
8005,51486,21208128,9/9/2021 6:15:00 PM,2021,9,9,18,15,Thursday,542536.4904,4809633.778,-80.474385,43.438403,Private Drive,2,Non-reportable,On roadway,SMV,Daylight,Regional,No control,Unknown,FALSE,FALSE,FALSE,Clear,TRUE,Road 1: NYBERG ST; Road 2: OTTAWA ST S; Vehicle #1     Make:      Model:      Colour:      Style: ; Vehicle #2     Make: TOYT     Model: MTL     Colour: GRY     Style: 4D,4/22/2022 2:26:35 PM,542536.4904,4809633.778,Q3,Weekend,FALSE
8006,51487,21209563,8/4/2021 5:15:00 PM,2021,8,4,17,15,Wednesday,539265.7154,4808684.239,-80.514869,43.430032,Private Drive,2,Non-reportable,On roadway,SMV,Daylight,Municipal,No control,Unknown,FALSE,FALSE,FALSE,Clear,TRUE,Road 1: BUTTONWOOD DR (IFO 6); Vehicle #1     Make: NISS     Model: PFI     Colour: BLU     Style: TY; Vehicle #2     Make: MAZD     Model: 3TR     Colour: RED     Style: 4D,2/11/2022 11:09:23 AM,539265.7154,4808684.239,Q3,Working,FALSE
8007,51488,21209577,9/10/2021 12:45:00 PM,2021,9,10,12,45,Friday,541835.6185,4803488.413,-80.483516,43.383109,Intersection,2,P.D. only,On roadway,Intersection,Daylight,Regional,No control,Functioning,FALSE,FALSE,FALSE,Clear,TRUE,Road 1: HURON RD; Road 2: BECKVIEW DR; Vehicle #1     Make: BMW     Model: TRG     Colour: BLK     Style: TY; Vehicle #2     Make: VOLK     Model: NTI     Colour: BLK     Style: 2B,4/22/2022 2:26:08 PM,541835.6185,4803488.413,Q3,Weekend,FALSE