,OBJECTID,ACCIDENTNUM,ACCIDENTDATE,ACCIDENT_YEAR,ACCIDENT_MONTH,ACCIDENT_DAY,ACCIDENT_HOUR,ACCIDENT_MINUTE,Accident_Day,XCOORD,YCOORD,LONGITUDE,LATITUDE,Accident_Location,COLLISIONTYPE,Accident_Type,Impact_Location,Impact_Type,Light,Road_Jurisdication,Traffic_Control,Traffic_Control_Condition,Pedestrian_Involved,Cyclist_Involved,Motorcyclist_Involved,Environment_Condition,Self_Reported,XMLIMPORTNOTES,LASTEDITEDDATE,x,y,Quarter,Day_Type,Vulnerable_Involved
8104,51585,21243820,10/20/2021 6:30:00 AM,2021,10,20,6,30,Wednesday,539301.7083,4802878.398,-80.514841,43.377753,Non intersection,2,Non-reportable,On roadway,SMV,Dawn,Regional,No control,Unknown,FALSE,FALSE,FALSE,Clear,TRUE,Road 1: HURON RD; Road 2: TRUSSLER RD; Vehicle #1     Make: NISS     Model: VNS     Colour: SIL     Style: 4B,4/22/2022 2:25:31 PM,539301.7083,4802878.398,Q4,Working,FALSE
8105,51586,21244046,10/5/2021 11:10:00 AM,2021,10,5,11,10,Tuesday,539079.0476,4811110.756,-80.517001,43.45189,Intersection,2,Non-reportable,On roadway,Intersection,Daylight,Municipal,No control,Functioning,FALSE,FALSE,FALSE,Clear,TRUE,Road 1: BELMONT AVE W; Road 2: GLASGOW ST; Vehicle #1     Make: TOYT     Model: HIG     Colour: GRY     Style: TY; Vehicle #2     Make:      Model:      Colour:      Style:,8/16/2022 2:57:53 PM,539079.0476,4811110.756,Q4,Working,FALSE
8106,51587,21244699,10/21/2021 7:00:00 AM,2021,10,21,7,0,Thursday,544622.1987,4808638.019,-80.448695,43.429316,Intersection,1,Non-fatal injury,On roadway,Intersection,Dawn,Municipal,No control,Functioning,FALSE,FALSE,FALSE,Clear,FALSE,Road 1: NINTH AVE (50 km/h); Road 2: CONNAUGHT ST (50 km/h); Charged Driver #1 on page 1: HTA 130 (NA) (NA); Vehicle #1     Make: HYUN     Model: SAN     Colour: WHI     Style: TY; Vehicle #2     Make: CHEV     Model: EQU     Colour: BLK     Style: TY,4/22/2022 2:26:22 PM,544622.1987,4808638.019,Q4,Weekend,FALSE
8107,51588,21245663,10/2/2021 10:00:00 AM,2021,10,2,10,0,Saturday,538784.1651,4807509.349,-80.520901,43.419478,Private Drive,2,P.D. only,On roadway,SMV,Daylight,Municipal,No control,Unknown,FALSE,FALSE,FALSE,Clear,TRUE,Road 1: 79 PINEHURST CRESCENT (IN FRONT OF); Vehicle #1     Make: VOLV     Model: VHD     Colour: RED     Style: CT; Vehicle #2     Make: CHEV     Model: CZT     Colour: BLU     Style: 4D,8/16/2022 3:03:09 PM,538784.1651,4807509.349,Q4,Weekend,FALSE
8108,51589,21245837,10/22/2021 2:42:00 PM,2021,10,22,14,42,Friday,541274.9057,4811759.59,-80.489813,43.457614,Intersection,1,Non-fatal injury,On roadway,Intersection,Daylight,Municipal,No control,Functioning,FALSE,FALSE,FALSE,Clear,FALSE,Road 1: BREITHAUPT ST (50 km/h); Road 2: MARGARET AVE (50 km/h); Charged Driver #1 on page 1: HTA 136 (NA) (NA); Vehicle #1     Make: MAZD     Model: 3TR     Colour: RED     Style: 4B; Vehicle #2     Make: MAZD     Model: M3S     Colour: WHI     Style: 4D,4/22/2022 2:26:09 PM,541274.9057,4811759.59,Q4,Weekend,FALSE
8109,51590,21245883,10/22/2021 3:20:00 PM,2021,10,22,15,20,Friday,542006.2096,4813398.014,-80.480648,43.472326,Private Drive,2,P.D. only,On roadway,SMV,Daylight,Municipal,No control,Unknown,FALSE,FALSE,FALSE,Clear,TRUE,Road 1: 1214 UNION ST; Vehicle #1     Make: VOLV     Model: ST5     Colour: RED     Style: 4D; Vehicle #2     Make: CHEV     Model: CAL     Colour: WHI     Style: PK; Vehicle #3     Make: FORD     Model: SPE     Colour: WHI     Style: TY,4/22/2022 2:27:08 PM,542006.2096,4813398.014,Q4,Weekend,FALSE
8110,51591,21246521,10/23/2021 11:38:00 AM,2021,10,23,11,38,Saturday,542521.7988,4814502.35,-80.474187,43.48224,Non intersection,2,P.D. only,On roadway,Intersection,Daylight,Municipal,No control,Unknown,FALSE,FALSE,FALSE,Clear,FALSE,Road 1: BLOOMINGDALE RD N (50 km/h); Road 2: 66 BLOOMINGDALE RD N; Distance: 20.0 M E; Vehicle #1     Make: FORD     Model: COF     Colour: BLK     Style: PK; Vehicle #2     Make: VOLK     Model: GTA     Colour: WHI     Style: 4B,8/16/2022 2:54:45 PM,542521.7988,4814502.35,Q4,Weekend,FALSE
8111,51592,21246805,10/23/2021 6:37:00 PM,2021,10,23,18,37,Saturday,539785.4211,4809135.155,-80.508415,43.434064,Intersection,2,P.D. only,On roadway,Intersection,Dark,Regional,No control,Functioning,FALSE,FALSE,FALSE,Clear,FALSE,Road 1: QUEENS BLVD (60 km/h); Road 2: HAHN PL (40 km/h); Vehicle #1     Make: HYUN     Model: ALS     Colour: BLK     Style: 4D; Vehicle #2     Make: TOYT     Model: SIE     Colour: GRY     Style: VN,4/22/2022 2:26:09 PM,539785.4211,4809135.155,Q4,Weekend,FALSE
8112,51593,21247437,10/24/2021 2:25:00 PM,2021,10,24,14,25,Sunday,543884.3903,4809998.448,-80.457701,43.441609,Non intersection,2,P.D. only,Off roadway,SMV,Daylight,Municipal,No control,Unknown,FALSE,FALSE,FALSE,Clear,FALSE,Road 1: MONTGOMERY RD (50 km/h); Road 2: 178 MONTGOMERY RD; Distance: 10.0 M E; Charged Driver #1 on page 1: HTA 340 (94) (NA); Vehicle #1     Make: HYUN     Model: EGM     Colour: RED     Style: 4D; Vehicle #2     Make: NISS     Model: KIC     Colour: BL,4/22/2022 2:25:29 PM,543884.3903,4809998.448,Q4,Weekend,FALSE
8113,51594,21248231,10/25/2021 1:54:00 PM,2021,10,25,13,54,Monday,539079.5311,4811110.28,-80.516995,43.451886,Intersection,2,P.D. only,On roadway,Rear end,Daylight,Municipal,No control,Functioning,FALSE,FALSE,FALSE,Rain,TRUE,Road 1: GLASGOW ST; Road 2: BELMONT AVE W; Vehicle #1     Make: NISS     Model: SML     Colour: BLK     Style: 4D; Vehicle #2     Make: CHEV     Model: EXP     Colour: YEL     Style: BU,4/22/2022 2:25:37 PM,539079.5311,4811110.28,Q4,Working,FALSE
8114,51595,21248923,10/22/2021 9:30:00 AM,2021,10,22,9,30,Friday,541718.8951,4803767.277,-80.484936,43.385626,Private Drive,2,Non-reportable,On roadway,SMV,Daylight,Municipal,No control,Unknown,FALSE,FALSE,FALSE,Clear,TRUE,Road 1: SIENNA CRESCENT (IFO 450); Vehicle #1     Make:      Model:      Colour:      Style: ; Vehicle #2     Make: HYUN     Model: SAN     Colour: WHI     Style: TY,8/16/2022 3:04:06 PM,541718.8951,4803767.277,Q4,Weekend,FALSE
8115,51596,21249036,10/18/2021 6:45:00 PM,2021,10,18,18,45,Monday,545034.7147,4807870.154,-80.443662,43.422377,Intersection,2,P.D. only,On roadway,Intersection,Dusk,Municipal,No control,Functioning,FALSE,FALSE,FALSE,Clear,TRUE,Road 1: WILSON AVE; Road 2: KINGSWAY DR; Vehicle #1     Make: HOND     Model: CIV     Colour: BLU     Style: 4D; Vehicle #2     Make: PTRB     Model: 389     Colour: GRY     Style: CT,4/22/2022 2:25:41 PM,545034.7146,4807870.154,Q4,Working,FALSE
8116,51597,21249601,10/26/2021 7:30:00 PM,2021,10,26,19,30,Tuesday,544919.568,4810406.089,-80.444875,43.445218,Private Drive,2,P.D. only,On roadway,SMV,Dark,Municipal,No control,Unknown,FALSE,FALSE,FALSE,Clear,TRUE,Road 1: 70 BRADLEY DR; Vehicle #1     Make:      Model:      Colour:      Style: ; Vehicle #2     Make: FORD     Model: FSE     Colour: RED     Style: 4B,4/22/2022 2:27:09 PM,544919.568,4810406.089,Q4,Working,FALSE
8117,51598,21249730,10/26/2021 2:45:00 PM,2021,10,26,14,45,Tuesday,539079.0476,4811110.756,-80.517001,43.45189,Intersection,2,P.D. only,On roadway,Intersection,Daylight,Municipal,No control,Functioning,FALSE,FALSE,FALSE,Clear,TRUE,Road 1: BELMONT AVE W; Road 2: GLASGOW ST; Vehicle #1     Make: HOND     Model: UCL     Colour: SIL     Style: 4D; Vehicle #2     Make: HYUN     Model: AGG     Colour: GRY     Style: 4B,8/16/2022 2:57:47 PM,539079.0476,4811110.756,Q4,Working,FALSE
8118,51599,21249734,10/5/2021 1:00:00 AM,2021,10,5,1,0,Tuesday,536009.6501,4809175.471,-80.555064,43.434619,Private Drive,2,P.D. only,On roadway,SMV,Dark,Municipal,No control,Unknown,FALSE,FALSE,FALSE,Clear,TRUE,Road 1: SASSAFRAS ST (IFO 27); Road 2: COUNTRYSTONE CRESCENT; Vehicle #1     Make:      Model:      Colour:      Style: ; Vehicle #2     Make: HOND     Model: AXL     Colour: BLK     Style: 4D,1/3/2023 10:22:18 AM,536009.6501,4809175.471,Q4,Working,FALSE
8119,51600,21249772,10/27/2021 12:10:00 PM,2021,10,27,12,10,Wednesday,546581.0322,4810829.19,-80.424308,43.448926,Intersection,2,P.D. only,On roadway,Intersection,Daylight,Municipal,No control,Unknown,FALSE,FALSE,FALSE,Clear,FALSE,Road 1: MICHENER CRT (40 km/h); Road 2: 103 MICHENER CRES; Distance: 3.0 M W; Charged Driver #1 on page 1: HTA 130 (NA) (NA); Vehicle #1     Make: HOND     Model: UCD     Colour: SIL     Style: 4D; Vehicle #2     Make: HYUN     Model: K2G     Colour: GRY ,4/22/2022 2:25:52 PM,546581.0322,4810829.191,Q4,Working,FALSE
8120,51601,21250059,10/27/2021 5:20:00 PM,2021,10,27,17,20,Wednesday,540682.4991,4811615.762,-80.497146,43.456352,Intersection,2,P.D. only,On roadway,Intersection,Daylight,Regional,No control,Functioning,FALSE,FALSE,FALSE,Clear,TRUE,Road 1: WELLINGTON ST N; Road 2: DUKE ST W; Vehicle #1     Make: BUIC     Model: VER     Colour: RED     Style: 4D; Vehicle #2     Make: HOND     Model: UDY     Colour: BLK     Style: TY,8/16/2022 2:56:52 PM,540682.4991,4811615.762,Q4,Working,FALSE
8121,51602,21250525,10/28/2021 9:00:00 AM,2021,10,28,9,0,Thursday,539063.3571,4809753.422,-80.517292,43.439669,Non intersection,2,P.D. only,On roadway,Intersection,Daylight,Municipal,No control,Unknown,FALSE,FALSE,FALSE,Clear,TRUE,Road 1: 40 PAULANDER DR (IFO); Vehicle #1     Make:      Model:      Colour:      Style: ; Vehicle #2     Make: CHEV     Model: CZT     Colour: BLK     Style: 4D,8/16/2022 3:03:04 PM,539063.3571,4809753.423,Q4,Weekend,FALSE
8122,51603,21251196,10/29/2021 1:00:00 AM,2021,10,29,1,0,Friday,543988.235,4807778.578,-80.456596,43.421615,Intersection,2,P.D. only,On roadway,Intersection,Dark,Regional,No control,Functioning,FALSE,FALSE,FALSE,Clear,FALSE,Road 1: VANIER DR (40 km/h); Road 2: SIEBERT AVE (40 km/h); Vehicle #1     Make: HOND     Model: CIVI     Colour:      Style: ; Vehicle #2     Make: HYUN     Model: ESM     Colour: BLU     Style: 4D,4/22/2022 2:26:17 PM,543988.235,4807778.578,Q4,Weekend,FALSE
8123,51604,21251275,10/29/2021 6:39:00 AM,2021,10,29,6,39,Friday,546757.1279,4804073.358,-80.422709,43.388085,Non intersection,2,P.D. only,On roadway,SMV,Dark,Municipal,No control,Unknown,FALSE,FALSE,FALSE,Clear,FALSE,Road 1: DOON S DR (70 km/h); Road 2: HOMER WATSON BLVD; Distance: 200.0 M S; Vehicle #1     Make: HYUN     Model: ESM     Colour: BLK     Style: 4D,4/22/2022 2:24:39 PM,546757.1279,4804073.358,Q4,Weekend,FALSE
8124,51605,21251437,10/15/2021 8:30:00 AM,2021,10,15,8,30,Friday,537275.3873,4808898.489,-80.539444,43.432063,Non intersection,2,Non-reportable,On roadway,SMV,Daylight,Municipal,No control,Unknown,FALSE,FALSE,FALSE,Rain,TRUE,Road 1: 74 WILDLARK CRESCENT (IFO); Vehicle #1     Make:      Model:      Colour:      Style: ; Vehicle #2     Make: AUDI     Model: 5QC     Colour: BLK     Style: 2D,4/22/2022 2:25:29 PM,537275.3873,4808898.489,Q4,Weekend,FALSE
8125,51606,21251528,10/25/2021 7:00:00 AM,2021,10,25,7,0,Monday,538666.0417,4810352.342,-80.522159,43.445083,Non intersection,2,Non-reportable,On roadway,SMV,Dark,Regional,No control,Unknown,FALSE,FALSE,FALSE,Rain,TRUE,Road 1: GAGE AVE; Road 2: WESTMOUNT RD; Vehicle #1     Make: FORD     Model: VAN     Colour: RED     Style: FV,8/16/2022 2:57:35 PM,538666.0417,4810352.342,Q4,Working,FALSE
8126,51607,21251629,10/12/2021 11:53:00 AM,2021,10,12,11,53,Tuesday,540561.9468,4809307.933,-80.498808,43.435579,Private Drive,2,P.D. only,On roadway,SMV,Daylight,Municipal,No control,Unknown,FALSE,FALSE,FALSE,Clear,TRUE,Road 1: 39 PERTH RD (IFO 39); Vehicle #1     Make:      Model:      Colour:      Style: ; Vehicle #2     Make: NISS     Model: MUR     Colour: ONG     Style: TY,4/22/2022 2:26:33 PM,540561.9468,4809307.933,Q4,Working,FALSE
8127,51608,21251753,10/29/2021 4:45:00 PM,2021,10,29,16,45,Friday,539112.0938,4811656.171,-80.516554,43.456799,Intersection,2,Non-reportable,On roadway,Rear end,Daylight,Municipal,No control,Functioning,FALSE,FALSE,FALSE,Rain,TRUE,Road 1: PARK ST; Road 2: UNION BLVD; Vehicle #1     Make: HYUN     Model: SAN     Colour: BLK     Style: TY; Vehicle #2     Make:      Model:      Colour:      Style:,8/16/2022 3:05:15 PM,539112.0938,4811656.171,Q4,Weekend,FALSE
8128,51609,21252220,10/30/2021 6:20:00 AM,2021,10,30,6,20,Saturday,540486.7313,4809736.784,-80.499705,43.439444,Intersection,2,Non-reportable,On roadway,Intersection,Dark,Regional,No control,Functioning,FALSE,FALSE,FALSE,Rain,TRUE,Road 1: QUEEN'S BLVD; Road 2: SPADINA RD E; Vehicle #1     Make:      Model:      Colour:      Style: ; Vehicle #2     Make: TOYT     Model: CBA     Colour: GRY     Style: 4D,8/16/2022 3:04:15 PM,540486.7313,4809736.784,Q4,Weekend,FALSE
8129,51610,21254818,10/30/2021 9:30:00 AM,2021,10,30,9,30,Saturday,542577.6108,4811377.801,-80.473741,43.454104,Private Drive,2,Non-reportable,On roadway,SMV,Daylight,Municipal,No control,Unknown,FALSE,FALSE,FALSE,Clear,TRUE,Road 1: EAST AVE (IFO 125); Vehicle #1     Make:      Model:      Colour:      Style: ; Vehicle #2     Make: GMC     Model: SIE     Colour: RED     Style: PK,8/16/2022 2:56:57 PM,542577.6108,4811377.801,Q4,Weekend,FALSE
8130,51611,21254858,10/14/2021 8:20:00 AM,2021,10,14,8,20,Thursday,542920.4205,4811746.575,-80.469475,43.457405,Non intersection,2,Non-reportable,On roadway,SMV,Daylight,Municipal,No control,Unknown,FALSE,FALSE,FALSE,Clear,TRUE,Road 1: 9 FIFE AVE (IFO); Vehicle #1     Make:      Model:      Colour:      Style: ; Vehicle #2     Make: MITS     Model: MES     Colour: BLK     Style: 4B,4/22/2022 2:24:32 PM,542920.4205,4811746.575,Q4,Weekend,FALSE
8131,51612,21255038,11/2/2021 12:30:00 PM,2021,11,2,12,30,Tuesday,538610.603,4805669.167,-80.523175,43.402918,Non intersection,2,P.D. only,On roadway,SMV,Daylight,Municipal,No control,Unknown,FALSE,FALSE,FALSE,Clear,TRUE,Road 1: 26 ISAIAH DR (IFO); Road 2: GRAVEL RIDGE TRAIL; Vehicle #1     Make: FORD     Model: COF     Colour: BLK     Style: PK; Vehicle #2     Make:      Model:      Colour:      Style:,8/16/2022 2:58:30 PM,538610.603,4805669.167,Q4,Working,FALSE
8132,51613,21255684,11/2/2021 4:00:00 PM,2021,11,2,16,0,Tuesday,539894.5544,4807656.616,-80.507175,43.420746,Private Drive,2,P.D. only,On roadway,SMV,Daylight,Municipal,No control,Unknown,FALSE,FALSE,FALSE,Clear,TRUE,Road 1: WINDALE CRESCENT (IFO 150); Road 2: HOWE DR; Vehicle #1     Make:      Model:      Colour:      Style: ; Vehicle #2     Make: TOYT     Model: RV4     Colour: BLK     Style: TY,1/3/2023 10:22:33 AM,539894.5544,4807656.616,Q4,Working,FALSE
8133,51614,21255904,11/3/2021 1:23:00 PM,2021,11,3,13,23,Wednesday,545335.9772,4808223.384,-80.439911,43.42554,Non intersection,2,P.D. only,Off roadway,SMV,Daylight,Municipal,No control,Unknown,FALSE,FALSE,FALSE,Clear,FALSE,Road 1: 2960 KINGSWAY DR (50 km/h); Road 2: KINGSWAY DR; Distance: 5.0 M S; Charged Driver #1 on page 1: HTA 130 (NA) (NA); Vehicle #1     Make: CHEV     Model: EQU     Colour: GRY     Style: TY,8/16/2022 3:01:11 PM,545335.9772,4808223.384,Q4,Working,FALSE
8134,51615,21256579,11/2/2021 2:00:00 PM,2021,11,2,14,0,Tuesday,543563.8728,4812259.945,-80.461481,43.46199,Intersection,2,P.D. only,On roadway,Rear end,Daylight,Regional,No control,Functioning,FALSE,FALSE,FALSE,Clear,TRUE,Road 1: FREDERICK ST; Road 2: RIVER RD E; Vehicle #1     Make: FORD     Model: SRW     Colour: WHI     Style: PK; Vehicle #2     Make: HOND     Model: FIT     Colour: BLK     Style: 4B,4/22/2022 2:25:54 PM,543563.8728,4812259.945,Q4,Working,FALSE
8135,51616,21256637,10/29/2021 2:00:00 AM,2021,10,29,2,0,Friday,546922.5746,4809771.819,-80.420178,43.439384,Non intersection,2,P.D. only,On roadway,SMV,Dark,Municipal,No control,Unknown,FALSE,FALSE,FALSE,Rain,TRUE,Road 1: BEAUMONT CRES; Road 2: SIMS ESTATE DR; Vehicle #1     Make: CHEV     Model: EQU     Colour: BRN     Style: TY; Vehicle #2     Make: MAZD     Model: DMG     Colour: GRY     Style: 4W,1/3/2023 10:13:35 AM,546922.5746,4809771.819,Q4,Weekend,FALSE
8136,51617,21256762,9/28/2021 2:00:00 PM,2021,9,28,14,0,Tuesday,544042.6447,4808185.426,-80.455891,43.425275,Private Drive,2,P.D. only,On roadway,SMV,Daylight,Municipal,No control,Unknown,FALSE,FALSE,FALSE,Clear,TRUE,Road 1: HARBOUR AVE (IFO 82); Vehicle #1     Make: CHEV     Model: CZT     Colour: BLU     Style: 4D; Vehicle #2     Make: NISS     Model: ATS     Colour: BLK     Style: 4D,4/22/2022 2:26:41 PM,544042.6447,4808185.426,Q3,Working,FALSE
8137,51618,21256766,10/22/2021 8:30:00 AM,2021,10,22,8,30,Friday,545152.8571,4807533.893,-80.44223,43.419342,Non intersection,2,P.D. only,On roadway,SMV,Daylight,Regional,No control,Unknown,FALSE,FALSE,FALSE,Clear,TRUE,Road 1: WILSON AVE; Road 2: FAIRWAY RD; Vehicle #1     Make: BMW     Model: 28X     Colour: BLK     Style: 4D,8/16/2022 3:06:44 PM,545152.8571,4807533.893,Q4,Weekend,FALSE
8138,51619,21256795,10/28/2021 2:30:00 PM,2021,10,28,14,30,Thursday,545487.1324,4803471.288,-80.438439,43.382742,Non intersection,2,P.D. only,On roadway,SMV,Daylight,Municipal,No control,Unknown,FALSE,FALSE,FALSE,Clear,TRUE,Road 1: 229 RIDGEMERE COURT (IFO); Vehicle #1     Make:      Model:      Colour:      Style: ; Vehicle #2     Make: HYUN     Model: ETG     Colour: WHI     Style: 4B,8/16/2022 3:03:36 PM,545487.1324,4803471.288,Q4,Weekend,FALSE
8139,51620,21256987,11/4/2021 5:00:00 PM,2021,11,4,17,0,Thursday,543072.5823,4805498.829,-80.468087,43.401141,Intersection,2,P.D. only,On roadway,Intersection,Dusk,Municipal,No control,Functioning,FALSE,FALSE,FALSE,Clear,TRUE,Road 1: STRASBURG RD; Road 2: TRILLIUM DR; Vehicle #1     Make: TOYT     Model: CIE     Colour: BLU     Style: VN; Vehicle #2     Make: RAM     Model: RTR     Colour: WHI     Style: PK,4/22/2022 2:25:53 PM,543072.5823,4805498.829,Q4,Weekend,FALSE
8140,51621,21256993,11/4/2021 5:09:00 PM,2021,11,4,17,9,Thursday,539295.0992,4808890.343,-80.514491,43.431886,Intersection,2,P.D. only,On roadway,Intersection,Dusk,Municipal,No control,Functioning,FALSE,FALSE,FALSE,Clear,FALSE,Road 1: QUEEN'S BLVD (50 km/h); Road 2: CECILE DR (50 km/h); Charged Driver #1 on page 1: HTA 142 (NA) (NA); Vehicle #1     Make: INTE     Model: PB1     Colour: YEL     Style: BU; Vehicle #2     Make: HYUN     Model: ACC     Colour: RED     Style: 4D,4/22/2022 2:25:53 PM,539295.0992,4808890.343,Q4,Weekend,FALSE
8141,51622,21257669,11/5/2021 11:09:00 AM,2021,11,5,11,9,Friday,541829.132,4807821.021,-80.483264,43.422121,Intersection,2,P.D. only,On roadway,SMV,Daylight,Regional,No control,Functioning,FALSE,FALSE,FALSE,Clear,FALSE,Road 1: KINGSWOOD DR (50 km/h); Road 2: ROBERTS CRES (50 km/h); Vehicle #1     Make: HOND     Model: CCL     Colour: SIL     Style: 4D,4/22/2022 2:25:51 PM,541829.132,4807821.021,Q4,Weekend,FALSE
8142,51623,21257770,10/30/2021 2:15:00 PM,2021,10,30,14,15,Saturday,549180.7002,4806441.753,-80.392575,43.409255,Intersection,2,Non-reportable,On roadway,Rear end,Daylight,Regional,No control,Functioning,FALSE,FALSE,FALSE,Rain,TRUE,Road 1: SPORTSWORLD DR; Road 2: KING ST; Vehicle #1     Make:      Model:      Colour:      Style: ; Vehicle #2     Make: VOLK     Model: PST     Colour: GRY     Style: 4D,8/16/2022 3:04:26 PM,549180.7002,4806441.753,Q4,Weekend,FALSE
8143,51624,21257825,10/29/2021 7:00:00 PM,2021,10,29,19,0,Friday,542652.9571,4807351.3,-80.473124,43.417845,Intersection,2,Non-reportable,On roadway,Intersection,Dark,Municipal,No control,Functioning,FALSE,FALSE,FALSE,Rain,TRUE,Road 1: BLOCK LINE RD; Road 2: KINGSWOOD DR; Vehicle #1     Make: TOYT     Model: UCS     Colour: BRN     Style: 4D; Vehicle #2     Make: TOYT     Model: SIE     Colour: GRY     Style: VN,4/22/2022 2:25:49 PM,542652.9571,4807351.3,Q4,Weekend,FALSE
8144,51625,21258333,11/6/2021 1:32:00 AM,2021,11,6,1,32,Saturday,539619.8773,4805850.075,-80.510699,43.404494,Non intersection,2,P.D. only,Off roadway,SMV,Dark,Municipal,No control,Unknown,FALSE,FALSE,FALSE,Rain,FALSE,Road 1: BRIDLEWREATH ST (40 km/h); Road 2: MAX BECKER DR; Distance: 20.0 M S; Vehicle #1     Make: BMW     Model: YJG     Colour: BLU     Style: TY; Vehicle #2     Make: BMW     Model: X1P     Colour: WHI     Style: TY; Vehicle #3     Make: CHEV     Model,8/16/2022 2:54:57 PM,539619.8773,4805850.075,Q4,Weekend,FALSE
8145,51626,21258797,11/6/2021 3:30:00 PM,2021,11,6,15,30,Saturday,545034.1644,4807868.229,-80.443669,43.42236,Intersection,2,Non-reportable,On roadway,Intersection,Daylight,Regional,No control,Functioning,FALSE,FALSE,FALSE,Clear,TRUE,Road 1: WILSON AVE; Road 2: KINGSWAY DR; Vehicle #1     Make:      Model:      Colour:      Style: ; Vehicle #2     Make: NISS     Model: MIC     Colour: BLU     Style: 4B,8/16/2022 3:06:39 PM,545034.1644,4807868.229,Q4,Weekend,FALSE
8146,51627,21260271,11/8/2021 9:20:00 AM,2021,11,8,9,20,Monday,547607.2539,4803902.876,-80.412229,43.386497,Non intersection,2,Non-reportable,On roadway,Rear end,Daylight,Regional,No control,Unknown,FALSE,FALSE,FALSE,Clear,TRUE,Road 1: CONESTOGA COLLEGE BLVD; Road 2: HOMER WATSON BLVD; Vehicle #1     Make: PONT     Model: GRA     Colour: BRN     Style: 4D; Vehicle #2     Make:      Model:      Colour:      Style:,8/16/2022 2:55:42 PM,547607.2539,4803902.876,Q4,Working,FALSE
8147,51628,21260575,11/8/2021 3:30:00 PM,2021,11,8,15,30,Monday,541992.6367,4813039.706,-80.480843,43.469101,Intersection,1,Non-fatal injury,On roadway,Rear end,Daylight,Municipal,No control,Functioning,TRUE,TRUE,FALSE,Clear,FALSE,Road 1: ARNOLD ST (50 km/h); Road 2: MAPLE AVE (50 km/h); Charged Driver #1 on page 1: HTA 130 (NA) (NA); Vehicle #1     Make:      Model:      Colour:      Style: MC; Vehicle #2     Make: TOYT     Model: TIM     Colour: BLK     Style: 4B,4/22/2022 2:25:51 PM,541992.6367,4813039.706,Q4,Working,FALSE
8148,51629,21260841,11/9/2021 9:24:00 PM,2021,11,9,21,24,Tuesday,544234.7573,4808804.973,-80.453468,43.430842,Intersection,1,Non-fatal injury,On roadway,Intersection,Dark,Municipal,No control,Functioning,FALSE,FALSE,FALSE,Clear,FALSE,Road 1: CONNAUGHT ST (50 km/h); Road 2: FIFTH AVE (50 km/h); Vehicle #1     Make: TOYO     Model: UCL     Colour:      Style: 4DR; Vehicle #2     Make: ACUR     Model: MDX     Colour: BLK     Style: TY,8/16/2022 2:55:51 PM,544234.7573,4808804.973,Q4,Working,FALSE
8149,51630,21261072,11/9/2021 8:00:00 AM,2021,11,9,8,0,Tuesday,544790.962,4805222.445,-80.44689,43.398552,Non intersection,2,P.D. only,On roadway,Intersection,Daylight,Regional,No control,Unknown,FALSE,FALSE,FALSE,Clear,TRUE,Road 1: DOON VILLAGE RD; Road 2: HOMER WATSON BLVD; Vehicle #1     Make: HYUN     Model: TUC     Colour: BLU     Style: TY; Vehicle #2     Make: VOLK     Model: GEL     Colour: BLU     Style: 4B,8/16/2022 2:56:43 PM,544790.962,4805222.445,Q4,Working,FALSE
8150,51631,21261154,11/9/2021 9:00:00 AM,2021,11,9,9,0,Tuesday,539675.909,4806484.937,-80.509961,43.410207,Intersection,2,P.D. only,On roadway,Rear end,Daylight,Municipal,No control,Functioning,FALSE,FALSE,FALSE,Clear,TRUE,Road 1: ACTIVA AVE; Road 2: BUSH CLOVER CRESCENT; Vehicle #1     Make: HYUN     Model: SAN     Colour: GRY     Style: TY; Vehicle #2     Make:      Model:      Colour:      Style:,8/16/2022 3:06:16 PM,539675.909,4806484.937,Q4,Working,FALSE
8151,51632,21261201,11/2/2021 2:10:00 PM,2021,11,2,14,10,Tuesday,545093.244,4807781.369,-80.442946,43.421574,Non intersection,2,Non-reportable,On roadway,Intersection,Daylight,Regional,No control,Unknown,FALSE,FALSE,FALSE,Clear,TRUE,Road 1: WILSON AVE; Road 2: FAIRWAY RD S; Vehicle #1     Make:      Model:      Colour:      Style: ; Vehicle #2     Make: LINC     Model: MKZ     Colour: BLK     Style: 4D,4/22/2022 2:25:14 PM,545093.244,4807781.369,Q4,Working,FALSE