,OBJECTID,ACCIDENTNUM,ACCIDENTDATE,ACCIDENT_YEAR,ACCIDENT_MONTH,ACCIDENT_DAY,ACCIDENT_HOUR,ACCIDENT_MINUTE,Accident_Day,XCOORD,YCOORD,LONGITUDE,LATITUDE,Accident_Location,COLLISIONTYPE,Accident_Type,Impact_Location,Impact_Type,Light,Road_Jurisdication,Traffic_Control,Traffic_Control_Condition,Pedestrian_Involved,Cyclist_Involved,Motorcyclist_Involved,Environment_Condition,Self_Reported,XMLIMPORTNOTES,LASTEDITEDDATE,x,y,Quarter,Day_Type,Vulnerable_Involved
8152,51633,21261312,11/9/2021 1:00:00 PM,2021,11,9,13,0,Tuesday,538977.1051,4811509.29,-80.518233,43.455484,Intersection,2,P.D. only,On roadway,Rear end,Daylight,Municipal,Sign Control,Functioning,FALSE,FALSE,FALSE,Clear,TRUE,Road 1: UNION BLVD; Road 2: IRON HORSE TRANS CANADA TRAIL; Vehicle #1     Make: RAM     Model: RPR     Colour: WHI     Style: FV; Vehicle #2     Make: RAM     Model: RTR     Colour: RED     Style: CW,4/22/2022 2:25:57 PM,538977.1051,4811509.29,Q4,Working,FALSE
8153,51634,21261425,11/8/2021 7:00:00 PM,2021,11,8,19,0,Monday,537455.3739,4809678.486,-80.537167,43.439077,Private Drive,2,P.D. only,Off roadway,SMV,Dark,Municipal,No control,Unknown,FALSE,FALSE,FALSE,Clear,FALSE,Road 1: 23 LENNOX CRESCENT (50 km/h); Road 2: LENNOX CRES; Distance: 20.0 M E; Charged Driver #1 on page 1: HTA 148 (NA) (NA); Vehicle #1     Make: TOYT     Model: CHL     Colour: GRY     Style: 4D; Vehicle #2     Make: CHEV     Model: MAL     Colour: BRN,4/22/2022 2:26:50 PM,537455.3739,4809678.486,Q4,Working,FALSE
8154,51635,21261869,11/10/2021 7:31:00 AM,2021,11,10,7,31,Wednesday,539965.8391,4808518.742,-80.506231,43.428505,Non intersection,2,P.D. only,Off roadway,SMV,Daylight,Municipal,No control,Unknown,FALSE,FALSE,FALSE,Clear,FALSE,Road 1: 252 GREENBROOK DR (50 km/h); Road 2: WESTMOUNT RD E; Distance: 50.0 M E; Charged Driver #1 on page 1: HTA 130 (NA) (NA); Vehicle #1     Make: VOLK     Model: PKM     Colour: BRN     Style: 4D,4/22/2022 2:25:06 PM,539965.8391,4808518.742,Q4,Working,FALSE
8155,51636,21262728,11/11/2021 4:22:00 AM,2021,11,11,4,22,Thursday,543295.228,4808463.82,-80.465103,43.427825,Non intersection,2,P.D. only,Off roadway,SMV,Dark,Municipal,No control,Unknown,FALSE,FALSE,FALSE,Clear,FALSE,Road 1: KIPLING AVE (50 km/h); Road 2: 25 KIPLING AVE; Distance: 10.0 M S; Vehicle #1     Make: HOND     Model: CCL     Colour: BLK     Style: 4D; Vehicle #2     Make: BMW     Model: 330     Colour: BLK     Style: 4D,4/22/2022 2:25:08 PM,543295.228,4808463.82,Q4,Weekend,FALSE
8156,51637,21263787,11/10/2021 12:00:00 PM,2021,11,10,12,0,Wednesday,537605.4825,4808375.513,-80.535402,43.427337,Non intersection,2,Non-reportable,On roadway,SMV,Daylight,Municipal,No control,Unknown,FALSE,FALSE,FALSE,Clear,TRUE,Road 1: 104 MONTEAGLE CRESCENT (IFO); Vehicle #1     Make: NISS     Model: PFI     Colour: BRN     Style: TY; Vehicle #2     Make: FORD     Model: SPE     Colour: WHI     Style: TY,8/16/2022 3:02:09 PM,537605.4825,4808375.513,Q4,Working,FALSE
8157,51638,21263816,11/12/2021 11:14:00 AM,2021,11,12,11,14,Friday,542867.0666,4810785.103,-80.47021,43.448751,Intersection,1,Non-fatal injury,On roadway,Intersection,Daylight,Municipal,No control,Functioning,FALSE,FALSE,FALSE,Clear,FALSE,Road 1: EAST AVE (40 km/h); Road 2: STIRLING AVE N (50 km/h); Charged Driver #1 on page 1: HTA 136 (NA) (NA); Vehicle #1     Make: HOND     Model: UAX     Colour: GRY     Style: 4D; Vehicle #2     Make: LINC     Model: CON     Colour: BLK     Style: 4D,4/22/2022 2:26:16 PM,542867.0666,4810785.103,Q4,Weekend,FALSE
8158,51639,21263873,11/11/2021 8:00:00 PM,2021,11,11,20,0,Thursday,542164.166,4810383.549,-80.478928,43.445175,Intersection,1,Non-fatal injury,On roadway,SMV,Dark,Regional,No control,Functioning,TRUE,FALSE,FALSE,Clear,FALSE,Road 1: KING ST E (50 km/h); Road 2: PANDORA AVE N (50 km/h); Vehicle #1     Make: JEEP     Model: CHK     Colour: BLK     Style: TY,4/22/2022 2:26:21 PM,542164.166,4810383.549,Q4,Weekend,FALSE
8159,51640,21264064,11/12/2021 4:15:00 PM,2021,11,12,16,15,Friday,545119.5661,4807680.224,-80.442629,43.420662,Private Drive,1,Non-fatal injury,On roadway,Intersection,Daylight,Municipal,No control,Unknown,FALSE,FALSE,FALSE,Clear,FALSE,Road 1: WILSON AVE (50 km/h); Road 2: 385 WILSON AVE; Distance: 30.0 K E; Charged Driver #1 on page 1: HTA 142 (NA) (NA); Vehicle #1     Make: BUIC     Model: ENR     Colour: GRY     Style: TY; Vehicle #2     Make: LEXS     Model: NXT     Colour: WHI     ,4/22/2022 2:27:05 PM,545119.5661,4807680.224,Q4,Weekend,FALSE
8160,51641,21264176,11/12/2021 6:30:00 PM,2021,11,12,18,30,Friday,540094.3078,4805485.256,-80.504866,43.401184,Intersection,2,P.D. only,On roadway,Intersection,Dark,Municipal,No control,Functioning,FALSE,FALSE,FALSE,Clear,TRUE,Road 1: COMMONWEALTH CRESCENT; Road 2: ISABELLA ST; Vehicle #1     Make: NISS     Model: ASR     Colour: SIL     Style: 4D; Vehicle #2     Make: HOND     Model: CCL     Colour: BLK     Style: 4D,8/16/2022 2:55:26 PM,540094.3078,4805485.256,Q4,Weekend,FALSE
8161,51642,21264275,11/12/2021 8:30:00 PM,2021,11,12,20,30,Friday,545308.7282,4808449.081,-80.440229,43.427573,Private Drive,2,P.D. only,On roadway,Intersection,Dark,Municipal,No control,Unknown,FALSE,FALSE,FALSE,Clear,TRUE,Road 1: CEDARWOODS CRESCENT (IFO 49); Road 2: KINGSWAY DR; Vehicle #1     Make: CHEV     Model: MLT     Colour: GRY     Style: 4D; Vehicle #2     Make: HYUN     Model: ESS     Colour: GRY     Style: 4D,8/16/2022 2:55:05 PM,545308.7282,4808449.081,Q4,Weekend,FALSE
8162,51643,21264287,11/12/2021 9:34:00 PM,2021,11,12,21,34,Friday,538284.9247,4809970.867,-80.526896,43.441668,Private Drive,2,P.D. only,Off roadway,SMV,Dark,Municipal,No control,Unknown,FALSE,FALSE,FALSE,Clear,FALSE,Road 1: 15 MARKWOOD DR (50 km/h); Road 2: MARKWOOD DR; Distance: 1.0 K E; Charged Driver #1 on page 1: HTA 148 (NA) (NA); Vehicle #1     Make: HYUN     Model: ESM     Colour: GRY     Style: 4D; Vehicle #2     Make: CHEV     Model: CLT     Colour: BLK     ,4/22/2022 2:26:46 PM,538284.9247,4809970.867,Q4,Weekend,FALSE
8163,51644,21264421,11/13/2021 12:33:00 AM,2021,11,13,0,33,Saturday,543581.1318,4804993.183,-80.461847,43.396559,Non intersection,2,P.D. only,On roadway,SMV,Dark,Regional,No control,Unknown,FALSE,FALSE,FALSE,Clear,FALSE,Road 1: HURON RD (60 km/h); Road 2: BATTLER RD; Distance: 19.0 M E; Charged Driver #1 on page 1: HTA 130 (NA) (NA); Vehicle #1     Make: CHEV     Model: S1L     Colour: WHI     Style: 4B,4/22/2022 2:25:23 PM,543581.1318,4804993.183,Q4,Weekend,FALSE
8164,51645,21264525,11/13/2021 6:39:00 AM,2021,11,13,6,39,Saturday,545506.9519,4804307.981,-80.438125,43.390275,Non intersection,2,P.D. only,Off roadway,SMV,Dawn,Municipal,No control,Unknown,FALSE,FALSE,FALSE,Clear,FALSE,Road 1: DOON VILLAGE RD (50 km/h); Road 2: ANVIL ST; Distance: 50.0 M S; Charged Driver #1 on page 1: HTA 44.1 (NA) (NA); Vehicle #1     Make: AUDI     Model: S3P     Colour: GRY     Style: 4D,12/22/2022 9:37:08 AM,545506.9519,4804307.981,Q4,Weekend,FALSE
8165,51646,21264623,11/13/2021 10:00:00 AM,2021,11,13,10,0,Saturday,541876.3166,4811809.114,-80.482376,43.458027,Intersection,2,P.D. only,On roadway,Intersection,Daylight,Municipal,No control,Functioning,FALSE,FALSE,FALSE,Clear,FALSE,Road 1: LANCASTER ST E (50 km/h); Road 2: QUEEN ST N (50 km/h); Charged Driver #1 on page 1: HTA 141 (NA) (NA); Vehicle #1     Make: JEEP     Model: PRT     Colour: BLU     Style: TY; Vehicle #2     Make: TOYT     Model: CSE     Colour: GRY     Style: 4D,4/22/2022 2:26:18 PM,541876.3166,4811809.114,Q4,Weekend,FALSE
8166,51647,21266231,11/14/2021 9:30:00 AM,2021,11,14,9,30,Sunday,547998.6247,4803657.62,-80.407418,43.384264,Non intersection,2,P.D. only,On roadway,SMV,Daylight,Regional,No control,Unknown,FALSE,FALSE,FALSE,Clear,TRUE,Road 1: 35 NEW DUNDEE RD; Vehicle #1     Make: HOND     Model: UDY     Colour: WHI     Style: TY,1/3/2023 10:14:20 AM,547998.6247,4803657.62,Q4,Weekend,FALSE
8167,51648,21266845,11/16/2021 6:30:00 AM,2021,11,16,6,30,Tuesday,543752.4444,4805552.19,-80.459687,43.401582,Intersection,2,P.D. only,On roadway,Intersection,Dawn,Municipal,No control,Functioning,FALSE,FALSE,FALSE,Snow,TRUE,Road 1: TRILLIUM DR; Road 2: BEASLEY DR; Vehicle #1     Make: FORD     Model: COF     Colour: BLK     Style: CW; Vehicle #2     Make: TOYT     Model: CH4     Colour: BLU     Style: 4D,1/3/2023 10:19:46 AM,543752.4444,4805552.19,Q4,Working,FALSE
8168,51649,21267071,11/16/2021 11:10:00 AM,2021,11,16,11,10,Tuesday,541383.6201,4809097.948,-80.488671,43.433643,Non intersection,2,P.D. only,On roadway,Intersection,Daylight,Regional,No control,Unknown,FALSE,FALSE,FALSE,Clear,TRUE,Road 1: HEIMAN ST; Road 2: HIGHLAND RD E; Vehicle #1     Make: KIA     Model: SOU     Colour: YEL     Style: TY; Vehicle #2     Make: FORD     Model: TST     Colour: WHI     Style: FV,8/16/2022 2:59:04 PM,541383.6201,4809097.948,Q4,Working,FALSE
8169,51650,21267747,11/9/2021 9:00:00 AM,2021,11,9,9,0,Tuesday,545851.1967,4809756.763,-80.433417,43.439315,Intersection,2,P.D. only,On roadway,Rear end,Daylight,Regional,No control,Functioning,FALSE,FALSE,FALSE,Clear,TRUE,Road 1: RIVER RD E; Road 2: OLD CHICOPEE DR; Vehicle #1     Make: TOYT     Model: RV4     Colour: WHI     Style: TY; Vehicle #2     Make: CHEV     Model: BLT     Colour: WHI     Style: 4D,4/22/2022 2:25:47 PM,545851.1967,4809756.763,Q4,Working,FALSE
8170,51651,21267784,11/15/2021 7:30:00 AM,2021,11,15,7,30,Monday,546265.7832,4804707.958,-80.428722,43.39383,Non intersection,2,Non-reportable,On roadway,SMV,Daylight,Municipal,No control,Unknown,FALSE,FALSE,FALSE,Snow,TRUE,Road 1: 82 ARROWHEAD CRESCENT (IFO); Vehicle #1     Make:      Model:      Colour:      Style: ; Vehicle #2     Make: TOYT     Model: MTL     Colour: BLU     Style: 4D,8/16/2022 2:53:46 PM,546265.7832,4804707.958,Q4,Working,FALSE
8171,51652,21268234,11/17/2021 7:45:00 PM,2021,11,17,19,45,Wednesday,539677.583,4806486.625,-80.50994,43.410223,Intersection,2,Non-reportable,On roadway,Other,Dark,Municipal,No control,Functioning,FALSE,FALSE,FALSE,Clear,TRUE,Road 1: WILDERNESS DR; Road 2: ACTIVA AVE; Vehicle #1     Make: HOND     Model: UDY     Colour: BLK     Style: TY; Vehicle #2     Make: MERZ     Model: C4A     Colour: BLK     Style: 4D,4/22/2022 2:25:48 PM,539677.583,4806486.625,Q4,Working,FALSE
8172,51653,21268897,11/18/2021 4:36:00 PM,2021,11,18,16,36,Thursday,541662.1165,4810410.262,-80.48513,43.445444,Intersection,2,P.D. only,On roadway,Intersection,Dusk,Regional,No control,Functioning,FALSE,FALSE,FALSE,Clear,FALSE,Road 1: CEDAR ST S (50 km/h); Road 2: CHURCH ST (40 km/h); Charged Driver #1 on page 1: NA NA (NA) (NA); Vehicle #1     Make: TOYT     Model: RV4     Colour: WHI     Style: TY; Vehicle #2     Make: TOYT     Model: XSL     Colour: GRY     Style: 4D,4/22/2022 2:26:23 PM,541662.1165,4810410.262,Q4,Weekend,FALSE
8173,51654,21269276,11/19/2021 6:48:00 AM,2021,11,19,6,48,Friday,542841.5466,4809873.671,-80.470597,43.440546,Intersection,2,P.D. only,On roadway,Intersection,Dawn,Municipal,No control,Functioning,FALSE,FALSE,FALSE,Clear,FALSE,Road 1: CHARLES ST E (50 km/h); Road 2: SYDNEY ST S (50 km/h); Charged Driver #1 on page 1: HTA 142 (NA) (NA); Vehicle #1     Make: MAZD     Model: M6I     Colour: RED     Style: 4D; Vehicle #2     Make: KIA     Model: OLX     Colour: GRY     Style: 4D,4/22/2022 2:26:22 PM,542841.5466,4809873.671,Q4,Weekend,FALSE
8174,51655,21270360,11/20/2021 11:58:00 AM,2021,11,20,11,58,Saturday,542447.4374,4807283.009,-80.475668,43.417242,Intersection,2,P.D. only,On roadway,Intersection,Daylight,Municipal,No control,Unknown,FALSE,FALSE,FALSE,Clear,FALSE,Road 1: BLOCK LINE RD (60 km/h); Road 2: COUNTRY HILL DR (50 km/h); Charged Driver #1 on page 1: HTA 142 (NA) (NA); Vehicle #1     Make: TOYT     Model: SCM     Colour: BLU     Style: 4B; Vehicle #2     Make: INFI     Model: Q7H     Colour: BLK     Style:,4/22/2022 2:26:22 PM,542447.4374,4807283.009,Q4,Weekend,FALSE
8175,51656,21270603,11/20/2021 4:15:00 PM,2021,11,20,16,15,Saturday,539282.7415,4806725.572,-80.514799,43.412395,Non intersection,2,Non-reportable,On roadway,SMV,Daylight,Municipal,No control,Unknown,FALSE,FALSE,FALSE,Clear,TRUE,Road 1: 262 GREY FOX DR (IFO); Vehicle #1     Make:      Model:      Colour:      Style: ; Vehicle #2     Make: HOND     Model: FKG     Colour: RED     Style: 4B,8/16/2022 2:58:45 PM,539282.7415,4806725.572,Q4,Weekend,FALSE
8176,51657,21270822,11/20/2021 9:30:00 PM,2021,11,20,21,30,Saturday,538255.0822,4809874.796,-80.527271,43.440804,Non intersection,2,P.D. only,On roadway,Other,Dark,Municipal,No control,Unknown,FALSE,FALSE,FALSE,Clear,FALSE,Road 1: HAZELGLEN DR (50 km/h); Road 2: CHOPIN DR; Distance: 50.0 M N; Charged Driver #1 on page 1: HTA 13 (NA) (NA); Vehicle #1     Make: FORD     Model: COF     Colour: BLK     Style: PK; Vehicle #2     Make: RAM     Model: RTR     Colour: RED     Style,8/16/2022 2:58:55 PM,538255.0822,4809874.796,Q4,Weekend,FALSE
8177,51658,21270924,11/21/2021 1:20:00 AM,2021,11,21,1,20,Sunday,538218.4281,4808357.879,-80.52783,43.427147,Intersection,2,P.D. only,Off roadway,SMV,Dark,Regional,No control,Functioning,FALSE,FALSE,FALSE,Clear,FALSE,Road 1: QUEEN'S BLVD (50 km/h); Road 2: ELM RIDGE DR (50 km/h); Charged Driver #1 on page 1: HTA 201 (NA) (NA); Vehicle #1     Make: HOND     Model: UCL     Colour: BLK     Style: 4D,4/22/2022 2:25:54 PM,538218.4281,4808357.879,Q4,Weekend,FALSE
8178,51659,21271049,11/21/2021 6:27:00 AM,2021,11,21,6,27,Sunday,542193.9008,4816077.658,-80.478119,43.496443,Private Drive,2,P.D. only,On roadway,SMV,Dawn,Municipal,No control,Unknown,FALSE,FALSE,FALSE,Clear,TRUE,Road 1: 122 REDTAIL ST (IFO); Vehicle #1     Make:      Model:      Colour:      Style: ; Vehicle #2     Make: KIA     Model: SOU     Colour: BLU     Style: TY,4/22/2022 2:26:56 PM,542193.9008,4816077.658,Q4,Weekend,FALSE
8179,51660,21271084,11/21/2021 9:04:00 AM,2021,11,21,9,4,Sunday,540105.1225,4810847.898,-80.504339,43.449469,Other,2,P.D. only,On roadway,SMV,Daylight,Municipal,No control,Unknown,FALSE,FALSE,FALSE,Clear,FALSE,Road 1: PARK ST (50 km/h); Road 2: CN RAIL; Distance: 0.0 M S; Charged Driver #1 on page 1: HTA 182 (NA) (NA); Vehicle #1     Make: FRHT     Model: CON     Colour: WHI     Style: CT,4/22/2022 2:27:12 PM,540105.1225,4810847.898,Q4,Weekend,FALSE
8180,51661,21271435,11/21/2021 6:32:00 PM,2021,11,21,18,32,Sunday,542943.6488,4811339.909,-80.46922,43.453742,Intersection,2,P.D. only,On roadway,SMV,Dark,Regional,No control,Functioning,FALSE,FALSE,FALSE,Rain,FALSE,Road 1: KRUG ST (50 km/h); Road 2: DUMFRIES AVE (50 km/h); Vehicle #1     Make:      Model:      Colour:      Style:,4/22/2022 2:26:02 PM,542943.6488,4811339.909,Q4,Weekend,FALSE
8181,51662,21271731,11/21/2021 7:30:00 AM,2021,11,21,7,30,Sunday,539831.3704,4811144.65,-80.5077,43.452156,Intersection,2,Non-reportable,On roadway,Other,Daylight,Municipal,No control,Functioning,FALSE,FALSE,FALSE,Snow,TRUE,Road 1: DOMINION ST; Road 2: PARK ST; Vehicle #1     Make:      Model:      Colour:      Style: ; Vehicle #2     Make: HYUN     Model: SFT     Colour: GRY     Style: TY,8/16/2022 2:56:28 PM,539831.3704,4811144.65,Q4,Weekend,FALSE
8182,51663,21271773,11/22/2021 8:00:00 AM,2021,11,22,8,0,Monday,539932.9345,4811222.129,-80.50644,43.452848,Non intersection,2,P.D. only,On roadway,Other,Daylight,Municipal,No control,Unknown,FALSE,FALSE,FALSE,Snow,TRUE,Road 1: AGNES ST; Road 2: PARK ST; Vehicle #1     Make:      Model:      Colour:      Style: ; Vehicle #2     Make: TOYT     Model: RG4     Colour: BLK     Style: TY,8/16/2022 2:53:38 PM,539932.9345,4811222.129,Q4,Working,FALSE
8183,51664,21271776,11/22/2021 8:23:00 AM,2021,11,22,8,23,Monday,539054.9716,4811546.746,-80.517267,43.455817,Non intersection,2,P.D. only,Off roadway,SMV,Daylight,Municipal,No control,Unknown,FALSE,FALSE,FALSE,Clear,FALSE,Road 1: UNION BLVD (50 km/h); Road 2: YORK ST; Distance: 30.0 K W; Charged Driver #1 on page 1: CAI 130 (NA) (NA); Vehicle #1     Make: MAZD     Model: MA5     Colour: GRY     Style: 4B,4/22/2022 2:25:24 PM,539054.9716,4811546.746,Q4,Working,FALSE
8184,51665,21275391,11/23/2021 2:21:00 PM,2021,11,23,14,21,Tuesday,544047.9808,4802378.718,-80.456293,43.372991,Non intersection,2,P.D. only,On roadway,Intersection,Daylight,Municipal,No control,Unknown,FALSE,FALSE,FALSE,Snow,TRUE,Road 1: REIDEL DR; Road 2: STAUFFER DR; Vehicle #1     Make:      Model:      Colour:      Style: ; Vehicle #2     Make: MAZD     Model: M3I     Colour: SIL     Style: 4D,8/16/2022 3:03:32 PM,544047.9808,4802378.718,Q4,Working,FALSE
8185,51666,21275570,11/23/2021 6:33:00 PM,2021,11,23,18,33,Tuesday,540319.0448,4809840.844,-80.50177,43.44039,Private Drive,2,P.D. only,Off roadway,SMV,Dark,Municipal,No control,Unknown,FALSE,FALSE,FALSE,Clear,FALSE,Road 1: VANCAMP AVE (40 km/h); Road 2: 42 VANCAMP AVE; Distance: 2.0 M N; Vehicle #1     Make:      Model:      Colour:      Style: ; Vehicle #2     Make: FORD     Model: ECM     Colour: RED     Style: TY,4/22/2022 2:27:10 PM,540319.0448,4809840.844,Q4,Working,FALSE
8186,51667,21276317,11/24/2021 4:55:00 PM,2021,11,24,16,55,Wednesday,542153.4653,4807167.716,-80.479308,43.41622,Non intersection,2,P.D. only,On roadway,Intersection,Dusk,Municipal,No control,Unknown,FALSE,FALSE,FALSE,Clear,TRUE,Road 1: BLOCK LINE RD; Road 2: STRASBURG RD; Vehicle #1     Make: SUBA     Model: FOR     Colour: WHI     Style: 4W; Vehicle #2     Make: MAZD     Model: CX5     Colour: RED     Style: TY,8/16/2022 2:54:28 PM,542153.4653,4807167.716,Q4,Working,FALSE
8187,51668,21276783,11/25/2021 8:30:00 AM,2021,11,25,8,30,Thursday,547776.3676,4811308.347,-80.409493,43.453165,Private Drive,2,P.D. only,On roadway,SMV,Daylight,Municipal,No control,Unknown,FALSE,FALSE,FALSE,Rain,TRUE,Road 1: ZELLER CRESCENT (IFO 974); Road 2: ZELLER DR; Vehicle #1     Make: TOYT     Model: RV4     Colour: BLK     Style: TY; Vehicle #2     Make: CADI     Model: XT5     Colour: WHI     Style: TY,1/3/2023 10:22:54 AM,547776.3676,4811308.347,Q4,Weekend,FALSE
8188,51669,21277036,11/25/2021 1:40:00 PM,2021,11,25,13,40,Thursday,543568.5314,4804978.148,-80.462004,43.396424,Intersection,2,P.D. only,On roadway,Rear end,Daylight,Regional,No control,Unknown,FALSE,FALSE,FALSE,Other,TRUE,Road 1: HURON RD; Road 2: BATTLER RD; Vehicle #1     Make: TOYT     Model: COR     Colour: BLU     Style: 4D; Vehicle #2     Make: KIA     Model: ETG     Colour: WHI     Style: TY,8/16/2022 2:53:53 PM,543568.5314,4804978.148,Q4,Weekend,FALSE
8189,51670,21277137,11/25/2021 4:10:00 PM,2021,11,25,16,10,Thursday,542447.5731,4807282.787,-80.475667,43.41724,Intersection,2,Non-reportable,On roadway,Intersection,Daylight,Municipal,No control,Unknown,FALSE,FALSE,FALSE,Rain,TRUE,Road 1: BLOCK LINE RD; Road 2: COUNTRY HILL DR; Vehicle #1     Make: TOYT     Model: UXS     Colour: BRN     Style: 4D; Vehicle #2     Make:      Model:      Colour:      Style:,4/22/2022 2:25:45 PM,542447.5731,4807282.787,Q4,Weekend,FALSE
8190,51671,21277466,11/25/2021 11:58:00 PM,2021,11,25,23,58,Thursday,546764.1593,4804930.241,-80.422549,43.3958,Non intersection,1,Non-fatal injury,On roadway,SMV,Dark,Municipal,No control,Unknown,FALSE,FALSE,FALSE,Rain,FALSE,Road 1: 368 MILL PARK DR (40 km/h); Road 2: MILL PARK DR; Distance: 12.0 M S; Charged Driver #1 on page 1: HTA 130 (NA) (NA); Vehicle #1     Make: HOND     Model: UCL     Colour: WHI     Style: 4D,4/22/2022 2:25:06 PM,546764.1593,4804930.241,Q4,Weekend,FALSE
8191,51672,21277633,11/25/2021 8:45:00 AM,2021,11,25,8,45,Thursday,545053.4634,4808189.196,-80.443404,43.425249,Non intersection,2,Non-reportable,On roadway,SMV,Daylight,Municipal,No control,Unknown,FALSE,FALSE,FALSE,Other,TRUE,Road 1: 588 GREENFIELD AVE (IFO); Vehicle #1     Make:      Model:      Colour:      Style: ; Vehicle #2     Make: HOND     Model: CS3     Colour: RED     Style: 4D,8/16/2022 2:58:40 PM,545053.4634,4808189.196,Q4,Weekend,FALSE
8192,51673,21277673,11/4/2021 7:10:00 AM,2021,11,4,7,10,Thursday,545123.9949,4802829.199,-80.442975,43.376983,Private Drive,2,P.D. only,On roadway,SMV,Dawn,Municipal,No control,Unknown,FALSE,FALSE,FALSE,Clear,TRUE,Road 1: 27 SOUTH CREEK DR (IFO); Vehicle #1     Make:      Model:      Colour:      Style: ; Vehicle #2     Make: NISS     Model: PFI     Colour: GRY     Style: TY,4/22/2022 2:26:51 PM,545123.9949,4802829.199,Q4,Weekend,FALSE
8193,51674,21277807,10/31/2021 8:30:00 PM,2021,10,31,20,30,Sunday,544011.0722,4807889.113,-80.456305,43.422609,Private Drive,2,P.D. only,On roadway,SMV,Dark,Municipal,No control,Unknown,FALSE,FALSE,FALSE,Clear,TRUE,Road 1: 236 CLARK AVE (IFO); Vehicle #1     Make:      Model:      Colour:      Style: ; Vehicle #2     Make: DODG     Model: GRA     Colour: BLK     Style: VN,4/22/2022 2:26:51 PM,544011.0722,4807889.113,Q4,Weekend,FALSE
8194,51675,21277827,11/13/2021 4:45:00 PM,2021,11,13,16,45,Saturday,545034.7274,4807868.236,-80.443662,43.42236,Intersection,2,P.D. only,On roadway,Intersection,Dusk,Municipal,No control,Functioning,FALSE,FALSE,FALSE,Clear,TRUE,Road 1: WILSON AVE; Road 2: KINGSWAY DR; Vehicle #1     Make: HYUN     Model: GN3     Colour: SIL     Style: 4D; Vehicle #2     Make:      Model:      Colour:      Style:,1/3/2023 10:19:30 AM,545034.7274,4807868.237,Q4,Weekend,FALSE
8195,51676,21277904,11/21/2021 5:00:00 PM,2021,11,21,17,0,Sunday,541140.3452,4806765.165,-80.491853,43.412652,Intersection,2,P.D. only,On roadway,Intersection,Dark,Municipal,No control,Functioning,FALSE,FALSE,FALSE,Rain,TRUE,Road 1: LAURENTIAN DR; Road 2: BLOCK LINE RD; Vehicle #1     Make: KIA     Model: TEL     Colour: GRY     Style: TY; Vehicle #2     Make:      Model:      Colour:      Style:,8/16/2022 3:01:20 PM,541140.3452,4806765.165,Q4,Weekend,FALSE
8196,51677,21278315,11/26/2021 10:49:00 PM,2021,11,26,22,49,Friday,540570.4349,4812710.535,-80.49845,43.466215,Intersection,2,P.D. only,On roadway,SMV,Dark,Municipal,Sign Control,Functioning,FALSE,FALSE,FALSE,Clear,FALSE,Road 1: MARGARET AVE (50 km/h); Road 2: UNION ST (50 km/h); Charged Driver #1 on page 1: HTA 182 (NA) (NA); Vehicle #1     Make: HYUN     Model: ESS     Colour: WHI     Style: 4D,4/22/2022 2:25:52 PM,540570.4349,4812710.535,Q4,Weekend,FALSE
8197,51678,21278684,11/27/2021 12:00:00 PM,2021,11,27,12,0,Saturday,542108.3418,4807131.359,-80.479869,43.415895,Intersection,2,P.D. only,On roadway,SMV,Daylight,Municipal,No control,Functioning,FALSE,FALSE,FALSE,Clear,FALSE,Road 1: BLOCK LINE RD (50 km/h); Road 2: STRASBURG RD (60 km/h); Distance: 1.0 M E; Charged Driver #1 on page 1: HTA 141 (NA) (NA); Vehicle #1     Make: HOND     Model: UAX     Colour: GRN     Style: 4D,4/22/2022 2:25:46 PM,542108.3418,4807131.359,Q4,Weekend,FALSE
8198,51679,21279297,11/28/2021 3:52:00 AM,2021,11,28,3,52,Sunday,545890.9115,4809331.355,-80.432962,43.435482,Non intersection,2,P.D. only,On roadway,SMV,Dark,Municipal,No control,Unknown,FALSE,FALSE,FALSE,Snow,FALSE,Road 1: KINZIE AVE (50 km/h); Road 2: THALER AVE; Distance: 20.0 M N; Vehicle #1     Make:      Model: -     Colour:      Style: ; Vehicle #2     Make: HYUN     Model: TUC     Colour: BLK     Style: TY,4/22/2022 2:25:07 PM,545890.9115,4809331.355,Q4,Weekend,FALSE
8199,51680,21279427,11/28/2021 9:44:00 AM,2021,11,28,9,44,Sunday,540903.6294,4808516.653,-80.494645,43.428435,Non intersection,2,P.D. only,Off roadway,SMV,Daylight,Municipal,No control,Unknown,FALSE,FALSE,FALSE,Snow,FALSE,Road 1: SOUTHMOOR DR (50 km/h); Road 2: YAGER AVE; Distance: 10.0 M E; Vehicle #1     Make: HOND     Model: CXG     Colour: BLU     Style: 4D,4/22/2022 2:24:59 PM,540903.6294,4808516.653,Q4,Weekend,FALSE