,OBJECTID,ACCIDENTNUM,ACCIDENTDATE,ACCIDENT_YEAR,ACCIDENT_MONTH,ACCIDENT_DAY,ACCIDENT_HOUR,ACCIDENT_MINUTE,Accident_Day,XCOORD,YCOORD,LONGITUDE,LATITUDE,Accident_Location,COLLISIONTYPE,Accident_Type,Impact_Location,Impact_Type,Light,Road_Jurisdication,Traffic_Control,Traffic_Control_Condition,Pedestrian_Involved,Cyclist_Involved,Motorcyclist_Involved,Environment_Condition,Self_Reported,XMLIMPORTNOTES,LASTEDITEDDATE,x,y,Quarter,Day_Type,Vulnerable_Involved
8200,51681,21279649,11/28/2021 3:00:00 PM,2021,11,28,15,0,Sunday,540807.5471,4810879.387,-80.495656,43.449715,Intersection,2,P.D. only,On roadway,SMV,Daylight,Municipal,No control,Functioning,FALSE,FALSE,FALSE,Snow,FALSE,Road 1: WATER ST S (50 km/h); Road 2: JOSEPH ST (50 km/h); Vehicle #1     Make: MAZD     Model: X3S     Colour: WHI     Style: 4W,4/22/2022 2:26:25 PM,540807.5471,4810879.387,Q4,Weekend,FALSE
8201,51682,21279882,11/30/2021 8:30:00 PM,2021,11,30,20,30,Tuesday,540912.691,4807873.492,-80.494581,43.422644,Private Drive,2,Non-reportable,On roadway,Other,Dark,Municipal,No control,Unknown,FALSE,FALSE,FALSE,Clear,TRUE,Road 1: ELMSDALE DR (IFO 60); Vehicle #1     Make: JEEP     Model: CHK     Colour: WHI     Style: TY; Vehicle #2     Make: BMW     Model: 2XS     Colour: WHI     Style: 4D,8/16/2022 2:57:02 PM,540912.691,4807873.492,Q4,Working,FALSE
8202,51683,21280464,11/29/2021 3:46:00 PM,2021,11,29,15,46,Monday,545323.4694,4812191.783,-80.439736,43.461272,Private Drive,2,P.D. only,Off roadway,SMV,Daylight,Municipal,No control,Unknown,FALSE,FALSE,FALSE,Clear,FALSE,Road 1: 328 HERITAGE DR (50 km/h); Road 2: HERITAGE DR; Distance: 10.0 M E; Charged Driver #1 on page 1: HTA 9 (NA) (NA); Vehicle #1     Make: TOYT     Model: RV4     Colour: BLK     Style: TY,4/22/2022 2:26:49 PM,545323.4694,4812191.783,Q4,Working,FALSE
8203,51684,21280589,11/30/2021 6:20:00 PM,2021,11,30,18,20,Tuesday,540839.6761,4810466.05,-80.495289,43.445991,Non intersection,2,Non-reportable,On roadway,SMV,Dark,Municipal,No control,Unknown,FALSE,FALSE,FALSE,Clear,TRUE,Road 1: DAVID ST; Vehicle #1     Make: HOND     Model: UCL     Colour: BLU     Style: 4D; Vehicle #2     Make:      Model:      Colour:      Style:,8/16/2022 2:56:15 PM,540839.6761,4810466.05,Q4,Working,FALSE
8204,51685,21280818,11/30/2021 6:47:00 AM,2021,11,30,6,47,Tuesday,543074.886,4812801.249,-80.467482,43.466892,Intersection,2,P.D. only,Off roadway,SMV,Dark,Municipal,No control,Functioning,FALSE,FALSE,FALSE,Snow,FALSE,Road 1: WELLINGTON ST N (50 km/h); Road 2: SHIRLEY AVE (50 km/h); Distance: 26.0 M S; Charged Driver #1 on page 1: HTA 130 (NA) (NA); Vehicle #1     Make: TOYT     Model: HIG     Colour: GRY     Style: TY,4/22/2022 2:25:56 PM,543074.886,4812801.249,Q4,Working,FALSE
8205,51686,21280866,11/30/2021 8:00:00 AM,2021,11,30,8,0,Tuesday,541180.2892,4809392.622,-80.491161,43.436307,Intersection,2,Non-reportable,On roadway,Intersection,Daylight,Municipal,No control,Functioning,FALSE,FALSE,FALSE,Snow,TRUE,Road 1: HIGHLAND RD E; Road 2: STIRLING AVE S; Vehicle #1     Make:      Model:      Colour:      Style: ; Vehicle #2     Make: FORD     Model: FLE     Colour: BLU     Style: TY,8/16/2022 3:04:43 PM,541180.2892,4809392.622,Q4,Working,FALSE
8206,51687,21280901,11/30/2021 8:55:00 AM,2021,11,30,8,55,Tuesday,539862.4309,4811413.285,-80.507297,43.454573,Non intersection,2,P.D. only,On roadway,Intersection,Daylight,Municipal,No control,Unknown,FALSE,FALSE,FALSE,Snow,FALSE,Road 1: WALTER ST (50 km/h); Road 2: GLASGOW ST; Distance: 100.0 K E; Charged Driver #1 on page 1: HTA 130 (NA) (NA); Vehicle #1     Make: FORD     Model: TST     Colour: WHI     Style: FV; Vehicle #2     Make: FORD     Model: SRW     Colour: RED     Styl,4/22/2022 2:25:31 PM,539862.4309,4811413.285,Q4,Working,FALSE
8207,51688,21280904,11/30/2021 8:59:00 AM,2021,11,30,8,59,Tuesday,545875.8071,4811309.524,-80.432983,43.453294,Non intersection,2,P.D. only,Off roadway,SMV,Daylight,Municipal,No control,Unknown,FALSE,FALSE,FALSE,Clear,FALSE,Road 1: 236 HOLBORN DR (50 km/h); Road 2: HOLBORN DR; Distance: 6.0 M W; Charged Driver #1 on page 1: NA NA (NA) (NA); Vehicle #1     Make: MAZD     Model: M3I     Colour: BLU     Style: 4D,4/22/2022 2:25:06 PM,545875.8071,4811309.524,Q4,Working,FALSE
8208,51689,21280984,11/8/2021 6:30:00 AM,2021,11,8,6,30,Monday,542233.0599,4806978.866,-80.47834,43.414515,Private Drive,2,Non-reportable,On roadway,Intersection,Dark,Municipal,No control,Unknown,FALSE,FALSE,FALSE,Clear,TRUE,Road 1: STRASBURG ROAD; Road 2: BLOCKLINE; Vehicle #1     Make: FORD     Model: SPE     Colour: BLK     Style: TY; Vehicle #2     Make:      Model:      Colour:      Style:,4/22/2022 2:26:52 PM,542233.0599,4806978.866,Q4,Working,FALSE
8209,51690,21280996,11/30/2021 11:00:00 AM,2021,11,30,11,0,Tuesday,543007.2636,4814212.005,-80.468207,43.479598,Private Drive,2,P.D. only,On roadway,SMV,Daylight,Municipal,No control,Unknown,FALSE,FALSE,FALSE,Clear,TRUE,Road 1: 78 STANLEY AVE; Vehicle #1     Make:      Model:      Colour:      Style: ; Vehicle #2     Make: TOYT     Model: CBS     Colour: WHI     Style: 4D,4/22/2022 2:26:47 PM,543007.2636,4814212.005,Q4,Working,FALSE
8210,51691,21281134,11/30/2021 2:30:00 PM,2021,11,30,14,30,Tuesday,542542.9091,4807459.574,-80.474475,43.418826,Intersection,2,P.D. only,On roadway,Rear end,Daylight,Municipal,No control,Unknown,FALSE,FALSE,FALSE,Clear,TRUE,Road 1: KINGSWOOD DR; Road 2: SELKIRK DR; Vehicle #1     Make: CHEV     Model: TKR     Colour: GRY     Style: TY; Vehicle #2     Make: TOYT     Model: HV4     Colour: BLK     Style: TY,8/16/2022 3:01:14 PM,542542.9091,4807459.574,Q4,Working,FALSE
8211,51692,21281759,11/3/2021 3:45:00 PM,2021,11,3,15,45,Wednesday,540574.2683,4807251.704,-80.498808,43.417063,Private Drive,2,P.D. only,On roadway,Intersection,Daylight,Municipal,No control,Unknown,FALSE,FALSE,FALSE,Clear,TRUE,Road 1: D'ARCY PLACE (IFO 15); Road 2: LAURENTIAN DR; Vehicle #1     Make: TOYT     Model: RG4     Colour: GRY     Style: TY; Vehicle #2     Make: MAZD     Model: M6I     Colour: WHI     Style: 4D,8/16/2022 2:56:05 PM,540574.2683,4807251.704,Q4,Working,FALSE
8212,51693,21282010,12/1/2021 12:45:00 PM,2021,12,1,12,45,Wednesday,543954.8475,4807820.487,-80.457005,43.421994,Non intersection,2,Non-reportable,On roadway,Intersection,Daylight,Municipal,No control,Unknown,FALSE,FALSE,FALSE,Clear,TRUE,Road 1: VANIER DR; Road 2: SIEBERT AVE; Vehicle #1     Make:      Model:      Colour:      Style: ; Vehicle #2     Make: FRHT     Model: FM2     Colour: WHI     Style: CT,8/16/2022 3:05:23 PM,543954.8475,4807820.487,Q4,Working,FALSE
8213,51694,21282115,12/1/2021 4:30:00 PM,2021,12,1,16,30,Wednesday,544330.5349,4808468.052,-80.452312,43.427803,Intersection,2,P.D. only,On roadway,Intersection,Dusk,Regional,No control,Functioning,FALSE,FALSE,FALSE,Rain,TRUE,Road 1: FRANKLIN ST S; Road 2: GREENFIELD AVE; Vehicle #1     Make: JEEP     Model: CHK     Colour: GRY     Style: TY; Vehicle #2     Make: ACUR     Model: CTP     Colour: SIL     Style: 4D,8/16/2022 2:57:25 PM,544330.5349,4808468.052,Q4,Working,FALSE
8214,51695,21282492,12/2/2021 6:12:00 AM,2021,12,2,6,12,Thursday,539079.642,4811110.635,-80.516994,43.451889,Intersection,1,Non-fatal injury,On roadway,SMV,Dark,Municipal,No control,Functioning,TRUE,FALSE,FALSE,Rain,FALSE,Road 1: GLASGOW ST (50 km/h); Road 2: BELMONT AVE W (50 km/h); Charged Driver #1 on page 1: HTA 142 (NA) (NA); Vehicle #1     Make: FORD     Model: TST     Colour: WHI     Style: FV,8/16/2022 2:57:58 PM,539079.642,4811110.635,Q4,Weekend,FALSE
8215,51696,21283031,12/2/2021 7:10:00 PM,2021,12,2,19,10,Thursday,538837.0091,4809820.86,-80.520084,43.440288,Non intersection,2,P.D. only,On roadway,Other,Dark,Regional,No control,Unknown,FALSE,FALSE,FALSE,Other,TRUE,Road 1: WEICHEL ST; Road 2: VICTORIA ST S; Vehicle #1     Make: FORD     Model: EDG     Colour: RED     Style: TY; Vehicle #2     Make: NISS     Model: SBL     Colour: BLK     Style: 4D,8/16/2022 3:05:27 PM,538837.0091,4809820.86,Q4,Weekend,FALSE
8216,51697,21283101,12/2/2021 8:21:00 PM,2021,12,2,20,21,Thursday,541225.5453,4811868.018,-80.490415,43.458593,Intersection,1,Non-fatal injury,On roadway,SMV,Dark,Municipal,No control,Functioning,TRUE,FALSE,FALSE,Clear,FALSE,Road 1: MARGARET AVE (50 km/h); Road 2: WELLINGTON ST N (50 km/h); Vehicle #1     Make: NISS     Model: SL2     Colour: BRN     Style: 4D,4/22/2022 2:26:16 PM,541225.5453,4811868.018,Q4,Weekend,FALSE
8217,51698,21283502,11/22/2021 8:10:00 AM,2021,11,22,8,10,Monday,539917.9195,4811186.498,-80.506628,43.452528,Non intersection,2,P.D. only,On roadway,Rear end,Daylight,Municipal,No control,Unknown,FALSE,FALSE,FALSE,Clear,TRUE,Road 1: AGNES ST; Road 2: GRUHN ST; Vehicle #1     Make: HYUN     Model: K6G     Colour: RED     Style: TY; Vehicle #2     Make:      Model:      Colour:      Style:,1/3/2023 10:10:07 AM,539917.9195,4811186.498,Q4,Working,FALSE
8218,51699,21283548,11/27/2021 3:00:00 PM,2021,11,27,15,0,Saturday,547120.3544,4809643.405,-80.417745,43.438215,Private Drive,2,Non-reportable,On roadway,SMV,Daylight,Municipal,No control,Unknown,FALSE,FALSE,FALSE,Clear,TRUE,Road 1: 141 SIMS ESTATE DR (IFO); Vehicle #1     Make:      Model:      Colour:      Style: ; Vehicle #2     Make: RAM     Model: RTR     Colour: BLU     Style: PK,8/16/2022 3:04:10 PM,547120.3544,4809643.405,Q4,Weekend,FALSE
8219,51700,21283717,12/3/2021 3:02:00 PM,2021,12,3,15,2,Friday,540679.1884,4812243.198,-80.49714,43.462001,Private Drive,2,P.D. only,On roadway,SMV,Daylight,Municipal,No control,Unknown,FALSE,FALSE,FALSE,Clear,FALSE,Road 1: GUELPH ST (50 km/h); Road 2: AHRENS ST W; Distance: 25.0 M W; Vehicle #1     Make: HOND     Model: PIL     Colour: GRY     Style: TY; Vehicle #2     Make: MAZD     Model: M3I     Colour: WHI     Style: 4B,4/22/2022 2:26:54 PM,540679.1884,4812243.199,Q4,Weekend,FALSE
8220,51701,21283996,12/3/2021 8:31:00 PM,2021,12,3,20,31,Friday,546023.8009,4811342.478,-80.431151,43.453582,Non intersection,2,P.D. only,On roadway,SMV,Dark,Municipal,No control,Unknown,FALSE,FALSE,FALSE,Clear,FALSE,Road 1: SHAFTSBURY DR (50 km/h); Road 2: OLDFIELD DR; Distance: 30.0 M W; Vehicle #1     Make:      Model:      Colour:      Style: ; Vehicle #2     Make: ACUR     Model: CEP     Colour: SIL     Style: 4D,4/22/2022 2:25:07 PM,546023.8009,4811342.478,Q4,Weekend,FALSE
8221,51702,21284518,11/2/2021 1:00:00 PM,2021,11,2,13,0,Tuesday,538677.3217,4805355.736,-80.522374,43.400092,Non intersection,2,Non-reportable,On roadway,SMV,Daylight,Municipal,No control,Unknown,FALSE,FALSE,FALSE,Clear,TRUE,Road 1: 22 ISAIAH DR (IFO); Road 2: ELIZA AVE; Vehicle #1     Make:      Model:      Colour:      Style: ; Vehicle #2     Make: DODG     Model: CAR     Colour: BLU     Style: VN,4/22/2022 2:25:09 PM,538677.3217,4805355.736,Q4,Working,FALSE
8222,51703,21284825,11/29/2021 6:51:00 PM,2021,11,29,18,51,Monday,541465.8342,4809538.331,-80.487622,43.437604,Intersection,1,Non-fatal injury,On roadway,Intersection,Dark,Municipal,No control,Unknown,FALSE,TRUE,FALSE,Clear,FALSE,Road 1: MILL ST (50 km/h); Road 2: STIRLING AVE S (50 km/h); Charged Driver #1 on page 1: HTA 142CLAUS (NA) (NA); Vehicle #1     Make: DODG     Model: CAR     Colour: BLU     Style: VN; Vehicle #2     Make:      Model:      Colour:      Style:,8/16/2022 3:04:34 PM,541465.8342,4809538.331,Q4,Working,FALSE
8223,51704,21285041,12/4/2021 11:40:00 PM,2021,12,4,23,40,Saturday,544609.2316,4809093.674,-80.448818,43.433419,Intersection,2,P.D. only,On roadway,Intersection,Dark,Municipal,No control,Functioning,FALSE,FALSE,FALSE,Clear,FALSE,Road 1: FRANKLIN ST S (50 km/h); Road 2: KINGSWAY DR (50 km/h); Charged Driver #1 on page 1: HTA 142 (NA) (NA); Vehicle #1     Make: NISS     Model: ATL     Colour: SIL     Style: 4D; Vehicle #2     Make: ACUR     Model: MDX     Colour: WHI     Style: TY,4/22/2022 2:26:19 PM,544609.2316,4809093.674,Q4,Weekend,FALSE
8224,51705,21285579,12/5/2021 6:15:00 PM,2021,12,5,18,15,Sunday,546796.607,4803002.922,-80.4223136,43.3784447,Private Drive,2,P.D. only,On roadway,Intersection,Dark,Municipal,No control,Unknown,FALSE,FALSE,FALSE,Rain,TRUE,Road 1: MONARCH WOODS DR; Road 2: 60 MONARCH WOODS DR; Vehicle #1     Make: NISS     Model: SML     Colour: SIL     Style: 4D; Vehicle #2     Make:      Model:      Colour:      Style:,8/16/2022 3:02:03 PM,546796.607,4803002.922,Q4,Weekend,FALSE
8225,51706,21286580,12/6/2021 9:00:00 PM,2021,12,6,21,0,Monday,546057.8645,4805105.167,-80.431256,43.397419,Private Drive,2,Non-reportable,On roadway,Intersection,Dark,Municipal,No control,Unknown,FALSE,FALSE,FALSE,Snow,TRUE,Road 1: GREEN VALLEY DR; Road 2: 55 GREEN VALLEY DR; Vehicle #1     Make: TOYT     Model: C4E     Colour: RED     Style: 4D; Vehicle #2     Make:      Model:      Colour:      Style:,8/16/2022 2:58:35 PM,546057.8645,4805105.167,Q4,Working,FALSE
8226,51707,21286667,12/7/2021 1:44:00 AM,2021,12,7,1,44,Tuesday,539455.4986,4807788.93,-80.512589,43.42196,Private Drive,2,P.D. only,Off roadway,SMV,Dark,Municipal,No control,Unknown,FALSE,FALSE,FALSE,Snow,FALSE,Road 1: 533 GREENBROOK DR (50 km/h); Road 2: GREENBROOK DR; Distance: 5.0 M W; Vehicle #1     Make: HOND     Model: FIT     Colour: RED     Style: 4W,4/22/2022 2:26:58 PM,539455.4986,4807788.93,Q4,Working,FALSE
8227,51708,21286669,12/8/2021 12:30:00 AM,2021,12,8,0,30,Wednesday,539562.8114,4806883.496,-80.511328,43.413802,Non intersection,2,P.D. only,On roadway,Intersection,Dark,Municipal,No control,Unknown,FALSE,FALSE,FALSE,Snow,TRUE,Road 1: 20 ORCHID KITCHENER; Road 2: GREY FOX DRIVE KITCHENER; Vehicle #1     Make: KIA     Model: FNG     Colour: WHI     Style: 4D; Vehicle #2     Make:      Model:      Colour:      Style:,8/16/2022 3:02:38 PM,539562.8114,4806883.496,Q4,Working,FALSE
8228,51709,21287041,12/7/2021 1:35:00 PM,2021,12,7,13,35,Tuesday,539488.0694,4808586.336,-80.512129,43.429139,Non intersection,2,P.D. only,Off roadway,SMV,Daylight,Regional,No control,Unknown,FALSE,FALSE,FALSE,Snow,FALSE,Road 1: FOREST HILL DR (50 km/h); Road 2: WARREN RD; Distance: 5.0 M W; Charged Driver #1 on page 1: HTA 142 (NA) (NA); Vehicle #1     Make: TOYT     Model: SIE     Colour: GRY     Style: VN,4/22/2022 2:25:19 PM,539488.0694,4808586.336,Q4,Working,FALSE
8229,51710,21288693,12/9/2021 4:00:00 PM,2021,12,9,16,0,Thursday,542785.8571,4807313.121,-80.471486,43.417493,Non intersection,2,P.D. only,On roadway,Intersection,Dusk,Regional,No control,Unknown,FALSE,FALSE,FALSE,Snow,TRUE,Road 1: 84 COACH HILL DRIVE KITCHENER; Road 2: HOMER WATSON BLVD KITCHENER; Vehicle #1     Make: HYUN     Model: ALS     Colour: BLK     Style: 4D; Vehicle #2     Make: KIA     Model: SED     Colour: BLK     Style: VN,8/16/2022 2:55:21 PM,542785.8571,4807313.121,Q4,Weekend,FALSE
8230,51711,21289103,12/10/2021 4:48:00 AM,2021,12,10,4,48,Friday,540297.9386,4809634.345,-80.502046,43.438532,Non intersection,1,Non-fatal injury,Off roadway,SMV,Dark,Regional,No control,Unknown,FALSE,FALSE,FALSE,Snow,FALSE,Road 1: PATRICIA AVE (40 km/h); Road 2: QUEEN'S BLVD; Distance: 24.0 M N; Vehicle #1     Make: TOYT     Model: CTR     Colour: BLU     Style: 4B,12/22/2022 9:29:11 AM,540297.9386,4809634.345,Q4,Weekend,FALSE
8231,51712,21289280,11/24/2021 8:40:00 AM,2021,11,24,8,40,Wednesday,537287.1478,4809102.941,-80.539285,43.433903,Private Drive,2,Non-reportable,On roadway,SMV,Daylight,Municipal,No control,Unknown,FALSE,FALSE,FALSE,Clear,TRUE,Road 1: 3 WESTFOREST TRAIL (IFO); Vehicle #1     Make:      Model:      Colour:      Style: ; Vehicle #2     Make: SUBA     Model: FOR     Colour: WHI     Style: TY,8/16/2022 3:06:02 PM,537287.1478,4809102.941,Q4,Working,FALSE
8232,51713,21289471,12/10/2021 2:00:00 PM,2021,12,10,14,0,Friday,537290.2293,4810238.861,-80.539169,43.444131,Non intersection,2,P.D. only,On roadway,Intersection,Daylight,Municipal,No control,Unknown,FALSE,FALSE,FALSE,Clear,TRUE,Road 1: GLASGOW ST; Vehicle #1     Make: CHEV     Model: EQU     Colour: BLK     Style: TY; Vehicle #2     Make: TOYT     Model: UCS     Colour: GRY     Style: 4D,8/16/2022 2:58:19 PM,537290.2293,4810238.861,Q4,Weekend,FALSE
8233,51714,21289551,12/10/2021 4:15:00 PM,2021,12,10,16,15,Friday,545051.2254,4810838.358,-80.443213,43.449102,Intersection,2,P.D. only,On roadway,Intersection,Dusk,Regional,No control,Functioning,FALSE,FALSE,FALSE,Clear,TRUE,Road 1: RIVER RD E; Road 2: HOLBORN DR; Vehicle #1     Make: RAM     Model: RTR     Colour: SIL     Style: CW; Vehicle #2     Make: TOYT     Model: UCS     Colour: GRY     Style: 4D,1/3/2023 10:18:11 AM,545051.2254,4810838.358,Q4,Weekend,FALSE
8234,51715,21290095,12/11/2021 9:07:00 AM,2021,12,11,9,7,Saturday,539258.0324,4811591.416,-80.514754,43.456209,Private Drive,1,Non-fatal injury,On roadway,SMV,Daylight,Municipal,No control,Unknown,TRUE,FALSE,FALSE,Clear,FALSE,Road 1: 509 PARK ST (50 km/h); Road 2: PARK ST; Distance: 1.0 M W; Vehicle #1     Make: HOND     Model: CRV     Colour: SIL     Style: TY,4/22/2022 2:27:10 PM,539258.0324,4811591.416,Q4,Weekend,FALSE
8235,51716,21291180,12/12/2021 2:35:00 PM,2021,12,12,14,35,Sunday,541681.8979,4803974.721,-80.485377,43.387496,Non intersection,2,P.D. only,On roadway,Intersection,Daylight,Municipal,No control,Unknown,FALSE,FALSE,FALSE,Clear,TRUE,Road 1: WOODBINE AVE; Road 2: SEABROOK DR; Vehicle #1     Make: TOYT     Model: SIE     Colour: SIL     Style: VN; Vehicle #2     Make: FORD     Model: RNG     Colour: WHI     Style: FV,1/3/2023 10:10:32 AM,541681.8979,4803974.721,Q4,Weekend,FALSE
8236,51717,21291735,12/1/2021 1:00:00 PM,2021,12,1,13,0,Wednesday,541078.2612,4809395.003,-80.492422,43.436334,Non intersection,2,Non-reportable,On roadway,SMV,Daylight,Municipal,No control,Unknown,FALSE,FALSE,FALSE,Clear,TRUE,Road 1: LORNE CRESCENT; Road 2: SENECA DR; Vehicle #1     Make: HYUN     Model: SLI     Colour: BLU     Style: 4D; Vehicle #2     Make: TOYT     Model: RG4     Colour: GRY     Style: TY,8/16/2022 3:01:24 PM,541078.2612,4809395.003,Q4,Working,FALSE
8237,51718,21291848,12/10/2021 8:00:00 PM,2021,12,10,20,0,Friday,539734.2387,4810145.416,-80.508974,43.443164,Non intersection,2,P.D. only,On roadway,SMV,Dark,Municipal,No control,Unknown,FALSE,FALSE,FALSE,Clear,TRUE,Road 1: 28 JACK AVENUE KITCHENER; Road 2: PATRICIA AVE KITCHENER; Vehicle #1     Make:      Model:      Colour:      Style: ; Vehicle #2     Make: VOLK     Model: JWE     Colour: SIL     Style: 4D,8/16/2022 2:59:57 PM,539734.2387,4810145.416,Q4,Weekend,FALSE
8238,51719,21291925,11/16/2021 8:30:00 AM,2021,11,16,8,30,Tuesday,546250.678,4808427.704,-80.428594,43.427323,Private Drive,2,P.D. only,On roadway,Intersection,Daylight,Regional,No control,Unknown,FALSE,FALSE,FALSE,Clear,TRUE,Road 1: HEFFNER CT (IFO 3121); Road 2: KING ST E; Vehicle #1     Make: NISS     Model: VNR     Colour: GRY     Style: 4B; Vehicle #2     Make: FORD     Model: SRW     Colour: BLK     Style: PK,1/3/2023 10:23:13 AM,546250.678,4808427.704,Q4,Working,FALSE
8239,51720,21292481,12/14/2021 8:11:00 AM,2021,12,14,8,11,Tuesday,542046.3165,4813386.167,-80.480153,43.472217,Non intersection,1,Non-fatal injury,On roadway,SMV,Daylight,Municipal,No control,Unknown,FALSE,FALSE,FALSE,Clear,FALSE,Road 1: SEREDA RD (50 km/h); Road 2: UNION ST; Distance: 0.0 M S; Vehicle #1     Make: FORD     Model: TST     Colour: WHI     Style: FV; Vehicle #2     Make:      Model: TRAC     Colour: BLU     Style:,8/16/2022 3:03:55 PM,542046.3165,4813386.167,Q4,Working,FALSE
8240,51721,21292556,12/14/2021 9:00:00 AM,2021,12,14,9,0,Tuesday,546924.8688,4809773.337,-80.420149,43.439397,Private Drive,2,P.D. only,On roadway,SMV,Daylight,Municipal,No control,Unknown,FALSE,FALSE,FALSE,Clear,TRUE,Road 1: 530 BEAUMONT CRESCENT (IFO); Vehicle #1     Make: TOYT     Model: MTL     Colour: RED     Style: 4D; Vehicle #2     Make: LEXS     Model: RX5     Colour: BLK     Style: TY,4/22/2022 2:26:53 PM,546924.8688,4809773.337,Q4,Working,FALSE
8241,51722,21293590,11/23/2021 7:00:00 AM,2021,11,23,7,0,Tuesday,535462.7247,4808203.136,-80.561885,43.42589,Private Drive,2,Non-reportable,Off roadway,SMV,Dawn,Regional,No control,Unknown,FALSE,FALSE,FALSE,Clear,TRUE,Road 1: 1721 GLASGOW ST (PK LOT); Vehicle #1     Make:      Model:      Colour:      Style: ; Vehicle #2     Make: FORD     Model: SPE     Colour: RED     Style: TY,4/22/2022 2:26:59 PM,535462.7247,4808203.136,Q4,Working,FALSE
8242,51723,21293912,11/18/2021 10:00:00 AM,2021,11,18,10,0,Thursday,539374.3412,4808074.25,-80.513571,43.424534,Intersection,2,Non-reportable,On roadway,Intersection,Daylight,Municipal,No control,Functioning,FALSE,FALSE,FALSE,Clear,TRUE,Road 1: BIRCHCLIFF AVE; Road 2: UPLANDS DR; Vehicle #1     Make: GMC     Model: SIE     Colour: GRY     Style: CB; Vehicle #2     Make: DODG     Model: CAR     Colour: RED     Style: VN,1/3/2023 10:19:50 AM,539374.3412,4808074.25,Q4,Weekend,FALSE
8243,51724,21294318,12/9/2021 1:20:00 PM,2021,12,9,13,20,Thursday,546393.452,4808496.375,-80.426824,43.427933,Intersection,2,P.D. only,On roadway,Intersection,Daylight,Municipal,No control,Functioning,FALSE,FALSE,FALSE,Clear,TRUE,Road 1: PEPPERWOOD CRESCENT; Road 2: MORGAN AVE; Vehicle #1     Make: HYUN     Model: TUC     Colour: BLK     Style: TY; Vehicle #2     Make: TOYT     Model: MTL     Colour: BLK     Style: 4D,4/22/2022 2:25:56 PM,546393.452,4808496.375,Q4,Weekend,FALSE
8244,51725,21294924,12/16/2021 11:15:00 PM,2021,12,16,23,15,Thursday,541343.397,4809063.119,-80.489171,43.433331,Intersection,2,P.D. only,On roadway,Intersection,Dark,Regional,No control,Unknown,FALSE,FALSE,FALSE,Clear,FALSE,Road 1: HIGHLAND RD E (50 km/h); Road 2: HEIMAN ST (50 km/h); Charged Driver #1 on page 1: HTA 142 (NA) (NA); Vehicle #1     Make: MAZD     Model: MA5     Colour: GRY     Style: 4B; Vehicle #2     Make: MAZD     Model: 3SP     Colour: WHI     Style: 4D,8/16/2022 2:58:59 PM,541343.397,4809063.119,Q4,Weekend,FALSE
8245,51726,21295060,12/17/2021 6:30:00 AM,2021,12,17,6,30,Friday,542570.4439,4805980.063,-80.47425,43.405503,Intersection,1,Non-fatal injury,On roadway,SMV,Dark,Municipal,No control,Functioning,TRUE,FALSE,FALSE,Clear,FALSE,Road 1: STRASBURG RD (50 km/h); Road 2: SHOEMAKER ST (50 km/h); Charged Driver #1 on page 1: HTA 142 (NA) (NA); Vehicle #1     Make: GMC     Model: SIE     Colour: GRY     Style: CW,4/22/2022 2:26:26 PM,542570.4439,4805980.063,Q4,Weekend,FALSE
8246,51727,21295281,12/17/2021 12:32:00 PM,2021,12,17,12,32,Friday,542659.9506,4811829.058,-80.472688,43.458162,Private Drive,1,Non-fatal injury,On roadway,Intersection,Daylight,Municipal,No control,Unknown,FALSE,FALSE,FALSE,Clear,FALSE,Road 1: 447 EDNA ST (50 km/h); Road 2: FREDERICK ST; Distance: 0.0 M N; Charged Driver #1 on page 1: HTA 139 (NA) (NA); Vehicle #1     Make: ACUR     Model: RDX     Colour: WHI     Style: TY; Vehicle #2     Make: CHEV     Model: MTS     Colour: GRY     St,1/3/2023 10:23:06 AM,542659.9506,4811829.058,Q4,Weekend,FALSE
8247,51728,21295294,12/5/2021 5:00:00 PM,2021,12,5,17,0,Sunday,546412.0533,4811080.437,-80.426374,43.451198,Private Drive,2,P.D. only,On roadway,Other,Dark,Municipal,No control,Unknown,FALSE,FALSE,FALSE,Clear,TRUE,Road 1: WENDY CRESCENT; Road 2: BRIERDALE DR; Vehicle #1     Make: MAZD     Model: 3TR     Colour: BLU     Style: 4D; Vehicle #2     Make: SUBA     Model: CRO     Colour: BLU     Style: TY,8/16/2022 3:05:43 PM,546412.0533,4811080.437,Q4,Weekend,FALSE