,OBJECTID,ACCIDENTNUM,ACCIDENTDATE,ACCIDENT_YEAR,ACCIDENT_MONTH,ACCIDENT_DAY,ACCIDENT_HOUR,ACCIDENT_MINUTE,Accident_Day,XCOORD,YCOORD,LONGITUDE,LATITUDE,Accident_Location,COLLISIONTYPE,Accident_Type,Impact_Location,Impact_Type,Light,Road_Jurisdication,Traffic_Control,Traffic_Control_Condition,Pedestrian_Involved,Cyclist_Involved,Motorcyclist_Involved,Environment_Condition,Self_Reported,XMLIMPORTNOTES,LASTEDITEDDATE,x,y,Quarter,Day_Type,Vulnerable_Involved
8248,51729,21295370,12/10/2021 2:39:00 PM,2021,12,10,14,39,Friday,544249.0861,4809619.285,-80.453225,43.438173,Other,2,P.D. only,Off roadway,SMV,Daylight,Municipal,No control,Unknown,FALSE,FALSE,FALSE,Clear,FALSE,Road 1: 333; Road 2: PROSPECT AVE; Distance: 10.0 K S; Charged Driver #1 on page 1: CCC 2 (NA) (NA); Vehicle #1     Make: FORD     Model: FSA     Colour: GRY     Style: 4D,4/22/2022 2:27:13 PM,544249.0861,4809619.285,Q4,Weekend,FALSE
8249,51730,21295378,12/17/2021 2:30:00 PM,2021,12,17,14,30,Friday,538060.2473,4809822.413,-80.529683,43.440342,Private Drive,2,Non-reportable,On roadway,SMV,Daylight,Municipal,No control,Unknown,FALSE,FALSE,FALSE,Clear,TRUE,Road 1: 19 INGLESIDE DR; Vehicle #1     Make:      Model:      Colour:      Style: ; Vehicle #2     Make: MAZD     Model: M3I     Colour: SIL     Style: 4B,8/16/2022 2:59:52 PM,538060.2473,4809822.413,Q4,Weekend,FALSE
8250,51731,21295432,12/17/2021 3:55:00 PM,2021,12,17,15,55,Friday,541707.8901,4810679.314,-80.484544,43.447864,Intersection,2,P.D. only,On roadway,Rear end,Daylight,Municipal,No control,Functioning,FALSE,FALSE,FALSE,Clear,FALSE,Road 1: KING ST E (40 km/h); Road 2: EBY ST N (40 km/h); Vehicle #1     Make: HOND     Model: CIVI     Colour:      Style: ; Vehicle #2     Make: FORD     Model: EPT     Colour: RED     Style: TY,4/22/2022 2:26:26 PM,541707.8901,4810679.314,Q4,Weekend,FALSE
8251,51732,21295699,12/17/2021 8:00:00 PM,2021,12,17,20,0,Friday,543369.0916,4809776.25,-80.464086,43.439638,Private Drive,2,Non-reportable,On roadway,SMV,Dark,Regional,No control,Unknown,FALSE,FALSE,FALSE,Clear,TRUE,Road 1: 24 JACKSON AVE; Vehicle #1     Make:      Model:      Colour:      Style: ; Vehicle #2     Make: NISS     Model: PHF     Colour: WHI     Style: 4W,4/22/2022 2:26:54 PM,543369.0916,4809776.25,Q4,Weekend,FALSE
8252,51733,21295754,12/17/2021 11:02:00 PM,2021,12,17,23,2,Friday,545021.7947,4804852.444,-80.44407,43.395206,Non intersection,2,P.D. only,On roadway,SMV,Dark,Municipal,No control,Unknown,FALSE,FALSE,FALSE,Clear,FALSE,Road 1: 445 PIONEER DR (50 km/h); Road 2: PIONEER DR; Distance: 10.0 M E; Vehicle #1     Make: LEXS     Model: IS3     Colour: BLK     Style: 4D,4/22/2022 2:25:22 PM,545021.7947,4804852.444,Q4,Weekend,FALSE
8253,51734,21295857,12/18/2021 2:40:00 AM,2021,12,18,2,40,Saturday,538984.889,4805920.425,-80.518535,43.405161,Private Drive,2,P.D. only,Off roadway,SMV,Dark,Municipal,No control,Unknown,FALSE,FALSE,FALSE,Snow,FALSE,Road 1: 332 ACTIVA AVE (50 km/h); Road 2: ACTIVA AVE; Distance: 1.0 M E; Vehicle #1     Make: HYUN     Model: ESM     Colour: BLK     Style: 4D,4/22/2022 2:27:07 PM,538984.889,4805920.425,Q4,Weekend,FALSE
8254,51735,21296012,12/18/2021 10:13:00 AM,2021,12,18,10,13,Saturday,547747.9172,4808992.881,-80.410047,43.432318,Non intersection,2,P.D. only,Off roadway,SMV,Daylight,Regional,No control,Unknown,FALSE,FALSE,FALSE,Snow,FALSE,Road 1: 315 GRAND RIVER BLVD (50 km/h); Road 2: GRAND RIVER BLVD; Distance: 0.0 M N; Vehicle #1     Make: FORD     Model: COF     Colour: GRY     Style: PK,4/22/2022 2:24:59 PM,547747.9172,4808992.881,Q4,Weekend,FALSE
8255,51736,21296068,12/18/2021 11:03:00 AM,2021,12,18,11,3,Saturday,542628.6702,4804000.004,-80.473686,43.387671,Intersection,2,P.D. only,Off roadway,SMV,Daylight,Municipal,No control,Unknown,FALSE,FALSE,FALSE,Snow,FALSE,Road 1: CRANSHAW ST (50 km/h); Road 2: HURON RD (60 km/h); Distance: 2.0 M E; Vehicle #1     Make: NISS     Model: FRT     Colour: BLK     Style: PK,8/16/2022 2:56:01 PM,542628.6702,4804000.004,Q4,Weekend,FALSE
8256,51737,21297078,12/19/2021 6:24:00 PM,2021,12,19,18,24,Sunday,543775.0951,4811964.631,-80.458893,43.459319,Non intersection,2,P.D. only,On roadway,Other,Dark,Municipal,No control,Unknown,FALSE,FALSE,FALSE,Clear,FALSE,Road 1: RIVER RD E (50 km/h); Road 2: ISLINGTON AVE; Distance: 25.0 M N; Charged Driver #1 on page 1: HTA 130 (NA) (NA); Vehicle #1     Make: FORD     Model: FEE     Colour: GRY     Style: 4D; Vehicle #2     Make: DODG     Model: CAR     Colour: GRY     S,4/22/2022 2:25:11 PM,543775.0951,4811964.631,Q4,Weekend,FALSE
8257,51738,21297435,12/7/2021 8:25:00 PM,2021,12,7,20,25,Tuesday,546378.1517,4803442.408,-80.427442,43.382428,Non intersection,2,P.D. only,On roadway,SMV,Dark,Regional,No control,Unknown,FALSE,FALSE,FALSE,Clear,TRUE,Road 1: DOON S DR DOON SOUTH KITCHENER; Vehicle #1     Make: BMW     Model: BX5     Colour: SIL     Style: TY,8/16/2022 2:56:39 PM,546378.1517,4803442.408,Q4,Working,FALSE
8258,51739,21297611,11/29/2021 5:15:00 PM,2021,11,29,17,15,Monday,541335.0908,4812360.853,-80.489023,43.463025,Non intersection,2,Non-reportable,On roadway,Intersection,Dark,Municipal,No control,Unknown,FALSE,FALSE,FALSE,Clear,TRUE,Road 1: ST LEGER ST; Road 2: ROBERT PEEL RD; Vehicle #1     Make: FORD     Model: SPE     Colour: BLK     Style: TY; Vehicle #2     Make: DODG     Model: CAR     Colour: GRY     Style: VN,4/22/2022 2:25:00 PM,541335.0907,4812360.853,Q4,Working,FALSE
8259,51740,21298136,12/21/2021 8:05:00 AM,2021,12,21,8,5,Tuesday,540144.2113,4810123.809,-80.503909,43.442947,Non intersection,1,Non-fatal injury,Off roadway,SMV,Daylight,Regional,No control,Unknown,FALSE,FALSE,FALSE,Clear,FALSE,Road 1: WEST AVE (50 km/h); Road 2: HOMEWOOD AVE; Distance: 5.0 M W; Charged Driver #1 on page 1: HTA 130 (NA) (NA); Vehicle #1     Make: GMC     Model: TER     Colour: GRY     Style: TY,8/16/2022 3:05:58 PM,540144.2113,4810123.81,Q4,Working,FALSE
8260,51741,21298250,11/30/2021 7:15:00 AM,2021,11,30,7,15,Tuesday,541180.3518,4809392.222,-80.49116,43.436304,Intersection,2,P.D. only,On roadway,Rear end,Daylight,Regional,No control,Unknown,FALSE,FALSE,FALSE,Snow,TRUE,Road 1: HIGHLAND RD E; Road 2: STIRLING AVE S; Vehicle #1     Make: LEXS     Model: IS3     Colour: GRY     Style: 4D; Vehicle #2     Make: DODG     Model: AVN     Colour: WHI     Style: 4D,8/16/2022 3:04:47 PM,541180.3518,4809392.222,Q4,Working,FALSE
8261,51742,21298415,12/10/2021 7:56:00 AM,2021,12,10,7,56,Friday,542252.5951,4809183.299,-80.477928,43.434363,Private Drive,2,P.D. only,Off roadway,Intersection,Daylight,Regional,No control,Unknown,FALSE,FALSE,FALSE,Clear,TRUE,Road 1: MILL ST; Road 2: OTTAWA ST S; Vehicle #1     Make: HYUN     Model: ACC     Colour: RED     Style: 2B; Vehicle #2     Make: MITS     Model: RVR     Colour: BLU     Style: TY,8/16/2022 3:01:58 PM,542252.5951,4809183.299,Q4,Weekend,FALSE
8262,51743,21298432,12/12/2021 4:30:00 PM,2021,12,12,16,30,Sunday,540244.0664,4806490.34,-80.502943,43.410226,Private Drive,2,P.D. only,On roadway,Intersection,Dusk,Municipal,No control,Unknown,FALSE,FALSE,FALSE,Clear,TRUE,Road 1: 302 HIGHBROOK CRESCENT; Vehicle #1     Make: CHEV     Model: VTL     Colour: RED     Style: 4B; Vehicle #2     Make: HYUN     Model: ETG     Colour: BLK     Style: 4B,4/22/2022 2:27:06 PM,540244.0664,4806490.34,Q4,Weekend,FALSE
8263,51744,21298438,12/21/2021 1:15:00 PM,2021,12,21,13,15,Tuesday,539660.4256,4811634.22,-80.509778,43.456573,Intersection,2,Non-reportable,On roadway,Intersection,Daylight,Regional,No control,Functioning,FALSE,FALSE,FALSE,Clear,TRUE,Road 1: GREEN ST; Road 2: KING ST W; Vehicle #1     Make:      Model:      Colour:      Style: ; Vehicle #2     Make: KIA     Model: SPO     Colour: SIL     Style: TY,1/3/2023 10:18:28 AM,539660.4256,4811634.22,Q4,Working,FALSE
8264,51745,21298528,12/21/2021 4:05:00 PM,2021,12,21,16,5,Tuesday,542108.4292,4807129.854,-80.479868,43.415882,Intersection,1,Non-fatal injury,On roadway,SMV,Dusk,Municipal,No control,Functioning,TRUE,FALSE,FALSE,Clear,FALSE,Road 1: STRASBURG RD (50 km/h); Road 2: BLOCK LINE RD (50 km/h); Vehicle #1     Make:      Model:      Colour:      Style: PIC,8/16/2022 2:54:18 PM,542108.4292,4807129.854,Q4,Working,FALSE
8265,51746,21298912,12/18/2021 9:15:00 AM,2021,12,18,9,15,Saturday,541084.0258,4810773.037,-80.492247,43.448742,Intersection,2,Non-reportable,On roadway,SMV,Daylight,Municipal,No control,Unknown,FALSE,FALSE,FALSE,Snow,TRUE,Road 1: JOSEPH ST; Road 2: DAVID ST; Vehicle #1     Make: FORD     Model: SPE     Colour: GRY     Style: TY,1/3/2023 10:15:43 AM,541084.0258,4810773.037,Q4,Weekend,FALSE
8266,51747,21299129,12/22/2021 1:27:00 PM,2021,12,22,13,27,Wednesday,541847.8714,4807852.24,-80.483031,43.422401,Non intersection,2,P.D. only,On roadway,Rear end,Daylight,Municipal,No control,Unknown,FALSE,FALSE,FALSE,Clear,FALSE,Road 1: 69  KINGSWOOD DR (50 km/h); Road 2: KINGSWOOD DR; Distance: 5.0 M W; Charged Driver #1 on page 1: CAI 2 (NA) (NA); Vehicle #1     Make: FORD     Model: FMS     Colour: WHI     Style: 4D; Vehicle #2     Make: NISS     Model: VSL     Colour: RED    ,4/22/2022 2:25:02 PM,541847.8714,4807852.24,Q4,Working,FALSE
8267,51748,21299451,12/22/2021 8:44:00 PM,2021,12,22,20,44,Wednesday,541367.8538,4810954.894,-80.488725,43.450364,Intersection,2,P.D. only,On roadway,Intersection,Dark,Regional,No control,Unknown,FALSE,FALSE,FALSE,Snow,FALSE,Road 1: 8 QUEEN ST N (50 km/h); Road 2: QUEEN ST N; Distance: 5.0 M W; Vehicle #1     Make: HYUN     Model: EGM     Colour: BLK     Style: 4D; Vehicle #2     Make: TOYT     Model: MTL     Colour: WHI     Style: 4D,4/22/2022 2:25:51 PM,541367.8538,4810954.894,Q4,Working,FALSE
8268,51749,21299640,12/23/2021 4:56:00 AM,2021,12,23,4,56,Thursday,547353.7088,4803540.96,-80.41539,43.383254,Non intersection,2,P.D. only,Off roadway,SMV,Dark,Regional,No control,Unknown,FALSE,FALSE,FALSE,Snow,FALSE,Road 1: 389 PINNACLE DR (50 km/h); Road 2: PINNACLE DR; Distance: 5.0 M S; Charged Driver #1 on page 1: HTA 200 (NA) (NA); Vehicle #1     Make: MITS     Model: LST     Colour: GRY     Style: 4D,8/16/2022 3:03:15 PM,547353.7088,4803540.96,Q4,Weekend,FALSE
8269,51750,21299752,12/6/2021 2:20:00 PM,2021,12,6,14,20,Monday,547878.5296,4805928.086,-80.408702,43.404715,Non intersection,2,Non-reportable,On roadway,Intersection,Daylight,Municipal,No control,Unknown,FALSE,FALSE,FALSE,Clear,TRUE,Road 1: 28 PIONEER RIDGE DR; Vehicle #1     Make: FRHT     Model: FM2     Colour: WHI     Style: CT; Vehicle #2     Make: TOYT     Model: CBA     Colour: GRN     Style: 4D,4/22/2022 2:25:32 PM,547878.5296,4805928.086,Q4,Working,FALSE
8270,51751,21299782,12/11/2021 11:00:00 AM,2021,12,11,11,0,Saturday,541309.5016,4803365.584,-80.49002,43.382032,Non intersection,2,Non-reportable,On roadway,Intersection,Daylight,Regional,No control,Unknown,FALSE,FALSE,FALSE,Clear,TRUE,Road 1: 1415 HURON ROAD KITCHENER; Road 2: FISHER HALLMAN KITCHENER; Vehicle #1     Make: DODG     Model: CJO     Colour: BLK     Style: TY; Vehicle #2     Make:      Model:      Colour:      Style:,8/16/2022 2:59:47 PM,541309.5016,4803365.584,Q4,Weekend,FALSE
8271,51752,21299830,11/26/2021 11:40:00 AM,2021,11,26,11,40,Friday,541359.9224,4808641.652,-80.488998,43.429536,Intersection,2,Non-reportable,On roadway,Rear end,Daylight,Regional,No control,Unknown,FALSE,FALSE,FALSE,Clear,TRUE,Road 1: HOMER WATSON BLVD; Road 2: HOFFMAN ST; Vehicle #1     Make: HOND     Model: FKG     Colour: BLK     Style: 4B; Vehicle #2     Make:      Model:      Colour:      Style:,1/3/2023 10:15:27 AM,541359.9224,4808641.652,Q4,Weekend,FALSE
8272,51753,21299904,11/28/2021 1:50:00 PM,2021,11,28,13,50,Sunday,545121.4205,4807667.958,-80.442607,43.420551,Non intersection,2,Non-reportable,Off roadway,SMV,Daylight,Regional,No control,Unknown,FALSE,FALSE,FALSE,Snow,TRUE,Road 1: WILSON AVE; Road 2: FAIRWAY RD S; Vehicle #1     Make: VOLK     Model: JBS     Colour: GRN     Style: 4D,4/22/2022 2:25:33 PM,545121.4205,4807667.958,Q4,Weekend,FALSE
8273,51754,21299921,11/30/2021 8:30:00 AM,2021,11,30,8,30,Tuesday,538777.3992,4807810.733,-80.520964,43.422192,Intersection,2,P.D. only,On roadway,Intersection,Daylight,Municipal,No control,Functioning,FALSE,FALSE,FALSE,Snow,TRUE,Road 1: ELM RIDGE DR; Road 2: MCGARRY DR; Vehicle #1     Make: NISS     Model: SML     Colour: BLK     Style: 4D; Vehicle #2     Make:      Model:      Colour:      Style:,4/22/2022 2:26:03 PM,538777.3992,4807810.734,Q4,Working,FALSE
8274,51755,21299959,12/21/2021 11:10:00 AM,2021,12,21,11,10,Tuesday,549174.0648,4806308.392,-80.392669,43.408055,Non intersection,2,P.D. only,On roadway,Intersection,Daylight,Regional,No control,Unknown,FALSE,FALSE,FALSE,Clear,TRUE,Road 1: GATEWAY PARK DR; Road 2: SPORTSWORLD DR; Vehicle #1     Make: TOYT     Model: CBL     Colour: GRY     Style: 4D; Vehicle #2     Make: MAZD     Model: 3TR     Colour: WHI     Style: 4D,8/16/2022 2:57:41 PM,549174.0648,4806308.393,Q4,Working,FALSE
8275,51756,21300126,12/23/2021 5:39:00 PM,2021,12,23,17,39,Thursday,541581.9445,4806863.102,-80.486391,43.413509,Non intersection,2,P.D. only,On roadway,SMV,Dark,Regional,No control,Unknown,FALSE,FALSE,FALSE,Snow,FALSE,Road 1: BLOCK LINE RD (50 km/h); Road 2: MCLENNAN PARK GATE; Distance: 20.0 M W; Charged Driver #1 on page 1: HTA 154 (NA) (NA); Vehicle #1     Make: NISS     Model: ROG     Colour: WHI     Style: TY,8/16/2022 2:54:41 PM,541581.9445,4806863.102,Q4,Weekend,FALSE
8276,51757,21300138,12/23/2021 6:10:00 PM,2021,12,23,18,10,Thursday,540795.9874,4809182.268,-80.495925,43.434434,Intersection,2,P.D. only,On roadway,Intersection,Dark,Municipal,Sign Control,Unknown,FALSE,FALSE,FALSE,Snow,TRUE,Road 1: STIRLING AVE S; Road 2: PLEASANT AVE; Vehicle #1     Make: KIA     Model: SPO     Colour: WHI     Style: TY; Vehicle #2     Make: MITS     Model: RVR     Colour: GRY     Style: TY,1/3/2023 10:18:19 AM,540795.9874,4809182.268,Q4,Weekend,FALSE
8277,51758,21300592,12/24/2021 11:00:00 AM,2021,12,24,11,0,Friday,537851.9278,4809076.9,-80.532308,43.43364,Private Drive,2,P.D. only,On roadway,Other,Daylight,Municipal,No control,Unknown,FALSE,FALSE,FALSE,Clear,FALSE,Road 1: OPRINGTON DR (50 km/h); Road 2: BENESFORT DR; Distance: 2.0 K W; Charged Driver #1 on page 1: HTA 139 (NA) (NA); Vehicle #1     Make: FORD     Model: FX5     Colour: GRN     Style: 4D; Vehicle #2     Make: HYUN     Model: SAN     Colour: RED     S,4/22/2022 2:27:11 PM,537851.9278,4809076.9,Q4,Weekend,FALSE
8278,51759,21301428,12/25/2021 4:35:00 PM,2021,12,25,16,35,Saturday,546993.3692,4808375.655,-80.419423,43.426808,Intersection,2,P.D. only,On roadway,Intersection,Dusk,Municipal,No control,Functioning,FALSE,FALSE,FALSE,Clear,FALSE,Road 1: RIVER RD E (50 km/h); Road 2: GRAND RIVER BLVD (50 km/h); Charged Driver #1 on page 1: HTA 142 (NA) (NA); Vehicle #1     Make: AUDI     Model: A62     Colour: BLK     Style: 4D; Vehicle #2     Make: TOYT     Model: CBS     Colour: BLK     Style: 4,8/16/2022 3:03:41 PM,546993.3692,4808375.655,Q4,Weekend,FALSE
8279,51760,21301936,12/21/2021 8:00:00 PM,2021,12,21,20,0,Tuesday,540267.0027,4809968.55,-80.502403,43.441543,Non intersection,2,P.D. only,On roadway,SMV,Dark,Regional,No control,Unknown,FALSE,FALSE,FALSE,Snow,TRUE,Road 1: WEST AVE; Road 2: HIGHLAND RD W; Vehicle #1     Make:      Model:      Colour:      Style: ; Vehicle #2     Make: GMC     Model: YUK     Colour: BLK     Style: TY,8/16/2022 3:05:53 PM,540267.0027,4809968.551,Q4,Working,FALSE
8280,51761,21302347,12/26/2021 8:00:00 PM,2021,12,26,20,0,Sunday,544287.8707,4812757.054,-80.452491,43.466423,Non intersection,2,P.D. only,On roadway,SMV,Dark,Municipal,No control,Unknown,FALSE,FALSE,FALSE,Clear,TRUE,Road 1: 27 FORFAR AVE (IFO); Vehicle #1     Make:      Model:      Colour:      Style: ; Vehicle #2     Make: HOND     Model: CIV     Colour: BLK     Style: 4D,4/22/2022 2:25:01 PM,544287.8707,4812757.054,Q4,Weekend,FALSE
8281,51762,21302488,12/26/2021 9:00:00 PM,2021,12,26,21,0,Sunday,539672.0975,4807366.75,-80.509944,43.418148,Non intersection,2,Non-reportable,On roadway,SMV,Dark,Municipal,No control,Unknown,FALSE,FALSE,FALSE,Snow,TRUE,Road 1: VALLEYVIEW RD (IFO 25); Vehicle #1     Make:      Model:      Colour:      Style: ; Vehicle #2     Make: NISS     Model: ATL     Colour: BLK     Style: 4D,8/16/2022 3:05:19 PM,539672.0975,4807366.75,Q4,Weekend,FALSE
8282,51763,21302644,12/27/2021 12:26:00 PM,2021,12,27,12,26,Monday,543653.1087,4813003.337,-80.460318,43.468678,Non intersection,2,P.D. only,Off roadway,SMV,Daylight,Municipal,No control,Unknown,FALSE,FALSE,FALSE,Snow,FALSE,Road 1: 150 SHIRLEY AVE (50 km/h); Road 2: SHIRLEY AVE; Distance: 5.0 K W; Vehicle #1     Make:      Model:      Colour:      Style:,8/16/2022 3:04:03 PM,543653.1087,4813003.337,Q4,Working,FALSE
8283,51764,21303469,12/28/2021 5:00:00 PM,2021,12,28,17,0,Tuesday,544610.2091,4809092.663,-80.448806,43.43341,Intersection,2,P.D. only,On roadway,Intersection,Dark,Regional,No control,Functioning,FALSE,FALSE,FALSE,Clear,TRUE,Road 1: FRANKLIN ST N; Road 2: KINGSWAY DR; Vehicle #1     Make: HYUN     Model: SFT     Colour: GRY     Style: TY; Vehicle #2     Make:      Model:      Colour:      Style:,1/3/2023 10:18:23 AM,544610.2091,4809092.663,Q4,Working,FALSE
8284,51765,21303542,12/28/2021 7:00:00 PM,2021,12,28,19,0,Tuesday,540536.3377,4807292.67,-80.499274,43.417434,Private Drive,2,Non-reportable,On roadway,SMV,Dark,Municipal,No control,Unknown,FALSE,FALSE,FALSE,Clear,TRUE,Road 1: LAURENTIAN DR (IFO 29); Vehicle #1     Make: HYUN     Model: SHL     Colour: BLK     Style: 4D; Vehicle #2     Make:      Model:      Colour:      Style:,4/22/2022 2:26:53 PM,540536.3377,4807292.67,Q4,Working,FALSE
8285,51766,21303697,12/28/2021 11:24:00 PM,2021,12,28,23,24,Tuesday,540597.0615,4809499.333,-80.49836,43.4373,Non intersection,2,P.D. only,Off roadway,SMV,Dark,Municipal,No control,Unknown,FALSE,FALSE,FALSE,Rain,FALSE,Road 1: 68 PLEASANT AVE (50 km/h); Road 2: PLEASANT AVE; Distance: 10.0 M S; Vehicle #1     Make: BMW     Model: X12     Colour: SIL     Style: SW,4/22/2022 2:25:24 PM,540597.0615,4809499.333,Q4,Working,FALSE
8286,51767,21304274,12/29/2021 7:04:00 PM,2021,12,29,19,4,Wednesday,544987.8604,4811296.529,-80.443958,43.453231,Non intersection,1,Non-fatal injury,On roadway,Other,Dark,Municipal,No control,Unknown,FALSE,TRUE,FALSE,Clear,FALSE,Road 1: 80 BRECKENRIDGE DR (50 km/h); Road 2: BRECKENRIDGE DR; Distance: 4.0 M W; Charged Driver #1 on page 1: HTA 62 (NA) (NA); Vehicle #1     Make: BICY     Model: MOUN     Colour:      Style: BK; Vehicle #2     Make: BMW     Model: 28X     Colour: BRZ ,8/16/2022 2:54:51 PM,544987.8604,4811296.53,Q4,Working,FALSE
8287,51768,21304650,12/30/2021 9:40:00 AM,2021,12,30,9,40,Thursday,539111.7522,4811655.713,-80.516558,43.456795,Intersection,2,P.D. only,On roadway,Intersection,Daylight,Municipal,No control,Functioning,FALSE,FALSE,FALSE,Clear,FALSE,Road 1: PARK ST (50 km/h); Road 2: UNION BLVD (50 km/h); Charged Driver #1 on page 1: HTA 144 (NA) (NA); Vehicle #1     Make: HOND     Model: CRV     Colour: BLK     Style: TY; Vehicle #2     Make: FORD     Model: CSC     Colour: WHI     Style: PD,8/16/2022 3:05:10 PM,539111.7522,4811655.713,Q4,Weekend,FALSE
8288,51769,21305530,12/31/2021 12:00:00 PM,2021,12,31,12,0,Friday,541949.3007,4811591.23,-80.48149,43.456061,Non intersection,2,P.D. only,On roadway,Other,Daylight,Municipal,No control,Unknown,FALSE,FALSE,FALSE,Clear,TRUE,Road 1: 11 GORDON AVE (IFO); Vehicle #1     Make: AUDI     Model: A63     Colour: BLK     Style: 4D; Vehicle #2     Make: HYUN     Model: ASE     Colour: GRY     Style: 4D,8/16/2022 2:58:25 PM,541949.3007,4811591.23,Q4,Weekend,FALSE
8289,51770,21305705,12/31/2021 5:45:00 PM,2021,12,31,17,45,Friday,543213.9713,4804533.524,-80.466417,43.392441,Intersection,2,P.D. only,On roadway,Rear end,Dark,Regional,No control,Unknown,FALSE,FALSE,FALSE,Clear,TRUE,Road 1: STRASBURG RD; Road 2: HURON RD; Vehicle #1     Make:      Model:      Colour:      Style: ; Vehicle #2     Make: VOLK     Model: RAB     Colour: RED     Style: 4B,8/16/2022 3:04:58 PM,543213.9713,4804533.524,Q4,Weekend,FALSE
8290,51771,21306800,12/31/2021 7:00:00 PM,2021,12,31,19,0,Friday,542107.9907,4807131.48,-80.479873,43.415896,Intersection,2,Non-reportable,On roadway,Intersection,Dark,Regional,No control,Functioning,FALSE,FALSE,FALSE,Clear,TRUE,Road 1: BLOCK LINE RD; Road 2: STRASBURG RD; Vehicle #1     Make: HOND     Model: UAX     Colour: BLK     Style: 4D; Vehicle #2     Make: MITS     Model: LST     Colour: GRY     Style: 4D,8/16/2022 2:54:22 PM,542107.9907,4807131.48,Q4,Weekend,FALSE
8291,51772,2171278,7/23/2021 8:45:00 AM,2021,7,23,8,45,Friday,540815.9807,4809807.233,-80.495632,43.44006,Non intersection,2,Non-reportable,On roadway,Rear end,Daylight,Regional,No control,Unknown,FALSE,FALSE,FALSE,Clear,TRUE,Road 1: HIGHLAND RD E; Road 2: RUBY ST; Vehicle #1     Make: HOND     Model: UCL     Colour: SIL     Style: 4D; Vehicle #2     Make: CHEV     Model: ITZ     Colour: GRY     Style: 4D,2/11/2022 11:08:34 AM,540815.9807,4809807.233,Q3,Weekend,FALSE
8292,51773,22000369,1/1/2022 1:06:00 PM,2022,1,1,13,6,Saturday,546063.3405,4809492.615,-80.430818,43.436923,Intersection,2,P.D. only,On roadway,Intersection,Daylight,Municipal,No control,Functioning,FALSE,FALSE,FALSE,Clear,FALSE,Road 1: RIVER RD E (60 km/h); Road 2: KINZIE AVE (50 km/h); Charged Driver #1 on page 1: HTA 130 (NA) (NA); Vehicle #1     Make: HOND     Model: UCL     Colour: WHI     Style: 4D; Vehicle #2     Make: VOLK     Model: GTI     Colour: BLK     Style: 2B,4/27/2022 10:42:03 AM,546063.3405,4809492.615,Q1,Weekend,FALSE
8293,51774,22000699,1/1/2022 10:15:00 PM,2022,1,1,22,15,Saturday,545760.5027,4803959.926,-80.435023,43.387125,Intersection,2,Non-reportable,On roadway,Intersection,Dark,Municipal,No control,Functioning,FALSE,FALSE,FALSE,Clear,TRUE,Road 1: APPLE RIDGE DR; Road 2: DOON MILLS DR; Vehicle #1     Make: HYUN     Model: ELA     Colour: GRY     Style: 4D; Vehicle #2     Make: BMW     Model: BX3     Colour: WHI     Style: TY,1/3/2023 10:19:34 AM,545760.5027,4803959.926,Q1,Weekend,FALSE
8294,51775,22000866,1/2/2022 8:00:00 AM,2022,1,2,8,0,Sunday,541571.9004,4802403.057,-80.486854,43.373351,Non intersection,1,Non-fatal injury,Off roadway,SMV,Daylight,Municipal,No control,Unknown,FALSE,FALSE,FALSE,Snow,FALSE,Road 1: PLAINS RD (60 km/h); Road 2: 388 PLAINS RD; Distance: 100.0 M E; Vehicle #1     Make: CHEV     Model: ML1     Colour: GRY     Style: 4D,4/27/2022 10:40:05 AM,541571.9004,4802403.057,Q1,Weekend,FALSE
8295,51776,22001643,12/30/2021 10:30:00 AM,2021,12,30,10,30,Thursday,538305.1582,4810398.31,-80.526616,43.445515,Private Drive,2,Non-reportable,On roadway,SMV,Daylight,Municipal,No control,Unknown,FALSE,FALSE,FALSE,Clear,TRUE,Road 1: WESTWOOD DR (IFO 81); Vehicle #1     Make: FORD     Model: EDG     Colour: BLK     Style: TY,8/16/2022 3:06:07 PM,538305.1582,4810398.31,Q4,Weekend,FALSE
8296,51777,22001665,12/4/2021 1:10:00 PM,2021,12,4,13,10,Saturday,541385.6983,4808629.127,-80.488681,43.429421,Non intersection,2,Non-reportable,On roadway,Intersection,Daylight,Regional,No control,Unknown,FALSE,FALSE,FALSE,Clear,TRUE,Road 1: HOMER WATSON KITCHENER; Road 2: HOFFMAN ROAD KITCHENER; Vehicle #1     Make: CHEV     Model: ORL     Colour: BLK     Style: TY; Vehicle #2     Make: FORD     Model: FEE     Colour: GRY     Style: 4D,8/16/2022 2:59:37 PM,541385.6983,4808629.127,Q4,Weekend,FALSE