,OBJECTID,ACCIDENTNUM,ACCIDENTDATE,ACCIDENT_YEAR,ACCIDENT_MONTH,ACCIDENT_DAY,ACCIDENT_HOUR,ACCIDENT_MINUTE,Accident_Day,XCOORD,YCOORD,LONGITUDE,LATITUDE,Accident_Location,COLLISIONTYPE,Accident_Type,Impact_Location,Impact_Type,Light,Road_Jurisdication,Traffic_Control,Traffic_Control_Condition,Pedestrian_Involved,Cyclist_Involved,Motorcyclist_Involved,Environment_Condition,Self_Reported,XMLIMPORTNOTES,LASTEDITEDDATE,x,y,Quarter,Day_Type,Vulnerable_Involved
8297,51778,22001685,12/29/2021 7:20:00 PM,2021,12,29,19,20,Wednesday,546077.4835,4805068.068,-80.431017,43.397084,Non intersection,2,Non-reportable,On roadway,Intersection,Dark,Municipal,No control,Unknown,FALSE,FALSE,FALSE,Clear,TRUE,Road 1: GREEN VALLEY DR; Road 2: PIONEER DRIVE; Vehicle #1     Make: FIAT     Model: 5SP     Colour: WHI     Style: 2B; Vehicle #2     Make:      Model:      Colour:      Style:,4/22/2022 2:25:10 PM,546077.4835,4805068.068,Q4,Working,FALSE
8298,51779,22001750,1/3/2022 12:57:00 PM,2022,1,3,12,57,Monday,544838.848,4809572.796,-80.445941,43.43772,Intersection,2,P.D. only,Off roadway,Other,Daylight,Municipal,No control,Unknown,FALSE,FALSE,FALSE,Clear,FALSE,Road 1: FRANKLIN ST N (50 km/h); Road 2: SHUH AVE (50 km/h); Charged Driver #1 on page 1: HTA 142 (NA) (NA); Vehicle #1     Make: VOLK     Model: JMG     Colour: BLK     Style: 4D; Vehicle #2     Make: MMS     Model: LAN     Colour: RED     Style: 4D,4/22/2022 2:26:21 PM,544838.848,4809572.796,Q1,Working,FALSE
8299,51780,22001776,12/29/2021 11:30:00 AM,2021,12,29,11,30,Wednesday,541432.0116,4803960.962,-80.488463,43.387386,Non intersection,2,Non-reportable,On roadway,SMV,Daylight,Municipal,No control,Unknown,FALSE,FALSE,FALSE,Clear,TRUE,Road 1: SEABROOK DR; Road 2: VALENCIA AVE; Vehicle #1     Make:      Model:      Colour:      Style: ; Vehicle #2     Make: TOYT     Model: MTL     Colour: WHI     Style: 4D,8/16/2022 3:03:50 PM,541432.0116,4803960.962,Q4,Working,FALSE
8300,51781,22002351,12/18/2021 10:45:00 AM,2021,12,18,10,45,Saturday,538593.8351,4811203.03,-80.522991,43.452746,Private Drive,2,P.D. only,Off roadway,SMV,Daylight,Municipal,No control,Unknown,FALSE,FALSE,FALSE,Snow,TRUE,Road 1: 261 UNION BLVD (IFO); Vehicle #1     Make: HOND     Model: UCL     Colour: GRY     Style: 4D; Vehicle #2     Make: GMC     Model: SIE     Colour: GRY     Style: PK,1/3/2023 10:20:33 AM,538593.8351,4811203.03,Q4,Weekend,FALSE
8301,51782,22002361,12/19/2021 12:00:00 PM,2021,12,19,12,0,Sunday,541394.3619,4810861.804,-80.488405,43.449524,Private Drive,2,P.D. only,On roadway,SMV,Daylight,Regional,No control,Unknown,FALSE,FALSE,FALSE,Clear,TRUE,Road 1: KING ST E; Road 2: QUEEN ST N; Vehicle #1     Make:      Model:      Colour:      Style: ; Vehicle #2     Make: HYUN     Model: K2G     Colour: RED     Style: TY,4/22/2022 2:26:48 PM,541394.3619,4810861.804,Q4,Weekend,FALSE
8302,51783,22002621,1/4/2022 2:20:00 PM,2022,1,4,14,20,Tuesday,541778.4307,4807528.702,-80.483913,43.419491,Intersection,2,P.D. only,On roadway,Rear end,Daylight,Municipal,No control,Functioning,FALSE,FALSE,FALSE,Clear,TRUE,Road 1: STRASBURG RD; Road 2: BARWOOD; Vehicle #1     Make: HOND     Model: CCL     Colour: BLU     Style: 4D; Vehicle #2     Make: NISS     Model: AHY     Colour: GRY     Style: 4D,1/3/2023 10:19:05 AM,541778.4307,4807528.702,Q1,Working,FALSE
8303,51784,22002924,1/4/2022 9:20:00 PM,2022,1,4,21,20,Tuesday,539051.9971,4805937.711,-80.517705,43.405313,Non intersection,2,P.D. only,Off roadway,SMV,Other,Municipal,No control,Unknown,FALSE,FALSE,FALSE,Other,FALSE,Road 1: 306 ACTIVA AVE (50 km/h); Road 2: ACTIVA AVE; Distance: 20.0 M S; Vehicle #1     Make: PETE     Model:      Colour:      Style:,4/22/2022 2:25:12 PM,539051.9971,4805937.711,Q1,Working,FALSE
8304,51785,22003368,11/25/2021 5:30:00 PM,2021,11,25,17,30,Thursday,541679.8778,4810931.388,-80.484871,43.450135,Other,2,Non-reportable,Other,Intersection,Other,Municipal,No control,Unknown,FALSE,FALSE,FALSE,Clear,TRUE,Road 1: SCOTT ST; Road 2: DUKE ST E; Vehicle #1     Make: FORD     Model: COF     Colour: RED     Style: PK; Vehicle #2     Make:      Model:      Colour:      Style:,1/3/2023 10:23:50 AM,541679.8778,4810931.388,Q4,Weekend,FALSE
8305,51786,22003384,12/10/2021 8:30:00 AM,2021,12,10,8,30,Friday,545149.6461,4810110.57,-80.442057,43.442543,Private Drive,2,Non-reportable,On roadway,Other,Daylight,Municipal,No control,Unknown,FALSE,FALSE,FALSE,Snow,TRUE,Road 1: 115 RENNIE DR (IFO); Vehicle #1     Make:      Model:      Colour:      Style: ; Vehicle #2     Make: NISS     Model: NV2     Colour: WHI     Style: FV,1/3/2023 10:20:58 AM,545149.6461,4810110.57,Q4,Weekend,FALSE
8306,51787,22003390,12/30/2021 4:35:00 PM,2021,12,30,16,35,Thursday,542651.9921,4807351.773,-80.473136,43.417849,Intersection,2,Non-reportable,On roadway,Intersection,Dusk,Municipal,No control,Functioning,FALSE,FALSE,FALSE,Clear,TRUE,Road 1: KINGSWOOD DR; Road 2: BLOCK LINE RD; Vehicle #1     Make: CHEV     Model: ML     Colour: BLK     Style: 4D; Vehicle #2     Make: GMC     Model: TER     Colour: GRY     Style: TY,8/16/2022 2:54:12 PM,542651.992,4807351.773,Q4,Weekend,FALSE
8307,51788,22003396,12/14/2021 4:50:00 PM,2021,12,14,16,50,Tuesday,547904.1277,4811314.233,-80.407914,43.453209,Non intersection,2,Non-reportable,On roadway,Other,Dusk,Municipal,No control,Unknown,FALSE,FALSE,FALSE,Clear,TRUE,Road 1: 1352 OLD ZELLER DR (IFO); Vehicle #1     Make: RAM     Model: RTR     Colour: BLK     Style: CW; Vehicle #2     Make: HYUN     Model: TUC     Colour: GRY     Style: TY,1/3/2023 10:10:36 AM,547904.1277,4811314.233,Q4,Working,FALSE
8308,51789,22003525,1/5/2022 5:15:00 PM,2022,1,5,17,15,Wednesday,541643.7376,4810883.27,-80.485321,43.449704,Non intersection,2,P.D. only,Off roadway,SMV,Dusk,Municipal,No control,Unknown,FALSE,FALSE,FALSE,Snow,FALSE,Road 1: DUKE ST E (50 km/h); Road 2: SCOTT ST; Distance: 5.0 K S; Vehicle #1     Make: NISS     Model: A2S     Colour: GRY     Style: 4D,4/27/2022 10:40:02 AM,541643.7376,4810883.27,Q1,Working,FALSE
8309,51790,22004113,12/27/2021 10:00:00 AM,2021,12,27,10,0,Monday,544894.7298,4811740.077,-80.445073,43.45723,Non intersection,2,Non-reportable,On roadway,SMV,Daylight,Municipal,No control,Unknown,FALSE,FALSE,FALSE,Clear,TRUE,Road 1: 80 HUDSON CRESCENT (IFO); Vehicle #1     Make:      Model:      Colour:      Style: ; Vehicle #2     Make: KIA     Model: FEX     Colour: SIL     Style: 4D,1/3/2023 10:11:23 AM,544894.7298,4811740.077,Q4,Working,FALSE
8310,51791,22004139,12/18/2021 10:00:00 AM,2021,12,18,10,0,Saturday,538777.4013,4807810.374,-80.520964,43.422189,Intersection,2,P.D. only,On roadway,Other,Daylight,Municipal,No control,Functioning,FALSE,FALSE,FALSE,Snow,TRUE,Road 1: ELM RIDGE DR; Road 2: MCGARRY DR; Vehicle #1     Make: VOLK     Model: PTS     Colour: BLK     Style: 4D; Vehicle #2     Make:      Model:      Colour:      Style:,1/3/2023 10:17:59 AM,538777.4013,4807810.374,Q4,Weekend,FALSE
8311,51792,22004184,12/18/2021 11:15:00 AM,2021,12,18,11,15,Saturday,536508.0876,4809514.982,-80.548883,43.437651,Intersection,2,P.D. only,On roadway,SMV,Daylight,Municipal,No control,Unknown,FALSE,FALSE,FALSE,Snow,TRUE,Road 1: RESURRECTION DR; Road 2: NORTHMANOR CRESCENT; Vehicle #1     Make: NISS     Model: ROG     Colour: WHI     Style: TY,4/22/2022 2:26:17 PM,536508.0876,4809514.982,Q4,Weekend,FALSE
8312,51793,22004595,1/7/2022 2:55:00 AM,2022,1,7,2,55,Friday,539457.5511,4806057.489,-80.512688,43.40637,Non intersection,2,P.D. only,Off roadway,SMV,Dark,Municipal,No control,Unknown,FALSE,FALSE,FALSE,Clear,FALSE,Road 1: 186 ACTIVA AVE (50 km/h); Road 2: DONNENWERTH DR; Distance: 10.0 M E; Charged Driver #1 on page 1: HTA 130 (NA) (NA); Vehicle #1     Make: HOND     Model: UDY     Colour: SIL     Style: VN,1/3/2023 10:13:32 AM,539457.5511,4806057.489,Q1,Weekend,FALSE
8313,51794,22004847,12/23/2021 9:30:00 AM,2021,12,23,9,30,Thursday,543586.7001,4811843.644,-80.461232,43.45824,Intersection,2,P.D. only,On roadway,Rear end,Daylight,Municipal,No control,Unknown,FALSE,FALSE,FALSE,Snow,TRUE,Road 1: ISLINGTON AVE; Road 2: SHERWOOD AVE; Vehicle #1     Make:      Model:      Colour:      Style: ; Vehicle #2     Make: CHEV     Model: SIL     Colour: SIL     Style: PK,4/22/2022 2:26:19 PM,543586.7001,4811843.644,Q4,Weekend,FALSE
8314,51795,22004916,12/23/2021 1:20:00 PM,2021,12,23,13,20,Thursday,542471.914,4812922.415,-80.474927,43.468017,Intersection,2,Non-reportable,On roadway,Other,Daylight,Municipal,No control,Functioning,FALSE,FALSE,FALSE,Clear,TRUE,Road 1: SEREDA RD; Road 2: GUELPH ST; Vehicle #1     Make: CHEV     Model: ML1     Colour: BLK     Style: 4D; Vehicle #2     Make:      Model:      Colour:      Style:,1/3/2023 10:16:25 AM,542471.914,4812922.415,Q4,Weekend,FALSE
8315,51796,22005053,1/7/2022 1:30:00 PM,2022,1,7,13,30,Friday,542730.8274,4816379.52,-80.471455,43.49913,Non intersection,2,Non-reportable,On roadway,SMV,Daylight,Municipal,No control,Unknown,FALSE,FALSE,FALSE,Clear,TRUE,Road 1: 81 EAGLECREST ST (IFO); Vehicle #1     Make:      Model:      Colour:      Style: ; Vehicle #2     Make: NISS     Model: ATS     Colour: GRY     Style: 4D,12/22/2022 9:30:27 AM,542730.8274,4816379.52,Q1,Weekend,FALSE
8316,51797,22006682,1/9/2022 7:04:00 PM,2022,1,9,19,4,Sunday,544910.5806,4812482.566,-80.444816,43.463915,Intersection,2,P.D. only,On roadway,Intersection,Dark,Municipal,No control,Functioning,FALSE,FALSE,FALSE,Snow,FALSE,Road 1: NATCHEZ RD (50 km/h); Road 2: HALIFAX DR (50 km/h); Charged Driver #1 on page 1: HTA 136 (NA) (NA); Vehicle #1     Make: TOYT     Model: YAR     Colour: GRY     Style: 4B; Vehicle #2     Make: HOND     Model: UCS     Colour: GRY     Style: 2D,1/3/2023 10:18:49 AM,544910.5806,4812482.566,Q1,Weekend,FALSE
8317,51798,22006733,1/9/2022 8:52:00 PM,2022,1,9,20,52,Sunday,544883.8824,4804849.766,-80.445773,43.395191,Intersection,2,P.D. only,On roadway,Other,Dark,Regional,No control,Functioning,FALSE,FALSE,FALSE,Snow,FALSE,Road 1: PIONEER DR (50 km/h); Road 2: DOON VILLAGE RD (50 km/h); Charged Driver #1 on page 1: HTA 130 (NA) (NA); Vehicle #1     Make: HYUN     Model: SSE     Colour: WHI     Style: 4D; Vehicle #2     Make: TOYO     Model: SIE     Colour: GRY     Style: VN,1/3/2023 10:18:53 AM,544883.8824,4804849.766,Q1,Weekend,FALSE
8318,51799,22006791,1/9/2022 10:27:00 PM,2022,1,9,22,27,Sunday,538866.1534,4810231.386,-80.519695,43.443983,Non intersection,2,P.D. only,On roadway,Other,Dark,Municipal,No control,Unknown,FALSE,FALSE,FALSE,Snow,FALSE,Road 1: BRYBECK CRES (50 km/h); Road 2: KARN ST; Distance: 500.0 M E; Vehicle #1     Make: GMC     Model: SIE     Colour: BLK     Style: PK; Vehicle #2     Make: CHEV     Model: AVS     Colour: GRY     Style: 4D,1/3/2023 10:12:31 AM,538866.1534,4810231.386,Q1,Weekend,FALSE
8319,51800,22006918,1/10/2022 6:47:00 AM,2022,1,10,6,47,Monday,538962.0129,4806096.029,-80.518805,43.406743,Non intersection,2,P.D. only,Off roadway,SMV,Dark,Municipal,No control,Unknown,FALSE,FALSE,FALSE,Snow,FALSE,Road 1: 190 DAVID BERGEY DR (50 km/h); Road 2: DAVID BERGEY DR; Distance: 50.0 M N; Charged Driver #1 on page 1: HTA NA (NA) (NA); Vehicle #1     Make: HOND     Model: CVL     Colour: BLU     Style: 4D,1/3/2023 10:11:34 AM,538962.0129,4806096.029,Q1,Working,FALSE
8320,51801,22007053,12/23/2021 5:00:00 PM,2021,12,23,17,0,Thursday,542649.2452,4807349.762,-80.47317,43.417831,Intersection,2,P.D. only,On roadway,Rear end,Dark,Municipal,No control,Functioning,FALSE,FALSE,FALSE,Clear,TRUE,Road 1: BLOCK LINE RD; Road 2: KINGSWOOD DR; Vehicle #1     Make: FORD     Model: COF     Colour: GRY     Style: PK; Vehicle #2     Make:      Model:      Colour:      Style:,4/22/2022 2:25:50 PM,542649.2452,4807349.762,Q4,Weekend,FALSE
8321,51802,22007116,1/10/2022 11:44:00 AM,2022,1,10,11,44,Monday,538182.1511,4807508.724,-80.528338,43.419503,Non intersection,2,P.D. only,On roadway,Intersection,Daylight,Municipal,No control,Unknown,FALSE,FALSE,FALSE,Snow,FALSE,Road 1: MCGARRY DR (50 km/h); Road 2: ROYAL ORCHARD DR; Distance: 50.0 M E; Charged Driver #1 on page 1: HTA 148 (NA) (NA); Vehicle #1     Make: HYUN     Model: SFT     Colour: BLU     Style: TY; Vehicle #2     Make: TRAC     Model: SERI     Colour:      ,1/3/2023 10:11:38 AM,538182.1511,4807508.724,Q1,Working,FALSE
8322,51803,22008699,12/24/2021 7:00:00 PM,2021,12,24,19,0,Friday,540123.96,4808205.079,-80.5043,43.425672,Non intersection,2,Non-reportable,On roadway,SMV,Dark,Municipal,No control,Unknown,FALSE,FALSE,FALSE,Clear,TRUE,Road 1: 167 STONYBROOK DR (IFO); Road 2: STONYBROOK DR; Vehicle #1     Make:      Model:      Colour:      Style: ; Vehicle #2     Make: INFI     Model: G35     Colour: BLU     Style: 2D,4/22/2022 2:25:05 PM,540123.96,4808205.079,Q4,Weekend,FALSE
8323,51804,22008763,1/1/2022 7:30:00 PM,2022,1,1,19,30,Saturday,544846.5365,4804130.625,-80.446293,43.388718,Private Drive,2,Non-reportable,On roadway,SMV,Dark,Municipal,No control,Unknown,FALSE,FALSE,FALSE,Snow,TRUE,Road 1: SABRINA CRESCENT (IFO 49); Road 2: BECHTEL DR; Vehicle #1     Make: DODG     Model: CHE     Colour: RED     Style: 2D; Vehicle #2     Make:      Model:      Colour:      Style:,12/22/2022 9:30:26 AM,544846.5365,4804130.625,Q1,Weekend,FALSE
8324,51805,22009448,12/7/2021 6:15:00 AM,2021,12,7,6,15,Tuesday,544361.466,4804964.531,-80.452214,43.396255,Non intersection,2,P.D. only,On roadway,Other,Dark,Municipal,No control,Unknown,FALSE,FALSE,FALSE,Clear,TRUE,Road 1: 36 WINDY RIDGE DR; Vehicle #1     Make: DODG     Model: CAR     Colour: BLK     Style: VN; Vehicle #2     Make:      Model:      Colour:      Style:,4/22/2022 2:25:22 PM,544361.466,4804964.531,Q4,Working,FALSE
8325,51806,22009514,1/1/2022 9:15:00 PM,2022,1,1,21,15,Saturday,541900.2838,4803657.889,-80.482705,43.384631,Private Drive,2,P.D. only,On roadway,SMV,Dark,Municipal,No control,Unknown,FALSE,FALSE,FALSE,Snow,TRUE,Road 1: CANNES ST (IFO 30); Road 2: ROCHEFORT ST.; Vehicle #1     Make: BMW     Model: BX3     Colour: WHI     Style: TY; Vehicle #2     Make: RAM     Model: RTR     Colour: GRY     Style: PK,1/3/2023 10:21:50 AM,541900.2838,4803657.889,Q1,Weekend,FALSE
8326,51807,22009685,1/13/2022 3:23:00 PM,2022,1,13,15,23,Thursday,545684.2508,4803968.435,-80.435964,43.387207,Non intersection,2,P.D. only,Off roadway,SMV,Daylight,Municipal,No control,Unknown,FALSE,FALSE,FALSE,Clear,FALSE,Road 1: 265 DOON MILLS DR (40 km/h); Road 2: DOON MILLS DR; Distance: 15.0 M S; Vehicle #1     Make: TOYT     Model: CYR     Colour: BLU     Style: 4B,1/3/2023 10:11:42 AM,545684.2508,4803968.435,Q1,Weekend,FALSE
8327,51808,22009727,1/12/2022 11:30:00 PM,2022,1,12,23,30,Wednesday,540506.0083,4808563.711,-80.499554,43.428881,Private Drive,2,P.D. only,Off roadway,SMV,Dark,Municipal,No control,Unknown,FALSE,FALSE,FALSE,Clear,FALSE,Road 1: 84 GREENBROOK DR (50 km/h); Road 2: GREENBROOK DR; Distance: 1.0 M W; Vehicle #1     Make:      Model:      Colour:      Style:,1/3/2023 10:21:16 AM,540506.0083,4808563.711,Q1,Working,FALSE
8328,51809,22010329,1/14/2022 11:00:00 AM,2022,1,14,11,0,Friday,543506.5779,4808924.144,-80.462455,43.431958,Non intersection,2,P.D. only,On roadway,SMV,Daylight,Municipal,No control,Unknown,FALSE,FALSE,FALSE,Clear,TRUE,Road 1: 220 DIXON ST (IFO 220); Vehicle #1     Make:      Model:      Colour:      Style: ; Vehicle #2     Make: HYUN     Model: ESS     Colour: BLU     Style: 4D,1/3/2023 10:13:48 AM,543506.5779,4808924.144,Q1,Weekend,FALSE
8329,51810,22011291,7/24/2021 12:00:00 PM,2021,7,24,12,0,Saturday,543095.5112,4812231.316,-80.467272,43.461759,Non intersection,2,Non-reportable,On roadway,SMV,Daylight,Municipal,No control,Unknown,FALSE,FALSE,FALSE,Clear,TRUE,Road 1: 51 ETHEL ST KITCHENER; Vehicle #1     Make:      Model:      Colour:      Style: ; Vehicle #2     Make: HYUN     Model: CFE     Colour: RED     Style: TY,8/16/2022 2:57:07 PM,543095.5112,4812231.316,Q3,Weekend,FALSE
8330,51811,22011370,1/15/2022 12:25:00 PM,2022,1,15,12,25,Saturday,536525.0004,4807104.586,-80.548835,43.415947,Private Drive,2,P.D. only,Off roadway,SMV,Daylight,Municipal,No control,Unknown,FALSE,FALSE,FALSE,Clear,FALSE,Road 1: 11 BENT WILLOW DR (50 km/h); Road 2: BENT WILLOW DR; Distance: 1.0 M W; Charged Driver #1 on page 1: HTA 199 (NA) (NA); Vehicle #1     Make: TOYT     Model: CIE     Colour: BLU     Style: VN; Vehicle #2     Make: AUDI     Model: AQ8     Colour: BL,1/3/2023 10:21:26 AM,536525.0004,4807104.586,Q1,Weekend,FALSE
8331,51812,22011836,8/6/2021 2:00:00 PM,2021,8,6,14,0,Friday,539317.5258,4810616.225,-80.514089,43.447425,Intersection,2,P.D. only,On roadway,Intersection,Daylight,Regional,No control,Functioning,FALSE,FALSE,FALSE,Clear,TRUE,Road 1: BELMONT AVE W; Road 2: GAGE AVE CHERRY HILL KITCHENER; Vehicle #1     Make: CHEV     Model: BLT     Colour: GRN     Style: 2D; Vehicle #2     Make: KIA     Model: SOR     Colour: GRY     Style: TY,8/16/2022 2:54:00 PM,539317.5258,4810616.225,Q3,Weekend,FALSE
8332,51813,22011974,1/8/2022 2:10:00 PM,2022,1,8,14,10,Saturday,541708.3118,4810679.161,-80.484539,43.447862,Intersection,2,Non-reportable,On roadway,Rear end,Daylight,Regional,No control,Functioning,FALSE,FALSE,FALSE,Clear,TRUE,Road 1: KING ST E; Road 2: EBY ST S; Vehicle #1     Make: KIA     Model: SPO     Colour: WHI     Style: TY; Vehicle #2     Make: FORD     Model: SPE     Colour: BLK     Style: TY,4/27/2022 10:41:16 AM,541708.3118,4810679.161,Q1,Weekend,FALSE
8333,51814,22012067,1/1/2022 9:30:00 PM,2022,1,1,21,30,Saturday,544819.8805,4805063.578,-80.446546,43.39712,Intersection,2,P.D. only,On roadway,SMV,Dark,Municipal,No control,Unknown,FALSE,FALSE,FALSE,Snow,TRUE,Road 1: 8 UPPER CANADA DR; Road 2: DOON VILLAGE RD; Vehicle #1     Make: CHEV     Model: CXT     Colour: BLU     Style: 4D,4/27/2022 10:41:56 AM,544819.8805,4805063.578,Q1,Weekend,FALSE
8334,51815,22012450,1/17/2022 6:05:00 AM,2022,1,17,6,5,Monday,543442.8261,4811579.817,-80.463031,43.455873,Intersection,2,Non-reportable,On roadway,Intersection,Dark,Municipal,Sign Control,Functioning,FALSE,FALSE,FALSE,Snow,TRUE,Road 1: KRUG ST; Road 2: CAMBRIDGE AVE; Vehicle #1     Make: JEEP     Model: WUL     Colour: BLU     Style: TY; Vehicle #2     Make:      Model:      Colour:      Style:,12/22/2022 9:33:12 AM,543442.8261,4811579.817,Q1,Working,FALSE
8335,51816,22012557,1/9/2022 9:10:00 PM,2022,1,9,21,10,Sunday,543898.1291,4809040.737,-80.457608,43.432985,Non intersection,2,P.D. only,Off roadway,SMV,Dark,Municipal,No control,Unknown,FALSE,FALSE,FALSE,Clear,TRUE,Road 1: 27 CONNAUGHT PLACE; Vehicle #1     Make:      Model:      Colour:      Style: ; Vehicle #2     Make: MAZD     Model: 3TR     Colour: GRY     Style: 4B,4/22/2022 2:25:15 PM,543898.1291,4809040.737,Q1,Weekend,FALSE
8336,51817,22012662,1/17/2022 11:30:00 AM,2022,1,17,11,30,Monday,543883.3587,4811416.336,-80.457599,43.454375,Non intersection,2,P.D. only,On roadway,Intersection,Daylight,Municipal,No control,Unknown,FALSE,FALSE,FALSE,Snow,FALSE,Road 1: 92 KENWOOD DR (50 km/h); Road 2: KENWOOD DR; Distance: 5.0 M W; Vehicle #1     Make:      Model:      Colour:      Style: ; Vehicle #2     Make: VOLK     Model: JTC     Colour: BLU     Style: 4D,12/22/2022 9:31:41 AM,543883.3587,4811416.336,Q1,Working,FALSE
8337,51818,22012666,1/6/2022 6:40:00 AM,2022,1,6,6,40,Thursday,546707.9636,4802250.819,-80.423472,43.371678,Non intersection,2,P.D. only,On roadway,Rear end,Dark,Municipal,No control,Unknown,FALSE,FALSE,FALSE,Clear,TRUE,Road 1: 20 REICHERT DR (IFO); Vehicle #1     Make: TOYT     Model: CBL     Colour: GRY     Style: 4D; Vehicle #2     Make: TOYT     Model: MTL     Colour: GRY     Style: 4D,4/22/2022 2:25:12 PM,546707.9636,4802250.819,Q1,Weekend,FALSE
8338,51819,22012705,1/16/2022 10:30:00 AM,2022,1,16,10,30,Sunday,536232.884,4809386.386,-80.552292,43.436507,Private Drive,1,Non-fatal injury,On roadway,SMV,Daylight,Municipal,No control,Unknown,TRUE,FALSE,FALSE,Clear,FALSE,Road 1: 246 RESURRECTION DR (50 km/h); Road 2: RESURRECTION DR; Distance: 1.0 M W; Vehicle #1     Make: TOYT     Model: RV4     Colour: GRY     Style: TY,1/3/2023 10:21:40 AM,536232.884,4809386.386,Q1,Weekend,FALSE
8339,51820,22012789,1/17/2022 2:37:00 PM,2022,1,17,14,37,Monday,541180.3826,4809392.475,-80.49116,43.436306,Intersection,2,P.D. only,On roadway,Intersection,Daylight,Regional,Signal Control,Functioning,FALSE,FALSE,FALSE,Clear,FALSE,Road 1: HIGHLAND RD E (50 km/h); Road 2: STIRLING AVE S (50 km/h); Charged Driver #1 on page 1: HTA 144 (NA) (NA); Vehicle #1     Make: HYUN     Model: CFE     Colour: SIL     Style: TY; Vehicle #2     Make: MAZD     Model: CX9     Colour: GRY     Style: ,12/22/2022 9:37:02 AM,541180.3826,4809392.475,Q1,Working,FALSE
8340,51821,22012805,1/17/2022 3:08:00 PM,2022,1,17,15,8,Monday,541636.354,4810368.939,-80.485452,43.445073,Non intersection,2,P.D. only,Off roadway,SMV,Daylight,Municipal,No control,Unknown,FALSE,FALSE,FALSE,Snow,FALSE,Road 1: CEDAR ST S (50 km/h); Road 2: CHURCH ST; Distance: 50.0 M S; Charged Driver #1 on page 1: HTA 340 (94) (NA); Vehicle #1     Make: LEXS     Model: RX5     Colour: BLK     Style: TY,12/22/2022 9:37:07 AM,541636.354,4810368.939,Q1,Working,FALSE
8341,51822,22013323,1/17/2022 2:00:00 PM,2022,1,17,14,0,Monday,538544.6375,4809059.154,-80.523751,43.433445,Other,2,P.D. only,Other,Rear end,Daylight,Municipal,No control,Unknown,FALSE,FALSE,FALSE,Snow,TRUE,Road 1: 210 HIGHLAND CRESCENT VICTORIA HILLS; Vehicle #1     Make:      Model:      Colour:      Style: ; Vehicle #2     Make: TOYT     Model: RV4     Colour: WHI     Style: TY,12/22/2022 9:30:46 AM,538544.6375,4809059.154,Q1,Working,FALSE
8342,51823,22013438,1/18/2022 2:02:00 PM,2022,1,18,14,2,Tuesday,542939.3068,4807447.385,-80.46958,43.418694,Non intersection,2,Non-reportable,On roadway,Intersection,Daylight,Municipal,No control,Unknown,FALSE,FALSE,FALSE,Snow,TRUE,Road 1: BLOCK LINE RD COUNTRY HILLS EAST (1450); Road 2: HOMER WATSON; Vehicle #1     Make: TOYT     Model: XLL     Colour: GRY     Style: 4D; Vehicle #2     Make: FORD     Model: SRW     Colour: WHI     Style: PK,4/22/2022 2:25:17 PM,542939.3068,4807447.385,Q1,Working,FALSE
8343,51824,22013574,1/17/2022 8:30:00 AM,2022,1,17,8,30,Monday,541633.8947,4811413.279,-80.485402,43.454476,Intersection,2,P.D. only,On roadway,Intersection,Daylight,Municipal,No control,Functioning,FALSE,FALSE,FALSE,Snow,TRUE,Road 1: MARGARET AVE; Road 2: QUEEN ST; Vehicle #1     Make: HYUN     Model: BGS     Colour: RED     Style: 4D; Vehicle #2     Make: CHEV     Model: SIL     Colour: WHI     Style: PK,1/3/2023 10:18:57 AM,541633.8947,4811413.279,Q1,Working,FALSE
8344,51825,22014016,1/19/2022 9:05:00 AM,2022,1,19,9,5,Wednesday,541894.8398,4807391.079,-80.482486,43.418246,Intersection,2,P.D. only,On roadway,Intersection,Daylight,Municipal,Sign Control,Functioning,FALSE,FALSE,FALSE,Clear,FALSE,Road 1: STRASBURG RD (50 km/h); Road 2: SELKIRK DR (50 km/h); Distance: 3.0 M N; Vehicle #1     Make:      Model:      Colour:      Style: 196; Vehicle #2     Make: HYUN     Model: GN2     Colour: RED     Style: 2D,12/22/2022 9:27:36 AM,541894.8398,4807391.079,Q1,Working,FALSE
8345,51826,22015313,1/20/2022 8:27:00 PM,2022,1,20,20,27,Thursday,545718.494,4809133.287,-80.435109,43.433709,Non intersection,2,P.D. only,Off roadway,SMV,Dark,Municipal,No control,Unknown,FALSE,FALSE,FALSE,Clear,FALSE,Road 1: GRULKE AVE (50 km/h); Road 2: KINZIE AVE; Distance: 12.0 M E; Vehicle #1     Make:      Model:      Colour:      Style: ; Vehicle #2     Make: HOND     Model: FLX     Colour: BLK     Style: 4B,12/22/2022 9:32:09 AM,545718.494,4809133.287,Q1,Weekend,FALSE