,OBJECTID,ACCIDENTNUM,ACCIDENTDATE,ACCIDENT_YEAR,ACCIDENT_MONTH,ACCIDENT_DAY,ACCIDENT_HOUR,ACCIDENT_MINUTE,Accident_Day,XCOORD,YCOORD,LONGITUDE,LATITUDE,Accident_Location,COLLISIONTYPE,Accident_Type,Impact_Location,Impact_Type,Light,Road_Jurisdication,Traffic_Control,Traffic_Control_Condition,Pedestrian_Involved,Cyclist_Involved,Motorcyclist_Involved,Environment_Condition,Self_Reported,XMLIMPORTNOTES,LASTEDITEDDATE,x,y,Quarter,Day_Type,Vulnerable_Involved
8346,51827,22015551,1/21/2022 8:30:00 AM,2022,1,21,8,30,Friday,539316.3195,4810615.082,-80.514104,43.447415,Intersection,2,P.D. only,On roadway,Intersection,Daylight,Municipal,Signal Control,Functioning,FALSE,FALSE,FALSE,Clear,TRUE,Road 1: BELMONT AVE W; Road 2: GAGE AVE; Vehicle #1     Make: HOND     Model: CCL     Colour: GRY     Style: 4D; Vehicle #2     Make: FORD     Model: FMS     Colour: GRY     Style: 4D,12/22/2022 9:32:31 AM,539316.3195,4810615.082,Q1,Weekend,FALSE
8347,51828,22015977,1/21/2022 5:35:00 PM,2022,1,21,17,35,Friday,545124.5252,4807657.968,-80.44257,43.420461,Private Drive,1,Non-fatal injury,On roadway,Intersection,Dusk,Municipal,No control,Unknown,FALSE,FALSE,FALSE,Clear,FALSE,Road 1: WILSON AVE (50 km/h); Road 2: 385 WILSON AVE; Distance: 15.0 M W; Charged Driver #1 on page 1: HTA 139 (NA) (NA); Vehicle #1     Make: LNDR     Model: DVS     Colour: GRY     Style: TY; Vehicle #2     Make: TOYT     Model: CIE     Colour: GRY     ,12/22/2022 9:36:47 AM,545124.5252,4807657.968,Q1,Weekend,FALSE
8348,51829,22016128,1/21/2022 9:30:00 PM,2022,1,21,21,30,Friday,546551.1319,4807020.364,-80.425002,43.414633,Intersection,2,P.D. only,On roadway,SMV,Dark,Municipal,Sign Control,Functioning,FALSE,FALSE,FALSE,Clear,FALSE,Road 1: HIDDEN VALLEY RD (50 km/h); Road 2: HIDDEN VALLEY CRES (50 km/h); Distance: 10.0 M W; Vehicle #1     Make: PORS     Model: POR     Colour: WHI     Style: TY,12/22/2022 9:36:16 AM,546551.1319,4807020.364,Q1,Weekend,FALSE
8349,51830,22016346,1/22/2022 7:52:00 AM,2022,1,22,7,52,Saturday,544884.1872,4804849.843,-80.445769,43.395191,Intersection,2,P.D. only,On roadway,Rear end,Dawn,Municipal,Signal Control,Functioning,FALSE,FALSE,FALSE,Clear,FALSE,Road 1: DOON VILLAGE RD (60 km/h); Road 2: PIONEER DR (60 km/h); Charged Driver #1 on page 1: HTA 200SUBSE (NA) (NA); Vehicle #1     Make: TOYT     Model: CBS     Colour: SIL     Style: 4D; Vehicle #2     Make: HOND     Model: UEX     Colour: BLK     Styl,12/22/2022 9:36:09 AM,544884.1872,4804849.843,Q1,Weekend,FALSE
8350,51831,22016387,1/22/2022 9:20:00 AM,2022,1,22,9,20,Saturday,539111.8123,4811655.712,-80.516557,43.456795,Intersection,1,Non-fatal injury,On roadway,Intersection,Daylight,Municipal,Signal Control,Unknown,FALSE,FALSE,FALSE,Clear,FALSE,Road 1: PARK ST (60 km/h); Road 2: UNION BLVD (60 km/h); Charged Driver #1 on page 1: NA NA (NA) (NA); Vehicle #1     Make: NISS     Model: JUK     Colour: RED     Style: TY; Vehicle #2     Make: MERZ     Model: B25     Colour: GRY     Style: 4B,12/22/2022 9:37:12 AM,539111.8123,4811655.712,Q1,Weekend,FALSE
8351,51832,22016415,1/22/2022 10:08:00 AM,2022,1,22,10,8,Saturday,544767.9979,4807291.959,-80.447004,43.417187,Private Drive,2,P.D. only,On roadway,Intersection,Daylight,Municipal,No control,Unknown,FALSE,FALSE,FALSE,Clear,FALSE,Road 1: 160 WEBSTER RD (50 km/h); Road 2: WEBSTER RD; Distance: 2.0 M N; Charged Driver #1 on page 1: HTA 139 (NA) (NA); Vehicle #1     Make:      Model:      Colour: YEL     Style: ; Vehicle #2     Make: CHRY     Model: 300     Colour: GRN     Style: 4D,12/22/2022 9:36:47 AM,544767.9979,4807291.959,Q1,Weekend,FALSE
8352,51833,22017379,1/23/2022 3:35:00 PM,2022,1,23,15,35,Sunday,543568.7214,4804977.194,-80.462002,43.396416,Intersection,1,Non-fatal injury,On roadway,Intersection,Daylight,Municipal,Signal Control,Functioning,FALSE,FALSE,FALSE,Clear,FALSE,Road 1: HURON RD (60 km/h); Road 2: BATTLER RD (50 km/h); Charged Driver #1 on page 1: HTA 130 (NA) (NA); Vehicle #1     Make: HOND     Model: AST     Colour: BLK     Style: 4D; Vehicle #2     Make: ACUR     Model: AWT     Colour: WHI     Style: 4D,12/22/2022 9:36:04 AM,543568.7214,4804977.194,Q1,Weekend,FALSE
8353,51834,22017468,1/23/2022 4:32:00 PM,2022,1,23,16,32,Sunday,546096.977,4809637.88,-80.43039,43.438229,Private Drive,2,Non-reportable,On roadway,SMV,Daylight,Municipal,No control,Unknown,FALSE,FALSE,FALSE,Clear,TRUE,Road 1: VERONICA DR (IFO 550); Vehicle #1     Make:      Model:      Colour:      Style: ; Vehicle #2     Make: TOYT     Model: TAC     Colour: GRY     Style: PK,12/22/2022 9:32:10 AM,546096.977,4809637.88,Q1,Weekend,FALSE
8354,51835,22017885,12/30/2021 6:20:00 PM,2021,12,30,18,20,Thursday,543648.2055,4808339.727,-80.460752,43.426687,Non intersection,2,P.D. only,Off roadway,SMV,Dark,Municipal,No control,Unknown,FALSE,FALSE,FALSE,Clear,TRUE,Road 1: MASSEY AVE; Road 2: VANIER DR; Vehicle #1     Make: MAZD     Model: M3I     Colour: BLU     Style: 4D; Vehicle #2     Make: TOYT     Model: MTL     Colour: BLK     Style: 4D,8/16/2022 3:01:43 PM,543648.2055,4808339.727,Q4,Weekend,FALSE
8355,51836,22017931,1/15/2022 9:55:00 AM,2022,1,15,9,55,Saturday,541140.8915,4806763.225,-80.491846,43.412634,Intersection,2,P.D. only,On roadway,Rear end,Daylight,Regional,No control,Functioning,FALSE,FALSE,FALSE,Clear,TRUE,Road 1: BLOCK LINE RD; Road 2: LAURENTIAN DR; Vehicle #1     Make: HYUN     Model: TUC     Colour: BLK     Style: TY; Vehicle #2     Make: MITS     Model: OUT     Colour: GRY     Style: TY,1/3/2023 10:19:18 AM,541140.8915,4806763.225,Q1,Weekend,FALSE
8356,51837,22018028,1/24/2022 3:12:00 PM,2022,1,24,15,12,Monday,543649.2842,4812330.223,-80.460419,43.462618,Non intersection,1,Non-fatal injury,On roadway,Other,Daylight,Municipal,No control,Unknown,FALSE,FALSE,FALSE,Snow,FALSE,Road 1: 780 FREDERICK ST (50 km/h); Road 2: FREDERICK ST; Distance: 15.0 M E; Vehicle #1     Make: CHEV     Model: ETV     Colour: WHI     Style: CB; Vehicle #2     Make: MAZD     Model: X3S     Colour: BLU     Style: 4W,1/3/2023 10:12:08 AM,543649.2842,4812330.223,Q1,Working,FALSE
8357,51838,22018037,1/26/2022 4:00:00 PM,2022,1,26,16,0,Wednesday,540463.164,4810599.165,-80.499932,43.44721,Non intersection,2,Non-reportable,On roadway,Intersection,Daylight,Municipal,No control,Unknown,FALSE,FALSE,FALSE,Snow,TRUE,Road 1: PARK ST; Road 2: DEVON ST; Vehicle #1     Make: FORD     Model: STF     Colour: BLK     Style: 4B; Vehicle #2     Make:      Model:      Colour:      Style:,12/22/2022 9:28:15 AM,540463.164,4810599.165,Q1,Working,FALSE
8358,51839,22018040,1/24/2022 2:30:00 PM,2022,1,24,14,30,Monday,542863.9392,4805421.144,-80.47067,43.400454,Private Drive,2,P.D. only,On roadway,Rear end,Daylight,Municipal,No control,Unknown,FALSE,FALSE,FALSE,Snow,TRUE,Road 1: TRILLIUM DR; Road 2: 500 TRILLIUM DR; Vehicle #1     Make: JEEP     Model: JJG     Colour: RED     Style: PK; Vehicle #2     Make:      Model:      Colour:      Style:,12/22/2022 9:32:23 AM,542863.9392,4805421.144,Q1,Working,FALSE
8359,51840,22018049,1/24/2022 3:31:00 PM,2022,1,24,15,31,Monday,541762.3832,4810330.471,-80.483897,43.44472,Intersection,2,P.D. only,Off roadway,SMV,Daylight,Municipal,Sign Control,Functioning,FALSE,FALSE,FALSE,Snow,FALSE,Road 1: CHURCH ST (50 km/h); Road 2: MADISON AVE S; Distance: 1.0 M S; Vehicle #1     Make:      Model: -     Colour:      Style:,12/22/2022 9:26:49 AM,541762.3832,4810330.471,Q1,Working,FALSE
8360,51841,22018052,1/24/2022 3:34:00 PM,2022,1,24,15,34,Monday,537281.0588,4807521.624,-80.539468,43.419665,Non intersection,2,P.D. only,Off roadway,SMV,Daylight,Municipal,No control,Unknown,FALSE,FALSE,FALSE,Snow,FALSE,Road 1: WESTHEIGHTS DR (40 km/h); Road 2: BROKEN OAK CRES; Distance: 20.0 K S; Vehicle #1     Make: TOYT     Model: UCS     Colour: GRY     Style: 4D; Vehicle #2     Make: TOYT     Model: AXP     Colour: WHI     Style: 4D,12/22/2022 9:32:48 AM,537281.0588,4807521.625,Q1,Working,FALSE
8362,51843,22018159,1/24/2022 4:00:00 PM,2022,1,24,16,0,Monday,536624.8713,4807608.102,-80.547568,43.420476,Private Drive,2,P.D. only,Off roadway,SMV,Daylight,Municipal,No control,Unknown,FALSE,FALSE,FALSE,Snow,TRUE,Road 1: 205 ROLLING MEADOWS DR; Vehicle #1     Make: STRN     Model: VUE     Colour: BLK     Style: TY; Vehicle #2     Make: MAZD     Model: M3S     Colour: RED     Style: 4D,12/22/2022 9:27:05 AM,536624.8713,4807608.102,Q1,Working,FALSE
8363,51844,22018195,1/24/2022 6:48:00 PM,2022,1,24,18,48,Monday,544121.2355,4809294.044,-80.454831,43.435252,Non intersection,2,P.D. only,On roadway,SMV,Dark,Municipal,No control,Unknown,FALSE,FALSE,FALSE,Snow,FALSE,Road 1: KINGSWAY DR (50 km/h); Road 2: SECOND AVE; Distance: 5.0 M E; Charged Driver #1 on page 1: NA NA (NA) (NA); Vehicle #1     Make: TOYT     Model: UCS     Colour: BLU     Style: 4D,12/22/2022 9:37:11 AM,544121.2355,4809294.044,Q1,Working,FALSE
8364,51845,22018793,1/25/2022 4:00:00 PM,2022,1,25,16,0,Tuesday,538354.868,4809787.398,-80.526044,43.440012,Intersection,2,P.D. only,On roadway,Intersection,Daylight,Municipal,Sign Control,Functioning,FALSE,FALSE,FALSE,Clear,TRUE,Road 1: HAZELGLEN DR; Road 2: MOOREGATE CRESCENT; Vehicle #1     Make: HOND     Model: UCL     Colour: WHI     Style: 4D; Vehicle #2     Make: HOND     Model: UCS     Colour: BLU     Style: 4D,12/22/2022 9:32:17 AM,538354.868,4809787.398,Q1,Working,FALSE
8365,51846,22018936,1/25/2022 7:46:00 PM,2022,1,25,19,46,Tuesday,539197.6605,4809083.107,-80.515681,43.433627,Non intersection,1,Non-fatal injury,On roadway,SMV,Dark,Municipal,No control,Unknown,TRUE,FALSE,FALSE,Snow,FALSE,Road 1: 98 OVERLEA DR (40 km/h); Road 2: OVERLEA DR; Distance: 2.0 M S; Vehicle #1     Make:      Model:      Colour:      Style:,12/22/2022 9:33:03 AM,539197.6605,4809083.107,Q1,Working,FALSE
8366,51847,22019216,1/26/2022 8:50:00 AM,2022,1,26,8,50,Wednesday,542982.9864,4806588.651,-80.469108,43.410959,Non intersection,2,P.D. only,On roadway,Intersection,Daylight,Municipal,No control,Unknown,FALSE,FALSE,FALSE,Snow,TRUE,Road 1: CENTURY HILL DR; Road 2: SOUTHWOOD DR; Vehicle #1     Make: MAZD     Model: 3TR     Colour: BLU     Style: 4D; Vehicle #2     Make: CHEV     Model: SIL     Colour: BLK     Style: PK,12/22/2022 9:32:51 AM,542982.9864,4806588.652,Q1,Working,FALSE
8367,51848,22019591,1/26/2022 3:00:00 PM,2022,1,26,15,0,Wednesday,541603.3866,4813227.36,-80.485641,43.470812,Private Drive,2,Non-reportable,Off roadway,SMV,Daylight,Municipal,No control,Unknown,FALSE,FALSE,FALSE,Clear,TRUE,Road 1: 87 BOND ST (PRIVATE DRIVE); Vehicle #1     Make:      Model:      Colour:      Style: ; Vehicle #2     Make: FORD     Model: EDG     Colour: GRY     Style: TY,12/22/2022 9:31:22 AM,541603.3866,4813227.36,Q1,Working,FALSE
8368,51849,22020359,1/27/2022 4:16:00 PM,2022,1,27,16,16,Thursday,538772.8077,4806900.7,-80.521085,43.413998,Non intersection,2,P.D. only,Off roadway,SMV,Daylight,Municipal,No control,Unknown,FALSE,FALSE,FALSE,Snow,FALSE,Road 1: WINDFLOWER CRES (40 km/h); Road 2: WINDFLOWER DR; Distance: 25.0 M N; Charged Driver #1 on page 1: HTA 340 (94) (NA); Vehicle #1     Make: KIA     Model: SPO     Colour: BRN     Style: TY,12/22/2022 9:37:07 AM,538772.8077,4806900.7,Q1,Weekend,FALSE
8369,51850,22020857,1/28/2022 10:10:00 AM,2022,1,28,10,10,Friday,541602.7445,4810740.139,-80.485839,43.448417,Private Drive,2,P.D. only,On roadway,Intersection,Daylight,Municipal,No control,Unknown,FALSE,FALSE,FALSE,Clear,FALSE,Road 1: 199 KING ST E (40 km/h); Road 2: KING ST E; Distance: 0.0 M E; Charged Driver #1 on page 1: HTA 142 (NA) (NA); Vehicle #1     Make: HOND     Model: UDY     Colour: SIL     Style: VN; Vehicle #2     Make: NOVA     Model: LFS     Colour: WHI     Sty,1/3/2023 10:21:33 AM,541602.7445,4810740.139,Q1,Weekend,FALSE
8370,51851,22020859,1/28/2022 10:15:00 AM,2022,1,28,10,15,Friday,541694.8717,4808841.419,-80.484845,43.431316,Intersection,2,P.D. only,On roadway,Intersection,Daylight,Municipal,Sign Control,Functioning,FALSE,FALSE,FALSE,Clear,FALSE,Road 1: HOFFMAN ST (50 km/h); Road 2: KEHL ST (50 km/h); Charged Driver #1 on page 1: HTA 130 (NA) (NA); Vehicle #1     Make: MAZD     Model: MA5     Colour: GRY     Style: SW; Vehicle #2     Make: MERZ     Model: CW3     Colour: GRY     Style: 4D,12/22/2022 9:36:29 AM,541694.8717,4808841.419,Q1,Weekend,FALSE
8371,51852,22021044,1/28/2022 2:15:00 PM,2022,1,28,14,15,Friday,541797.669,4810621.466,-80.483439,43.447338,Intersection,2,P.D. only,On roadway,Intersection,Daylight,Regional,Signal Control,Functioning,FALSE,FALSE,FALSE,Clear,FALSE,Road 1: KING ST E (40 km/h); Road 2: CEDAR ST N (40 km/h); Vehicle #1     Make:      Model:      Colour:      Style: ; Vehicle #2     Make: HOND     Model: UCL     Colour: BLK     Style: 4D,12/22/2022 9:32:11 AM,541797.669,4810621.466,Q1,Weekend,FALSE
8372,51853,22022011,1/29/2022 5:21:00 PM,2022,1,29,17,21,Saturday,539617.6471,4811375.608,-80.510325,43.454247,Intersection,2,P.D. only,On roadway,Intersection,Dusk,Municipal,Signal Control,Functioning,FALSE,FALSE,FALSE,Clear,FALSE,Road 1: PARK ST (50 km/h); Road 2: GLASGOW ST (50 km/h); Charged Driver #1 on page 1: HTA 144 (NA) (NA); Vehicle #1     Make: HYUN     Model: ESS     Colour: WHI     Style: 4D; Vehicle #2     Make: VOLK     Model: TIG     Colour: SIL     Style: TY,12/22/2022 9:37:03 AM,539617.6471,4811375.608,Q1,Weekend,FALSE
8373,51854,22022120,1/29/2022 7:50:00 PM,2022,1,29,19,50,Saturday,540284.4148,4810772.496,-80.502129,43.448781,Non intersection,2,Non-reportable,On roadway,Intersection,Dark,Regional,No control,Unknown,FALSE,FALSE,FALSE,Clear,TRUE,Road 1: PARK ST; Road 2: VICTORIA ST S; Vehicle #1     Make: VOLK     Model: TIG     Colour: WHI     Style: TY; Vehicle #2     Make:      Model:      Colour:      Style:,12/22/2022 9:31:20 AM,540284.4148,4810772.496,Q1,Weekend,FALSE
8374,51855,22022721,1/30/2022 4:24:00 PM,2022,1,30,16,24,Sunday,541797.6484,4810621.791,-80.483439,43.447341,Intersection,2,P.D. only,On roadway,Intersection,Daylight,Municipal,Signal Control,Functioning,FALSE,FALSE,FALSE,Clear,FALSE,Road 1: KING ST E (50 km/h); Road 2: CEDAR ST N (50 km/h); Distance: 30.0 M W; Vehicle #1     Make:      Model:      Colour:      Style: ; Vehicle #2     Make: TOYT     Model: CTX     Colour: BLU     Style: 4B,12/22/2022 9:33:06 AM,541797.6484,4810621.791,Q1,Weekend,FALSE
8375,51856,22023246,1/31/2022 10:00:00 AM,2022,1,31,10,0,Monday,537928.3766,4807796.649,-80.531453,43.422109,Private Drive,2,P.D. only,On roadway,Intersection,Daylight,Municipal,No control,Unknown,FALSE,FALSE,FALSE,Clear,TRUE,Road 1: AUTUMN HILL CRESCENT; Vehicle #1     Make: HYUN     Model: SGL     Colour: BLK     Style: 4D; Vehicle #2     Make:      Model:      Colour:      Style:,4/22/2022 2:27:08 PM,537928.3766,4807796.649,Q1,Working,FALSE
8376,51857,22023289,1/31/2022 11:11:00 AM,2022,1,31,11,11,Monday,542768.5413,4803644.68,-80.471987,43.384464,Private Drive,2,Non-reportable,On roadway,SMV,Daylight,Municipal,No control,Unknown,FALSE,FALSE,FALSE,Clear,TRUE,Road 1: ROCKCLIFFE DR; Road 2: BANFFISHIRES ST; Vehicle #1     Make: BMW     Model: TRG     Colour: GRY     Style: TY; Vehicle #2     Make: TOYT     Model: CAM     Colour: GRY     Style: 4D,12/22/2022 9:27:03 AM,542768.5413,4803644.68,Q1,Working,FALSE
8377,51858,22023408,1/19/2022 9:30:00 AM,2022,1,19,9,30,Wednesday,538082.8606,4806992.381,-80.5296,43.414859,Non intersection,2,Non-reportable,On roadway,SMV,Daylight,Municipal,No control,Unknown,FALSE,FALSE,FALSE,Clear,TRUE,Road 1: ROYAL ORCHARD PLACE (IFO 25); Vehicle #1     Make: FRHT     Model: FM2     Colour: WHI     Style: DP; Vehicle #2     Make: BUIC     Model: ENC     Colour: GRY     Style: TY; Vehicle #3     Make: TOYT     Model: TUN     Colour: BLK     Style: PK,12/22/2022 9:34:55 AM,538082.8606,4806992.381,Q1,Working,FALSE
8378,51859,22023768,1/31/2022 9:19:00 PM,2022,1,31,21,19,Monday,541818.6245,4807483.762,-80.48342,43.419084,Private Drive,2,P.D. only,Off roadway,SMV,Dark,Regional,No control,Unknown,FALSE,FALSE,FALSE,Clear,FALSE,Road 1: 531 STRASBURG RD (50 km/h); Road 2: STRASBURG RD; Distance: 4.0 M N; Charged Driver #1 on page 1: HTA 130 (NA) (NA); Vehicle #1     Make: ACUR     Model: 2TL     Colour: WHI     Style: 4D; Vehicle #2     Make: FORD     Model: EPR     Colour: BLU  ,12/22/2022 9:36:06 AM,541818.6245,4807483.762,Q1,Working,FALSE
8379,51860,22024298,2/1/2022 2:30:00 PM,2022,2,1,14,30,Tuesday,543122.9878,4805517.371,-80.467463,43.401305,Non intersection,2,P.D. only,On roadway,Intersection,Daylight,Municipal,No control,Unknown,FALSE,FALSE,FALSE,Clear,TRUE,Road 1: TRILLIUM DR; Road 2: STRASBURG RD; Vehicle #1     Make: FORD     Model: TLA     Colour: WHI     Style: 4D; Vehicle #2     Make: MACK     Model: 600     Colour: WHI     Style: CT,12/22/2022 9:27:18 AM,543122.9878,4805517.371,Q1,Working,FALSE
8380,51861,22025015,1/26/2022 6:00:00 PM,2022,1,26,18,0,Wednesday,539020.4518,4811244.102,-80.517716,43.453094,Non intersection,2,P.D. only,On roadway,Intersection,Dark,Municipal,No control,Unknown,FALSE,FALSE,FALSE,Clear,TRUE,Road 1: BELMONT AVE W; Road 2: ROCK AVE; Vehicle #1     Make: CHEV     Model: EXP     Colour: RED     Style: FV; Vehicle #2     Make: MAZD     Model: CX5     Colour: RED     Style: TY,12/22/2022 9:33:46 AM,539020.4518,4811244.102,Q1,Working,FALSE
8381,51862,22025063,2/2/2022 12:43:00 PM,2022,2,2,12,43,Wednesday,544116.4096,4811896.17,-80.45468,43.458682,Intersection,1,Non-fatal injury,On roadway,Rear end,Daylight,Municipal,Signal Control,Functioning,FALSE,FALSE,FALSE,Snow,FALSE,Road 1: RIVER RD E (50 km/h); Road 2: MANCHESTER RD (50 km/h); Distance: 12.0 M E; Vehicle #1     Make: TOYT     Model: RG4     Colour: BRN     Style: TY; Vehicle #2     Make: RAM     Model: RTR     Colour: GRY     Style: PK,12/22/2022 9:26:46 AM,544116.4096,4811896.17,Q1,Working,FALSE
8382,51863,22025557,2/3/2022 4:00:00 AM,2022,2,3,4,0,Thursday,540873.5426,4811047.056,-80.494827,43.451221,Intersection,2,P.D. only,On roadway,Other,Dark,Regional,No control,Unknown,FALSE,FALSE,FALSE,Snow,TRUE,Road 1: WATER ST S; Road 2: HALLS LN; Vehicle #1     Make: GMC     Model: SIE     Colour: BLK     Style: PK; Vehicle #2     Make:      Model:      Colour:      Style:,12/22/2022 9:27:17 AM,540873.5426,4811047.056,Q1,Weekend,FALSE
8383,51864,22025619,2/3/2022 7:20:00 AM,2022,2,3,7,20,Thursday,539568.1258,4811425.741,-80.510934,43.454701,Intersection,2,P.D. only,On roadway,Rear end,Daylight,Municipal,Signal Control,Functioning,FALSE,FALSE,FALSE,Clear,TRUE,Road 1: GREEN ST; Road 2: PARK ST; Vehicle #1     Make: VOLK     Model: GSE     Colour: WHI     Style: SW; Vehicle #2     Make: MAZD     Model: MA2     Colour: GRY     Style: 4B,12/22/2022 9:27:02 AM,539568.1258,4811425.741,Q1,Weekend,FALSE
8384,51865,22025781,2/3/2022 10:41:00 AM,2022,2,3,10,41,Thursday,541797.9101,4810621.347,-80.483436,43.447337,Intersection,2,Non-reportable,On roadway,Rear end,Daylight,Regional,Signal Control,Functioning,FALSE,FALSE,FALSE,Clear,TRUE,Road 1: KING ST E; Road 2: CEDAR ST; Vehicle #1     Make:      Model:      Colour:      Style: ; Vehicle #2     Make: HYUN     Model: SAN     Colour: BLU     Style: TY,12/22/2022 9:29:00 AM,541797.9101,4810621.347,Q1,Weekend,FALSE
8385,51866,22025830,2/3/2022 11:40:00 AM,2022,2,3,11,40,Thursday,541625.1613,4812834.11,-80.485402,43.46727,Non intersection,2,Non-reportable,On roadway,SMV,Daylight,Municipal,No control,Unknown,FALSE,FALSE,FALSE,Clear,TRUE,Road 1: 79 ARNOLD ST (IFO); Vehicle #1     Make: INTL     Model: EUD     Colour: WHI     Style: CT; Vehicle #2     Make:      Model:      Colour:      Style:,12/22/2022 9:27:31 AM,541625.1613,4812834.11,Q1,Weekend,FALSE
8386,51867,22026431,2/4/2022 7:50:00 AM,2022,2,4,7,50,Friday,544806.122,4805155.714,-80.446708,43.39795,Intersection,2,Non-reportable,On roadway,Intersection,Daylight,Other,No control,Unknown,FALSE,FALSE,FALSE,Snow,TRUE,Road 1: DOON VILLAGE ROAD; Road 2: FARRIER ST (FARRIER ST); Vehicle #1     Make: NISS     Model: ROG     Colour: WHI     Style: TY; Vehicle #2     Make: CONS     Model: TRAC     Colour:      Style:,12/22/2022 9:32:13 AM,544806.1219,4805155.714,Q1,Weekend,FALSE
8387,51868,22026461,2/4/2022 8:30:00 AM,2022,2,4,8,30,Friday,539371.0909,4810470.081,-80.513438,43.446106,Non intersection,2,Non-reportable,On roadway,Other,Daylight,Municipal,No control,Unknown,FALSE,FALSE,FALSE,Clear,TRUE,Road 1: 460 BELMONT AVE W; Road 2: UNION ST; Vehicle #1     Make: TOYT     Model: RG4     Colour: BLU     Style: TY; Vehicle #2     Make: TOYT     Model: CTX     Colour: BLU     Style: 4B,12/22/2022 9:27:01 AM,539371.0909,4810470.081,Q1,Weekend,FALSE
8388,51869,22026505,1/21/2022 3:15:00 PM,2022,1,21,15,15,Friday,536405.7002,4808937.401,-80.550187,43.432456,Private Drive,2,Non-reportable,On roadway,Other,Daylight,Municipal,No control,Unknown,FALSE,FALSE,FALSE,Clear,TRUE,Road 1: 75 HIGHGATE RD; Vehicle #1     Make: HOND     Model: UDY     Colour: BLK     Style: VN; Vehicle #2     Make: SAA     Model: 5TA     Colour: BLK     Style: 4D,12/22/2022 9:31:19 AM,536405.7002,4808937.401,Q1,Weekend,FALSE
8389,51870,22026512,1/21/2022 2:15:00 PM,2022,1,21,14,15,Friday,542541.7379,4804233.21,-80.474741,43.389776,Non intersection,2,Non-reportable,On roadway,SMV,Daylight,Municipal,No control,Unknown,FALSE,FALSE,FALSE,Clear,TRUE,Road 1: 94 PARKVALE DR (IFO); Vehicle #1     Make:      Model:      Colour:      Style: ; Vehicle #2     Make: HYUN     Model: TUC     Colour: BLK     Style: TY,12/22/2022 9:31:02 AM,542541.7379,4804233.21,Q1,Weekend,FALSE
8390,51871,22026591,2/4/2022 11:09:00 AM,2022,2,4,11,9,Friday,539308.0373,4809140.164,-80.514313,43.434135,Non intersection,2,P.D. only,Off roadway,SMV,Daylight,Municipal,No control,Unknown,FALSE,FALSE,FALSE,Clear,FALSE,Road 1: 55 OVERLEA DR (50 km/h); Road 2: OVERLEA DR; Distance: 5.0 M W; Vehicle #1     Make: FRHT     Model: FM2     Colour: WHI     Style: DP,12/22/2022 9:26:59 AM,539308.0373,4809140.164,Q1,Weekend,FALSE
8391,51872,22026655,2/4/2022 12:42:00 PM,2022,2,4,12,42,Friday,542560.1356,4812550.024,-80.473865,43.464659,Intersection,1,Non-fatal injury,On roadway,Intersection,Daylight,Regional,Sign Control,Functioning,FALSE,FALSE,FALSE,Clear,FALSE,Road 1: WELLINGTON ST N (60 km/h); Road 2: 85 S OFF TO WELLINGTON ST N (90 km/h); Distance: 0.0 M N; Vehicle #1     Make: SUZI     Model: GVT     Colour: RED     Style: TY; Vehicle #2     Make: WSTR     Model: CNV     Colour: BLU     Style: CT,12/22/2022 9:33:21 AM,542560.1356,4812550.024,Q1,Weekend,FALSE
8392,51873,22026936,2/4/2022 4:15:00 PM,2022,2,4,16,15,Friday,541213.2483,4810115.812,-80.490699,43.442817,Intersection,2,Non-reportable,On roadway,Intersection,Daylight,Municipal,Sign Control,Functioning,FALSE,FALSE,FALSE,Clear,TRUE,Road 1: PETER ST; Road 2: WHITNEY PL; Vehicle #1     Make: TOYT     Model: YAR     Colour: GRY     Style: 4B; Vehicle #2     Make:      Model:      Colour:      Style:,12/22/2022 9:33:04 AM,541213.2483,4810115.813,Q1,Weekend,FALSE
8393,51874,22027581,1/10/2022 12:30:00 PM,2022,1,10,12,30,Monday,542200.4888,4810986.482,-80.478432,43.450602,Private Drive,2,P.D. only,On roadway,Other,Daylight,Municipal,No control,Unknown,FALSE,FALSE,FALSE,Snow,TRUE,Road 1: KRUG ST (IFO 70); Vehicle #1     Make: AUDI     Model: 4QP     Colour: BLK     Style: 4D; Vehicle #2     Make: HOND     Model: FIS     Colour: ONG     Style: 4B,1/3/2023 10:21:58 AM,542200.4888,4810986.482,Q1,Working,FALSE