,OBJECTID,ACCIDENTNUM,ACCIDENTDATE,ACCIDENT_YEAR,ACCIDENT_MONTH,ACCIDENT_DAY,ACCIDENT_HOUR,ACCIDENT_MINUTE,Accident_Day,XCOORD,YCOORD,LONGITUDE,LATITUDE,Accident_Location,COLLISIONTYPE,Accident_Type,Impact_Location,Impact_Type,Light,Road_Jurisdication,Traffic_Control,Traffic_Control_Condition,Pedestrian_Involved,Cyclist_Involved,Motorcyclist_Involved,Environment_Condition,Self_Reported,XMLIMPORTNOTES,LASTEDITEDDATE,x,y,Quarter,Day_Type,Vulnerable_Involved
8394,51875,22027629,2/5/2022 3:41:00 PM,2022,2,5,15,41,Saturday,541924.4983,4810821.531,-80.481856,43.449132,Private Drive,2,P.D. only,On roadway,Other,Daylight,Municipal,No control,Unknown,FALSE,FALSE,FALSE,Clear,FALSE,Road 1: 69 CEDAR ST N (50 km/h); Road 2: CEDAR ST N; Distance: 0.0 M W; Vehicle #1     Make: PONT     Model: VIB     Colour: SIL     Style: 4B; Vehicle #2     Make: FORD     Model: EPR     Colour: BLU     Style: TY,12/22/2022 9:27:00 AM,541924.4983,4810821.531,Q1,Weekend,FALSE
8395,51876,22028075,2/6/2022 4:33:00 AM,2022,2,6,4,33,Sunday,542582.1157,4810126.447,-80.473783,43.442836,Intersection,2,P.D. only,Off roadway,SMV,Dark,Regional,Signal Control,Functioning,FALSE,FALSE,FALSE,Clear,FALSE,Road 1: KING ST E (50 km/h); Road 2: BORDEN AVE N (50 km/h); Charged Driver #1 on page 1: HTA 130 (NA) (NA); Vehicle #1     Make: LEXS     Model: IS3     Colour: GRY     Style: 4D,12/22/2022 9:36:28 AM,542582.1157,4810126.447,Q1,Weekend,FALSE
8396,51877,22028200,1/17/2022 12:00:00 PM,2022,1,17,12,0,Monday,541861.0826,4803467.95,-80.483203,43.382923,Intersection,2,Non-reportable,On roadway,Rear end,Daylight,Municipal,Sign Control,Functioning,FALSE,FALSE,FALSE,Snow,TRUE,Road 1: HURON ST; Road 2: BECKVIEW DR; Vehicle #1     Make:      Model:      Colour:      Style: ; Vehicle #2     Make: RAM     Model: RTR     Colour: BLK     Style: PK,12/22/2022 9:31:47 AM,541861.0826,4803467.95,Q1,Working,FALSE
8397,51878,22028241,1/17/2022 4:30:00 PM,2022,1,17,16,30,Monday,541682.2203,4807737.537,-80.485086,43.421377,Non intersection,2,Non-reportable,On roadway,Intersection,Daylight,Municipal,No control,Unknown,FALSE,FALSE,FALSE,Snow,TRUE,Road 1: STRASBURG RD; Road 2: KINGSWOOD DR ALPINE KITCHENER; Vehicle #1     Make:      Model:      Colour:      Style: ; Vehicle #2     Make: KIA     Model: SOU     Colour: RED     Style: TY,12/22/2022 9:30:44 AM,541682.2203,4807737.537,Q1,Working,FALSE
8398,51879,22028257,1/18/2022 4:40:00 PM,2022,1,18,16,40,Tuesday,543764.8183,4805499.049,-80.459539,43.401103,Non intersection,2,Non-reportable,On roadway,Intersection,Dusk,Municipal,No control,Unknown,FALSE,FALSE,FALSE,Clear,TRUE,Road 1: TRILLIUM DR; Road 2: BEASLEY DR; Vehicle #1     Make: CHEV     Model: CZT     Colour: WHI     Style: 4D; Vehicle #2     Make:      Model:      Colour:      Style:,12/22/2022 9:32:28 AM,543764.8183,4805499.049,Q1,Working,FALSE
8399,51880,22028948,2/7/2022 10:05:00 AM,2022,2,7,10,5,Monday,541180.0368,4809392.751,-80.491164,43.436309,Intersection,2,P.D. only,On roadway,Intersection,Daylight,Municipal,Signal Control,Functioning,FALSE,FALSE,FALSE,Clear,FALSE,Road 1: STIRLING AVE S (50 km/h); Road 2: HIGHLAND RD E (50 km/h); Charged Driver #1 on page 1: HTA 144 (NA) (NA); Vehicle #1     Make: HYUN     Model: SAN     Colour: WHI     Style: TY; Vehicle #2     Make: NISS     Model: NNV     Colour: WHI     Style: ,12/22/2022 9:37:02 AM,541180.0368,4809392.751,Q1,Working,FALSE
8400,51881,22029437,2/7/2022 11:18:00 PM,2022,2,7,23,18,Monday,546052.0363,4807169.89,-80.431154,43.41601,Non intersection,2,P.D. only,Off roadway,SMV,Dark,Municipal,No control,Unknown,FALSE,FALSE,FALSE,Snow,FALSE,Road 1: HIDDEN VALLEY RD (50 km/h); Road 2: WABANAKI DR; Distance: 200.0 M S; Vehicle #1     Make: HOND     Model: CCL     Colour: BLU     Style: 4D,12/22/2022 9:33:32 AM,546052.0363,4807169.89,Q1,Working,FALSE
8401,51882,22029686,1/27/2022 3:45:00 PM,2022,1,27,15,45,Thursday,545841.2271,4807184.519,-80.433756,43.416155,Non intersection,2,P.D. only,On roadway,Rear end,Daylight,Municipal,No control,Unknown,FALSE,FALSE,FALSE,Rain,TRUE,Road 1: WABANAKI DR; Vehicle #1     Make: JEEP     Model: CHK     Colour: BLK     Style: TY; Vehicle #2     Make: PONT     Model: MON     Colour: WHI     Style: VN,4/22/2022 2:25:18 PM,545841.2271,4807184.519,Q1,Weekend,FALSE
8402,51883,22032193,1/28/2022 6:30:00 PM,2022,1,28,18,30,Friday,538799.4229,4806688.727,-80.520771,43.412088,Non intersection,2,P.D. only,On roadway,SMV,Dark,Municipal,No control,Unknown,FALSE,FALSE,FALSE,Clear,TRUE,Road 1: 104 WAKE ROBIN DR; Vehicle #1     Make:      Model:      Colour:      Style: ; Vehicle #2     Make: KIA     Model: SPO     Colour: BLK     Style: TY,4/22/2022 2:25:19 PM,538799.4229,4806688.727,Q1,Weekend,FALSE
8403,51884,22032216,2/8/2022 2:30:00 PM,2022,2,8,14,30,Tuesday,546785.2227,4809880.241,-80.421865,43.440369,Non intersection,2,Non-reportable,On roadway,Other,Daylight,Municipal,No control,Unknown,FALSE,FALSE,FALSE,Clear,TRUE,Road 1: 323 BRIARMEADOW DR (IFO); Vehicle #1     Make: NISS     Model: MUR     Colour: SIL     Style: TY; Vehicle #2     Make: FORD     Model: EDG     Colour: GRY     Style: TY,12/22/2022 9:31:39 AM,546785.2227,4809880.241,Q1,Working,FALSE
8404,51885,22032240,2/11/2022 9:46:00 AM,2022,2,11,9,46,Friday,540983.0976,4809706.829,-80.493574,43.439147,Non intersection,2,P.D. only,Off roadway,SMV,Daylight,Regional,No control,Unknown,FALSE,FALSE,FALSE,Snow,FALSE,Road 1: HIGHLAND RD E (50 km/h); Road 2: SPADINA RD. E; Distance: 20.0 M S; Vehicle #1     Make: VOLK     Model: TIG     Colour: WHI     Style: TY,12/22/2022 9:26:48 AM,540983.0976,4809706.829,Q1,Weekend,FALSE
8405,51886,22032266,2/11/2022 11:15:00 AM,2022,2,11,11,15,Friday,545967.9386,4803122.276,-80.432533,43.379571,Private Drive,2,Non-reportable,On roadway,SMV,Daylight,Municipal,No control,Unknown,FALSE,FALSE,FALSE,Clear,TRUE,Road 1: 468 DOON SOUTH DR; Vehicle #1     Make: RAM     Model: RTR     Colour: BLK     Style: PK; Vehicle #2     Make:      Model:      Colour:      Style:,12/22/2022 9:32:03 AM,545967.9386,4803122.276,Q1,Weekend,FALSE
8406,51887,22032304,2/11/2022 12:10:00 PM,2022,2,11,12,10,Friday,539044.5727,4811195.039,-80.517421,43.452651,Intersection,2,P.D. only,On roadway,Intersection,Daylight,Regional,Sign Control,Functioning,FALSE,FALSE,FALSE,Snow,TRUE,Road 1: BELMONT AVE W; Road 2: ROCK AVE; Vehicle #1     Make: HOND     Model: PIL     Colour: GRY     Style: TY; Vehicle #2     Make:      Model:      Colour:      Style:,12/22/2022 9:28:12 AM,539044.5727,4811195.039,Q1,Weekend,FALSE
8407,51888,22032400,2/11/2022 2:45:00 PM,2022,2,11,14,45,Friday,539176.3077,4806674.242,-80.516117,43.411938,Intersection,2,Non-reportable,On roadway,Intersection,Daylight,Municipal,Sign Control,Functioning,FALSE,FALSE,FALSE,Snow,TRUE,Road 1: WILDERNESS DR; Road 2: GREY FOX DR; Vehicle #1     Make: JEEP     Model: WUL     Colour: BLK     Style: TY; Vehicle #2     Make:      Model:      Colour:      Style:,12/22/2022 9:31:52 AM,539176.3077,4806674.243,Q1,Weekend,FALSE
8408,51889,22032470,2/11/2022 4:00:00 PM,2022,2,11,16,0,Friday,541180.3839,4809392.539,-80.49116,43.436307,Intersection,2,P.D. only,On roadway,Rear end,Daylight,Regional,No control,Unknown,FALSE,FALSE,FALSE,Snow,TRUE,Road 1: HIGHLAND RD W; Road 2: STIRLING; Vehicle #1     Make: DODG     Model: JOU     Colour: BLK     Style: TY; Vehicle #2     Make: NISS     Model: ATS     Colour: GRY     Style: 4D,12/22/2022 9:34:25 AM,541180.3839,4809392.54,Q1,Weekend,FALSE
8409,51890,22032575,2/11/2022 6:40:00 PM,2022,2,11,18,40,Friday,546062.7361,4809493.09,-80.430826,43.436928,Intersection,2,Non-reportable,On roadway,Rear end,Dark,Regional,Signal Control,Functioning,FALSE,FALSE,FALSE,Rain,TRUE,Road 1: RIVER RD E; Road 2: KINZIE AVE; Vehicle #1     Make: VOLK     Model: GEL     Colour: BLK     Style: 4B; Vehicle #2     Make:      Model:      Colour:      Style:,12/22/2022 9:32:08 AM,546062.7361,4809493.09,Q1,Weekend,FALSE
8410,51891,22032664,2/11/2022 9:28:00 PM,2022,2,11,21,28,Friday,543569.0188,4804977.193,-80.461998,43.396416,Intersection,2,P.D. only,On roadway,SMV,Dark,Municipal,Signal Control,Functioning,FALSE,FALSE,FALSE,Snow,FALSE,Road 1: HURON RD (60 km/h); Road 2: BATTLER RD (60 km/h); Charged Driver #1 on page 1: HTA 70 (NA) (NA); Vehicle #1     Make: CHEV     Model: BSS     Colour: BLK     Style: 2D,12/22/2022 9:37:10 AM,543569.0188,4804977.193,Q1,Weekend,FALSE
8411,51892,22033006,2/11/2022 9:00:00 AM,2022,2,11,9,0,Friday,545151.0331,4807209.803,-80.442279,43.416424,Private Drive,2,Non-reportable,Off roadway,SMV,Daylight,Municipal,No control,Unknown,FALSE,FALSE,FALSE,Snow,TRUE,Road 1: WILSON AVE KITCHENER; Road 2: IN FRONT OF HOUSES; Vehicle #1     Make:      Model:      Colour:      Style: ; Vehicle #2     Make: CHEV     Model: CZT     Colour: RED     Style: 4D,12/22/2022 9:32:07 AM,545151.0331,4807209.803,Q1,Weekend,FALSE
8412,51893,22034329,1/14/2022 1:00:00 PM,2022,1,14,13,0,Friday,544430.0487,4810992.227,-80.450877,43.450524,Private Drive,2,P.D. only,On roadway,Other,Daylight,Municipal,No control,Unknown,FALSE,FALSE,FALSE,Clear,TRUE,Road 1: 56 HICKSON DR; Vehicle #1     Make: MERZ     Model: GLE     Colour: BLK     Style: TY; Vehicle #2     Make: TOYT     Model: RV4     Colour: RED     Style: TY,1/3/2023 10:22:07 AM,544430.0487,4810992.228,Q1,Weekend,FALSE
8413,51894,22034336,1/8/2022 9:40:00 PM,2022,1,8,21,40,Saturday,539951.8121,4805933.762,-80.506593,43.40523,Private Drive,2,P.D. only,On roadway,SMV,Dark,Municipal,No control,Unknown,FALSE,FALSE,FALSE,Clear,TRUE,Road 1: 10 SWARTZ ST (IFO); Vehicle #1     Make:      Model:      Colour:      Style: ; Vehicle #2     Make: LNDR     Model: LR2     Colour: GRY     Style: TY,1/3/2023 10:22:03 AM,539951.8121,4805933.762,Q1,Weekend,FALSE
8414,51895,22034369,1/2/2022 4:10:00 PM,2022,1,2,16,10,Sunday,544754.5226,4808022.989,-80.44711,43.42377,Intersection,2,Non-reportable,On roadway,Rear end,Daylight,Municipal,No control,Functioning,FALSE,FALSE,FALSE,Clear,TRUE,Road 1: WILSON AVE; Road 2: TRAYNOR AVE; Vehicle #1     Make:      Model:      Colour:      Style: ; Vehicle #2     Make: NISS     Model: ROG     Colour: WHI     Style: TY,1/3/2023 10:16:29 AM,544754.5226,4808022.989,Q1,Weekend,FALSE
8415,51896,22034377,10/28/2021 1:10:00 PM,2021,10,28,13,10,Thursday,540571.0253,4812710.941,-80.498442,43.466219,Intersection,2,P.D. only,On roadway,SMV,Daylight,Municipal,Sign Control,Functioning,FALSE,FALSE,FALSE,Clear,TRUE,Road 1: MARGARET AVE; Road 2: UNION ST; Vehicle #1     Make: MAZD     Model: 3TR     Colour: BLK     Style: 4B,8/16/2022 3:01:39 PM,540571.0253,4812710.941,Q4,Weekend,FALSE
8416,51897,22034429,10/30/2021 7:45:00 PM,2021,10,30,19,45,Saturday,537702.0531,4809287.631,-80.534146,43.435545,Private Drive,2,P.D. only,Off roadway,SMV,Dark,Municipal,No control,Unknown,FALSE,FALSE,FALSE,Clear,TRUE,Road 1: WEXFORD CRESCENT (IFO 11 ON STREET); Vehicle #1     Make:      Model:      Colour:      Style: ; Vehicle #2     Make: HYUN     Model: AGG     Colour: GRY     Style: 4D,8/16/2022 3:06:12 PM,537702.0531,4809287.631,Q4,Weekend,FALSE
8417,51898,22036614,2/17/2022 5:05:00 AM,2022,2,17,5,5,Thursday,546092.9593,4812404.176,-80.430206,43.463137,Non intersection,2,P.D. only,On roadway,Intersection,Dark,Municipal,No control,Unknown,FALSE,FALSE,FALSE,Snow,TRUE,Road 1: KEEWATIN AVE (IFO 337); Vehicle #1     Make:      Model:      Colour:      Style: ; Vehicle #2     Make: KIA     Model: SOU     Colour: BLU     Style: TY; Vehicle #3     Make:      Model:      Colour:      Style:,12/22/2022 9:32:29 AM,546092.9593,4812404.176,Q1,Weekend,FALSE
8418,51899,22036637,2/17/2022 6:47:00 AM,2022,2,17,6,47,Thursday,545275.0275,4806434.311,-80.440812,43.409434,Intersection,1,Non-fatal injury,On roadway,Intersection,Dawn,Municipal,Sign Control,Functioning,FALSE,FALSE,FALSE,Rain,FALSE,Road 1: WILSON AVE (50 km/h); Road 2: WABANAKI DR (50 km/h); Charged Driver #1 on page 1: HTA 130 (NA) (NA); Vehicle #1     Make: TOYT     Model: HV4     Colour: BLU     Style: TY; Vehicle #2     Make: FORD     Model: DRW     Colour: WHI     Style: CB,12/22/2022 9:36:04 AM,545275.0275,4806434.311,Q1,Weekend,FALSE
8419,51900,22036668,1/21/2022 8:50:00 PM,2022,1,21,20,50,Friday,544123.354,4809572.054,-80.454782,43.437755,Private Drive,2,Non-reportable,On roadway,SMV,Dark,Municipal,No control,Unknown,FALSE,FALSE,FALSE,Clear,TRUE,Road 1: 67 ROSS AVE (IFO); Road 2: 70 ROSS AVE; Vehicle #1     Make:      Model:      Colour:      Style: ; Vehicle #2     Make: PONT     Model: TOR     Colour: BLK     Style: TY,12/22/2022 9:33:03 AM,544123.354,4809572.054,Q1,Weekend,FALSE
8420,51901,22036702,2/17/2022 8:25:00 AM,2022,2,17,8,25,Thursday,543667.3672,4812459.89,-80.460185,43.463784,Non intersection,2,P.D. only,On roadway,SMV,Daylight,Municipal,No control,Unknown,FALSE,FALSE,FALSE,Rain,TRUE,Road 1: 68 TURNER AVE; Vehicle #1     Make: TOYT     Model: RUN     Colour: WHI     Style: TY; Vehicle #2     Make: MAZD     Model: CX5     Colour: GRY     Style: TY,12/22/2022 9:32:41 AM,543667.3672,4812459.89,Q1,Weekend,FALSE
8421,51902,22036728,1/19/2022 3:10:00 PM,2022,1,19,15,10,Wednesday,547490.0451,4805695.569,-80.41352,43.402646,Non intersection,2,Non-reportable,On roadway,SMV,Daylight,Municipal,No control,Unknown,FALSE,FALSE,FALSE,Clear,TRUE,Road 1: LONGVIEW CRESCENT (IFO 232); Vehicle #1     Make:      Model:      Colour:      Style: ; Vehicle #2     Make: MITS     Model: RVR     Colour: BLU     Style: TY,12/22/2022 9:34:54 AM,547490.0451,4805695.569,Q1,Working,FALSE
8422,51903,22036738,1/28/2022 11:55:00 AM,2022,1,28,11,55,Friday,544994.0914,4810962.544,-80.443909,43.450223,Private Drive,2,Non-reportable,On roadway,Intersection,Daylight,Regional,No control,Unknown,FALSE,FALSE,FALSE,Clear,TRUE,Road 1: 1005 RIVER RD E (STANLEY PARK MALL); Vehicle #1     Make:      Model:      Colour:      Style: ; Vehicle #2     Make: TOYT     Model: RV4     Colour: ONG     Style: TY,12/22/2022 9:31:05 AM,544994.0914,4810962.544,Q1,Weekend,FALSE
8423,51904,22036774,2/1/2022 6:00:00 PM,2022,2,1,18,0,Tuesday,542405.7798,4806619.551,-80.476234,43.41127,Intersection,2,P.D. only,On roadway,Intersection,Dark,Municipal,Sign Control,Functioning,FALSE,FALSE,FALSE,Clear,TRUE,Road 1: STRASBURG RD; Road 2: OLD COUNTRY DR; Vehicle #1     Make: JEEP     Model: PRT     Colour: WHI     Style: TY; Vehicle #2     Make: TOYT     Model: UCS     Colour: GRY     Style: 4D,12/22/2022 9:33:47 AM,542405.7798,4806619.551,Q1,Working,FALSE
8424,51905,22037090,2/17/2022 5:08:00 PM,2022,2,17,17,8,Thursday,541309.8057,4809729.183,-80.489535,43.439331,Intersection,2,P.D. only,Off roadway,SMV,Daylight,Municipal,Sign Control,Functioning,FALSE,FALSE,FALSE,Snow,FALSE,Road 1: MILL ST (50 km/h); Road 2: SPADINA RD E (50 km/h); Vehicle #1     Make:      Model:      Colour: WHI     Style: SUV,12/22/2022 9:34:33 AM,541309.8057,4809729.183,Q1,Weekend,FALSE
8425,51906,22037094,2/17/2022 5:11:00 PM,2022,2,17,17,11,Thursday,544711.6383,4807944.38,-80.447647,43.423065,Intersection,2,P.D. only,On roadway,Intersection,Daylight,Municipal,No control,Unknown,FALSE,FALSE,FALSE,Snow,TRUE,Road 1: TRAYNOR AVE VANIER KITCHENER; Road 2: VANIER DR; Vehicle #1     Make: NISS     Model: ROS     Colour: WHI     Style: 4W; Vehicle #2     Make:      Model:      Colour:      Style:,12/22/2022 9:32:42 AM,544711.6383,4807944.38,Q1,Weekend,FALSE
8426,51907,22037137,2/17/2022 5:00:00 PM,2022,2,17,17,0,Thursday,539998.5515,4810439.779,-80.505686,43.4458,Non intersection,2,P.D. only,Off roadway,Rear end,Daylight,Municipal,No control,Unknown,FALSE,FALSE,FALSE,Rain,FALSE,Road 1: 3 STRANGE ST (50 km/h); Road 2: STRANGE ST; Distance: 1.0 M S; Vehicle #1     Make: PONT     Model: G3     Colour:      Style: 4D; Vehicle #2     Make: HYUN     Model: K3G     Colour: BLU     Style: TY,12/22/2022 9:26:45 AM,539998.5515,4810439.779,Q1,Weekend,FALSE
8427,51908,22037578,1/30/2022 7:46:00 AM,2022,1,30,7,46,Sunday,545603.5206,4804261.683,-80.436936,43.389852,Private Drive,2,P.D. only,Other,Other,Dawn,Municipal,No control,Unknown,FALSE,FALSE,FALSE,Clear,TRUE,Road 1: 961 DOON VILLAGE RD; Vehicle #1     Make: HOND     Model: PIL     Colour: WHI     Style: TY; Vehicle #2     Make:      Model:      Colour:      Style:,12/22/2022 9:27:16 AM,545603.5206,4804261.683,Q1,Weekend,FALSE
8428,51909,22037612,1/18/2022 8:23:00 AM,2022,1,18,8,23,Tuesday,538939.1161,4805773.579,-80.519111,43.403841,Non intersection,2,Non-reportable,On roadway,SMV,Daylight,Municipal,No control,Unknown,FALSE,FALSE,FALSE,Clear,TRUE,Road 1: 300 MOUNTAIN LAUREL CRESCENT (IFO); Vehicle #1     Make: HOND     Model: UDY     Colour: SIL     Style: TY; Vehicle #2     Make: CHRY     Model: 3LM     Colour: WHI     Style: 4D,12/22/2022 9:30:42 AM,538939.1161,4805773.579,Q1,Working,FALSE
8429,51910,22037622,1/24/2022 3:20:00 PM,2022,1,24,15,20,Monday,542834.7469,4804097.923,-80.471134,43.388541,Non intersection,2,Non-reportable,On roadway,Other,Daylight,Municipal,No control,Unknown,FALSE,FALSE,FALSE,Snow,TRUE,Road 1: 15 NEWCASTLE DR; Vehicle #1     Make: ACUR     Model: MDX     Colour: BLK     Style: TY; Vehicle #2     Make: HOND     Model: ODY     Colour: WHI     Style: VN,12/22/2022 9:32:24 AM,542834.7469,4804097.923,Q1,Working,FALSE
8430,51911,22037636,2/18/2022 10:00:00 AM,2022,2,18,10,0,Friday,538668.0392,4810354.54,-80.522134,43.445102,Non intersection,2,P.D. only,On roadway,Rear end,Daylight,Municipal,No control,Unknown,FALSE,FALSE,FALSE,Clear,TRUE,Road 1: GAGE AVE; Vehicle #1     Make: TOYT     Model: CIE     Colour: WHI     Style: VN; Vehicle #2     Make: TOYT     Model: RG4     Colour: BLK     Style: TY,12/22/2022 9:34:39 AM,538668.0392,4810354.54,Q1,Weekend,FALSE
8431,51912,22037734,2/18/2022 11:30:00 AM,2022,2,18,11,30,Friday,537475.434,4808030.844,-80.537032,43.42424,Private Drive,2,Non-reportable,On roadway,SMV,Daylight,Municipal,No control,Unknown,FALSE,FALSE,FALSE,Clear,TRUE,Road 1: CLAYCROFT CRESCENT (IFO 38); Vehicle #1     Make: TOYT     Model: RV4     Colour: GRY     Style: TY; Vehicle #2     Make:      Model:      Colour:      Style:,12/22/2022 9:29:22 AM,537475.434,4808030.844,Q1,Weekend,FALSE
8432,51913,22038685,2/19/2022 1:50:00 PM,2022,2,19,13,50,Saturday,542841.9788,4809873.32,-80.470592,43.440542,Intersection,1,Non-fatal injury,On roadway,Intersection,Daylight,Municipal,Sign Control,Functioning,FALSE,FALSE,FALSE,Snow,FALSE,Road 1: SYDNEY ST S (50 km/h); Road 2: CHARLES ST E (50 km/h); Charged Driver #1 on page 1: HTA 142 (NA) (NA); Vehicle #1     Make: HOND     Model: UDY     Colour: GRY     Style: TY; Vehicle #2     Make: VOLK     Model: JBS     Colour: GRY     Style: 4D,12/22/2022 9:36:50 AM,542841.9788,4809873.32,Q1,Weekend,FALSE
8433,51914,22038887,2/19/2022 6:50:00 PM,2022,2,19,18,50,Saturday,544610.2099,4809092.543,-80.448806,43.433409,Intersection,1,Non-fatal injury,On roadway,Intersection,Dark,Municipal,Signal Control,Functioning,FALSE,FALSE,FALSE,Clear,FALSE,Road 1: KINGSWAY DR (50 km/h); Road 2: FRANKLIN ST S (50 km/h); Charged Driver #1 on page 1: HTA 130 (NA) (NA); Vehicle #1     Make: HYUN     Model: ETG     Colour: GRY     Style: 4B; Vehicle #2     Make: RAM     Model: RTR     Colour: SIL     Style: PK,12/22/2022 9:36:30 AM,544610.2099,4809092.543,Q1,Weekend,FALSE
8434,51915,22038997,2/19/2022 9:00:00 PM,2022,2,19,21,0,Saturday,541741.0417,4810533.227,-80.484145,43.446546,Intersection,2,Non-reportable,On roadway,Other,Dark,Regional,No control,Unknown,FALSE,FALSE,FALSE,Clear,TRUE,Road 1: CEDAR ST S; Road 2: CHARLES ST E; Vehicle #1     Make: FRHT     Model: FM2     Colour: WHI     Style: DP; Vehicle #2     Make:      Model:      Colour:      Style:,12/22/2022 9:32:15 AM,541741.0417,4810533.227,Q1,Weekend,FALSE
8435,51916,22039487,2/20/2022 3:50:00 PM,2022,2,20,15,50,Sunday,538660.9573,4809546.511,-80.522279,43.437827,Private Drive,2,P.D. only,Off roadway,SMV,Daylight,Municipal,No control,Unknown,FALSE,FALSE,FALSE,Clear,TRUE,Road 1: VICMOUNT DR (IFO 70(2)); Vehicle #1     Make: TOYT     Model: MTL     Colour: BLK     Style: 4D; Vehicle #2     Make: TOYT     Model: MTL     Colour: SIL     Style: 4D,12/22/2022 9:29:32 AM,538660.9573,4809546.511,Q1,Weekend,FALSE
8436,51917,22039563,2/20/2022 11:00:00 AM,2022,2,20,11,0,Sunday,541948.7989,4809147.847,-80.481684,43.434061,Private Drive,2,P.D. only,On roadway,SMV,Daylight,Municipal,No control,Unknown,FALSE,FALSE,FALSE,Clear,TRUE,Road 1: 45 PATTANDON AVE (IFO 45); Vehicle #1     Make:      Model:      Colour:      Style: ; Vehicle #2     Make: KIA     Model: FNG     Colour: BLK     Style: 4D,12/22/2022 9:32:45 AM,541948.7989,4809147.847,Q1,Weekend,FALSE
8437,51918,22039709,2/20/2022 9:44:00 PM,2022,2,20,21,44,Sunday,541359.5255,4808642.026,-80.489003,43.429539,Intersection,2,P.D. only,On roadway,Intersection,Dark,Regional,Sign Control,Functioning,FALSE,FALSE,FALSE,Clear,FALSE,Road 1: HOMER WATSON BLVD (60 km/h); Road 2: HOFFMAN ST (50 km/h); Charged Driver #1 on page 1: HTA 130 (NA) (NA); Vehicle #1     Make: JEEP     Model: CHK     Colour: SIL     Style: TY; Vehicle #2     Make: JEEP     Model: WUL     Colour: BLK     Style: ,12/22/2022 9:36:37 AM,541359.5255,4808642.026,Q1,Weekend,FALSE
8438,51919,22039869,2/21/2022 6:45:00 AM,2022,2,21,6,45,Monday,541937.1659,4816314.749,-80.481276,43.498592,Intersection,2,P.D. only,On roadway,SMV,Dawn,Regional,Sign Control,Functioning,FALSE,FALSE,FALSE,Snow,FALSE,Road 1: KIWANIS PARK DR (50 km/h); Road 2: FALCONRIDGE DR (50 km/h); Distance: 3.0 M N; Vehicle #1     Make: GMC     Model: SIE     Colour: BLK     Style: CW,12/22/2022 9:32:02 AM,541937.1659,4816314.749,Q1,Working,FALSE
8439,51920,22041232,2/23/2022 6:30:00 AM,2022,2,23,6,30,Wednesday,544200.6828,4812886.165,-80.453558,43.467591,Intersection,2,Non-reportable,On roadway,Intersection,Dark,Regional,No control,Unknown,FALSE,FALSE,FALSE,Clear,TRUE,Road 1: FORFAR AVE; Road 2: VICTORIA ST N; Vehicle #1     Make: RAM     Model: RTR     Colour: WHI     Style: PK; Vehicle #2     Make: TOYT     Model: UCS     Colour: RED     Style: 4D,12/22/2022 9:33:20 AM,544200.6828,4812886.165,Q1,Working,FALSE
8440,51921,22041527,2/23/2022 1:38:00 PM,2022,2,23,13,38,Wednesday,539052.1649,4810483.855,-80.517378,43.446247,Private Drive,2,P.D. only,On roadway,Intersection,Daylight,Municipal,No control,Unknown,FALSE,FALSE,FALSE,Clear,FALSE,Road 1: 275 (50 km/h); Road 2: GAGE AVE; Distance: 10.0 M S; Charged Driver #1 on page 1: HTA 139 (NA) (NA); Vehicle #1     Make: HOND     Model: UCS     Colour: WHI     Style: 4D; Vehicle #2     Make: NISS     Model: VVL     Colour: GRY     Style: 4D,12/22/2022 9:36:46 AM,539052.1649,4810483.855,Q1,Working,FALSE
8441,51922,22041592,2/23/2022 3:09:00 PM,2022,2,23,15,9,Wednesday,545124.0314,4807659.882,-80.442576,43.420479,Private Drive,2,P.D. only,On roadway,Intersection,Daylight,Municipal,No control,Unknown,FALSE,FALSE,FALSE,Clear,FALSE,Road 1: 385 WILSON AVE (50 km/h); Road 2: FAIRWAY RD S; Distance: 50.0 M W; Charged Driver #1 on page 1: HTA 142 (NA) (NA); Vehicle #1     Make: HOND     Model: UEX     Colour: BLK     Style: 4D; Vehicle #2     Make: SUBA     Model: O6L     Colour: SIL   ,12/22/2022 9:36:58 AM,545124.0314,4807659.882,Q1,Working,FALSE