,OBJECTID,ACCIDENTNUM,ACCIDENTDATE,ACCIDENT_YEAR,ACCIDENT_MONTH,ACCIDENT_DAY,ACCIDENT_HOUR,ACCIDENT_MINUTE,Accident_Day,XCOORD,YCOORD,LONGITUDE,LATITUDE,Accident_Location,COLLISIONTYPE,Accident_Type,Impact_Location,Impact_Type,Light,Road_Jurisdication,Traffic_Control,Traffic_Control_Condition,Pedestrian_Involved,Cyclist_Involved,Motorcyclist_Involved,Environment_Condition,Self_Reported,XMLIMPORTNOTES,LASTEDITEDDATE,x,y,Quarter,Day_Type,Vulnerable_Involved
8442,51923,22041758,2/23/2022 6:45:00 PM,2022,2,23,18,45,Wednesday,547749.4992,4810075.148,-80.409933,43.442063,Private Drive,2,P.D. only,Off roadway,SMV,Dark,Municipal,No control,Unknown,FALSE,FALSE,FALSE,Clear,TRUE,Road 1: TREMAINE DR (IFO 93); Vehicle #1     Make: GMC     Model: TER     Colour: BLK     Style: TY; Vehicle #2     Make: VOLK     Model: GTI     Colour: GRY     Style: 4B,12/22/2022 9:29:46 AM,547749.4992,4810075.148,Q1,Working,FALSE
8443,51924,22042052,2/24/2022 7:56:00 AM,2022,2,24,7,56,Thursday,542872.7879,4807421.287,-80.470403,43.418462,Intersection,1,Non-fatal injury,On roadway,SMV,Daylight,Regional,Signal Control,Functioning,TRUE,FALSE,FALSE,Clear,FALSE,Road 1: BLOCK LINE RD (50 km/h); Road 2: KINGSWOOD DR (50 km/h); Charged Driver #1 on page 1: HTA 142 (NA) (NA); Vehicle #1     Make: HOND     Model: CCL     Colour: BLU     Style: 4D,12/22/2022 9:36:59 AM,542872.7879,4807421.287,Q1,Weekend,FALSE
8444,51925,22042188,2/24/2022 10:10:00 AM,2022,2,24,10,10,Thursday,541016.2131,4809676.612,-80.493167,43.438873,Intersection,2,P.D. only,On roadway,Rear end,Daylight,Regional,Signal Control,Functioning,FALSE,FALSE,FALSE,Clear,TRUE,Road 1: HIGHLAND RD E; Road 2: SPADINA RD E; Vehicle #1     Make: TOYT     Model: VEN     Colour: BLK     Style: TY; Vehicle #2     Make: TOYT     Model: CBA     Colour: BRN     Style: 4D,12/22/2022 9:29:56 AM,541016.2131,4809676.612,Q1,Weekend,FALSE
8445,51926,22042261,1/25/2022 8:00:00 AM,2022,1,25,8,0,Tuesday,539343.2632,4811553.413,-80.513704,43.455862,Non intersection,2,P.D. only,On roadway,Intersection,Daylight,Municipal,No control,Unknown,FALSE,FALSE,FALSE,Clear,TRUE,Road 1: PARK ST; Road 2: MT HOPE ST; Vehicle #1     Make: KIA     Model: FNG     Colour: GRY     Style: 4D; Vehicle #2     Make: HOND     Model: CRV     Colour: SIL     Style: TY,4/22/2022 2:25:16 PM,539343.2632,4811553.413,Q1,Working,FALSE
8446,51927,22042960,2/25/2022 10:00:00 AM,2022,2,25,10,0,Friday,538899.4874,4811470.662,-80.519195,43.45514,Intersection,2,P.D. only,On roadway,Intersection,Daylight,Regional,Signal Control,Functioning,FALSE,FALSE,FALSE,Clear,TRUE,Road 1: UNION BLVD; Road 2: BELMONT AVE W; Vehicle #1     Make: MERZ     Model: GLE     Colour: WHI     Style: TY; Vehicle #2     Make:      Model:      Colour:      Style:,12/22/2022 9:30:10 AM,538899.4874,4811470.662,Q1,Weekend,FALSE
8447,51928,22042990,2/25/2022 10:42:00 AM,2022,2,25,10,42,Friday,540932.0849,4810352.633,-80.494156,43.444965,Intersection,2,P.D. only,Off roadway,SMV,Daylight,Municipal,Sign Control,Functioning,FALSE,FALSE,FALSE,Snow,FALSE,Road 1: MITCHELL ST (50 km/h); Road 2: QUEEN ST S (50 km/h); Vehicle #1     Make:      Model: TRAC     Colour:      Style:,12/22/2022 9:31:59 AM,540932.0849,4810352.633,Q1,Weekend,FALSE
8448,51929,22043182,2/4/2022 5:30:00 PM,2022,2,4,17,30,Friday,541466.5627,4809536.793,-80.487613,43.43759,Intersection,2,Non-reportable,On roadway,Rear end,Dusk,Municipal,Signal Control,Functioning,FALSE,FALSE,FALSE,Clear,TRUE,Road 1: STIRLING AVENUE; Road 2: MILL ST; Vehicle #1     Make:      Model:      Colour:      Style: ; Vehicle #2     Make: HYUN     Model: ESM     Colour: GRY     Style: 4D,12/22/2022 9:28:51 AM,541466.5627,4809536.794,Q1,Weekend,FALSE
8449,51930,22043215,2/25/2022 3:20:00 PM,2022,2,25,15,20,Friday,545306.0939,4811392.19,-80.440017,43.454073,Private Drive,2,Non-reportable,On roadway,SMV,Daylight,Municipal,No control,Unknown,FALSE,FALSE,FALSE,Clear,TRUE,Road 1: 153  MONTCALM DR; Vehicle #1     Make: HOND     Model: CTU     Colour: BLU     Style: 4D,12/22/2022 9:36:21 AM,545306.0939,4811392.19,Q1,Weekend,FALSE
8450,51931,22043663,2/26/2022 7:13:00 AM,2022,2,26,7,13,Saturday,541673.1406,4811383.951,-80.484919,43.45421,Non intersection,2,P.D. only,Other,SMV,Dawn,Municipal,No control,Unknown,FALSE,FALSE,FALSE,Clear,FALSE,Road 1: OTTO ST (50 km/h); Road 2: QUEEN ST N; Distance: 50.0 K E; Vehicle #1     Make: MAZD     Model: MCX     Colour: WHI     Style: TY,1/3/2023 10:12:15 AM,541673.1406,4811383.951,Q1,Weekend,FALSE
8451,51932,22043803,2/3/2022 8:20:00 AM,2022,2,3,8,20,Thursday,542325.682,4803971.938,-80.477429,43.387435,Private Drive,2,Non-reportable,On roadway,Other,Daylight,Municipal,No control,Unknown,FALSE,FALSE,FALSE,Clear,TRUE,Road 1: 210 MAITLAND ST; Vehicle #1     Make: TOYT     Model: UCS     Colour: BRN     Style: 4D; Vehicle #2     Make: HOND     Model: UEX     Colour: BLU     Style: 2D,4/22/2022 2:27:07 PM,542325.682,4803971.938,Q1,Weekend,FALSE
8452,51933,22043819,1/26/2022 9:20:00 AM,2022,1,26,9,20,Wednesday,545144.1592,4807066.669,-80.442376,43.415136,Non intersection,2,Non-reportable,On roadway,Intersection,Daylight,Municipal,No control,Unknown,FALSE,FALSE,FALSE,Clear,TRUE,Road 1: WILSON AVE; Road 2: GOODRICH DR; Vehicle #1     Make: INTL     Model: PB1     Colour: YEL     Style: BU; Vehicle #2     Make:      Model:      Colour:      Style:,12/22/2022 9:28:31 AM,545144.1592,4807066.669,Q1,Working,FALSE
8453,51934,22043831,2/11/2022 8:50:00 AM,2022,2,11,8,50,Friday,543027.2666,4807875.314,-80.46846,43.422542,Non intersection,2,P.D. only,On roadway,Rear end,Daylight,Municipal,No control,Unknown,FALSE,FALSE,FALSE,Snow,TRUE,Road 1: LENNOX LEWIS WAY; Road 2: ACTIVA SPORTSPLEX (IN FRONT OF); Vehicle #1     Make: NISS     Model: SML     Colour: WHI     Style: 4D; Vehicle #2     Make: NISS     Model: SML     Colour: GRY     Style: 4D,4/22/2022 2:25:21 PM,543027.2666,4807875.314,Q1,Weekend,FALSE
8454,51935,22043914,2/26/2022 2:19:00 PM,2022,2,26,14,19,Saturday,546063.1961,4809492.797,-80.43082,43.436925,Intersection,1,Non-fatal injury,On roadway,Intersection,Daylight,Regional,No control,Functioning,FALSE,FALSE,FALSE,Snow,FALSE,Road 1: RIVER RD E (60 km/h); Road 2: KINZIE AVE (50 km/h); Charged Driver #1 on page 1: NA NA (NA) (NA); Vehicle #1     Make: HYUN     Model: TUC     Colour: GRY     Style: TY; Vehicle #2     Make: FORD     Model: SPE     Colour: GRY     Style: TY; Vehic,1/3/2023 10:17:33 AM,546063.1961,4809492.797,Q1,Weekend,FALSE
8455,51936,22044473,2/2/2022 9:15:00 PM,2022,2,2,21,15,Wednesday,541359.9195,4808642.131,-80.488998,43.42954,Intersection,2,P.D. only,On roadway,Other,Dark,Municipal,Sign Control,Functioning,FALSE,FALSE,FALSE,Snow,TRUE,Road 1: HOMER WATSON BLVD; Road 2: HOFFMAN ST; Vehicle #1     Make: CADI     Model: CT     Colour: BLK     Style: 4D; Vehicle #2     Make: VOLV     Model: XC9     Colour: WHI     Style: TY,12/22/2022 9:34:37 AM,541359.9195,4808642.131,Q1,Working,FALSE
8456,51937,22044480,1/23/2022 1:30:00 PM,2022,1,23,13,30,Sunday,547067.2241,4810447.751,-80.418332,43.445461,Private Drive,2,Non-reportable,Off roadway,SMV,Daylight,Municipal,No control,Unknown,FALSE,FALSE,FALSE,Clear,TRUE,Road 1: 58 ROLLING ACRES DR IDLEWOOD; Vehicle #1     Make:      Model:      Colour:      Style: ; Vehicle #2     Make: HYUN     Model: SAN     Colour: GRY     Style: TY,4/22/2022 2:27:00 PM,547067.2241,4810447.751,Q1,Weekend,FALSE
8457,51938,22045196,2/2/2022 12:10:00 PM,2022,2,2,12,10,Wednesday,543137.6662,4806539.788,-80.467201,43.41051,Intersection,2,P.D. only,On roadway,Rear end,Daylight,Municipal,Sign Control,Functioning,FALSE,FALSE,FALSE,Snow,TRUE,Road 1: CENTURY HILL DR; Road 2: COUNTRY HILL DR; Vehicle #1     Make: HOND     Model: CRV     Colour: GRN     Style: TY; Vehicle #2     Make: NISS     Model: SBL     Colour: GRY     Style: 4D,12/22/2022 9:28:59 AM,543137.6662,4806539.788,Q1,Working,FALSE
8458,51939,22045283,2/8/2022 7:15:00 AM,2022,2,8,7,15,Tuesday,543532.0075,4804933.258,-80.462459,43.396022,Non intersection,2,P.D. only,On roadway,Intersection,Dawn,Regional,No control,Unknown,FALSE,FALSE,FALSE,Clear,TRUE,Road 1: HURON RD; Road 2: BATTLER RD; Vehicle #1     Make: NISS     Model: ROG     Colour: SIL     Style: TY; Vehicle #2     Make: CHEV     Model: ML1     Colour: GRY     Style: 4D,12/22/2022 9:33:11 AM,543532.0075,4804933.258,Q1,Working,FALSE
8459,51940,22045801,3/1/2022 3:07:00 AM,2022,3,1,3,7,Tuesday,536741.0131,4808244.545,-80.54609,43.426201,Non intersection,2,P.D. only,On roadway,Other,Dark,Municipal,No control,Unknown,FALSE,FALSE,FALSE,Clear,FALSE,Road 1: WESTHEIGHTS DR (50 km/h); Road 2: MICHELLE CRT; Distance: 10.0 M W; Charged Driver #1 on page 1: HTA 130 (NA) (NA); Vehicle #1     Make: NISS     Model: FRT     Colour: ONG     Style: PK; Vehicle #2     Make: MAZD     Model: 3TR     Colour: BLU   ,1/3/2023 10:11:00 AM,536741.0131,4808244.545,Q1,Working,FALSE
8460,51941,22045952,2/11/2022 7:20:00 PM,2022,2,11,19,20,Friday,538650.0182,4809546.225,-80.522414,43.437825,Private Drive,2,Non-reportable,Off roadway,SMV,Dark,Municipal,No control,Unknown,FALSE,FALSE,FALSE,Snow,TRUE,Road 1: VICMOUNT DR; Road 2: IN FRONT OF 67; Vehicle #1     Make:      Model:      Colour:      Style: ; Vehicle #2     Make: CHEV     Model: CZT     Colour: GRY     Style: 4D,12/22/2022 9:31:53 AM,538650.0182,4809546.225,Q1,Weekend,FALSE
8461,51942,22046053,2/3/2022 5:45:00 PM,2022,2,3,17,45,Thursday,545760.6232,4803959.896,-80.435022,43.387125,Intersection,2,P.D. only,On roadway,Rear end,Dusk,Municipal,Sign Control,Functioning,FALSE,FALSE,FALSE,Snow,TRUE,Road 1: DOON MILLS DR; Road 2: APPLE RIDGE DR; Vehicle #1     Make: SUBA     Model: FOR     Colour: BLK     Style: TY; Vehicle #2     Make: HYUN     Model: ASE     Colour: GRY     Style: 4D,12/22/2022 9:27:33 AM,545760.6232,4803959.896,Q1,Weekend,FALSE
8462,51943,22046069,2/3/2022 8:00:00 AM,2022,2,3,8,0,Thursday,541590.695,4811341.163,-80.485942,43.453829,Non intersection,2,Non-reportable,On roadway,Intersection,Daylight,Municipal,No control,Unknown,FALSE,FALSE,FALSE,Snow,TRUE,Road 1: QUEEN ST N; Road 2: PARK STREET; Vehicle #1     Make: NISS     Model: A2S     Colour: WHI     Style: 4D; Vehicle #2     Make:      Model:      Colour:      Style:,12/22/2022 9:27:48 AM,541590.695,4811341.163,Q1,Weekend,FALSE
8463,51944,22046203,3/1/2022 1:30:00 PM,2022,3,1,13,30,Tuesday,539046.9433,4808373.198,-80.517594,43.427243,Non intersection,2,P.D. only,On roadway,Intersection,Daylight,Municipal,No control,Unknown,FALSE,FALSE,FALSE,Clear,TRUE,Road 1: 499 FOREST HILL DR; Vehicle #1     Make: CHEV     Model: SIL     Colour: WHI     Style: PK; Vehicle #2     Make: TOYT     Model: MTL     Colour: RED     Style: 4D,1/3/2023 10:10:51 AM,539046.9433,4808373.198,Q1,Working,FALSE
8464,51945,22046762,2/9/2022 9:45:00 AM,2022,2,9,9,45,Wednesday,546766.9707,4802792.663,-80.422697,43.376553,Private Drive,2,P.D. only,On roadway,Other,Daylight,Municipal,No control,Unknown,FALSE,FALSE,FALSE,Clear,TRUE,Road 1: THOMAS SLEE DR (IFO 629); Vehicle #1     Make: RAM     Model: RTR     Colour: BLK     Style: PK; Vehicle #2     Make: DODG     Model: CAR     Colour: BLK     Style: VN,12/22/2022 9:34:24 AM,546766.9707,4802792.663,Q1,Working,FALSE
8465,51946,22046814,2/3/2022 12:15:00 AM,2022,2,3,0,15,Thursday,545567.453,4813478.066,-80.436612,43.472838,Private Drive,2,P.D. only,On roadway,Other,Dark,Municipal,No control,Unknown,FALSE,FALSE,FALSE,Snow,TRUE,Road 1: FORWELL RD; Road 2: VICTORIA ST N; Vehicle #1     Make: CHEV     Model: SIL     Colour: BLU     Style: PK; Vehicle #2     Make: HOND     Model: UDY     Colour: SIL     Style: VN,12/22/2022 9:27:30 AM,545567.453,4813478.066,Q1,Weekend,FALSE
8466,51947,22046862,2/14/2022 8:10:00 AM,2022,2,14,8,10,Monday,542326.4922,4804131.472,-80.477406,43.388872,Private Drive,2,Non-reportable,On roadway,SMV,Daylight,Municipal,No control,Unknown,FALSE,FALSE,FALSE,Clear,TRUE,Road 1: 179 PARKVALE DR; Vehicle #1     Make: FORD     Model: SPE     Colour: BLU     Style: TY; Vehicle #2     Make: VOLK     Model: PTE     Colour: BLU     Style: 4D,12/22/2022 9:32:06 AM,542326.4922,4804131.472,Q1,Working,FALSE
8467,51948,22046921,2/18/2022 3:30:00 PM,2022,2,18,15,30,Friday,545106.5409,4813584.263,-80.442302,43.473822,Non intersection,2,P.D. only,On roadway,Intersection,Daylight,Municipal,No control,Unknown,FALSE,FALSE,FALSE,Clear,TRUE,Road 1: SHIRLEY DR; Road 2: BINGEMANS CENTRE DR; Vehicle #1     Make: NISS     Model: ROG     Colour: BLU     Style: TY; Vehicle #2     Make: GMC     Model: SAV     Colour: WHI     Style: FV,12/22/2022 9:29:32 AM,545106.5409,4813584.263,Q1,Weekend,FALSE
8468,51949,22047045,1/28/2022 5:00:00 PM,2022,1,28,17,0,Friday,543484.8487,4804785.084,-80.463053,43.394691,Non intersection,2,Non-reportable,On roadway,SMV,Dusk,Municipal,No control,Unknown,FALSE,FALSE,FALSE,Clear,TRUE,Road 1: 513 NORTHBROOK PL; Vehicle #1     Make:      Model:      Colour:      Style: ; Vehicle #2     Make: VOLK     Model: JSA     Colour: BLU     Style: 4D,12/22/2022 9:31:21 AM,543484.8487,4804785.084,Q1,Weekend,FALSE
8469,51950,22047189,3/2/2022 5:00:00 PM,2022,3,2,17,0,Wednesday,544662.5482,4810078.052,-80.448079,43.442279,Private Drive,2,Non-reportable,On roadway,SMV,Daylight,Municipal,No control,Unknown,FALSE,FALSE,FALSE,Snow,TRUE,Road 1: ROSS AVE KITCHENER; Road 2: IN FRONT OF 309; Vehicle #1     Make:      Model:      Colour:      Style: ; Vehicle #2     Make: VOLK     Model: TIG     Colour: GRY     Style: TY,12/22/2022 9:31:30 AM,544662.5482,4810078.053,Q1,Working,FALSE
8470,51951,22047219,3/2/2022 6:13:00 PM,2022,3,2,18,13,Wednesday,543257.8933,4804340.117,-80.46589,43.390697,Intersection,1,Non-fatal injury,On roadway,Intersection,Dusk,Municipal,Sign Control,Functioning,FALSE,FALSE,FALSE,Clear,FALSE,Road 1: STRASBURG RD (60 km/h); Road 2: TEMPLEWOOD DR (50 km/h); Charged Driver #1 on page 1: HTA 136 (NA) (NA); Vehicle #1     Make: RAM     Model: RTR     Colour:      Style: PK; Vehicle #2     Make: TOYT     Model: RV4     Colour: BLK     Style: TY,12/22/2022 9:36:43 AM,543257.8933,4804340.117,Q1,Working,FALSE
8471,51952,22047739,1/26/2022 3:30:00 PM,2022,1,26,15,30,Wednesday,545147.0969,4810116.535,-80.442088,43.442597,Private Drive,2,Non-reportable,Off roadway,SMV,Daylight,Municipal,No control,Unknown,FALSE,FALSE,FALSE,Clear,TRUE,Road 1: RENNIE DR (IFO 16); Vehicle #1     Make:      Model:      Colour:      Style: ; Vehicle #2     Make: CHEV     Model: CZT     Colour: BLU     Style: 4D,12/22/2022 9:31:38 AM,545147.0969,4810116.535,Q1,Working,FALSE
8472,51953,22047846,1/25/2022 5:45:00 PM,2022,1,25,17,45,Tuesday,544015.3025,4804780.358,-80.456503,43.394617,Non intersection,2,Non-reportable,On roadway,Other,Dark,Municipal,No control,Unknown,FALSE,FALSE,FALSE,Clear,TRUE,Road 1: 75 MAXWELL DR (IFO); Vehicle #1     Make: HOND     Model: PIL     Colour: BLK     Style: TY; Vehicle #2     Make:      Model:      Colour:      Style:,12/22/2022 9:32:30 AM,544015.3025,4804780.358,Q1,Working,FALSE
8473,51954,22048408,3/4/2022 8:11:00 AM,2022,3,4,8,11,Friday,538257.3113,4810376.36,-80.527209,43.44532,Non intersection,2,P.D. only,Off roadway,SMV,Daylight,Municipal,No control,Unknown,FALSE,FALSE,FALSE,Clear,FALSE,Road 1: 88 WESTWOOD DR (50 km/h); Road 2: WESTWOOD DR; Distance: 10.0 M S; Charged Driver #1 on page 1: HTA 130 (NA) (NA); Vehicle #1     Make: FORD     Model: SPE     Colour: WHI     Style: TY; Vehicle #2     Make:      Model:      Colour:      Style:,12/22/2022 9:36:31 AM,538257.3113,4810376.36,Q1,Weekend,FALSE
8474,51955,22048449,2/3/2022 12:00:00 PM,2022,2,3,12,0,Thursday,545760.3821,4803959.955,-80.435025,43.387126,Intersection,2,P.D. only,On roadway,Rear end,Daylight,Municipal,Sign Control,Functioning,FALSE,FALSE,FALSE,Snow,TRUE,Road 1: DOON MILLS DR; Road 2: APPLE RIDGE DR; Vehicle #1     Make: CHEV     Model: CZT     Colour: WHI     Style: 4D; Vehicle #2     Make: VOLK     Model: JWE     Colour: WHI     Style: 4D,12/22/2022 9:28:49 AM,545760.3821,4803959.955,Q1,Weekend,FALSE
8475,51956,22048514,1/27/2022 8:10:00 AM,2022,1,27,8,10,Thursday,540216.621,4805819.735,-80.503331,43.404189,Intersection,2,P.D. only,On roadway,Intersection,Daylight,Municipal,Sign Control,Functioning,FALSE,FALSE,FALSE,Clear,TRUE,Road 1: MAX BECKER ROAD; Road 2: COMMONWEALTH DR; Vehicle #1     Make: FORD     Model: RNG     Colour: WHI     Style: PK; Vehicle #2     Make: VOLK     Model: GTD     Colour: WHI     Style: 4B,12/22/2022 9:28:14 AM,540216.621,4805819.735,Q1,Weekend,FALSE
8476,51957,22048574,12/26/2021 11:00:00 AM,2021,12,26,11,0,Sunday,544814.9541,4808407.648,-80.446332,43.42723,Non intersection,2,Non-reportable,Off roadway,SMV,Daylight,Municipal,No control,Unknown,FALSE,FALSE,FALSE,Snow,TRUE,Road 1: 39 MUNROE ST; Vehicle #1     Make:      Model:      Colour:      Style: ; Vehicle #2     Make: AUDI     Model: 4QP     Colour: BLK     Style: 4D,12/22/2022 9:28:27 AM,544814.9541,4808407.648,Q4,Weekend,FALSE
8477,51958,22049547,3/5/2022 3:21:00 PM,2022,3,5,15,21,Saturday,542398.4386,4811081.198,-80.475979,43.451443,Intersection,2,P.D. only,On roadway,Intersection,Daylight,Regional,Sign Control,Functioning,FALSE,FALSE,FALSE,Clear,FALSE,Road 1: KRUG ST (50 km/h); Road 2: SIMEON ST (50 km/h); Charged Driver #1 on page 1: HTA 142SUBSE (NA) (NA); Vehicle #1     Make: ACUR     Model: 2TL     Colour: SIL     Style: 4D; Vehicle #2     Make: CHEV     Model: CXT     Colour: BLK     Style: 4D,12/22/2022 9:37:01 AM,542398.4386,4811081.198,Q1,Weekend,FALSE
8478,51959,22050228,3/6/2022 11:30:00 AM,2022,3,6,11,30,Sunday,542629.7004,4810097.326,-80.473197,43.442571,Non intersection,2,Non-reportable,On roadway,Intersection,Daylight,Regional,No control,Unknown,FALSE,FALSE,FALSE,Clear,TRUE,Road 1: KING ST E; Road 2: BORDEN AVE N; Vehicle #1     Make: CHEV     Model: SIL     Colour: BLK     Style: PK; Vehicle #2     Make:      Model:      Colour:      Style:,12/22/2022 9:34:36 AM,542629.7004,4810097.326,Q1,Weekend,FALSE
8479,51960,22050261,3/6/2022 1:15:00 PM,2022,3,6,13,15,Sunday,542186.8056,4803583.017,-80.479173,43.383941,Non intersection,2,P.D. only,On roadway,Intersection,Daylight,Municipal,No control,Unknown,FALSE,FALSE,FALSE,Clear,TRUE,Road 1: SPACHMAN ST; Road 2: HURON RD; Vehicle #1     Make: HYUN     Model: SFT     Colour: WHI     Style: TY; Vehicle #2     Make: LNDR     Model: RSP     Colour: WHI     Style: TY,12/22/2022 9:30:11 AM,542186.8056,4803583.017,Q1,Weekend,FALSE
8480,51961,22050871,1/24/2022 3:20:00 PM,2022,1,24,15,20,Monday,539246.4633,4810765.534,-80.514957,43.448773,Non intersection,2,P.D. only,On roadway,Rear end,Daylight,Municipal,No control,Unknown,FALSE,FALSE,FALSE,Snow,TRUE,Road 1: BELMONT AVE W; Vehicle #1     Make: TOYT     Model: RV4     Colour: BLU     Style: TY; Vehicle #2     Make: LINC     Model: MKC     Colour: BLK     Style: TY,12/22/2022 9:34:04 AM,539246.4633,4810765.534,Q1,Working,FALSE
8481,51962,22051000,2/24/2022 7:30:00 AM,2022,2,24,7,30,Thursday,542313.9581,4810287.642,-80.477084,43.444303,Intersection,2,P.D. only,On roadway,Intersection,Daylight,Regional,Signal Control,Functioning,FALSE,FALSE,FALSE,Clear,TRUE,Road 1: KING ST E; Road 2: STIRLING AVE N; Vehicle #1     Make: VOLK     Model: GSL     Colour: BLK     Style: SW; Vehicle #2     Make:      Model:      Colour:      Style:,12/22/2022 9:26:54 AM,542313.9581,4810287.642,Q1,Weekend,FALSE
8482,51963,22051058,2/3/2022 1:38:00 PM,2022,2,3,13,38,Thursday,545760.3834,4803959.775,-80.435025,43.387124,Intersection,2,Non-reportable,On roadway,Rear end,Daylight,Municipal,Sign Control,Functioning,FALSE,FALSE,FALSE,Snow,TRUE,Road 1: DOON MILLS DR; Road 2: APPLE RIDGE DR; Vehicle #1     Make: HOND     Model: UDY     Colour: SIL     Style: VN; Vehicle #2     Make:      Model:      Colour:      Style:,12/22/2022 9:27:32 AM,545760.3834,4803959.775,Q1,Weekend,FALSE
8483,51964,22051201,3/7/2022 6:30:00 PM,2022,3,7,18,30,Monday,541683.6351,4806164.873,-80.485188,43.407217,Non intersection,2,P.D. only,On roadway,Other,Dusk,Municipal,No control,Unknown,FALSE,FALSE,FALSE,Clear,TRUE,Road 1: 63 ERINBROOK DR; Vehicle #1     Make: HOND     Model: CRV     Colour: SIL     Style: 4W; Vehicle #2     Make: BMW     Model: 28X     Colour: WHI     Style: 4D,12/22/2022 9:34:53 AM,541683.6351,4806164.873,Q1,Working,FALSE
8484,51965,22051575,2/12/2022 9:20:00 AM,2022,2,12,9,20,Saturday,538977.5272,4807663.268,-80.518502,43.420854,Private Drive,2,Non-reportable,On roadway,SMV,Daylight,Municipal,No control,Unknown,FALSE,FALSE,FALSE,Snow,TRUE,Road 1: 8 FOREST GLEN COURT; Vehicle #1     Make: FRHT     Model: FM2     Colour: WHI     Style: DP; Vehicle #2     Make: HYUN     Model: ESM     Colour: BLU     Style: 4D,12/22/2022 9:26:50 AM,538977.5272,4807663.268,Q1,Weekend,FALSE
8485,51966,22051607,2/1/2022 4:30:00 PM,2022,2,1,16,30,Tuesday,546773.1827,4804112.587,-80.422508,43.388438,Intersection,2,P.D. only,On roadway,Intersection,Daylight,Municipal,No control,Unknown,FALSE,FALSE,FALSE,Clear,TRUE,Road 1: DOON VILLAGE RD; Road 2: DOON S DR; Vehicle #1     Make: BMW     Model: TSG     Colour: WHI     Style: TY; Vehicle #2     Make: BMW     Model: 28X     Colour: WHI     Style: 2D,12/22/2022 9:33:49 AM,546773.1827,4804112.588,Q1,Working,FALSE
8486,51967,22051702,2/2/2022 12:57:00 PM,2022,2,2,12,57,Wednesday,545856.531,4804741.25,-80.433772,43.394155,Intersection,2,Non-reportable,On roadway,Rear end,Daylight,Municipal,Sign Control,Functioning,FALSE,FALSE,FALSE,Rain,TRUE,Road 1: OLD CARRIAGE DR; Road 2: PIONEER DR; Vehicle #1     Make:      Model:      Colour:      Style: ; Vehicle #2     Make: KIA     Model: SOR     Colour: BLK     Style: TY,12/22/2022 9:29:21 AM,545856.531,4804741.251,Q1,Working,FALSE
8487,51968,22051785,2/4/2022 12:15:00 PM,2022,2,4,12,15,Friday,542120.981,4815776.075,-80.479045,43.493732,Private Drive,2,P.D. only,On roadway,Intersection,Daylight,Municipal,No control,Unknown,FALSE,FALSE,FALSE,Snow,TRUE,Road 1: 50 FALCONRIDGE DR (IN FRONT OF); Vehicle #1     Make: NISS     Model: SML     Colour: GRY     Style: 4D; Vehicle #2     Make:      Model:      Colour:      Style:,12/22/2022 9:34:06 AM,542120.981,4815776.075,Q1,Weekend,FALSE
8488,51969,22051813,2/5/2022 11:20:00 AM,2022,2,5,11,20,Saturday,547363.3151,4809643.494,-80.414743,43.438201,Intersection,2,Non-reportable,On roadway,Rear end,Daylight,Municipal,Sign Control,Functioning,FALSE,FALSE,FALSE,Clear,TRUE,Road 1: MORRISON RD; Road 2: SIMS ESTATE DR; Vehicle #1     Make: MAZD     Model: CX5     Colour: RED     Style: TY; Vehicle #2     Make:      Model:      Colour:      Style:,12/22/2022 9:26:58 AM,547363.3151,4809643.494,Q1,Weekend,FALSE
8489,51970,22051867,2/11/2022 3:30:00 PM,2022,2,11,15,30,Friday,543070.1765,4805498.814,-80.468117,43.401141,Intersection,2,Non-reportable,On roadway,Rear end,Daylight,Regional,Signal Control,Functioning,FALSE,FALSE,FALSE,Snow,TRUE,Road 1: STRASBURG RD; Road 2: TRILLIUM DR; Vehicle #1     Make: TOYT     Model: HIG     Colour: GRY     Style: TY; Vehicle #2     Make:      Model:      Colour:      Style:,12/22/2022 9:31:51 AM,543070.1765,4805498.814,Q1,Weekend,FALSE
8490,51971,22052554,2/4/2022 3:30:00 PM,2022,2,4,15,30,Friday,536888.3732,4807407.933,-80.544326,43.418661,Non intersection,2,P.D. only,On roadway,Other,Daylight,Municipal,No control,Unknown,FALSE,FALSE,FALSE,Clear,TRUE,Road 1: 22 TIMBERLANE CRESCENT; Vehicle #1     Make:      Model:      Colour:      Style: ; Vehicle #2     Make: TOYT     Model: AXP     Colour: WHI     Style: 4D,12/22/2022 9:27:48 AM,536888.3732,4807407.933,Q1,Weekend,FALSE