,OBJECTID,ACCIDENTNUM,ACCIDENTDATE,ACCIDENT_YEAR,ACCIDENT_MONTH,ACCIDENT_DAY,ACCIDENT_HOUR,ACCIDENT_MINUTE,Accident_Day,XCOORD,YCOORD,LONGITUDE,LATITUDE,Accident_Location,COLLISIONTYPE,Accident_Type,Impact_Location,Impact_Type,Light,Road_Jurisdication,Traffic_Control,Traffic_Control_Condition,Pedestrian_Involved,Cyclist_Involved,Motorcyclist_Involved,Environment_Condition,Self_Reported,XMLIMPORTNOTES,LASTEDITEDDATE,x,y,Quarter,Day_Type,Vulnerable_Involved
8540,52021,22063466,2/19/2022 2:50:00 PM,2022,2,19,14,50,Saturday,545223.6565,4806418.125,-80.441448,43.409292,Non intersection,2,P.D. only,Off roadway,SMV,Daylight,Municipal,No control,Unknown,FALSE,FALSE,FALSE,Clear,TRUE,Road 1: WABANAKI DR; Road 2: WILSON AVE; Vehicle #1     Make: TOYT     Model: CTR     Colour: RED     Style: 4B,12/22/2022 9:29:45 AM,545223.6565,4806418.125,Q1,Weekend,FALSE
8541,52022,22063547,3/16/2022 11:55:00 AM,2022,3,16,11,55,Wednesday,538265.9334,4807547.354,-80.5273,43.419847,Non intersection,2,P.D. only,On roadway,Rear end,Daylight,Municipal,No control,Unknown,FALSE,FALSE,FALSE,Clear,TRUE,Road 1: 196 MCGARRY DR; Vehicle #1     Make: TOYT     Model: RV4     Colour: GRY     Style: TY; Vehicle #2     Make: BUIC     Model: UXL     Colour: RED     Style: 4D,12/22/2022 9:30:50 AM,538265.9333,4807547.354,Q1,Working,FALSE
8542,52023,22063718,3/15/2022 2:00:00 PM,2022,3,15,14,0,Tuesday,540837.6273,4805918.488,-80.495655,43.405045,Intersection,2,P.D. only,On roadway,Intersection,Daylight,Municipal,Sign Control,Functioning,FALSE,FALSE,FALSE,Snow,TRUE,Road 1: ERINBROOK COURT; Road 2: ERINBROOK DRIVE; Vehicle #1     Make: CHEV     Model: AVT     Colour: RED     Style: 4D; Vehicle #2     Make: FORD     Model: TST     Colour: WHI     Style: FV,12/22/2022 9:30:48 AM,540837.6273,4805918.489,Q1,Working,FALSE
8543,52024,22063765,3/22/2022 3:34:00 PM,2022,3,22,15,34,Tuesday,541964.034,4815299.396,-80.481022,43.489448,Private Drive,2,P.D. only,Off roadway,SMV,Daylight,Municipal,No control,Unknown,FALSE,FALSE,FALSE,Clear,FALSE,Road 1: 192 WOOLWICH ST (50 km/h); Road 2: WOOLWICH ST; Distance: 1.0 M N; Vehicle #1     Make: NISS     Model: NV2     Colour: WHI     Style: VN,1/3/2023 10:22:47 AM,541964.034,4815299.396,Q1,Working,FALSE
8544,52025,22064378,3/14/2022 11:50:00 AM,2022,3,14,11,50,Monday,546277.0849,4803497.151,-80.428685,43.382927,Intersection,2,Non-reportable,On roadway,SMV,Daylight,Municipal,No control,Unknown,FALSE,FALSE,FALSE,Rain,TRUE,Road 1: DOON MILLS DR; Road 2: WOODSMERE DR; Vehicle #1     Make: TOYT     Model: SIE     Colour: GRY     Style: VN,1/3/2023 10:15:39 AM,546277.0849,4803497.151,Q1,Working,FALSE
8545,52026,22064680,3/23/2022 7:00:00 PM,2022,3,23,19,0,Wednesday,540395.5897,4805918.883,-80.501114,43.405072,Non intersection,2,P.D. only,Off roadway,SMV,Dark,Municipal,No control,Unknown,FALSE,FALSE,FALSE,Rain,FALSE,Road 1: 325-103 MAX BECKER DR (50 km/h); Road 2: MAX BECKER DR; Distance: 10.0 M N; Vehicle #1     Make: TOYT     Model: CTR     Colour: BLU     Style: 4B,1/3/2023 10:13:16 AM,540395.5897,4805918.883,Q1,Working,FALSE
8546,52027,22065053,3/24/2022 8:10:00 AM,2022,3,24,8,10,Thursday,545349.7311,4812158.893,-80.439414,43.460974,Intersection,2,P.D. only,On roadway,Intersection,Daylight,Municipal,Sign Control,Functioning,FALSE,FALSE,FALSE,Clear,TRUE,Road 1: HERITAGE DR; Road 2: LORRAINE AVE; Vehicle #1     Make: TOYT     Model: C5T     Colour: BLU     Style: 4D; Vehicle #2     Make: VOLK     Model: BEL     Colour: RED     Style: 2B,12/22/2022 9:27:06 AM,545349.7311,4812158.893,Q1,Weekend,FALSE
8547,52028,22065169,2/21/2022 3:15:00 PM,2022,2,21,15,15,Monday,536653.8383,4807821.218,-80.547196,43.422393,Private Drive,2,Non-reportable,On roadway,SMV,Daylight,Municipal,No control,Unknown,FALSE,FALSE,FALSE,Clear,TRUE,Road 1: 63 BURNABY CRESCENT; Vehicle #1     Make: DODG     Model: JOU     Colour: BLK     Style: TY; Vehicle #2     Make: HYUN     Model: ESM     Colour: BLK     Style: 4D,12/22/2022 9:33:14 AM,536653.8383,4807821.218,Q1,Working,FALSE
8548,52029,22066107,3/25/2022 3:00:00 PM,2022,3,25,15,0,Friday,547604.4049,4805821.306,-80.412097,43.403771,Intersection,2,P.D. only,On roadway,Intersection,Daylight,Municipal,No control,Functioning,FALSE,FALSE,FALSE,Clear,FALSE,Road 1: DEER RIDGE DR (40 km/h); Road 2: TERRACE WOOD CRESCENT (40 km/h); Charged Driver #1 on page 1: HTA 136 (NA) (NA); Vehicle #1     Make: MERZ     Model: CSP     Colour: WHI     Style: FV; Vehicle #2     Make: CADI     Model: XT5     Colour: BLK     ,1/3/2023 10:19:01 AM,547604.4049,4805821.306,Q1,Weekend,FALSE
8549,52030,22067445,3/27/2022 10:15:00 AM,2022,3,27,10,15,Sunday,547627.1487,4805831.725,-80.411815,43.403863,Non intersection,2,Non-reportable,On roadway,Other,Daylight,Municipal,No control,Unknown,FALSE,FALSE,FALSE,Snow,TRUE,Road 1: 491 DEER RIDGE DR; Vehicle #1     Make: HOND     Model: PIL     Colour: WHI     Style: TY; Vehicle #2     Make: DODG     Model: CAR     Colour: WHI     Style: VN,1/3/2023 10:12:27 AM,547627.1487,4805831.725,Q1,Weekend,FALSE
8550,52031,22068253,3/28/2022 12:27:00 PM,2022,3,28,12,27,Monday,543093.9349,4807455.149,-80.467669,43.418755,Non intersection,2,P.D. only,On roadway,Intersection,Daylight,Municipal,No control,Unknown,FALSE,FALSE,FALSE,Clear,FALSE,Road 1: BLOCK LINE RD (50 km/h); Road 2: FALLOWFIELD DR; Distance: 1.0 M N; Vehicle #1     Make: MAZD     Model: 3TR     Colour: WHI     Style: 4D; Vehicle #2     Make: NOVB     Model: YLD     Colour: WHI     Style: BU,1/3/2023 10:12:56 AM,543093.9349,4807455.149,Q1,Working,FALSE
8551,52032,22068613,3/28/2022 8:51:00 PM,2022,3,28,20,51,Monday,539390.8407,4810417.009,-80.513198,43.445627,Non intersection,2,P.D. only,On roadway,Intersection,Dark,Municipal,No control,Unknown,FALSE,FALSE,FALSE,Clear,FALSE,Road 1: 427  BELMONT AVE W (50 km/h); Road 2: BELMONT AVE W; Distance: 5.0 M S; Charged Driver #1 on page 1: HTA 142 (NA) (NA); Vehicle #1     Make: NISS     Model: ROG     Colour: BLK     Style: TY; Vehicle #2     Make: TOYT     Model: YAR     Colour: BL,12/22/2022 9:36:53 AM,539390.8407,4810417.009,Q1,Working,FALSE
8552,52033,22068906,11/10/2021 7:45:00 AM,2021,11,10,7,45,Wednesday,539413.0535,4806499.741,-80.513206,43.410355,Non intersection,2,P.D. only,On roadway,SMV,Daylight,Municipal,No control,Unknown,FALSE,FALSE,FALSE,Clear,TRUE,Road 1: 169 WILDERNESS DR; Vehicle #1     Make:      Model:      Colour:      Style: ; Vehicle #2     Make: TOYT     Model: C4E     Colour: BLU     Style: 4D,8/16/2022 3:06:21 PM,539413.0535,4806499.741,Q4,Working,FALSE
8553,52034,22068952,3/20/2022 4:00:00 PM,2022,3,20,16,0,Sunday,543138.9642,4812133.672,-80.466743,43.460877,Private Drive,2,Non-reportable,On roadway,SMV,Daylight,Regional,No control,Unknown,FALSE,FALSE,FALSE,Clear,TRUE,Road 1: ETHEL ST; Road 2: FREDERICK ST; Vehicle #1     Make:      Model:      Colour:      Style: ; Vehicle #2     Make: HYUN     Model: VTO     Colour: RED     Style: 4D,1/3/2023 10:21:36 AM,543138.9642,4812133.672,Q1,Weekend,FALSE
8554,52035,22069017,3/11/2022 9:40:00 AM,2022,3,11,9,40,Friday,540470.3779,4810647.792,-80.49984,43.447648,Private Drive,2,Non-reportable,On roadway,Other,Daylight,Municipal,No control,Unknown,FALSE,FALSE,FALSE,Snow,TRUE,Road 1: 9 THERESA ST; Vehicle #1     Make: HOND     Model: CTU     Colour: WHI     Style: 4D; Vehicle #2     Make: TOYT     Model: MTL     Colour: SIL     Style: 4D,12/22/2022 9:33:31 AM,540470.3779,4810647.792,Q1,Weekend,FALSE
8555,52036,22069129,3/8/2022 11:45:00 AM,2022,3,8,11,45,Tuesday,539497.8647,4808136.79,-80.51204,43.42509,Intersection,2,P.D. only,On roadway,Rear end,Daylight,Municipal,Signal Control,Functioning,FALSE,FALSE,FALSE,Clear,TRUE,Road 1: STONYBROOK DR; Road 2: GREENBROOK DR; Vehicle #1     Make: LINC     Model: MKX     Colour: BLK     Style: TY; Vehicle #2     Make: VOLK     Model: PTE     Colour: GRN     Style: 4D,12/22/2022 9:31:31 AM,539497.8647,4808136.79,Q1,Working,FALSE
8556,52037,22071459,12/6/2021 6:30:00 PM,2021,12,6,18,30,Monday,541084.0229,4810773.516,-80.492247,43.448746,Intersection,2,Non-reportable,On roadway,Intersection,Dark,Municipal,No control,Functioning,FALSE,FALSE,FALSE,Snow,TRUE,Road 1: JOSEPH ST; Road 2: DAVID ST; Vehicle #1     Make: CHEV     Model: EQU     Colour: GRY     Style: TY; Vehicle #2     Make:      Model:      Colour:      Style:,8/16/2022 2:56:10 PM,541084.0229,4810773.517,Q4,Working,FALSE
8557,52038,22071582,4/1/2022 12:00:00 PM,2022,4,1,12,0,Friday,545125.9313,4812050.991,-80.442189,43.460016,Intersection,2,P.D. only,On roadway,Intersection,Daylight,Municipal,No control,Unknown,FALSE,FALSE,FALSE,Clear,TRUE,Road 1: LORRAINE AVE; Road 2: CONFEDERATION DR; Vehicle #1     Make: PONT     Model: G5     Colour: GRY     Style: 4D; Vehicle #2     Make: HOND     Model: CTU     Colour: BLU     Style: 4D,12/22/2022 9:29:23 AM,545125.9313,4812050.991,Q2,Weekend,FALSE
8558,52039,22071606,3/8/2022 8:15:00 PM,2022,3,8,20,15,Tuesday,546389.878,4808801.165,-80.426842,43.430677,Non intersection,2,P.D. only,On roadway,SMV,Dark,Municipal,No control,Unknown,FALSE,FALSE,FALSE,Clear,TRUE,Road 1: 342 SOUTHILL DR (IFO); Vehicle #1     Make: HYUN     Model: SFT     Colour: BLK     Style: TY; Vehicle #2     Make: MAZD     Model: CX5     Colour: GRY     Style: TY,12/22/2022 9:30:27 AM,546389.878,4808801.165,Q1,Working,FALSE
8559,52040,22071617,3/23/2022 11:30:00 PM,2022,3,23,23,30,Wednesday,546909.3078,4809848.632,-80.420335,43.440076,Non intersection,2,Non-reportable,On roadway,SMV,Dark,Municipal,No control,Unknown,FALSE,FALSE,FALSE,Rain,TRUE,Road 1: 518 BEAUMONT CRESCENT (IFO); Vehicle #1     Make:      Model:      Colour:      Style: ; Vehicle #2     Make: NISS     Model: SML     Colour: BLU     Style: 4D,12/22/2022 9:31:08 AM,546909.3078,4809848.632,Q1,Working,FALSE
8560,52041,22071998,4/1/2022 9:20:00 PM,2022,4,1,21,20,Friday,541142.3172,4806766.11,-80.491828,43.41266,Intersection,2,P.D. only,On roadway,Intersection,Dark,Municipal,Sign Control,Functioning,FALSE,FALSE,FALSE,Clear,TRUE,Road 1: LAURENTIAN DR; Road 2: BLOCK LINE RD; Vehicle #1     Make: HOND     Model: UCL     Colour: BLU     Style: 4D; Vehicle #2     Make: HOND     Model: UAX     Colour: BLK     Style: 4D,12/22/2022 9:29:24 AM,541142.3172,4806766.11,Q2,Weekend,FALSE
8561,52042,22072824,4/2/2022 8:28:00 PM,2022,4,2,20,28,Saturday,541627.1078,4812053.967,-80.485437,43.460245,Non intersection,2,P.D. only,On roadway,SMV,Dark,Municipal,No control,Unknown,FALSE,FALSE,FALSE,Clear,FALSE,Road 1: 372  WELLINGTON ST N (50 km/h); Road 2: WELLINGTON ST N; Distance: 3.0 M E; Charged Driver #1 on page 1: HTA 130 (NA) (NA); Vehicle #1     Make: DODG     Model: CXT     Colour: BLK     Style: 4D; Vehicle #2     Make: TOYT     Model: MTL     Colour,12/22/2022 9:36:33 AM,541627.1078,4812053.967,Q2,Weekend,FALSE
8562,52043,22074034,3/2/2022 4:30:00 PM,2022,3,2,16,30,Wednesday,542448.0571,4807282.311,-80.475661,43.417235,Intersection,2,Non-reportable,On roadway,Intersection,Daylight,Municipal,No control,Unknown,FALSE,FALSE,FALSE,Snow,TRUE,Road 1: BLOCK LINE RD; Road 2: COUNTRY HILLS DRIVE; Vehicle #1     Make: TOYT     Model: RV4     Colour: GRY     Style: TY; Vehicle #2     Make: FORD     Model: FSE     Colour: BLK     Style: 4D,12/22/2022 9:31:06 AM,542448.0571,4807282.311,Q1,Working,FALSE
8563,52044,22074104,3/18/2022 5:30:00 PM,2022,3,18,17,30,Friday,540364.1259,4809207.17,-80.501259,43.434682,Non intersection,2,P.D. only,On roadway,Rear end,Daylight,Regional,No control,Unknown,FALSE,FALSE,FALSE,Clear,TRUE,Road 1: BELMONT AVE E; Road 2: SOUTH DR; Vehicle #1     Make:      Model:      Colour:      Style: ; Vehicle #2     Make: KIA     Model: SOU     Colour: BLK     Style: TY,12/22/2022 9:31:05 AM,540364.1259,4809207.17,Q1,Weekend,FALSE
8564,52045,22074224,4/4/2022 3:45:00 PM,2022,4,4,15,45,Monday,539888.934,4810656.648,-80.507025,43.447759,Non intersection,2,P.D. only,On roadway,Intersection,Daylight,Municipal,No control,Unknown,FALSE,FALSE,FALSE,Clear,TRUE,Road 1: CHERRY ST; Road 2: STRANGE ST; Vehicle #1     Make: NISS     Model: ATS     Colour: BLK     Style: 4D; Vehicle #2     Make: CHRY     Model: 20C     Colour: BLK     Style: 4D,12/22/2022 9:29:38 AM,539888.934,4810656.648,Q2,Working,FALSE
8565,52046,22075689,3/28/2022 6:30:00 PM,2022,3,28,18,30,Monday,542313.5937,4810288.239,-80.477089,43.444308,Intersection,2,Non-reportable,On roadway,Rear end,Dusk,Regional,Signal Control,Functioning,FALSE,FALSE,FALSE,Clear,TRUE,Road 1: KING ST E; Road 2: STIRLING AVE N; Vehicle #1     Make: HOND     Model: ULS     Colour: BLU     Style: 4D; Vehicle #2     Make: AUDI     Model: AQ7     Colour: BLK     Style: TY,12/22/2022 9:26:55 AM,542313.5937,4810288.239,Q1,Working,FALSE
8566,52047,22076652,4/7/2022 2:10:00 PM,2022,4,7,14,10,Thursday,544607.0233,4811710.651,-80.448631,43.456983,Non intersection,2,Non-reportable,On roadway,Rear end,Daylight,Regional,No control,Unknown,FALSE,FALSE,FALSE,Clear,TRUE,Road 1: RIVER RD E; Road 2: LORRAINE AVE; Vehicle #1     Make: CHRY     Model: 2LX     Colour: WHI     Style: 4D; Vehicle #2     Make: NISS     Model: ROG     Colour: RED     Style: TY,12/22/2022 9:33:01 AM,544607.0233,4811710.651,Q2,Weekend,FALSE
8567,52048,22076683,4/7/2022 4:36:00 PM,2022,4,7,16,36,Thursday,543238.0985,4809090.211,-80.465759,43.433468,Intersection,2,P.D. only,Off roadway,SMV,Daylight,Regional,No control,Functioning,FALSE,FALSE,FALSE,Clear,FALSE,Road 1: DOON RD (50 km/h); Road 2: CARWOOD AVE (50 km/h); Charged Driver #1 on page 1: HTA 130 (NA) (NA); Vehicle #1     Make: HYUN     Model: SAN     Colour: BLK     Style: TY,1/3/2023 10:16:40 AM,543238.0985,4809090.211,Q2,Weekend,FALSE
8568,52049,220772339,4/2/2022 9:00:00 AM,2022,4,2,9,0,Saturday,539618.6114,4811375.134,-80.510313,43.454242,Intersection,2,P.D. only,On roadway,Intersection,Daylight,Regional,Signal Control,Functioning,FALSE,FALSE,FALSE,Clear,TRUE,Road 1: GLASGOW ST; Road 2: PARK ST; Vehicle #1     Make: VOLK     Model: JSA     Colour: BLK     Style: 4D; Vehicle #2     Make: NISS     Model: MIC     Colour: GRN     Style: 4B,12/22/2022 9:29:33 AM,539618.6114,4811375.134,Q2,Weekend,FALSE
8569,52050,22077535,4/8/2022 5:21:00 PM,2022,4,8,17,21,Friday,546613.8598,4811335.687,-80.423859,43.453484,Non intersection,2,P.D. only,Off roadway,SMV,Daylight,Municipal,No control,Unknown,FALSE,FALSE,FALSE,Clear,FALSE,Road 1: 24 BRYAN CRT (50 km/h); Road 2: BRYAN CRT; Distance: 1.0 M N; Vehicle #1     Make: HYUN     Model: TUC     Colour: GRY     Style: TY,1/3/2023 10:13:08 AM,546613.8598,4811335.687,Q2,Weekend,FALSE
8570,52051,22078042,3/28/2022 10:30:00 AM,2022,3,28,10,30,Monday,538243.5242,4808370.538,-80.52752,43.42726,Non intersection,2,P.D. only,On roadway,Intersection,Daylight,Regional,No control,Unknown,FALSE,FALSE,FALSE,Clear,TRUE,Road 1: 1734 QUEEN'S BLVD; Vehicle #1     Make: HYUN     Model: SLI     Colour: GRY     Style: 4D; Vehicle #2     Make: RAM     Model: RPR     Colour: WHI     Style: FV,1/3/2023 10:12:22 AM,538243.5242,4808370.538,Q1,Working,FALSE
8571,52052,22078044,2/7/2022 3:30:00 PM,2022,2,7,15,30,Monday,541650.1711,4809314.243,-80.485361,43.435576,Intersection,2,P.D. only,On roadway,Rear end,Daylight,Municipal,Sign Control,Functioning,FALSE,FALSE,FALSE,Clear,TRUE,Road 1: MILL ST; Road 2: HEIMAN ST; Vehicle #1     Make: CHEV     Model: CZT     Colour: WHI     Style: 4D; Vehicle #2     Make: FORD     Model: SPE     Colour: WHI     Style: TY,12/22/2022 9:28:50 AM,541650.1711,4809314.243,Q1,Working,FALSE
8572,52053,22078949,4/10/2022 1:59:00 PM,2022,4,10,13,59,Sunday,546804.5732,4801879.251,-80.422311,43.368327,Non intersection,2,P.D. only,Off roadway,SMV,Daylight,Municipal,No control,Unknown,FALSE,FALSE,FALSE,Clear,FALSE,Road 1: REICHERT DR (60 km/h); Road 2: DUNDEE RD; Distance: 500.0 M S; Vehicle #1     Make: HOND     Model: CRV     Colour: BRN     Style: TY,1/3/2023 10:13:40 AM,546804.5732,4801879.251,Q2,Weekend,FALSE
8573,52054,22079327,4/11/2022 1:15:00 AM,2022,4,11,1,15,Monday,544404.4955,4802884.323,-80.451852,43.377522,Non intersection,2,P.D. only,Off roadway,SMV,Dark,Municipal,No control,Unknown,FALSE,FALSE,FALSE,Clear,FALSE,Road 1: CARYNDALE DR (50 km/h); Road 2: ROBERT FERRIE DR; Distance: 50.0 M S; Charged Driver #1 on page 1: HTA 32 (NA) (NA); Vehicle #1     Make: HOND     Model: ACC     Colour: BLK     Style: 4D,1/3/2023 10:14:04 AM,544404.4955,4802884.323,Q2,Working,FALSE
8574,52055,22079494,4/11/2022 8:45:00 AM,2022,4,11,8,45,Monday,538002.4306,4807661.873,-80.530547,43.420891,Non intersection,2,Non-reportable,On roadway,Intersection,Daylight,Municipal,No control,Unknown,FALSE,FALSE,FALSE,Clear,TRUE,Road 1: AUTUMN HILL CRESCENT (ST MARKS SCHOOL); Vehicle #1     Make: HOND     Model: UDY     Colour: SIL     Style: VN; Vehicle #2     Make: LEXS     Model: NXT     Colour: GRY     Style: TY,1/3/2023 10:13:43 AM,538002.4306,4807661.873,Q2,Working,FALSE
8575,52056,22079923,4/11/2022 8:00:00 PM,2022,4,11,20,0,Monday,545095.665,4807778.988,-80.442916,43.421553,Non intersection,2,P.D. only,On roadway,Intersection,Dark,Regional,No control,Unknown,FALSE,FALSE,FALSE,Clear,TRUE,Road 1: WILSON AVE; Road 2: FAIRWAY RD S; Vehicle #1     Make: KIA     Model: FEX     Colour: WHI     Style: 4D; Vehicle #2     Make: RAM     Model: RTR     Colour: SIL     Style: PK,1/3/2023 10:13:12 AM,545095.665,4807778.988,Q2,Working,FALSE
8576,52057,22080226,2/27/2022 9:00:00 PM,2022,2,27,21,0,Sunday,543202.019,4804495.84,-80.466568,43.392103,Intersection,2,Non-reportable,On roadway,Rear end,Dark,Regional,Sign Control,Functioning,FALSE,FALSE,FALSE,Clear,TRUE,Road 1: HURON RD; Road 2: STRASBURG RD; Vehicle #1     Make: HOND     Model: UCS     Colour: WHI     Style: 4D; Vehicle #2     Make: NISS     Model: VSL     Colour: WHI     Style: 4B,12/22/2022 9:29:27 AM,543202.019,4804495.84,Q1,Weekend,FALSE
8577,52058,22081037,4/13/2022 7:06:00 AM,2022,4,13,7,6,Wednesday,542510.6662,4804200.557,-80.475127,43.389483,Non intersection,1,Non-fatal injury,Off roadway,SMV,Daylight,Municipal,No control,Unknown,FALSE,FALSE,FALSE,Clear,FALSE,Road 1: 103 PARKVALE DR (50 km/h); Road 2: PARKVALE DR; Distance: 6.0 M W; Charged Driver #1 on page 1: HTA 130 (NA) (NA); Vehicle #1     Make: VOLK     Model: TIG     Colour: BLK     Style: TY; Vehicle #2     Make: HOND     Model: UCL     Colour: BLK    ,1/3/2023 10:11:08 AM,542510.6662,4804200.557,Q2,Working,FALSE
8578,52059,22082103,2/23/2022 3:00:00 PM,2022,2,23,15,0,Wednesday,542071.1834,4807093.861,-80.48033,43.41556,Non intersection,2,Non-reportable,On roadway,Rear end,Daylight,Municipal,No control,Unknown,FALSE,FALSE,FALSE,Clear,TRUE,Road 1: BLOCK LINE RD; Road 2: STRASBURG RD; Vehicle #1     Make: MAZD     Model: M6I     Colour: WHI     Style: 4D; Vehicle #2     Make:      Model:      Colour:      Style:,12/22/2022 9:35:00 AM,542071.1834,4807093.861,Q1,Working,FALSE
8579,52060,22082230,4/14/2022 2:14:00 PM,2022,4,14,14,14,Thursday,545421.9508,4808329.616,-80.43884,43.426491,Private Drive,1,Non-fatal injury,On roadway,Intersection,Daylight,Municipal,No control,Unknown,FALSE,FALSE,FALSE,Clear,FALSE,Road 1: KINGSWAY DR (50 km/h); Road 2: CEDARWOODS CRES; Distance: 15.0 M S; Charged Driver #1 on page 1: HTA 142 (NA) (NA); Vehicle #1     Make: HOND     Model: UAX     Colour: RED     Style: 4D; Vehicle #2     Make: TOYT     Model: XLL     Colour: BRN   ,12/22/2022 9:36:52 AM,545421.9508,4808329.617,Q2,Weekend,FALSE
8580,52061,22082557,4/14/2022 10:21:00 PM,2022,4,14,22,21,Thursday,542427.8899,4807276.432,-80.47591,43.417183,Non intersection,2,P.D. only,On roadway,SMV,Dark,Municipal,No control,Unknown,TRUE,FALSE,FALSE,Clear,FALSE,Road 1: BLOCK LINE RD (50 km/h); Road 2: COUNTRY HILL DR; Distance: 20.0 M W; Vehicle #1     Make: HOND     Model: ULX     Colour: RED     Style: 4D,12/22/2022 9:30:10 AM,542427.8899,4807276.432,Q2,Weekend,FALSE
8581,52062,22085029,4/18/2022 2:00:00 AM,2022,4,18,2,0,Monday,539336.7418,4809821.414,-80.513909,43.440267,Non intersection,2,P.D. only,On roadway,SMV,Dark,Municipal,No control,Unknown,FALSE,FALSE,FALSE,Clear,FALSE,Road 1: PAULANDER DR (50 km/h); Road 2: LAWRENCE AVE; Distance: 90.0 M W; Charged Driver #1 on page 1: HTA 130 (NA) (NA); Vehicle #1     Make: TOYT     Model: MTL     Colour: BRN     Style: 4D; Vehicle #2     Make: RAM     Model: RTR     Colour: GRY     S,1/3/2023 10:14:28 AM,539336.7418,4809821.414,Q2,Working,FALSE
8582,52063,22085178,3/13/2022 2:30:00 PM,2022,3,13,14,30,Sunday,545183.2376,4805040.875,-80.442061,43.396893,Private Drive,2,P.D. only,On roadway,SMV,Daylight,Municipal,No control,Unknown,FALSE,FALSE,FALSE,Snow,TRUE,Road 1: 31 LOWER CANADA CRESCENT; Vehicle #1     Make: MERZ     Model: C4A     Colour: SIL     Style: 4D; Vehicle #2     Make: HOND     Model: UCL     Colour: GRY     Style: 4D,1/3/2023 10:20:37 AM,545183.2376,4805040.875,Q1,Weekend,FALSE
8583,52064,22085218,1/27/2022 3:03:00 PM,2022,1,27,15,3,Thursday,538123.1218,4807453.334,-80.529071,43.419008,Non intersection,2,Non-reportable,On roadway,Rear end,Daylight,Municipal,No control,Unknown,FALSE,FALSE,FALSE,Clear,TRUE,Road 1: ROYAL ORCHARD DR; Road 2: MCGARRY DR; Vehicle #1     Make: SUBA     Model: IPR     Colour: WHI     Style: 4D; Vehicle #2     Make: NISS     Model: PFI     Colour: WHI     Style: TY,12/22/2022 9:34:07 AM,538123.1218,4807453.334,Q1,Weekend,FALSE
8584,52065,22085412,3/1/2022 8:20:00 AM,2022,3,1,8,20,Tuesday,539136.107,4805925.665,-80.516667,43.4052,Private Drive,2,Non-reportable,On roadway,Other,Daylight,Municipal,No control,Unknown,FALSE,FALSE,FALSE,Clear,TRUE,Road 1: 7 BERRY MOSS ST; Vehicle #1     Make: TOYT     Model: SIE     Colour: WHI     Style: VN; Vehicle #2     Make:      Model:      Colour:      Style:,1/3/2023 10:21:13 AM,539136.107,4805925.665,Q1,Working,FALSE
8585,52066,22085436,3/1/2022 9:45:00 AM,2022,3,1,9,45,Tuesday,541644.35,4812061.987,-80.485223,43.460317,Non intersection,2,Non-reportable,Off roadway,Rear end,Daylight,Municipal,No control,Unknown,FALSE,FALSE,FALSE,Snow,TRUE,Road 1: WELLINGTON ST N; Vehicle #1     Make: TOYT     Model: MTL     Colour: BLU     Style: 4D; Vehicle #2     Make:      Model:      Colour:      Style:,1/3/2023 10:11:59 AM,541644.35,4812061.987,Q1,Working,FALSE
8586,52067,22085931,3/17/2022 1:30:00 PM,2022,3,17,13,30,Thursday,544884.6267,4804850.46,-80.445764,43.395197,Intersection,2,P.D. only,On roadway,Rear end,Daylight,Municipal,Signal Control,Functioning,FALSE,FALSE,FALSE,Clear,TRUE,Road 1: DOON VILLAGE RD; Road 2: PIONEER DR; Vehicle #1     Make:      Model:      Colour:      Style: ; Vehicle #2     Make: LEXS     Model: RX5     Colour: WHI     Style: TY,12/22/2022 9:30:51 AM,544884.6267,4804850.46,Q1,Weekend,FALSE
8587,52068,22086852,2/3/2022 4:45:00 PM,2022,2,3,16,45,Thursday,542847.9554,4813076.466,-80.470266,43.469383,Intersection,2,Non-reportable,On roadway,Rear end,Daylight,Municipal,Sign Control,Functioning,FALSE,FALSE,FALSE,Clear,TRUE,Road 1: GUELPH ST; Road 2: RIVERBEND DR; Vehicle #1     Make: TOYT     Model: TAC     Colour: GRY     Style: PK; Vehicle #2     Make:      Model:      Colour:      Style:,12/22/2022 9:35:02 AM,542847.9554,4813076.467,Q1,Weekend,FALSE