,OBJECTID,ACCIDENTNUM,ACCIDENTDATE,ACCIDENT_YEAR,ACCIDENT_MONTH,ACCIDENT_DAY,ACCIDENT_HOUR,ACCIDENT_MINUTE,Accident_Day,XCOORD,YCOORD,LONGITUDE,LATITUDE,Accident_Location,COLLISIONTYPE,Accident_Type,Impact_Location,Impact_Type,Light,Road_Jurisdication,Traffic_Control,Traffic_Control_Condition,Pedestrian_Involved,Cyclist_Involved,Motorcyclist_Involved,Environment_Condition,Self_Reported,XMLIMPORTNOTES,LASTEDITEDDATE,x,y,Quarter,Day_Type,Vulnerable_Involved
8588,52069,22086866,2/4/2022 12:40:00 PM,2022,2,4,12,40,Friday,543071.0852,4805498.56,-80.468106,43.401139,Intersection,2,Non-reportable,On roadway,Rear end,Daylight,Municipal,Sign Control,Functioning,FALSE,FALSE,FALSE,Clear,TRUE,Road 1: TRILLIUM DR; Road 2: STRASBURG RD TRILLIUM INDUSTRIAL PARK KITCHENER; Vehicle #1     Make:      Model:      Colour:      Style: ; Vehicle #2     Make: DODG     Model: CAR     Colour: BGE     Style: VN,12/22/2022 9:28:29 AM,543071.0852,4805498.56,Q1,Weekend,FALSE
8589,52070,22087146,4/20/2022 5:12:00 PM,2022,4,20,17,12,Wednesday,545867.2935,4804748.427,-80.433639,43.394219,Non intersection,2,P.D. only,Off roadway,SMV,Daylight,Municipal,No control,Unknown,FALSE,FALSE,FALSE,Clear,FALSE,Road 1: 120 PIONEER DR (50 km/h); Road 2: PIONEER DR; Distance: 1.0 M N; Charged Driver #1 on page 1: HTA 33 (NA) (NA); Vehicle #1     Make: HOND     Model: UAX     Colour: BLU     Style: 4D,1/3/2023 10:14:45 AM,545867.2935,4804748.428,Q2,Working,FALSE
8590,52071,22087813,2/25/2022 3:18:00 PM,2022,2,25,15,18,Friday,537673.4729,4806995.887,-80.534657,43.414911,Non intersection,2,P.D. only,On roadway,SMV,Daylight,Municipal,No control,Unknown,FALSE,FALSE,FALSE,Clear,TRUE,Road 1: DRIFTWOOD DR (DRIFTWOOD SCHOOL); Vehicle #1     Make: HOND     Model: PIL     Colour: SIL     Style: TY; Vehicle #2     Make: FORD     Model: COF     Colour: BLK     Style: PK; Vehicle #3     Make: VOLK     Model: JBS     Colour: WHI     Style: 4D,12/22/2022 9:32:46 AM,537673.4729,4806995.887,Q1,Weekend,FALSE
8591,52072,22088023,4/21/2022 5:23:00 PM,2022,4,21,17,23,Thursday,545123.568,4807657.243,-80.442582,43.420455,Private Drive,1,Non-fatal injury,On roadway,Intersection,Daylight,Regional,No control,Unknown,FALSE,FALSE,FALSE,Clear,FALSE,Road 1: 385 WILSON AVE (50 km/h); Road 2: FAIRWAY RD S; Distance: 50.0 M S; Charged Driver #1 on page 1: HTA 142 (NA) (NA); Vehicle #1     Make: HYUN     Model: EXL     Colour: ONG     Style: 4D; Vehicle #2     Make: HOND     Model: PIL     Colour: BLK   ,1/3/2023 10:23:02 AM,545123.568,4807657.243,Q2,Weekend,FALSE
8592,52073,22088256,4/21/2022 11:57:00 PM,2022,4,21,23,57,Thursday,539461.8612,4810230.45,-80.512333,43.443944,Intersection,1,Non-fatal injury,On roadway,SMV,Dark,Municipal,No control,Unknown,TRUE,FALSE,FALSE,Clear,FALSE,Road 1: TALBOT ST (50 km/h); Road 2: BELMONT AVE W (50 km/h); Charged Driver #1 on page 1: HTA 162 (NA) (NA); Vehicle #1     Make:      Model:      Colour:      Style:,1/3/2023 10:18:15 AM,539461.8612,4810230.45,Q2,Weekend,FALSE
8593,52074,22088676,12/3/2021 12:15:00 PM,2021,12,3,12,15,Friday,547159.4368,4807920.895,-80.417411,43.422703,Private Drive,2,P.D. only,On roadway,Other,Daylight,Municipal,No control,Unknown,FALSE,FALSE,FALSE,Clear,TRUE,Road 1: 89 STONEGATE DRIVE KITCHENER; Road 2: WOODVIEW CRESCENT KITCHENER; Vehicle #1     Make: VOLK     Model: 25L     Colour: BLK     Style: 2B; Vehicle #2     Make: AUDI     Model: SQ5     Colour: BLU     Style: TY,8/16/2022 3:04:52 PM,547159.4368,4807920.895,Q4,Weekend,FALSE
8594,52075,22088721,12/8/2021 9:25:00 AM,2021,12,8,9,25,Wednesday,541466.7681,4809537.408,-80.48761,43.437595,Intersection,2,P.D. only,On roadway,Intersection,Daylight,Municipal,No control,Functioning,FALSE,FALSE,FALSE,Snow,TRUE,Road 1: STIRLING AVE S; Road 2: MILL ST MILL; Vehicle #1     Make:      Model:      Colour:      Style: ; Vehicle #2     Make: HOND     Model: PIL     Colour: GRY     Style: TY,8/16/2022 3:04:39 PM,541466.7681,4809537.408,Q4,Working,FALSE
8595,52076,22089915,4/23/2022 9:17:00 PM,2022,4,23,21,17,Saturday,547133.8219,4808432.829,-80.417683,43.427314,Non intersection,2,P.D. only,On roadway,SMV,Dark,Municipal,No control,Unknown,FALSE,FALSE,FALSE,Clear,FALSE,Road 1: 46 GRAND RIVER BLVD (40 km/h); Road 2: GRAND RIVER BLVD; Distance: 10.0 M E; Vehicle #1     Make: FORD     Model: TEL     Colour: BLK     Style: 4D; Vehicle #2     Make: MAZD     Model: X3T     Colour: BLU     Style: 4W,12/22/2022 9:32:26 AM,547133.8219,4808432.829,Q2,Weekend,FALSE
8596,52077,22090417,4/24/2022 2:00:00 PM,2022,4,24,14,0,Sunday,540284.3406,4806513.488,-80.502444,43.410432,Private Drive,2,P.D. only,On roadway,Other,Daylight,Municipal,No control,Unknown,FALSE,FALSE,FALSE,Clear,TRUE,Road 1: 275 HIGHBROOK CRESCENT; Vehicle #1     Make: HOND     Model: AST     Colour: BLK     Style: 4D; Vehicle #2     Make: NISS     Model: KIC     Colour: RED     Style: 4B,12/22/2022 9:30:30 AM,540284.3406,4806513.488,Q2,Weekend,FALSE
8597,52078,22091061,12/15/2021 7:30:00 AM,2021,12,15,7,30,Wednesday,539617.6471,4811375.608,-80.510325,43.454247,Intersection,2,P.D. only,On roadway,Intersection,Dawn,Municipal,No control,Unknown,FALSE,FALSE,FALSE,Clear,TRUE,Road 1: PARK ST; Road 2: GLASGOW ST; Vehicle #1     Make: MAZD     Model: M3S     Colour: GRY     Style: 4B; Vehicle #2     Make: FORD     Model: ECM     Colour: GRY     Style: TY,8/16/2022 2:58:13 PM,539617.6471,4811375.608,Q4,Working,FALSE
8598,52079,22091358,4/25/2022 3:56:00 PM,2022,4,25,15,56,Monday,545433.4575,4808343.627,-80.438697,43.426616,Intersection,2,P.D. only,On roadway,SMV,Daylight,Municipal,Sign Control,Functioning,TRUE,FALSE,FALSE,Clear,FALSE,Road 1: CEDARWOODS CRES (50 km/h); Road 2: KINGSWAY DR (50 km/h); Distance: 5.0 M S; Vehicle #1     Make:      Model:      Colour:      Style:,12/22/2022 9:27:57 AM,545433.4575,4808343.628,Q2,Working,FALSE
8599,52080,22091593,4/25/2022 9:20:00 PM,2022,4,25,21,20,Monday,540922.6573,4811298.776,-80.494201,43.453485,Non intersection,2,Non-reportable,On roadway,SMV,Dark,Municipal,No control,Unknown,FALSE,FALSE,FALSE,Rain,TRUE,Road 1: 55 FRANCIS ST N (IFO); Vehicle #1     Make: CHEV     Model: CXM     Colour: WHI     Style: 4D; Vehicle #2     Make:      Model:      Colour:      Style:,12/22/2022 9:30:54 AM,540922.6573,4811298.776,Q2,Working,FALSE
8600,52081,22092585,4/27/2022 3:17:00 AM,2022,4,27,3,17,Wednesday,539930.9633,4805473.588,-80.506884,43.401088,Non intersection,2,P.D. only,Off roadway,SMV,Dark,Municipal,No control,Unknown,FALSE,FALSE,FALSE,Clear,FALSE,Road 1: 1018 COPPER LEAF CRES (40 km/h); Road 2: COPPER LEAF CRES; Distance: 10.0 M E; Charged Driver #1 on page 1: CCC 335 (NA) (NA); Vehicle #1     Make: ACUR     Model: MDX     Colour: BLK     Style: 4W; Vehicle #2     Make: HYUN     Model: TUC     Col,12/22/2022 9:36:26 AM,539930.9633,4805473.588,Q2,Working,FALSE
8601,52082,22092609,4/27/2022 6:00:00 AM,2022,4,27,6,0,Wednesday,542611.5624,4805881.408,-80.47375,43.404612,Intersection,2,P.D. only,On roadway,Intersection,Dawn,Municipal,Sign Control,Functioning,FALSE,FALSE,FALSE,Clear,TRUE,Road 1: STRASBURG RD; Road 2: MCINTYRE DR; Vehicle #1     Make: MAZD     Model: MA5     Colour: GRY     Style: 4B; Vehicle #2     Make: FRHT     Model: FM2     Colour: WHI     Style: CT,12/22/2022 9:30:52 AM,542611.5624,4805881.408,Q2,Working,FALSE
8602,52083,22092703,4/2/2022 12:00:00 PM,2022,4,2,12,0,Saturday,541797.7899,4810621.347,-80.483437,43.447337,Intersection,2,Non-reportable,On roadway,Rear end,Daylight,Regional,Signal Control,Functioning,FALSE,FALSE,FALSE,Clear,TRUE,Road 1: KING ST E; Road 2: CEDAR ST N; Vehicle #1     Make: DODG     Model: CJO     Colour: CRM     Style: TY; Vehicle #2     Make: CHEV     Model: BEG     Colour: RED     Style: 4D,12/22/2022 9:29:36 AM,541797.7899,4810621.347,Q2,Weekend,FALSE
8603,52084,22092729,4/20/2022 2:15:00 PM,2022,4,20,14,15,Wednesday,538829.2181,4809016.254,-80.520238,43.433044,Private Drive,2,P.D. only,On roadway,SMV,Daylight,Municipal,No control,Unknown,FALSE,FALSE,FALSE,Clear,TRUE,Road 1: 100 RALGREEN CRESCENT (IFO); Vehicle #1     Make:      Model:      Colour:      Style: ; Vehicle #2     Make: TOYT     Model: CBA     Colour: BLK     Style: 4D,12/22/2022 9:30:12 AM,538829.2181,4809016.254,Q2,Working,FALSE
8604,52085,22092939,4/14/2022 3:00:00 PM,2022,4,14,15,0,Thursday,543768.6978,4807806.05,-80.459306,43.421875,Non intersection,2,Non-reportable,On roadway,SMV,Daylight,Regional,No control,Unknown,FALSE,FALSE,FALSE,Clear,TRUE,Road 1: SHELLEY DR; Road 2: COURTLAND AVE E; Vehicle #1     Make:      Model:      Colour:      Style: ; Vehicle #2     Make: HYUN     Model: ESM     Colour: GRY     Style: 4D,12/22/2022 9:30:01 AM,543768.6978,4807806.05,Q2,Weekend,FALSE
8605,52086,22093580,4/21/2022 9:15:00 PM,2022,4,21,21,15,Thursday,541152.0246,4806229.526,-80.491749,43.407828,Private Drive,2,Non-reportable,Off roadway,Other,Dark,Municipal,No control,Unknown,FALSE,FALSE,FALSE,Clear,TRUE,Road 1: RITTENHOUSE RD; Road 2: JULIA CRESCENT; Vehicle #1     Make: HOND     Model: UCL     Colour: WHI     Style: 4D; Vehicle #2     Make:      Model:      Colour:      Style:,12/22/2022 9:30:32 AM,541152.0246,4806229.526,Q2,Weekend,FALSE
8606,52087,22093608,4/28/2022 10:45:00 AM,2022,4,28,10,45,Thursday,544441.5782,4806323.429,-80.451115,43.408486,Non intersection,2,P.D. only,On roadway,Intersection,Daylight,Municipal,No control,Unknown,FALSE,FALSE,FALSE,Clear,TRUE,Road 1: 147 OTONABEE DR; Vehicle #1     Make: CHEV     Model: SIL     Colour: RED     Style: PK; Vehicle #2     Make: FORD     Model: TST     Colour: WHI     Style: FV,1/3/2023 10:10:19 AM,544441.5782,4806323.429,Q2,Weekend,FALSE
8607,52088,22093792,4/28/2022 1:38:00 PM,2022,4,28,13,38,Thursday,541754.2633,4811621.836,-80.483899,43.456347,Private Drive,2,P.D. only,Off roadway,SMV,Daylight,Municipal,No control,Unknown,FALSE,FALSE,FALSE,Clear,FALSE,Road 1: QUEEN ST N (50 km/h); Road 2: ST LEGER ST; Distance: 2.0 M S; Charged Driver #1 on page 1: HTA 130 (NA) (NA); Vehicle #1     Make: FORD     Model: COF     Colour: BLK     Style: PK,12/22/2022 9:36:05 AM,541754.2633,4811621.836,Q2,Weekend,FALSE
8608,52089,22094557,4/25/2022 8:30:00 AM,2022,4,25,8,30,Monday,538612.218,4809803.064,-80.522863,43.44014,Non intersection,2,P.D. only,On roadway,SMV,Daylight,Municipal,No control,Unknown,FALSE,FALSE,FALSE,Clear,TRUE,Road 1: 67 MOOREGATE CRESCENT (IFO); Vehicle #1     Make: FORD     Model: FE     Colour: BLK     Style: 4D; Vehicle #2     Make: HYUN     Model: EGM     Colour: BLK     Style: 4D,12/22/2022 9:30:31 AM,538612.218,4809803.064,Q2,Working,FALSE
8609,52090,22094584,4/20/2022 3:45:00 PM,2022,4,20,15,45,Wednesday,539316.3111,4810616.519,-80.514104,43.447428,Intersection,2,P.D. only,On roadway,Rear end,Daylight,Municipal,Signal Control,Functioning,FALSE,FALSE,FALSE,Clear,TRUE,Road 1: BELMONT AVE W; Road 2: GAGE AVE; Vehicle #1     Make: TOYT     Model: HIG     Colour: BLK     Style: TY; Vehicle #2     Make: FORD     Model: FSH     Colour: GRY     Style: 4D,12/22/2022 9:30:13 AM,539316.3111,4810616.519,Q2,Working,FALSE
8610,52091,22094916,4/29/2022 5:46:00 PM,2022,4,29,17,46,Friday,543605.7426,4812170.456,-80.46097,43.461182,Intersection,1,Non-fatal injury,On roadway,Intersection,Daylight,Municipal,Sign Control,Unknown,FALSE,FALSE,FALSE,Clear,FALSE,Road 1: RIVER RD E (50 km/h); Road 2: ROSEMOUNT DR (50 km/h); Distance: 1.0 M S; Charged Driver #1 on page 1: HTA 130 (NA) (NA); Vehicle #1     Make: CHRY     Model: S30     Colour: RED     Style: 4D; Vehicle #2     Make: FORD     Model: FSE     Colour: G,12/22/2022 9:36:29 AM,543605.7426,4812170.456,Q2,Weekend,FALSE
8611,52092,22095272,4/30/2022 2:33:00 AM,2022,4,30,2,33,Saturday,541176.3585,4808251.573,-80.491296,43.426033,Intersection,1,Non-fatal injury,Off roadway,SMV,Dark,Municipal,No control,Unknown,FALSE,FALSE,FALSE,Clear,FALSE,Road 1: CHANDLER DR (50 km/h); Road 2: STRASBURG RD (50 km/h); Distance:  M N; Charged Driver #1 on page 1: CCC 320 (NA) (NA); Vehicle #1     Make: TOYT     Model: SIE     Colour: GRY     Style: VN,12/22/2022 9:36:22 AM,541176.3585,4808251.573,Q2,Weekend,FALSE
8612,52093,22095481,4/30/2022 10:32:00 AM,2022,4,30,10,32,Saturday,543440.9036,4807182.634,-80.463405,43.416281,Private Drive,1,Non-fatal injury,On roadway,Other,Daylight,Regional,No control,Unknown,FALSE,FALSE,FALSE,Clear,FALSE,Road 1: 35 BRISBANE DR (50 km/h); Road 2: BRISBANE DR; Distance: 7.0 M N; Charged Driver #1 on page 1: HTA 139 (NA) (NA); Vehicle #1     Make: TOYT     Model: CBS     Colour: RED     Style: 4D; Vehicle #2     Make: TOYT     Model: UCS     Colour: BLK     ,12/22/2022 9:36:48 AM,543440.9036,4807182.634,Q2,Weekend,FALSE
8613,52094,22095546,4/23/2022 10:00:00 PM,2022,4,23,22,0,Saturday,538625.0988,4809569.945,-80.522721,43.43804,Private Drive,2,Non-reportable,Off roadway,SMV,Dark,Regional,No control,Unknown,FALSE,FALSE,FALSE,Clear,TRUE,Road 1: 83 VICMOUNT DR; Vehicle #1     Make:      Model:      Colour:      Style: ; Vehicle #2     Make: HOND     Model: UCL     Colour: BLU     Style: 4D,12/22/2022 9:30:33 AM,538625.0988,4809569.945,Q2,Weekend,FALSE
8614,52095,22096274,5/1/2022 3:45:00 AM,2022,5,1,3,45,Sunday,547564.817,4811385.468,-80.412101,43.453873,Intersection,2,P.D. only,Off roadway,SMV,Dark,Regional,Sign Control,Functioning,FALSE,FALSE,FALSE,Clear,FALSE,Road 1: OLD ZELLER DR (50 km/h); Road 2: ZELLER DRIVE; Distance: 20.0 M W; Vehicle #1     Make:      Model:      Colour:      Style:,12/22/2022 9:32:25 AM,547564.817,4811385.468,Q2,Weekend,FALSE
8615,52096,22096423,8/6/2021 2:00:00 PM,2021,8,6,14,0,Friday,536918.13,4807012.256,-80.543986,43.415096,Private Drive,2,Non-reportable,On roadway,SMV,Daylight,Municipal,No control,Unknown,FALSE,FALSE,FALSE,Clear,TRUE,Road 1: 59 HICKORY HOLLOW CRESCENT; Vehicle #1     Make:      Model:      Colour:      Style: ; Vehicle #2     Make: HYUN     Model: EGM     Colour: WHI     Style: 4D,8/16/2022 2:59:09 PM,536918.13,4807012.256,Q3,Weekend,FALSE
8616,52097,22096573,8/25/2021 3:15:00 PM,2021,8,25,15,15,Wednesday,536093.8966,4807654.031,-80.554124,43.420915,Non intersection,2,Non-reportable,On roadway,SMV,Daylight,Municipal,No control,Unknown,FALSE,FALSE,FALSE,Clear,TRUE,Road 1: 6 RAUCH COURT  UNIT 2; Vehicle #1     Make:      Model:      Colour:      Style: ; Vehicle #2     Make: GMC     Model: SIE     Colour: BRN     Style: PK,8/16/2022 3:03:28 PM,536093.8966,4807654.031,Q3,Working,FALSE
8617,52098,22096707,5/1/2022 5:46:00 PM,2022,5,1,17,46,Sunday,541926.0377,4812236.201,-80.481728,43.46187,Non intersection,1,Non-fatal injury,On roadway,SMV,Daylight,Municipal,No control,Unknown,FALSE,FALSE,TRUE,Clear,FALSE,Road 1: 485 WELLINGTON ST N (50 km/h); Road 2: WELLINGTON ST N; Distance: 10.0 M W; Vehicle #1     Make: TRUM     Model: RCT     Colour: BLK     Style: MS,12/22/2022 9:33:22 AM,541926.0377,4812236.201,Q2,Weekend,TRUE
8618,52099,22096843,5/2/2022 5:30:00 PM,2022,5,2,17,30,Monday,543737.5771,4808310.59,-80.45965,43.42642,Non intersection,2,Non-reportable,On roadway,SMV,Daylight,Municipal,No control,Unknown,FALSE,FALSE,FALSE,Clear,TRUE,Road 1: SHELLEY DR; Vehicle #1     Make:      Model:      Colour:      Style: ; Vehicle #2     Make: TOYT     Model: CBL     Colour: RED     Style: 4D,12/22/2022 9:34:16 AM,543737.5771,4808310.59,Q2,Working,FALSE
8619,52100,22097146,5/2/2022 10:55:00 AM,2022,5,2,10,55,Monday,542313.9357,4810287.504,-80.477084,43.444302,Intersection,1,Non-fatal injury,On roadway,Intersection,Daylight,Municipal,Signal Control,Functioning,FALSE,TRUE,FALSE,Clear,FALSE,Road 1: STIRLING AVE N (50 km/h); Road 2: KING ST E (50 km/h); Charged Driver #1 on page 1: HTA 142 (NA) (NA); Vehicle #1     Make: BICY     Model: BICY     Colour: BLK     Style: BK; Vehicle #2     Make: CHEV     Model: SIL     Colour: BLK     Style: PK,12/22/2022 9:36:19 AM,542313.9357,4810287.504,Q2,Working,FALSE
8620,52101,22097229,4/30/2022 6:30:00 PM,2022,4,30,18,30,Saturday,547235.0107,4808458.505,-80.416431,43.427539,Non intersection,2,P.D. only,Off roadway,SMV,Daylight,Municipal,No control,Unknown,FALSE,FALSE,FALSE,Clear,TRUE,Road 1: 74 GRAND RIVER BLVD; Vehicle #1     Make: FORD     Model: FLE     Colour: BLU     Style: TY; Vehicle #2     Make: HYUN     Model: ETG     Colour: GRY     Style: 4B,1/3/2023 10:10:56 AM,547235.0107,4808458.505,Q2,Weekend,FALSE
8621,52102,22097240,4/23/2022 1:30:00 PM,2022,4,23,13,30,Saturday,544844.5563,4804946.779,-80.446251,43.396066,Private Drive,2,Non-reportable,On roadway,SMV,Daylight,Municipal,No control,Unknown,FALSE,FALSE,FALSE,Clear,TRUE,Road 1: 648 DOON VILLAGE RD (IFO UNIT 14); Road 2: 648 DOON VILLAGE RD; Vehicle #1     Make:      Model:      Colour:      Style: ; Vehicle #2     Make: KIA     Model: SLE     Colour: BGE     Style: 4D,1/3/2023 10:23:10 AM,544844.5563,4804946.779,Q2,Weekend,FALSE
8622,52103,22097607,5/2/2022 9:25:00 PM,2022,5,2,21,25,Monday,540463.2023,4806497.646,-80.500236,43.41028,Non intersection,2,P.D. only,On roadway,SMV,Dark,Municipal,No control,Unknown,FALSE,FALSE,FALSE,Clear,FALSE,Road 1: HIGHBROOK ST (50 km/h); Road 2: BLOCK LINE RD; Distance: 100.0 M S; Charged Driver #1 on page 1: HTA 320.14 (NA) (NA); Vehicle #1     Make: MAZD     Model: 3TR     Colour: RED     Style: 4D; Vehicle #2     Make: HOND     Model: FLX     Colour: BLK,12/22/2022 9:36:15 AM,540463.2023,4806497.646,Q2,Working,FALSE
8623,52104,22097908,5/3/2022 9:15:00 AM,2022,5,3,9,15,Tuesday,541176.5412,4811202.327,-80.491071,43.452602,Non intersection,2,Non-reportable,On roadway,Intersection,Daylight,Regional,No control,Unknown,FALSE,FALSE,FALSE,Clear,TRUE,Road 1: YOUNG ST; Road 2: WEBER ST W; Vehicle #1     Make: GMC     Model: TER     Colour: BRN     Style: TY; Vehicle #2     Make: NISS     Model: ROG     Colour: WHI     Style: TY,12/22/2022 9:34:17 AM,541176.5412,4811202.327,Q2,Working,FALSE
8624,52105,22098271,5/3/2022 4:41:00 PM,2022,5,3,16,41,Tuesday,542370.6052,4808278.054,-80.47654,43.426205,Private Drive,2,P.D. only,On roadway,Intersection,Daylight,Municipal,No control,Unknown,FALSE,FALSE,FALSE,Rain,FALSE,Road 1: 88 ARDELT AVE (50 km/h); Road 2: ARDELT AVE; Distance: 10.0 M S; Charged Driver #1 on page 1: HTA 139 (NA) (NA); Vehicle #1     Make: MAZD     Model: CX5     Colour: RED     Style: TY; Vehicle #2     Make: DODG     Model: CAR     Colour: GRY     S,12/22/2022 9:36:49 AM,542370.6052,4808278.054,Q2,Working,FALSE
8625,52106,22098982,4/15/2022 3:15:00 PM,2022,4,15,15,15,Friday,544193.8142,4805036.863,-80.454279,43.396916,Non intersection,2,Non-reportable,On roadway,SMV,Daylight,Municipal,No control,Unknown,FALSE,FALSE,FALSE,Clear,TRUE,Road 1: 96 OLD HURON COURT (IFO); Vehicle #1     Make:      Model:      Colour:      Style: ; Vehicle #2     Make: TOYT     Model: SIE     Colour: GRY     Style: VN,12/22/2022 9:30:02 AM,544193.8142,4805036.863,Q2,Weekend,FALSE
8626,52107,22098989,5/4/2022 1:50:00 PM,2022,5,4,13,50,Wednesday,536431.3073,4808975.172,-80.549868,43.432795,Intersection,2,P.D. only,On roadway,Intersection,Daylight,Municipal,Sign Control,Functioning,FALSE,FALSE,FALSE,Clear,TRUE,Road 1: HIGHGATE RD; Road 2: KELLER CRESCENT; Vehicle #1     Make: NISS     Model: ROG     Colour: SIL     Style: TY; Vehicle #2     Make: VOLK     Model: CIG     Colour: WHI     Style: TY,12/22/2022 9:33:34 AM,536431.3073,4808975.172,Q2,Working,FALSE
8627,52108,22099011,4/10/2022 9:00:00 PM,2022,4,10,21,0,Sunday,545315.8557,4804469.327,-80.440471,43.391739,Intersection,2,Non-reportable,On roadway,Intersection,Dark,Municipal,Signal Control,Functioning,FALSE,FALSE,FALSE,Clear,TRUE,Road 1: BECHTEL DR; Road 2: DOON VILLAGE RD; Vehicle #1     Make:      Model:      Colour:      Style: ; Vehicle #2     Make: FORD     Model: FE     Colour: GRY     Style: 4D,12/22/2022 9:29:49 AM,545315.8557,4804469.327,Q2,Weekend,FALSE
8628,52109,22099637,4/10/2022 2:00:00 PM,2022,4,10,14,0,Sunday,545274.7855,4806434.528,-80.440815,43.409436,Intersection,2,Non-reportable,On roadway,Rear end,Daylight,Municipal,Sign Control,Functioning,FALSE,FALSE,FALSE,Clear,TRUE,Road 1: WILSON AVE; Road 2: WABANAKI DR; Vehicle #1     Make: FORD     Model: COF     Colour: GRY     Style: PK; Vehicle #2     Make:      Model:      Colour:      Style:,1/3/2023 10:19:26 AM,545274.7855,4806434.528,Q2,Weekend,FALSE
8629,52110,22099688,4/5/2022 5:40:00 AM,2022,4,5,5,40,Tuesday,544382.5435,4802965.425,-80.452116,43.378254,Intersection,2,P.D. only,On roadway,Rear end,Dark,Municipal,No control,Functioning,FALSE,FALSE,FALSE,Clear,TRUE,Road 1: CARYNDALE DR; Road 2: ROBERT FERRIE DR; Vehicle #1     Make: ACUR     Model: 35R     Colour: BGE     Style: 4D; Vehicle #2     Make: FORD     Model: COF     Colour: BLK     Style: PK,1/3/2023 10:19:13 AM,544382.5435,4802965.425,Q2,Working,FALSE
8630,52111,22100548,2/23/2022 3:00:00 PM,2022,2,23,15,0,Wednesday,540350.9392,4811463.173,-80.501255,43.454996,Intersection,2,P.D. only,On roadway,Rear end,Daylight,Municipal,No control,Unknown,FALSE,FALSE,FALSE,Clear,TRUE,Road 1: WELLINGTON ST N; Road 2: MOORE AVE; Vehicle #1     Make: FORD     Model: FEE     Colour: BLK     Style: 4B; Vehicle #2     Make: HYUN     Model: TUC     Colour: GRY     Style: TY,12/22/2022 9:34:18 AM,540350.9392,4811463.173,Q1,Working,FALSE
8631,52112,22102576,5/8/2022 4:00:00 PM,2022,5,8,16,0,Sunday,543880.6841,4808168.36,-80.457894,43.425131,Non intersection,2,Non-reportable,On roadway,SMV,Daylight,Municipal,No control,Unknown,FALSE,FALSE,FALSE,Clear,TRUE,Road 1: 16 SIEBERT AVE (IFO); Vehicle #1     Make:      Model:      Colour:      Style: ; Vehicle #2     Make: TOYT     Model: CBA     Colour: WHI     Style: 4D,12/22/2022 9:27:09 AM,543880.6841,4808168.36,Q2,Weekend,FALSE
8632,52113,22102762,5/8/2022 7:30:00 PM,2022,5,8,19,30,Sunday,539541.4033,4806509.058,-80.51162,43.410432,Non intersection,2,P.D. only,On roadway,Rear end,Daylight,Municipal,No control,Unknown,FALSE,FALSE,FALSE,Clear,FALSE,Road 1: 230 WILDERNESS DR (50 km/h); Road 2: WILDERNESS DR; Distance: 10.0 M S; Charged Driver #1 on page 1: HTA 130 (NA) (NA); Vehicle #1     Make: NISS     Model: ASL     Colour: BRN     Style: 4D; Vehicle #2     Make: FORD     Model: COF     Colour: BL,12/22/2022 9:36:37 AM,539541.4033,4806509.058,Q2,Weekend,FALSE
8633,52114,22103101,4/30/2022 1:00:00 PM,2022,4,30,13,0,Saturday,546030.4813,4804457.364,-80.431648,43.391588,Private Drive,2,Non-reportable,On roadway,SMV,Daylight,Municipal,No control,Unknown,FALSE,FALSE,FALSE,Clear,TRUE,Road 1: 311 100 OLD CARRIAGE DR (IFO); Vehicle #1     Make:      Model:      Colour:      Style: ; Vehicle #2     Make: HOND     Model: UAX     Colour: GRY     Style: 4D,1/3/2023 10:20:48 AM,546030.4813,4804457.364,Q2,Weekend,FALSE
8634,52115,22103134,4/21/2022 3:30:00 PM,2022,4,21,15,30,Thursday,539529.7544,4806082.734,-80.511795,43.406594,Non intersection,2,Non-reportable,On roadway,SMV,Daylight,Municipal,No control,Unknown,FALSE,FALSE,FALSE,Clear,TRUE,Road 1: 9 BRIDLEWREATH ST (IFO); Vehicle #1     Make:      Model:      Colour:      Style: ; Vehicle #2     Make: TOYT     Model: HIG     Colour: GRY     Style: TY,12/22/2022 9:30:15 AM,539529.7544,4806082.734,Q2,Weekend,FALSE
8635,52116,22103179,4/29/2022 12:45:00 PM,2022,4,29,12,45,Friday,538912.3221,4810139.633,-80.519131,43.443155,Private Drive,2,Non-reportable,On roadway,Other,Daylight,Municipal,No control,Unknown,FALSE,FALSE,FALSE,Clear,TRUE,Road 1: 444 KARN STREET KITCHENER; Road 2: 444 KARN STREET KITCHENER; Vehicle #1     Make: FORD     Model: SPE     Colour: BLK     Style: TY; Vehicle #2     Make: NISS     Model: ATS     Colour: BLK     Style: 4D,1/3/2023 10:20:44 AM,538912.3221,4810139.633,Q2,Weekend,FALSE