,OBJECTID,ACCIDENTNUM,ACCIDENTDATE,ACCIDENT_YEAR,ACCIDENT_MONTH,ACCIDENT_DAY,ACCIDENT_HOUR,ACCIDENT_MINUTE,Accident_Day,XCOORD,YCOORD,LONGITUDE,LATITUDE,Accident_Location,COLLISIONTYPE,Accident_Type,Impact_Location,Impact_Type,Light,Road_Jurisdication,Traffic_Control,Traffic_Control_Condition,Pedestrian_Involved,Cyclist_Involved,Motorcyclist_Involved,Environment_Condition,Self_Reported,XMLIMPORTNOTES,LASTEDITEDDATE,x,y,Quarter,Day_Type,Vulnerable_Involved
8683,52164,22130367,6/7/2022 4:03:00 PM,2022,6,7,16,3,Tuesday,536512.6863,4807134.625,-80.548985,43.416218,Other,2,Non-reportable,On roadway,SMV,Daylight,Municipal,No control,Unknown,FALSE,FALSE,FALSE,Clear,TRUE,Road 1: BENT WILLOW DR (IFO 19); Vehicle #1     Make:      Model:      Colour:      Style: ; Vehicle #2     Make: NISS     Model: PFI     Colour: WHI     Style: TY,12/22/2022 9:30:23 AM,536512.6863,4807134.625,Q2,Working,FALSE
8684,52165,22130645,6/8/2022 8:30:00 AM,2022,6,8,8,30,Wednesday,539630.7468,4805863.144,-80.510563,43.404611,Intersection,1,Non-fatal injury,On roadway,Intersection,Daylight,Municipal,Sign Control,Functioning,FALSE,FALSE,FALSE,Clear,FALSE,Road 1: BRIDLEWREATH ST (50 km/h); Road 2: MAX BECKER DR (50 km/h); Charged Driver #1 on page 1: HTA 130 (NA) (NA); Vehicle #1     Make: LEXS     Model: C2H     Colour: BLK     Style: 4B; Vehicle #2     Make: NISS     Model: ROG     Colour: SIL     Style:,12/22/2022 9:36:34 AM,539630.7468,4805863.144,Q2,Working,FALSE
8685,52166,22130667,5/2/2022 3:05:00 PM,2022,5,2,15,5,Monday,540257.7952,4809980.474,-80.502516,43.441651,Non intersection,2,Non-reportable,Off roadway,SMV,Daylight,Regional,No control,Unknown,FALSE,FALSE,FALSE,Clear,TRUE,Road 1: WEST AVE; Road 2: HIGHLAND RD W; Vehicle #1     Make:      Model:      Colour:      Style: ; Vehicle #2     Make: SUBA     Model: SWR     Colour: GRY     Style: 4D,12/22/2022 9:31:09 AM,540257.7952,4809980.474,Q2,Working,FALSE
8686,52167,22130929,5/12/2022 10:30:00 AM,2022,5,12,10,30,Thursday,546725.4062,4811288.563,-80.422484,43.453053,Private Drive,2,Non-reportable,On roadway,Other,Daylight,Municipal,No control,Unknown,FALSE,FALSE,FALSE,Clear,TRUE,Road 1: 71 GREGG CRT; Vehicle #1     Make: TOYT     Model: TAC     Colour: GRY     Style: PK; Vehicle #2     Make:      Model:      Colour:      Style:,12/22/2022 9:33:28 AM,546725.4062,4811288.563,Q2,Weekend,FALSE
8687,52168,22131609,6/9/2022 9:31:00 AM,2022,6,9,9,31,Thursday,537960.8956,4808939.682,-80.530972,43.432399,Non intersection,2,P.D. only,On roadway,SMV,Daylight,Municipal,No control,Unknown,FALSE,FALSE,FALSE,Clear,FALSE,Road 1: 119 OPRINGTON CRT (50 km/h); Road 2: OPRINGTON CRT; Distance: 0.0 M S; Vehicle #1     Make: ROSE     Model: 40M     Colour: RED     Style: CB; Vehicle #2     Make: FORD     Model: EPR     Colour: BLU     Style: TY,1/3/2023 10:11:04 AM,537960.8956,4808939.682,Q2,Weekend,FALSE
8688,52169,22131726,5/7/2022 5:00:00 PM,2022,5,7,17,0,Saturday,541075.8515,4808434.728,-80.492524,43.427688,Private Drive,2,P.D. only,Off roadway,SMV,Daylight,Municipal,No control,Unknown,FALSE,FALSE,FALSE,Clear,TRUE,Road 1: 111 SOUTHMOOR DR; Vehicle #1     Make:      Model:      Colour:      Style: ; Vehicle #2     Make: KIA     Model: FNG     Colour: BLU     Style: 4D,12/22/2022 9:35:03 AM,541075.8515,4808434.728,Q2,Weekend,FALSE
8689,52170,22131869,6/9/2022 2:00:00 PM,2022,6,9,14,0,Thursday,538547.9699,4807880.652,-80.523793,43.422834,Non intersection,2,P.D. only,On roadway,Intersection,Daylight,Municipal,No control,Unknown,FALSE,FALSE,FALSE,Clear,TRUE,Road 1: ELM RIDGE DR; Road 2: RAMBLEWOOD WAY; Vehicle #1     Make: MAZD     Model: M3H     Colour: BLU     Style: 4B; Vehicle #2     Make: DODG     Model: DLM     Colour: WHI     Style: 4D,12/22/2022 9:30:34 AM,538547.9699,4807880.652,Q2,Weekend,FALSE
8690,52171,22132026,6/9/2022 5:30:00 PM,2022,6,9,17,30,Thursday,539617.6471,4811375.608,-80.510325,43.454247,Intersection,2,P.D. only,On roadway,Rear end,Daylight,Municipal,No control,Functioning,FALSE,FALSE,FALSE,Clear,TRUE,Road 1: PARK ST; Road 2: GLASGOW ST; Vehicle #1     Make: HYUN     Model: TUC     Colour: GRY     Style: TY; Vehicle #2     Make: TOYT     Model: CHL     Colour: GRY     Style: 4D,1/3/2023 10:18:07 AM,539617.6471,4811375.608,Q2,Weekend,FALSE
8691,52172,22132919,6/10/2022 5:14:00 PM,2022,6,10,17,14,Friday,542408.6001,4806609.407,-80.4762,43.411179,Non intersection,1,Non-fatal injury,On roadway,Rear end,Daylight,Municipal,No control,Unknown,FALSE,FALSE,FALSE,Clear,FALSE,Road 1: 80 STRASBURG RD (50 km/h); Road 2: OLD COUNTRY DR; Distance: 10.0 M W; Charged Driver #1 on page 1: HTA 320.14 (NA) (NA); Vehicle #1     Make: HOND     Model: CRV     Colour: BLK     Style: TY; Vehicle #2     Make: INFI     Model: XTR     Colour: ,1/3/2023 10:14:08 AM,542408.6001,4806609.407,Q2,Weekend,FALSE
8692,52173,2213321,5/20/2022 1:12:00 PM,2022,5,20,13,12,Friday,542312.6291,4810288.712,-80.477101,43.444313,Intersection,2,Non-reportable,On roadway,Rear end,Daylight,Regional,Signal Control,Functioning,FALSE,FALSE,FALSE,Clear,TRUE,Road 1: KING ST E; Road 2: STIRLING AVE N; Vehicle #1     Make: HOND     Model: UDY     Colour: GRY     Style: TY; Vehicle #2     Make: MAZD     Model: M6I     Colour: BLK     Style: 4D,12/22/2022 9:31:32 AM,542312.6291,4810288.712,Q2,Weekend,FALSE
8693,52174,22133723,4/30/2022 11:00:00 AM,2022,4,30,11,0,Saturday,541131.0976,4813829.719,-80.491434,43.476262,Private Drive,2,P.D. only,On roadway,Other,Daylight,Regional,No control,Unknown,FALSE,FALSE,FALSE,Clear,TRUE,Road 1: 96 LANG CRESCENT; Vehicle #1     Make: HYUN     Model: EGS     Colour: WHI     Style: SW; Vehicle #2     Make:      Model:      Colour:      Style:,12/22/2022 9:31:10 AM,541131.0976,4813829.719,Q2,Weekend,FALSE
8694,52175,22133746,5/30/2022 10:00:00 AM,2022,5,30,10,0,Monday,547326.5767,4811487.959,-80.415037,43.45481,Private Drive,2,P.D. only,Off roadway,SMV,Daylight,Municipal,No control,Unknown,FALSE,FALSE,FALSE,Clear,TRUE,Road 1: 29 BROOKMEAD ST; Vehicle #1     Make:      Model:      Colour:      Style: ; Vehicle #2     Make: MERZ     Model: E24     Colour: SIL     Style: 4D,12/22/2022 9:27:23 AM,547326.5767,4811487.959,Q2,Working,FALSE
8695,52176,22134422,5/30/2022 9:50:00 PM,2022,5,30,21,50,Monday,546009.3353,4810202.618,-80.431426,43.443319,Non intersection,2,P.D. only,On roadway,SMV,Dark,Municipal,No control,Unknown,FALSE,FALSE,FALSE,Clear,TRUE,Road 1: OLD CHICOPEE DR; Road 2: DAIMLER DR; Distance: 20.0 M N; Vehicle #1     Make: KIA     Model: SOR     Colour: SIL     Style: TY,12/22/2022 9:36:17 AM,546009.3353,4810202.618,Q2,Working,FALSE
8696,52177,22134701,6/11/2022 8:20:00 PM,2022,6,11,20,20,Saturday,545034.8974,4807867.657,-80.44366,43.422355,Intersection,1,Non-fatal injury,On roadway,SMV,Daylight,Regional,No control,Functioning,TRUE,FALSE,FALSE,Clear,FALSE,Road 1: KINGSWAY DR (40 km/h); Road 2: WILSON AVE (40 km/h); Vehicle #1     Make: FORD     Model: COF     Colour: GRN     Style: PK,1/3/2023 10:16:37 AM,545034.8974,4807867.657,Q2,Weekend,FALSE
8697,52178,22136236,6/1/2022 9:00:00 PM,2022,6,1,21,0,Wednesday,544898.8047,4812229.7,-80.444982,43.461639,Private Drive,2,Non-reportable,Off roadway,SMV,Dusk,Municipal,No control,Unknown,FALSE,FALSE,FALSE,Clear,TRUE,Road 1: CONFEDERATION DR (IFO 77); Vehicle #1     Make:      Model:      Colour:      Style: ; Vehicle #2     Make: TOYT     Model: RV4     Colour: GRY     Style: TY,12/22/2022 9:30:22 AM,544898.8047,4812229.7,Q2,Working,FALSE
8698,52179,22136611,6/14/2022 3:15:00 PM,2022,6,14,15,15,Tuesday,544754.9988,4808023.711,-80.447105,43.423777,Intersection,2,P.D. only,On roadway,Rear end,Daylight,Municipal,Signal Control,Functioning,FALSE,FALSE,FALSE,Clear,TRUE,Road 1: WILSON AVE; Road 2: TRAYNOR AVE; Vehicle #1     Make: VOLK     Model: JSA     Colour: BLK     Style: 4D; Vehicle #2     Make: TOYO     Model: CAMR     Colour:      Style: 4DO,12/22/2022 9:30:57 AM,544754.9988,4808023.711,Q2,Working,FALSE
8699,52180,22136629,6/14/2022 6:20:00 AM,2022,6,14,6,20,Tuesday,541651.0008,4807891.931,-80.48546,43.422769,Private Drive,2,Non-reportable,Off roadway,SMV,Daylight,Municipal,No control,Unknown,FALSE,FALSE,FALSE,Clear,TRUE,Road 1: 69 ROBERTS CRESCENT; Vehicle #1     Make:      Model:      Colour:      Style: ; Vehicle #2     Make: HOND     Model: UCL     Colour: WHI     Style: 4D,12/22/2022 9:35:55 AM,541651.0008,4807891.931,Q2,Working,FALSE
8700,52181,22136941,6/14/2022 11:15:00 PM,2022,6,14,23,15,Tuesday,541596.911,4803907.716,-80.486431,43.386898,Private Drive,2,Non-reportable,Off roadway,SMV,Dark,Municipal,No control,Unknown,FALSE,FALSE,FALSE,Clear,TRUE,Road 1: 271 SOPHIA CRESCENT; Vehicle #1     Make: HYUN     Model: ESS     Colour: GRY     Style: 4D; Vehicle #2     Make: TOYT     Model: CBS     Colour: BRN     Style: 4D,12/22/2022 9:30:59 AM,541596.911,4803907.716,Q2,Working,FALSE
8701,52182,22137273,6/11/2022 8:00:00 AM,2022,6,11,8,0,Saturday,542922.528,4810047.911,-80.469583,43.44211,Private Drive,2,P.D. only,Off roadway,SMV,Daylight,Municipal,No control,Unknown,FALSE,FALSE,FALSE,Clear,TRUE,Road 1: 29 BRICK ST; Vehicle #1     Make:      Model:      Colour:      Style: ; Vehicle #2     Make: FORD     Model: FTU     Colour: GRY     Style: 4B,12/22/2022 9:35:40 AM,542922.528,4810047.911,Q2,Weekend,FALSE
8702,52183,22137376,6/9/2022 11:30:00 AM,2022,6,9,11,30,Thursday,542118.0308,4812780.24,-80.479313,43.466757,Intersection,2,P.D. only,On roadway,Intersection,Daylight,Municipal,No control,Unknown,FALSE,FALSE,FALSE,Clear,TRUE,Road 1: GUELPH ST; Road 2: MAPLE AVE; Vehicle #1     Make: MAZD     Model: M3S     Colour: WHI     Style: 4D; Vehicle #2     Make: INTL     Model: LT6     Colour: GRY     Style: CT,12/22/2022 9:30:24 AM,542118.0308,4812780.24,Q2,Weekend,FALSE
8703,52184,22137871,6/15/2022 10:21:00 PM,2022,6,15,22,21,Wednesday,543712.5101,4805683.142,-80.46017,43.402764,Intersection,1,Non-fatal injury,On roadway,Intersection,Dark,Municipal,No control,Functioning,FALSE,FALSE,FALSE,Clear,FALSE,Road 1: TRILLIUM DR (50 km/h); Road 2: STECKLE PL (50 km/h); Charged Driver #1 on page 1: CCC 320 (16) (NA); Vehicle #1     Make: GMC     Model: SIE     Colour: BLK     Style: CW; Vehicle #2     Make: KW     Model: CON     Colour: RED     Style: CT,1/3/2023 10:19:09 AM,543712.5101,4805683.142,Q2,Working,FALSE
8704,52185,22138343,6/5/2022 5:00:00 PM,2022,6,5,17,0,Sunday,538608.1457,4807324.802,-80.523089,43.417825,Other,2,P.D. only,On roadway,SMV,Daylight,Municipal,No control,Unknown,FALSE,FALSE,FALSE,Clear,TRUE,Road 1: FORESTWOOD DR (IFO 166); Vehicle #1     Make:      Model:      Colour:      Style: ; Vehicle #2     Make: TOYT     Model: TAC     Colour: GRY     Style: CW,12/22/2022 9:30:15 AM,538608.1457,4807324.803,Q2,Weekend,FALSE
8705,52186,22138455,6/16/2022 3:32:00 PM,2022,6,16,15,32,Thursday,541529.647,4803420.444,-80.487298,43.382514,Non intersection,2,P.D. only,On roadway,Intersection,Daylight,Municipal,No control,Unknown,FALSE,FALSE,FALSE,Clear,FALSE,Road 1: HURON RD (60 km/h); Road 2: FISCHER HALLMAN RD; Distance: 100.0 M E; Charged Driver #1 on page 1: HTA 130 (1) (NA); Vehicle #1     Make: HOND     Model: CRV     Colour: BLK     Style: TY; Vehicle #2     Make: CHEV     Model: TRV     Colour: BLK   ,1/3/2023 10:12:18 AM,541529.647,4803420.444,Q2,Weekend,FALSE
8706,52187,22138583,6/16/2022 6:08:00 PM,2022,6,16,18,8,Thursday,545336.315,4812755.215,-80.43953,43.466344,Non intersection,2,P.D. only,On roadway,SMV,Daylight,Municipal,No control,Unknown,FALSE,FALSE,FALSE,Clear,FALSE,Road 1: 57 GEORGIAN ST (50 km/h); Road 2: GEORGIAN ST; Distance: 1.0 M N; Charged Driver #1 on page 1: HTA 142 (NA) (NA); Vehicle #1     Make: NISS     Model: JUK     Colour: RED     Style: 4D; Vehicle #2     Make: TOYT     Model: VEN     Colour: GRY     ,1/3/2023 10:14:41 AM,545336.315,4812755.215,Q2,Weekend,FALSE
8707,52188,22139150,5/13/2022 2:30:00 PM,2022,5,13,14,30,Friday,538777.3992,4807810.733,-80.520964,43.422192,Intersection,2,P.D. only,On roadway,Intersection,Daylight,Municipal,No control,Unknown,FALSE,FALSE,FALSE,Clear,TRUE,Road 1: MCGARRY DR; Road 2: ELM RIDGE DR; Vehicle #1     Make: FORD     Model: SPE     Colour: GRY     Style: TY; Vehicle #2     Make: FORD     Model: SPE     Colour: WHI     Style: TY,12/22/2022 9:27:22 AM,538777.3992,4807810.734,Q2,Weekend,FALSE
8708,52189,22139200,12/12/2021 12:30:00 PM,2021,12,12,12,30,Sunday,547270.9253,4805804.42,-80.416217,43.40364,Private Drive,2,P.D. only,Off roadway,SMV,Daylight,Municipal,No control,Unknown,FALSE,FALSE,FALSE,Clear,TRUE,Road 1: 211 TERRACE WOOD CRESCENT; Vehicle #1     Make:      Model:      Colour:      Style: ; Vehicle #2     Make: HOND     Model: CRV     Colour: BLK     Style: TY,1/3/2023 10:22:36 AM,547270.9253,4805804.421,Q4,Weekend,FALSE
8709,52190,22139226,12/10/2021 6:15:00 PM,2021,12,10,18,15,Friday,539398.2409,4809237.193,-80.513191,43.435004,Non intersection,2,P.D. only,On roadway,Intersection,Dark,Municipal,No control,Unknown,FALSE,FALSE,FALSE,Clear,TRUE,Road 1: 11 OVERLEA DR; Vehicle #1     Make: MERZ     Model: R35     Colour: SIL     Style: TY; Vehicle #2     Make:      Model:      Colour:      Style:,1/3/2023 10:14:12 AM,539398.2409,4809237.193,Q4,Weekend,FALSE
8710,52191,22139275,10/22/2021 11:27:00 AM,2021,10,22,11,27,Friday,543108.3478,4812758.626,-80.467072,43.466506,Non intersection,2,P.D. only,On roadway,Intersection,Daylight,Municipal,No control,Unknown,FALSE,FALSE,FALSE,Clear,TRUE,Road 1: SHIRLEY AVE; Road 2: RIVERBEND DR; Vehicle #1     Make:      Model:      Colour:      Style: ; Vehicle #2     Make: BMW     Model: 35I     Colour: BLK     Style: CV,1/3/2023 10:14:17 AM,543108.3478,4812758.626,Q4,Weekend,FALSE
8711,52192,22139299,11/17/2021 10:10:00 AM,2021,11,17,10,10,Wednesday,541071.9697,4809680.785,-80.492478,43.438908,Non intersection,2,Non-reportable,On roadway,Intersection,Daylight,Municipal,No control,Unknown,FALSE,FALSE,FALSE,Clear,TRUE,Road 1: SPADINA RD E; Road 2: HIGHLAND RD E; Vehicle #1     Make: TOYT     Model: VEN     Colour: GRY     Style: TY; Vehicle #2     Make:      Model:      Colour:      Style:,1/3/2023 10:14:55 AM,541071.9697,4809680.785,Q4,Working,FALSE
8712,52193,22139364,12/15/2021 7:30:00 PM,2021,12,15,19,30,Wednesday,538001.4672,4809158.261,-80.530455,43.434365,Private Drive,2,P.D. only,Off roadway,SMV,Dark,Municipal,No control,Unknown,FALSE,FALSE,FALSE,Clear,TRUE,Road 1: 54 BENESFORT DR; Vehicle #1     Make:      Model:      Colour:      Style: ; Vehicle #2     Make: NISS     Model: ATS     Colour: BLU     Style: 4D,1/3/2023 10:22:29 AM,538001.4672,4809158.261,Q4,Working,FALSE
8713,52194,22139368,11/16/2021 8:00:00 AM,2021,11,16,8,0,Tuesday,539568.1705,4811425.143,-80.510933,43.454695,Intersection,2,P.D. only,On roadway,Other,Daylight,Municipal,No control,Unknown,FALSE,FALSE,FALSE,Clear,TRUE,Road 1: PARK ST; Road 2: GREEN ST; Vehicle #1     Make: MAZD     Model: M3I     Colour: BLU     Style: 4D; Vehicle #2     Make: DODG     Model: CAR     Colour: ONG     Style: VN,1/3/2023 10:17:11 AM,539568.1705,4811425.143,Q4,Working,FALSE
8714,52195,22139515,5/12/2022 9:20:00 AM,2022,5,12,9,20,Thursday,540172.4353,4809414.59,-80.503613,43.43656,Intersection,2,Non-reportable,On roadway,Rear end,Daylight,Regional,Signal Control,Functioning,FALSE,FALSE,FALSE,Clear,TRUE,Road 1: BELMONT AVE E; Road 2: QUEEN'S BLVD; Vehicle #1     Make: MITI     Model: WHI     Colour: WHI     Style: 4D; Vehicle #2     Make:      Model:      Colour:      Style:,12/22/2022 9:32:01 AM,540172.4353,4809414.59,Q2,Weekend,FALSE
8715,52196,22139531,9/28/2021 6:00:00 PM,2021,9,28,18,0,Tuesday,540173.339,4809413.846,-80.503601,43.436553,Intersection,2,P.D. only,On roadway,Rear end,Daylight,Municipal,No control,Functioning,FALSE,FALSE,FALSE,Clear,TRUE,Road 1: QUEENS BLVD; Road 2: BELMONT AVE E; Vehicle #1     Make: KIA     Model: FSX     Colour: SIL     Style: 4B; Vehicle #2     Make: KIA     Model: SOU     Colour: SIL     Style: TY; Vehicle #3     Make: TOYT     Model: CBS     Colour: GRY     Style: 4,1/3/2023 10:19:55 AM,540173.339,4809413.846,Q3,Working,FALSE
8716,52197,22140345,6/18/2022 8:15:00 AM,2022,6,18,8,15,Saturday,545284.2705,4813676.419,-80.440097,43.474642,Private Drive,2,P.D. only,Off roadway,SMV,Daylight,Municipal,No control,Unknown,FALSE,FALSE,FALSE,Clear,TRUE,Road 1: 2085 SHIRLEY DR; Vehicle #1     Make: TOYT     Model: TIM     Colour: WHI     Style: 4B,12/22/2022 9:35:53 AM,545284.2705,4813676.419,Q2,Weekend,FALSE
8717,52198,22141642,6/19/2022 8:03:00 PM,2022,6,19,20,3,Sunday,541343.9122,4809063.919,-80.489164,43.433339,Intersection,1,Non-fatal injury,On roadway,Intersection,Daylight,Municipal,Sign Control,Functioning,FALSE,FALSE,FALSE,Clear,FALSE,Road 1: HEIMAN ST (50 km/h); Road 2: HIGHLAND RD E (50 km/h); Charged Driver #1 on page 1: HTA 53 (1) (NA); Vehicle #1     Make: PONT     Model: VIB     Colour: SIL     Style: 4B; Vehicle #2     Make: MAZD     Model: MA5     Colour: BLU     Style: 4B; Veh,12/22/2022 9:37:09 AM,541343.9122,4809063.919,Q2,Weekend,FALSE
8718,52199,22141712,6/19/2022 7:40:00 PM,2022,6,19,19,40,Sunday,539443.7055,4805492.947,-80.5129,43.401288,Private Drive,2,Non-reportable,On roadway,SMV,Daylight,Municipal,No control,Unknown,FALSE,FALSE,FALSE,Clear,TRUE,Road 1: BIG SPRINGS COURT (IFO 23); Vehicle #1     Make:      Model:      Colour:      Style: ; Vehicle #2     Make: HOND     Model: UCL     Colour: GRY     Style: 4D,12/22/2022 9:35:51 AM,539443.7055,4805492.947,Q2,Weekend,FALSE
8719,52200,22141991,5/26/2022 1:00:00 PM,2022,5,26,13,0,Thursday,540721.104,4808033.745,-80.496936,43.424097,Non intersection,2,P.D. only,Off roadway,SMV,Daylight,Municipal,No control,Unknown,FALSE,FALSE,FALSE,Clear,TRUE,Road 1: 147 CHANDLER DR; Vehicle #1     Make:      Model:      Colour:      Style: ; Vehicle #2     Make: TOYT     Model: UEX     Colour: GRY     Style: 4D,12/22/2022 9:32:00 AM,540721.104,4808033.745,Q2,Weekend,FALSE
8720,52201,22142083,5/10/2022 7:50:00 AM,2022,5,10,7,50,Tuesday,543187.7496,4804578.695,-80.466738,43.392849,Non intersection,2,P.D. only,On roadway,Rear end,Daylight,Regional,No control,Unknown,FALSE,FALSE,FALSE,Clear,TRUE,Road 1: STRASBURG RD; Road 2: HURON RD; Vehicle #1     Make: TOYT     Model: MTL     Colour: BLU     Style: 4D; Vehicle #2     Make: BMW     Model: BX5     Colour: GRY     Style: TY,12/22/2022 9:31:44 AM,543187.7496,4804578.695,Q2,Working,FALSE
8721,52202,22142275,1/14/2022 4:00:00 PM,2022,1,14,16,0,Friday,542280.7882,4807304.502,-80.477725,43.417445,Private Drive,2,Non-reportable,On roadway,SMV,Daylight,Municipal,No control,Unknown,FALSE,FALSE,FALSE,Clear,TRUE,Road 1: SELKIRK DR; Road 2: GENEVA CRESCENT; Vehicle #1     Make:      Model:      Colour:      Style: ; Vehicle #2     Make: HOND     Model: UCL     Colour: RED     Style: 2D,1/3/2023 10:22:50 AM,542280.7882,4807304.502,Q1,Weekend,FALSE
8722,52203,22142286,1/30/2022 10:30:00 PM,2022,1,30,22,30,Sunday,538500.1976,4806682.3,-80.524467,43.412046,Private Drive,2,Non-reportable,Off roadway,SMV,Dark,Municipal,No control,Unknown,FALSE,FALSE,FALSE,Clear,TRUE,Road 1: 27 FOXGLOVE CRESCENT; Vehicle #1     Make:      Model:      Colour:      Style: ; Vehicle #2     Make: MAZD     Model: CX5     Colour: GRY     Style: TY,12/22/2022 9:33:02 AM,538500.1976,4806682.3,Q1,Weekend,FALSE
8723,52204,22142304,3/8/2022 9:45:00 AM,2022,3,8,9,45,Tuesday,541487.0892,4806473.15,-80.487592,43.410003,Private Drive,2,Non-reportable,Off roadway,SMV,Daylight,Municipal,No control,Unknown,FALSE,FALSE,FALSE,Clear,TRUE,Road 1: ERINBROOK DR; Road 2: BY THE ROAD SIDE; Vehicle #1     Make:      Model:      Colour:      Style: ; Vehicle #2     Make: TOYT     Model: MTL     Colour: GRY     Style: 4D,12/22/2022 9:33:08 AM,541487.0892,4806473.15,Q1,Working,FALSE
8724,52205,22142329,6/20/2022 3:22:00 PM,2022,6,20,15,22,Monday,544116.7525,4811896.018,-80.454676,43.458681,Intersection,2,P.D. only,On roadway,Intersection,Daylight,Municipal,No control,Functioning,FALSE,FALSE,FALSE,Clear,FALSE,Road 1: RIVER RD E (50 km/h); Road 2: MANCHESTER RD (40 km/h); Charged Driver #1 on page 1: HTA 130 (NA) (NA); Vehicle #1     Make: TOYT     Model: CMS     Colour: GRY     Style: 4B; Vehicle #2     Make: TOYT     Model: SIE     Colour: GRY     Style: VN,1/3/2023 10:18:35 AM,544116.7525,4811896.018,Q2,Working,FALSE
8725,52206,22142853,6/21/2022 8:00:00 AM,2022,6,21,8,0,Tuesday,544808.0016,4805139.488,-80.446686,43.397804,Non intersection,2,P.D. only,On roadway,Rear end,Daylight,Municipal,No control,Unknown,FALSE,FALSE,FALSE,Clear,FALSE,Road 1: DOON VILLAGE RD (50 km/h); Road 2: MILLWOOD CRES; Distance: 15.0 M S; Charged Driver #1 on page 1: HTA 130 (NA) (NA); Vehicle #1     Make: MITS     Model: MES     Colour: GRY     Style: 4B; Vehicle #2     Make: ACUR     Model: ATL     Colour: GRY ,1/3/2023 10:11:16 AM,544808.0016,4805139.488,Q2,Working,FALSE
8726,52207,22142941,3/12/2022 12:45:00 PM,2022,3,12,12,45,Saturday,541921.3198,4812945.849,-80.481732,43.46826,Private Drive,2,Non-reportable,On roadway,SMV,Daylight,Municipal,No control,Unknown,FALSE,FALSE,FALSE,Clear,TRUE,Road 1: BIRCH AVE; Vehicle #1     Make:      Model:      Colour:      Style: ; Vehicle #2     Make: TOYT     Model: YAR     Colour: ONG     Style: 2B,12/22/2022 9:33:10 AM,541921.3198,4812945.849,Q1,Weekend,FALSE
8727,52208,22143026,2/16/2022 5:15:00 PM,2022,2,16,17,15,Wednesday,543049.9682,4814121.943,-80.467686,43.478785,Private Drive,2,P.D. only,On roadway,SMV,Dusk,Municipal,No control,Unknown,FALSE,FALSE,FALSE,Clear,TRUE,Road 1: 111 STANLEY AVE; Vehicle #1     Make:      Model:      Colour:      Style: ; Vehicle #2     Make: TOYT     Model: VEN     Colour: WHI     Style: TY,12/22/2022 9:33:26 AM,543049.9682,4814121.943,Q1,Working,FALSE
8728,52209,22143082,1/20/2022 8:50:00 PM,2022,1,20,20,50,Thursday,538543.309,4809873.953,-80.52371,43.440782,Non intersection,2,Non-reportable,Off roadway,SMV,Dark,Municipal,No control,Unknown,FALSE,FALSE,FALSE,Clear,TRUE,Road 1: MOOREGATE CRESCENT; Vehicle #1     Make: NISS     Model: SML     Colour: BLK     Style: 4D; Vehicle #2     Make:      Model:      Colour:      Style:,12/22/2022 9:33:09 AM,538543.309,4809873.953,Q1,Weekend,FALSE
8729,52210,22143158,11/30/2021 8:30:00 AM,2021,11,30,8,30,Tuesday,538072.0974,4809916.886,-80.52953,43.441192,Non intersection,2,P.D. only,On roadway,SMV,Daylight,Municipal,No control,Unknown,FALSE,FALSE,FALSE,Snow,TRUE,Road 1: DALEGROVE DR; Vehicle #1     Make: CHEV     Model: EQU     Colour: WHI     Style: TY,1/3/2023 10:14:51 AM,538072.0974,4809916.886,Q4,Working,FALSE
8730,52211,22144237,6/22/2022 12:47:00 PM,2022,6,22,12,47,Wednesday,544744.4667,4809751.287,-80.447093,43.439332,Private Drive,2,P.D. only,Off roadway,SMV,Daylight,Municipal,No control,Unknown,FALSE,FALSE,FALSE,Clear,FALSE,Road 1: 146 TRAFALGAR AVE (50 km/h); Road 2: TRAFALGAR AVE; Distance: 5.0 M S; Vehicle #1     Make: INTL     Model: PRO     Colour: YEL     Style: CT,1/3/2023 10:20:52 AM,544744.4667,4809751.287,Q2,Working,FALSE
8731,52212,22144256,5/29/2022 1:20:00 PM,2022,5,29,13,20,Sunday,543156.3743,4804637.238,-80.46712,43.393378,Non intersection,2,P.D. only,On roadway,Intersection,Daylight,Regional,No control,Unknown,FALSE,FALSE,FALSE,Clear,TRUE,Road 1: 1800 STRASBURG RD; Road 2: HURON RD; Vehicle #1     Make: DODG     Model: CAR     Colour: BLK     Style: VN; Vehicle #2     Make: MAZD     Model: M3I     Colour: BLK     Style: 4B,12/22/2022 9:31:45 AM,543156.3743,4804637.238,Q2,Weekend,FALSE