,OBJECTID,ACCIDENTNUM,ACCIDENTDATE,ACCIDENT_YEAR,ACCIDENT_MONTH,ACCIDENT_DAY,ACCIDENT_HOUR,ACCIDENT_MINUTE,Accident_Day,XCOORD,YCOORD,LONGITUDE,LATITUDE,Accident_Location,COLLISIONTYPE,Accident_Type,Impact_Location,Impact_Type,Light,Road_Jurisdication,Traffic_Control,Traffic_Control_Condition,Pedestrian_Involved,Cyclist_Involved,Motorcyclist_Involved,Environment_Condition,Self_Reported,XMLIMPORTNOTES,LASTEDITEDDATE,x,y,Quarter,Day_Type,Vulnerable_Involved
8732,52213,22144297,5/17/2022 2:50:00 PM,2022,5,17,14,50,Tuesday,542108.1125,4807131.242,-80.479871,43.415894,Intersection,2,P.D. only,On roadway,Intersection,Daylight,Municipal,Signal Control,Functioning,FALSE,FALSE,FALSE,Clear,TRUE,Road 1: BLOCK LINE RD; Road 2: STRASBURG RD; Vehicle #1     Make: HYUN     Model: AGG     Colour: BLU     Style: 4D; Vehicle #2     Make: HYUN     Model: ETO     Colour: RED     Style: SW,12/22/2022 9:28:38 AM,542108.1125,4807131.242,Q2,Working,FALSE
8733,52214,22145085,5/27/2022 4:15:00 PM,2022,5,27,16,15,Friday,545274.7855,4806434.528,-80.440815,43.409436,Intersection,2,Non-reportable,On roadway,SMV,Daylight,Municipal,Sign Control,Unknown,FALSE,FALSE,FALSE,Clear,TRUE,Road 1: WILSON AVE; Road 2: WABANAKI DR; Vehicle #1     Make: DODG     Model: CAR     Colour: GRY     Style: VN,12/22/2022 9:36:20 AM,545274.7855,4806434.528,Q2,Weekend,FALSE
8734,52215,22145199,5/15/2022 11:30:00 AM,2022,5,15,11,30,Sunday,545035.4425,4807869.2,-80.443653,43.422369,Intersection,2,P.D. only,On roadway,Intersection,Daylight,Regional,Sign Control,Functioning,FALSE,FALSE,FALSE,Clear,TRUE,Road 1: KINGSWAY DR; Road 2: WILSON AVE; Distance:  W; Vehicle #1     Make: CHEV     Model: EQU     Colour: GRY     Style: TY; Vehicle #2     Make: HOND     Model: AXL     Colour: BLU     Style: 4D,12/22/2022 9:28:22 AM,545035.4425,4807869.2,Q2,Weekend,FALSE
8735,52216,22145310,5/21/2022 12:15:00 AM,2022,5,21,0,15,Saturday,542705.4618,4812690.065,-80.472058,43.465912,Non intersection,2,P.D. only,On roadway,Rear end,Dark,Municipal,No control,Unknown,FALSE,FALSE,FALSE,Rain,TRUE,Road 1: CONESTOGA PARKWAY; Road 2: WELLINGTON ST; Vehicle #1     Make: BMW     Model: X1P     Colour: BLU     Style: TY; Vehicle #2     Make:      Model:      Colour:      Style:,12/22/2022 9:34:01 AM,542705.4618,4812690.065,Q2,Weekend,FALSE
8736,52217,22145337,5/21/2022 3:00:00 PM,2022,5,21,15,0,Saturday,542054.7199,4810141.798,-80.480299,43.443004,Private Drive,2,P.D. only,On roadway,Other,Daylight,Municipal,No control,Unknown,FALSE,FALSE,FALSE,Clear,TRUE,Road 1: 100 STIRLING AVE S; Road 2: IFO; Vehicle #1     Make: TOYT     Model: RG4     Colour: WHI     Style: TY; Vehicle #2     Make: LINC     Model: MKX     Colour: GRY     Style: TY,12/22/2022 9:34:00 AM,542054.7199,4810141.798,Q2,Weekend,FALSE
8737,52218,22145371,1/23/2022 2:40:00 PM,2022,1,23,14,40,Sunday,542056.2325,4810454.016,-80.480256,43.445815,Non intersection,2,P.D. only,Off roadway,SMV,Daylight,Regional,No control,Unknown,FALSE,FALSE,FALSE,Clear,TRUE,Road 1: KING ST E; Road 2: CAMERON ST N; Vehicle #1     Make:      Model:      Colour:      Style: ; Vehicle #2     Make: BMW     Model: BX5     Colour: GRY     Style: TY,12/22/2022 9:34:01 AM,542056.2325,4810454.016,Q1,Weekend,FALSE
8738,52219,22145400,1/28/2022 3:35:00 PM,2022,1,28,15,35,Friday,542515.5069,4809402.368,-80.474662,43.43632,Private Drive,2,P.D. only,Off roadway,Other,Daylight,Municipal,No control,Unknown,FALSE,FALSE,FALSE,Clear,TRUE,Road 1: 226 SYDNEY ST S; Vehicle #1     Make: HOND     Model: CCL     Colour: BRN     Style: 4D; Vehicle #2     Make: CHEV     Model: SNT     Colour: WHI     Style: 4D,12/22/2022 9:34:23 AM,542515.5069,4809402.369,Q1,Weekend,FALSE
8739,52220,22145448,3/15/2022 3:00:00 PM,2022,3,15,15,0,Tuesday,545274.7823,4806435.007,-80.440815,43.409441,Intersection,2,Non-reportable,On roadway,Intersection,Daylight,Municipal,Sign Control,Functioning,FALSE,FALSE,FALSE,Snow,TRUE,Road 1: WABANAKI DR; Road 2: WILSON AVE; Vehicle #1     Make: HYUN     Model: SLI     Colour: BLU     Style: 4D; Vehicle #2     Make:      Model:      Colour:      Style:,12/22/2022 9:34:19 AM,545274.7823,4806435.007,Q1,Working,FALSE
8740,52221,22145474,6/23/2022 3:25:00 PM,2022,6,23,15,25,Thursday,546026.0745,4810104.269,-80.431227,43.442433,Non intersection,2,P.D. only,Off roadway,SMV,Daylight,Regional,No control,Unknown,FALSE,FALSE,FALSE,Clear,FALSE,Road 1: OLD CHICOPEE DR (60 km/h); Road 2: DAIMLER DR; Distance: 80.0 M S; Vehicle #1     Make: NISS     Model: ROG     Colour: GRY     Style: TY,1/3/2023 10:14:59 AM,546026.0745,4810104.269,Q2,Weekend,FALSE
8741,52222,22146126,6/25/2022 9:50:00 AM,2022,6,25,9,50,Saturday,540357.1256,4810642.98,-80.50124,43.44761,Private Drive,2,Non-reportable,On roadway,SMV,Daylight,Municipal,No control,Unknown,FALSE,FALSE,FALSE,Clear,TRUE,Road 1: 26 PARK ST (IFO); Vehicle #1     Make: HYUN     Model: SAN     Colour: RED     Style: TY; Vehicle #2     Make:      Model:      Colour:      Style:,12/22/2022 9:35:43 AM,540357.1256,4810642.98,Q2,Weekend,FALSE
8742,52223,22146223,6/24/2022 11:30:00 AM,2022,6,24,11,30,Friday,543072.9853,4812801.506,-80.467506,43.466894,Intersection,2,P.D. only,On roadway,Rear end,Daylight,Regional,Signal Control,Functioning,FALSE,FALSE,FALSE,Clear,TRUE,Road 1: WELLINGTON ST N; Road 2: RIVERBEND DR; Vehicle #1     Make: HOND     Model: CVL     Colour: RED     Style: 2D; Vehicle #2     Make: FORD     Model: TST     Colour: WHI     Style: FV; Vehicle #3     Make: KIA     Model: NEG     Colour: GRY     Styl,12/22/2022 9:27:15 AM,543072.9853,4812801.506,Q2,Weekend,FALSE
8743,52224,22146265,5/14/2022 7:00:00 PM,2022,5,14,19,0,Saturday,538697.0683,4807861.738,-80.521952,43.422656,Intersection,2,P.D. only,Off roadway,SMV,Daylight,Municipal,No control,Unknown,FALSE,FALSE,FALSE,Clear,TRUE,Road 1: ELM RIDGE DR; Road 2: HICKORY HEIGHTS CRESCENT; Distance: 10.0 M S; Vehicle #1     Make: VOLK     Model: PTS     Colour: SIL     Style: 4D; Vehicle #2     Make: NISS     Model: ROG     Colour: GRN     Style: TY,12/22/2022 9:29:02 AM,538697.0683,4807861.738,Q2,Weekend,FALSE
8744,52225,22146357,6/24/2022 1:50:00 PM,2022,6,24,13,50,Friday,540767.3071,4805549.219,-80.496551,43.401724,Intersection,2,P.D. only,On roadway,Other,Daylight,Municipal,No control,Functioning,FALSE,FALSE,FALSE,Clear,TRUE,Road 1: SUMMIT AVE; Road 2: FISCHER HALLMAN RD; Vehicle #1     Make: TOYT     Model: RV4     Colour: BLK     Style: TY; Vehicle #2     Make: DODG     Model: CAR     Colour: SIL     Style: VN,1/3/2023 10:17:24 AM,540767.3071,4805549.219,Q2,Weekend,FALSE
8745,52226,22146374,6/16/2022 10:00:00 AM,2022,6,16,10,0,Thursday,543071.6169,4805499.302,-80.468099,43.401145,Intersection,2,Non-reportable,On roadway,Intersection,Daylight,Municipal,Sign Control,Functioning,FALSE,FALSE,FALSE,Clear,TRUE,Road 1: TRILLIUM DR; Road 2: STRASBURG RD; Vehicle #1     Make: CHEV     Model: GM4     Colour: GRY     Style: PK; Vehicle #2     Make: HOND     Model: ACCO     Colour: BLK     Style: 4DO,12/22/2022 9:31:00 AM,543071.6169,4805499.302,Q2,Weekend,FALSE
8746,52227,22147368,6/25/2022 3:35:00 PM,2022,6,25,15,35,Saturday,539830.9769,4808445.704,-80.507902,43.427854,Intersection,2,P.D. only,On roadway,SMV,Daylight,Municipal,No control,Unknown,FALSE,FALSE,FALSE,Clear,FALSE,Road 1: GREENBROOK DR (50 km/h); Road 2: GRAYSTONE AVE (50 km/h); Charged Driver #1 on page 1: HTA 12 (NA) (NA); Vehicle #1     Make:      Model:      Colour: WHI     Style:,1/3/2023 10:15:47 AM,539830.9769,4808445.704,Q2,Weekend,FALSE
8747,52228,22148357,6/26/2022 4:06:00 PM,2022,6,26,16,6,Sunday,545712.4993,4807702.118,-80.435303,43.420823,Intersection,2,P.D. only,Off roadway,SMV,Daylight,Regional,No control,Unknown,FALSE,FALSE,FALSE,Clear,FALSE,Road 1: WABANAKI DR (50 km/h); Road 2: HIDDEN VALLEY RD; Distance: 2.0 M N; Vehicle #1     Make: VOLK     Model: GLF     Colour: SIL     Style: 4D,1/3/2023 10:15:24 AM,545712.4993,4807702.118,Q2,Weekend,FALSE
8748,52229,22148419,6/26/2022 5:29:00 PM,2022,6,26,17,29,Sunday,539054.4319,4810123.556,-80.517376,43.443003,Private Drive,2,P.D. only,Off roadway,SMV,Daylight,Municipal,No control,Unknown,FALSE,FALSE,FALSE,Clear,FALSE,Road 1: ALICE AVE (50 km/h); Road 2: 418 ALICE AVE; Distance: 5.0 M E; Charged Driver #1 on page 1: HTA 142 (NA) (NA); Vehicle #1     Make: CHEV     Model: SNT     Colour: SIL     Style: 4D; Vehicle #2     Make: TOYT     Model: AXP     Colour: RED     Sty,1/3/2023 10:22:14 AM,539054.4319,4810123.556,Q2,Weekend,FALSE
8749,52230,22148880,6/17/2022 8:20:00 AM,2022,6,17,8,20,Friday,539616.2741,4811530.457,-80.510331,43.455641,Non intersection,2,Non-reportable,On roadway,Other,Daylight,Municipal,No control,Unknown,FALSE,FALSE,FALSE,Clear,TRUE,Road 1: GREEN ST (JUST OUTSIDE KCI PARKING); Vehicle #1     Make: FORD     Model: EPR     Colour: GRY     Style: TY; Vehicle #2     Make: HYUN     Model: EGM     Colour: RED     Style: 4D,1/3/2023 10:10:27 AM,539616.2741,4811530.457,Q2,Weekend,FALSE
8750,52231,22148882,5/6/2022 6:15:00 PM,2022,5,6,18,15,Friday,538441.4882,4806640.515,-80.525196,43.411673,Private Drive,2,P.D. only,Off roadway,SMV,Daylight,Municipal,No control,Unknown,FALSE,FALSE,FALSE,Clear,TRUE,Road 1: 45 FOXGLOVE CRESCENT; Vehicle #1     Make:      Model:      Colour:      Style: ; Vehicle #2     Make: TOYT     Model: MTL     Colour: BRN     Style: 4D,12/22/2022 9:33:41 AM,538441.4882,4806640.515,Q2,Weekend,FALSE
8751,52232,22148895,6/15/2022 4:30:00 PM,2022,6,15,16,30,Wednesday,545136.0299,4808170.431,-80.442385,43.425075,Private Drive,2,Non-reportable,Off roadway,SMV,Daylight,Municipal,No control,Unknown,FALSE,FALSE,FALSE,Clear,TRUE,Road 1: 595 GREENFIELD AVE; Vehicle #1     Make: DODG     Model: JOU     Colour: ONG     Style: TY,1/3/2023 10:20:20 AM,545136.0299,4808170.431,Q2,Working,FALSE
8752,52233,22148910,5/27/2022 11:40:00 AM,2022,5,27,11,40,Friday,541180.1452,4809392.687,-80.491163,43.436308,Intersection,2,Non-reportable,On roadway,Rear end,Daylight,Regional,Signal Control,Functioning,FALSE,FALSE,FALSE,Clear,TRUE,Road 1: STIRLING AVE S; Road 2: HIGHLAND RD E; Vehicle #1     Make: TOYT     Model: CBA     Colour: WHI     Style: 4D; Vehicle #2     Make:      Model:      Colour:      Style:,12/22/2022 9:33:36 AM,541180.1452,4809392.687,Q2,Weekend,FALSE
8753,52234,22148953,5/29/2022 2:00:00 AM,2022,5,29,2,0,Sunday,546758.6018,4803884.027,-80.422707,43.386381,Non intersection,2,P.D. only,Off roadway,SMV,Dark,Municipal,No control,Unknown,FALSE,FALSE,FALSE,Clear,TRUE,Road 1: 19 WINDRUSH TRAIL; Vehicle #1     Make: HYUN     Model: TUC     Colour: GRY     Style: TY; Vehicle #2     Make: TOYT     Model: HIG     Colour: GRY     Style: TY,12/22/2022 9:33:37 AM,546758.6018,4803884.027,Q2,Weekend,FALSE
8754,52235,22148995,5/23/2022 10:30:00 AM,2022,5,23,10,30,Monday,540041.9124,4811533.727,-80.50507,43.455648,Non intersection,2,P.D. only,On roadway,SMV,Daylight,Regional,No control,Unknown,FALSE,FALSE,FALSE,Clear,TRUE,Road 1: SHANLEY ST; Road 2: ANDREW ST; Vehicle #1     Make:      Model:      Colour:      Style: ; Vehicle #2     Make: TOYT     Model: CSE     Colour: BLU     Style: 4D,12/22/2022 9:34:03 AM,540041.9124,4811533.728,Q2,Working,FALSE
8755,52236,22149018,5/24/2022 6:10:00 PM,2022,5,24,18,10,Tuesday,547332.6004,4808483.707,-80.415223,43.42776,Non intersection,2,P.D. only,On roadway,Intersection,Daylight,Regional,No control,Unknown,FALSE,FALSE,FALSE,Clear,TRUE,Road 1: GRAND RIVER BLVD; Road 2: MORRISON RD; Vehicle #1     Make: CHRY     Model: PIF     Colour: BLK     Style: VN; Vehicle #2     Make: MAZD     Model: 3TR     Colour: GRY     Style: 4B; Vehicle #3     Make: AUDI     Model: A4A     Colour: GRY     Sty,12/22/2022 9:34:21 AM,547332.6004,4808483.707,Q2,Working,FALSE
8756,52237,22149053,5/16/2022 10:00:00 AM,2022,5,16,10,0,Monday,544098.1846,4804980.221,-80.455464,43.396412,Private Drive,2,Non-reportable,Other,SMV,Daylight,Municipal,No control,Unknown,FALSE,FALSE,FALSE,Clear,TRUE,Road 1: BIEHN DR (IFO 42A); Vehicle #1     Make:      Model:      Colour:      Style: ; Vehicle #2     Make: DODG     Model: DUR     Colour: RED     Style: TY,12/22/2022 9:34:35 AM,544098.1846,4804980.221,Q2,Working,FALSE
8757,52238,22149145,5/7/2022 10:45:00 PM,2022,5,7,22,45,Saturday,538849.8134,4808928.932,-80.51999,43.432257,Non intersection,2,Non-reportable,On roadway,SMV,Dark,Municipal,No control,Unknown,FALSE,FALSE,FALSE,Clear,TRUE,Road 1: 211 OVERLEA DR; Vehicle #1     Make: TOYT     Model: CES     Colour: RED     Style: 2D; Vehicle #2     Make:      Model:      Colour:      Style:,12/22/2022 9:33:39 AM,538849.8134,4808928.933,Q2,Weekend,FALSE
8758,52239,22149325,6/27/2022 3:45:00 PM,2022,6,27,15,45,Monday,543070.6577,4805498.817,-80.468111,43.401141,Intersection,2,P.D. only,On roadway,Intersection,Daylight,Regional,Sign Control,Functioning,FALSE,FALSE,FALSE,Clear,FALSE,Road 1: STRASBURG RD (50 km/h); Road 2: TRILLIUM DR (50 km/h); Vehicle #1     Make: DODG     Model: 2S     Colour: GRN     Style: 2D; Vehicle #2     Make: KW     Model: CON     Colour: PLE     Style: CT,12/22/2022 9:29:55 AM,543070.6577,4805498.817,Q2,Working,FALSE
8759,52240,22149350,6/27/2022 4:17:00 PM,2022,6,27,16,17,Monday,541691.6834,4810775.01,-80.484737,43.448726,Non intersection,1,Non-fatal injury,On roadway,Intersection,Daylight,Municipal,No control,Unknown,FALSE,TRUE,FALSE,Clear,FALSE,Road 1: 7 MARKET LANE (40 km/h); Road 2: MOYER PL; Distance: 1.0 M W; Charged Driver #1 on page 1: HTA 153 (NA) (NA); Vehicle #1     Make: BICY     Model: .     Colour:      Style: ; Vehicle #2     Make: TOYT     Model: C4E     Colour: BLK     Style: 4D,12/22/2022 9:37:05 AM,541691.6834,4810775.011,Q2,Working,FALSE
8760,52241,22149894,6/28/2022 8:00:00 AM,2022,6,28,8,0,Tuesday,545158.2249,4807241.007,-80.442188,43.416705,Intersection,2,P.D. only,On roadway,Intersection,Daylight,Municipal,Sign Control,Functioning,FALSE,FALSE,FALSE,Clear,TRUE,Road 1: WEBSTER RD; Road 2: WILSON AVE; Vehicle #1     Make: RAM     Model: RTR     Colour: SIL     Style: PK; Vehicle #2     Make: SUBA     Model: L6L     Colour: GRY     Style: 4D,12/22/2022 9:35:44 AM,545158.2249,4807241.007,Q2,Working,FALSE
8761,52242,22150279,6/23/2022 6:40:00 PM,2022,6,23,18,40,Thursday,541141.2337,4806765.298,-80.491842,43.412653,Intersection,2,P.D. only,On roadway,Intersection,Daylight,Regional,No control,Functioning,FALSE,FALSE,FALSE,Clear,TRUE,Road 1: LAURENTIAN DR; Road 2: BLOCK LINE RD; Vehicle #1     Make: VOLK     Model: DTC     Colour: BLK     Style: 4D; Vehicle #2     Make: TOYT     Model: UCS     Colour: GRN     Style: 4D,1/3/2023 10:15:35 AM,541141.2337,4806765.298,Q2,Weekend,FALSE
8762,52243,22150867,5/17/2022 2:40:00 PM,2022,5,17,14,40,Tuesday,542670.5164,4806929.286,-80.47294,43.414044,Intersection,2,P.D. only,On roadway,Intersection,Daylight,Municipal,No control,Unknown,FALSE,FALSE,FALSE,Clear,TRUE,Road 1: OLD COUNTRY DR; Road 2: COUNTRY HILL DR; Vehicle #1     Make: DODG     Model: CAR     Colour: BLK     Style: VN; Vehicle #2     Make: HYUN     Model: SFT     Colour: GRY     Style: TY,12/22/2022 9:28:16 AM,542670.5164,4806929.286,Q2,Working,FALSE
8763,52244,22151071,6/13/2022 1:50:00 PM,2022,6,13,13,50,Monday,545443.341,4811750.191,-80.438291,43.457288,Private Drive,2,P.D. only,On roadway,SMV,Daylight,Municipal,No control,Unknown,FALSE,FALSE,FALSE,Clear,TRUE,Road 1: INDIAN RD (IFO 175); Vehicle #1     Make: CHEV     Model: ETV     Colour: YEL     Style: BU; Vehicle #2     Make: HYUN     Model: SGL     Colour: WHI     Style: 4D,12/22/2022 9:30:37 AM,545443.341,4811750.191,Q2,Working,FALSE
8764,52245,22151151,6/20/2022 12:00:00 PM,2022,6,20,12,0,Monday,539899.0376,4807652.214,-80.507119,43.420706,Private Drive,2,P.D. only,On roadway,Rear end,Daylight,Municipal,No control,Unknown,FALSE,FALSE,FALSE,Clear,TRUE,Road 1: WINDALE CRESCENT (IFO 153); Vehicle #1     Make: HOND     Model: UDY     Colour: SIL     Style: TY; Vehicle #2     Make: TOYT     Model: SIE     Colour: SIL     Style: VN,12/22/2022 9:31:14 AM,539899.0376,4807652.214,Q2,Working,FALSE
8765,52246,22151523,6/29/2022 8:15:00 PM,2022,6,29,20,15,Wednesday,545121.4045,4807670.355,-80.442607,43.420573,Non intersection,2,P.D. only,On roadway,Intersection,Daylight,Regional,No control,Unknown,FALSE,FALSE,FALSE,Clear,TRUE,Road 1: WILSON AVE; Road 2: FAIRWAY RD S; Vehicle #1     Make: DODG     Model: CAR     Colour: BLK     Style: VN; Vehicle #2     Make: HOND     Model: UCL     Colour: WHI     Style: 4D,12/22/2022 9:28:46 AM,545121.4045,4807670.355,Q2,Working,FALSE
8766,52247,22151773,6/30/2022 6:29:00 AM,2022,6,30,6,29,Thursday,539639.6038,4808623.659,-80.510254,43.429467,Private Drive,2,P.D. only,Off roadway,SMV,Daylight,Municipal,No control,Unknown,FALSE,FALSE,FALSE,Clear,FALSE,Road 1: 34 GRAYSTONE AVE (50 km/h); Road 2: GRAYSTONE AVE; Distance: 5.0 M W; Vehicle #1     Make: MITS     Model: LES     Colour: BLU     Style: 4D,12/22/2022 9:31:13 AM,539639.6038,4808623.659,Q2,Weekend,FALSE
8767,52248,22151923,6/29/2022 8:15:00 PM,2022,6,29,20,15,Wednesday,545745.8604,4803488.85,-80.435244,43.382885,Non intersection,2,Non-reportable,On roadway,SMV,Daylight,Municipal,No control,Unknown,FALSE,FALSE,FALSE,Clear,TRUE,Road 1: 223 PINE VALLEY DR (STREET PARKING); Vehicle #1     Make: MAZD     Model: MA5     Colour: BLK     Style: SW; Vehicle #2     Make: TOYT     Model: CBL     Colour: GRY     Style: 4D,12/22/2022 9:28:58 AM,545745.8604,4803488.85,Q2,Working,FALSE
8768,52249,22152020,6/10/2022 5:00:00 PM,2022,6,10,17,0,Friday,547856.6823,4811424.704,-80.40849,43.454207,Private Drive,2,Non-reportable,Off roadway,SMV,Daylight,Regional,No control,Unknown,FALSE,FALSE,FALSE,Clear,TRUE,Road 1: 1301 OLD ZELLER DR; Vehicle #1     Make:      Model:      Colour:      Style: ; Vehicle #2     Make: HOND     Model: UCL     Colour: GRY     Style: 4D,12/22/2022 9:35:38 AM,547856.6823,4811424.704,Q2,Weekend,FALSE
8769,52250,22153922,7/2/2022 9:33:00 AM,2022,7,2,9,33,Saturday,542060.3708,4807188.226,-80.480457,43.41641,Other,2,P.D. only,Off roadway,SMV,Daylight,Regional,No control,Unknown,FALSE,FALSE,FALSE,Clear,FALSE,Road 1: 599 STRASBURG RD ((IFO)); Vehicle #1     Make: GMC     Model: SIE     Colour: WHI     Style: PK,1/3/2023 10:23:46 AM,542060.3708,4807188.226,Q3,Weekend,FALSE
8770,52251,22153934,5/10/2022 4:25:00 PM,2022,5,10,16,25,Tuesday,541668.6228,4804020.079,-80.485537,43.387906,Intersection,2,Non-reportable,On roadway,Intersection,Daylight,Other,No control,Unknown,FALSE,FALSE,FALSE,Clear,TRUE,Road 1: WOODBINE AVE; Road 2: SEABROOK DR; Vehicle #1     Make:      Model:      Colour:      Style: ; Vehicle #2     Make: TOYT     Model: SIE     Colour: GRY     Style: VN,12/22/2022 9:27:50 AM,541668.6228,4804020.079,Q2,Working,FALSE
8771,52252,22154077,7/2/2022 1:15:00 PM,2022,7,2,13,15,Saturday,540262.4065,4809318.495,-80.502508,43.43569,Private Drive,1,Non-fatal injury,Off roadway,SMV,Daylight,Municipal,No control,Unknown,FALSE,FALSE,FALSE,Clear,FALSE,Road 1: 44 BELMONT AVE E ((IFO)) (50 km/h); Road 2: QUEENS BLVD; Distance: 500.0 M E; Charged Driver #1 on page 1: HTA 130 (NA) (NA); Vehicle #1     Make: SUBA     Model: VDC     Colour: SIL     Style: 4W; Vehicle #2     Make: MERZ     Model: B20     Colo,1/3/2023 10:22:43 AM,540262.4065,4809318.495,Q3,Weekend,FALSE
8772,52253,22154116,5/15/2022 7:00:00 AM,2022,5,15,7,0,Sunday,539491.5345,4811906.127,-80.511845,43.45903,Non intersection,2,Non-reportable,Off roadway,SMV,Daylight,Municipal,No control,Unknown,FALSE,FALSE,FALSE,Clear,TRUE,Road 1: 36 HERBERT ST; Vehicle #1     Make: FORD     Model: SPE     Colour: GRY     Style: TY; Vehicle #2     Make:      Model:      Colour:      Style:,12/22/2022 9:34:49 AM,539491.5345,4811906.127,Q2,Weekend,FALSE
8773,52254,22154868,6/15/2022 1:20:00 PM,2022,6,15,13,20,Wednesday,541185.8464,4810971.567,-80.490973,43.450524,Non intersection,2,P.D. only,On roadway,SMV,Daylight,Regional,No control,Unknown,FALSE,FALSE,FALSE,Clear,TRUE,Road 1: KING ST W; Road 2: ONTARIO ST S; Distance: 50.0 M W; Vehicle #1     Make: FORD     Model: VAN     Colour: WHI     Style: FV; Vehicle #2     Make:      Model:      Colour:      Style:,12/22/2022 9:35:41 AM,541185.8464,4810971.567,Q2,Working,FALSE
8774,52255,22155081,6/14/2022 11:45:00 AM,2022,6,14,11,45,Tuesday,539528.4361,4811804.15,-80.511397,43.45811,Private Drive,2,P.D. only,On roadway,SMV,Daylight,Municipal,No control,Unknown,FALSE,FALSE,FALSE,Clear,TRUE,Road 1: 6 MARY ST (IFO); Vehicle #1     Make: KIA     Model: FOR     Colour: GRY     Style: 4B; Vehicle #2     Make: BMW     Model: 28X     Colour: GRY     Style: 4D,12/22/2022 9:29:08 AM,539528.4361,4811804.15,Q2,Working,FALSE
8775,52256,22155094,6/28/2022 1:00:00 PM,2022,6,28,13,0,Tuesday,539969.5498,4810488.928,-80.506041,43.446244,Non intersection,2,P.D. only,On roadway,Rear end,Daylight,Municipal,No control,Unknown,FALSE,FALSE,FALSE,Clear,TRUE,Road 1: STRANGE ST; Road 2: HERLAN AVE; Vehicle #1     Make: HOND     Model: CRV     Colour: SIL     Style: TY; Vehicle #2     Make: SUBA     Model: FOR     Colour: BLK     Style: TY,12/22/2022 9:28:01 AM,539969.5498,4810488.928,Q2,Working,FALSE
8776,52257,22155614,7/4/2022 2:08:00 PM,2022,7,4,14,8,Monday,545862.8295,4808690.256,-80.433363,43.429711,Intersection,1,Non-fatal injury,Off roadway,SMV,Daylight,Municipal,No control,Unknown,FALSE,FALSE,FALSE,Clear,FALSE,Road 1: MORGAN AVE (50 km/h); Road 2: CENTREVILLE ST; Distance: 5.0 M E; Charged Driver #1 on page 1: HTA 130 (NA) (NA); Vehicle #1     Make: TOYT     Model: CBA     Colour: BRN     Style: 4D,1/3/2023 10:16:12 AM,545862.8295,4808690.256,Q3,Working,FALSE
8777,52258,22155813,6/23/2022 2:30:00 PM,2022,6,23,14,30,Thursday,536464.4627,4807898.576,-80.54953,43.423099,Private Drive,2,Non-reportable,Off roadway,SMV,Daylight,Municipal,No control,Unknown,FALSE,FALSE,FALSE,Clear,TRUE,Road 1: 202 NEWBURY DR (IFO); Vehicle #1     Make: TOYT     Model: RV4     Colour: BLK     Style: TY; Vehicle #2     Make: TOYO     Model: RV4     Colour: GRY     Style: TY,12/22/2022 9:27:41 AM,536464.4627,4807898.576,Q2,Weekend,FALSE
8778,52259,22155885,6/17/2022 5:00:00 PM,2022,6,17,17,0,Friday,544676.5897,4808079.063,-80.448069,43.42428,Intersection,2,Non-reportable,On roadway,Intersection,Daylight,Municipal,No control,Unknown,FALSE,FALSE,FALSE,Clear,TRUE,Road 1: FAIRLAWN RD; Road 2: WILSON AVE; Vehicle #1     Make: TOYT     Model: TAC     Colour: ONG     Style: CW; Vehicle #2     Make:      Model:      Colour:      Style:,12/22/2022 9:35:52 AM,544676.5897,4808079.063,Q2,Weekend,FALSE
8779,52260,22155944,6/30/2022 10:00:00 AM,2022,6,30,10,0,Thursday,540101.0855,4811311.539,-80.504355,43.453644,Non intersection,2,Non-reportable,On roadway,Other,Daylight,Municipal,No control,Unknown,FALSE,FALSE,FALSE,Clear,TRUE,Road 1: WALTER ST; Road 2: WELLINGTON ST S; Vehicle #1     Make: INTL     Model: 40S     Colour: GRY     Style: CT; Vehicle #2     Make: TOYT     Model: MTL     Colour: SIL     Style: 4D,12/22/2022 9:28:48 AM,540101.0855,4811311.539,Q2,Weekend,FALSE
8780,52261,22155984,6/23/2022 11:10:00 AM,2022,6,23,11,10,Thursday,546889.6062,4811170.266,-80.420465,43.451977,Non intersection,2,P.D. only,On roadway,SMV,Daylight,Municipal,No control,Unknown,FALSE,FALSE,FALSE,Clear,TRUE,Road 1: 70 SUSAN CRESCENT (IFO); Vehicle #1     Make: SUBU     Model: BRF     Colour: BLU     Style: 4W; Vehicle #2     Make: TOYT     Model: YAR     Colour: RED     Style: 4D,12/22/2022 9:27:14 AM,546889.6062,4811170.266,Q2,Weekend,FALSE