,OBJECTID,ACCIDENTNUM,ACCIDENTDATE,ACCIDENT_YEAR,ACCIDENT_MONTH,ACCIDENT_DAY,ACCIDENT_HOUR,ACCIDENT_MINUTE,Accident_Day,XCOORD,YCOORD,LONGITUDE,LATITUDE,Accident_Location,COLLISIONTYPE,Accident_Type,Impact_Location,Impact_Type,Light,Road_Jurisdication,Traffic_Control,Traffic_Control_Condition,Pedestrian_Involved,Cyclist_Involved,Motorcyclist_Involved,Environment_Condition,Self_Reported,XMLIMPORTNOTES,LASTEDITEDDATE,x,y,Quarter,Day_Type,Vulnerable_Involved
8781,52262,22156081,6/18/2022 11:00:00 AM,2022,6,18,11,0,Saturday,536989.3252,4808810.258,-80.542984,43.431282,Other,2,P.D. only,Off roadway,SMV,Daylight,Municipal,No control,Unknown,FALSE,FALSE,FALSE,Clear,TRUE,Road 1: HIDDEN CREEK DR (IFO 42); Vehicle #1     Make: CHEV     Model: EQU     Colour: GRY     Style: TY; Vehicle #2     Make: AUDI     Model: S5L     Colour: WHI     Style: 4B,12/22/2022 9:31:12 AM,536989.3252,4808810.258,Q2,Weekend,FALSE
8782,52263,22156362,7/4/2022 8:11:00 PM,2022,7,4,20,11,Monday,540978.5574,4803285.647,-80.494112,43.381331,Intersection,1,Non-fatal injury,On roadway,Intersection,Dusk,Regional,No control,Functioning,FALSE,FALSE,FALSE,Clear,FALSE,Road 1: HURON RD (60 km/h); Road 2: LUDOLPH ST (60 km/h); Vehicle #1     Make: TOYT     Model: HIG     Colour: BRN     Style: TY; Vehicle #2     Make: TOYT     Model: SIE     Colour: GRY     Style: VN,1/3/2023 10:17:16 AM,540978.5574,4803285.647,Q3,Working,FALSE
8783,52264,22156863,6/14/2022 5:00:00 PM,2022,6,14,17,0,Tuesday,536210.885,4809411.392,-80.552562,43.436733,Private Drive,2,Non-reportable,On roadway,SMV,Daylight,Regional,No control,Unknown,FALSE,FALSE,FALSE,Clear,TRUE,Road 1: 263 RESURRECTION DR; Vehicle #1     Make:      Model:      Colour:      Style: ; Vehicle #2     Make: FORD     Model: FE     Colour: BLU     Style: 4D,12/22/2022 9:35:42 AM,536210.885,4809411.392,Q2,Working,FALSE
8784,52265,22156878,6/5/2022 11:20:00 AM,2022,6,5,11,20,Sunday,542039.1088,4804492.743,-80.480927,43.392141,Non intersection,2,Non-reportable,On roadway,SMV,Daylight,Municipal,No control,Unknown,FALSE,FALSE,FALSE,Clear,TRUE,Road 1: 417 WOODBINE AVE (STREET PARKING); Vehicle #1     Make:      Model:      Colour:      Style: ; Vehicle #2     Make: HYUN     Model: EXL     Colour: BLU     Style: 4D,12/22/2022 9:35:37 AM,542039.1088,4804492.743,Q2,Weekend,FALSE
8785,52266,22156901,6/24/2022 1:50:00 PM,2022,6,24,13,50,Friday,546930.0405,4803464.552,-80.420627,43.382593,Non intersection,2,P.D. only,Off roadway,SMV,Daylight,Municipal,No control,Unknown,FALSE,FALSE,FALSE,Clear,TRUE,Road 1: 113 WINDRUSH TRAIL; Vehicle #1     Make: ACUR     Model: 2TL     Colour: BRN     Style: 4D; Vehicle #2     Make: HYUN     Model: ESS     Colour: RED     Style: 4D,12/22/2022 9:27:24 AM,546930.0405,4803464.552,Q2,Weekend,FALSE
8786,52267,22157001,6/1/2022 5:00:00 PM,2022,6,1,17,0,Wednesday,540939.076,4809150.57,-80.49416,43.434141,Private Drive,2,Non-reportable,On roadway,SMV,Daylight,Municipal,No control,Unknown,FALSE,FALSE,FALSE,Clear,TRUE,Road 1: 190 MAUSSER AVE (IFO); Vehicle #1     Make:      Model:      Colour:      Style: ; Vehicle #2     Make: CHEV     Model: SIL     Colour: RED     Style: PK,12/22/2022 9:35:49 AM,540939.076,4809150.57,Q2,Working,FALSE
8787,52268,22157016,6/13/2022 8:20:00 AM,2022,6,13,8,20,Monday,541015.9748,4809676.251,-80.49317,43.43887,Intersection,2,Non-reportable,On roadway,Intersection,Daylight,Regional,Signal Control,Functioning,FALSE,FALSE,FALSE,Clear,TRUE,Road 1: HIGHLAND RD E; Road 2: SPADINA RD E; Vehicle #1     Make: CADI     Model: ESC     Colour: WHI     Style: TY; Vehicle #2     Make:      Model:      Colour:      Style:,12/22/2022 9:35:39 AM,541015.9748,4809676.251,Q2,Working,FALSE
8788,52269,22157768,7/6/2022 10:55:00 AM,2022,7,6,10,55,Wednesday,541889.7229,4806559.112,-80.482613,43.410755,Intersection,2,P.D. only,On roadway,Intersection,Daylight,Municipal,Signal Control,Functioning,FALSE,FALSE,FALSE,Clear,TRUE,Road 1: RITTEENHOUSE; Road 2: TUERR DR; Vehicle #1     Make: NISS     Model: ROG     Colour: SIL     Style: TY; Vehicle #2     Make: CHEV     Model: EQU     Colour: GRY     Style: TY,12/22/2022 9:29:52 AM,541889.7229,4806559.112,Q3,Working,FALSE
8789,52270,22158113,7/6/2022 1:30:00 PM,2022,7,6,13,30,Wednesday,546568.7175,4808421.814,-80.424665,43.427251,Non intersection,2,P.D. only,On roadway,Rear end,Daylight,Municipal,No control,Unknown,FALSE,FALSE,FALSE,Clear,TRUE,Road 1: MORGAN AVE; Road 2: GREENDALE CRESCENT; Vehicle #1     Make: HOND     Model: ULS     Colour: WHI     Style: 4D; Vehicle #2     Make: DODG     Model: CAR     Colour: BLU     Style: VN,12/22/2022 9:29:54 AM,546568.7175,4808421.814,Q3,Working,FALSE
8790,52271,22158331,7/6/2022 10:18:00 PM,2022,7,6,22,18,Wednesday,545833.2187,4802615.796,-80.434238,43.375018,Intersection,1,Non-fatal injury,On roadway,SMV,Dark,Municipal,No control,Functioning,TRUE,FALSE,FALSE,Clear,FALSE,Road 1: DOON S DR (40 km/h); Road 2: THOMAS SLEE DR (40 km/h); Vehicle #1     Make:      Model:      Colour:      Style:,1/3/2023 10:18:39 AM,545833.2187,4802615.796,Q3,Working,FALSE
8791,52272,22158573,4/26/2022 4:00:00 PM,2022,4,26,16,0,Tuesday,540443.7335,4811967.227,-80.500071,43.459529,Private Drive,2,Non-reportable,Off roadway,SMV,Daylight,Municipal,No control,Unknown,FALSE,FALSE,FALSE,Clear,TRUE,Road 1: 476 DUKE ST W ((IFO)); Vehicle #1     Make:      Model:      Colour:      Style: ; Vehicle #2     Make: CHEV     Model: S1L     Colour: GRY     Style: 4B,12/22/2022 9:29:51 AM,540443.7335,4811967.228,Q2,Working,FALSE
8792,52273,22158578,1/28/2022 7:30:00 AM,2022,1,28,7,30,Friday,538104.7024,4809267.855,-80.529172,43.435347,Private Drive,2,P.D. only,On roadway,SMV,Dawn,Municipal,No control,Unknown,FALSE,FALSE,FALSE,Clear,TRUE,Road 1: 254 BENESFORT CRESCENT; Vehicle #1     Make:      Model:      Colour:      Style: ; Vehicle #2     Make: JEEP     Model: CPT     Colour: GRY     Style: TY,12/22/2022 9:34:50 AM,538104.7024,4809267.855,Q1,Weekend,FALSE
8793,52274,22158655,4/27/2022 5:30:00 AM,2022,4,27,5,30,Wednesday,540612.378,4811767.625,-80.498001,43.457723,Private Drive,2,Non-reportable,On roadway,SMV,Dawn,Regional,No control,Unknown,FALSE,FALSE,FALSE,Clear,TRUE,Road 1: 388 DUKE ST W; Road 2: SHANLEY; Vehicle #1     Make:      Model:      Colour:      Style: ; Vehicle #2     Make: GMC     Model: SIE     Colour: BLK     Style: PK,12/22/2022 9:34:51 AM,540612.378,4811767.625,Q2,Working,FALSE
8794,52275,22158751,11/22/2021 12:00:00 PM,2021,11,22,12,0,Monday,542241.2589,4815807.055,-80.477555,43.494004,Private Drive,2,P.D. only,On roadway,SMV,Daylight,Municipal,No control,Unknown,FALSE,FALSE,FALSE,Clear,TRUE,Road 1: FALCONRIDGE DR; Road 2: OWL  RIDGE ST; Vehicle #1     Make:      Model:      Colour:      Style: ; Vehicle #2     Make: CHEV     Model: 9MG     Colour: RED     Style: TY,1/3/2023 10:20:55 AM,542241.2589,4815807.056,Q4,Working,FALSE
8795,52276,22158911,4/20/2022 12:30:00 PM,2022,4,20,12,30,Wednesday,542774.1892,4807210.882,-80.471638,43.416574,Private Drive,2,Non-reportable,On roadway,SMV,Daylight,Municipal,No control,Unknown,FALSE,FALSE,FALSE,Clear,TRUE,Road 1: 74 CHERRY HILL DR; Road 2: COACH HILL DR; Vehicle #1     Make:      Model:      Colour:      Style: ; Vehicle #2     Make: NISS     Model: ROG     Colour: RED     Style: TY,12/22/2022 9:35:08 AM,542774.1892,4807210.882,Q2,Working,FALSE
8796,52277,22159776,5/6/2022 11:11:00 AM,2022,5,6,11,11,Friday,542937.5407,4812108.761,-80.469235,43.460665,Private Drive,2,P.D. only,On roadway,SMV,Daylight,Municipal,No control,Unknown,FALSE,FALSE,FALSE,Clear,TRUE,Road 1: 411 EPHRAIM ST; Vehicle #1     Make:      Model:      Colour:      Style: ; Vehicle #2     Make: TOYT     Model: RV4     Colour: BLK     Style: TY,12/22/2022 9:31:17 AM,542937.5407,4812108.761,Q2,Weekend,FALSE
8797,52278,22159830,2/25/2022 4:00:00 PM,2022,2,25,16,0,Friday,543073.2302,4812800.79,-80.467503,43.466888,Intersection,2,Non-reportable,On roadway,Intersection,Daylight,Regional,Signal Control,Functioning,FALSE,FALSE,FALSE,Clear,TRUE,Road 1: SHIRLEY AVE; Road 2: RIVER BEND DR; Vehicle #1     Make:      Model:      Colour:      Style: ; Vehicle #2     Make: TOYT     Model: MTL     Colour: BLU     Style: 4D,12/22/2022 9:31:18 AM,543073.2302,4812800.79,Q1,Weekend,FALSE
8798,52279,22161043,7/9/2022 1:37:00 PM,2022,7,9,13,37,Saturday,545275.0489,4806434.251,-80.440812,43.409434,Intersection,2,P.D. only,On roadway,Intersection,Daylight,Municipal,Sign Control,Functioning,FALSE,FALSE,FALSE,Clear,FALSE,Road 1: WILSON AVE (50 km/h); Road 2: WABANAKI DR (50 km/h); Charged Driver #1 on page 1: HTA 142 (NA) (NA); Vehicle #1     Make: LEXS     Model: RC0     Colour: RED     Style: 2D; Vehicle #2     Make:      Model: -     Colour:      Style: 2D,1/3/2023 10:16:21 AM,545275.0489,4806434.251,Q3,Weekend,FALSE
8799,52280,22161071,7/9/2022 2:00:00 PM,2022,7,9,14,0,Saturday,544632.0489,4810341.466,-80.448434,43.444653,Non intersection,2,Non-reportable,On roadway,Intersection,Daylight,Regional,No control,Unknown,FALSE,FALSE,FALSE,Clear,TRUE,Road 1: FRANKLIN ST N; Road 2: BRADLEY DR; Vehicle #1     Make: KIA     Model: OLX     Colour: SIL     Style: 4D; Vehicle #2     Make:      Model:      Colour:      Style:,12/22/2022 9:28:44 AM,544632.0489,4810341.466,Q3,Weekend,FALSE
8800,52281,22161196,7/9/2022 5:06:00 PM,2022,7,9,17,6,Saturday,542991.6789,4806947.604,-80.468972,43.414191,Private Drive,2,P.D. only,On roadway,Other,Daylight,Regional,No control,Unknown,FALSE,FALSE,FALSE,Clear,FALSE,Road 1: 245 COUNTRY HILL DR (40 km/h); Road 2: COUNTRY HILL DR; Distance: 1.0 M N; Charged Driver #1 on page 1: HTA 139 (NA) (NA); Vehicle #1     Make: TOYT     Model: CTX     Colour: GRN     Style: 4B; Vehicle #2     Make: HOND     Model: ULX     Colour:,1/3/2023 10:21:54 AM,542991.6789,4806947.604,Q3,Weekend,FALSE
8801,52282,22161782,7/10/2022 10:24:00 AM,2022,7,10,10,24,Sunday,545035.2036,4807868.959,-80.443656,43.422366,Intersection,1,Non-fatal injury,On roadway,SMV,Daylight,Municipal,Signal Control,Functioning,TRUE,FALSE,FALSE,Clear,FALSE,Road 1: KINGSWAY DR (50 km/h); Road 2: WILSON AVE (50 km/h); Charged Driver #1 on page 1: HTA 144 (NA) (NA); Vehicle #1     Make: MERZ     Model: B2M     Colour: WHI     Style: 4B,12/22/2022 9:37:04 AM,545035.2036,4807868.959,Q3,Weekend,FALSE
8802,52283,22161949,7/10/2022 2:54:00 PM,2022,7,10,14,54,Sunday,543737.402,4805612.488,-80.459868,43.402126,Non intersection,2,P.D. only,Off roadway,SMV,Daylight,Municipal,No control,Unknown,FALSE,FALSE,FALSE,Clear,FALSE,Road 1: TRILLIUM DR (50 km/h); Road 2: BEASLEY DR; Distance: 60.0 K W; Vehicle #1     Make: TOYT     Model: HIG     Colour: BLU     Style: TY,12/22/2022 9:35:35 AM,543737.402,4805612.488,Q3,Weekend,FALSE
8803,52284,22162298,7/10/2022 10:30:00 PM,2022,7,10,22,30,Sunday,545697.5162,4803968.373,-80.4358,43.387205,Non intersection,2,P.D. only,On roadway,SMV,Dark,Municipal,No control,Unknown,FALSE,FALSE,FALSE,Clear,FALSE,Road 1: 261 DOON MILLS DR (50 km/h); Road 2: APPLE RIDGE DR; Distance: 50.0 M W; Vehicle #1     Make: MERZ     Model: M35     Colour: WHI     Style: TY; Vehicle #2     Make: HYUN     Model: ESM     Colour: RED     Style: 4D,1/3/2023 10:14:24 AM,545697.5162,4803968.373,Q3,Weekend,FALSE
8804,52285,22162719,6/21/2022 12:30:00 PM,2022,6,21,12,30,Tuesday,539631.9954,4810313.648,-80.510225,43.444684,Private Drive,2,P.D. only,On roadway,Other,Daylight,Municipal,No control,Unknown,FALSE,FALSE,FALSE,Clear,TRUE,Road 1: TALBOT ST (IFO 18); Vehicle #1     Make: HOND     Model: UAX     Colour: BLU     Style: 4D; Vehicle #2     Make: HOND     Model: PIL     Colour: GRN     Style: TY,1/3/2023 10:21:05 AM,539631.9954,4810313.648,Q2,Working,FALSE
8805,52286,22162796,6/6/2022 4:30:00 PM,2022,6,6,16,30,Monday,541271.1984,4809709.23,-80.490014,43.439153,Non intersection,2,P.D. only,On roadway,Intersection,Daylight,Municipal,No control,Unknown,FALSE,FALSE,FALSE,Rain,TRUE,Road 1: SPADINA RD E; Road 2: MILL ST; Vehicle #1     Make: FORD     Model: TSE     Colour: GLD     Style: 4D; Vehicle #2     Make: FORD     Model: SPE     Colour: GRY     Style: TY,1/3/2023 10:11:50 AM,541271.1984,4809709.23,Q2,Working,FALSE
8806,52287,22162831,6/7/2022 11:15:00 AM,2022,6,7,11,15,Tuesday,542695.5748,4810701.22,-80.472336,43.448005,Intersection,2,Non-reportable,On roadway,Intersection,Daylight,Regional,No control,Functioning,FALSE,FALSE,FALSE,Clear,TRUE,Road 1: STIRLING AVE N; Road 2: LYDIA ST; Vehicle #1     Make: DODG     Model: CAR     Colour: GRY     Style: VN; Vehicle #2     Make:      Model:      Colour:      Style:,1/3/2023 10:15:55 AM,542695.5748,4810701.22,Q2,Working,FALSE
8807,52288,22162837,6/15/2022 6:30:00 PM,2022,6,15,18,30,Wednesday,549070.8188,4806347.433,-80.393941,43.408413,Non intersection,2,P.D. only,On roadway,Rear end,Daylight,Municipal,No control,Unknown,FALSE,FALSE,FALSE,Clear,TRUE,Road 1: HELDMANN RD; Road 2: SPORTSWORLD DR; Vehicle #1     Make: HOND     Model: ASE     Colour: BLK     Style: 4D; Vehicle #2     Make: TESL     Model: 3     Colour: WHI     Style: 4D,1/3/2023 10:11:45 AM,549070.8188,4806347.434,Q2,Working,FALSE
8808,52289,22163038,7/11/2022 5:08:00 PM,2022,7,11,17,8,Monday,539568.0496,4811425.262,-80.510935,43.454696,Intersection,2,P.D. only,On roadway,Intersection,Daylight,Municipal,No control,Functioning,FALSE,FALSE,TRUE,Clear,FALSE,Road 1: PARK ST (50 km/h); Road 2: GREEN ST (50 km/h); Charged Driver #1 on page 1: HTA 142 (NA) (NA); Vehicle #1     Make: HOND     Model: PIL     Colour: WHI     Style: TY; Vehicle #2     Make: HD     Model: FDX     Colour: BLU     Style: MS,1/3/2023 10:16:33 AM,539568.0496,4811425.262,Q3,Working,TRUE
8809,52290,22163520,5/14/2022 6:00:00 PM,2022,5,14,18,0,Saturday,542688.6007,4810306.552,-80.472453,43.444452,Private Drive,2,Non-reportable,On roadway,SMV,Daylight,Regional,No control,Unknown,FALSE,FALSE,FALSE,Clear,TRUE,Road 1: 65 BORDEN AVE N; Vehicle #1     Make: CHEV     Model: EXP     Colour: WHI     Style: FV; Vehicle #2     Make:      Model:      Colour:      Style:,12/22/2022 9:35:09 AM,542688.6007,4810306.552,Q2,Weekend,FALSE
8810,52291,22163546,6/28/2022 5:20:00 PM,2022,6,28,17,20,Tuesday,538583.2219,4805366.787,-80.523535,43.400197,Private Drive,2,P.D. only,On roadway,SMV,Daylight,Municipal,No control,Unknown,FALSE,FALSE,FALSE,Clear,TRUE,Road 1: GRAVEL RIDGE TRAIL (IFO 400); Vehicle #1     Make: HOND     Model: ATR     Colour: GRY     Style: 4D; Vehicle #2     Make: TOYT     Model: UXS     Colour: BRN     Style: 4D,12/22/2022 9:28:56 AM,538583.2219,4805366.787,Q2,Working,FALSE
8811,52292,22163771,6/11/2022 11:30:00 AM,2022,6,11,11,30,Saturday,544571.9132,4807945.834,-80.449373,43.423086,Other,2,Non-reportable,On roadway,SMV,Daylight,Municipal,No control,Unknown,FALSE,FALSE,FALSE,Clear,TRUE,Road 1: BELWOOD CRESCENT (IFO 57); Vehicle #1     Make: DODG     Model: CAR     Colour: SIL     Style: VN; Vehicle #2     Make: HYUN     Model: ELA     Colour: BLK     Style: 4D,12/22/2022 9:30:39 AM,544571.9132,4807945.834,Q2,Weekend,FALSE
8812,52293,22163774,6/16/2022 3:30:00 PM,2022,6,16,15,30,Thursday,545405.53,4802480.185,-80.439529,43.373823,Private Drive,2,P.D. only,On roadway,SMV,Daylight,Municipal,No control,Unknown,FALSE,FALSE,FALSE,Clear,TRUE,Road 1: 54 MEADOWRIDGE ST (IFO); Vehicle #1     Make: BMW     Model: X1P     Colour: BLK     Style: TY; Vehicle #2     Make: FORD     Model: FEE     Colour: BLK     Style: 4D,12/22/2022 9:27:28 AM,545405.53,4802480.185,Q2,Weekend,FALSE
8813,52294,22164455,6/17/2022 5:00:00 PM,2022,6,17,17,0,Friday,544610.3523,4809092.704,-80.448804,43.43341,Intersection,2,Non-reportable,On roadway,Rear end,Daylight,Regional,Signal Control,Functioning,FALSE,FALSE,FALSE,Clear,TRUE,Road 1: 2359 KINGSWAY DR; Road 2: FRANKLIN; Vehicle #1     Make:      Model:      Colour:      Style: ; Vehicle #2     Make: FORD     Model: FPH     Colour: GRY     Style: 4D,12/22/2022 9:35:54 AM,544610.3523,4809092.704,Q2,Weekend,FALSE
8814,52295,22164848,7/13/2022 3:49:00 PM,2022,7,13,15,49,Wednesday,543225.9589,4804481.13,-80.466273,43.391969,Non intersection,2,P.D. only,On roadway,Rear end,Daylight,Municipal,No control,Unknown,FALSE,FALSE,FALSE,Clear,FALSE,Road 1: HURON RD (60 km/h); Road 2: STRASBURG RD; Distance: 10.0 M S; Charged Driver #1 on page 1: HTA 130 (1) (NA); Vehicle #1     Make: TOYT     Model: RV4     Colour: BLK     Style: 4W; Vehicle #2     Make: RAM     Model: RTR     Colour: BLK     Style:,1/3/2023 10:15:09 AM,543225.9589,4804481.13,Q3,Working,FALSE
8815,52296,22165388,6/9/2022 8:30:00 PM,2022,6,9,20,30,Thursday,545386.3938,4804698.185,-80.439581,43.393796,Non intersection,2,Non-reportable,Off roadway,Intersection,Dusk,Regional,No control,Unknown,FALSE,FALSE,FALSE,Snow,TRUE,Road 1: PIONEER DR; Road 2: HOMER WATSON BLVD PIONEER PARK KITCHENER; Vehicle #1     Make: TOYT     Model: CBS     Colour: GRY     Style: 4D; Vehicle #2     Make: MAZD     Model: 3TR     Colour: GRY     Style: 4D,1/3/2023 10:12:03 AM,545386.3938,4804698.185,Q2,Weekend,FALSE
8816,52297,22165664,5/13/2022 5:00:00 PM,2022,5,13,17,0,Friday,541404.4819,4811370.16,-80.488241,43.454101,Private Drive,2,Non-reportable,On roadway,SMV,Daylight,Municipal,No control,Unknown,FALSE,FALSE,FALSE,Clear,TRUE,Road 1: 37 AHRENS ST W; Vehicle #1     Make:      Model:      Colour:      Style: ; Vehicle #2     Make: VOLK     Model: JES     Colour: BLK     Style: 4D,12/22/2022 9:31:34 AM,541404.4819,4811370.16,Q2,Weekend,FALSE
8817,52298,22166070,7/14/2022 9:58:00 PM,2022,7,14,21,58,Thursday,539111.6131,4811656.168,-80.516559,43.456799,Intersection,1,Non-fatal injury,On roadway,Intersection,Dark,Municipal,No control,Functioning,FALSE,FALSE,FALSE,Clear,FALSE,Road 1: UNION BLVD (50 km/h); Road 2: PARK ST (50 km/h); Charged Driver #1 on page 1: HTA 130 (NA) (NA); Vehicle #1     Make: NISS     Model: ROG     Colour: BLK     Style: TY; Vehicle #2     Make: BMW     Model: TRG     Colour: BLK     Style: TY,1/3/2023 10:19:39 AM,539111.6131,4811656.168,Q3,Weekend,FALSE
8818,52299,22166347,1/24/2022 4:10:00 PM,2022,1,24,16,10,Monday,541689.1687,4812082.622,-80.484668,43.4605,Non intersection,2,P.D. only,On roadway,SMV,Daylight,Municipal,No control,Unknown,FALSE,FALSE,FALSE,Rain,TRUE,Road 1: 393 WELLINGTON ST N; Vehicle #1     Make: TOYT     Model: MTL     Colour: RED     Style: 4D,12/22/2022 9:31:35 AM,541689.1687,4812082.622,Q1,Working,FALSE
8819,52300,22166414,7/14/2022 9:00:00 AM,2022,7,14,9,0,Thursday,542703.9627,4810215.081,-80.47227,43.443627,Non intersection,2,Non-reportable,Off roadway,SMV,Daylight,Municipal,No control,Unknown,FALSE,FALSE,FALSE,Clear,TRUE,Road 1: 37 CRESCENT ST; Vehicle #1     Make: TOYT     Model: C4E     Colour: BLU     Style: 4D; Vehicle #2     Make: MAZD     Model: M3I     Colour: BLK     Style: 4B,12/22/2022 9:27:58 AM,542703.9627,4810215.081,Q3,Weekend,FALSE
8820,52301,22166597,7/15/2022 1:50:00 PM,2022,7,15,13,50,Friday,539995.5425,4810355.368,-80.505729,43.44504,Private Drive,2,Non-reportable,On roadway,Intersection,Daylight,Regional,No control,Unknown,FALSE,FALSE,FALSE,Clear,TRUE,Road 1: STRANGE ST; Road 2: VICTORIA ST S; Vehicle #1     Make: HYUN     Model: SFT     Colour: ONG     Style: TY; Vehicle #2     Make: NISS     Model: ROG     Colour: BLU     Style: TY,12/22/2022 9:35:11 AM,539995.5425,4810355.368,Q3,Weekend,FALSE
8821,52302,22166606,7/15/2022 1:40:00 PM,2022,7,15,13,40,Friday,540619.4561,4810957.091,-80.497974,43.450425,Intersection,2,P.D. only,On roadway,Intersection,Daylight,Municipal,No control,Functioning,FALSE,FALSE,FALSE,Clear,FALSE,Road 1: LINDEN AVE (50 km/h); Road 2: JOSEPH ST (50 km/h); Vehicle #1     Make: FORD     Model: EPR     Colour: BLU     Style: TY; Vehicle #2     Make:      Model: -     Colour:      Style:,1/3/2023 10:19:42 AM,540619.4561,4810957.091,Q3,Weekend,FALSE
8822,52303,22166662,6/19/2022 1:00:00 PM,2022,6,19,13,0,Sunday,538291.8044,4807951.326,-80.526952,43.423483,Private Drive,2,Non-reportable,On roadway,Other,Daylight,Municipal,No control,Unknown,FALSE,FALSE,FALSE,Clear,TRUE,Road 1: 162 SILVER ASPEN CRESCENT (IFO); Vehicle #1     Make: HYUN     Model: ESM     Colour: GRY     Style: 4D; Vehicle #2     Make:      Model:      Colour:      Style:,1/3/2023 10:21:43 AM,538291.8044,4807951.326,Q2,Weekend,FALSE
8823,52304,22167075,7/15/2022 9:00:00 PM,2022,7,15,21,0,Friday,542650.3754,4807351.908,-80.473156,43.41785,Intersection,2,P.D. only,On roadway,Rear end,Dusk,Regional,No control,Functioning,FALSE,FALSE,FALSE,Clear,FALSE,Road 1: BLOCK LINE RD (50 km/h); Road 2: KINGSWOOD DR (40 km/h); Vehicle #1     Make: NISS     Model: SBL     Colour: SIL     Style: 4D; Vehicle #2     Make: TOYT     Model: RV4     Colour: GRY     Style: TY,1/3/2023 10:16:08 AM,542650.3754,4807351.908,Q3,Weekend,FALSE
8824,52305,22170608,7/19/2022 5:30:00 PM,2022,7,19,17,30,Tuesday,542948.682,4812957.028,-80.46903,43.468302,Non intersection,2,P.D. only,On roadway,Rear end,Daylight,Municipal,No control,Unknown,FALSE,FALSE,FALSE,Clear,TRUE,Road 1: WELLINGTON ST N; Road 2: RIVERBEND DR; Distance: 200.0 M N; Vehicle #1     Make: LEXS     Model: RXH     Colour: WHI     Style: TY; Vehicle #2     Make: HYUN     Model: K1G     Colour: BLK     Style: TY; Vehicle #3     Make: HOND     Model: CCL   ,12/22/2022 9:35:33 AM,542948.682,4812957.028,Q3,Working,FALSE
8825,52306,22171073,6/27/2022 4:30:00 PM,2022,6,27,16,30,Monday,540852.543,4809301.107,-80.495218,43.435501,Private Drive,2,Non-reportable,On roadway,SMV,Daylight,Municipal,No control,Unknown,FALSE,FALSE,FALSE,Clear,TRUE,Road 1: 107 SAINT CLAIR AVE (IFO); Vehicle #1     Make:      Model:      Colour:      Style: ; Vehicle #2     Make: NISS     Model: SML     Colour: SIL     Style: 4D,1/3/2023 10:22:11 AM,540852.543,4809301.107,Q2,Working,FALSE
8826,52307,22171191,7/20/2022 11:41:00 AM,2022,7,20,11,41,Wednesday,540486.6488,4809735.928,-80.499706,43.439436,Intersection,1,Non-fatal injury,On roadway,Intersection,Daylight,Municipal,No control,Functioning,FALSE,FALSE,FALSE,Clear,FALSE,Road 1: SPADINA RD E (50 km/h); Road 2: QUEENS BLVD (50 km/h); Charged Driver #1 on page 1: HTA 136 (NA) (NA); Vehicle #1     Make: VOLV     Model: 06G     Colour: GRY     Style: TY; Vehicle #2     Make: HOND     Model: COD     Colour: GRY     Style: VN,1/3/2023 10:20:02 AM,540486.6488,4809735.928,Q3,Working,FALSE
8827,52308,22171905,3/31/2022 9:25:00 AM,2022,3,31,9,25,Thursday,545927.6708,4802981.95,-80.433042,43.37831,Intersection,2,P.D. only,On roadway,Intersection,Daylight,Municipal,Sign Control,Functioning,FALSE,FALSE,FALSE,Clear,TRUE,Road 1: ROBERT FERRIE DR; Road 2: DOON S DR; Vehicle #1     Make: BMW     Model: 5XI     Colour: BLU     Style: 4D; Vehicle #2     Make:      Model:      Colour:      Style:,12/22/2022 9:31:36 AM,545927.6708,4802981.95,Q1,Weekend,FALSE
8828,52309,22171979,3/29/2022 9:30:00 AM,2022,3,29,9,30,Tuesday,540404.0032,4808833.293,-80.500794,43.431313,Private Drive,2,P.D. only,Off roadway,Rear end,Daylight,Municipal,No control,Unknown,FALSE,FALSE,FALSE,Clear,TRUE,Road 1: 199 LAKESIDE DR; Vehicle #1     Make: GMC     Model: TER     Colour: RED     Style: TY; Vehicle #2     Make:      Model:      Colour:      Style:,12/22/2022 9:31:37 AM,540404.0032,4808833.293,Q1,Working,FALSE