,OBJECTID,ACCIDENTNUM,ACCIDENTDATE,ACCIDENT_YEAR,ACCIDENT_MONTH,ACCIDENT_DAY,ACCIDENT_HOUR,ACCIDENT_MINUTE,Accident_Day,XCOORD,YCOORD,LONGITUDE,LATITUDE,Accident_Location,COLLISIONTYPE,Accident_Type,Impact_Location,Impact_Type,Light,Road_Jurisdication,Traffic_Control,Traffic_Control_Condition,Pedestrian_Involved,Cyclist_Involved,Motorcyclist_Involved,Environment_Condition,Self_Reported,XMLIMPORTNOTES,LASTEDITEDDATE,x,y,Quarter,Day_Type,Vulnerable_Involved
8829,52310,22172252,7/21/2022 3:26:00 PM,2022,7,21,15,26,Thursday,541981.8119,4810674.655,-80.481159,43.447806,Intersection,1,Non-fatal injury,On roadway,Intersection,Daylight,Municipal,Sign Control,Functioning,FALSE,TRUE,FALSE,Clear,FALSE,Road 1: MADISON AVE N (50 km/h); Road 2: DUKE ST E (40 km/h); Charged Driver #1 on page 1: HTA 136 (NA) (NA); Vehicle #1     Make: BICY     Model: BICY     Colour:      Style: ; Vehicle #2     Make: SUBA     Model: O6L     Colour: SIL     Style: SW,12/22/2022 9:36:07 AM,541981.8119,4810674.655,Q3,Weekend,FALSE
8830,52311,22172334,7/21/2022 4:50:00 PM,2022,7,21,16,50,Thursday,541417.131,4812179.165,-80.488023,43.461384,Non intersection,2,P.D. only,On roadway,Intersection,Daylight,Municipal,No control,Unknown,FALSE,FALSE,FALSE,Clear,TRUE,Road 1: ST LEGER ST; Road 2: VICTORIA MARIE CT; Vehicle #1     Make: AUDI     Model: 1QS     Colour: RED     Style: 4D; Vehicle #2     Make: HOND     Model: CXG     Colour: BLK     Style: 4D,12/22/2022 9:35:36 AM,541417.131,4812179.165,Q3,Weekend,FALSE
8831,52312,22172925,7/1/2022 7:00:00 PM,2022,7,1,19,0,Friday,545673.0891,4810641.201,-80.435544,43.447289,Intersection,2,Non-reportable,On roadway,Intersection,Daylight,Municipal,Sign Control,Functioning,FALSE,FALSE,FALSE,Clear,TRUE,Road 1: KENORA DR; Road 2: OLD CHICOPEE DR; Vehicle #1     Make: ACUR     Model: CCS     Colour: SIL     Style: 4D; Vehicle #2     Make: MITS     Model: LSL     Colour: WHI     Style: 4D,12/22/2022 9:28:26 AM,545673.0891,4810641.201,Q3,Weekend,FALSE
8832,52313,22172934,7/3/2022 12:00:00 PM,2022,7,3,12,0,Sunday,538477.1829,4806574.116,-80.524759,43.411073,Private Drive,2,Non-reportable,Off roadway,SMV,Daylight,Municipal,No control,Unknown,FALSE,FALSE,FALSE,Clear,TRUE,Road 1: EVERGLADE CRESCENT (IFO 60); Vehicle #1     Make: MAZD     Model: 3TR     Colour: BLU     Style: 4D; Vehicle #2     Make: HOND     Model: ULX     Colour: SIL     Style: 4D,12/22/2022 9:35:48 AM,538477.1829,4806574.116,Q3,Weekend,FALSE
8833,52314,22172974,7/19/2022 2:00:00 PM,2022,7,19,14,0,Tuesday,538726.2711,4806020.583,-80.521722,43.406076,Other,2,P.D. only,On roadway,SMV,Daylight,Municipal,No control,Unknown,FALSE,FALSE,FALSE,Clear,TRUE,Road 1: 517 PEACH BLOSSOM COURT (IFO 517); Vehicle #1     Make: HOND     Model: UDY     Colour: GRY     Style: VN; Vehicle #2     Make: BUIC     Model: ENC     Colour: GRN     Style: TY,12/22/2022 9:35:32 AM,538726.2711,4806020.583,Q3,Working,FALSE
8834,52315,22173030,7/18/2022 4:54:00 PM,2022,7,18,16,54,Monday,540223.0489,4809455.24,-80.502984,43.436923,Non intersection,2,P.D. only,On roadway,Intersection,Daylight,Regional,No control,Unknown,FALSE,FALSE,FALSE,Clear,TRUE,Road 1: 1011 QUEEN'S BLVD (IFO); Vehicle #1     Make: HOND     Model: CRV     Colour: BLK     Style: 4D; Vehicle #2     Make: CHEV     Model: VTP     Colour: GRY     Style: 4B,12/22/2022 9:35:18 AM,540223.0489,4809455.24,Q3,Working,FALSE
8835,52316,22173191,2/3/2022 10:35:00 AM,2022,2,3,10,35,Thursday,539567.6849,4811425.978,-80.510939,43.454703,Intersection,2,P.D. only,On roadway,Intersection,Daylight,Municipal,Sign Control,Functioning,FALSE,FALSE,FALSE,Snow,TRUE,Road 1: GREEN ST; Road 2: PARK ST; Vehicle #1     Make: NISS     Model: MUR     Colour: SIL     Style: TY; Vehicle #2     Make: FORD     Model: SPE     Colour: RED     Style: TY,12/22/2022 9:31:48 AM,539567.6849,4811425.978,Q1,Weekend,FALSE
8836,52317,22173198,2/3/2022 12:00:00 PM,2022,2,3,12,0,Thursday,539567.8086,4811425.38,-80.510938,43.454697,Intersection,2,P.D. only,On roadway,Intersection,Daylight,Municipal,Signal Control,Functioning,FALSE,FALSE,FALSE,Snow,TRUE,Road 1: GREEN ST; Road 2: PARK ST; Vehicle #1     Make: NISS     Model: ROG     Colour: BLU     Style: TY; Vehicle #2     Make: MAZD     Model: CX5     Colour: SIL     Style: TY,12/22/2022 9:31:50 AM,539567.8086,4811425.38,Q1,Weekend,FALSE
8837,52318,22173215,11/23/2021 8:30:00 AM,2021,11,23,8,30,Tuesday,545377.6369,4812124.6,-80.439072,43.460663,Non intersection,2,Non-reportable,On roadway,Rear end,Daylight,Municipal,No control,Unknown,FALSE,FALSE,FALSE,Clear,TRUE,Road 1: HERITAGE DR; Road 2: LORRAINE AVE; Vehicle #1     Make: MAZD     Model: 3TR     Colour: BLK     Style: 4B; Vehicle #2     Make:      Model:      Colour:      Style:,1/3/2023 10:15:02 AM,545377.6369,4812124.6,Q4,Working,FALSE
8838,52319,22173391,7/22/2022 5:45:00 PM,2022,7,22,17,45,Friday,546064.6678,4809491.905,-80.430802,43.436917,Intersection,2,P.D. only,On roadway,Intersection,Daylight,Municipal,No control,Functioning,FALSE,FALSE,FALSE,Clear,FALSE,Road 1: RIVER RD E (50 km/h); Road 2: KINZIE AVE (50 km/h); Distance: 20.0 M E; Charged Driver #1 on page 1: HTA 142 (NA) (NA); Vehicle #1     Make: TOYT     Model: HIG     Colour: WHI     Style: TY; Vehicle #2     Make: HOND     Model: CCL     Colour: GR,1/3/2023 10:17:29 AM,546064.6678,4809491.905,Q3,Weekend,FALSE
8839,52320,22174058,7/23/2022 12:00:00 PM,2022,7,23,12,0,Saturday,542055.2709,4810454.01,-80.480268,43.445815,Non intersection,2,P.D. only,On roadway,Rear end,Daylight,Municipal,No control,Unknown,FALSE,FALSE,FALSE,Clear,TRUE,Road 1: KING ST E; Road 2: CAMERON ST N; Vehicle #1     Make: SUBA     Model: OBK     Colour: BLK     Style: TY; Vehicle #2     Make: KIA     Model: SOR     Colour: WHI     Style: TY,12/22/2022 9:27:42 AM,542055.2709,4810454.01,Q3,Weekend,FALSE
8840,52321,22175264,7/24/2022 6:45:00 PM,2022,7,24,18,45,Sunday,543726.4992,4811803.749,-80.459507,43.457873,Intersection,1,Non-fatal injury,Off roadway,SMV,Daylight,Regional,No control,Unknown,FALSE,FALSE,FALSE,Clear,FALSE,Road 1: KRUG ST (60 km/h); Road 2: KENSINGTON AVE; Distance: 1.0 M E; Vehicle #1     Make: CHEV     Model: CZT     Colour: BLK     Style: 4D,12/22/2022 9:32:32 AM,543726.4992,4811803.749,Q3,Weekend,FALSE
8841,52322,22175676,7/11/2022 9:15:00 PM,2022,7,11,21,15,Monday,545496.9732,4812153.271,-80.437594,43.460914,Other,2,Non-reportable,Off roadway,SMV,Dark,Municipal,No control,Unknown,FALSE,FALSE,FALSE,Rain,TRUE,Road 1: OAKHURST CRESCENT (IFO 36); Vehicle #1     Make:      Model:      Colour:      Style: ; Vehicle #2     Make: HOND     Model: AXL     Colour: GRY     Style: 4D,12/22/2022 9:29:39 AM,545496.9732,4812153.271,Q3,Working,FALSE
8842,52323,22175774,7/9/2022 6:45:00 AM,2022,7,9,6,45,Saturday,540119.4495,4805796.251,-80.504533,43.403983,Non intersection,2,P.D. only,On roadway,Other,Daylight,Municipal,No control,Unknown,FALSE,FALSE,FALSE,Clear,TRUE,Road 1: 210 MAX BECKER DR; Vehicle #1     Make: TOYT     Model: CBS     Colour: SIL     Style: 4D; Vehicle #2     Make: HOND     Model: CRV     Colour: BLU     Style: TY,12/22/2022 9:28:20 AM,540119.4495,4805796.251,Q3,Weekend,FALSE
8843,52324,22175914,7/25/2022 1:00:00 PM,2022,7,25,13,0,Monday,545581.8242,4811242.705,-80.436622,43.45271,Private Drive,2,P.D. only,On roadway,Intersection,Daylight,Municipal,No control,Unknown,FALSE,FALSE,FALSE,Clear,TRUE,Road 1: 55 CARNABY CRESCENT (IFO); Vehicle #1     Make: HYUN     Model: ELA     Colour: BLU     Style: 4D; Vehicle #2     Make: TOYT     Model: MRI     Colour: GRY     Style: 4D,12/22/2022 9:28:57 AM,545581.8242,4811242.705,Q3,Working,FALSE
8844,52325,22176105,7/25/2022 5:30:00 PM,2022,7,25,17,30,Monday,545095.2962,4807780.184,-80.442921,43.421563,Private Drive,2,P.D. only,On roadway,Intersection,Daylight,Municipal,No control,Unknown,FALSE,FALSE,FALSE,Clear,TRUE,Road 1: WILSON AVE; Road 2: FAIRWAY RD S; Vehicle #1     Make: NISS     Model: SBL     Colour: BLU     Style: 4D; Vehicle #2     Make: TOYT     Model: VEN     Colour: BRN     Style: TY,12/22/2022 9:28:23 AM,545095.2962,4807780.184,Q3,Working,FALSE
8845,52326,22176744,2/16/2022 2:00:00 PM,2022,2,16,14,0,Wednesday,537051.5199,4808491.869,-80.542238,43.428412,Private Drive,2,Non-reportable,On roadway,SMV,Daylight,Municipal,No control,Unknown,FALSE,FALSE,FALSE,Clear,TRUE,Road 1: 464 HIDDEN CREEK DR (IN FRONT OF); Vehicle #1     Make:      Model:      Colour:      Style: ; Vehicle #2     Make: HOND     Model: FKG     Colour: WHI     Style: 4B,12/22/2022 9:32:12 AM,537051.5199,4808491.869,Q1,Working,FALSE
8846,52327,22179614,7/9/2022 12:30:00 PM,2022,7,9,12,30,Saturday,535937.0001,4809539.925,-80.555938,43.437904,Non intersection,2,P.D. only,On roadway,SMV,Daylight,Regional,No control,Unknown,FALSE,FALSE,FALSE,Clear,TRUE,Road 1: 60 IRON GATE ST (STREET SIDE PARKING); Vehicle #1     Make: HOND     Model: UDY     Colour: SIL     Style: TY; Vehicle #2     Make: HYUN     Model: ESM     Colour: BLK     Style: 4D,12/22/2022 9:28:42 AM,535937.0001,4809539.925,Q3,Weekend,FALSE
8847,52328,22179673,7/8/2022 9:30:00 PM,2022,7,8,21,30,Friday,542313.7184,4810287.521,-80.477087,43.444302,Intersection,2,Non-reportable,On roadway,Intersection,Dark,Regional,Signal Control,Functioning,FALSE,FALSE,FALSE,Clear,TRUE,Road 1: STIRLING AVE N; Road 2: KING ST E; Vehicle #1     Make: HYUN     Model: ESM     Colour: GRY     Style: 4D; Vehicle #2     Make:      Model:      Colour:      Style:,12/22/2022 9:36:18 AM,542313.7184,4810287.521,Q3,Weekend,FALSE
8848,52329,22180574,7/30/2022 1:10:00 PM,2022,7,30,13,10,Saturday,536883.5675,4808795.154,-80.544292,43.431152,Non intersection,2,P.D. only,On roadway,Rear end,Daylight,Municipal,No control,Unknown,FALSE,FALSE,FALSE,Clear,TRUE,Road 1: WESTFOREST TRAIL; Vehicle #1     Make: FORD     Model: TST     Colour: WHI     Style: FV; Vehicle #2     Make: TOYT     Model: CBL     Colour: GRY     Style: 4D,12/22/2022 9:27:20 AM,536883.5675,4808795.154,Q3,Weekend,FALSE
8849,52330,22182298,7/22/2022 7:00:00 PM,2022,7,22,19,0,Friday,539445.4684,4805581.153,-80.512872,43.402082,Private Drive,2,P.D. only,On roadway,SMV,Daylight,Regional,No control,Unknown,FALSE,FALSE,FALSE,Clear,TRUE,Road 1: 683 ACTIVA AVE; Vehicle #1     Make: HOND     Model: UDY     Colour: BLK     Style: TY; Vehicle #2     Make: DODG     Model: CAR     Colour: RED     Style: VN,12/22/2022 9:28:12 AM,539445.4684,4805581.153,Q3,Weekend,FALSE
8850,52331,22183955,7/21/2022 8:10:00 AM,2022,7,21,8,10,Thursday,542654.4547,4816449.315,-80.472394,43.499763,Non intersection,2,P.D. only,On roadway,Other,Daylight,Municipal,No control,Unknown,FALSE,FALSE,FALSE,Clear,TRUE,Road 1: 122 EAGLECREST ST; Vehicle #1     Make: AUDI     Model: 4QP     Colour: WHI     Style: 4D; Vehicle #2     Make: HOND     Model: UDY     Colour: WHI     Style: VN,12/22/2022 9:35:28 AM,542654.4547,4816449.315,Q3,Weekend,FALSE
8851,52332,22184004,7/8/2022 8:30:00 PM,2022,7,8,20,30,Friday,546744.1324,4809904.589,-80.422371,43.44059,Private Drive,2,Non-reportable,On roadway,SMV,Dusk,Municipal,No control,Unknown,FALSE,FALSE,FALSE,Clear,TRUE,Road 1: 310 BRIARMEADOW DR (IFO); Vehicle #1     Make: TOYT     Model: C5T     Colour: GRY     Style: 4D; Vehicle #2     Make: SUBA     Model: IMP     Colour: BLU     Style: SW,12/22/2022 9:29:29 AM,546744.1324,4809904.589,Q3,Weekend,FALSE
8852,52333,22188694,6/24/2022 11:00:00 AM,2022,6,24,11,0,Friday,542847.916,4813076.406,-80.470267,43.469383,Intersection,2,P.D. only,On roadway,Rear end,Daylight,Municipal,No control,Unknown,FALSE,FALSE,FALSE,Clear,TRUE,Road 1: RIVERBEND DR; Road 2: GUELPH ST; Vehicle #1     Make: CHEV     Model: VKG     Colour: WHI     Style: PK; Vehicle #2     Make: CHEV     Model: ORL     Colour: BLK     Style: TY,12/22/2022 9:27:40 AM,542847.916,4813076.406,Q2,Weekend,FALSE
8853,52334,22188790,7/3/2022 7:20:00 PM,2022,7,3,19,20,Sunday,545074.9028,4807830.639,-80.443169,43.422019,Non intersection,2,P.D. only,On roadway,Intersection,Daylight,Regional,No control,Unknown,FALSE,FALSE,FALSE,Clear,TRUE,Road 1: WILSON AVE; Road 2: KINGSWAY DR; Vehicle #1     Make: MAZD     Model: MIA     Colour: WHI     Style: CV; Vehicle #2     Make:      Model:      Colour:      Style:,12/22/2022 9:35:50 AM,545074.9028,4807830.639,Q3,Weekend,FALSE
8854,52335,22188834,7/5/2022 1:20:00 PM,2022,7,5,13,20,Tuesday,539134.1874,4811136.467,-80.516318,43.452119,Non intersection,2,P.D. only,On roadway,Rear end,Daylight,Municipal,No control,Unknown,FALSE,FALSE,FALSE,Clear,TRUE,Road 1: GLASGOW ST; Road 2: BELMONT AVE W; Vehicle #1     Make: FORD     Model: SPE     Colour: RED     Style: TY; Vehicle #2     Make: HOND     Model: UAX     Colour: WHI     Style: 4D,1/3/2023 10:13:55 AM,539134.1874,4811136.467,Q3,Working,FALSE
8855,52336,22188929,7/9/2022 11:00:00 PM,2022,7,9,23,0,Saturday,543064.8496,4812795.946,-80.467607,43.466845,Non intersection,2,Non-reportable,On roadway,Intersection,Dark,Regional,No control,Unknown,FALSE,FALSE,FALSE,Clear,TRUE,Road 1: WELLINGTON ST N; Road 2: RIVERBEND DR; Distance: 10.0 M S; Vehicle #1     Make: JAGU     Model: JAS     Colour: BLK     Style: 4D; Vehicle #2     Make:      Model:      Colour:      Style:,12/22/2022 9:29:28 AM,543064.8496,4812795.946,Q3,Weekend,FALSE
8856,52337,22190436,7/11/2022 6:00:00 AM,2022,7,11,6,0,Monday,544098.3271,4804967.746,-80.455463,43.3963,Private Drive,2,Non-reportable,Off roadway,SMV,Dawn,Municipal,No control,Unknown,FALSE,FALSE,FALSE,Clear,TRUE,Road 1: BIEHN DR (NEAR 45); Vehicle #1     Make:      Model:      Colour:      Style: ; Vehicle #2     Make: HYUN     Model: ESS     Colour: BLU     Style: 4D,12/22/2022 9:28:19 AM,544098.3271,4804967.746,Q3,Working,FALSE
8857,52338,22190447,7/12/2022 4:30:00 PM,2022,7,12,16,30,Tuesday,544716.2489,4811891.744,-80.447266,43.458607,Private Drive,2,P.D. only,On roadway,SMV,Daylight,Regional,No control,Unknown,FALSE,FALSE,FALSE,Clear,TRUE,Road 1: 420 CARSON DR (IFO 420); Vehicle #1     Make: CHEV     Model: BLT     Colour: GRY     Style: 4D; Vehicle #2     Make:      Model:      Colour:      Style:,12/22/2022 9:28:00 AM,544716.2489,4811891.744,Q3,Working,FALSE
8858,52339,22191478,7/27/2022 12:00:00 AM,2022,7,27,0,0,Wednesday,544337.5846,4804506.593,-80.452546,43.392133,Private Drive,2,Non-reportable,Off roadway,SMV,Dark,Municipal,No control,Unknown,FALSE,FALSE,FALSE,Clear,TRUE,Road 1: 46 BLACK WALNUT DR (IFO); Vehicle #1     Make: INFI     Model: GAW     Colour: RED     Style: 4D; Vehicle #2     Make: PONT     Model: VIB     Colour: RED     Style: 4B,12/22/2022 9:31:16 AM,544337.5846,4804506.593,Q3,Working,FALSE
8859,52340,22191507,7/27/2022 5:00:00 PM,2022,7,27,17,0,Wednesday,541878.4139,4808117.993,-80.482633,43.424792,Non intersection,2,P.D. only,On roadway,Intersection,Daylight,Municipal,No control,Unknown,FALSE,FALSE,FALSE,Clear,TRUE,Road 1: ALPINE RD (IFO 192  MC DONALDS REST); Vehicle #1     Make: MERZ     Model: GK2     Colour: BLK     Style: TY; Vehicle #2     Make: KIA     Model: SOU     Colour: BLU     Style: TY,12/22/2022 9:27:25 AM,541878.4139,4808117.993,Q3,Working,FALSE
8860,52341,22192387,7/8/2022 12:00:00 PM,2022,7,8,12,0,Friday,539030.4912,4811086.811,-80.517603,43.451677,Non intersection,2,Non-reportable,On roadway,Rear end,Daylight,Municipal,No control,Unknown,FALSE,FALSE,FALSE,Clear,TRUE,Road 1: GLASGOW ST; Road 2: BELMONT RD; Vehicle #1     Make: HOND     Model: UCL     Colour: BGE     Style: 4D; Vehicle #2     Make:      Model:      Colour:      Style:,12/22/2022 9:28:19 AM,539030.4912,4811086.811,Q3,Weekend,FALSE
8861,52342,22207644,7/4/2022 9:30:00 AM,2022,7,4,9,30,Monday,539100.9568,4811063.454,-80.516734,43.451463,Non intersection,2,Non-reportable,On roadway,Intersection,Daylight,Municipal,No control,Unknown,FALSE,FALSE,FALSE,Clear,TRUE,Road 1: BELMONT AVE W; Road 2: GLASGOW ST; Vehicle #1     Make: TOYT     Model: MTL     Colour: GRY     Style: 4D; Vehicle #2     Make:      Model:      Colour:      Style:,12/22/2022 9:35:47 AM,539100.9568,4811063.454,Q3,Working,FALSE
8862,52343,22210511,7/25/2022 6:30:00 AM,2022,7,25,6,30,Monday,544047.9777,4802379.198,-80.456293,43.372995,Non intersection,2,P.D. only,On roadway,Intersection,Daylight,Municipal,No control,Unknown,FALSE,FALSE,FALSE,Clear,TRUE,Road 1: STAUFFER DR; Road 2: REIDEL DR; Vehicle #1     Make: LNDR     Model: EVO     Colour: BLK     Style: TY; Vehicle #2     Make: JEEP     Model: CMD     Colour: BLK     Style: TY,12/22/2022 9:28:21 AM,544047.9777,4802379.198,Q3,Working,FALSE
8863,52344,22210545,7/20/2022 5:15:00 PM,2022,7,20,17,15,Wednesday,538879.9727,4809041.014,-80.519609,43.433264,Private Drive,2,Non-reportable,On roadway,Intersection,Daylight,Municipal,No control,Unknown,FALSE,FALSE,FALSE,Clear,TRUE,Road 1: 84 RALGREEN CRESCENT (IFO); Vehicle #1     Make:      Model:      Colour:      Style: ; Vehicle #2     Make: ACUR     Model: TXT     Colour: BLK     Style: 4D,12/22/2022 9:28:46 AM,538879.9727,4809041.014,Q3,Working,FALSE
8864,52345,22210653,7/16/2022 7:00:00 AM,2022,7,16,7,0,Saturday,538974.2718,4806891.857,-80.518597,43.413908,Private Drive,2,P.D. only,On roadway,Other,Daylight,Municipal,No control,Unknown,FALSE,FALSE,FALSE,Clear,TRUE,Road 1: 16 MILFOIL CRESCENT; Vehicle #1     Make: TOYT     Model: VEN     Colour: GRY     Style: TY; Vehicle #2     Make:      Model:      Colour:      Style:,12/22/2022 9:27:59 AM,538974.2718,4806891.857,Q3,Weekend,FALSE
8865,52346,22210913,7/24/2022 6:39:00 PM,2022,7,24,18,39,Sunday,540570.5322,4810273.428,-80.49863,43.444271,Non intersection,2,Non-reportable,Off roadway,SMV,Daylight,Municipal,No control,Unknown,FALSE,FALSE,FALSE,Clear,TRUE,Road 1: DILL ST (IFO 29 (VICTORIA PARKING LOT)); Vehicle #1     Make:      Model:      Colour:      Style: ; Vehicle #2     Make: MAZD     Model: M3I     Colour: SIL     Style: 4D,12/22/2022 9:35:34 AM,540570.5322,4810273.428,Q3,Weekend,FALSE
8866,52347,22210918,7/31/2022 5:41:00 PM,2022,7,31,17,41,Sunday,545849.4438,4809756.299,-80.433439,43.439311,Intersection,2,Non-reportable,On roadway,Rear end,Daylight,Municipal,Signal Control,Functioning,FALSE,FALSE,FALSE,Clear,TRUE,Road 1: OLD CHICOPEE DR STANLEY PARK KITCHENER; Road 2: RIVER RD E; Distance:  N; Vehicle #1     Make: TESL     Model: 3     Colour: BLK     Style: 4D; Vehicle #2     Make:      Model:      Colour:      Style:,12/22/2022 9:30:25 AM,545849.4438,4809756.299,Q3,Weekend,FALSE
8867,52348,22211565,7/19/2022 5:30:00 PM,2022,7,19,17,30,Tuesday,543376.2201,4804611.311,-80.464408,43.393132,Private Drive,2,P.D. only,On roadway,SMV,Daylight,Municipal,No control,Unknown,FALSE,FALSE,FALSE,Clear,TRUE,Road 1: 578 OLD HURON RD (IFO); Vehicle #1     Make: TOYT     Model: AXP     Colour: SIL     Style: 4D; Vehicle #2     Make: HYUN     Model: ESM     Colour: BLK     Style: 4D,12/22/2022 9:29:44 AM,543376.2201,4804611.311,Q3,Working,FALSE
8868,52349,22214475,7/26/2022 8:20:00 PM,2022,7,26,20,20,Tuesday,543908.9813,4805127.022,-80.457788,43.397745,Non intersection,2,Non-reportable,On roadway,Rear end,Daylight,Municipal,No control,Unknown,FALSE,FALSE,FALSE,Clear,TRUE,Road 1: HURON RD; Road 2: TRILLIUM DR; Vehicle #1     Make: TOYT     Model: CBA     Colour: SIL     Style: 4D; Vehicle #2     Make:      Model:      Colour:      Style:,12/22/2022 9:35:57 AM,543908.9813,4805127.022,Q3,Working,FALSE
8869,52350,502665101,4/16/2019 3:45:00 PM,2019,4,16,15,45,Tuesday,542111.3711,4812325.397,-80.47943,43.462662,Intersection,2,P.D. only,On roadway,Intersection,Daylight,Municipal,Sign Control,Functioning,FALSE,FALSE,FALSE,Clear,TRUE,Road 1: SPRING VALLEY RD; Road 2: WELLINGTON ST N; Vehicle #1     Make: FORD     Model: FE     Colour: BLK     Style: 4D; Vehicle #2     Make: TESL     Model: 3     Colour: SIL     Style: 4D,4/9/2021 4:28:45 PM,542111.3711,4812325.397,Q2,Working,FALSE
8870,52351,502862144,5/5/2020 5:00:00 PM,2020,5,5,17,0,Tuesday,541697.0982,4810229.668,-80.484712,43.443816,Private Drive,2,Non-reportable,On roadway,SMV,Daylight,Municipal,No control,Unknown,FALSE,FALSE,FALSE,Clear,TRUE,Road 1: MADISON AVE S (IFO 111); Vehicle #1     Make:      Model:      Colour:      Style: ; Vehicle #2     Make: DODG     Model: CTX     Colour: WHI     Style: 2D,5/13/2021 11:29:38 AM,541697.0982,4810229.668,Q2,Working,FALSE
8871,52352,502867609,6/2/2020 11:15:00 PM,2020,6,2,23,15,Tuesday,545855.8947,4807130.284,-80.43358,43.415666,Intersection,2,Non-reportable,On roadway,Rear end,Dark,Municipal,No control,Functioning,FALSE,TRUE,FALSE,Clear,TRUE,Road 1: WABANAKI DR; Road 2: GOODRICH DR; Vehicle #1     Make:      Model:      Colour:      Style: ; Vehicle #2     Make: DODG     Model: JOU     Colour: RED     Style: TY,5/13/2021 11:34:02 AM,545855.8947,4807130.284,Q2,Working,FALSE
8872,52353,502881531,6/28/2020 5:00:00 PM,2020,6,28,17,0,Sunday,541155.3865,4809442.036,-80.491465,43.436754,Private Drive,2,Non-reportable,On roadway,Other,Daylight,Regional,No control,Unknown,FALSE,FALSE,FALSE,Clear,TRUE,Road 1: HIGHLAND RD E; Road 2: STIRLING AVE S; Vehicle #1     Make: CHEV     Model: EXP     Colour: WHI     Style: FV; Vehicle #2     Make: MAZD     Model: 3TR     Colour: SIL     Style: 4B,5/13/2021 11:40:58 AM,541155.3865,4809442.036,Q2,Weekend,FALSE
8873,52354,502888565,7/27/2020 9:55:00 PM,2020,7,27,21,55,Monday,543288.6849,4804557.252,-80.465493,43.392651,Non intersection,2,P.D. only,On roadway,Intersection,Dark,Regional,No control,Unknown,FALSE,FALSE,FALSE,Clear,TRUE,Road 1: HURON RD; Road 2: STRASBURG RD; Vehicle #1     Make:      Model:      Colour:      Style: ; Vehicle #2     Make: TOYT     Model: K6G     Colour: WHI     Style: 4D,5/13/2021 11:39:35 AM,543288.6849,4804557.252,Q3,Working,FALSE
8874,52355,502892110,8/10/2020 4:10:00 AM,2020,8,10,4,10,Monday,543886.2813,4805121.196,-80.458069,43.397694,Non intersection,2,P.D. only,On roadway,SMV,Dark,Regional,No control,Unknown,FALSE,FALSE,FALSE,Clear,TRUE,Road 1: HURON RD; Road 2: TRILLIUM DR; Vehicle #1     Make: GMC     Model: SIE     Colour: BLK     Style: PK,5/13/2021 11:37:13 AM,543886.2813,4805121.196,Q3,Working,FALSE
8875,52356,502892578,8/10/2020 11:00:00 AM,2020,8,10,11,0,Monday,542230.0317,4804344.377,-80.478581,43.390794,Private Drive,2,Non-reportable,On roadway,SMV,Daylight,Municipal,No control,Unknown,FALSE,FALSE,FALSE,Clear,TRUE,Road 1: 602 BRITTANIA CRESCENT (IN FRONT OF 62 ON ROADWAY); Vehicle #1     Make:      Model:      Colour:      Style: ; Vehicle #2     Make: NISS     Model: TTX     Colour: SIL     Style: CW,5/13/2021 11:33:03 AM,542230.0317,4804344.377,Q3,Working,FALSE
8876,52357,502894327,8/15/2020 9:00:00 PM,2020,8,15,21,0,Saturday,542758.6517,4804031.052,-80.472078,43.387943,Non intersection,2,Non-reportable,On roadway,SMV,Dark,Municipal,No control,Unknown,FALSE,FALSE,FALSE,Clear,TRUE,Road 1: 37 TWEEDSDALE ST; Vehicle #1     Make: NISS     Model: MSV     Colour: BLK     Style: 4D; Vehicle #2     Make: TOYT     Model: AXP     Colour: BLK     Style: 4D,5/13/2021 11:33:05 AM,542758.6517,4804031.052,Q3,Weekend,FALSE
8877,52358,502894686,8/15/2020 9:30:00 PM,2020,8,15,21,30,Saturday,544082.4461,4803917.552,-80.455744,43.386844,Intersection,2,P.D. only,On roadway,Other,Dark,Municipal,Sign Control,Functioning,FALSE,FALSE,FALSE,Clear,TRUE,Road 1: BIEHN DR; Road 2: CARYNDALE DR; Vehicle #1     Make:      Model:      Colour:      Style: ; Vehicle #2     Make: HOND     Model: CRV     Colour: BLK     Style: TY,5/13/2021 11:32:14 AM,544082.4461,4803917.552,Q3,Weekend,FALSE