,OBJECTID,ACCIDENTNUM,ACCIDENTDATE,ACCIDENT_YEAR,ACCIDENT_MONTH,ACCIDENT_DAY,ACCIDENT_HOUR,ACCIDENT_MINUTE,Accident_Day,XCOORD,YCOORD,LONGITUDE,LATITUDE,Accident_Location,COLLISIONTYPE,Accident_Type,Impact_Location,Impact_Type,Light,Road_Jurisdication,Traffic_Control,Traffic_Control_Condition,Pedestrian_Involved,Cyclist_Involved,Motorcyclist_Involved,Environment_Condition,Self_Reported,XMLIMPORTNOTES,LASTEDITEDDATE,x,y,Quarter,Day_Type,Vulnerable_Involved
8878,52359,502896849,8/24/2020 2:00:00 PM,2020,8,24,14,0,Monday,538777.5374,4807809.254,-80.520962,43.422179,Intersection,2,Non-reportable,On roadway,Intersection,Daylight,Municipal,Sign Control,Functioning,FALSE,FALSE,FALSE,Clear,TRUE,Road 1: MCGARRY DR; Road 2: ELM RIDGE DR; Vehicle #1     Make: PONT     Model: VIB     Colour: BLK     Style: 4B; Vehicle #2     Make: NISS     Model: ATS     Colour: BGE     Style: 4D,5/13/2021 11:28:05 AM,538777.5374,4807809.254,Q3,Working,FALSE
8879,52360,502900086,8/21/2020 12:50:00 PM,2020,8,21,12,50,Friday,546065.4075,4814061.011,-80.430407,43.478057,Private Drive,2,Non-reportable,On roadway,Intersection,Daylight,Municipal,No control,Unknown,FALSE,FALSE,FALSE,Clear,TRUE,Road 1: SHIRLEY DR; Road 2: CRESTVIEW PL; Vehicle #1     Make:      Model:      Colour:      Style: ; Vehicle #2     Make: CHEV     Model: EXP     Colour: WHI     Style: FV,5/13/2021 11:26:28 AM,546065.4075,4814061.011,Q3,Weekend,FALSE
8880,52361,502902245,9/10/2020 11:50:00 AM,2020,9,10,11,50,Thursday,547834.1119,4810920.724,-80.408813,43.449671,Private Drive,2,P.D. only,On roadway,Other,Daylight,Municipal,No control,Unknown,FALSE,FALSE,FALSE,Clear,TRUE,Road 1: 245 COLTON CIRCLE (IN FRONT OF 245); Vehicle #1     Make: TOYT     Model: AXP     Colour: GRY     Style: 4D; Vehicle #2     Make: JEEP     Model: WUL     Colour: RED     Style: TY,5/13/2021 11:26:41 AM,547834.1119,4810920.724,Q3,Weekend,FALSE
8881,52362,502903158,9/13/2020 5:45:00 PM,2020,9,13,17,45,Sunday,540699.4512,4809871.261,-80.497067,43.440643,Intersection,2,P.D. only,On roadway,Rear end,Daylight,Regional,Sign Control,Functioning,FALSE,FALSE,FALSE,Clear,TRUE,Road 1: HIGHLAND RD E; Road 2: WINSLOW DR; Vehicle #1     Make: JEEP     Model: WRA     Colour: WHI     Style: TY; Vehicle #2     Make: FORD     Model: COF     Colour: RED     Style: CW,5/13/2021 11:36:17 AM,540699.4512,4809871.261,Q3,Weekend,FALSE
8882,52363,502915728,10/20/2020 4:47:00 PM,2020,10,20,16,47,Tuesday,542508.1775,4811928.574,-80.474556,43.459067,Private Drive,2,P.D. only,On roadway,SMV,Daylight,Municipal,No control,Unknown,FALSE,FALSE,FALSE,Clear,TRUE,Road 1: MANSION ST (IFO 264); Vehicle #1     Make: FORD     Model: SPE     Colour: BLU     Style: TY; Vehicle #2     Make: MNNI     Model: COO     Colour: BLU     Style: 2B,5/13/2021 11:26:25 AM,542508.1775,4811928.574,Q4,Working,FALSE
8883,52364,502922709,11/10/2020 11:20:00 AM,2020,11,10,11,20,Tuesday,541136.7668,4810997.934,-80.491578,43.450764,Non intersection,2,P.D. only,On roadway,Intersection,Daylight,Regional,No control,Unknown,FALSE,FALSE,FALSE,Clear,TRUE,Road 1: KING ST W; Road 2: YOUNG ST; Vehicle #1     Make: BMW     Model: BX5     Colour: WHI     Style: TY; Vehicle #2     Make: TOYT     Model: MTL     Colour: BLK     Style: 4D,5/13/2021 11:53:42 AM,541136.7668,4810997.934,Q4,Working,FALSE
8884,52365,502957571,3/2/2021 10:00:00 AM,2021,3,2,10,0,Tuesday,544615.0063,4809414.908,-80.44872,43.436311,Non intersection,2,Non-reportable,Off roadway,SMV,Daylight,Municipal,No control,Unknown,FALSE,FALSE,FALSE,Clear,TRUE,Road 1: 85 BROADVIEW AVE; Vehicle #1     Make: VOLK     Model: GLF     Colour: BLK     Style: 4B; Vehicle #2     Make: TOYT     Model: SXC     Colour: GRY     Style: 2B,12/20/2021 10:54:46 AM,544615.0063,4809414.908,Q1,Working,FALSE
8885,52366,502963738,3/25/2021 11:00:00 AM,2021,3,25,11,0,Thursday,541183.6201,4810693.121,-80.491022,43.448017,Intersection,2,Non-reportable,On roadway,Other,Daylight,Regional,No control,Functioning,FALSE,FALSE,FALSE,Clear,TRUE,Road 1: QUEEN ST S; Road 2: JOSEPH ST; Vehicle #1     Make: MAZD     Model: M3S     Colour: BLK     Style: 4D; Vehicle #2     Make:      Model:      Colour:      Style:,12/20/2021 10:52:09 AM,541183.6201,4810693.121,Q1,Weekend,FALSE
8886,52367,502968548,2/25/2021 8:40:00 AM,2021,2,25,8,40,Thursday,541764.8235,4803862.118,-80.484361,43.386478,Intersection,2,P.D. only,On roadway,Rear end,Daylight,Regional,No control,Functioning,FALSE,FALSE,FALSE,Clear,TRUE,Road 1: WOODBINE AVE; Road 2: HURON RD; Vehicle #1     Make:      Model:      Colour:      Style: ; Vehicle #2     Make: HOND     Model: UAX     Colour: WHI     Style: 4D,12/20/2021 10:49:38 AM,541764.8235,4803862.119,Q1,Weekend,FALSE
8887,52368,502970823,4/23/2021 9:15:00 AM,2021,4,23,9,15,Friday,537115.7547,4807146.316,-80.541535,43.416294,Private Drive,2,Non-reportable,On roadway,Other,Daylight,Municipal,No control,Unknown,FALSE,FALSE,FALSE,Clear,TRUE,Road 1: HIGHVIEW DR (IFO 4); Road 2: DRIFTWOOD DR; Vehicle #1     Make:      Model:      Colour:      Style: ; Vehicle #2     Make: TOYT     Model: CEN     Colour: WHI     Style: TY,12/20/2021 10:48:01 AM,537115.7547,4807146.316,Q2,Weekend,FALSE
8888,52369,502975622,5/14/2021 4:30:00 PM,2021,5,14,16,30,Friday,540670.2317,4810978.639,-80.497345,43.450616,Non intersection,2,Non-reportable,On roadway,Other,Daylight,Regional,No control,Unknown,FALSE,FALSE,FALSE,Clear,TRUE,Road 1: 55 FRANCIS ST S; Vehicle #1     Make: HYUN     Model: ASE     Colour: BLK     Style: 2B; Vehicle #2     Make:      Model:      Colour:      Style:,2/11/2022 11:15:29 AM,540670.2317,4810978.639,Q2,Weekend,FALSE
8889,52370,502980140,6/2/2021 7:30:00 AM,2021,6,2,7,30,Wednesday,545709.8498,4812591.381,-80.434926,43.464846,Private Drive,2,P.D. only,On roadway,SMV,Daylight,Municipal,No control,Unknown,FALSE,FALSE,FALSE,Clear,TRUE,Road 1: KEEWATIN AVE (IFO 242); Road 2: KEEWATIN PL; Vehicle #1     Make: HYUN     Model: EGM     Colour: BLK     Style: 4D; Vehicle #2     Make: MAZD     Model: 3TR     Colour: BLK     Style: 4D,2/11/2022 11:16:13 AM,545709.8498,4812591.381,Q2,Working,FALSE
8890,52371,502981114,6/5/2021 2:00:00 PM,2021,6,5,14,0,Saturday,541771.5648,4804377.194,-80.484239,43.391115,Private Drive,2,Non-reportable,On roadway,SMV,Daylight,Municipal,No control,Unknown,FALSE,FALSE,FALSE,Clear,TRUE,Road 1: 701 SORRENTO COURT; Vehicle #1     Make:      Model:      Colour:      Style: ; Vehicle #2     Make: HOND     Model: RID     Colour: SIL     Style: PK,2/11/2022 11:10:11 AM,541771.5648,4804377.194,Q2,Weekend,FALSE
8891,52372,502982703,6/11/2021 7:05:00 AM,2021,6,11,7,5,Friday,543416.0778,4806626.654,-80.463756,43.411276,Non intersection,2,Non-reportable,On roadway,Intersection,Daylight,Municipal,No control,Unknown,FALSE,FALSE,FALSE,Clear,TRUE,"Road 1: 71 MARTINGLEN CRESCENT, KITCHENER, ON, (IFO 71 MARTINGLEN CRESCENT); Vehicle #1     Make:      Model:      Colour:      Style: ; Vehicle #2     Make: HYUN     Model: SAN     Colour: BLU     Style: TY",2/11/2022 11:17:15 AM,543416.0778,4806626.654,Q2,Weekend,FALSE
8892,52373,502994217,7/16/2021 5:45:00 PM,2021,7,16,17,45,Friday,539743.2841,4806230.353,-80.509147,43.407912,Private Drive,2,P.D. only,On roadway,Other,Daylight,Municipal,No control,Unknown,FALSE,FALSE,FALSE,Clear,TRUE,Road 1: 32 WISTERIA COURT; Vehicle #1     Make: MAZD     Model: MCX     Colour: BLK     Style: TY; Vehicle #2     Make: FORD     Model: COF     Colour: WHI     Style: PK,2/11/2022 11:15:14 AM,539743.2841,4806230.353,Q3,Weekend,FALSE
8893,52374,503000665,8/6/2021 1:30:00 PM,2021,8,6,13,30,Friday,538745.9056,4808952.209,-80.521272,43.432472,Non intersection,2,P.D. only,On roadway,Other,Daylight,Municipal,No control,Unknown,FALSE,FALSE,FALSE,Clear,TRUE,Road 1: 80 EAGEN DR; Road 2: RALGREEN CRESCENT; Vehicle #1     Make: CHEV     Model: ORL     Colour: GRY     Style: TY; Vehicle #2     Make: FORD     Model: EPR     Colour: RED     Style: TY,2/11/2022 11:08:41 AM,538745.9056,4808952.209,Q3,Weekend,FALSE
8894,52375,503001606,8/9/2021 6:30:00 PM,2021,8,9,18,30,Monday,541696.4069,4811663.494,-80.48461,43.456726,Private Drive,2,P.D. only,On roadway,Other,Daylight,Municipal,No control,Unknown,FALSE,FALSE,FALSE,Clear,TRUE,Road 1: 14 SAINT LEGER ST (IFO); Vehicle #1     Make: CHEV     Model: CZT     Colour: RED     Style: 4D; Vehicle #2     Make:      Model:      Colour:      Style:,2/11/2022 11:08:44 AM,541696.4069,4811663.494,Q3,Working,FALSE
8895,52376,503010031,9/2/2021 11:45:00 AM,2021,9,2,11,45,Thursday,544877.9074,4811446.797,-80.445305,43.454591,Private Drive,2,P.D. only,On roadway,Other,Daylight,Municipal,No control,Unknown,FALSE,FALSE,FALSE,Clear,TRUE,Road 1: 35 BRECKENRIDGE DR (IFO); Vehicle #1     Make:      Model:      Colour:      Style: ; Vehicle #2     Make: TOYT     Model: CSE     Colour: WHI     Style: 4D,4/22/2022 2:26:32 PM,544877.9074,4811446.797,Q3,Weekend,FALSE
8896,52377,503010253,9/2/2021 5:48:00 PM,2021,9,2,17,48,Thursday,539742.8798,4805569.842,-80.5092,43.401964,Private Drive,2,P.D. only,On roadway,Other,Daylight,Municipal,No control,Unknown,FALSE,FALSE,FALSE,Clear,TRUE,Road 1: 106 DONNENWERTH DR (IFO); Vehicle #1     Make: GMC     Model: SIE     Colour: GRY     Style: PK; Vehicle #2     Make: HYUN     Model: EGM     Colour: BLU     Style: 4D,4/22/2022 2:26:38 PM,539742.8798,4805569.842,Q3,Weekend,FALSE
8897,52378,503016535,9/20/2021 2:30:00 AM,2021,9,20,2,30,Monday,541473.5033,4806995.84,-80.48772,43.41471,Non intersection,2,P.D. only,On roadway,Intersection,Dark,Municipal,No control,Unknown,FALSE,FALSE,FALSE,Clear,TRUE,Road 1: BLACKHORNE DR; Vehicle #1     Make: HYUN     Model: EGM     Colour: WHI     Style: 4D; Vehicle #2     Make:      Model:      Colour:      Style:,4/22/2022 2:24:43 PM,541473.5033,4806995.84,Q3,Working,FALSE
8898,52379,503019691,9/26/2021 10:45:00 AM,2021,9,26,10,45,Sunday,538754.5477,4808376.257,-80.521206,43.427285,Private Drive,2,P.D. only,Off roadway,Other,Daylight,Municipal,No control,Unknown,FALSE,FALSE,FALSE,Clear,TRUE,Road 1: 69 LARKSPUR CRESCENT (IFO); Vehicle #1     Make: HOND     Model: CCL     Colour: GRY     Style: 4D; Vehicle #2     Make:      Model:      Colour:      Style:,4/22/2022 2:26:43 PM,538754.5477,4808376.257,Q3,Weekend,FALSE
8899,52380,50302655,8/12/2021 5:00:00 AM,2021,8,12,5,0,Thursday,545486.9091,4808963.443,-80.437985,43.432194,Non intersection,2,Non-reportable,On roadway,Intersection,Dark,Regional,No control,Unknown,FALSE,FALSE,FALSE,Rain,TRUE,Road 1: KINZIE AVE; Road 2: WEBER ST E; Vehicle #1     Make: KIA     Model: SPO     Colour: SIL     Style: TY; Vehicle #2     Make:      Model:      Colour:      Style:,2/11/2022 11:08:47 AM,545486.9091,4808963.443,Q3,Weekend,FALSE
8900,52381,503028520,10/18/2021 3:40:00 PM,2021,10,18,15,40,Monday,541951.1217,4808056.304,-80.481739,43.424232,Intersection,2,Non-reportable,On roadway,Rear end,Daylight,Regional,No control,Functioning,FALSE,FALSE,FALSE,Clear,TRUE,Road 1: FLINT DR; Road 2: ALPINE RD; Vehicle #1     Make: HYUN     Model: SAN     Colour: WHI     Style: TY; Vehicle #2     Make:      Model:      Colour:      Style:,4/22/2022 2:25:43 PM,541951.1217,4808056.304,Q4,Working,FALSE
8901,52382,503056778,11/11/2021 7:34:00 AM,2021,11,11,7,34,Thursday,542190.9755,4810239.035,-80.478608,43.443872,Non intersection,2,Non-reportable,On roadway,Rear end,Daylight,Municipal,No control,Unknown,FALSE,FALSE,FALSE,Clear,TRUE,Road 1: CHARLES; Road 2: STIRLING; Vehicle #1     Make:      Model:      Colour:      Style: ; Vehicle #2     Make: TOYT     Model: CH4     Colour: WHI     Style: 4D,1/3/2023 10:13:51 AM,542190.9755,4810239.035,Q4,Weekend,FALSE
8902,52383,503098443,12/26/2021 6:45:00 PM,2021,12,26,18,45,Sunday,541452.9945,4809154.066,-80.48781,43.434144,Private Drive,2,P.D. only,On roadway,Intersection,Dark,Municipal,No control,Unknown,FALSE,FALSE,FALSE,Clear,TRUE,Road 1: 73 HEIMAN ST (IFO); Vehicle #1     Make:      Model:      Colour:      Style: ; Vehicle #2     Make: AUDI     Model: RSS     Colour: GRY     Style: 4D,4/22/2022 2:26:48 PM,541452.9945,4809154.066,Q4,Weekend,FALSE
8903,52384,503098587,12/27/2021 12:10:00 PM,2021,12,27,12,10,Monday,541937.4944,4816314.663,-80.481272,43.498591,Intersection,2,P.D. only,On roadway,Intersection,Daylight,Municipal,No control,Functioning,FALSE,FALSE,FALSE,Snow,TRUE,Road 1: WOOLWICH ST; Road 2: FALCONRIDGE DR; Vehicle #1     Make: TOYT     Model: RV4     Colour: BLK     Style: TY; Vehicle #2     Make: MAZD     Model: CX5     Colour: GRY     Style: TY,4/22/2022 2:26:20 PM,541937.4944,4816314.663,Q4,Working,FALSE
8904,52385,503098756,12/27/2021 2:00:00 PM,2021,12,27,14,0,Monday,541860.303,4808568.047,-80.482822,43.428845,Private Drive,2,Non-reportable,On roadway,SMV,Daylight,Municipal,No control,Unknown,FALSE,FALSE,FALSE,Snow,TRUE,Road 1: 209 KEHL ST; Vehicle #1     Make:      Model:      Colour:      Style: ; Vehicle #2     Make: HYUN     Model: ETG     Colour: WHI     Style: 4B,4/22/2022 2:26:50 PM,541860.303,4808568.047,Q4,Working,FALSE
8905,52386,503100572,1/3/2022 9:00:00 AM,2022,1,3,9,0,Monday,536909.1178,4809435.014,-80.543933,43.436912,Non intersection,2,Non-reportable,On roadway,SMV,Daylight,Regional,No control,Unknown,FALSE,FALSE,FALSE,Clear,TRUE,Road 1: 218 LYNNVALLEY COURT; Vehicle #1     Make:      Model:      Colour:      Style: ; Vehicle #2     Make: GMC     Model: SIE     Colour: WHI     Style: PK,4/22/2022 2:25:14 PM,536909.1178,4809435.014,Q1,Working,FALSE
8906,52387,503100883,1/3/2022 8:00:00 AM,2022,1,3,8,0,Monday,541555.4598,4812832.868,-80.486263,43.467263,Private Drive,2,P.D. only,On roadway,SMV,Daylight,Municipal,No control,Unknown,FALSE,FALSE,FALSE,Snow,TRUE,Road 1: 17 OXFORD ST; Vehicle #1     Make: CHEV     Model: GM4     Colour: BLU     Style: PK; Vehicle #2     Make: CADI     Model: FLB     Colour: WHI     Style: 4D,4/22/2022 2:26:57 PM,541555.4598,4812832.868,Q1,Working,FALSE
8907,52388,503101482,1/4/2022 8:30:00 PM,2022,1,4,20,30,Tuesday,541064.0008,4806209.922,-80.492837,43.407656,Private Drive,2,P.D. only,On roadway,SMV,Dark,Municipal,No control,Unknown,FALSE,FALSE,FALSE,Clear,TRUE,Road 1: 332 RITTENHOUSE RD; Vehicle #1     Make:      Model:      Colour:      Style: ; Vehicle #2     Make: HYUN     Model: ESM     Colour: SIL     Style: 4D,4/22/2022 2:26:57 PM,541064.0008,4806209.922,Q1,Working,FALSE
8908,52389,503101977,1/6/2022 1:00:00 PM,2022,1,6,13,0,Thursday,546304.0001,4804383.452,-80.428278,43.390906,Private Drive,2,Non-reportable,On roadway,SMV,Daylight,Municipal,No control,Unknown,FALSE,FALSE,FALSE,Clear,TRUE,Road 1: 200 OLD CARRIAGE DR; Vehicle #1     Make:      Model:      Colour:      Style: ; Vehicle #2     Make: HYUN     Model: ESM     Colour: BLK     Style: 4D,4/22/2022 2:26:58 PM,546304.0001,4804383.452,Q1,Weekend,FALSE
8909,52390,503121832,2/11/2022 7:10:00 PM,2022,2,11,19,10,Friday,544390.928,4802934.782,-80.452015,43.377977,Non intersection,2,Non-reportable,On roadway,Intersection,Dark,Municipal,No control,Unknown,FALSE,FALSE,FALSE,Rain,TRUE,Road 1: ROBERT FERRIE DR; Road 2: CARYNDALE DR; Vehicle #1     Make: RAM     Model: RTR     Colour: GRY     Style: PK; Vehicle #2     Make: MAZD     Model: M3I     Colour: GRY     Style: 4B,4/22/2022 2:25:20 PM,544390.928,4802934.782,Q1,Weekend,FALSE
8910,52391,503124753,2/17/2022 11:00:00 AM,2022,2,17,11,0,Thursday,540474.9845,4811733.887,-80.499702,43.457427,Private Drive,2,P.D. only,On roadway,SMV,Daylight,Municipal,No control,Unknown,FALSE,FALSE,FALSE,Rain,TRUE,Road 1: 123 SHANLEY ST; Vehicle #1     Make:      Model:      Colour:      Style: ; Vehicle #2     Make: TOYT     Model: RV4     Colour: RED     Style: TY,12/22/2022 9:34:08 AM,540474.9845,4811733.887,Q1,Weekend,FALSE
8911,52392,503124952,2/17/2022 3:30:00 PM,2022,2,17,15,30,Thursday,541868.8877,4807887.303,-80.482768,43.422715,Intersection,2,Non-reportable,On roadway,Intersection,Daylight,Municipal,No control,Unknown,FALSE,FALSE,FALSE,Rain,TRUE,Road 1: KINGSWOOD DR; Road 2: ROBERTS CRESCENT; Vehicle #1     Make: HYUN     Model: ESM     Colour: WHI     Style: 4D; Vehicle #2     Make: KIA     Model: FLG     Colour: BLU     Style: 4D,12/22/2022 9:34:40 AM,541868.8877,4807887.303,Q1,Weekend,FALSE
8912,52393,503125116,2/17/2022 5:10:00 PM,2022,2,17,17,10,Thursday,544807.2527,4805157.16,-80.446694,43.397963,Intersection,2,P.D. only,On roadway,Rear end,Daylight,Other,Sign Control,Functioning,FALSE,FALSE,FALSE,Snow,TRUE,Road 1: MILLWOOD CRESCENT; Road 2: DOON VILLAGE RD; Vehicle #1     Make: MERZ     Model: C5M     Colour: GRY     Style: 4D; Vehicle #2     Make:      Model:      Colour:      Style:,12/22/2022 9:34:15 AM,544807.2527,4805157.16,Q1,Weekend,FALSE
8913,52394,503125456,2/17/2022 3:40:00 PM,2022,2,17,15,40,Thursday,545078.8632,4812028.607,-80.442773,43.459817,Non intersection,2,Non-reportable,On roadway,Rear end,Daylight,Municipal,No control,Unknown,FALSE,FALSE,FALSE,Snow,TRUE,Road 1: LORRAINE AVE; Road 2: MONTCALM DR; Vehicle #1     Make: VOLK     Model: JSA     Colour: WHI     Style: 4D; Vehicle #2     Make:      Model:      Colour:      Style:,12/22/2022 9:34:41 AM,545078.8632,4812028.607,Q1,Weekend,FALSE
8914,52395,503125659,2/18/2022 2:15:00 PM,2022,2,18,14,15,Friday,544068.4217,4808511.39,-80.455547,43.428208,Intersection,2,P.D. only,On roadway,SMV,Daylight,Municipal,No control,Unknown,FALSE,FALSE,FALSE,Snow,TRUE,Road 1: CLARK AVE; Road 2: WILSON AVE; Vehicle #1     Make: TOYT     Model: XLL     Colour: GRY     Style: 4D; Vehicle #2     Make:      Model:      Colour:      Style:,12/22/2022 9:34:31 AM,544068.4217,4808511.39,Q1,Weekend,FALSE
8915,52396,503126689,2/19/2022 3:00:00 PM,2022,2,19,15,0,Saturday,545276.6956,4806437.952,-80.440791,43.409467,Intersection,2,P.D. only,On roadway,SMV,Daylight,Municipal,Sign Control,Unknown,FALSE,FALSE,FALSE,Rain,TRUE,Road 1: WABANAKI DRIVE; Road 2: WILLSON AVE; Vehicle #1     Make:      Model:      Colour:      Style: ; Vehicle #2     Make: TOYT     Model: CTR     Colour: RED     Style: 4B,12/22/2022 9:34:20 AM,545276.6956,4806437.952,Q1,Weekend,FALSE
8916,52397,503126810,2/17/2022 5:00:00 PM,2022,2,17,17,0,Thursday,543936.3298,4809147.346,-80.457127,43.433942,Other,2,Non-reportable,On roadway,Other,Daylight,Municipal,No control,Unknown,FALSE,FALSE,FALSE,Rain,TRUE,Road 1: ECKERT ST; Road 2: FIRST AVE; Vehicle #1     Make: KIA     Model: SPO     Colour: BLU     Style: TY; Vehicle #2     Make:      Model:      Colour:      Style:,12/22/2022 9:34:46 AM,543936.3298,4809147.346,Q1,Weekend,FALSE
8917,52398,503127393,2/19/2022 7:00:00 PM,2022,2,19,19,0,Saturday,542800.2032,4806612.037,-80.471363,43.41118,Non intersection,2,Non-reportable,Off roadway,SMV,Dark,Municipal,No control,Unknown,FALSE,FALSE,FALSE,Snow,TRUE,Road 1: 60 CENTURY HILL DR; Vehicle #1     Make:      Model:      Colour:      Style: ; Vehicle #2     Make: CHEV     Model: MLT     Colour: BLK     Style: 4D,12/22/2022 9:34:57 AM,542800.2032,4806612.037,Q1,Weekend,FALSE
8918,52399,503128909,2/24/2022 2:00:00 PM,2022,2,24,14,0,Thursday,543202.0939,4804496.257,-80.466567,43.392106,Intersection,2,P.D. only,On roadway,Rear end,Daylight,Regional,Sign Control,Functioning,FALSE,FALSE,FALSE,Clear,TRUE,Road 1: 1830 STRASBURG RD; Road 2: HURON RD; Vehicle #1     Make: FORD     Model: TST     Colour: WHI     Style: FV; Vehicle #2     Make: CHEV     Model: SIL     Colour: BLK     Style: PK,12/22/2022 9:34:32 AM,543202.0939,4804496.257,Q1,Weekend,FALSE
8919,52400,503130031,2/26/2022 1:40:00 PM,2022,2,26,13,40,Saturday,540217.5079,4805819.012,-80.50332,43.404183,Intersection,2,Non-reportable,On roadway,Rear end,Daylight,Municipal,No control,Functioning,FALSE,FALSE,FALSE,Clear,TRUE,Road 1: MAX BECKER DR; Road 2: COMMONWEALTH DR; Vehicle #1     Make: TOYT     Model: AXP     Colour: WHI     Style: 4D; Vehicle #2     Make:      Model:      Colour:      Style:,1/3/2023 10:18:41 AM,540217.5079,4805819.012,Q1,Weekend,FALSE
8920,52401,503130664,2/28/2022 12:54:00 PM,2022,2,28,12,54,Monday,543239.9758,4811970.39,-80.465507,43.459401,Non intersection,2,Non-reportable,On roadway,Rear end,Daylight,Municipal,No control,Unknown,FALSE,FALSE,FALSE,Clear,TRUE,Road 1: 11 ETON DR (IFO); Vehicle #1     Make: FORD     Model: SPE     Colour: WHI     Style: TY; Vehicle #2     Make: JEEP     Model: CHK     Colour: BLU     Style: TY,1/3/2023 10:10:14 AM,543239.9758,4811970.39,Q1,Working,FALSE
8921,52402,503136187,3/9/2022 4:45:00 PM,2022,3,9,16,45,Wednesday,543790.2394,4809473.868,-80.458906,43.436891,Intersection,2,P.D. only,On roadway,Rear end,Daylight,Municipal,No control,Functioning,FALSE,FALSE,FALSE,Clear,TRUE,Road 1: DIXON ST; Road 2: MONTGOMERY RD; Vehicle #1     Make: MAZD     Model: DMG     Colour: WHI     Style: 4W; Vehicle #2     Make: HOND     Model: CCL     Colour: RED     Style: 4D,12/22/2022 9:33:49 AM,543790.2394,4809473.868,Q1,Working,FALSE
8922,52403,503138101,3/11/2022 9:00:00 PM,2022,3,11,21,0,Friday,537606.2591,4808328.626,-80.535395,43.426915,Private Drive,2,P.D. only,Off roadway,SMV,Dark,Municipal,No control,Unknown,FALSE,FALSE,FALSE,Clear,TRUE,Road 1: MONTEAGLE CRESCENT; Road 2: IN FRONT OF 130; Vehicle #1     Make:      Model:      Colour:      Style: ; Vehicle #2     Make: MERZ     Model: B20     Colour: BLK     Style: 4W,12/22/2022 9:33:15 AM,537606.2591,4808328.626,Q1,Weekend,FALSE
8923,52404,503148584,4/7/2022 7:30:00 AM,2022,4,7,7,30,Thursday,539613.0985,4809625.028,-80.510508,43.438484,Non intersection,2,P.D. only,On roadway,Other,Daylight,Regional,No control,Unknown,FALSE,FALSE,FALSE,Clear,TRUE,Road 1: LAWRENCE AVE; Road 2: HIGHLAND RD W; Vehicle #1     Make: DODG     Model: CAR     Colour: BLK     Style: VN; Vehicle #2     Make: FORD     Model: FSE     Colour: RED     Style: 4D,1/3/2023 10:13:00 AM,539613.0985,4809625.028,Q2,Weekend,FALSE
8924,52405,503153018,4/17/2022 3:00:00 PM,2022,4,17,15,0,Sunday,539408.6994,4809879.327,-80.513016,43.440785,Intersection,2,Non-reportable,On roadway,Intersection,Daylight,Municipal,No control,Unknown,FALSE,FALSE,FALSE,Clear,TRUE,Road 1: LAWRENCE AVE; Road 2: PAULANDER DR; Vehicle #1     Make:      Model:      Colour:      Style: ; Vehicle #2     Make: RAM     Model: RTR     Colour: BLU     Style: PK,1/3/2023 10:17:20 AM,539408.6994,4809879.327,Q2,Weekend,FALSE
8925,52406,503153047,4/17/2022 6:00:00 PM,2022,4,17,18,0,Sunday,537870.308,4809733.445,-80.532036,43.439551,Non intersection,2,Non-reportable,Off roadway,SMV,Daylight,Municipal,No control,Unknown,FALSE,FALSE,FALSE,Clear,TRUE,Road 1: 68 INGLESIDE DR; Vehicle #1     Make:      Model:      Colour:      Style: ; Vehicle #2     Make: RAM     Model: RTR     Colour: BLU     Style: PK,1/3/2023 10:14:48 AM,537870.308,4809733.446,Q2,Weekend,FALSE
8926,52407,503167951,5/21/2022 12:15:00 AM,2022,5,21,0,15,Saturday,544491.013,4811766.07,-80.450061,43.457488,Intersection,2,Non-reportable,On roadway,Intersection,Dark,Regional,Sign Control,Functioning,FALSE,FALSE,FALSE,Rain,TRUE,Road 1: HALLIWELL DR; Road 2: RIVER RD E; Vehicle #1     Make: HOND     Model: CRV     Colour: GRY     Style: TY; Vehicle #2     Make:      Model:      Colour:      Style:,12/22/2022 9:33:24 AM,544491.013,4811766.07,Q2,Weekend,FALSE
8927,52408,99-151109,11/8/2015 6:40:00 PM,2015,11,8,18,40,Sunday,543306.5402,4812181.759,-80.464668,43.461301,Non intersection,1,Non-fatal injury,On roadway,SMV,Daylight,Municipal,No control,Unknown,TRUE,FALSE,FALSE,Clear,FALSE,LOIS ST; FREDERICK ST; 30 M,1/30/2020 11:41:24 AM,543306.5402,4812181.759,Q4,Weekend,FALSE